ad_id,period,budget_real,target_CPA_real,conversion_real,conversion_model,CPA_real,CPA_model,spend_real,spend_model,total_win_real,total_win_model,win_rate_real,win_rate_model,budget_used_real,budget_used_model,CPA_violation_real,CPA_violation_model
40094971,20260207,12.32876712328767,1.53,5.453421629999999,2.516413189996554,1.5977326880555174,4.8993392549705135,8.71311,12.328766822814943,1266,18,0.00809462915601023,1.0,0.7067300333333334,0.9999999226464208,0.0442697307552401,2.2021825794677725
46573939,20260207,432.71963,80.19,3.0510733199999986,0.249106203679557,28.255768039032258,1737.081981645144,86.21042,432.7196350097655,78283,509,0.016314056475982077,0.694406548431105,0.19922927924485423,0.9999999999999998,-0.647639755093749,20.6620766773814
49311445,20260207,431.8523599999999,1.8,279.38898144000007,75.71071691254132,1.1955223798678374,5.7039791440875485,334.01577999999995,431.8523559570313,25292,128,0.001249592395332062,1.0,0.7734490092864145,1.0,-0.3358209000734237,2.168877386217443
49847522,20260207,937.1593,1.84,756.1369726700001,204.13924810219464,1.1993375443575636,4.590784505573736,906.86346,937.1593017578124,43366,148,0.005254064794397732,1.0,0.9676726891575423,1.0,-0.34818611719697634,1.494991533855657
51225207,20260207,105.26315789473684,2.7,4.752202259999999,7.819110052936049,3.2378546110114437,13.462292579415468,15.38694,105.26316070556643,73031,73,0.024762986572629864,1.0,0.14617593,1.0000000000000002,0.1992054114857198,3.986034200615863
51225953,20260207,54.45402,1.07,16.520339259999997,21.07128292251163,0.5183937124545469,2.5842763855353468,8.56404,54.45402145385742,1187,19,0.0007935552881401257,1.0,0.1572710334333443,1.0,-0.5155198949022927,1.415211456871462
51711872,20260207,117.17214,1.34,105.96849434999996,34.29401569215964,0.566520930284408,3.4166934448246424,60.033370000000005,117.1721420288087,45749,175,0.02908206725573708,1.0,0.5123519123231854,1.0000000000000009,-0.5772231863549194,1.549771163967797
51867779,20260207,240.31079,6.1,60.62360383999997,19.23067893312704,3.105365865362584,12.49621915872367,188.25847,240.31079101562491,9295,51,0.005096781268849043,1.0,0.7833958267125666,0.9999999999999998,-0.4909236286290845,1.0485605498507589
52697878,20260207,256.73525,1.7,146.14289968,41.94854421577891,1.186323867800787,6.120242279896631,173.37281000000002,256.7352600097656,17489,150,0.025940373776327498,1.0,0.6752980356222996,1.0,-0.30216243070541937,2.6001424166049785
53375682,20260207,125.0,2.2,2.064560029999999,2.577951443993145,0.611452310253241,48.48809383247579,1.26238,124.99999999999994,5055,99,0.0009694122159363314,1.0,0.01009904,0.9999999999999996,-0.7220671317030724,21.04004217342031
53854143,20260207,571.02984,1.09,366.8150784600001,233.0393020479121,0.7371172721011375,2.450358539194585,270.38573,571.0298461914061,23132,155,0.012759666832147389,1.0,0.47350543011902846,0.9999999999999998,-0.32374562192556194,1.2480352882186352
54547571,20260207,31.747280000000007,6.5,5.582730409999998,1.2720192653125664,2.2236090744707844,24.95815592454302,12.413809999999998,31.747280120849613,1179,3,0.0020264695771742866,1.0,0.3910196401077508,0.9999999399208844,-0.6579062962352639,2.839716296083542
55113470,20260207,420.4162162162162,3.33,34.42696216,28.922155847825877,2.352422488618438,14.536129911059858,80.98676,420.4162292480464,17313,511,0.001576675439634996,1.0,0.1926347197757692,0.9999999999999988,-0.2935668202347033,3.365204277507061
55199224,20260207,78.07889,6.5,6.828174149999999,2.695960573808504,6.8187481715005775,28.961424635275268,46.5596,78.0788879394531,41439,57,0.009419024889191954,1.0,0.5963148297830566,0.9999999999999996,0.04903818023085808,3.455603790042349
55273179,20260207,148.7603305785124,4.1,10.458111869999998,13.811023024737528,2.030104502984247,10.771129637725933,21.23106,148.76033020019526,12559,261,0.003642507033266626,0.9951923076923076,0.14271990333333334,0.9999999999999996,-0.5048525602477446,1.6271048507966277
55954706,20260207,1000.0,33.01,0.7130576899999979,0.4854220385,6.659937991833472,11.985978288090667,4.74892,5.81827,4075,8,0.21335078534031413,0.0442857142857142,0.00474892,0.00581827,-0.7982448351459112,-0.6368985489989579
56069198,20260207,355.11819,6.0,32.74950241,21.263231778545965,2.545594707251004,16.701044393324,83.36695999999999,355.1181945800782,6120,59,0.0018228933964793137,1.0,0.23475834904429982,1.0000000000000002,-0.575734215458166,1.7835073988873331
56094571,20260207,305.08474576271186,6.1,0.9921379099999985,24.19666505551386,2.440678836675038,12.608544772842029,2.42149,305.08474731445347,1618,290,0.007816425120772947,0.79836400253127,0.007937106111111111,1.000000000000001,-0.5998887152991741,1.066974585240014
56864799,20260207,6.76347,5.22,1.48259931,0.5740822070572282,3.4828560658105254,11.781341258093718,5.163679999999999,6.763470172882082,3353,16,0.011482876712328767,1.0,0.7634660906309926,0.9999998589963206,-0.33278619428917133,1.2569620175523362
57374168,20260207,122.44897959183672,13.0,0.7889959199999992,0.9084284732833996,2.6231187608676128,134.7919523088498,2.06963,122.44898223876952,1041,7,0.003721844833750447,0.1177777777777778,0.016901978333333335,1.0,-0.7982216337794145,9.36861171606537
57521810,20260207,626.15678,4.5,311.66268919000015,10.275219343527084,2.0498868557555228,60.93852767944354,638.8732500000002,626.1567993164065,840623,689,0.04613256575878476,0.9890791896869244,1.0203087635655725,1.0000000000000004,-0.5444695876098838,12.541895039876342
57579039,20260207,69.34497,5.0,24.49807011,6.831703774397097,2.8512694953667923,10.150463609464849,69.8506,69.344970703125,3000,1,0.006489292667099286,1.0,1.0072915166017087,1.0,-0.42974610092664156,1.0300927218929696
57654377,20260207,2386.38826,430.5,4.378679559999998,3.2437750571,505.21757751097016,653.0591717524028,2212.18588,2118.377705200001,339592,897,0.0321610743339868,0.0098052655318815,0.9270016606601977,0.8876920024008239,0.17355999421828144,0.5169783315967544
57699816,20260207,73.77049180327869,11.1,1.9700780999999987,2.2197384485282337,5.268613462583035,33.233852109365095,10.37958,73.77049255371095,5093,39,0.030082693443591258,0.9857142857142858,0.14070097333333334,1.0000000000000002,-0.5253501385060328,1.9940406276783096
57813819,20260207,1.3888888888888888,2.63,0.7436829199999995,0.0335035285715135,0.3781853696465157,41.45376446477902,0.28125,1.3888888359069824,25133,3,0.04126251846987358,0.75,0.2025,0.9999993133549376,-0.8562032815032259,14.7618869433362
57950075,20260207,3.5460992907801416,3.69,1.4694264899999996,0.3690198600820211,0.6567936583203969,9.609481656824016,0.9651099999999999,3.5460991859436035,1541,6,0.011215429403202328,1.0,0.27216102,0.9999997310639072,-0.8220071386665592,1.6041955305720197
57950895,20260207,56.60377358490566,2.13,18.751780509999996,5.071341158375311,0.7874580225661997,11.161497934217088,14.76624,56.603775024414055,9230,35,0.013494152046783626,1.0,0.26087024,1.0,-0.6303013978562443,4.2401395936763855
57951243,20260207,373.1092299999999,2.23,167.37513349,68.34166978427912,1.463428496770306,5.45946884426971,244.94154,373.1092224121093,46360,158,0.02010058966354492,1.0,0.6564874849115903,1.0,-0.34375403732273274,1.44819228590769
58134130,20260207,8.695652173913043,2.0,4.70832877,1.7868313181469482,1.4064332215271367,4.8665182064059325,6.62195,8.69565200805664,305049,5,0.07139323160456844,1.0,0.76152425,0.9999998903274636,-0.29678338923643166,1.4332591032029662
58283047,20260207,420.4162162162162,3.33,11.93555118,37.4065672886955,2.88911081524096,11.239101807024069,34.48313,420.4162292480468,5696,309,0.004605805773429288,0.7999637314302593,0.0820214079997943,0.9999999999999998,-0.13239915458229426,2.375105725082342
58417305,20260207,1.0332357499569484,52.0,0.00749337,0.0214456458,0.0,37.38952969512837,0.0,0.80188,37048,2,0.0031913720625732205,1.894973485882577e-05,0.0,0.7760854481738391,-1.0,-0.2809705827859929
58419221,20260207,46.08294930875576,52.0,0.949742499999999,0.63488538333115,16.274147992745416,72.58456284768772,15.456249999999997,46.082950592041016,1948710,42,0.047577437760475794,0.84,0.33540062499999995,1.0,-0.6870356155241267,0.3958569778401485
58432699,20260207,116.6156,35.0,8.019357389999996,0.7510392475889287,12.629938419542125,155.2721055367001,101.28399,116.61560058593751,35909,27,0.06658446133877248,1.0,0.8685286531133056,1.0000000000000002,-0.6391446165845107,3.436345872477146
58435300,20260207,48.31349,57.2,1.7800080499999984,0.0780389775342602,25.441873703885797,619.0864393839561,45.286739999999995,48.31349182128909,920418,59,0.08910576504187037,0.9833333333333332,0.9373518659074307,1.0000000000000004,-0.5552119981838147,9.823189355358704
58492787,20260207,23.529411764705884,2.9,9.26852865,2.531848109529413,1.434778971093756,9.293370298947751,13.29829,23.52941131591797,1815,15,0.003260869565217391,1.0,0.565177325,0.999999918937688,-0.5052486306573255,2.204610342528378
58588021,20260207,11.049723756906078,1.2,0.6890549199999997,2.8584424740013445,0.47925062344812824,3.865643566397111,0.33022999999999997,11.049723625183104,1261,6,0.04945098039215686,0.875,0.029885814999999996,0.9999999136924808,-0.6006244804598931,2.221369510658536
58803527,20260207,159.76764999999995,7.1,11.840051959999998,10.601345714394498,3.329771704819444,15.070505542660255,39.42467,159.76765441894534,1901,29,0.005489460005775339,1.0,0.2467625329658414,1.0000000000000002,-0.5310180697437402,1.12260644297011
58804408,20260207,32.35294117647059,13.15,1.0830477099999998,0.6864486442033793,3.7412940931291017,47.130827263022745,4.052,32.35293960571289,1005,26,0.003298326222513948,0.8803571428571427,0.12524363636363636,1.0,-0.7154909434882814,2.584093431957862
58963446,20260207,1893.68373,9.9,161.07246772000005,59.9127951564476,9.923410081346454,31.60733327944536,1598.3881499999998,1893.6837158203125,695806,471,0.06913262061839281,1.0,0.8440628837213486,1.0,0.0023646546814599274,2.192660050237224
59168672,20260207,114.30078,2.51,41.728572589999985,9.126506862372816,1.6602583242112292,12.524043475735612,69.28021000000001,114.30078125000004,9493,74,0.005189700415482178,1.0,0.606121935475856,1.0000000000000002,-0.33854250031425126,3.9896587742313576
59180301,20260207,127.4666,11.1,19.235940279999994,3.505726191197405,6.929982005537815,36.3595315775855,133.30472,127.4665985107422,3447,30,0.0012346872985170858,1.0,1.0458011745822042,1.0,-0.375677296798395,2.275633362885634
59183637,20260207,42.81511,27.0,3.814563589999999,0.1826618779647016,12.195476337569723,234.39414581655404,46.52042,42.81510925292969,6777,10,0.01574581784386617,0.9090909090909092,1.0865421109510172,1.0,-0.5483156912011213,7.681264659872372
59191554,20260207,38.46153846153846,2.13,19.65786732,3.90452868446232,1.1910707107163443,9.850492461415207,23.41391,38.46154022216798,5187,24,0.007145612343297975,1.0,0.6087616600000001,1.0000000000000004,-0.44081187290312474,3.624644099608776
59250609,20260207,59.70149253731344,6.1,4.1823460699999995,1.7653605314293137,3.2753626244037726,33.818280984764286,13.698700000000002,59.70149230957031,21619,20,0.01802334305960817,1.0,0.229453225,1.0,-0.46305530747479134,4.543980575980242
59262247,20260207,107.01659,1.61,75.86964482,8.777080369871051,0.6698374576626889,12.192730338705196,50.82033,107.01658630371092,987523,60,0.02368569633126103,1.0,0.47488272612685567,1.0,-0.5839518896505038,6.573124366689927
59265523,20260207,41.27358490566038,3.61,2.889063029999999,4.220334624059472,4.352888763385685,9.779692884589346,12.575769999999999,41.27358627319336,25608,13,0.003269913425441173,1.0,0.3046929417142857,1.0,0.20578636104866635,1.709056279440626
59289693,20260207,12.224938875305623,8.5,0.5073364399999993,0.0,9.40238000645096,0.0,4.77017,0.0,3439,0,0.011097128105840594,0.0,0.39019990600000004,0.0,0.10616235370011291,-1.0
59335998,20260207,1000.0,22.43,3.7110197099999986,9.343376446129236,12.892259739574387,107.02767877736544,47.84343,1000.0000000000008,26442,263,0.005514034282854402,1.0,0.04784343,1.0000000000000009,-0.42522248151696895,3.77163073210786
59469459,20260207,28.457570000000004,1.45,9.77569584,1.5725093866344793,1.0808499131863334,18.096903756050832,10.56606,28.45756912231445,28262,42,0.010530983343890897,1.0,0.37129171605305716,0.999999932975705,-0.2545862667680459,11.480622869605764
59764696,20260207,91.22524,4.15,9.140238239999999,16.91838650465488,1.7727765485465075,5.392076673361844,16.2036,91.22524261474608,219836,60,0.026650018184022305,1.0,0.17762189499309622,1.0,-0.5728249280610826,0.299295554084666
59789974,20260207,7.079646017699115,270.0,0.048692969999999405,0.0,121.2910200384177,0.0,5.90602,0.0,1389,0,0.0012187417741510924,0.0,0.8342253249999999,0.0,-0.5507739998577122,-1.0
59790006,20260207,10.658120000000002,1.49,13.266189650000001,0.478480281293386,0.7818567556811612,22.274894697080807,10.37226,10.658120155334473,2973,6,0.0012820733968692051,1.0,0.9731791347817438,0.9999999105213474,-0.4752639223616368,13.949593660745215
59870194,20260207,41.35039,1.2,3.6109786800000006,11.176367579837638,1.7014611673088027,3.699805629400616,6.143940000000001,41.35039138793945,4932,24,0.030844277673545965,1.0,0.1485823954743837,1.0,0.41788430609066896,2.0831712353196288
60033250,20260207,48.95666000000001,1.24,42.918783,4.805220515187835,1.1454211085155888,10.188221514789324,49.16008000000001,48.95666122436525,7396,33,0.014157733537519143,1.0,1.0041551037182683,1.0000000000000002,-0.0762732995842026,7.216307610026216
60083626,20260207,1000.0,36.35,1.2863628299999987,14.285606564866912,26.165386013213734,70.00052293605863,33.65818,999.9999999999987,487559,521,0.04779568469448774,1.0,0.03365818,0.9999999999999988,-0.2801819528689482,0.9257366127785284
60222062,20260207,4.57056,2.5,3.512663129999998,0.5945666912006039,0.9781638240954807,7.687198692643097,3.4359599999999992,4.570559978485107,4250,7,0.004315597075548335,1.0,0.7517590842260027,0.9999997913441412,-0.6087344703618077,2.0748794770572387
60280132,20260207,5.154639175257732,2.4,1.06686943,0.4740405352748648,0.0,10.873813496302091,0.0,5.15463924407959,5581,6,0.010383255813953489,1.0,0.0,0.9999998149872192,-1.0,3.53075544342316
60300280,20260207,125.0,6.5,24.164395879999994,0.8421623411787229,4.042689520777707,148.4272633204924,97.68914999999998,125.0,24478,5,0.6244387755102041,1.0,0.7815131999999999,1.0,-0.3780477660341989,21.834963587768065
60363119,20260207,139.53488372093022,8.1,17.93302123,7.073606388854788,3.403725407846405,19.726127550088343,61.03908,139.5348815917969,2481,18,0.006539272535582499,1.0,0.43744674,1.0000000000000002,-0.579786986685629,1.4353242742081307
60491784,20260207,521.94218,19.24,26.77029479,13.695523846196007,19.48326135709318,38.11041968588759,521.57265,521.9421997070309,11239,439,0.009902202643171806,0.7268186962729841,0.9992920097011511,0.9999999999999992,0.012643521678439818,0.98079106752883
60504423,20260207,65.78731,2.35,8.57009342,4.366387414619385,1.523455971848671,15.06675574692144,13.05616,65.78730773925781,3657,38,0.005028877887788779,1.0,0.1984601589577078,1.0,-0.3517208630431187,5.411385684408011
60505342,20260207,1287.7824600000004,483.0,2.494942609999998,0.1723778720632537,425.03862243147984,7470.651451011804,1060.44697,1287.7824707031248,472777,609,0.04588063467417148,0.4951219512195122,0.8234674744676983,0.9999999999999998,-0.1200028521087374,14.467187269175575
60537191,20260207,62.5,9.0,0.7605926099999993,2.000409355661538,3.653309226867196,31.2435895080793,2.77868,62.50000000000001,2857,11,0.25508928571428574,0.8333333333333333,0.04445888,1.0000000000000002,-0.5940767525703117,2.4715099453421443
60547769,20260207,21.234762092017306,54.68,0.0717451299999981,0.1622746998999999,8.100201365584192,19.03464290650704,0.58115,3.08886,569049,8,0.03380315072887336,4.020854881553325e-05,0.027367860185185184,0.1454624118064889,-0.8518617160646637,-0.6518902194536874
60580455,20260207,27.1370420624152,15.0,0.16572462999999932,0.2543239291563424,6.578744511301694,106.70225325251342,1.0902599999999996,27.13704299926758,1484,4,0.005051055139550714,0.0052285887131622,0.040176080999999975,0.9999999297142104,-0.5614170325798872,6.113483550167561
60619154,20260207,346.15384615384613,8.8,0.7949493999999991,9.6875912136,3.9788192808246707,15.865829879195855,3.16296,153.70169,2190,234,0.0075647668393782385,0.101410943546854,0.00913744,0.4440271134781992,-0.5478614453608329,0.8029351744674162
60656113,20260207,304.366,3.0,115.27257251999998,26.1883011531442,1.6945611235153861,11.622211914868656,195.33642,304.36599731445307,46205,118,0.008842385271940903,1.0,0.6417813421998515,0.9999999999999998,-0.43514629216153794,2.8740706382895524
60726038,20260207,47.8357,9.0,11.819992299999997,1.923922971614204,3.9694002169527645,24.863612956927074,46.918279999999996,47.83570098876951,31724,24,0.0001872077460716115,1.0,0.980821436709403,0.9999999999999996,-0.5589555314496928,1.762623661880786
60739866,20260207,99.7291,1.09,77.94989387999999,24.71346857089996,0.49769112014088107,4.035414889935557,38.794970000000006,99.729103088379,22631,56,0.014751971840166873,1.0,0.38900351050997156,1.0000000000000009,-0.5434026420725862,2.7022153819823727
60762511,20260207,2000.0,33.74,0.6070166399999992,1.3467853532000005,17.502535021115754,45.64361663892749,10.62433,61.4722,88047,15,0.00562198298980921,6.720366081532284e-05,0.005312165000000001,0.0307361,-0.4812526668311869,0.3528042195699622
60762714,20260207,122.44897959183672,18.6,1.0652595699999985,1.8257690183,7.856141578714014,31.49485938735113,8.368829999999999,57.502370000000006,1905,52,0.005614500442086649,0.0467022965281479,0.068345445,0.4696026781821117,-0.5776267968433327,0.6932719753451146
60844239,20260207,194.44444444444449,5.0,21.136006599999998,7.503471044611879,4.264975958135819,25.913929124138047,90.14456,194.44444274902344,35519,21,0.024398268992993542,1.0,0.4636005942857142,1.0,-0.14700480837283614,4.18278582482761
60848391,20260207,41.73037999999999,16.0,3.2187120799999978,1.2254409267005792,6.117872462826813,34.05333219201922,19.69167,41.73038101196289,17991,22,0.0030296039337195206,1.0,0.4718785211157915,1.0,-0.6176329710733242,1.1283332620012012
60882731,20260207,92.20477000000002,37.0,2.940335039999998,0.5153969677797914,22.973970340468426,178.900148455017,67.55117,92.20477294921876,305221,20,0.08228755526798232,1.0,0.7326212082086424,1.0,-0.3790818826900425,3.835139147432892
60906649,20260207,4.077471967380224,52.0,0.2873187599999986,0.0,10.01208553176275,0.0,2.87666,0.0,684928,0,0.00945419410051486,0.0,0.7055008650000001,0.0,-0.8074598936199471,-1.0
61011193,20260207,1128.4313299999994,3.5,79.66752448,118.3549227396163,2.3493236575586893,9.53429936634186,187.1648,1128.4312744140627,34621,463,0.0036072183960740595,1.0,0.16586281772236872,1.0000000000000002,-0.32876466926894593,1.7240855332405312
61012951,20260207,119.05549000000002,2.3,25.964335379999998,21.938258340807973,1.5891668088597923,5.4268429749559575,41.26166,119.05548858642568,7512,78,0.002485277575597168,1.0,0.3465750298453267,0.999999999999999,-0.3090579091913946,1.3594969945502355
61087629,20260207,57.142857142857146,1.67,0.5514060199999995,8.034686759558701,0.4873722633641182,7.112019571627873,0.26874,57.14285659790038,5071,27,0.0024530766253869967,0.8709677419354839,0.004702949999999999,1.0,-0.7081603213388513,3.2586944637073127
61098328,20260207,175.43859649122808,52.0,0.2929606599999988,0.0,13.9853931241144,0.0,4.09717,0.0,12796,0,0.3797032640949555,0.0,0.023353869,0.0,-0.7310501322285692,-1.0
61112285,20260207,131.01449000000002,1.96,36.45122326,26.536239081325057,1.0054381368379899,4.937191382354546,36.64945,131.01449584960938,5231,59,0.000506928965985076,1.0,0.279735852118342,1.0,-0.4870213587561276,1.5189751460526886
61136703,20260207,28.116213683224,52.0,0.1347540599999996,0.0,16.376129965954323,0.0,2.20675,0.0,5691,0,0.47425,0.0,0.07848674166666665,0.0,-0.6850744237316477,-1.0
61185244,20260207,445.2629400000001,1.3,301.10735144999995,120.57886998692608,0.7926854952248961,3.6927111342865615,238.68343000000004,445.2629394531249,13593,82,0.007295121558525197,1.0,0.5360505188237763,0.9999999999999998,-0.39024192675007996,1.8405471305649264
61185698,20260207,7.1040600000000005,52.0,0.42989980999999794,0.0092339279841158,16.52492007381914,769.2599428229113,7.1040600000000005,7.104060173034668,1136270,2,0.017067287111402173,0.0001731336510097,1.0,0.9999998657564596,-0.6822130755034781,13.79346043890214
61186486,20260207,21.234762092017306,54.68,0.006260219999999799,0.156053676,8.807997163039282,17.006731666278295,0.05514,2.65398,209741,6,0.01405591781207487,2.876328777821421e-05,0.002596685555555555,0.1249827870755507,-0.8389173891177892,-0.6889771109846078
61188825,20260207,23.36448598130841,52.0,0.0494918399999988,0.0665399464,0.0,25.803961213271837,0.0,1.71702,332981,5,0.005326945966007986,6.095486844935589e-06,0.0,0.0734884477581162,-1.0,-0.5037699766678494
61218808,20260207,804.4937299999997,4.0,165.45907342999993,35.2701485649126,4.1432715401372615,22.809478363517677,685.54187,804.4937133789062,599199,443,0.2709346174715138,1.0,0.8521407245771826,1.0,0.03581788503431538,4.702369590879418
61325277,20260207,159.26296000000002,2.64,114.76722292000011,34.3850763594056,1.382764747306128,4.631746296430819,158.69607000000002,159.2629547119141,8885,47,0.009974180511899416,1.0,0.9964405408514321,1.0000000000000002,-0.4762254745052546,0.7544492849930927
61328223,20260207,1666.6666666666667,48.86,9.830470329999999,7.231695080688165,19.741280273006026,230.4669067091065,194.06607000000002,1666.6666259765705,3080441,2194,0.034758816248097284,1.0,0.11643964200000001,1.0000000000000049,-0.595962335796029,3.716883009213049
61361730,20260207,372.3404255319149,1.5,75.30825108,75.97506602652496,0.44157166742159853,4.900823890737607,33.25399,372.3404235839845,6373,64,0.0029048726013036147,1.0,0.08931071600000001,1.0000000000000002,-0.7056188883856009,2.267215927158405
61404169,20260207,8.771929824561404,1.68,1.3943859299999994,0.2789779548522283,0.33074774356049347,31.442980154370943,0.46119,8.771929740905762,6830,1,0.015572275421796625,1.0,0.052575659999999996,0.9999998807907104,-0.8031263431187539,17.7160602000401
61471905,20260207,1000.0,28.73,7.482276129999999,10.266002171156254,15.36913206650127,97.40889256781423,114.99609000000001,1000.0,207203,262,0.011154639175257731,1.0,0.11499609000000001,1.0,-0.46504935375909257,2.390494052205334
61521770,20260207,101.2775,3.79,34.56488058000001,4.686226019324932,4.1200177061337895,21.61173496722316,142.40792,101.2774963378906,5436,9,0.5490909090909091,1.0,1.406116067240996,1.0,0.08707591190865156,4.702304798086762
61619011,20260207,162.85718,1.46,52.408485999999996,35.029010352402054,0.7158806304765225,4.649208511652937,37.51822,162.85717773437497,4171,45,0.008682348043297252,1.0,0.23037498254605662,0.9999999999999998,-0.5096708010434777,2.1843893083411814
61630077,20260207,1000.0,30.15,0.45239702999999837,0.0,12.688986928141459,0.0,5.740459999999999,0.0,8913,0,0.0014324515444698017,0.0,0.0057404599999999984,0.0,-0.5791380786686082,-1.0
61642024,20260207,20.98801,12.13,2.5296678399999997,0.8798211967619498,7.168751451573975,23.854831673646416,18.13456,20.98801040649413,191357,71,0.02518949017336475,1.0,0.8640438040576501,0.9999999091219972,-0.40900647555037306,0.9665978110953964
61652353,20260207,1000.0,2.76,53.638024000000044,116.4974746541044,0.8649744442487286,8.583876984331607,46.395520000000005,999.9999999999984,1590250,1646,0.07337606009431263,1.0,0.04639552,0.9999999999999984,-0.6866034622287215,2.110100367388346
61709401,20260207,15.873015873015872,8.1,1.6325031599999984,0.5329494116364454,2.87170041373764,29.783287632725223,4.68806,15.87301540374756,2118,7,0.005498442367601246,1.0,0.29534778000000006,0.99999993991852,-0.6454690847237481,2.676948917293892
61709841,20260207,197.8021978021978,3.6,0.3534913699999999,15.957203054441749,3.192298584262468,12.39579312532034,1.12845,197.80220031738287,9560,70,0.0032396895862279304,0.192400363392187,0.005704941666666666,1.0000000000000002,-0.11325039326042563,2.4432759593602014
61777401,20260207,4432.506930000003,300.0,11.881192509999998,4.980083705629854,227.87231228862566,890.0464746968407,2707.39481,4432.5068359375055,694307,1802,0.013002977751142408,0.8859390363815143,0.6108044167231562,1.000000000000001,-0.24042562570458112,1.9668215823228024
61795733,20260207,47.716910000000006,13.34,2.913293729999999,1.5681133158835134,3.5670965453936576,30.429485167370014,10.392,47.71691131591796,177887,66,0.006695107584955795,1.0,0.21778442904203138,0.9999999999999996,-0.7326014583662926,1.28107082603495
61831943,20260207,104.30993,5.6,47.090962860000005,6.662193695083173,1.9429874532830904,15.65699197758746,91.49715,104.30992889404295,9182,35,0.0035209755349336607,1.0,0.8771662486975115,1.0,-0.6530379547708767,1.795891472182937
61861065,20260207,125.0,2.8,12.378150309999999,1.6788448637678628,1.112624233434438,74.45591206298138,13.77223,125.0,251668,74,0.031950538289660775,1.0,0.11017784,1.0000000000000002,-0.6026342023448436,25.59139761819929
61869045,20260207,593.0689100000001,13.49,11.021867570000008,15.559465077813076,13.759977520760566,38.11627633785515,151.66065,593.0689086914062,185192,167,0.012635744599555137,1.0,0.255721801367062,1.0,0.020013159433696526,1.8255209032294704
61879187,20260207,66.1471,54.0,1.5291670999999987,0.2981354709447398,43.25694686996604,221.86853606453815,66.1471,66.14710235595713,840301,155,0.011986183739433828,1.0,1.0,1.0000000000000016,-0.19894542833396217,3.108676593787744
61894872,20260207,59.70149253731344,5.1,1.1046315399999997,3.4449161047404413,8.226643610049376,17.330313181532574,9.087409999999998,59.7014923095703,5999,18,0.004337358108596631,0.72,0.15221411749999994,0.9999999999999998,0.6130673745194856,2.398100687372688
61914746,20260207,20.83333333333333,11.0,0.3186287699999997,0.826960181582439,2.3789753825431417,25.19263834035159,0.75801,20.833333969116207,17018,31,0.002918138482115299,0.0805525036543755,0.036384480000000004,0.9999999084472766,-0.7837295106778961,1.2902398491228717
61917856,20260207,183.66036000000005,3.5,39.25839492,18.99786756964612,1.1879578901541092,9.667418949707942,46.63732,183.6603546142578,11011,44,0.005503023639362287,1.0,0.25393242178116165,1.0,-0.6605834599559687,1.762119699916555
61992618,20260207,83.12442,4.0,9.788109599999999,8.180860491755213,3.4120040911679212,10.160839448240212,33.39707,83.12442016601564,4399,23,0.04470528455284553,1.0,0.40177206649983244,1.0000000000000002,-0.1469989772080197,1.540209862060053
62110977,20260207,118.0,9.1,6.754455839999997,2.510724129450112,3.73756533435268,46.99837453964696,25.24522,117.99999999999996,438721,97,0.03988590286742913,1.0,0.21394254237288135,0.9999999999999998,-0.5892785346865187,4.164656326317244
62112649,20260207,170.84410000000003,9.0,18.034290420000005,5.476872935118254,3.997236282723675,31.193725284907373,72.08732,170.84410095214844,78439,34,0.036973367900070706,1.0,0.4219479630844729,1.0,-0.555862635252925,2.465969476100819
62164374,20260207,8.309009999999999,2.51,5.170598479999997,0.9927709248342816,1.577384132909892,8.369504962974185,8.156020000000002,8.309009552001953,47991,24,0.09854414784394251,1.0,0.9815874574708663,0.999999885224081,-0.3715601064104015,2.334464141344268
62243266,20260207,1.32579105532968,26.0,0.0029903999999998996,0.008298719,0.0,25.02855819576543,0.0,0.20773,1780,2,0.016808309726156753,0.0013556618819776,0.0,0.1566837083431453,-1.0,-0.0373631463167141
62326550,20260207,40.32258064516129,2.3,0.6950244499999997,6.282822355680445,4.5268767163514925,6.4179079948852085,3.1462900000000005,40.32258224487305,8543,17,0.009443953128454566,0.425,0.07802799200000002,1.0,0.9682072679789099,1.7903948382354795
62326559,20260207,40.32258064516129,2.3,0.8333575799999995,5.848906125139049,0.0,6.894037019593543,0.0,40.32258224487305,6016,20,0.01201517874975035,0.9166666666666666,0.0,1.0,-1.0,1.9974074619656816
62338437,20260207,151.5151515151515,52.0,0.869796189999997,0.4733644911999999,13.602577403793918,70.04507218290438,11.83147,33.15691999999998,841481,163,0.02165416881111683,0.0004660633046471,0.07808770200000001,0.2188356713321664,-0.7384119730039631,0.3470206189020072
62367731,20260207,72.79249000000002,15.0,2.2769717699999985,1.551855110173401,11.811376124351344,46.90672519246057,26.894170000000003,72.79248809814453,33383,14,0.008282184235988786,1.0,0.3694635257016211,1.0,-0.2125749250432437,2.127115012830705
62465463,20260207,469.2045099999999,4.78,106.12060824999999,9.37904750009412,4.069732798577321,50.02687621098317,431.88252,469.2044982910158,4881766,359,0.08436022610039037,1.0,0.920456881371409,1.0000000000000004,-0.14859146473277812,9.465873224927943
62516634,20260207,17.806910000000002,12.0,1.0020338499999992,0.5945468302110953,10.48906681146551,29.950339831927156,10.5104,17.80690956115723,74440,37,0.0067361638976363705,1.0,0.5902427765401184,0.999999892887173,-0.1259110990445409,1.495861652660596
62537183,20260207,1000.0,19.0,5.247883999999996,16.973142968368638,16.335054280925426,58.91660389280925,85.72447,999.9999999999995,58807,378,0.001917755058781327,1.0,0.08572447,0.9999999999999996,-0.14026030100392492,2.100873889095224
62543564,20260207,1000.0,32.62,0.4121149299999988,0.0,32.585885689703204,0.0,13.42913,0.0,2011,0,0.0027315946753599567,0.0,0.013429130000000001,0.0,-0.00104580963509483,-1.0
62658588,20260207,4.545454545454546,2.01,0.2017653299999995,0.3160944969255367,0.0,14.380003974484,0.0,4.545454502105713,10142,1,0.011223992917220009,0.5,0.0,0.9999997615814208,-1.0,6.154230867020926
62665519,20260207,354.54545454545456,2.61,25.28079539,40.27796625110928,1.5743673957245692,8.802466084334572,39.80126,354.54544067382795,15789,544,0.008859772178890073,1.0,0.1122599641025641,0.9999999999999996,-0.3967941012549543,2.3725925050320327
62676303,20260207,416.91595,2.04,56.357969910000016,84.91650709342147,1.4724080752467967,4.909716190062488,82.98193,416.9159545898437,6661,120,0.005170780934637478,1.0,0.19903755181350102,1.0,-0.27823133566333497,1.4067236675841714
62681129,20260207,48.53814999999999,48.0,2.193455649999998,0.1465836027154985,14.018943122921144,331.1272117819883,30.74993,48.53815078735352,8052,10,0.004581768521679754,1.0,0.6335208490640869,1.0,-0.7079386849391428,5.898483578791423
62693338,20260207,49.58663000000001,1.83,5.146988039999998,8.883945747153032,1.5020648853110607,5.581599393399446,7.731109999999999,49.58663177490234,62999,41,0.07116118829775217,1.0,0.15591118009027832,1.0,-0.1791995162234641,2.050054241806185
62695450,20260207,4.3478260869565215,2.44,0.3593056899999997,0.2218792038873767,1.0693401487741547,19.595375918417737,0.38422,4.34782600402832,5850,5,0.2611607142857143,1.0,0.08837060000000001,0.9999997806549512,-0.56174584066633,7.030891581510834
62699077,20260207,44.67285000000001,60.0,1.0580723799999983,0.0147193123060928,34.75645021562708,3034.7760722447247,36.77484,44.6728515625,3010,6,0.0035927428980663642,0.0357918263090676,0.8232033550579376,1.0,-0.4207258297395486,49.57960120407874
62708257,20260207,392.89094,1.85,310.1368070499999,80.78042575635249,1.2143733070008726,4.863689707418935,376.62185999999997,392.8909301757807,27589,163,0.001176899680489376,1.0,0.9585913587114021,0.9999999999999986,-0.34358199621574453,1.629021429588205
62715156,20260207,100.03554,1.47,80.51573367,20.19162337434831,0.9892120008052085,4.954308571964764,79.64713,100.0355377197265,9468,37,0.004812932086213908,1.0,0.7961883346658598,0.9999999999999994,-0.3270666661189057,2.3702778745172384
62719771,20260207,19.466780000000004,160.0,0.13359869999999863,0.0,88.12675572442039,0.0,11.773620000000001,0.0,3794,0,0.013492176386913229,0.0,0.6048057254461189,0.0,-0.44920777672237255,-1.0
62753184,20260207,165.83097,21.6,9.966304629999998,2.1295314109145176,16.084771231802094,77.87200715275807,160.30572999999998,165.83096313476548,8657,174,0.019388577827547594,0.6697515234967508,0.9666814950186927,0.9999999999999992,-0.25533466519434755,2.605185452661526
62759058,20260207,1000.0,31.5,32.574883729999996,14.351818598953962,15.366511025763225,69.67757594116424,500.56231,1000.000000000004,4262135,544,0.06937102557466915,1.0,0.5005623100000001,1.0000000000000038,-0.5121742531503739,1.2119865378147376
62766768,20260207,34.31616,50.63,0.9474606899999991,0.0231632677,23.51535027801525,355.7397154411231,22.279870000000003,8.24045,8028,13,0.023577092511013215,0.0046094730528597,0.6492530049982282,0.240133231967229,-0.5355451258539354,6.026263241877628
62782340,20260207,292.4077699999999,25.0,8.833024349999995,4.125833397091038,11.462082067055556,70.87239761369757,101.24485000000001,292.4077758789063,2683616,518,0.043072863583616484,1.0,0.3462454161187305,1.0000000000000002,-0.5415167173177777,1.834895904547903
62824285,20260207,288.6240099999998,10.0,43.15919143000001,9.328923366685473,6.145476344944583,30.93861758255918,265.23379,288.62402343749983,76092,59,0.004326629479896969,1.0,0.9189595487915234,0.9999999999999994,-0.38545236550554174,2.093861758255918
62854671,20260207,363.6363636363636,57.4,2.284162339999999,0.8736090684470286,17.06687362685439,416.2456062182069,38.983509999999995,363.6363525390626,6537,66,0.0011314190767952646,0.9041095890410958,0.1072046525,1.0000000000000004,-0.7026677068492265,6.251665420784732
62863799,20260207,26.5748031496063,65.54,0.30854336999999954,0.0,27.733702396522126,0.0,8.55705,0.0,6960,0,0.0034383954154727794,0.0,0.3219986222222222,0.0,-0.5768431126560555,-1.0
62867831,20260207,23.834820000000004,2.71,5.408050499999998,1.3814117940197568,1.1625594102717793,17.253944582592514,6.287179999999999,23.83481979370117,12435,40,0.013547227366815557,1.0,0.2637813081869298,0.9999999199763832,-0.5710112877225907,5.366769129047803
62868116,20260207,1000.0,16.0,12.598702109999998,19.12395983716263,11.973630194832825,52.290422915777576,150.8522,1000.0000000000016,280295,301,0.013983078327588013,1.0,0.15085220000000002,1.0000000000000018,-0.2516481128229484,2.2681514322360985
62875385,20260207,15.734370000000002,6.34,10.746493319999997,0.3675586717338559,1.2864261474272245,42.807662106688966,13.82457,15.734370231628418,175064,14,0.032017264713413075,1.0,0.8786224043288672,0.9999999393891053,-0.7970936675982295,5.751997015207569
62904543,20260207,1000.0,299.26,0.0049137499999999,0.0,0.0,0.0,0.0,0.0,5909,0,0.045003808073115006,0.0,0.0,0.0,-1.0,-1.0
62941923,20260207,1000000.0,41.96,1.279913989999998,3.2548525376,7.1795996229403,456.2699303652993,9.18927,1485.09179695,17538,59,0.07611979166666667,0.0412831527800588,9.18927e-06,0.00148509179695,-0.8288941939242064,9.873926127756818
62957523,20260207,1233.7502500000005,4.1,419.77348746999985,146.59806570542608,2.471231201980418,8.415869812387912,1037.3573399999998,1233.7502441406248,68128,316,0.007876160418039515,1.0,0.8408163159440084,0.9999999999999998,-0.3972606824438004,1.0526512214985335
62974470,20260207,256.19916000000006,9.0,43.75084866,12.448574531955249,4.557627248549926,20.580600331113036,199.40006,256.1991577148437,205148,38,0.02219039686746206,1.0,0.7783009905262763,1.0,-0.4935969723833416,1.2867333701236705
62987009,20260207,225.48274,23.0,5.1095899299999985,4.380380970056684,23.910811175408757,51.47558908125369,122.17444,225.48274230957037,27461,38,0.0008659306839215834,1.0,0.5418349981022937,1.0000000000000002,0.03960048588733724,1.2380690904892908
62991598,20260207,53.40617000000002,7.91,10.574299029999999,2.436479758146116,3.636666590466187,21.919389148795677,38.455200000000005,53.40616989135743,16144,23,0.003839421613394216,1.0,0.7200516344834312,1.0000000000000002,-0.5402444259840472,1.7710985551999692
63007107,20260207,10.31706,3.0,1.3720628999999993,0.0808585915770068,1.721641187149657,127.59229015837376,2.3622,10.317060470581056,4996,8,0.004669158878504673,1.0,0.22896057597804026,0.9999999075633772,-0.42611960428344764,41.53076338612458
63017961,20260207,35.714285714285715,1.45,5.081967689999999,6.084762026606341,0.5707789141807788,5.869462236743535,2.90068,35.71428680419922,3460,12,0.008777270421106037,1.0,0.08121903999999999,1.0,-0.6063593695304974,3.047904857740959
63024390,20260207,1000.0,84.69,2.7926086299999984,0.7205161019999999,34.97746477994665,229.3315183516629,97.67837,165.237281,5840,32,0.008940600122473974,0.0317603498206426,0.09767837,0.1652372809999999,-0.5869941577524306,1.7078936325492324
63029536,20260207,1000.0,14.88,0.013316019999999897,2.7300165429,7.059917302617503,17.494299519872875,0.09401,47.75974458999999,4213,37,0.023483835005574136,0.0195413777579451,9.401e-05,0.0477597445899999,-0.5255431920283936,0.1756921629923108
63038827,20260207,0.206347241137386,26.0,0.0021923399999999,0.0071369751193394,0.0,28.908372269139203,0.0,0.2063472419977188,1267,2,0.0018668041844703109,0.0168367346938775,0.0,0.9999951616849352,-1.0,0.1118604718899693
63038979,20260207,1000.0,2.25,255.66614177999998,187.43612268588805,1.6327005097108018,5.335150878791303,417.42624000000006,1000.000000000001,23412,296,0.0043872273442770405,1.0,0.41742624000000006,1.000000000000001,-0.27435532901742143,1.3711781683516904
63041128,20260207,86.78675999999997,10.0,5.560731969999999,3.5427704078702487,4.811032098711279,24.496855267053128,26.752860000000002,86.78675842285153,646006,158,0.012517385634592617,1.0,0.3082596930683898,0.9999999999999996,-0.5188967901288721,1.4496855267053128
63049540,20260207,42.85714285714285,2.7,1.63084324,3.863122672807682,0.8899874398719032,11.093909238207596,1.4514299999999998,42.85714340209961,1052,34,0.013715775749674055,1.0,0.0338667,1.0,-0.6703750222696655,3.108855200845227
63050276,20260207,4.545454545454546,2.32,0.0025585199999999995,0.1661553621429967,0.0,27.356487849642644,0.0,4.545454502105713,3088,2,0.013304610081861267,0.1818181818181818,0.0,0.9999997901916924,-1.0,10.791589929662154
63053963,20260207,24.875621890547265,6.0,3.1709264699999995,0.7740314432454236,4.788862228016281,32.13769915296295,15.18513,24.875621795654297,10146,4,0.005146596327483007,1.0,0.610442226,0.9999999233245904,-0.20185629533061977,4.356283192160492
63099926,20260207,1000.0,55.51,2.9197034499999988,1.686353938,16.960105999806252,308.9318489486346,49.51848,520.96874898,226734,1394,0.03606222066705899,0.0471211964428558,0.04951848,0.52096874898,-0.6944675553989146,4.565337025578598
63115257,20260207,1000.0,9.5,0.0012530799999999,9.267308691199998,0.0,20.663050699798557,0.0,191.49089000000004,2395,293,0.0025427327741798494,0.0251952771482929,0.0,0.19149089,-1.0,1.1750579683998477
63116306,20260207,1000.0,24.5,1.437166389999999,9.91859816508691,8.31511930918452,100.82068882468428,11.950210000000002,1000.0000000000006,7103,386,0.0011041676382346998,1.0,0.011950210000000003,1.0000000000000009,-0.6606073751353256,3.115130156109562
63117307,20260207,44.70852000000001,22.1,2.0507180199999993,0.5081605755560449,14.176146947789542,87.98091223841996,29.07128,44.7085189819336,2705,12,0.01020754716981132,1.0,0.6502402674031705,1.0000000000000002,-0.3585453869778488,2.9810366841527145
63118770,20260207,299.31642000000005,5.2,17.39955433,8.678455613230911,4.548526272511716,34.489589519139976,79.14233,299.31640624999983,126908,284,0.006458323791494277,1.0,0.2644102518665698,0.9999999999999994,-0.1252834091323623,5.632613612348197
63118785,20260207,70.0,9.0,7.83276084,2.062606741740294,6.856636005753496,33.93762109170528,53.70639,70.0,22254,25,0.010747090355918289,1.0,0.7672341428571429,1.0,-0.23815155491627818,2.7708467879672534
63119851,20260207,20.0,2.42,0.5738863799999998,1.888341588745705,0.1583588723607625,10.591298485347735,0.09088,20.000000000000004,1674,22,0.013212312549329124,0.7096774193548387,0.004544,0.9999999046325776,-0.9345624494377014,3.376569484066935
63120136,20260207,305.25518000000005,25.0,15.297062569999998,2.120717273270536,14.424013041086754,143.93952833608682,220.64503000000002,305.2551879882815,27467,46,0.0039039470130903817,1.0,0.7228215750507493,1.0000000000000009,-0.42303947835652983,4.757581133443473
63125663,20260207,470.4109,20.0,5.02379563,1.9777232065075248,10.15245717708465,237.8546448104493,51.00387,470.410888671875,27821,179,0.008420654378159146,1.0,0.10842408201000443,1.0,-0.4923771411457675,10.892732240522466
63129888,20260207,2000.0,12.0,0.38690968999999886,19.2671134005,7.344840600916479,50.474563018879614,2.84179,972.49918,56786,378,0.022986560880829017,0.0179542007146192,0.001420895,0.48624959,-0.3879299499236268,3.2062135849066347
63136165,20260207,6.385696040868455,52.0,0.0732189399999996,0.0206056992,3.570797392040932,10.788239195533071,0.26145,0.22231,30719,1,0.005860167874856925,1.448267871625536e-05,0.040943070000000005,0.0348137413817449,-0.9313308193838282,-0.792533861624364
63140934,20260207,114.94252873563218,11.5,0.0972153599999998,6.44915572321035,4.004614085675358,17.82287711466538,0.38931,114.94252777099612,2265,68,0.0013238646326494828,0.0436481680134354,0.003386997,1.0000000000000002,-0.6517726882021428,0.5498154012752505
63154710,20260207,1000.0,23.61,0.0218982999999998,0.0,9.924971344807675,0.0,0.21733999999999992,0.0,1561,0,0.01018929503916449,0.0,0.00021733999999999992,0.0,-0.579628490266511,-1.0
63156076,20260207,1000.0,9.0,1.9238692299999978,28.719786449336866,2.616685126774446,34.819199193728366,5.03416,1000.0000000000005,424013,1579,0.050271266820795545,0.9993702770780856,0.00503416,1.0000000000000004,-0.7092572081361728,2.8687999104142627
63161144,20260207,60.10060000000001,32.0,3.0264052499999985,0.0831302187250424,18.78458279835459,722.9606652955796,56.849759999999996,60.10060119628906,182407,39,0.00641853280222951,1.0,0.9459100241927699,1.0,-0.412981787551419,21.592520790486866
63163299,20260207,309.54889000000003,3.72,99.73916304,41.720294871666034,2.0701145237923786,7.419623535565178,206.47149000000002,309.548889160156,54211,165,0.007639656144306652,1.0,0.667007689803055,0.9999999999999992,-0.4435176011310811,0.9945224404573744
63196383,20260207,1000.0,8.0,1.4307406499999988,30.72257537475921,2.846455784981019,32.5493535373411,4.07254,1000.0000000000008,137689,1251,0.013906575093424906,1.0,0.00407254,1.0000000000000009,-0.6441930268773726,3.068669192167637
63204884,20260207,184.27386,3.4,78.66949489,8.648584022053521,2.3226391659879133,21.30682236183184,182.72084999999998,184.27386474609384,306129,127,0.023265617875056998,1.0,0.9915722718349742,1.0000000000000009,-0.31687083353296663,5.266712283585759
63205388,20260207,51.54639175257732,14.5,0.08118716999999921,0.9185855559,5.323378065770789,18.12910268829681,0.43219,16.65315,2201,4,0.008658536585365854,0.0020316193853427,0.008384486,0.3230711176409948,-0.6328704782227041,0.2502829440204697
63224395,20260207,45.16711833785005,14.0,0.3635722799999984,2.347482747847613,5.830257466273307,19.24065208712227,2.11972,45.16711807250978,24101,27,0.00990221455277538,0.0114014930364913,0.0469306008,1.0000000000000002,-0.5835530381233353,0.374332291937305
63234573,20260207,229.51535,15.4,1.8101369199999988,6.506762971946428,11.342014945477171,35.273348062314895,20.5306,229.5153503417969,29614,86,0.006837366087920207,1.0,0.08945196911666256,1.0000000000000002,-0.2635055230209629,1.290477203640429
63236174,20260207,23.102310231023104,7.91,1.8509005299999988,1.1608225167884108,3.41908703219184,19.901655890449227,6.32839,23.102310180664062,2346,14,0.001385133140461711,1.0,0.2739288814285714,0.9999999174390588,-0.5677513233638635,1.516012171221519
63273998,20260207,11.750881316098708,13.0,0.5521018899999983,0.0,4.917769797890038,0.0,2.71511,0.0,2729,0,0.002720566244641611,0.0,0.231055861,0.0,-0.6217100155469202,-1.0
63281072,20260207,277.77777777777777,34.1,0.1704646299999994,2.1488659873,4.037025158826218,94.41931082711272,0.68817,202.89454,74545,70,0.0063686458778299876,0.0004926325807675,0.002477412,0.7304203618325282,-0.8816121654303162,1.7688948695633724
63298743,20260207,6.849315068493151,28.08,0.3764911899999997,0.0,13.412026985279534,0.0,5.04951,0.0,14493,0,0.02115457597431032,0.0,0.7372284599999999,0.0,-0.5223637113504439,-1.0
63299682,20260207,97.50139,69.3,0.524341599999999,0.0,59.81119941656367,0.0,31.3615,0.0,14714,0,0.009649157321791594,0.0,0.32165182465603825,0.0,-0.1369235293425156,-1.0
63316232,20260207,126.52847,36.0,2.6108107399999985,0.8212882835216795,32.71654995566628,154.06078642331474,85.41672,126.52847290039064,184079,20,0.08173297220495515,1.0,0.6750790553303933,1.0000000000000002,-0.09120694567593664,3.2794662895365203
63336283,20260207,1000.0,12.0,0.1539623499999997,1.8713948382,7.6086783554550985,19.77322448017829,1.1714499999999999,37.003530000000005,11296,11,0.061026472177201516,0.0070714066615705,0.0011714499999999999,0.03700353,-0.3659434703787418,0.6477687066815241
63338096,20260207,44.41921000000001,1.97,64.86024656000001,5.512421658006867,0.6848887007992897,8.058019365059362,44.42205,44.419208526611335,4549,7,0.0015275865542832196,1.0,1.0000639363014334,1.0000000000000002,-0.652340761015589,3.090365100524405
63350356,20260207,7.170259999999998,1.0,22.22256703,5.652150042281863,0.2762840130805536,1.268589586319763,6.13974,7.170259952545166,1467,4,0.035264423076923075,1.0,0.8562785728829919,0.9999998669958696,-0.7237159869194464,0.2685895863197629
63355127,20260207,1.6891891891891893,1.9,0.2513404999999994,0.3074897520754734,0.5325444964102495,5.493463410627465,0.13385,1.6891891956329346,2255,5,0.02185077519379845,0.2777777777777778,0.0792392,0.9999994354251256,-0.7197134229419739,1.8912965681901823
63355311,20260207,1.6891891891891893,1.9,0.41941804999999976,0.0083183286227078,0.8393534803759644,203.0439320574786,0.35204,1.6891891956329346,7857,1,0.0046269359872799015,1.0,0.20840768,0.999999463558197,-0.5582350103284398,105.86522873965484
63359739,20260207,1000.0,3.32,7.14293801,79.78521767991867,1.9924504426715586,12.533649923449929,14.231950000000001,999.9999999999984,453747,1278,0.002442170631755371,1.0,0.014231950000000002,0.9999999999999986,-0.3998643244965185,2.775195835985373
63360454,20260207,1000.0,22.01,0.0619317599999995,0.4564956371000001,7.273650869925279,21.3494015244302,0.45047,9.74593,1797,7,0.004085019322573312,0.0010504240846525,0.00045046999999999996,0.00974593,-0.6695297196762708,-0.030013570994188
63363585,20260207,2928.89804,300.0,2.8451989899999983,4.741207930348186,287.7728457228225,617.75340261237,818.77101,2928.8979492187477,17123,274,0.011131842413210245,0.982078853046595,0.27954916791845713,0.9999999999999992,-0.04075718092392492,1.0591780087079
63381071,20260207,1000.0,19.41,20.43495700999999,22.963792359747767,8.9418617279489,43.54681233775828,182.72656,999.9999999999958,10808951,3668,0.3924533802919178,1.0,0.18272656,0.9999999999999958,-0.5393167579624472,1.2435246099996378
63382374,20260207,1000.0,83.45,0.1044110699999986,0.0,13.333260544116811,0.0,1.39214,0.0,262873,0,0.007438103753671332,0.0,0.0013921399999999998,0.0,-0.8402245590878753,-1.0
63400626,20260207,10.53743,3.2,3.917679739999998,0.8010470509432668,2.6897119466942456,13.154553958607176,10.53743,10.537429809570312,45662,4,0.013993870671161509,1.0,1.0,0.9999999094965046,-0.1594650166580483,3.1107980508090782
63405128,20260207,1000.0,86.31,0.6356251999999994,0.0,20.628367157249293,0.0,13.111910000000002,0.0,23871,0,0.004416384525725703,0.0,0.013111910000000001,0.0,-0.7609967888164836,-1.0
63412723,20260207,1017.58415,1.26,1235.2938429400003,250.4354265590662,0.7762061921380209,4.063259648998615,958.8427300000001,1017.5841674804695,68367,223,0.0038366396363534333,1.0,0.9422736488181347,1.0000000000000009,-0.3839633395729993,2.224809269645074
63415176,20260207,391.68223000000006,5.0,167.08847776,32.3097944938293,2.359302839339004,12.122708128368997,394.21232,391.6822204589844,61727,260,0.006827830319119518,1.0,1.0064595475776368,1.0,-0.5281394321321992,1.424541625673799
63417588,20260207,250.18294000000003,52.0,7.085179469999998,0.5191492022653719,23.712244793708813,481.9085816212109,168.00551000000002,250.1829376220701,524464,96,0.03980419092144109,1.0,0.6715306407383334,0.9999999999999992,-0.5439952924286767,8.267472723484826
63418435,20260207,1.7391304347826086,17.27,0.0111358899999997,0.0410225323751664,88.58384915799515,42.39348191337743,0.98646,1.7391303777694702,2594,6,0.0029215001689379435,0.0042408833212329,0.5672145000000001,0.9999994516375508,4.129348532599604,1.454747005772057
63425723,20260207,243.00836,27.5,14.681358509999999,2.88589509867002,16.26848086553538,84.20551312585296,238.84340000000003,243.0083618164062,111832,23,0.021381565110987898,0.9583333333333334,0.982860836557228,0.9999999999999998,-0.40841887761689527,2.0620186591219256
63426601,20260207,7170.80575,339.26,20.49040154,5.706358905187927,129.28927404513905,1256.6339633683322,2649.1891399999995,7170.8056640624445,5034386,4205,0.02410306742356816,0.8869436827673487,0.36944092928469013,0.9999999999999922,-0.6189079937359575,2.704043881377199
63451974,20260207,68.71583000000001,2.5,35.654098270000006,9.13863358198808,1.3379210894288027,7.519266398651166,47.70237,68.71582794189452,10076,43,0.0029741137577850587,1.0,0.6941976834158882,0.9999999999999998,-0.46483156422847893,2.0077065594604666
63463364,20260207,117.6470588235294,5.0,4.04439071,5.464469241987255,2.421155793822897,21.52945324427375,9.7921,117.64705657958989,3884,31,0.020792291220556744,1.0,0.08323285,1.0000000000000002,-0.5157688412354207,3.30589064885475
63464061,20260207,346.15384615384613,6.1,49.97379218,30.6859170353517,3.0249067242189027,11.280543691492028,151.16606000000002,346.15383911132807,5947,57,0.0024273469387755104,1.0,0.4367019511111112,1.0,-0.504113651767393,0.8492694865331326
63466342,20260207,80.63901,2.78,8.29725483,8.919681505590653,2.439680402102342,9.040569271139043,20.24265,80.63900756835936,75031,83,0.15825986078886312,1.0,0.2510280074122934,0.9999999999999998,-0.12241712154592002,2.2520033684099303
63472525,20260207,1025.55606,1.74,871.8579168499999,140.09602091743818,1.171362145439696,7.3203793814918,1021.26136,1025.5560302734375,87878,231,0.016773811796144303,1.0,0.9958123205863559,1.0000000000000002,-0.32680336468982984,3.2071145640055336
63474289,20260207,1000.0,73.77,1.35e-05,3.976898841012181,0.0,251.45214613840645,0.0,1000.0000000000005,180632,50,0.23122375832053252,0.0483671895556585,0.0,1.0000000000000004,-1.0,2.4085964156274677
63494257,20260207,83.03227000000001,11.0,14.871869980000005,2.761270239497322,5.067624992778478,30.0703064411676,75.36506,83.03227233886717,51983,21,0.002313429846774158,1.0,0.9076598772983081,0.9999999999999998,-0.5393068188383201,1.7336642219243277
63494470,20260207,58.7649,10.5,0.40920028999999974,0.0,6.277219402752627,0.0,2.5686400000000003,0.0,1300,0,0.00012331391929578268,0.0,0.04371044620172927,0.0,-0.40216958069022596,-1.0
63510498,20260207,2.93115,8.3,0.1458485999999991,0.0291747971633968,3.0990355752472274,100.46511987825146,0.45199,2.931149959564209,1655,21,0.00024791407642644217,0.0076070860208851,0.1542022755573751,0.9999996746416872,-0.6266222198497317,11.104231032476218
63520550,20260207,1000.0,25.3,0.8662697799999988,13.498324619200003,11.146215905165263,42.62940576729864,9.65563,575.4255999999996,31832,321,0.007775470822443147,0.0060233952018902,0.00965563,0.5754255999999995,-0.559438106515207,0.6849568005066665
63523189,20260207,1000.0,18.66,0.5611918599999988,13.5525901041,10.00761130070563,28.152527820644917,5.61619,381.5396981,27816,231,0.027983903420523138,0.0597700412463238,0.005616189999999999,0.3815396981,-0.4636864254712953,0.5087099705710496
63533300,20260207,2094.1917699999995,3.61,88.02355833999997,271.645747574851,2.606760443763265,7.709274528968318,229.45632999999998,2094.1916503906305,889339,996,0.07179963508364012,1.0,0.10956796473323932,1.0000000000000029,-0.27790569424840295,1.1355331725746989
63533738,20260207,74.38692,3.79,7.22517268,2.720534536229872,3.456444725415199,27.34274782432854,24.973409999999998,74.38691711425781,2051,11,0.1289937106918239,1.0,0.335723135196349,1.0,-0.08800930727831165,6.214445408849022
63535808,20260207,9.097779999999998,3.82,2.5308014499999993,0.305997476130149,2.793494527198095,29.731455995197877,7.069780000000001,9.097780227661133,1234,4,0.003295060080106809,1.0,0.7770884765294392,0.9999998951750656,-0.26871871015756676,6.783103799679609
63536636,20260207,208.86075949367088,5.6,1.6327292399999997,21.25893121901365,5.438880974533169,9.824612139409467,8.88022,208.86076354980463,5207,22,0.0026184250226289852,1.0,0.04251741696969697,0.9999999999999998,-0.028771254547648333,0.7543950547717178
63541909,20260207,312.5,26.0,23.84098275999999,4.469571891299225,10.391828746911944,69.91719513252242,247.75140999999996,312.50000000000034,6515232,703,0.08059416130628402,1.0,0.7928045119999999,1.000000000000001,-0.6003142789649252,1.6891228897124009
63543019,20260207,7.1144300000000005,2.32,3.098336459999999,1.1813577802251634,2.2962096246964743,6.022243259036111,7.1144300000000005,7.114429950714112,98680,16,0.49538152610441766,1.0,1.0,0.9999998659521292,-0.010254472113588608,1.5957945828983169
63548375,20260207,1000.0,18.08,0.18686605999999947,0.0,13.590536451616773,0.0,2.5396099999999997,0.0,2795,0,0.008013188073394495,0.0,0.00253961,0.0,-0.24831103696809878,-1.0
63552128,20260207,86.28540000000001,4.15,12.18227423,14.2317499715682,3.2091774706339042,6.062880144755457,39.095079999999996,86.28540039062501,92113,41,0.011114288472212167,1.0,0.45309032582569,1.0000000000000002,-0.2267042239436376,0.4609349410674323
63558513,20260207,1000.0,30.39,0.0284800699999999,0.0,24.025924093585534,0.0,0.6842600000000001,0.0,3497,0,0.053389312977099236,0.0,0.0006842600000000001,0.0,-0.20941348820054184,-1.0
63563441,20260207,32.60413000000001,2.5,19.86996271,4.584106484311126,1.4766222980999242,7.112426988862224,29.340429999999998,32.604129791259766,2810,19,0.0009405857740585774,1.0,0.8998991845511592,1.0,-0.40935108076003035,1.8449707955448895
63577520,20260207,151.5151515151515,52.0,0.1348435899999989,0.0,12.359949775884887,0.0,1.66666,0.0,118256,0,0.008404056483764827,0.0,0.010999956000000002,0.0,-0.7623086581560599,-1.0
63592988,20260207,70.92198581560284,1.65,32.41290016,5.033231844148084,1.3753918896469397,14.090742796327374,44.580439999999996,70.92198944091795,57186,21,0.006098929226568833,1.0,0.6285842039999999,0.9999999999999998,-0.16642915778973347,7.5398442423837135
63599957,20260207,1000.0,36.05,0.07052639999999971,0.0,18.042179949635955,0.0,1.27245,0.0,1402,0,0.0015661304736371761,0.0,0.00127245,0.0,-0.49952344106418983,-1.0
63604272,20260207,70.0,8.5,13.107625269999993,2.8795985977083216,4.387274492170468,24.30893519213861,57.50675000000001,70.0,26513,16,0.0016779954937849674,1.0,0.8215250000000002,1.0,-0.4838500597446509,1.8598747284868955
63612668,20260207,2000.0,15.0,0.4373678399999993,0.8698485615000001,1.6438565761945396,111.34544901417416,0.71897,96.85379,112188,64,0.07312475557293703,0.0027228481196881,0.000359485,0.048426895,-0.8904095615870307,6.423029934278277
63614842,20260207,1000.0,10.01,0.0895118499999998,14.127954697100003,11.244991584913086,14.731558794647231,1.0065600000000001,208.12681,1927,71,0.013135650988411724,0.0900001630311441,0.00100656,0.20812681,0.12337578270859999,0.4716841616189269
63618506,20260207,7.20164609053498,5.02,0.4629729899999988,0.2805847223951809,0.31919788668449184,25.66647463918179,0.14778,7.201646327972413,62768,6,0.008383822193727627,0.3333333333333333,0.02052030857142857,0.9999998675755312,-0.9364147636086669,4.112843573048115
63619732,20260207,330.87964000000005,2.2,108.96754836999996,68.99719824484235,1.26041451839998,4.795551736784571,137.34428000000003,330.87963867187483,9613,143,0.004368949688678817,1.0,0.41508833846651916,0.9999999999999994,-0.42708430981819095,1.1797961967471766
63623744,20260207,91.2677,25.0,0.8465259399999996,2.0795818909057773,23.216075339640522,43.88750291918405,19.653010000000002,91.2677001953125,5636,38,0.002809431234734061,0.2345679012345679,0.21533368321980284,1.0,-0.07135698641437913,0.7555001167673617
63624433,20260207,1045.55126,38.5,37.189085069999976,16.5246526856583,19.284177834708974,63.27220463559132,717.16093,1045.5512695312502,495721,1587,0.28145176858002613,0.7894262563019506,0.6859165661566895,1.0000000000000002,-0.49911226403353315,0.6434338866387355
63635613,20260207,1.2315270935960592,6.48,0.04878384999999941,0.0551086576422242,0.7307746313585425,22.34684704571732,0.03565,1.2315270900726318,13284,7,0.020436923076923078,0.3333333333333333,0.0289478,0.9999992256170526,-0.8872261371360274,2.448587496904434
63636525,20260207,1000.0,20.0,3.5062172199999977,8.180910780843883,10.43995500084847,122.23576378632538,36.604749999999996,999.9999999999992,22037,282,0.004973032744341389,0.9736842105263156,0.03660475,0.9999999999999992,-0.47800224995757656,5.111788189316269
63638938,20260207,1000.0,36.08,0.10309321999999971,0.0,13.866188290558817,0.0,1.42951,0.0,3419,0,0.005704989154013016,0.0,0.0014295100000000002,0.0,-0.6156821427228709,-1.0
63638951,20260207,2.47032,2.53,7.284128580000001,0.0239792174392037,0.24201384978846704,103.01491187918955,1.7628599999999999,2.470319986343384,19284,1,0.008461605967529618,1.0,0.7136160497425434,0.9999996423721312,-0.904342351862266,39.71735693443577
63639183,20260207,1000.0,34.1,0.039602299999999896,0.0,14.820856364403117,0.0,0.58694,0.0,1549,0,0.02073627844712182,0.0,0.00058694,0.0,-0.5653707811025479,-1.0
63639342,20260207,6.451612903225806,2.04,0.6874497099999993,1.0738728776124562,2.2969971141598142,6.00779391683799,1.5790699999999998,6.451612949371338,10334,15,0.07397279885468862,0.7597222222222223,0.24475584999999997,0.999999852180504,0.1259789775293207,1.9449970731278003
63640115,20260207,4.3478260869565215,2.41,0.1585456099999995,0.7782573880419007,3.495397948893077,5.586609885397389,0.55418,4.34782600402832,8107,16,0.009292755616689592,0.84375,0.1274614,0.9999997806549512,0.4503725929016916,1.3180953055741382
63645523,20260207,111.24086,12.3,20.94655676999999,3.641387681460048,5.061078112457719,30.54902118846277,106.01216,111.24085998535152,924647,355,0.07352940708696482,1.0,0.9529965877646037,0.9999999999999998,-0.588530234759535,1.483660220710746
63645835,20260207,62.5,12.3,2.190383879999999,0.7295778103657051,4.473608525643462,85.6658651704421,9.79892,62.50000000000005,425060,106,0.03458021477383664,1.0,0.15678272000000001,1.0000000000000009,-0.6362919897850844,5.964704377400826
63648944,20260207,26.5748031496063,68.0,0.0985532899999986,0.0,154.52239088111838,0.0,15.22869,0.0,2386,0,0.0018899009900990099,0.0,0.5730499644444444,0.0,1.2723881011929175,-1.0
63654752,20260207,1000.0,1.4,0.9703912699999997,127.04795463522152,1.638483412984538,7.871043614988872,1.5899699999999999,999.9999999999998,3670,391,0.005662706372473384,0.9218364900956292,0.0015899699999999998,0.9999999999999998,0.17034529498895581,4.622174106451391
63663934,20260207,2.1367521367521367,21.0,0.01623013,0.1117318980242757,22.84085216815885,19.12375107407338,0.37071,2.136752128601074,1186,1,0.0030201171377641964,0.0013071895424836,0.17349228,0.9999995827674866,0.08765962705518335,-0.0893451869488867
63670871,20260207,3.5461400000000003,1.3,4.315747939999999,0.6000556158310716,0.4677497453662691,5.909675623873034,2.01869,3.54613995552063,418402,4,0.08361016745933415,1.0,0.569264044848765,0.9999997310669992,-0.6401925035644084,3.545904492798963
63675427,20260207,1000.0,34.85,0.1049685599999992,0.0,18.840784326278413,0.0,1.97769,0.0,2304,0,0.0032089136490250697,0.0,0.00197769,0.0,-0.4593749117280226,-1.0
63693341,20260207,1000.0,82.32,0.0232848699999989,0.0,38.02168532613845,0.0,0.8853299999999996,0.0,2180,0,0.00798242402050531,0.0,0.0008853299999999996,0.0,-0.5381233560964717,-1.0
63695352,20260207,244.34484,1.0,278.00997194,9.339937614523446,0.812903107118669,26.16128900398463,225.99517,244.3448333740237,56566,160,0.007163245406308964,1.0,0.9249025680264007,1.0000000000000009,-0.18709689288133102,25.16128900398463
63698963,20260207,1000.0,9.5,0.1341763499999994,14.854681808299995,1.7842935807987108,19.040759984586263,0.23941,282.84445000000005,25039,561,0.0066331991098866165,0.0191794831976087,0.00023941,0.28284445,-0.81217962307382,1.0042905246932907
63701114,20260207,166.66666666666666,34.0,0.10341095999999951,0.3931898663,16.52697160919895,81.04432918257744,1.70907,31.86589,24190,20,0.0056870812272246385,0.0029674444828324,0.010254420000000002,0.1911953341651814,-0.5139125997294427,1.3836567406640423
63701115,20260207,166.66666666666666,34.0,1.0170834799999982,2.0549100728873024,21.73359457180451,81.10651305156037,22.10488,166.66667175292991,317627,298,0.0073764160539528745,0.6788154897494305,0.13262928000000002,1.000000000000001,-0.36077663024104384,1.3854856779870697
63704769,20260207,1000.0,7.57,1.558786249999999,71.70911645757712,3.203665672570568,13.945228102850336,4.99383,1000.0,7522,139,0.006137902896776826,1.0,0.00499383,1.0000000000000002,-0.576794495036913,0.8421701171229693
63708107,20260207,17.33141,5.0,1.7003743199999994,1.558069903716876,4.742097022495613,11.1236333423598,8.06334,17.331409454345703,18142,12,0.015942003514938487,1.0,0.4652443165328152,0.9999998899484528,-0.05158059550087746,1.2247266684719598
63711027,20260207,1000.0,29.95,0.0126712699999998,0.0,238.15844820606355,0.0,3.0177699999999996,0.0,1269,0,0.003895027624309392,0.0,0.0030177699999999995,0.0,6.951868053624827,-1.0
63711593,20260207,132.71462,3.93,7.46426473,7.150837355216006,1.8850912325560027,18.55930847204211,14.07082,132.7146148681641,8992,41,0.0031473573678683932,1.0,0.10602313445195412,1.0000000000000002,-0.5203330197058518,3.72247026890158
63712035,20260207,59.29753,27.0,3.042648139999999,0.3682113030822877,19.37017600727241,161.04168880711717,58.93663,59.29753112792969,50946,3,0.0514034910705277,1.0,0.9939137431188112,1.0,-0.2825860738047256,4.964506992856191
63716161,20260207,41.27358490566038,3.72,0.9929988299999999,5.520278036724735,1.2684506385571475,7.47672101330617,1.25957,41.27358627319337,42793,15,0.0029517095815198274,1.0,0.030517581714285716,1.0000000000000002,-0.6590186455491539,1.0098712246783046
63719668,20260207,1000.0,84.69,0.0002581,0.0,216.1565284773344,0.0,0.055790000000000006,0.0,1498,0,0.5548148148148148,0.0,5.5790000000000006e-05,0.0,1.552326466847732,-1.0
63761622,20260207,1000.0,40.0,18.74194842,10.996278165031905,43.66644447311951,90.9398520164888,818.3942499999999,1000.0000000000005,48158,173,0.0031624846498860644,1.0,0.81839425,1.0000000000000004,0.09166111182798779,1.2734963004122204
63768177,20260207,1000.0,95.0,0.36684069999999724,0.0322903733999999,46.32155047136298,407.131645877905,16.99263,13.14684,352894,10,0.007251450211958007,1.7345304543975268e-05,0.016992629999999998,0.01314684,-0.5124047318803897,3.285596272399
63777240,20260207,1000.0,31.86,1.0178924899999986,14.165382576593124,17.526408903950184,70.59462912479124,17.84,1000.0000000000005,45926,182,0.003431256817536572,0.7368421052631579,0.017839999999999998,1.0000000000000004,-0.44989300364249263,1.2157761384930574
63782676,20260207,1000.0,7.35,2.1781402499999993,45.7729137905356,13.303652049035872,21.84698100560485,28.97722,1000.0000000000005,6436,152,0.005100649865271834,1.0,0.028977219999999998,1.0000000000000004,0.8100206869436561,1.972378406676591
63786819,20260207,72.20216606498195,3.82,1.0274569299999996,14.197007356714924,0.0,5.085730872457984,0.0,72.20216369628908,10096,23,0.0014038210183820463,1.0,0.0,1.0000000000000002,-1.0,0.331343183595479
63793115,20260207,13.157894736842104,19.23,0.8729048300000002,0.351024382764965,2.003803782366515,37.484169904049054,1.74913,13.1578950881958,1025,13,0.08686440677966102,0.3939393939393939,0.13293388,0.9999999275207592,-0.8957980352383508,0.949254851604114
63798620,20260207,1000.0,15.0,1.3629326299999986,22.721811449584468,9.287869203043448,44.01057363794445,12.658739999999998,1000.0000000000002,30468,300,0.017411280644608264,0.9796632996632996,0.012658739999999998,1.0000000000000002,-0.3808087197971035,1.9340382425296296
63800765,20260207,199.22996,2.25,100.40840010999989,13.690556082460278,1.4375852004599796,14.552363648167791,144.34563000000003,199.22996520996105,308909,149,0.047207806100617394,1.0,0.7245176880023467,1.0000000000000004,-0.3610732442400091,5.467717176963463
63801044,20260207,750.0,12.0,10.220424519999998,6.26681048535723,8.865229602028315,119.6780853792106,90.60641000000001,750.0000000000002,520350,239,0.05984336185481645,1.0,0.12080854666666668,1.0000000000000002,-0.26123086649764043,8.973173781600883
63807604,20260207,1000.0,22.0,0.16320020999999948,0.0,10.508993830338854,0.0,1.7150699999999999,0.0,14590,0,0.024063994722084776,0.0,0.00171507,0.0,-0.5223184622573248,-1.0
63820271,20260207,68.4931506849315,2.7,3.1490065699999983,3.974934418806882,1.4951318440723362,17.231260784677065,4.70818,68.49314880371094,55247,105,0.0037335108395956103,1.0,0.06873942799999999,1.0,-0.44624746515839403,5.38194832606002
63825455,20260207,137.20322999999996,35.0,1.6012345599999986,2.275125937046564,32.92780540534926,60.30574803427566,52.725139999999996,137.20323181152344,177198,41,0.017557916014347714,1.0,0.38428497638138703,1.0,-0.05920555984716397,0.723021372407876
63827404,20260207,10.638297872340424,10.0,0.020658699999999704,0.6915484082781247,6.485887301718013,15.383279787855011,0.13399,10.638298034667969,1424,8,0.04127536231884058,0.1839285714285714,0.012595060000000002,0.9999999103546235,-0.3514112698281987,0.5383279787855011
63835415,20260207,1700.05321,30.2,49.63370162,21.23294278764036,34.0422252391338,80.06676981106342,1689.64165,1700.0532226562498,1559686,516,0.05997454414015335,0.996138996138996,0.9938757446303695,1.0,0.12722600129582118,1.6512174764352654
63839772,20260207,21.73913043478261,32.0,0.00565656,0.1517705091384683,27.960456531885104,143.2359086599578,0.15816,21.7391300201416,20151,6,0.34863321799307956,0.0729166666666666,0.00727536,0.9999999122619688,-0.1262357333785905,3.4761221456236813
63840064,20260207,1000.0,40.0,0.1193747299999997,0.0,19.089299720300986,0.0,2.2787800000000002,0.0,3614,0,0.014946236559139785,0.0,0.00227878,0.0,-0.5227675069924753,-1.0
63840552,20260207,1000.0,62.32,0.5946225499999989,0.7527712979000001,10.568199944653985,66.83634631661702,6.28409,50.31255,413262,53,0.011731132798528434,0.0001836855891656,0.00628409,0.05031255,-0.8304204116711492,0.0724702606532248
63843847,20260207,1000.0,300.0,0.8526294699999981,0.0,363.9800885606273,0.0,310.34015,0.0,7746,0,0.007241959611069559,0.0,0.31034015,0.0,0.2132669618687576,-1.0
63847388,20260207,66.11570247933884,566.0,0.10638380999999891,0.0,165.44359522374864,0.0,17.600520000000003,0.0,5656,0,0.08126436781609195,0.0,0.2662078650000001,0.0,-0.7076968282265925,-1.0
63848648,20260207,1000.0,19.0,0.1148203099999997,0.0,5.431965825558227,0.0,0.6236999999999999,0.0,1028,0,0.0030668257756563248,0.0,0.0006236999999999999,0.0,-0.714107061812725,-1.0
63867023,20260207,34.770514603616135,1100.0,0.0538456399999992,0.0,218.2925117056864,0.0,11.754100000000001,0.0,1655,0,0.0034827441077441078,0.0,0.338047916,0.0,-0.8015522620857397,-1.0
63874819,20260207,1000.0,33.66,0.9448800599999992,0.4244269859,13.054323529697527,61.86187261974328,12.33477,26.25591,4311,8,0.0022930851063829786,0.002020202020202,0.01233477,0.0262559099999999,-0.6121710181313865,0.8378453030355381
63886292,20260207,1000.0,18.66,0.5595576999999992,0.0,11.649504599793746,0.0,6.518569999999999,0.0,46331,0,0.033857790119848,0.0,0.006518569999999999,0.0,-0.3756964308792205,-1.0
63890282,20260207,42.79496,8.01,0.0635166,0.9220884220441452,0.0,46.41085669012678,0.0,42.794960021972656,4495,10,0.0031823008849557522,0.1785714285714285,0.0,1.0,-1.0,4.794114277647848
63892216,20260207,41.66666666666666,12.54,0.9331463899999988,1.2276714298176628,1.5654885617678933,33.939564761929915,1.4608299999999996,41.66666793823242,10184,48,0.10184,0.178878558290323,0.03505992,1.0,-0.8751604017728953,1.7065043752133064
63893649,20260207,36.47676,4.76,2.2019377899999992,3.1663098968380368,3.5351589110971218,11.52027139870708,7.7842,36.476760864257805,1170,16,0.0005691215098745014,1.0,0.2134016288727398,0.9999999999999998,-0.2573195564922013,1.4202249673868796
63893761,20260207,1000.0,8.0,0.3891586299999991,43.7551008065,3.910487607585635,13.998055470185482,1.5217999999999998,612.486342191,7556,473,0.008974937641050005,0.0374638458951311,0.0015217999999999998,0.612486342191,-0.5111890490517956,0.7497569337731853
63895426,20260207,2.45433,6.5,1.2508153499999992,0.2172242634554185,1.7856352658288062,11.298547546715188,2.2335,2.4543299674987797,1785,3,0.009365162644281217,1.0,0.9100243243573601,0.9999996114320574,-0.7252868821801837,0.7382380841100289
63898679,20260207,123.20089999999996,35.0,0.28454898999999845,3.4679186444037384,200.90347184152827,35.525880023087886,57.16688,123.20089721679682,5693097,562,0.08041029313310905,0.0049557161433428,0.4640134934079217,0.9999999999999996,4.7400991954722365,0.0150251435167967
63904068,20260207,1000.0,31.0,10.719261939999999,9.983494893524178,24.147337890317477,100.16531390057996,258.84164,1000.0000000000002,386134,272,0.010210701120671874,0.9890909090909092,0.25884164,1.0000000000000002,-0.22105361644137173,2.2311391580832245
63904287,20260207,89.5,18.0,0.8540667899999981,2.3551615181026504,9.683083450651463,38.00162379966135,8.27,89.50000000000003,5394,64,0.0016505002906887793,0.512,0.0924022346368715,1.0000000000000002,-0.46205091940825205,1.111201322203408
63904753,20260207,1000.0,31.0,0.014054859999999999,0.0,16.400021060330733,0.0,0.23049999999999998,0.0,1045,0,0.0044,0.0,0.0002305,0.0,-0.47096706256997634,-1.0
63904784,20260207,1000.0,31.0,4.666134619999999,19.14290919061195,23.000272975407643,52.23866120891159,107.32236999999999,999.9999999999987,103750,220,0.01361798755676896,1.0,0.10732236999999999,0.9999999999999988,-0.2580557104707212,0.685118103513277
63905155,20260207,1000.0,30.0,14.311155770000001,10.97695823819931,21.206393451197822,91.09991012083265,303.48799999999994,1000.0000000000006,166365,253,0.02275512576766834,0.9797835195530726,0.3034879999999999,1.0000000000000009,-0.2931202182934059,2.036663670694421
63909258,20260207,1000.0,8.49,0.0785548699999998,6.4170838149,6.25409984129566,18.693514806204,0.49129,119.95786999999996,1031,16,0.0007925282496733031,0.0047160205024538,0.00049129,0.1199578699999999,-0.2633569091524547,1.201827480584489
63918879,20260207,1000.0,12.0,0.4190223499999993,4.0609691895,4.2963340738268565,28.267508660075567,1.80026,114.79350999999996,11307,8,0.0011343298555377206,5.779219137329219e-05,0.00180026,0.1147935099999999,-0.6419721605144286,1.355625721672964
63920538,20260207,10.416666666666666,10.85,0.00861161,0.3592703008726063,0.0,28.993874432101496,0.0,10.416666984558104,2611,33,0.0012296317227088632,0.0526603542707211,0.0,0.9999999084472766,-1.0,1.6722463974857504
63921753,20260207,1000.0,30.0,2.4290685599999984,13.910666552191971,16.183087891105068,71.88727616759307,39.30983,1000.0000000000002,143425,220,0.013452862221305094,1.0,0.03930983,1.0000000000000002,-0.46056373696316444,1.396242538919769
63924789,20260207,7.319470000000001,2.53,4.274365819999999,0.6100599058812526,1.5365250136685777,11.997933088612267,6.56767,7.319469928741455,2115,5,0.19766355140186917,1.0,0.8972876451437056,0.9999998697072052,-0.3926778602100483,3.7422660965571497
63930260,20260207,1000.0,50.18,0.40955222999999735,0.2240471552,13.81657719212037,65.42642579187816,5.6586099999999995,14.658670000000004,1565171,98,0.04548474465939571,0.0002635358954529,0.00565861,0.01465867,-0.724659681304895,0.3038347029489714
63931270,20260207,17.857142857142858,1.05,9.997431630000001,3.556842459128878,0.7097622932181032,5.020503040770053,7.0958000000000006,17.857143402099606,9372,22,0.002013535288430551,1.0,0.3973648,0.999999893188491,-0.32403591122085407,3.7814316845395073
63934713,20260207,29.41176470588235,60.0,0.37391975999999916,0.0,69.66021266166852,0.0,26.04733,0.0,1596,0,0.0013581822823589482,0.0,0.88560922,0.0,0.16100354436114206,-1.0
63935338,20260207,45.15721,1.18,43.847514660000016,3.461041144411632,0.807353855161468,13.047287325473334,35.400459999999995,45.15721130371093,5753,17,0.004228281640452742,1.0,0.7839381573839481,1.0,-0.3158018176597729,10.057023648675685
63937480,20260207,27.785550000000004,6.0,15.92798474,0.7913771383436067,1.7353620342556908,35.110331986141134,27.640819999999998,27.78554916381836,3633,3,0.00724571200638213,1.0,0.9947911774285553,0.9999999313546588,-0.7107729942907182,4.851721997690189
63939449,20260207,1000.0,16.0,0.49055693999999916,0.0,8.767035280348917,0.0,4.30073,0.0,22070,0,0.06103429203539823,0.0,0.00430073,0.0,-0.45206029497819267,-1.0
63939968,20260207,1000.0,30.87,0.3124397999999979,0.0,14.360974498127415,0.0,4.48694,0.0,6805,0,0.0015755597230904586,0.0,0.00448694,0.0,-0.5347918853862191,-1.0
63939971,20260207,1000.0,30.87,0.6990634299999976,0.009863406,9.678549484415202,38.21922982488757,6.7659199999999995,0.3770099999999999,27337,1,0.006456084831022837,1.8444739560277407e-05,0.00676592,0.0003770099999999,-0.6864739396043018,0.2380702554537629
63942675,20260207,7.03731,2.08,2.40745589,1.0410411087297005,1.3539936551028562,6.759870772211765,3.25968,7.037310123443604,17441,11,0.28405537459283386,1.0,0.46319971693729567,0.9999998644831376,-0.3490415119697807,2.2499379904626715
63942976,20260207,0.7507507507507507,4.82,0.09498938999999951,0.0624430680006286,0.6256488224632278,12.022771804329489,0.05943,0.7507507801055908,5076,2,0.04691312384473198,0.3333333333333333,0.07916076,0.999998650314298,-0.8701973397379195,1.494350907914061
63948300,20260207,1000.0,10.01,3.0623741299999985,45.62769406622148,8.330928527011823,21.91651361193361,25.51242,999.9999999999987,56224,492,0.011217877094972068,1.0,0.025512419999999997,0.9999999999999988,-0.16773940789092678,1.1894618492313245
63950119,20260207,1127.6450100000006,1.49,1214.6769155400002,270.4496784854534,0.9169166761557043,4.169518786920589,1113.75752,1127.6450195312498,164069,465,0.009557064884984826,1.0,0.9876845196166828,0.9999999999999998,-0.38461968043241324,1.7983347384118051
63950135,20260207,53.81452,18.5,3.5856543599999995,1.118366506744782,8.411530217876328,48.1188173520778,30.16084,53.81452178955079,7274,8,0.03225720620842572,1.0,0.5604591474568573,1.0000000000000002,-0.5453226909256039,1.6010171541663674
63951234,20260207,1000.0,24.0,0.6132488499999987,0.0,11.454615854558904,0.0,7.02453,0.0,14776,0,0.009395307433076875,0.0,0.00702453,0.0,-0.522724339393379,-1.0
63953718,20260207,1000.0,22.5,1.6580488599999996,15.5555080887,14.751356603568368,46.746110947164766,24.45847,727.1595537000001,59318,174,0.051919474835886215,0.0980706407845047,0.02445847,0.7271595537000001,-0.34438415095251695,1.0776049309851008
63956425,20260207,1000.0,50.67,3.5357482699999983,6.036948973167766,22.787402792111113,165.6465606713104,80.57052,1000.0,115361,369,0.012660893805698232,0.7827761819196746,0.08057052,1.0,-0.5502782160625397,2.269125057376301
63957691,20260207,1000.0,18.0,0.45442549999999754,0.0039968176,4.975799113386048,10.58827696391151,2.2611299999999996,0.04233,4119,1,0.007485008177357805,0.0007716049382716,0.0022611299999999997,4.233e-05,-0.7235667159229973,-0.411762390893805
63958692,20260207,1000.0,30.0,1.691604149999999,9.8348000652,15.538381127759719,72.10240899321937,26.284790000000005,709.11284877,49548,192,0.07745505705799594,0.0674998612498612,0.026284790000000006,0.70911284877,-0.4820539624080094,1.4034136331073124
63967286,20260207,1000.0,30.2,4.732072439999998,14.00034476211611,31.444605273202473,71.4268073797095,148.79815000000002,999.9999999999995,323845,437,0.011683900249664468,1.0,0.14879815000000002,0.9999999999999996,0.04121209513915477,1.3651260124258793
63967300,20260207,1000.0,29.2,14.951385440000003,10.890563609004577,33.738626565699704,91.82260386878151,504.43920999999983,999.9999999999986,891913,333,0.0644394592915303,1.0,0.5044392099999998,0.9999999999999988,0.15543241663355153,2.144609639371053
63972226,20260207,1000.0,29.07,0.0710429399999995,0.0,10.738575852857515,0.0,0.7628999999999999,0.0,6577,0,0.011975600873998543,0.0,0.0007629,0.0,-0.6305959458941344,-1.0
63972231,20260207,1000.0,29.07,0.3966301899999991,0.0,10.763376333001803,0.0,4.269079999999999,0.0,20039,0,0.014682737397420868,0.0,0.004269079999999999,0.0,-0.6297428162022084,-1.0
63982060,20260207,144.41286,32.0,0.33754527999999956,0.0026328288,44.74125663970185,693.4125710828281,15.102200000000002,1.82633,12379,1,0.0036130406864748115,2.6812526812526813e-05,0.10457655917900942,0.0126465886572415,0.3981642699906829,20.669142846338374
63985166,20260207,50.0,46.0,0.0192897799999996,0.3593258095089907,10.526299418656107,139.14909401923975,0.20305,50.0,4693,5,0.0284251968503937,0.0180437590890807,0.004061,1.0,-0.7711674039422585,2.024980304766081
63985726,20260207,4994.14603,1.0,6089.890448690001,2344.53836181454,0.7498611984033832,2.1301191208057078,4566.572550000001,4994.14599609376,160888,1580,0.11837833860643072,0.9844443339870927,0.914385066549606,1.000000000000002,-0.25013880159661683,1.130119120805707
63985744,20260207,1000.0,86.31,0.0857126599999991,0.002452714,6.0222142213297944,142.08257360067225,0.51618,0.34863,77376,2,0.03762875066867675,5.250699719663775e-05,0.00051618,0.00034863,-0.9302257650176133,0.6461890582746901
63990159,20260207,1000.0,82.32,1.1119273199999975,7.625919030690664,5.475798544099099,131.13171866154912,6.08869,1000.0000000000002,3475783,3286,0.24096718731584896,0.0901184293521934,0.00608869,1.0000000000000002,-0.9334815531572025,0.5929509128726816
63992188,20260207,221.95962,49.74,0.7805867899999986,0.0,15.255946106902503,0.0,11.90859,0.0,1284,0,0.00801498127340824,0.0,0.05365205617129819,0.0,-0.6932861659247587,-1.0
63993604,20260207,23.71317,4.5,6.438650769999999,0.3415924540392255,3.4845048755455337,69.4192725811935,22.43551,23.713169097900384,31270,24,0.007909047221589903,1.0,0.9461202361388207,0.9999999195658548,-0.22566558321210362,14.426505018043
63994945,20260207,1000.0,24.0,41.13260980999996,14.781454936100335,17.640384195208465,67.6523344062291,725.59504,1000.0000000000002,466873,184,0.009917494588503198,1.0,0.7255950400000001,1.0000000000000002,-0.26498399186631394,1.8188472669262128
63997152,20260207,69.34492,12.0,2.785368799999998,1.5612794818760845,9.052226764369594,44.41541292698172,25.21379,69.34491729736328,33819,18,0.0018811220318053633,1.0,0.3635996695936775,1.0,-0.24564776963586712,2.7012844105818097
63997228,20260207,3.88989,3.37,0.707181539999999,0.228393732712094,5.500553648501636,17.031434610289725,3.8898900000000003,3.889889955520629,29994,7,0.055792410714285715,1.0,1.0000000000000002,0.9999997548326318,0.6322117651340167,4.053838334912648
63999590,20260207,40.26390000000001,45.0,1.131787849999998,0.0569621742999999,24.45908038330686,139.396558312938,27.682489999999998,7.940470448,16471,30,0.014351311318288752,0.0030958293097659,0.687526295266976,0.1972106601383344,-0.4564648803709587,2.0977012958430667
64000136,20260207,1000.0,90.69,1.6932441799999993,2.488029893286918,77.56852883439414,401.9242697902793,131.34246000000002,1000.0000000000008,15096,390,0.002574922817132038,0.7336005497022446,0.13134246000000002,1.0000000000000009,-0.14468487336647762,3.431847601393085
64002001,20260207,1000.0,62.32,0.2421834799999985,0.3105728478999999,25.8219099007085,45.49140275503539,6.253640000000001,14.128439999999998,62783,74,0.048771071234366505,0.0047056116119495,0.00625364,0.0141284399999999,-0.5856561312466544,-0.2700352538863454
64004668,20260207,1000.0,32.0,0.5324289999999983,0.0,43.09333263214452,0.0,22.944139999999997,0.0,118155,0,0.025785648814979703,0.0,0.02294414,0.0,0.34666664475451614,-1.0
64005450,20260207,1000.0,23.0,0.0635592799999993,0.0,6.056078671753428,0.0,0.38492,0.0,1573,0,0.011373825018076645,0.0,0.00038491999999999997,0.0,-0.7366922316628944,-1.0
64005608,20260207,341.5910099999999,25.0,3.260798799999999,5.636540102284625,10.870968181170825,60.602947307439024,35.44804,341.59100341796943,2483646,826,0.03214597179707875,1.0,0.10377333993655163,1.000000000000002,-0.565161272753167,1.424117892297561
64007547,20260207,41.66666666666666,6.5,0.0681534699999993,1.51521656887846,0.0,27.498802016316,0.0,41.66666793823242,3976,57,0.01602579604997985,0.4347540515456558,0.0,1.0,-1.0,3.2305849255870767
64009920,20260207,650.6762800000001,2.3,108.41929587999999,117.39911583813544,1.5695649802812575,5.542428998238317,170.17113,650.6762695312501,12907,214,0.02348435225618632,1.0,0.2615296349822372,1.0000000000000002,-0.31758044335597496,1.409751788323581
64012844,20260207,1000.0,33.75,0.0253990099999997,0.0,39.24286812753771,0.0,0.9967299999999999,0.0,1932,0,0.01932,0.0,0.00099673,0.0,0.1627516482233396,-1.0
64019817,20260207,248.75621890547265,600.0,0.0269656999999989,0.0,21.850350630616823,0.0,0.58921,0.0,1030,0,0.0033594259621656884,0.0,0.0023686242,0.0,-0.9635827489489719,-1.0
64020537,20260207,40000.0,1.56,1525.4624940200001,8649.101112150553,1.2181481926199602,4.624758050195719,1858.23938,39999.99999999977,845119,6776,0.04100310027121309,0.9977224947442188,0.0464559845,0.9999999999999942,-0.219135773961564,1.964588602455666
64020711,20260207,1000.0,28.88,1.0800372399999991,17.763645446042,33.37977494183444,56.29474798643131,36.0514,1000.0000000000006,53771,251,0.0032712793463646707,0.5363247863247863,0.036051400000000004,1.0000000000000009,0.15580938164246683,0.9492641835983004
64021638,20260207,380.56766,3.0,151.39981512,40.56527671490872,1.5370415731059843,9.381611045419652,232.70781,380.5676574707032,53398,428,0.012248371410221122,1.0,0.6114755257974364,1.0000000000000002,-0.4876528089646719,2.1272036818065505
64026285,20260207,1000.0,27.12,1.8919629599999992,13.725484816115646,21.427496656699887,72.8571661067078,40.54003,999.9999999999992,3076,347,0.005333795734350616,0.9477148475909536,0.040540030000000005,0.9999999999999992,-0.2099005657559039,1.6864735933676045
64029548,20260207,1000.0,26.3,2.3800731099999988,14.161777288415372,20.342488554899905,70.61260101904158,48.41661,1000.0,91557,117,0.003833772302641772,0.9915254237288136,0.04841661,1.0000000000000002,-0.2265213477224371,1.684889850473383
64029589,20260207,1000.0,30.0,3.040580139999999,18.05332931096432,23.005876108892835,55.39144206499514,69.95121,1000.000000000001,129753,202,0.007055052605823342,1.0,0.06995121,1.000000000000001,-0.2331374630369055,0.8463814021665047
64033273,20260207,1172.770339999999,25.52,1.0628980399999992,22.032173273634346,17.330335842937497,53.22989783834578,18.42038,1172.7703857421864,45303,330,0.0013085486181717348,0.8549222797927462,0.01570672396097604,0.999999999999999,-0.32091160490056825,1.0858110064082005
64040144,20260207,500.0,1.6,21.039017819999998,81.37619740119378,0.6015523209438491,6.144302754657379,12.65607,500.00000000000034,2695,148,0.012216681776971895,0.9720178372352284,0.02531214,1.0000000000000009,-0.6240297994100943,2.840189164437584
64040948,20260207,208.86075949367088,12.0,14.615005989999997,13.382126600872445,6.131463104518373,15.60744074329317,89.61137,208.86076354980463,6534,50,0.44448979591836735,0.757554945054945,0.42904837757575753,0.9999999999999998,-0.4890447412901356,0.3006200619410974
64048356,20260207,1062.3138600000002,50.18,47.016990050000004,6.039013580769816,22.246369427045014,175.90847456407707,1045.9573299999997,1062.3138427734375,124130,174,0.009849867483455269,0.9942857142857144,0.984602921400272,1.0000000000000002,-0.5566686044829611,2.5055494917151906
64048419,20260207,793.6428571428571,2.67,3.1898601900000005,98.37813447480002,1.0692443545621348,8.020127818138077,3.4107399999999997,789.0052210179999,2208,1119,0.01645305514157973,0.9264264852007306,0.004297575375753758,0.9941564872811646,-0.5995339496021966,2.003793104481966
64055756,20260207,145.76475000000008,12.0,18.89065399,2.721261543268033,7.020497017742476,53.56512020849368,132.62178,145.76475524902344,30880,25,0.0020010238399180928,1.0,0.9098343735368114,1.0,-0.4149585818547937,3.4637600173744736
64059312,20260207,2.48044,13.0,0.0393387199999998,0.0302179924979217,0.0,82.08215086993775,0.0,2.4804399013519287,6263,1,0.017158904109589042,0.3333333333333333,0.0,0.9999996423721312,-1.0,5.314011605379827
64059848,20260207,33.373839999999994,14.0,3.2924306599999986,0.6813732471060333,7.6870259736920366,48.980190363487154,25.309000000000005,33.37384033203125,174403,3,0.03015944109153164,1.0,0.7583484549575359,1.0,-0.4509267161648545,2.498585025963368
64060132,20260207,1000.0,114.63,0.00028414,0.0,0.0,0.0,0.0,0.0,3555,0,0.1615909090909091,0.0,0.0,0.0,-1.0,-1.0
64062292,20260207,1321.44021,800.0,2.2271656199999987,0.00061,543.0586702393514,1495.793780687398,1209.4815999999998,0.91393,38700,1,387.0,1.0,0.9152753116238228,0.0006916166240409,-0.32117666220081076,0.8697422258592473
64073068,20260207,1013.3127800000002,12.92,44.13809028,28.68854004380913,13.419031413517695,35.32116895133816,592.29042,1013.3128051757816,539831,277,0.024098737545087675,0.9453924914675768,0.5845089805341248,1.0000000000000004,0.03862472240849034,1.7338365899971346
64081848,20260207,1000.0,96.08,0.0024119499999999,0.0051314426,0.0,25.042657077158538,0.0,0.1285299999999999,8472,3,0.03788908765652952,0.0010962111536824,0.0,0.00012853,-1.0,-0.7393561969202177
64083791,20260207,125.47337,14.0,1.6046278199999997,3.564265481826785,7.512720301708345,35.203140408507664,12.055120000000002,125.47337341308597,6230,45,0.0017661233167965982,1.0,0.09607711979043841,1.0000000000000002,-0.4633771213065468,1.514510029179119
64086199,20260207,1000.0,32.2,0.021028999999999798,0.0257893792999999,31.227352703409878,13.726048612243558,0.65668,0.354,4888,5,0.9584313725490196,0.0296494355317884,0.0006566800000000001,0.000354,-0.03020643778230202,-0.5737252084775869
64087380,20260207,1000.0,23.0,5.341132769999998,22.253615445309546,9.887792023563573,44.93651638409415,52.812009999999994,999.9999999999992,40541,321,0.0082201585595815,1.0,0.05281200999999999,0.9999999999999992,-0.5700959989754968,0.9537615819171368
64096983,20260207,1000.0,30.2,4.301334859999997,16.33541875858093,15.664290782513046,61.21666995883009,67.37736,1000.0000000000008,366253,530,0.011189857870873917,1.0,0.06737736,1.0000000000000009,-0.48131487475122364,1.0270420004079397
64097468,20260207,15.625,21.06,0.01136528,0.2727735803,15.553510340264385,20.595247525709414,0.17677,5.617859999999999,1350,2,0.028421052631578948,0.0013793103448275,0.01131328,0.3595430180552357,-0.2614667454765249,-0.0220679939230078
64099890,20260207,1000.0,30.66,10.770363810000001,12.753070737516838,17.179383469684296,78.41248136777993,185.02821,999.9999999999998,177015,118,0.003985738120917497,1.0,0.18502821,0.9999999999999998,-0.43968090444604385,1.557484727919802
64101372,20260207,416.6666666666667,160.0,0.7412095499999974,0.0,49.9585710950434,0.0,37.02977,0.0,120200,0,0.0036913287555124254,0.0,0.08887144799999999,0.0,-0.6877589306559788,-1.0
64101770,20260207,72.20216606498195,3.4,4.905490569999999,11.30796227376539,1.4534876580141916,6.3850723554965,7.13007,72.20216369628909,40501,21,0.0052632194513391635,1.0,0.0987514695,1.0000000000000004,-0.572503629995826,0.8779624048235437
64104000,20260207,1000.0,42.0,0.0751657799999997,0.0156222231999999,0.0,96.59978486385576,0.0,1.5092,5927,1,0.750253164556962,0.0384615384615384,0.0,0.0015092,-1.0,1.299994877710852
64105048,20260207,11.616680000000002,2.37,4.914132839999999,1.597543461292371,0.9571739619476793,7.271584877122036,4.70368,11.616680145263674,204118,40,0.09910565158283162,1.0,0.4049074262181621,0.999999917904752,-0.5961291299798821,2.068179421201395
64106409,20260207,1000.0,42.0,0.0010545499999999,0.0003761164,0.0,64.91364469962059,0.0,0.02448,4593,1,0.9772340425531915,0.0357142857142857,0.0,2.448e-05,-1.0,0.5455629690385855
64107218,20260207,2941.176470588235,1.0,3.578357160000001,885.2990065088,0.6744827003238546,2.2978953114219767,2.41354,2034.3244385610003,6855,1159,0.0591458153580673,1.0,0.0008206035999999999,0.691670298978851,-0.3255172996761454,1.297895311421977
64110035,20260207,228.48797,91.53,7.419097219999999,0.5511379080285639,26.11490107956828,414.5742076013564,193.74899000000002,228.48797607421875,25890,49,0.010469912649627952,1.0,0.8479614484736331,1.0,-0.7146847910022038,3.5293806744278986
64113541,20260207,65.18745999999999,15.0,8.433780029999998,1.823801708414695,7.209028428975994,35.74260612305498,60.79936,65.18746185302733,269827,22,0.04162134230051366,1.0,0.9326849059619751,0.9999999999999998,-0.5193981047349338,1.3828404082036656
64114731,20260207,814.7297199999998,1.0,1020.60950375,281.52387939703027,0.7809207410586979,2.893998673146732,797.01513,814.7297363281249,25262,256,0.018622926649465535,1.0,0.9782570961078972,1.0,-0.2190792589413021,1.893998673146732
64115407,20260207,17.81497,1.0,39.86770361,0.9192763661685316,0.44141092680306493,19.379319748435396,17.598039999999997,17.814970016479496,10906,12,0.00822535636171657,1.0,0.987823162205718,0.9999998929356364,-0.5585890731969351,18.379319748435396
64115681,20260207,6.819940000000001,1.8,8.570856709999997,0.1584998255511287,0.7909804386404218,43.02778907595965,6.779380000000001,6.819940090179445,20773,13,0.03970374617737003,1.0,0.9940527336017618,0.9999998601638476,-0.5605664229775434,22.904327897670463
64117220,20260207,230.21069000000008,20.91,0.46890148999999876,0.0,7.614157933258025,0.0,3.570289999999999,0.0,41787,0,0.0005780387600116197,0.0,0.015508793271068333,0.0,-0.6358604527375407,-1.0
64118118,20260207,11.77282,260.0,0.09289077999999928,0.0,68.46610610870152,0.0,6.35987,0.0,1267,0,0.0006213525575008582,0.0,0.5402163627745944,0.0,-0.7366688226588403,-1.0
64119946,20260207,1000.0,9.0,0.0419825599999997,43.91662082049388,0.0,22.77042173433627,0.0,1000.0000000000005,18374,1320,0.002513611863525678,0.0683686825902811,0.0,1.0000000000000004,-1.0,1.5300468593706968
64120867,20260207,1000.0,9.0,1.4720825399999993,7.1399313029903295,6.463190576256685,140.05735034507023,9.51435,1000.0000000000008,261822,225,0.02192281606644952,1.0,0.00951435,1.0000000000000009,-0.28186771374925723,14.561927816118915
64125620,20260207,1000.0,7.5,6.036810639999998,10.335621688408148,1.7993938600664807,96.75275792735184,10.862599999999999,999.9999999999992,1887451,427,0.07749747485115993,1.0,0.010862599999999998,0.9999999999999992,-0.7600808186578026,11.900367723646914
64126534,20260207,333.3333333333333,6.0,10.337520489999998,7.168912158342588,1.4352861514860227,46.49705417591139,14.8373,333.3333435058593,16174,232,0.004599198111866238,1.0,0.04451190000000001,0.9999999999999998,-0.7607856414189963,6.749509029318564
64129362,20260207,1000.0,24.0,0.004000269999999999,0.0,0.0,0.0,0.0,0.0,1641,0,8.793316864842273e-05,0.0,0.0,0.0,-1.0,-1.0
64129661,20260207,1143.8391200000003,24.0,39.60234387999999,19.413664051103247,18.662002740025706,58.91927713376935,739.0590500000001,1143.8391113281248,279466,257,0.004291428843445907,1.0,0.6461215017720323,0.9999999999999998,-0.22241655249892892,1.4549698805737228
64131561,20260207,35.86777000000001,16.1,3.1311329399999996,0.7491285386080433,11.277767720715175,47.87926426626763,35.31219,35.86777114868165,6708,7,0.00688211757463835,1.0,0.9845103277956783,1.0000000000000002,-0.2995175328748339,1.9738672752687765
64138592,20260207,1000.0,49.74,18.243956569999998,8.566531186946502,17.530388146500613,116.73334999240168,319.82363999999995,1000.0,30667,269,0.01318160326670965,0.2078265706128909,0.31982363999999996,1.0,-0.6475595467128948,1.3468706484370168
64141830,20260207,1000.0,25.0,11.687656009999998,14.91565625211689,9.752832381657338,67.0436430052774,113.98774999999999,1000.0000000000016,66955,241,0.0002839430833110338,1.0,0.11398774999999998,1.0000000000000018,-0.6098867047337064,1.681745720211096
64142416,20260207,111.11111111111111,3.54,0.2609288899999992,3.7840001179696183,0.30912636772417285,29.36339367721223,0.08066,111.11111450195312,9221,76,0.10256952169076752,0.8914930555555556,0.0007259399999999999,1.0,-0.9126761673095557,7.294744065997628
64150905,20260207,6.079800000000001,48.47,0.060453279999999894,0.0098978852,20.284259183290008,25.43619760334224,1.22625,0.2517899999999999,3003,2,0.1716,0.0235507246376811,0.20169248988453564,0.0414141838817963,-0.5815089914732823,-0.4752177230712012
64157057,20260207,319.6986600000001,3.0,9.951795829999998,6.424556147274184,20.23582612023905,49.76197769043674,201.38281,319.69866943359386,32315,100,0.09315364658402998,0.9589603283173734,0.6299144638266546,1.0000000000000004,5.745275373413016,15.587325896812247
64162199,20260207,209.54995,1.0,7.434174840000001,27.22651950739888,13.057420909406536,7.696538278493751,97.07115,209.5499572753906,16762,63,0.037026728517782194,0.0226924614484323,0.4632363310036581,1.0,12.057420909406536,6.696538278493751
64162266,20260207,1000.0,2.09,74.27437595999999,150.1430159938702,0.8667137107239858,6.660316410458338,64.37462,999.9999999999987,2371583,1472,0.14983276683387878,1.0,0.06437462,0.9999999999999988,-0.5853044446296719,2.1867543942486423
64165844,20260207,1000.0,4.75,46.44669738,76.50586620589155,2.7559875560736797,13.07089294614246,128.00652,999.9999999999995,13710,273,0.006478899862955437,0.9833333333333334,0.12800651999999998,0.9999999999999996,-0.4197920934581727,1.7517669360299917
64166008,20260207,1000.0,148.94,0.013172819999999698,0.0,26.522794663557843,0.0,0.34938,0.0,1978,0,0.019819639278557115,0.0,0.00034938000000000005,0.0,-0.8219229578114822,-1.0
64166181,20260207,35.08771929824562,61.67,0.0473679299999997,0.1089734734053776,13.973589303986978,321.98108297435044,0.6618999999999997,35.08771896362305,1359,1,0.00880181347150259,0.3333333333333333,0.01886414999999999,1.0,-0.7734135024487275,4.221032796081515
64167205,20260207,1000.0,10.0,0.7703270299999996,48.43986647003296,7.99997891804472,20.644152270206867,6.162599999999999,1000.0000000000006,33173,320,0.0040760582416907295,0.5696818613485279,0.006162599999999999,1.0000000000000009,-0.20000210819552802,1.0644152270206866
64169776,20260207,2.2580645161290325,3.34,0.1861151899999996,0.1452081536091924,0.12830763571742881,15.550428139780609,0.02388,2.258064508438111,25496,6,0.9768582375478927,0.8888888888888888,0.010575428571428569,0.9999995776586942,-0.9615845402043626,3.65581692796185
64173658,20260207,31.25,14.4,0.0010938100000000002,0.0137476445,11.821065815818102,89.85976763018346,0.01293,1.2354499999999995,1071,9,0.013819354838709677,0.0289074960127591,0.00041376,0.0395343975870118,-0.1790926516792985,5.240261806295446
64177035,20260207,237.66124999999988,12.0,24.485487429999996,7.010059030317477,4.2817244418646245,33.90288440540628,104.84011000000001,237.66125488281224,980620,454,0.018343952380774225,1.0,0.44113253633059685,0.9999999999999988,-0.6431896298446146,1.8252403671171895
64178557,20260207,1000.0,31.31,0.0886122099999985,0.0,10.052790693291762,0.0,0.8908,0.0,3427,0,0.0014999781152886594,0.0,0.0008908000000000001,0.0,-0.6789271576719335,-1.0
64178983,20260207,4.433497536945813,3.12,2.1055268100000006,0.6874628136945987,0.5951052221462807,6.4490629769548775,1.2530100000000002,4.433497428894042,66908,10,0.17050968399592253,1.0,0.2826233666666667,0.9999997848935006,-0.809261146747987,1.0670074402259957
64179291,20260207,1000.0,12.93,0.060736689999999496,2.6304628048000005,0.0,21.622764736853902,0.0,56.8779,2521,33,0.7002777777777778,0.8859649122807018,0.0,0.0568778999999999,-1.0,0.6722942170541538
64179851,20260207,1000.0,10.01,0.3255854799999997,41.0547049047,5.419129870287833,15.428874377285076,1.7643900000000001,633.4279000000001,5984,147,0.00380831158913002,0.0081231163450057,0.0017643900000000002,0.6334279000000002,-0.4586283845866301,0.5413460563935024
64180551,20260207,1000.0,86.31,0.0109129999999997,0.0,40.275817831944664,0.0,0.43953000000000003,0.0,5354,0,0.36924137931034484,0.0,0.00043953000000000004,0.0,-0.5333586162444136,-1.0
64181008,20260207,1000.0,30.8,0.1026293999999999,0.0,14.458040288650244,0.0,1.48382,0.0,1024,0,0.014566145092460882,0.0,0.0014838199999999998,0.0,-0.5305831075113558,-1.0
64185135,20260207,250.0,28.0,0.7614459199999998,0.0,50.63039801959937,0.0,38.552310000000006,0.0,26135,0,0.0095701050935589,0.0,0.15420924000000003,0.0,0.8082285006999774,-1.0
64186013,20260207,82.85864999999998,10.0,0.7175463199999993,3.528185032860551,6.5986262740501616,23.48477360201444,4.73482,82.85865020751953,1590,8,0.0001596561869282752,0.25,0.05714333989269679,1.0,-0.34013737259498383,1.3484773602014442
64188498,20260207,1000.0,26.98,0.00055345,0.0027878585,0.0,40.37852763056999,0.0,0.1126099999999999,20762,2,0.020013495276653172,0.0001853865800771,0.0,0.00011261,-1.0,0.4966096484678843
64189196,20260207,96.95803,32.41,4.22056063,0.5274305936608903,14.630236457472718,183.8305324633668,61.74780000000001,96.95803070068358,9290,14,0.004811227924801906,1.0,0.6368508106033096,1.0,-0.5485888164926652,4.672031265931813
64190160,20260207,111.11111111111111,2.0,24.95588943,20.943569292740083,1.1133123537003906,5.305261373724273,27.783699999999996,111.11111450195312,4183,42,0.008793357157872609,1.0,0.2500533,1.0,-0.4433438231498047,1.6526306868621363
64192256,20260207,3.605769230769231,102.0,0.0016613199999999,0.0025784421,0.0,954.7723517422623,0.0,2.46278,9450,2,0.010175514159577905,9.935419771485344e-05,0.0,0.6830108199159782,-1.0,8.360513252375123
64192383,20260207,89.25466,25.49,9.178e-05,0.0,0.0,0.0,0.0,0.0,1309,0,0.010123743232791957,0.0,0.0,0.0,-1.0,-1.0
64192413,20260207,1000.0,58.55,0.032132519999999,0.0,23.139174891979312,0.0,0.74352,0.0,11300,0,0.022893030794165315,0.0,0.00074352,0.0,-0.6047963297697813,-1.0
64199262,20260207,461.9958,1900.0,0.0820379699999994,0.0,339.63797495233246,0.0,27.86321,0.0,3331,0,0.0009554816132178304,0.0,0.06031052663249319,0.0,-0.8212431710777197,-1.0
64200673,20260207,1000.0,10.57,0.3103161699999992,24.4465373364,1.7392261576314292,40.39353123994963,0.53971,987.4820099999996,109142,532,0.055119438412201405,0.0179181993282896,0.00053971,0.9874820099999996,-0.8354563710850115,2.821526244672364
64200712,20260207,1000.0,160.82,0.3984430099999988,0.0,56.78746880262768,0.0,22.62657,0.0,41762,0,0.027455131155085136,0.0,0.022626570000000002,0.0,-0.6468880188867823,-1.0
64200992,20260207,1000.0,10.57,0.017003289999999997,17.2788025537,0.0,33.15408490059081,0.0,572.86292,4000,307,0.0020105554159336515,0.0155206374232622,0.0,0.57286292,-1.0,2.136621178600911
64203381,20260207,1000.0,46.06,8.86759621,6.290818858484177,23.37587268196101,158.9617923411588,207.2878,999.9999999999995,7833,255,0.0031326987681970886,0.9732142857142856,0.2072878,0.9999999999999996,-0.49249082323141535,2.45118948331896
64206422,20260207,70.27027027027027,20.7,0.0865666899999999,1.0967922483,8.043625094132638,23.17476884490045,0.6963100000000001,25.41793,7980,11,0.014169034090909092,0.0017107940060526,0.009909026923076924,0.3617166908467705,-0.6114190775781334,0.1195540092149045
64210247,20260207,72.20216606498195,3.4,10.805448110000002,13.000402112674092,1.5694453230778593,5.553840374834162,16.95856,72.20216369628908,114966,28,0.015569399114313187,1.0,0.23487605599999997,1.0000000000000002,-0.5383984343888649,0.6334824173685704
64210997,20260207,1000.0,29.6,14.719852320000005,11.881394564561855,21.984303440348636,84.1651971408695,323.60569999999996,1000.0000000000008,567575,164,0.02156194202788436,1.0,0.32360569999999994,1.0000000000000009,-0.25728704593416774,1.843418785682139
64212391,20260207,91.66666666666669,19.44,1.6268780499999997,1.9518956855752423,9.714870761210406,46.962866836632855,15.80491,91.66666412353514,36594,16,0.03395879732739421,1.0,0.17241719999999996,1.0,-0.500263849731975,1.4157852647358196
64213169,20260207,31.25,48.29,0.32624695999999975,0.0,20.86312160579214,0.0,6.8065299999999995,0.0,14638,0,0.065818345323741,0.0,0.21780896,0.0,-0.5679618636199598,-1.0
64215562,20260207,250.0,1.0,0.1290475899999997,62.10205434946558,0.7006717444316488,4.025631657328891,0.09042,249.99999999999963,3186,248,0.009409332545776727,0.7949701588946761,0.00036168,0.9999999999999986,-0.2993282555683512,3.0256316573288906
64217599,20260207,4.044489383215369,17.6,0.1622412699999998,0.1407656567093365,0.0,28.731870730217125,0.0,4.04448938369751,32190,1,0.014040214594146639,0.0095238095238095,0.0,0.9999997615814208,-1.0,0.6324926197426484
64218618,20260207,1000.0,72.88,0.2470997599999992,0.0,24.602452062276466,0.0,6.07926,0.0,1453,0,0.001372697213037317,0.0,0.0060792599999999995,0.0,-0.6624251912420901,-1.0
64218716,20260207,1000.0,86.0,0.022980879999999898,0.0,0.0,0.0,0.0,0.0,1256,0,0.031321695760598504,0.0,0.0,0.0,-1.0,-1.0
64221144,20260207,50.0,2.7,5.916374259999998,6.592508975935463,1.839430624525772,7.584364708208895,10.88276,49.99999999999999,1484,22,0.002312607137291569,1.0,0.2176552,1.0,-0.31872939832378816,1.809023916394147
64223277,20260207,320.82551,6.0,74.70335081,0.992121852234385,4.2342341617915435,323.3727554664647,316.31147999999996,320.82550048828125,8811,5,0.00046424751437107133,1.0,0.985929953014023,1.0,-0.2942943063680761,52.89545924441078
64223652,20260207,62.5,2.3,6.484282639999999,3.823767634555157,1.1662091891787125,16.345131197319684,7.56203,62.5,1612,21,0.002448359659781288,1.0,0.12099248,1.0,-0.492952526444038,6.106578928777293
64224566,20260207,35.714285714285715,72.0,0.13725182999999908,0.0,33.85193479751804,0.0,4.64624,0.0,24605,0,0.018258385277530424,0.0,0.13009472,0.0,-0.5298342389233606,-1.0
64226642,20260207,1000.0,25.05,2.911225099999997,6.834441369717236,20.00017793196412,146.3177163408246,58.22501999999999,999.9999999999998,145572,2099,0.04301137538779731,0.544767296600872,0.05822501999999999,0.9999999999999998,-0.20158970331480558,4.841026778330314
64227028,20260207,1000.0,8.0,0.0792921999999998,25.920202681200003,11.766731153884017,16.19326309941126,0.9330099999999999,419.7326777999999,1988,188,0.003682845498332716,0.0229830693232485,0.0009330099999999999,0.4197326777999999,0.4708413942355021,1.0241578874264077
64228142,20260207,1000.0,25.88,16.338159759999996,4.219170875735366,11.14501159707108,237.0133356621572,182.08898000000002,999.9999999999995,160994,2125,0.039788937768770696,0.4887723582333386,0.18208898,0.9999999999999996,-0.5693581299431576,8.158166280834473
64229089,20260207,1000.0,3.94,10.034370079999999,141.7079422977184,4.687016686153558,7.0567674382167205,47.03126,1000.0000000000006,29921,200,0.0248616535105941,1.0,0.047031260000000005,1.0000000000000009,0.1895981436937964,0.7910576994242581
64229552,20260207,41.66666666666666,1.4,7.185961429999999,11.268187239085467,0.5687116525477927,3.6977255841098815,4.086739999999999,41.666667938232415,3698,22,0.02213046080191502,0.9615384615384616,0.09808175999999999,0.9999999999999998,-0.5937773910372909,1.6412326050584105
64230865,20260207,4.664179104477612,27.0,0.07598885999999959,0.190351446,4.362086758506468,21.996870236797065,0.33147,4.187158053918921,1113,4,0.0009238814642649622,0.0004128367869006,0.071067168,0.8977264607396082,-0.8384412311664271,-0.1853011023408494
64233051,20260207,1000.0,56.0,0.0003873,0.0008927176,0.0,78.27976085510679,0.0,0.06996,20814,1,0.06580461587100854,0.0012254901960784,0.0,6.996e-05,-1.0,0.3978528724126212
64233843,20260207,223.26955,80.0,4.2798114699999985,0.0113597825225162,30.495995189246045,19652.655621765894,130.51711,223.26954650878903,4698,2,0.47454545454545455,1.0,0.5845719221452276,1.0,-0.6188000601344245,244.65819527207373
64238938,20260207,41.66666666666666,1.51,3.0426265499999996,8.155145906967714,0.6378469286676015,5.10924798946695,1.9407300000000003,41.66666793823241,12280,39,0.029676172063798936,1.0,0.04657752000000002,0.9999999999999996,-0.5775848154519195,2.383607961414272
64240263,20260207,41.66666666666666,1.29,18.52793197,2.0554372961293605,0.7015828869108266,20.271427274998143,12.99888,41.66666793823244,13181,71,0.017579354494531876,1.0,0.31197312000000005,1.0000000000000004,-0.4561372969683515,14.714285173992677
64240994,20260207,1000.0,50.18,15.073859659999997,9.02480862704826,16.101787164973516,110.8056614294556,242.71608,1000.0000000000008,27151,186,0.0081188326057054,0.956043956043956,0.24271608,1.0000000000000009,-0.6791194267641787,1.2081638253403246
64243018,20260207,1000.0,23.0,6.0448736499999995,18.66293132171537,20.18627965863274,53.5821479048308,122.02351000000002,1000.0,51905,147,0.0026836494116187206,1.0,0.12202351000000002,1.0,-0.12233566701596789,1.329658604557861
64243604,20260207,1000.0,38.5,0.0999368999999999,0.0,15.235413545947509,0.0,1.52258,0.0,7150,0,0.7222222222222222,0.0,0.00152258,0.0,-0.6042749728325323,-1.0
64251345,20260207,169.62831999999997,1.76,95.44074008000001,13.72641649472241,1.6484152351304773,12.357800313245244,157.32596999999998,169.62832641601557,9311,81,0.06575564971751413,1.0,0.9274746693240846,0.9999999999999996,-0.0634004345849561,6.021477488754131
64251856,20260207,1000.0,14.0,0.6012973099999992,8.415118515099998,11.061649352796888,13.163257896840898,6.65134,110.77038840999998,36349,49,0.08878602833414753,0.0069760911119413,0.00665134,0.1107703884099999,-0.2098821890859366,-0.0597672930827929
64254884,20260207,1000.0,163.18,0.0012347400000000002,0.0,96.26318091258076,0.0,0.11886,0.0,5561,0,0.09930357142857144,0.0,0.00011886,0.0,-0.41007978359737246,-1.0
64254890,20260207,1000.0,163.18,0.039122879999999804,0.0,46.19803041084933,0.0,1.8074,0.0,18356,0,0.02192022928110819,0.0,0.0018073999999999998,0.0,-0.716889138308314,-1.0
64255796,20260207,1000.0,2.0,198.59441599,143.69011769840898,1.4178653946351583,6.959420794264207,281.5801500000001,999.9999999999995,558633,237,0.03837529452981706,1.0,0.28158015000000014,0.9999999999999996,-0.29106730268242087,2.4797103971321035
64256969,20260207,1000.0,61.25,0.09872948999999959,0.0110598269,10.862711840200983,68.05277822402228,1.07247,0.75272,40833,2,0.22036157582298974,0.0068181818181818,0.00107247,0.0007527199999999,-0.8226496026089635,0.1110657669228126
64259874,20260207,283.0188679245283,56.1,1.1502192899999983,2.026229567925752,35.86409162030317,139.67751959887124,41.25157,283.0188598632812,88153,69,0.016921585564833478,0.5897435897435898,0.14575554733333335,0.9999999999999998,-0.36071137931723407,1.4897954259892614
64260084,20260207,1000.0,35.0,0.00042429,0.0145935498999999,0.0,23.285404642729,0.0,0.33984,1274,12,0.5790909090909091,0.5980392156862745,0.0,0.00033984,-1.0,-0.334702724493457
64265671,20260207,363.78365,3.0,3.2387437199999987,0.1886854254999999,20.569083496362605,9.400994243753903,66.61799,1.77384,4342,1,0.013788504287075261,0.0002136752136752,0.1831252998863473,0.004876084856771,5.856361165454202,2.1336647479179685
64267444,20260207,72.20216606498195,3.4,0.0052856199999999996,13.5890999796003,0.0,5.313240648125113,0.0,72.2021636962891,1372,21,0.00017793225086891112,0.9545454545454546,0.0,1.0000000000000009,-1.0,0.5627177938508031
64268049,20260207,1000.0,91.46,0.0990382899999995,0.0,34.011794832079765,0.0,3.36847,0.0,11358,0,0.031169045005488474,0.0,0.0033684699999999997,0.0,-0.6281238264587823,-1.0
64269101,20260207,1000.0,2.08,48.0407577,183.84689536182216,0.7118522195997753,5.439308575718011,34.197919999999996,999.9999999999995,1547805,1506,0.1394695345023338,1.0,0.03419792,0.9999999999999996,-0.6577633559616466,1.6150522957839748
64273516,20260207,1.7391304347826086,22.76,0.0370937599999997,0.0372092195260617,15.461630204109927,46.737976822507015,0.57353,1.7391303777694702,20375,3,0.0023010898413236207,0.0022156573116691,0.32977975,0.9999994516375508,-0.3206665112429734,1.0535138994945072
64273959,20260207,3.27383,2.5,0.2697672899999996,0.3077345846987385,0.05805003267816503,10.638450994174615,0.01566,3.273829936981201,4144,9,0.017209302325581394,0.3761904761904762,0.004783388263898859,0.9999997086977463,-0.9767799869287339,3.255380397669846
64274214,20260207,79.67623999999999,1.6,40.99543987,20.8208408637366,0.9381767855635404,3.826753958130917,38.46097,79.67623901367192,3973,24,0.009967385850476669,1.0,0.48271567533809334,1.0000000000000004,-0.41363950902278723,1.3917211881924
64274912,20260207,1000.0,69.46,0.0025896699999999996,0.0,0.0,0.0,0.0,0.0,1941,0,0.3235,0.0,0.0,0.0,-1.0,-1.0
64277430,20260207,11.11111111111111,29.66,0.2584786599999994,0.0,13.298660709553381,0.0,3.4374199999999995,0.0,12110,0,0.007286840363439437,0.0,0.30936779999999997,0.0,-0.5516297805275326,-1.0
64277460,20260207,376.40849,52.58,3.022726399999999,2.641680991490791,19.713292608950656,142.48818707008067,59.58789000000001,376.4084777832031,12033,121,0.005504574565416286,1.0,0.15830644521328416,1.0,-0.625080018848409,1.70993119262169
64279494,20260207,2330.69918,1.0,45.67883813999999,48.71738533920017,10.02593867638158,47.84122043252175,457.97322999999994,2330.699218749999,19741,877,0.0148943715104874,0.9922178988326849,0.1964960703337099,0.9999999999999996,9.02593867638158,46.84122043252175
64280314,20260207,148.10778000000005,1.0,8.279366869999999,19.63655578743346,2.70656686095129,7.542451277503548,22.40866,148.10777282714847,1579,16,0.004259509036957108,1.0,0.1512996818938208,1.0000000000000002,1.7065668609512898,6.542451277503548
64282626,20260207,24.252223120452708,2.1,11.260596589999999,1.559637509013855,1.0874530405320206,15.549900716314268,12.245370000000001,24.25222396850586,4456,4,0.0002377585811319144,1.0,0.5049174230000001,0.999999921353667,-0.48216521879427593,6.404714963087103
64284934,20260207,1000.0,28.6,0.1691272599999999,0.0,11.384149426887191,0.0,1.9253699999999998,0.0,29263,0,0.16895496535796767,0.0,0.0019253699999999998,0.0,-0.6019528172417066,-1.0
64286119,20260207,1000.0,86.31,0.5850025299999988,0.0091228646,20.02481937984101,80.21710449319909,11.714569999999998,0.73189,161608,5,0.03876979176662508,7.876299560847774e-05,0.011714569999999999,0.00073189,-0.7679895796565751,-0.0705931321717202
64287339,20260207,31.51393999999999,9.5,3.4181501899999986,0.6136179439560429,8.02072421516388,51.357509610092414,27.416040000000002,31.51394081115723,1032,10,0.00018701072774717308,1.0,0.8699654819422773,0.9999999394760394,-0.15571324050906535,4.406053643167622
64288469,20260207,1000.0,48.4,0.0222398099999995,0.1722009758,11.540566218866338,117.90683530589318,0.25666,20.303790000000003,36100,35,0.10284900284900285,0.0068252442171543,0.00025666,0.02030379,-0.7615585491969765,1.4360915617502574
64288593,20260207,6.666666666666667,42.48,0.0149318499999999,0.0,11.833764737792114,0.0,0.1767,0.0,1538,0,0.04090425531914894,0.0,0.026504999999999997,0.0,-0.7214273837619558,-1.0
64293134,20260207,37.5,7.5,0.42062227999999935,2.7082223215376104,2.63264703904891,13.846716296169085,1.1073499999999998,37.49999999999999,59369,114,0.010632365056055016,0.1704035874439461,0.029529333333333328,0.9999999999999998,-0.6489803947934786,0.846228839489211
64295359,20260207,1000.0,16.12,0.0141792999999997,0.6761976398999998,8.638649298625644,111.37271735881822,0.12249,75.31007999999999,13127,55,0.03294102885821832,0.0294850484046807,0.00012249,0.0753100799999999,-0.4641036415244638,5.908977143956195
64297824,20260207,1000.0,33.0,0.00205724,0.0,14.995819641850245,0.0,0.03085,0.0,1078,0,0.006382474837181764,0.0,3.085e-05,0.0,-0.545581222974235,-1.0
64300269,20260207,3.38267,15.0,0.0333015799999996,0.0706949683999202,101.57686211885564,47.84813055469108,3.38267,3.3826699256896973,3055,2,0.006665939341042985,0.0141672053436759,1.0,0.9999997180706164,5.7717908079237095,2.1898753703127385
64321933,20260207,50.13335000000003,26.93,1.425379699999999,1.041535706737997,33.43966523446351,48.134021631679005,47.66422,50.13335037231445,66805,17,0.04123001913225946,0.9444444444444444,0.950748753075547,1.0,0.24172540788947314,0.7873754580844895
64324670,20260207,1000.0,8.39,4.789910639999999,35.899506045385074,2.115461176954233,27.855535696793137,10.13287,1000.0000000000006,5060,413,0.0012384052473139334,1.0,0.01013287,1.0000000000000009,-0.7478592160960391,2.3200875514817088
64325724,20260207,1000.0,67.37,0.04887855,0.5260979938,38.91686639640497,87.00377788101369,1.9022000000000001,45.7726,3509,6,0.816046511627907,0.1777777777777777,0.0019022000000000002,0.0457726,-0.42234130330406755,0.2914320073324884
64326105,20260207,27.51538,48.47,2.9213346499999995,0.0332295150095433,8.051806046938172,828.015480695168,23.52202,27.515380859375,121481,9,0.09831741663968922,1.0,0.8548680774170664,0.9999999306806432,-0.8338806262236813,16.08305054346678
64326658,20260207,1000.0,76.48,0.09384180999999919,0.0,2.29631120712614,0.0,0.21549000000000001,0.0,3056,0,0.020373333333333334,0.0,0.00021549,0.0,-0.9699750103670746,-1.0
64329848,20260207,3.886010362694301,2.17,0.1599893299999996,0.3399090024393896,2.891755343934506,11.432468537298828,0.46265,3.886010408401489,7868,9,0.03297569153394803,0.8055555555555555,0.11905526666666666,0.9999997545878724,0.3326061492785743,4.268418495553178
64330332,20260207,2.2222222222222223,39.44,0.0206249999999999,0.0036845786980603,0.0,602.9507196130536,0.0,2.222222328186035,8855,2,0.7767543859649123,0.0875,0.0,0.9999995708467624,-1.0,14.287797682749716
64330383,20260207,3.83043,48.47,0.20456177999999892,0.0484220270414702,14.937003383525585,79.10348164608371,3.05554,3.830430030822754,405234,2,0.36259305654974944,0.2142857142857142,0.7977015635320317,0.9999997510268896,-0.6918299281302747,0.6320090706392641
64332866,20260207,128.2051282051282,23.0,2.8191928399999986,2.5133426319002026,16.53453404769573,51.00978723090015,46.614039999999996,128.20512390136716,29765,15,0.007353195484078164,1.0,0.36358951199999995,0.9999999999999998,-0.281107215317577,1.2178168361260933
64333168,20260207,1000.0,11.98,0.4383652399999971,2.0316141904000005,0.9315747754087498,28.75301399400287,0.40837,58.415060000000025,22439,372,0.001033774227283826,0.0015407917887457,0.00040837,0.05841506,-0.922239167328151,1.400084732276667
64333572,20260207,45.45454545454545,1.87,1.1935525299999994,1.404698229776802,1.2449473003086013,32.35891577630129,1.48591,45.45454406738283,43109,34,0.092767376802238,1.0,0.03269002,1.0000000000000002,-0.33425278058363567,16.30423299133063
64334450,20260207,1000.0,17.05,0.16154832999999869,0.0684213213999999,8.248058026969456,219.5183832947241,1.3324599999999998,15.019957375,15108,21,0.026720905553590378,0.0045496043788558,0.0013324599999999997,0.015019957375,-0.5162429309695333,11.874979068478217
64334757,20260207,1000.0,9.5,0.01185847,44.541216457426046,0.0,22.451115103798703,0.0,1000.0000000000005,11534,1344,0.0010162025004184984,0.0527779656804211,0.0,1.0000000000000004,-1.0,1.3632752740840743
64335100,20260207,1000.0,9.0,0.10060932999999989,43.75147065320001,4.072584520739781,19.03761858806136,0.40974,832.9238300000002,26057,1388,0.0017954371627999918,0.0080205960222368,0.00040974,0.8329238300000001,-0.547490608806691,1.11529095422904
64335303,20260207,1000.0,5.55,0.0630221699999996,35.6438372387,0.2705397164204296,11.656472293685097,0.01705,415.48141286999993,4310,333,0.03489878542510121,0.1607256070633263,1.7049999999999998e-05,0.4154814128699999,-0.9512541051494721,1.1002652059623963
64337334,20260207,10.416666666666666,41.08,0.0392302699999997,0.1134010326999999,4.800884623022005,46.269276441285534,0.18834,5.2470300000000005,7363,13,0.44896341463414635,0.0614942528735632,0.018080640000000002,0.5037148185113748,-0.8831332857102725,0.1263211874130926
64339571,20260207,192.88928000000004,1.0,22.06659899,7.45359055906743,8.037718004499794,25.87870299814178,177.36509999999998,192.88928222656256,28596,59,0.025937414965986394,0.9871794871794872,0.9195176631899914,1.0000000000000002,7.037718004499794,24.87870299814178
64340433,20260207,6.666666666666667,42.48,0.0154323599999996,0.0005933850999999,0.0,41.774263856883366,0.0,0.02483,1610,1,0.006948640483383686,0.0003691399040236,0.0,0.003724499556005,-1.0,-0.0166133637701967
64340578,20260207,170.38144000000003,1.0,62.611087510000004,17.230344604516933,2.638711873094568,9.88845163757591,165.21262000000002,170.38143920898438,18598,51,0.016979822879576372,1.0,0.9696632450107241,1.0,1.638711873094568,8.88845163757591
64341465,20260207,4.30407,13.0,0.716388269999999,0.0673240787775377,6.008012945270595,63.92966891434416,4.30407,4.304069995880127,1314,1,0.009977220956719818,1.0,1.0,0.9999997615814208,-0.5378451580561081,3.917666839564936
64343632,20260207,1016.6666666666666,1.8,36.63088083999999,250.8991412448385,0.6298278793996921,4.05209311564569,23.071150000000003,1016.6666870117188,3502,401,0.005900589721988206,0.9807780125522416,0.02269293442622951,1.0000000000000002,-0.6500956225557266,1.2511629016608343
64345690,20260207,1000.0,10.57,1.6606583499999985,3.5042055695999994,2.7788798340128205,36.78706696326833,4.61477,128.909481729,2239,310,0.003711254765456655,0.0736200724905828,0.00461477,0.128909481729,-0.7370974613043689,2.4803281007928266
64347079,20260207,45.45454545454545,16.0,0.5146366499999981,0.0638521126,3.5692366643533964,64.15505577092259,1.8368599999999997,4.0965,24720,13,0.022186322024771138,0.0012341149895301,0.040410919999999996,0.0901230027503357,-0.7769227084779127,3.0096909856826617
64349849,20260207,82.42704000000005,2.5,55.3961432,11.242642774141714,1.3588158967716728,7.331642072452866,75.27316,82.42704010009767,5391,29,0.013948253557567918,1.0,0.9132095487111992,1.0000000000000002,-0.4564736412913309,1.9326568289811463
64354560,20260207,1000.0,10.0,2.4120214999999985,6.575598635643414,5.05597897862851,152.0773853960694,12.195129999999999,999.9999999999968,29162,403,0.001261534069033539,1.0,0.012195129999999998,0.9999999999999968,-0.49440210213714897,14.20773853960694
64355215,20260207,1000.0,75.47,0.0034155599999999,0.0,42.1804916324129,0.0,0.14407,0.0,6490,0,0.4702898550724638,0.0,0.00014407,0.0,-0.44109591052851593,-1.0
64355555,20260207,26.31578947368421,3.26,1.0140940999999992,3.428198241572366,1.1852055938398622,7.676272095644501,1.2019099999999998,26.3157901763916,1608,54,0.028817204301075268,0.9714285714285714,0.04567258,0.9999999275207592,-0.6364400018896127,1.354684698803842
64364407,20260207,62.5,2.0,4.538046429999998,10.164056611447796,0.8006550959858737,6.149119022073049,3.6334099999999996,62.5,1243,54,0.002587965854674162,0.9942857142857144,0.058134559999999995,1.0,-0.5996724520070631,2.0745595110365245
