ad_id,period,budget_real,target_CPA_real,conversion_real,conversion_model,CPA_real,CPA_model,spend_real,spend_model,total_win_real,total_win_model,win_rate_real,win_rate_model,budget_used_real,budget_used_model,CPA_violation_real,CPA_violation_model
40094971,20260207,12.32876712328767,1.53,5.453421629999999,4.857736832071621,1.5977326880555174,2.537964634776769,8.71311,12.328766822814949,1266,18,0.00809462915601023,0.4864864864864865,0.7067300333333334,0.9999999226464212,0.0442697307552401,0.6588004459055101
46573939,20260207,432.71963,80.19,3.0510733199999986,0.0114874076,28.255768039032258,144.49348054120227,86.21042,1.66,78283,9,0.016314056475982077,0.0002392057538068,0.19922927924485423,0.003836202163469,-0.647639755093749,0.8018889654827197
49311445,20260207,431.8523599999999,1.8,279.38898144000007,86.47127584766127,1.1955223798678374,4.994171147927384,334.01577999999995,431.8523559570312,25292,116,0.001249592395332062,0.7204968944099379,0.7734490092864145,0.9999999999999998,-0.3358209000734237,1.7745396001265232
49847522,20260207,937.1593,1.84,756.1369726700001,247.10339664025432,1.1993375443575636,3.792579586955648,906.86346,937.159301757813,43366,163,0.005254064794397732,0.7836538461538461,0.9676726891575423,1.0000000000000004,-0.34818611719697634,1.061184520737061
51225207,20260207,105.26315789473684,2.7,4.752202259999999,15.67966983404404,3.2378546110114437,6.713352711271001,15.38694,105.2631607055664,73031,48,0.024762986572629864,0.1200880264565703,0.14617593,1.0,0.1992054114857198,1.4864268861884915
51225953,20260207,54.45402,1.07,16.520339259999997,22.10198739263261,0.5183937124545469,2.463761200418009,8.56404,54.45402145385742,1187,23,0.0007935552881401257,0.9583333333333334,0.1572710334333443,1.0,-0.5155198949022927,1.3025804482643537
51711872,20260207,117.17214,1.34,105.96849434999996,38.45755013844912,0.566520930284408,3.0467915548492184,60.033370000000005,117.1721420288087,45749,191,0.02908206725573708,0.9227053140096618,0.5123519123231854,1.0000000000000009,-0.5772231863549194,1.2737249842951188
51867779,20260207,240.31079,6.1,60.62360383999997,36.19630921657752,3.105365865362584,6.639096349261733,188.25847,240.31079101562491,9295,50,0.005096781268849043,0.0324999976998946,0.7833958267125666,0.9999999999999998,-0.4909236286290845,0.088376467714328
52697878,20260207,256.73525,1.7,146.14289968,63.561199563601576,1.186323867800787,4.039182043971421,173.37281000000002,256.7352600097657,17489,119,0.025940373776327498,0.4324381926683717,0.6752980356222996,1.0000000000000002,-0.30216243070541937,1.3759893709855409
53375682,20260207,125.0,2.2,2.064560029999999,9.082556081690925,0.611452310253241,13.7626440302788,1.26238,125.00000000000004,5055,231,0.0009694122159363314,0.026927104558902,0.01009904,1.0000000000000002,-0.7220671317030724,5.255747150900696
53854143,20260207,571.02984,1.09,366.8150784600001,251.80027968780243,0.7371172721011375,2.267788759534404,270.38573,571.0298461914061,23132,142,0.012759666832147389,0.8106060606060606,0.47350543011902846,0.9999999999999998,-0.32374562192556194,1.0805400826503544
54547571,20260207,31.747280000000007,6.5,5.582730409999998,0.0,2.2236090744707844,0.0,12.413809999999998,0.0,1179,0,0.0020264695771742866,0.0,0.3910196401077508,0.0,-0.6579062962352639,-1.0
55113470,20260207,420.4162162162162,3.33,34.42696216,74.3539403544095,2.352422488618438,5.654256137467202,80.98676,420.4162292480463,17313,813,0.001576675439634996,0.0674221757951189,0.1926347197757692,0.9999999999999988,-0.2935668202347033,0.6979748549586796
55199224,20260207,78.07889,6.5,6.828174149999999,0.507069282,6.8187481715005775,4.813287164795826,46.5596,2.44067488,41439,10,0.009419024889191954,0.0002070822233969,0.5963148297830566,0.0312590886526539,0.04903818023085808,-0.2594942823391037
55273179,20260207,148.7603305785124,4.1,10.458111869999998,28.179221018435243,2.030104502984247,5.279078680840595,21.23106,148.76033020019537,12559,356,0.003642507033266626,0.0345785731849374,0.14271990333333334,1.0000000000000004,-0.5048525602477446,0.2875801960082466
55954706,20260207,1000.0,33.01,0.7130576899999979,0.4854220385,6.659937991833472,11.985978288090667,4.74892,5.81827,4075,8,0.21335078534031413,0.0442857142857142,0.00474892,0.00581827,-0.7982448351459112,-0.6368985489989579
56069198,20260207,355.11819,6.0,32.74950241,52.89873255600001,2.545594707251004,6.456635292382348,83.36695999999999,341.54783000000003,6120,40,0.0018228933964793137,0.0009742933700796,0.23475834904429982,0.961786343850602,-0.575734215458166,0.0761058820637246
56094571,20260207,305.08474576271186,6.1,0.9921379099999985,0.0,2.440678836675038,0.0,2.42149,0.0,1618,0,0.007816425120772947,0.0,0.007937106111111111,0.0,-0.5998887152991741,-1.0
56864799,20260207,6.76347,5.22,1.48259931,1.440881165000194,3.4828560658105254,4.693978686925568,5.163679999999999,6.763470172882079,3353,9,0.011482876712328767,0.02803738317757,0.7634660906309926,0.9999998589963202,-0.33278619428917133,-0.1007703303464635
57374168,20260207,122.44897959183672,13.0,0.7889959199999992,0.0,2.6231187608676128,0.0,2.06963,0.0,1041,0,0.003721844833750447,0.0,0.016901978333333335,0.0,-0.7982216337794145,-1.0
57521810,20260207,626.15678,4.5,311.66268919000015,43.82807050986408,2.0498868557555228,14.286660985653462,638.8732500000002,626.1567993164051,840623,576,0.04613256575878476,0.0352106666901399,1.0203087635655725,0.9999999999999982,-0.5444695876098838,2.174813552367436
57579039,20260207,69.34497,5.0,24.49807011,10.449719757878803,2.8512694953667923,6.636059690957845,69.8506,69.344970703125,3000,10,0.006489292667099286,0.0266058032276617,1.0072915166017087,1.0,-0.42974610092664156,0.327211938191569
57654377,20260207,2386.38826,430.5,4.378679559999998,0.8648103521,505.21757751097016,27.53878050070522,2212.18588,23.81585,339592,12,0.0321610743339868,0.0001061697585999,0.9270016606601977,0.0099798725805517,0.17355999421828144,-0.936030707315435
57699816,20260207,73.77049180327869,11.1,1.9700780999999987,0.0,5.268613462583035,0.0,10.37958,0.0,5093,0,0.030082693443591258,0.0,0.14070097333333334,0.0,-0.5253501385060328,-1.0
57813819,20260207,1.3888888888888888,2.63,0.7436829199999995,0.5198330344836485,0.3781853696465157,2.6717928103468,0.28125,1.3888888359069824,25133,1,0.04126251846987358,0.0023041474654377,0.2025,0.9999992847442628,-0.8562032815032259,0.0158907582081098
57950075,20260207,3.5460992907801416,3.69,1.4694264899999996,0.8040049172712661,0.6567936583203969,4.410538666156575,0.9651099999999999,3.5460991859436035,1541,4,0.011215429403202328,0.0459770114942528,0.27216102,0.9999997310639072,-0.8220071386665592,0.1952679126728445
57950895,20260207,56.60377358490566,2.13,18.751780509999996,10.52412760538438,0.7874580225661997,5.37847618048437,14.76624,56.60377502441408,9230,66,0.013494152046783626,0.4467592592592592,0.26087024,1.0000000000000002,-0.6303013978562443,1.5251060523516031
57951243,20260207,373.1092299999999,2.23,167.37513349,91.69508701248152,1.463428496770306,4.069020822154855,244.94154,373.1092224121092,46360,168,0.02010058966354492,0.6417834471194155,0.6564874849115903,0.9999999999999996,-0.34375403732273274,0.8246729988125466
58134130,20260207,8.695652173913043,2.0,4.70832877,1.8692106489078189,1.4064332215271367,4.652042487076043,6.62195,8.69565200805664,305049,4,0.07139323160456844,0.8,0.76152425,0.9999998903274636,-0.29678338923643166,1.3260212435380216
58283047,20260207,420.4162162162162,3.33,11.93555118,24.610962594099995,2.88911081524096,7.600080317246924,34.48313,187.0453,5696,82,0.004605805773429288,0.0325260659282069,0.0820214079997943,0.4449050416882044,-0.13239915458229426,1.2823064538657922
58417305,20260207,1.0332357499569484,52.0,0.00749337,0.0025039112,0.0,29.194647698489277,0.0,0.07313,37048,1,0.0031913720625732205,1.813170873223093e-05,0.0,0.0707775837094738,-1.0,-0.4385644673367447
58419221,20260207,46.08294930875576,52.0,0.949742499999999,0.2404754654999999,16.274147992745416,7.730319871987641,15.456249999999997,1.85896,1948710,5,0.047577437760475794,9.43428183053892e-06,0.33540062499999995,0.0403394308766561,-0.6870356155241267,-0.8513400024617762
58432699,20260207,116.6156,35.0,8.019357389999996,0.0,12.629938419542125,0.0,101.28399,0.0,35909,0,0.06658446133877248,0.0,0.8685286531133056,0.0,-0.6391446165845107,-1.0
58435300,20260207,48.31349,57.2,1.7800080499999984,0.0849030654,25.441873703885797,311.1760299760628,45.286739999999995,26.42011,920418,45,0.08910576504187037,0.0003589879966082,0.9373518659074307,0.5468474540761331,-0.5552119981838147,4.440140311635754
58492787,20260207,23.529411764705884,2.9,9.26852865,4.438349863334052,1.434778971093756,5.301386041896398,13.29829,23.52941131591797,1815,13,0.003260869565217391,0.4166666666666666,0.565177325,0.9999999189376882,-0.5052486306573255,0.8280640922615934
58588021,20260207,11.049723756906078,1.2,0.6890549199999997,5.37444765112617,0.47925062344812824,2.055973429547555,0.33022999999999997,11.049723625183104,1261,15,0.04945098039215686,0.6216666666666667,0.029885814999999996,0.9999999136924806,-0.6006244804598931,0.713311123208762
58803527,20260207,159.76764999999995,7.1,11.840051959999998,0.0,3.329771704819444,0.0,39.42467,0.0,1901,0,0.005489460005775339,0.0,0.2467625329658414,0.0,-0.5310180697437402,-1.0
58804408,20260207,32.35294117647059,13.15,1.0830477099999998,0.0,3.7412940931291017,0.0,4.052,0.0,1005,0,0.003298326222513948,0.0,0.12524363636363636,0.0,-0.7154909434882814,-1.0
58963446,20260207,1893.68373,9.9,161.07246772000005,0.1074170808999999,9.923410081346454,4.575066604080431,1598.3881499999998,0.4914448745999999,695806,7,0.06913262061839281,5.2527726505372606e-05,0.8440628837213486,0.0002595179282022,0.0023646546814599274,-0.5378720423870448
59168672,20260207,114.30078,2.51,41.728572589999985,24.230867873678783,1.6602583242112292,4.717155701096681,69.28021000000001,114.30078125,9493,60,0.005189700415482178,0.2510460251046025,0.606121935475856,1.0,-0.33854250031425126,0.8793449079759007
59180301,20260207,127.4666,11.1,19.235940279999994,0.0,6.929982005537815,0.0,133.30472,0.0,3447,0,0.0012346872985170858,0.0,1.0458011745822042,0.0,-0.375677296798395,-1.0
59183637,20260207,42.81511,27.0,3.814563589999999,2.172464173405024,12.195476337569723,19.70807623388651,46.52042,42.81510925292969,6777,1,0.01574581784386617,0.0020833333333333,1.0865421109510172,1.0,-0.5483156912011213,-0.270071250596796
59191554,20260207,38.46153846153846,2.13,19.65786732,8.815918723451492,1.1910707107163443,4.362737119742059,23.41391,38.46154022216797,5187,16,0.007145612343297975,0.4716216216216216,0.6087616600000001,1.0,-0.44081187290312474,1.0482332795025175
59250609,20260207,59.70149253731344,6.1,4.1823460699999995,7.333997030916602,3.2753626244037726,8.140374739384656,13.698700000000002,59.70149230957032,21619,10,0.01802334305960817,0.0080608112817729,0.229453225,1.0000000000000002,-0.46305530747479134,0.3344876830575933
59262247,20260207,107.01659,1.61,75.86964482,10.396091692000924,0.6698374576626889,10.293923830253338,50.82033,107.01658630371088,987523,51,0.02368569633126103,0.6,0.47488272612685567,0.9999999999999994,-0.5839518896505038,5.393741452664679
59265523,20260207,41.27358490566038,3.61,2.889063029999999,6.950589148618664,4.352888763385685,5.938141278751116,12.575769999999999,41.27358627319335,25608,23,0.003269913425441173,0.1597222222222222,0.3046929417142857,0.9999999999999996,0.20578636104866635,0.6449145294486198
59289693,20260207,12.224938875305623,8.5,0.5073364399999993,0.0,9.40238000645096,0.0,4.77017,0.0,3439,0,0.011097128105840594,0.0,0.39019990600000004,0.0,0.10616235370011291,-1.0
59335998,20260207,1000.0,22.43,3.7110197099999986,0.0,12.892259739574387,0.0,47.84343,0.0,26442,0,0.005514034282854402,0.0,0.04784343,0.0,-0.42522248151696895,-1.0
59469459,20260207,28.457570000000004,1.45,9.77569584,3.764453308913521,1.0808499131863334,7.559546958753694,10.56606,28.45756912231445,28262,45,0.010530983343890897,0.4368932038834951,0.37129171605305716,0.999999932975705,-0.2545862667680459,4.213480489762464
59764696,20260207,91.22524,4.15,9.140238239999999,17.08874817233143,1.7727765485465075,5.338321821848131,16.2036,91.22524261474608,219836,50,0.026650018184022305,0.8333333333333334,0.17762189499309622,1.0,-0.5728249280610826,0.2863425781139623
59789974,20260207,7.079646017699115,270.0,0.048692969999999405,0.0,121.2910200384177,0.0,5.90602,0.0,1389,0,0.0012187417741510924,0.0,0.8342253249999999,0.0,-0.5507739998577122,-1.0
59790006,20260207,10.658120000000002,1.49,13.266189650000001,3.4147816480655684,0.7818567556811612,3.1211708778513803,10.37226,10.65812015533447,2973,12,0.0012820733968692051,0.5047619047619047,0.9731791347817438,0.9999999105213472,-0.4752639223616368,1.094745542197537
59870194,20260207,41.35039,1.2,3.6109786800000006,19.789969445227044,1.7014611673088027,2.0894620081614304,6.143940000000001,41.35039138793945,4932,28,0.030844277673545965,0.643796992481203,0.1485823954743837,1.0,0.41788430609066896,0.7412182709447276
60033250,20260207,48.95666000000001,1.24,42.918783,17.928199646606604,1.1454211085155888,2.73070690078603,49.16008000000001,48.95666122436522,7396,46,0.014157733537519143,0.6805816135084428,1.0041551037182683,0.9999999999999996,-0.0762732995842026,1.2021829675680455
60083626,20260207,1000.0,36.35,1.2863628299999987,0.3947838988,26.165386013213734,49.621477568026975,33.65818,19.58981,487559,8,0.04779568469448774,6.465391667927796e-05,0.03365818,0.0195898099999999,-0.2801819528689482,0.3651026038791813
60222062,20260207,4.57056,2.5,3.512663129999998,0.8962646264580633,0.9781638240954807,5.099559598807136,3.4359599999999992,4.570559978485107,4250,11,0.004315597075548335,0.0583333333333333,0.7517590842260027,0.9999997913441412,-0.6087344703618077,1.0398238395228545
60280132,20260207,5.154639175257732,2.4,1.06686943,0.5582848345335227,0.0,9.232975162958528,0.0,5.15463924407959,5581,4,0.010383255813953489,0.3774154589371981,0.0,0.9999998149872192,-1.0,2.8470728316971137
60300280,20260207,125.0,6.5,24.164395879999994,4.215494915861678,4.042689520777707,29.652501744732238,97.68914999999998,125.0,24478,20,0.6244387755102041,0.6166666666666666,0.7815131999999999,1.0000000000000002,-0.3780477660341989,3.5619233453434207
60363119,20260207,139.53488372093022,8.1,17.93302123,0.0,3.403725407846405,0.0,61.03908,0.0,2481,0,0.006539272535582499,0.0,0.43744674,0.0,-0.579786986685629,-1.0
60491784,20260207,521.94218,19.24,26.77029479,1.7730592776000005,19.48326135709318,9.693376033026976,521.57265,17.18694,11239,7,0.009902202643171806,0.0005291925465838,0.9992920097011511,0.0329288185734878,0.012643521678439818,-0.4961862708762584
60504423,20260207,65.78731,2.35,8.57009342,14.124806010396632,1.523455971848671,4.6575721488325295,13.05616,65.78730773925781,3657,45,0.005028877887788779,0.4760514018691588,0.1984601589577078,1.0,-0.3517208630431187,0.981945675678978
60505342,20260207,1287.7824600000004,483.0,2.494942609999998,2.6045976336000005,425.03862243147984,27.635970115100037,1060.44697,71.98061,472777,3,0.04588063467417148,3.135189365437672e-05,0.8234674744676983,0.0558950068334901,-0.1200028521087374,-0.9427826705691512
60537191,20260207,62.5,9.0,0.7605926099999993,2.1522440930049704,3.653309226867196,29.03944360385895,2.77868,62.5,2857,6,0.25508928571428574,0.1166666666666666,0.04445888,1.0,-0.5940767525703117,2.2266048448732167
60547769,20260207,21.234762092017306,54.68,0.0717451299999981,0.0196252218,8.100201365584192,69.5936290702676,0.58115,1.36586,569049,4,0.03380315072887336,5.250771097077787e-05,0.027367860185185184,0.0643218824388321,-0.8518617160646637,0.2727437578978973
60580455,20260207,27.1370420624152,15.0,0.16572462999999932,0.0,6.578744511301694,0.0,1.0902599999999996,0.0,1484,0,0.005051055139550714,0.0,0.040176080999999975,0.0,-0.5614170325798872,-1.0
60619154,20260207,346.15384615384613,8.8,0.7949493999999991,0.0341786598,3.9788192808246707,17.19560707857016,3.16296,0.5877399999999999,2190,3,0.0075647668393782385,0.0106280193236714,0.00913744,0.0016979155900997,-0.5478614453608329,0.954046216575616
60656113,20260207,304.366,3.0,115.27257251999998,53.67722623298911,1.6945611235153861,5.670300293145448,195.33642,304.3659973144529,46205,168,0.008842385271940903,0.2526913892400618,0.6417813421998515,0.9999999999999994,-0.43514629216153794,0.8901000977151492
60726038,20260207,47.8357,9.0,11.819992299999997,0.0,3.9694002169527645,0.0,46.918279999999996,0.0,31724,0,0.0001872077460716115,0.0,0.980821436709403,0.0,-0.5589555314496928,-1.0
60739866,20260207,99.7291,1.09,77.94989387999999,29.085461223884963,0.49769112014088107,3.428829919246787,38.794970000000006,99.72910308837896,22631,60,0.014751971840166873,0.8450704225352113,0.38900351050997156,1.0000000000000004,-0.5434026420725862,2.1457154259148687
60762511,20260207,2000.0,33.74,0.6070166399999992,0.8712341073000001,17.502535021115754,43.22578335566574,10.62433,37.65982,88047,8,0.00562198298980921,3.710479243197388e-05,0.005312165000000001,0.01882991,-0.4812526668311869,0.2811434856345269
60762714,20260207,122.44897959183672,18.6,1.0652595699999985,0.0,7.856141578714014,0.0,8.368829999999999,0.0,1905,0,0.005614500442086649,0.0,0.068345445,0.0,-0.5776267968433327,-1.0
60844239,20260207,194.44444444444449,5.0,21.136006599999998,30.3585248249553,4.264975958135819,6.40493691525648,90.14456,194.44444274902335,35519,76,0.024398268992993542,0.0106864165473766,0.4636005942857142,0.9999999999999996,-0.14700480837283614,0.2809873830512959
60848391,20260207,41.73037999999999,16.0,3.2187120799999978,0.0,6.117872462826813,0.0,19.69167,0.0,17991,0,0.0030296039337195206,0.0,0.4718785211157915,0.0,-0.6176329710733242,-1.0
60882731,20260207,92.20477000000002,37.0,2.940335039999998,0.0032526132,22.973970340468426,3.854176642755199,67.55117,0.01254,305221,1,0.08228755526798232,3.50655726208009e-05,0.7326212082086424,0.0001360016363459,-0.3790818826900425,-0.8958330637093189
60906649,20260207,4.077471967380224,52.0,0.2873187599999986,0.0,10.01208553176275,0.0,2.87666,0.0,684928,0,0.00945419410051486,0.0,0.7055008650000001,0.0,-0.8074598936199471,-1.0
61011193,20260207,1128.4313299999994,3.5,79.66752448,216.75003431817703,2.3493236575586893,5.206141132838058,187.1648,1128.4312744140632,34621,613,0.0036072183960740595,0.0300402359443277,0.16586281772236872,1.0000000000000009,-0.32876466926894593,0.4874688950965878
61012951,20260207,119.05549000000002,2.3,25.964335379999998,26.27509456442554,1.5891668088597923,4.531115340551519,41.26166,119.05548858642574,7512,69,0.002485277575597168,0.69,0.3465750298453267,0.9999999999999996,-0.3090579091913946,0.9700501889090576
61087629,20260207,57.142857142857146,1.67,0.5514060199999995,7.705066957854602,0.4873722633641182,7.416268994700889,0.26874,57.14285659790038,5071,13,0.0024530766253869967,0.0698924731182795,0.004702949999999999,1.0,-0.7081603213388513,3.4408797516663308
61098328,20260207,175.43859649122808,52.0,0.2929606599999988,0.0,13.9853931241144,0.0,4.09717,0.0,12796,0,0.3797032640949555,0.0,0.023353869,0.0,-0.7310501322285692,-1.0
61112285,20260207,131.01449000000002,1.96,36.45122326,32.89535550404084,1.0054381368379899,3.9827656475927142,36.64945,131.0144958496094,5231,64,0.000506928965985076,0.7311111111111112,0.279735852118342,1.0000000000000002,-0.4870213587561276,1.0320232500393771
61136703,20260207,28.116213683224,52.0,0.1347540599999996,0.0,16.376129965954323,0.0,2.20675,0.0,5691,0,0.47425,0.0,0.07848674166666665,0.0,-0.6850744237316477,-1.0
61185244,20260207,445.2629400000001,1.3,301.10735144999995,164.60353940568993,0.7926854952248961,2.705062955242081,238.68343000000004,445.2629394531248,13593,88,0.007295121558525197,0.8543689320388349,0.5360505188237763,0.9999999999999996,-0.39024192675007996,1.0808177342024634
61185698,20260207,7.1040600000000005,52.0,0.42989980999999794,0.1786883117,16.52492007381914,14.326654323331864,7.1040600000000005,2.56002,1136270,4,0.017067287111402173,4.95034141245703e-06,1.0,0.3603600749401139,-0.6822130755034781,-0.7244874168590025
61186486,20260207,21.234762092017306,54.68,0.006260219999999799,0.034795786,8.807997163039282,10.07736749020441,0.05514,0.3506599999999999,209741,2,0.01405591781207487,1.3019511169023844e-05,0.002596685555555555,0.0165134869576683,-0.8389173891177892,-0.815702863314532
61188825,20260207,23.36448598130841,52.0,0.0494918399999988,0.0,0.0,0.0,0.0,0.0,332981,0,0.005326945966007986,0.0,0.0,0.0,-1.0,-1.0
61218808,20260207,804.4937299999997,4.0,165.45907342999993,85.65880495429607,4.1432715401372615,9.39183898743755,685.54187,804.4937133789056,599199,474,0.2709346174715138,0.3818174685371748,0.8521407245771826,0.9999999999999992,0.03581788503431538,1.3479597468593876
61325277,20260207,159.26296000000002,2.64,114.76722292000011,36.03094860763086,1.382764747306128,4.420170893252959,158.69607000000002,159.26295471191406,8885,47,0.009974180511899416,0.8392857142857143,0.9964405408514321,1.0,-0.4762254745052546,0.6743070900042256
61328223,20260207,1666.6666666666667,48.86,9.830470329999999,0.0571453635,19.741280273006026,54.35009001053933,194.06607000000002,3.10591,3080441,1,0.034758816248097284,1.1358267001054049e-06,0.11643964200000001,0.0018635460454967,-0.595962335796029,0.1123636785019734
61361730,20260207,372.3404255319149,1.5,75.30825108,109.40062037654376,0.44157166742159853,3.4034580324953856,33.25399,372.34042358398426,6373,66,0.0029048726013036147,0.7766075388026608,0.08931071600000001,0.9999999999999996,-0.7056188883856009,1.2689720216635905
61404169,20260207,8.771929824561404,1.68,1.3943859299999994,1.8947466142036704,0.33074774356049347,4.629603264914231,0.46119,8.771929740905762,6830,18,0.015572275421796625,0.4305555555555555,0.052575659999999996,0.9999998912811388,-0.8031263431187539,1.7557163151531567
61471905,20260207,1000.0,28.73,7.482276129999999,0.0,15.36913206650127,0.0,114.99609000000001,0.0,207203,0,0.011154639175257731,0.0,0.11499609000000001,0.0,-0.46504935375909257,-1.0
61521770,20260207,101.2775,3.79,34.56488058000001,4.810282924800001,4.1200177061337895,1.117955838796686,142.40792,5.3776850000000005,5436,9,0.5490909090909091,0.0955239824805042,1.406116067240996,0.0530985183723194,0.08707591190865156,-0.7050248416757005
61619011,20260207,162.85718,1.46,52.408485999999996,43.56821057279931,0.7158806304765225,3.7379817039827863,37.51822,162.85717773437491,4171,43,0.008682348043297252,0.7818181818181819,0.23037498254605662,0.9999999999999994,-0.5096708010434777,1.560261374189429
61630077,20260207,1000.0,30.15,0.45239702999999837,0.0,12.688986928141459,0.0,5.740459999999999,0.0,8913,0,0.0014324515444698017,0.0,0.0057404599999999984,0.0,-0.5791380786686082,-1.0
61642024,20260207,20.98801,12.13,2.5296678399999997,0.0,7.168751451573975,0.0,18.13456,0.0,191357,0,0.02518949017336475,0.0,0.8640438040576501,0.0,-0.40900647555037306,-1.0
61652353,20260207,1000.0,2.76,53.638024000000044,252.95792199277005,0.8649744442487286,3.95322664010245,46.395520000000005,1000.0000000000026,1590250,1981,0.07337606009431263,0.0674693932090705,0.04639552,1.0000000000000029,-0.6866034622287215,0.4323284977399272
61709401,20260207,15.873015873015872,8.1,1.6325031599999984,0.0,2.87170041373764,0.0,4.68806,0.0,2118,0,0.005498442367601246,0.0,0.29534778000000006,0.0,-0.6454690847237481,-1.0
61709841,20260207,197.8021978021978,3.6,0.3534913699999999,13.450324312246597,3.192298584262468,14.706127601038975,1.12845,197.80220031738284,9560,51,0.0032396895862279304,0.0593472327586958,0.005704941666666666,1.0000000000000002,-0.11325039326042563,3.0850355529495346
61777401,20260207,4432.506930000003,300.0,11.881192509999998,0.0,227.87231228862566,0.0,2707.39481,0.0,694307,0,0.013002977751142408,0.0,0.6108044167231562,0.0,-0.24042562570458112,-1.0
61795733,20260207,47.716910000000006,13.34,2.913293729999999,2.6466184155699093,3.5670965453936576,18.029381570769917,10.392,47.71691131591797,177887,16,0.006695107584955795,0.0004772360200058,0.21778442904203138,1.0,-0.7326014583662926,0.3515278384215241
61831943,20260207,104.30993,5.6,47.090962860000005,14.95104490365069,1.9429874532830904,6.976764673605409,91.49715,104.30992889404298,9182,11,0.0035209755349336607,0.0317812269031781,0.8771662486975115,1.0000000000000002,-0.6530379547708767,0.2458508557891081
61861065,20260207,125.0,2.8,12.378150309999999,6.4946758923469865,1.112624233434438,19.24653097789883,13.77223,124.99999999999996,251668,151,0.031950538289660775,0.1112670917800831,0.11017784,0.9999999999999998,-0.6026342023448436,5.873761180594751
61869045,20260207,593.0689100000001,13.49,11.021867570000008,0.0,13.759977520760566,0.0,151.66065,0.0,185192,0,0.012635744599555137,0.0,0.255721801367062,0.0,0.020013159433696526,-1.0
61879187,20260207,66.1471,54.0,1.5291670999999987,0.0,43.25694686996604,0.0,66.1471,0.0,840301,0,0.011986183739433828,0.0,1.0,0.0,-0.19894542833396217,-1.0
61894872,20260207,59.70149253731344,5.1,1.1046315399999997,3.909643429253677,8.226643610049376,15.270312528386857,9.087409999999998,59.7014923095703,5999,8,0.004337358108596631,0.0175715188128418,0.15221411749999994,0.9999999999999998,0.6130673745194856,1.9941789831243169
61914746,20260207,20.83333333333333,11.0,0.3186287699999997,0.3250793941,2.3789753825431417,21.665440696597216,0.75801,7.04301,17018,3,0.002918138482115299,7.067278550938462e-05,0.036384480000000004,0.3380644387323683,-0.7837295106778961,0.9695855178724742
61917856,20260207,183.66036000000005,3.5,39.25839492,31.974646278380817,1.1879578901541092,5.743936845190378,46.63732,183.6603546142578,11011,48,0.005503023639362287,0.1496000633563,0.25393242178116165,1.0,-0.6605834599559687,0.6411248129115366
61992618,20260207,83.12442,4.0,9.788109599999999,14.860975386046324,3.4120040911679212,5.593469635283529,33.39707,83.12442016601565,4399,23,0.04470528455284553,0.2031029428088251,0.40177206649983244,1.0000000000000004,-0.1469989772080197,0.3983674088208822
62110977,20260207,118.0,9.1,6.754455839999997,2.183826863016765,3.73756533435268,54.03356280883487,25.24522,118.0,438721,21,0.03988590286742913,0.0244470314318975,0.21394254237288135,1.0,-0.5892785346865187,4.937753905907858
62112649,20260207,170.84410000000003,9.0,18.034290420000005,1.0161034632,3.997236282723675,12.910306444956474,72.08732,13.11822,78439,2,0.036973367900070706,5.268857353533906e-05,0.4219479630844729,0.0767847407483754,-0.555862635252925,0.4344784938840526
62164374,20260207,8.309009999999999,2.51,5.170598479999997,1.823798084815196,1.577384132909892,4.555879877987713,8.156020000000002,8.309009552001958,47991,28,0.09854414784394251,0.7368421052631579,0.9815874574708663,0.9999998852240816,-0.3715601064104015,0.8150915917521017
62243266,20260207,1.32579105532968,26.0,0.0029903999999998996,0.0,0.0,0.0,0.0,0.0,1780,0,0.016808309726156753,0.0,0.0,0.0,-1.0,-1.0
62326550,20260207,40.32258064516129,2.3,0.6950244499999997,6.463938668005638,4.5268767163514925,6.238081466703115,3.1462900000000005,40.322582244873054,8543,10,0.009443953128454566,0.2439024390243902,0.07802799200000002,1.0000000000000002,0.9682072679789099,1.712209389578842
62326559,20260207,40.32258064516129,2.3,0.8333575799999995,6.186274949783556,0.0,6.518070414606036,0.0,40.32258224487305,6016,20,0.01201517874975035,0.506547619047619,0.0,1.0,-1.0,1.8339437172778272
62338437,20260207,151.5151515151515,52.0,0.869796189999997,0.0,13.602577403793918,0.0,11.83147,0.0,841481,0,0.02165416881111683,0.0,0.07808770200000001,0.0,-0.7384119730039631,-1.0
62367731,20260207,72.79249000000002,15.0,2.2769717699999985,0.0,11.811376124351344,0.0,26.894170000000003,0.0,33383,0,0.008282184235988786,0.0,0.3694635257016211,0.0,-0.2125749250432437,-1.0
62465463,20260207,469.2045099999999,4.78,106.12060824999999,36.71891755571144,4.069732798577321,12.778276614522792,431.88252,469.2044982910144,4881766,361,0.08436022610039037,0.1782716049382716,0.920456881371409,0.9999999999999974,-0.14859146473277812,1.6732795091310522
62516634,20260207,17.806910000000002,12.0,1.0020338499999992,0.3945993874,10.48906681146551,26.53028312764398,10.5104,10.468859999999998,74440,12,0.0067361638976363705,0.0003436426116838,0.5902427765401184,0.5879099257900908,-0.1259110990445409,1.210856927303665
62537183,20260207,1000.0,19.0,5.247883999999996,0.0,16.335054280925426,0.0,85.72447,0.0,58807,0,0.001917755058781327,0.0,0.08572447,0.0,-0.14026030100392492,-1.0
62543564,20260207,1000.0,32.62,0.4121149299999988,0.2864389318,32.585885689703204,60.11197493240012,13.42913,17.21847,2011,1,0.0027315946753599567,0.000204248366013,0.013429130000000001,0.01721847,-0.00104580963509483,0.8427951226461579
62658588,20260207,4.545454545454546,2.01,0.2017653299999995,0.0264244616305025,0.0,172.01041047695287,0.0,4.545454502105713,10142,2,0.011223992917220009,0.1055555555555555,0.0,0.9999997901916924,-1.0,84.57731905128446
62665519,20260207,354.54545454545456,2.61,25.28079539,71.91424696979999,1.5743673957245692,4.903768753364338,39.80126,352.650842116,15789,615,0.008859772178890073,0.0679388143932865,0.1122599641025641,0.9946562602688462,-0.3967941012549543,0.8788386783380688
62676303,20260207,416.91595,2.04,56.357969910000016,99.95802521537398,1.4724080752467967,4.170910234777327,82.98193,416.9159545898437,6661,124,0.005170780934637478,0.6738825709096671,0.19903755181350102,0.9999999999999998,-0.27823133566333497,1.0445638788094358
62681129,20260207,48.53814999999999,48.0,2.193455649999998,0.0,14.018943122921144,0.0,30.74993,0.0,8052,0,0.004581768521679754,0.0,0.6335208490640869,0.0,-0.7079386849391428,-1.0
62693338,20260207,49.58663000000001,1.83,5.146988039999998,10.015808837587942,1.5020648853110607,4.950835986203591,7.731109999999999,49.58663177490233,62999,53,0.07116118829775217,0.8881045751633987,0.15591118009027832,0.9999999999999996,-0.1791995162234641,1.7053747924051916
62695450,20260207,4.3478260869565215,2.44,0.3593056899999997,0.1757730204593363,1.0693401487741547,24.73531636055483,0.38422,4.34782600402832,5850,4,0.2611607142857143,0.8,0.08837060000000001,0.9999997806549512,-0.56174584066633,9.137424500199486
62699077,20260207,44.67285000000001,60.0,1.0580723799999983,0.0,34.75645021562708,0.0,36.77484,0.0,3010,0,0.0035927428980663642,0.0,0.8232033550579376,0.0,-0.4207258297395486,-1.0
62708257,20260207,392.89094,1.85,310.1368070499999,90.07880974133754,1.2143733070008726,4.361635405067371,376.62185999999997,392.89093017578085,27589,168,0.001176899680489376,0.6539742979533555,0.9585913587114021,0.999999999999999,-0.34358199621574453,1.3576407291118031
62715156,20260207,100.03554,1.47,80.51573367,20.95233007556172,0.9892120008052085,4.77443475663696,79.64713,100.03553771972652,9468,31,0.004812932086213908,0.8157894736842105,0.7961883346658598,0.9999999999999996,-0.3270666661189057,2.247914737219982
62719771,20260207,19.466780000000004,160.0,0.13359869999999863,0.0,88.12675572442039,0.0,11.773620000000001,0.0,3794,0,0.013492176386913229,0.0,0.6048057254461189,0.0,-0.44920777672237255,-1.0
62753184,20260207,165.83097,21.6,9.966304629999998,1.0200229304,16.084771231802094,20.837530734857356,160.30572999999998,21.254779999999997,8657,11,0.019388577827547594,0.0024825517381644,0.9666814950186927,0.1281713595471727,-0.25533466519434755,-0.0352995200530868
62759058,20260207,1000.0,31.5,32.574883729999996,5.635525593599999,15.366511025763225,32.2242486099232,500.56231,181.60061,4262135,65,0.06937102557466915,8.20781329781088e-05,0.5005623100000001,0.18160061,-0.5121742531503739,0.0229920193626413
62766768,20260207,34.31616,50.63,0.9474606899999991,0.0060099634,23.51535027801525,413.62088479859983,22.279870000000003,2.48626,8028,2,0.023577092511013215,0.0005979938271604,0.6492530049982282,0.0724515832643657,-0.5355451258539354,7.169482047652609
62782340,20260207,292.4077699999999,25.0,8.833024349999995,0.0,11.462082067055556,0.0,101.24485000000001,0.0,2683616,0,0.043072863583616484,0.0,0.3462454161187305,0.0,-0.5415167173177777,-1.0
62824285,20260207,288.6240099999998,10.0,43.15919143000001,0.0183982499999999,6.145476344944583,6.782885171949944,265.23379,0.1248,76092,1,0.004326629479896969,3.178962895145088e-06,0.9189595487915234,0.0004323964391932,-0.38545236550554174,-0.3217114828050056
62854671,20260207,363.6363636363636,57.4,2.284162339999999,0.0,17.06687362685439,0.0,38.983509999999995,0.0,6537,0,0.0011314190767952646,0.0,0.1072046525,0.0,-0.7026677068492265,-1.0
62863799,20260207,26.5748031496063,65.54,0.30854336999999954,0.0,27.733702396522126,0.0,8.55705,0.0,6960,0,0.0034383954154727794,0.0,0.3219986222222222,0.0,-0.5768431126560555,-1.0
62867831,20260207,23.834820000000004,2.71,5.408050499999998,3.1680244536717312,1.1625594102717793,7.523556910212537,6.287179999999999,23.83481979370116,12435,68,0.013547227366815557,0.1721518987341772,0.2637813081869298,0.9999999199763828,-0.5710112877225907,1.7762202229919335
62868116,20260207,1000.0,16.0,12.598702109999998,0.0537072146,11.973630194832825,17.38262958381789,150.8522,0.93359,280295,2,0.013983078327588013,1.013237042213979e-05,0.15085220000000002,0.00093359,-0.2516481128229484,0.0864143489886182
62875385,20260207,15.734370000000002,6.34,10.746493319999997,0.7132769122281235,1.2864261474272245,22.0592422138486,13.82457,15.734370231628422,175064,20,0.032017264713413075,0.1418439716312056,0.8786224043288672,0.9999999393891056,-0.7970936675982295,2.4793756597694023
62904543,20260207,1000.0,299.26,0.0049137499999999,0.0,0.0,0.0,0.0,0.0,5909,0,0.045003808073115006,0.0,0.0,0.0,-1.0,-1.0
62941923,20260207,1000000.0,41.96,1.279913989999998,0.9024805274,7.1795996229403,127.8988173115708,9.18927,115.42632,17538,3,0.07611979166666667,0.0011636547316393,9.18927e-06,0.00011542632,-0.8288941939242064,2.0481129671640037
62957523,20260207,1233.7502500000005,4.1,419.77348746999985,242.98749969951737,2.471231201980418,5.077422668198482,1037.3573399999998,1233.750244140624,68128,273,0.007876160418039515,0.1002094553566537,0.8408163159440084,0.9999999999999992,-0.3972606824438004,0.2383958015368557
62974470,20260207,256.19916000000006,9.0,43.75084866,0.1151720576,4.557627248549926,75.2872258555025,199.40006,8.671059999999999,205148,2,0.02219039686746206,1.4866218608996614e-05,0.7783009905262763,0.0338449980762665,-0.4935969723833416,7.365247317278055
62987009,20260207,225.48274,23.0,5.1095899299999985,0.0,23.910811175408757,0.0,122.17444,0.0,27461,0,0.0008659306839215834,0.0,0.5418349981022937,0.0,0.03960048588733724,-1.0
62991598,20260207,53.40617000000002,7.91,10.574299029999999,0.0,3.636666590466187,0.0,38.455200000000005,0.0,16144,0,0.003839421613394216,0.0,0.7200516344834312,0.0,-0.5402444259840472,-1.0
63007107,20260207,10.31706,3.0,1.3720628999999993,1.7772102508764114,1.721641187149657,5.805196464682132,2.3622,10.317060470581051,4996,21,0.004669158878504673,0.0282258064516129,0.22896057597804026,0.9999999075633768,-0.42611960428344764,0.9350654882273776
63017961,20260207,35.714285714285715,1.45,5.081967689999999,7.768448699337915,0.5707789141807788,4.597350589428809,2.90068,35.71428680419922,3460,9,0.008777270421106037,0.2307692307692307,0.08121903999999999,1.0,-0.6063593695304974,2.170586509133423
63024390,20260207,1000.0,84.69,2.7926086299999984,0.0,34.97746477994665,0.0,97.67837,0.0,5840,0,0.008940600122473974,0.0,0.09767837,0.0,-0.5869941577524306,-1.0
63029536,20260207,1000.0,14.88,0.013316019999999897,0.0,7.059917302617503,0.0,0.09401,0.0,4213,0,0.023483835005574136,0.0,9.401e-05,0.0,-0.5255431920283936,-1.0
63038827,20260207,0.206347241137386,26.0,0.0021923399999999,0.0,0.0,0.0,0.0,0.0,1267,0,0.0018668041844703109,0.0,0.0,0.0,-1.0,-1.0
63038979,20260207,1000.0,2.25,255.66614177999998,219.7108704559721,1.6327005097108018,4.551436136833996,417.42624000000006,1000.0000000000005,23412,307,0.0043872273442770405,0.7009132420091324,0.41742624000000006,1.0000000000000004,-0.27435532901742143,1.022860505259554
63041128,20260207,86.78675999999997,10.0,5.560731969999999,1.2588522614,4.811032098711279,12.603788294081786,26.752860000000002,15.866319999999998,646006,4,0.012517385634592617,4.322418204360783e-06,0.3082596930683898,0.1828195946977815,-0.5188967901288721,0.2603788294081786
63049540,20260207,42.85714285714285,2.7,1.63084324,12.052333843667904,0.8899874398719032,3.555920405299397,1.4514299999999998,42.85714340209961,1052,64,0.013715775749674055,0.1444480915535627,0.0338667,1.0,-0.6703750222696655,0.3170075342591052
63050276,20260207,4.545454545454546,2.32,0.0025585199999999995,0.3274889422,0.0,7.649150942382743,0.0,2.50502,3088,21,0.013304610081861267,0.0165403998069901,0.0,0.5511042896294586,-1.0,2.297047914863981
63053963,20260207,24.875621890547265,6.0,3.1709264699999995,0.509597696,4.788862228016281,13.299445334530445,15.18513,6.777379999999999,10146,1,0.005146596327483007,4.756468797564688e-05,0.610442226,0.2724506561490496,-0.20185629533061977,1.2165742224217408
63099926,20260207,1000.0,55.51,2.9197034499999988,0.0026642341,16.960105999806252,216.40125345837345,49.51848,0.5767599999999999,226734,1,0.03606222066705899,2.702118460873325e-05,0.04951848,0.00057676,-0.6944675553989146,2.8984193839261563
63115257,20260207,1000.0,9.5,0.0012530799999999,0.251662721,0.0,27.104741092181506,0.0,6.82128,2395,6,0.0025427327741798494,0.0024935649935649,0.0,0.00682128,-1.0,1.8531306412822637
63116306,20260207,1000.0,24.5,1.437166389999999,0.0,8.31511930918452,0.0,11.950210000000002,0.0,7103,0,0.0011041676382346998,0.0,0.011950210000000003,0.0,-0.6606073751353256,-1.0
63117307,20260207,44.70852000000001,22.1,2.0507180199999993,0.0,14.176146947789542,0.0,29.07128,0.0,2705,0,0.01020754716981132,0.0,0.6502402674031705,0.0,-0.3585453869778488,-1.0
63118770,20260207,299.31642000000005,5.2,17.39955433,19.37087942059393,4.548526272511716,15.451874140515844,79.14233,299.31640625000006,126908,161,0.006458323791494277,0.0479737783075089,0.2644102518665698,1.0000000000000002,-0.1252834091323623,1.971514366786006
63118785,20260207,70.0,9.0,7.83276084,0.0,6.856636005753496,0.0,53.70639,0.0,22254,0,0.010747090355918289,0.0,0.7672341428571429,0.0,-0.23815155491627818,-1.0
63119851,20260207,20.0,2.42,0.5738863799999998,5.39725198666001,0.1583588723607625,3.705588759584277,0.09088,20.0,1674,68,0.013212312549329124,0.1751637188669523,0.004544,0.9999999046325776,-0.9345624494377014,0.5312349763472393
63120136,20260207,305.25518000000005,25.0,15.297062569999998,0.0,14.424013041086754,0.0,220.64503000000002,0.0,27467,0,0.0039039470130903817,0.0,0.7228215750507493,0.0,-0.42303947835652983,-1.0
63125663,20260207,470.4109,20.0,5.02379563,0.1567507461,10.15245717708465,83.83185723249814,51.00387,13.14079,27821,5,0.008420654378159146,0.000120596268395,0.10842408201000443,0.0279347062673246,-0.4923771411457675,3.191592861624907
63129888,20260207,2000.0,12.0,0.38690968999999886,1.4520804772,7.344840600916479,49.2484417182262,2.84179,71.51275000000001,56786,14,0.022986560880829017,0.0005620982990705,0.001420895,0.035756375,-0.3879299499236268,3.104036809852184
63136165,20260207,6.385696040868455,52.0,0.0732189399999996,0.0901821426,3.570797392040932,22.44310789852648,0.26145,2.02399,30719,2,0.005860167874856925,0.0001131946537118,0.040943070000000005,0.3169567919537489,-0.9313308193838282,-0.5684017711821832
63140934,20260207,114.94252873563218,11.5,0.0972153599999998,2.7791230049,4.004614085675358,15.380972538336987,0.38931,42.745630000000006,2265,21,0.0013238646326494828,0.00385569714838,0.003386997,0.3718869841209998,-0.6517726882021428,0.3374758728988684
63154710,20260207,1000.0,23.61,0.0218982999999998,0.0,9.924971344807675,0.0,0.21733999999999992,0.0,1561,0,0.01018929503916449,0.0,0.00021733999999999992,0.0,-0.579628490266511,-1.0
63156076,20260207,1000.0,9.0,1.9238692299999978,1.1232310761000002,2.616685126774446,10.475724696943598,5.03416,11.76667,424013,26,0.050271266820795545,0.0005179442186773,0.00503416,0.01176667,-0.7092572081361728,0.1639694107715108
63161144,20260207,60.10060000000001,32.0,3.0264052499999985,3.0073882374000003,18.78458279835459,14.149977485717791,56.849759999999996,42.55449,182407,11,0.00641853280222951,3.284793331416687e-05,0.9459100241927699,0.7080543148148666,-0.412981787551419,-0.557813203571319
63163299,20260207,309.54889000000003,3.72,99.73916304,44.29400478238023,2.0701145237923786,6.988505186931907,206.47149000000002,309.5488891601561,54211,164,0.007639656144306652,0.8497409326424871,0.667007689803055,0.9999999999999994,-0.4435176011310811,0.878630412146199
63196383,20260207,1000.0,8.0,1.4307406499999988,0.2994981974,2.846455784981019,11.081031364393237,4.07254,3.3187600000000006,137689,6,0.013906575093424906,7.46298241948846e-05,0.00407254,0.00331876,-0.6441930268773726,0.3851289205491544
63204884,20260207,184.27386,3.4,78.66949489,14.096777616509922,2.3226391659879133,13.072054953766182,182.72084999999998,184.2738647460937,306129,77,0.023265617875056998,0.3407079646017699,0.9915722718349742,0.9999999999999996,-0.31687083353296663,2.844721937383801
63205388,20260207,51.54639175257732,14.5,0.08118716999999921,1.2582263439999997,5.323378065770789,18.124459072318498,0.43219,22.80469,2201,3,0.008658536585365854,0.0014482546176667,0.008384486,0.4424109964635169,-0.6328704782227041,0.249962694642655
63224395,20260207,45.16711833785005,14.0,0.3635722799999984,2.476400651943621,5.830257466273307,18.239011445118376,2.11972,45.16711807250976,24101,18,0.00990221455277538,0.0022454675364226,0.0469306008,1.0,-0.5835530381233353,0.3027865317941697
63234573,20260207,229.51535,15.4,1.8101369199999988,0.0,11.342014945477171,0.0,20.5306,0.0,29614,0,0.006837366087920207,0.0,0.08945196911666256,0.0,-0.2635055230209629,-1.0
63236174,20260207,23.102310231023104,7.91,1.8509005299999988,0.0,3.41908703219184,0.0,6.32839,0.0,2346,0,0.001385133140461711,0.0,0.2739288814285714,0.0,-0.5677513233638635,-1.0
63273998,20260207,11.750881316098708,13.0,0.5521018899999983,0.0,4.917769797890038,0.0,2.71511,0.0,2729,0,0.002720566244641611,0.0,0.231055861,0.0,-0.6217100155469202,-1.0
63281072,20260207,277.77777777777777,34.1,0.1704646299999994,0.1170843815,4.037025158826218,94.35977282953976,0.68817,11.04815,74545,12,0.0063686458778299876,0.000319600995997,0.002477412,0.0397733409710288,-0.8816121654303162,1.767148887151727
63298743,20260207,6.849315068493151,28.08,0.3764911899999997,0.0,13.412026985279534,0.0,5.04951,0.0,14493,0,0.02115457597431032,0.0,0.7372284599999999,0.0,-0.5223637113504439,-1.0
63299682,20260207,97.50139,69.3,0.524341599999999,0.0,59.81119941656367,0.0,31.3615,0.0,14714,0,0.009649157321791594,0.0,0.32165182465603825,0.0,-0.1369235293425156,-1.0
63316232,20260207,126.52847,36.0,2.6108107399999985,0.0,32.71654995566628,0.0,85.41672,0.0,184079,0,0.08173297220495515,0.0,0.6750790553303933,0.0,-0.09120694567593664,-1.0
63336283,20260207,1000.0,12.0,0.1539623499999997,0.0,7.6086783554550985,0.0,1.1714499999999999,0.0,11296,0,0.061026472177201516,0.0,0.0011714499999999999,0.0,-0.3659434703787418,-1.0
63338096,20260207,44.41921000000001,1.97,64.86024656000001,10.148566059559272,0.6848887007992897,4.376894616346001,44.42205,44.419208526611335,4549,9,0.0015275865542832196,0.3103448275862069,1.0000639363014334,1.0000000000000002,-0.652340761015589,1.221773884660173
63350356,20260207,7.170259999999998,1.0,22.22256703,11.249457087657715,0.2762840130805536,0.6373871431559872,6.13974,7.170259952545166,1467,4,0.035264423076923075,0.875,0.8562785728829919,0.9999998669958696,-0.7237159869194464,-0.3626128568440128
63355127,20260207,1.6891891891891893,1.9,0.2513404999999994,0.3564328586690244,0.5325444964102495,4.739137864008239,0.13385,1.6891891956329346,2255,4,0.02185077519379845,0.1379310344827586,0.0792392,0.9999994354251256,-0.7197134229419739,1.494283117619254
63355311,20260207,1.6891891891891893,1.9,0.41941804999999976,0.3498770603930284,0.8393534803759644,4.827936892457384,0.35204,1.6891891956329346,7857,2,0.0046269359872799015,0.03125,0.20840768,0.9999994354251256,-0.5582350103284398,1.5410194489684257
63359739,20260207,1000.0,3.32,7.14293801,130.4830612710212,1.9924504426715586,7.663829945398872,14.231950000000001,999.999999999998,453747,1236,0.002442170631755371,0.1410154021677125,0.014231950000000002,0.999999999999998,-0.3998643244965185,1.3083825600903711
63360454,20260207,1000.0,22.01,0.0619317599999995,0.0,7.273650869925279,0.0,0.45047,0.0,1797,0,0.004085019322573312,0.0,0.00045046999999999996,0.0,-0.6695297196762708,-1.0
63363585,20260207,2928.89804,300.0,2.8451989899999983,0.0,287.7728457228225,0.0,818.77101,0.0,17123,0,0.011131842413210245,0.0,0.27954916791845713,0.0,-0.04075718092392492,-1.0
63381071,20260207,1000.0,19.41,20.43495700999999,5.1088054411,8.9418617279489,21.473134380949368,182.72656,109.702087236,10808951,271,0.3924533802919178,0.000739115583177,0.18272656,0.109702087236,-0.5393167579624472,0.1062923518679126
63382374,20260207,1000.0,83.45,0.1044110699999986,0.0,13.333260544116811,0.0,1.39214,0.0,262873,0,0.007438103753671332,0.0,0.0013921399999999998,0.0,-0.8402245590878753,-1.0
63400626,20260207,10.53743,3.2,3.917679739999998,2.2176489459140973,2.6897119466942456,4.7516199880801615,10.53743,10.537429809570314,45662,12,0.013993870671161509,0.2307692307692307,1.0,0.9999999094965047,-0.1594650166580483,0.4848812241485959
63405128,20260207,1000.0,86.31,0.6356251999999994,0.0,20.628367157249293,0.0,13.111910000000002,0.0,23871,0,0.004416384525725703,0.0,0.013111910000000001,0.0,-0.7609967888164836,-1.0
63412723,20260207,1017.58415,1.26,1235.2938429400003,345.40464452681994,0.7762061921380209,2.9460639301142675,958.8427300000001,1017.5841674804684,68367,242,0.0038366396363534333,0.7908496732026143,0.9422736488181347,0.9999999999999998,-0.3839633395729993,1.3381459939782263
63415176,20260207,391.68223000000006,5.0,167.08847776,66.61596937979321,2.359302839339004,5.879704494671663,394.21232,391.6822204589845,61727,259,0.006827830319119518,0.0755092489176779,1.0064595475776368,1.0000000000000002,-0.5281394321321992,0.1759408989343326
63417588,20260207,250.18294000000003,52.0,7.085179469999998,5.37850218,23.712244793708813,19.32156712624645,168.00551000000002,103.9211102311,524464,89,0.03980419092144109,0.00057664581976,0.6715306407383334,0.4153804860509097,-0.5439952924286767,-0.6284314014183375
63418435,20260207,1.7391304347826086,17.27,0.0111358899999997,0.0,88.58384915799515,0.0,0.98646,0.0,2594,0,0.0029215001689379435,0.0,0.5672145000000001,0.0,4.129348532599604,-1.0
63425723,20260207,243.00836,27.5,14.681358509999999,0.0,16.26848086553538,0.0,238.84340000000003,0.0,111832,0,0.021381565110987898,0.0,0.982860836557228,0.0,-0.40841887761689527,-1.0
63426601,20260207,7170.80575,339.26,20.49040154,0.0,129.28927404513905,0.0,2649.1891399999995,0.0,5034386,0,0.02410306742356816,0.0,0.36944092928469013,0.0,-0.6189079937359575,-1.0
63451974,20260207,68.71583000000001,2.5,35.654098270000006,13.696635076267704,1.3379210894288027,5.0169857444748125,47.70237,68.7158279418945,10076,44,0.0029741137577850587,0.3698005698005698,0.6941976834158882,0.9999999999999996,-0.46483156422847893,1.006794297789925
63463364,20260207,117.6470588235294,5.0,4.04439071,0.6448894068,2.421155793822897,7.146237486874646,9.7921,4.60854,3884,18,0.020792291220556744,0.0017885821340538,0.08323285,0.0391725907471578,-0.5157688412354207,0.4292474973749291
63464061,20260207,346.15384615384613,6.1,49.97379218,28.424370776400004,3.0249067242189027,6.581661029192111,151.16606000000002,187.07958,5947,20,0.0024273469387755104,0.0012466615131238,0.4367019511111112,0.5404521309955268,-0.504113651767393,0.0789608413262024
63466342,20260207,80.63901,2.78,8.29725483,8.728558122575595,2.439680402102342,9.238524530331034,20.24265,80.63900756835936,75031,76,0.15825986078886312,0.9107789855072465,0.2510280074122934,0.9999999999999998,-0.12241712154592002,2.323210296909656
63472525,20260207,1025.55606,1.74,871.8579168499999,345.53074690240385,1.171362145439696,2.968060111869144,1021.26136,1025.5560302734375,87878,424,0.016773811796144303,0.6450877206087829,0.9958123205863559,1.0000000000000002,-0.32680336468982984,0.7057816641388175
63474289,20260207,1000.0,73.77,1.35e-05,3.914372604380059,0.0,255.4687163435376,0.0,1000.0000000000002,180632,33,0.23122375832053252,0.0301223120050816,0.0,1.0000000000000002,-1.0,2.463043621644911
63494257,20260207,83.03227000000001,11.0,14.871869980000005,0.0,5.067624992778478,0.0,75.36506,0.0,51983,0,0.002313429846774158,0.0,0.9076598772983081,0.0,-0.5393068188383201,-1.0
63494470,20260207,58.7649,10.5,0.40920028999999974,4.404120830027964,6.277219402752627,13.343159539059892,2.5686400000000003,58.76490020751953,1300,13,0.00012331391929578268,0.0021158854166666,0.04371044620172927,1.0,-0.40216958069022596,0.2707770989580849
63510498,20260207,2.93115,8.3,0.1458485999999991,0.0246454581382418,3.0990355752472274,118.9278371408748,0.45199,2.931149959564209,1655,17,0.00024791407642644217,0.0008579626047449,0.1542022755573751,0.9999996746416868,-0.6266222198497317,13.328654747939852
63520550,20260207,1000.0,25.3,0.8662697799999988,0.0,11.146215905165263,0.0,9.65563,0.0,31832,0,0.007775470822443147,0.0,0.00965563,0.0,-0.559438106515207,-1.0
63523189,20260207,1000.0,18.66,0.5611918599999988,0.0,10.00761130070563,0.0,5.61619,0.0,27816,0,0.027983903420523138,0.0,0.005616189999999999,0.0,-0.4636864254712953,-1.0
63533300,20260207,2094.1917699999995,3.61,88.02355833999997,308.2295418937678,2.606760443763265,6.794259987960975,229.45632999999998,2094.191650390628,889339,1042,0.07179963508364012,0.7343199436222692,0.10956796473323932,1.000000000000001,-0.27790569424840295,0.8820665333511388
63533738,20260207,74.38692,3.79,7.22517268,10.2754250438,3.456444725415199,2.936075241201669,24.973409999999998,30.169424,2051,13,0.1289937106918239,0.0831313131313131,0.335723135196349,0.4055743290673004,-0.08800930727831165,-0.2253099549462402
63535808,20260207,9.097779999999998,3.82,2.5308014499999993,1.7342679013622448,2.793494527198095,5.245887890000766,7.069780000000001,9.097780227661133,1234,10,0.003295060080106809,0.0544766997708174,0.7770884765294392,0.9999998951750656,-0.26871871015756676,0.3732691051508821
63536636,20260207,208.86075949367088,5.6,1.6327292399999997,26.17075258762276,5.438880974533169,7.980693519218479,8.88022,208.86076354980472,5207,23,0.0026184250226289852,0.0104545454545454,0.04251741696969697,1.0000000000000002,-0.028771254547648333,0.4251238669873004
63541909,20260207,312.5,26.0,23.84098275999999,1.9165158942,10.391828746911944,36.682577760080775,247.75140999999996,70.30278,6515232,32,0.08059416130628402,3.2591307352021336e-05,0.7928045119999999,0.224968896,-0.6003142789649252,0.4108683753877221
63543019,20260207,7.1144300000000005,2.32,3.098336459999999,1.3342181114311544,2.2962096246964743,5.332280050375531,7.1144300000000005,7.114429950714112,98680,16,0.49538152610441766,0.9583333333333331,1.0,0.9999998659521292,-0.010254472113588608,1.2983966395733018
63548375,20260207,1000.0,18.08,0.18686605999999947,0.0,13.590536451616773,0.0,2.5396099999999997,0.0,2795,0,0.008013188073394495,0.0,0.00253961,0.0,-0.24831103696809878,-1.0
63552128,20260207,86.28540000000001,4.15,12.18227423,16.56350450595187,3.2091774706339042,5.209368292214443,39.095079999999996,86.28540039062503,92113,38,0.011114288472212167,0.926829268292683,0.45309032582569,1.0000000000000002,-0.2267042239436376,0.255269439157258
63558513,20260207,1000.0,30.39,0.0284800699999999,0.0,24.025924093585534,0.0,0.6842600000000001,0.0,3497,0,0.053389312977099236,0.0,0.0006842600000000001,0.0,-0.20941348820054184,-1.0
63563441,20260207,32.60413000000001,2.5,19.86996271,6.331322997883622,1.4766222980999242,5.149654290659958,29.340429999999998,32.60412979125976,2810,13,0.0009405857740585774,0.3276515151515151,0.8998991845511592,0.9999999999999998,-0.40935108076003035,1.0598617162639834
63577520,20260207,151.5151515151515,52.0,0.1348435899999989,0.0,12.359949775884887,0.0,1.66666,0.0,118256,0,0.008404056483764827,0.0,0.010999956000000002,0.0,-0.7623086581560599,-1.0
63592988,20260207,70.92198581560284,1.65,32.41290016,5.028655505280296,1.3753918896469397,14.103566104872533,44.580439999999996,70.92198944091795,57186,19,0.006098929226568833,0.9047619047619048,0.6285842039999999,0.9999999999999998,-0.16642915778973347,7.547615944644592
63599957,20260207,1000.0,36.05,0.07052639999999971,0.0,18.042179949635955,0.0,1.27245,0.0,1402,0,0.0015661304736371761,0.0,0.00127245,0.0,-0.49952344106418983,-1.0
63604272,20260207,70.0,8.5,13.107625269999993,0.0,4.387274492170468,0.0,57.50675000000001,0.0,26513,0,0.0016779954937849674,0.0,0.8215250000000002,0.0,-0.4838500597446509,-1.0
63612668,20260207,2000.0,15.0,0.4373678399999993,1.2278793677000002,1.6438565761945396,58.67667721974932,0.71897,72.04794000000001,112188,39,0.07312475557293703,0.0015866354817309,0.000359485,0.03602397,-0.8904095615870307,2.911778481316621
63614842,20260207,1000.0,10.01,0.0895118499999998,1.3039789861,11.244991584913086,12.018443662522714,1.0065600000000001,15.67181,1927,8,0.013135650988411724,0.0024242424242424,0.00100656,0.01567181,0.12337578270859999,0.2006436950766414
63618506,20260207,7.20164609053498,5.02,0.4629729899999988,0.7401921415278738,0.31919788668449184,9.729415099830693,0.14778,7.201646327972413,62768,7,0.008383822193727627,0.0705049049873087,0.02052030857142857,0.9999998675755312,-0.9364147636086669,0.938130505338167
63619732,20260207,330.87964000000005,2.2,108.96754836999996,80.20107308343289,1.26041451839998,4.12562602749761,137.34428000000003,330.8796386718748,9613,136,0.004368949688678817,0.8047337278106509,0.41508833846651916,0.9999999999999992,-0.42708430981819095,0.8752845173077618
63623744,20260207,91.2677,25.0,0.8465259399999996,0.0,23.216075339640522,0.0,19.653010000000002,0.0,5636,0,0.002809431234734061,0.0,0.21533368321980284,0.0,-0.07135698641437913,-1.0
63624433,20260207,1045.55126,38.5,37.189085069999976,5.399529246799999,19.284177834708974,17.238873852992015,717.16093,93.08182079000002,495721,203,0.28145176858002613,0.0073904487452168,0.6859165661566895,0.0890265484845436,-0.49911226403353315,-0.5522370427794282
63635613,20260207,1.2315270935960592,6.48,0.04878384999999941,0.0966759355,0.7307746313585425,12.577146697000964,0.03565,1.21592,13284,14,0.020436923076923078,0.0067315655359133,0.0289478,0.98732627825554,-0.8872261371360274,0.9409176944414962
63636525,20260207,1000.0,20.0,3.5062172199999977,0.0,10.43995500084847,0.0,36.604749999999996,0.0,22037,0,0.004973032744341389,0.0,0.03660475,0.0,-0.47800224995757656,-1.0
63638938,20260207,1000.0,36.08,0.10309321999999971,0.0,13.866188290558817,0.0,1.42951,0.0,3419,0,0.005704989154013016,0.0,0.0014295100000000002,0.0,-0.6156821427228709,-1.0
63638951,20260207,2.47032,2.53,7.284128580000001,0.4922566087194749,0.24201384978846704,5.018348000286891,1.7628599999999999,2.470319986343384,19284,2,0.008461605967529618,0.0588235294117647,0.7136160497425434,0.9999996139471996,-0.904342351862266,0.983536781437286
63639183,20260207,1000.0,34.1,0.039602299999999896,0.0,14.820856364403117,0.0,0.58694,0.0,1549,0,0.02073627844712182,0.0,0.00058694,0.0,-0.5653707811025479,-1.0
63639342,20260207,6.451612903225806,2.04,0.6874497099999993,1.098141743625774,2.2969971141598142,5.875022156108627,1.5790699999999998,6.451612949371338,10334,13,0.07397279885468862,0.5722222222222223,0.24475584999999997,0.999999852180504,0.1259789775293207,1.8799128754747965
63640115,20260207,4.3478260869565215,2.41,0.1585456099999995,1.0237266435671135,3.495397948893077,4.247053433937369,0.55418,4.347826004028321,8107,24,0.009292755616689592,0.4698145604395604,0.1274614,0.9999997806549512,0.4503725929016916,0.7622627728967394
63645523,20260207,111.24086,12.3,20.94655676999999,0.5266005354000001,5.061078112457719,19.257539749284973,106.01216,10.14105,924647,10,0.07352940708696482,6.320462119176572e-05,0.9529965877646037,0.091162995335845,-0.588530234759535,0.5656536138748167
63645835,20260207,62.5,12.3,2.190383879999999,0.0794549367,4.473608525643462,15.277650109183092,9.79892,1.2139,425060,9,0.03458021477383664,0.0001085939858905,0.15678272000000001,0.0194224,-0.6362919897850844,0.24208535546944
63648944,20260207,26.5748031496063,68.0,0.0985532899999986,0.0,154.52239088111838,0.0,15.22869,0.0,2386,0,0.0018899009900990099,0.0,0.5730499644444444,0.0,1.2723881011929175,-1.0
63654752,20260207,1000.0,1.4,0.9703912699999997,180.44912665838453,1.638483412984538,5.54172809243578,1.5899699999999999,999.9999999999998,3670,308,0.005662706372473384,0.3228498332266091,0.0015899699999999998,0.9999999999999998,0.17034529498895581,2.9583772762934637
63663934,20260207,2.1367521367521367,21.0,0.01623013,0.0,22.84085216815885,0.0,0.37071,0.0,1186,0,0.0030201171377641964,0.0,0.17349228,0.0,0.08765962705518335,-1.0
63670871,20260207,3.5461400000000003,1.3,4.315747939999999,1.356401155218026,0.4677497453662691,2.6143721033461707,2.01869,3.546139955520629,418402,11,0.08361016745933415,0.8461538461538461,0.569264044848765,0.9999997310669988,-0.6401925035644084,1.0110555378775166
63675427,20260207,1000.0,34.85,0.1049685599999992,0.0,18.840784326278413,0.0,1.97769,0.0,2304,0,0.0032089136490250697,0.0,0.00197769,0.0,-0.4593749117280226,-1.0
63693341,20260207,1000.0,82.32,0.0232848699999989,0.0,38.02168532613845,0.0,0.8853299999999996,0.0,2180,0,0.00798242402050531,0.0,0.0008853299999999996,0.0,-0.5381233560964717,-1.0
63695352,20260207,244.34484,1.0,278.00997194,78.89616468867219,0.812903107118669,3.097043199009433,225.99517,244.3448333740236,56566,577,0.007163245406308964,0.3031419112385775,0.9249025680264007,1.0000000000000009,-0.18709689288133102,2.097043199009433
63698963,20260207,1000.0,9.5,0.1341763499999994,2.4258016772000004,1.7842935807987108,26.42024687431571,0.23941,64.0903056,25039,146,0.0066331991098866165,0.0116299610247357,0.00023941,0.0640903056,-0.81217962307382,1.781078618349022
63701114,20260207,166.66666666666666,34.0,0.10341095999999951,0.0,16.52697160919895,0.0,1.70907,0.0,24190,0,0.0056870812272246385,0.0,0.010254420000000002,0.0,-0.5139125997294427,-1.0
63701115,20260207,166.66666666666666,34.0,1.0170834799999982,0.2115200968999999,21.73359457180451,46.65633898762181,22.10488,9.8688,317627,6,0.0073764160539528745,1.3306950305266828e-05,0.13262928000000002,0.0592127981929688,-0.36077663024104384,0.3722452643418178
63704769,20260207,1000.0,7.57,1.558786249999999,90.67624127230988,3.203665672570568,11.028247035170468,4.99383,1000.0000000000002,7522,163,0.006137902896776826,0.0154216571461975,0.00499383,1.0000000000000002,-0.576794495036913,0.4568357708174416
63708107,20260207,17.33141,5.0,1.7003743199999994,7.144072095260772,4.742097022495613,2.4259843401998498,8.06334,17.331409454345703,18142,10,0.015942003514938487,0.0076800916404155,0.4652443165328152,0.9999998899484528,-0.05158059550087746,-0.51480313196003
63711027,20260207,1000.0,29.95,0.0126712699999998,0.0,238.15844820606355,0.0,3.0177699999999996,0.0,1269,0,0.003895027624309392,0.0,0.0030177699999999995,0.0,6.951868053624827,-1.0
63711593,20260207,132.71462,3.93,7.46426473,11.348118237433784,1.8850912325560027,11.694855516708117,14.07082,132.71461486816398,8992,74,0.0031473573678683932,0.1591397849462365,0.10602313445195412,0.9999999999999992,-0.5203330197058518,1.975790157265316
63712035,20260207,59.29753,27.0,3.042648139999999,0.0,19.37017600727241,0.0,58.93663,0.0,50946,0,0.0514034910705277,0.0,0.9939137431188112,0.0,-0.2825860738047256,-1.0
63716161,20260207,41.27358490566038,3.72,0.9929988299999999,9.15076211481292,1.2684506385571475,4.510398286497135,1.25957,41.273586273193374,42793,17,0.0029517095815198274,0.1689944134078212,0.030517581714285716,1.0000000000000004,-0.6590186455491539,0.2124726483354876
63719668,20260207,1000.0,84.69,0.0002581,0.0,216.1565284773344,0.0,0.055790000000000006,0.0,1498,0,0.5548148148148148,0.0,5.5790000000000006e-05,0.0,1.552326466847732,-1.0
63761622,20260207,1000.0,40.0,18.74194842,0.0,43.66644447311951,0.0,818.3942499999999,0.0,48158,0,0.0031624846498860644,0.0,0.81839425,0.0,0.09166111182798779,-1.0
63768177,20260207,1000.0,95.0,0.36684069999999724,0.0479385528,46.32155047136298,366.2549810018253,16.99263,17.558100000000003,352894,14,0.007251450211958007,5.060753523227172e-05,0.016992629999999998,0.0175581,-0.5124047318803897,2.8553155894928977
63777240,20260207,1000.0,31.86,1.0178924899999986,0.7406780367000001,17.526408903950184,53.24434477814619,17.84,39.43697,45926,1,0.003431256817536572,5.089369325353202e-06,0.017839999999999998,0.03943697,-0.44989300364249263,0.6711972303241793
63782676,20260207,1000.0,7.35,2.1781402499999993,0.0,13.303652049035872,0.0,28.97722,0.0,6436,0,0.005100649865271834,0.0,0.028977219999999998,0.0,0.8100206869436561,-1.0
63786819,20260207,72.20216606498195,3.82,1.0274569299999996,15.704335890367735,0.0,4.5975939130912495,0.0,72.20216369628906,10096,19,0.0014038210183820463,0.0272350756437657,0.0,1.0,-1.0,0.2035586370255122
63793115,20260207,13.157894736842104,19.23,0.8729048300000002,0.0,2.003803782366515,0.0,1.74913,0.0,1025,0,0.08686440677966102,0.0,0.13293388,0.0,-0.8957980352383508,-1.0
63798620,20260207,1000.0,15.0,1.3629326299999986,0.0,9.287869203043448,0.0,12.658739999999998,0.0,30468,0,0.017411280644608264,0.0,0.012658739999999998,0.0,-0.3808087197971035,-1.0
63800765,20260207,199.22996,2.25,100.40840010999989,28.007080506092297,1.4375852004599796,7.113556804075538,144.34563000000003,199.22996520996105,308909,214,0.047207806100617394,0.6925566343042071,0.7245176880023467,1.0000000000000004,-0.3610732442400091,2.16158080181135
63801044,20260207,750.0,12.0,10.220424519999998,13.280851474599997,8.865229602028315,45.14705446406661,90.60641000000001,599.5913699999999,520350,84,0.05984336185481645,0.0008823616016678,0.12080854666666668,0.7994551599999998,-0.26123086649764043,2.762254538672218
63807604,20260207,1000.0,22.0,0.16320020999999948,0.0,10.508993830338854,0.0,1.7150699999999999,0.0,14590,0,0.024063994722084776,0.0,0.00171507,0.0,-0.5223184622573248,-1.0
63820271,20260207,68.4931506849315,2.7,3.1490065699999983,5.959459189043347,1.4951318440723362,11.493180024868307,4.70818,68.49314880371091,55247,116,0.0037335108395956103,0.077519792035921,0.06873942799999999,0.9999999999999996,-0.44624746515839403,3.256733267367204
63825455,20260207,137.20322999999996,35.0,1.6012345599999986,0.0,32.92780540534926,0.0,52.725139999999996,0.0,177198,0,0.017557916014347714,0.0,0.38428497638138703,0.0,-0.05920555984716397,-1.0
63827404,20260207,10.638297872340424,10.0,0.020658699999999704,0.0,6.485887301718013,0.0,0.13399,0.0,1424,0,0.04127536231884058,0.0,0.012595060000000002,0.0,-0.3514112698281987,-1.0
63835415,20260207,1700.05321,30.2,49.63370162,0.0,34.0422252391338,0.0,1689.64165,0.0,1559686,0,0.05997454414015335,0.0,0.9938757446303695,0.0,0.12722600129582118,-1.0
63839772,20260207,21.73913043478261,32.0,0.00565656,0.113215011605993,27.960456531885104,192.01462506731556,0.15816,21.7391300201416,20151,3,0.34863321799307956,0.0179443173150266,0.00727536,0.9999999122619688,-0.1262357333785905,5.0004570333536105
63840064,20260207,1000.0,40.0,0.1193747299999997,0.0,19.089299720300986,0.0,2.2787800000000002,0.0,3614,0,0.014946236559139785,0.0,0.00227878,0.0,-0.5227675069924753,-1.0
63840552,20260207,1000.0,62.32,0.5946225499999989,0.5767624106,10.568199944653985,61.25633032658261,6.28409,35.33041,413262,3,0.011731132798528434,6.863537520725911e-06,0.00628409,0.03533041,-0.8304204116711492,-0.0170678654276364
63843847,20260207,1000.0,300.0,0.8526294699999981,0.0,363.9800885606273,0.0,310.34015,0.0,7746,0,0.007241959611069559,0.0,0.31034015,0.0,0.2132669618687576,-1.0
63847388,20260207,66.11570247933884,566.0,0.10638380999999891,0.0,165.44359522374864,0.0,17.600520000000003,0.0,5656,0,0.08126436781609195,0.0,0.2662078650000001,0.0,-0.7076968282265925,-1.0
63848648,20260207,1000.0,19.0,0.1148203099999997,0.0,5.431965825558227,0.0,0.6236999999999999,0.0,1028,0,0.0030668257756563248,0.0,0.0006236999999999999,0.0,-0.714107061812725,-1.0
63867023,20260207,34.770514603616135,1100.0,0.0538456399999992,0.0,218.2925117056864,0.0,11.754100000000001,0.0,1655,0,0.0034827441077441078,0.0,0.338047916,0.0,-0.8015522620857397,-1.0
63874819,20260207,1000.0,33.66,0.9448800599999992,0.0,13.054323529697527,0.0,12.33477,0.0,4311,0,0.0022930851063829786,0.0,0.01233477,0.0,-0.6121710181313865,-1.0
63886292,20260207,1000.0,18.66,0.5595576999999992,0.0,11.649504599793746,0.0,6.518569999999999,0.0,46331,0,0.033857790119848,0.0,0.006518569999999999,0.0,-0.3756964308792205,-1.0
63890282,20260207,42.79496,8.01,0.0635166,0.7531477232338513,0.0,56.82139357313217,0.0,42.794960021972656,4495,9,0.0031823008849557522,0.0088683082886495,0.0,1.0,-1.0,6.093806735266999
63892216,20260207,41.66666666666666,12.54,0.9331463899999988,0.0,1.5654885617678933,0.0,1.4608299999999996,0.0,10184,0,0.10184,0.0,0.03505992,0.0,-0.8751604017728953,-1.0
63893649,20260207,36.47676,4.76,2.2019377899999992,7.6810814185,3.5351589110971218,4.418880065685888,7.7842,33.941781982,1170,18,0.0005691215098745014,0.0007213787763982,0.2134016288727398,0.930504276635436,-0.2573195564922013,-0.0716638963851645
63893761,20260207,1000.0,8.0,0.3891586299999991,15.880541693199998,3.910487607585635,14.458079109746985,1.5217999999999998,229.602142564,7556,144,0.008974937641050005,0.0133434263211018,0.0015217999999999998,0.2296021425639999,-0.5111890490517956,0.8072598887183728
63895426,20260207,2.45433,6.5,1.2508153499999992,0.0383344152375944,1.7856352658288062,64.02252205401669,2.2335,2.4543299674987797,1785,3,0.009365162644281217,0.0142857142857142,0.9100243243573601,0.9999996114320574,-0.7252868821801837,8.849618777541028
63898679,20260207,123.20089999999996,35.0,0.28454898999999845,0.1117064454,200.90347184152827,31.8894589993014,57.16688,3.56229,5693097,8,0.08041029313310905,7.244335161050296e-06,0.4640134934079217,0.0289144809857304,4.7400991954722365,-0.08887260001996
63904068,20260207,1000.0,31.0,10.719261939999999,0.0,24.147337890317477,0.0,258.84164,0.0,386134,0,0.010210701120671874,0.0,0.25884164,0.0,-0.22105361644137173,-1.0
63904287,20260207,89.5,18.0,0.8540667899999981,0.0,9.683083450651463,0.0,8.27,0.0,5394,0,0.0016505002906887793,0.0,0.0924022346368715,0.0,-0.46205091940825205,-1.0
63904753,20260207,1000.0,31.0,0.014054859999999999,0.0,16.400021060330733,0.0,0.23049999999999998,0.0,1045,0,0.0044,0.0,0.0002305,0.0,-0.47096706256997634,-1.0
63904784,20260207,1000.0,31.0,4.666134619999999,0.0,23.000272975407643,0.0,107.32236999999999,0.0,103750,0,0.01361798755676896,0.0,0.10732236999999999,0.0,-0.2580557104707212,-1.0
63905155,20260207,1000.0,30.0,14.311155770000001,0.0023476661999999,21.206393451197822,3.1251780265752545,303.48799999999994,0.00734,166365,1,0.02275512576766834,2.9945857888936805e-06,0.3034879999999999,7.340000000000001e-06,-0.2931202182934059,-0.8958273991141581
63909258,20260207,1000.0,8.49,0.0785548699999998,0.3822916888,6.25409984129566,22.661327966259552,0.49129,8.66326,1031,1,0.0007925282496733031,0.0004340277777777,0.00049129,0.0086632599999999,-0.2633569091524547,1.6691788665708025
63918879,20260207,1000.0,12.0,0.4190223499999993,57.9171308267,4.2963340738268565,16.425125369251262,1.80026,951.2961512809998,11307,445,0.0011343298555377206,0.0039937079699307,0.00180026,0.9512961512809998,-0.6419721605144286,0.3687604474376051
63920538,20260207,10.416666666666666,10.85,0.00861161,0.234381542,0.0,21.158999120335505,0.0,4.9593,2611,5,0.0012296317227088632,0.0019991582491582,0.0,0.4760927418832102,-1.0,0.9501380992089268
63921753,20260207,1000.0,30.0,2.4290685599999984,0.0,16.183087891105068,0.0,39.30983,0.0,143425,0,0.013452862221305094,0.0,0.03930983,0.0,-0.46056373696316444,-1.0
63924789,20260207,7.319470000000001,2.53,4.274365819999999,0.4880177453716721,1.5365250136685777,14.998337662556366,6.56767,7.319469928741454,2115,5,0.19766355140186917,0.4583333333333332,0.8972876451437056,0.9999998697072052,-0.3926778602100483,4.9281967716061015
63930260,20260207,1000.0,50.18,0.40955222999999735,0.2015386019,13.81657719212037,226.00654943538424,5.6586099999999995,45.54927000000001,1565171,71,0.04548474465939571,0.0004487189542306,0.00565861,0.04554927,-0.724659681304895,3.503916860520085
63931270,20260207,17.857142857142858,1.05,9.997431630000001,4.633894181673791,0.7097622932181032,3.853592431853303,7.0958000000000006,17.85714340209961,9372,13,0.002013535288430551,0.4482758620689655,0.3973648,0.9999998931884913,-0.32403591122085407,2.6700881970064243
63934713,20260207,29.41176470588235,60.0,0.37391975999999916,0.0,69.66021266166852,0.0,26.04733,0.0,1596,0,0.0013581822823589482,0.0,0.88560922,0.0,0.16100354436114206,-1.0
63935338,20260207,45.15721,1.18,43.847514660000016,16.66594681964878,0.807353855161468,2.7095495433191985,35.400459999999995,45.15721130371095,5753,36,0.004228281640452742,0.5294117647058824,0.7839381573839481,1.0000000000000002,-0.3158018176597729,1.296228528611168
63937480,20260207,27.785550000000004,6.0,15.92798474,4.881863989998633,1.7353620342556908,5.691584921078723,27.640819999999998,27.78554916381836,3633,16,0.00724571200638213,0.0135086461384493,0.9947911774285553,0.9999999313546588,-0.7107729942907182,-0.0514025131535461
63939449,20260207,1000.0,16.0,0.49055693999999916,0.0,8.767035280348917,0.0,4.30073,0.0,22070,0,0.06103429203539823,0.0,0.00430073,0.0,-0.45206029497819267,-1.0
63939968,20260207,1000.0,30.87,0.3124397999999979,0.0,14.360974498127415,0.0,4.48694,0.0,6805,0,0.0015755597230904586,0.0,0.00448694,0.0,-0.5347918853862191,-1.0
63939971,20260207,1000.0,30.87,0.6990634299999976,0.0,9.678549484415202,0.0,6.7659199999999995,0.0,27337,0,0.006456084831022837,0.0,0.00676592,0.0,-0.6864739396043018,-1.0
63942675,20260207,7.03731,2.08,2.40745589,0.9611494076311254,1.3539936551028562,7.321757414417508,3.25968,7.037310123443604,17441,9,0.28405537459283386,0.6,0.46319971693729567,0.9999998644831376,-0.3490415119697807,2.5200758091240285
63942976,20260207,0.7507507507507507,4.82,0.09498938999999951,0.058808673514182,0.6256488224632278,12.765770242280746,0.05943,0.7507507801055908,5076,2,0.04691312384473198,0.0606060606060606,0.07916076,0.999998650314298,-0.8701973397379195,1.6484999559409952
63948300,20260207,1000.0,10.01,3.0623741299999985,1.8359788371,8.330928527011823,11.23979119105981,25.51242,20.63603,56224,3,0.011217877094972068,4.575129947721821e-05,0.025512419999999997,0.02063603,-0.16773940789092678,0.1228562371686726
63950119,20260207,1127.6450100000006,1.49,1214.6769155400002,347.14429276095166,0.9169166761557043,3.248346695589821,1113.75752,1127.6450195312495,164069,516,0.009557064884984826,0.6228682484880784,0.9876845196166828,0.9999999999999996,-0.38461968043241324,1.1800984394622702
63950135,20260207,53.81452,18.5,3.5856543599999995,0.0,8.411530217876328,0.0,30.16084,0.0,7274,0,0.03225720620842572,0.0,0.5604591474568573,0.0,-0.5453226909256039,-1.0
63951234,20260207,1000.0,24.0,0.6132488499999987,0.0,11.454615854558904,0.0,7.02453,0.0,14776,0,0.009395307433076875,0.0,0.00702453,0.0,-0.522724339393379,-1.0
63953718,20260207,1000.0,22.5,1.6580488599999996,0.0,14.751356603568368,0.0,24.45847,0.0,59318,0,0.051919474835886215,0.0,0.02445847,0.0,-0.34438415095251695,-1.0
63956425,20260207,1000.0,50.67,3.5357482699999983,0.0,22.787402792111113,0.0,80.57052,0.0,115361,0,0.012660893805698232,0.0,0.08057052,0.0,-0.5502782160625397,-1.0
63957691,20260207,1000.0,18.0,0.45442549999999754,0.01339493,4.975799113386048,3.9071568752598735,2.2611299999999996,0.05234,4119,3,0.007485008177357805,0.0056712962962962,0.0022611299999999997,5.234e-05,-0.7235667159229973,-0.7829357291522292
63958692,20260207,1000.0,30.0,1.691604149999999,0.0,15.538381127759719,0.0,26.284790000000005,0.0,49548,0,0.07745505705799594,0.0,0.026284790000000006,0.0,-0.4820539624080094,-1.0
63967286,20260207,1000.0,30.2,4.732072439999998,0.0,31.444605273202473,0.0,148.79815000000002,0.0,323845,0,0.011683900249664468,0.0,0.14879815000000002,0.0,0.04121209513915477,-1.0
63967300,20260207,1000.0,29.2,14.951385440000003,0.0,33.738626565699704,0.0,504.43920999999983,0.0,891913,0,0.0644394592915303,0.0,0.5044392099999998,0.0,0.15543241663355153,-1.0
63972226,20260207,1000.0,29.07,0.0710429399999995,0.0,10.738575852857515,0.0,0.7628999999999999,0.0,6577,0,0.011975600873998543,0.0,0.0007629,0.0,-0.6305959458941344,-1.0
63972231,20260207,1000.0,29.07,0.3966301899999991,0.0,10.763376333001803,0.0,4.269079999999999,0.0,20039,0,0.014682737397420868,0.0,0.004269079999999999,0.0,-0.6297428162022084,-1.0
63982060,20260207,144.41286,32.0,0.33754527999999956,0.0061883019999999,44.74125663970185,59.2780898395328,15.102200000000002,0.36689,12379,1,0.0036130406864748115,2.0729684908789383e-05,0.10457655917900942,0.0025405632675668,0.3981642699906829,0.8524403074854001
63985166,20260207,50.0,46.0,0.0192897799999996,0.20171172,10.526299418656107,11.405725925464688,0.20305,2.30068,4693,1,0.0284251968503937,0.0009615384615384,0.004061,0.0460135999999999,-0.7711674039422585,-0.7520494364029416
63985726,20260207,4994.14603,1.0,6089.890448690001,5165.967132386718,0.7498611984033832,0.9667397927906812,4566.572550000001,4994.145996093745,160888,1909,0.11837833860643072,0.3338422228375738,0.914385066549606,0.9999999999999992,-0.25013880159661683,-0.0332602072093187
63985744,20260207,1000.0,86.31,0.0857126599999991,0.0,6.0222142213297944,0.0,0.51618,0.0,77376,0,0.03762875066867675,0.0,0.00051618,0.0,-0.9302257650176133,-1.0
63990159,20260207,1000.0,82.32,1.1119273199999975,1.5193157046999997,5.475798544099099,74.48618819888898,6.08869,113.16811,3475783,57,0.24096718731584896,0.0002274798215806,0.00608869,0.11316811,-0.9334815531572025,-0.0951629193996192
63992188,20260207,221.95962,49.74,0.7805867899999986,0.0,15.255946106902503,0.0,11.90859,0.0,1284,0,0.00801498127340824,0.0,0.05365205617129819,0.0,-0.6932861659247587,-1.0
63993604,20260207,23.71317,4.5,6.438650769999999,0.7126441825409489,3.4845048755455337,33.27486058819716,22.43551,23.71316909790039,31270,14,0.007909047221589903,0.1076923076923077,0.9461202361388207,0.9999999195658552,-0.22566558321210362,6.394413464043812
63994945,20260207,1000.0,24.0,41.13260980999996,0.0,17.640384195208465,0.0,725.59504,0.0,466873,0,0.009917494588503198,0.0,0.7255950400000001,0.0,-0.26498399186631394,-1.0
63997152,20260207,69.34492,12.0,2.785368799999998,0.0,9.052226764369594,0.0,25.21379,0.0,33819,0,0.0018811220318053633,0.0,0.3635996695936775,0.0,-0.24564776963586712,-1.0
63997228,20260207,3.88989,3.37,0.707181539999999,0.1660195032771355,5.500553648501636,23.430178072808847,3.8898900000000003,3.88988995552063,29994,3,0.055792410714285715,0.3571428571428571,1.0000000000000002,0.999999754832632,0.6322117651340167,5.9525753318896
63999590,20260207,40.26390000000001,45.0,1.131787849999998,0.0487607052,24.45908038330686,150.5435457987224,27.682489999999998,7.340759999999999,16471,3,0.014351311318288752,0.0003041739323053,0.687526295266976,0.1823161656475546,-0.4564648803709587,2.345412128860497
64000136,20260207,1000.0,90.69,1.6932441799999993,0.0,77.56852883439414,0.0,131.34246000000002,0.0,15096,0,0.002574922817132038,0.0,0.13134246000000002,0.0,-0.14468487336647762,-1.0
64002001,20260207,1000.0,62.32,0.2421834799999985,0.0307412824,25.8219099007085,34.58363911197433,6.253640000000001,1.06318,62783,40,0.048771071234366505,0.0077684027535882,0.00625364,0.00106318,-0.5856561312466544,-0.4450635545358233
64004668,20260207,1000.0,32.0,0.5324289999999983,0.0,43.09333263214452,0.0,22.944139999999997,0.0,118155,0,0.025785648814979703,0.0,0.02294414,0.0,0.34666664475451614,-1.0
64005450,20260207,1000.0,23.0,0.0635592799999993,0.0,6.056078671753428,0.0,0.38492,0.0,1573,0,0.011373825018076645,0.0,0.00038491999999999997,0.0,-0.7366922316628944,-1.0
64005608,20260207,341.5910099999999,25.0,3.260798799999999,0.4195320006999999,10.870968181170825,24.99977351602892,35.44804,10.48823,2483646,36,0.03214597179707875,5.692784155576653e-05,0.10377333993655163,0.0307040580549677,-0.565161272753167,-9.059358843188648e-06
64007547,20260207,41.66666666666666,6.5,0.0681534699999993,0.4738325821098623,0.0,87.93523614915847,0.0,41.666667938232415,3976,4,0.01602579604997985,0.0064194577352472,0.0,0.9999999999999998,-1.0,12.528497869101304
64009920,20260207,650.6762800000001,2.3,108.41929587999999,174.8120879945332,1.5695649802812575,3.72214686795258,170.17113,650.6762695312493,12907,240,0.02348435225618632,0.5848712749640194,0.2615296349822372,0.999999999999999,-0.31758044335597496,0.6183247587479641
64012844,20260207,1000.0,33.75,0.0253990099999997,0.0,39.24286812753771,0.0,0.9967299999999999,0.0,1932,0,0.01932,0.0,0.00099673,0.0,0.1627516482233396,-1.0
64019817,20260207,248.75621890547265,600.0,0.0269656999999989,0.0,21.850350630616823,0.0,0.58921,0.0,1030,0,0.0033594259621656884,0.0,0.0023686242,0.0,-0.9635827489489719,-1.0
64020537,20260207,40000.0,1.56,1525.4624940200001,5042.72439410281,1.2181481926199602,2.946874918437411,1858.23938,14860.278040520936,845119,2790,0.04100310027121309,0.0098647350833113,0.0464559845,0.3715069510130234,-0.219135773961564,0.8890224529026555
64020711,20260207,1000.0,28.88,1.0800372399999991,0.0,33.37977494183444,0.0,36.0514,0.0,53771,0,0.0032712793463646707,0.0,0.036051400000000004,0.0,0.15580938164246683,-1.0
64021638,20260207,380.56766,3.0,151.39981512,75.5953811706544,1.5370415731059843,5.034271228520055,232.70781,380.5676574707034,53398,410,0.012248371410221122,0.2779093602879618,0.6114755257974364,1.0000000000000009,-0.4876528089646719,0.678090409506685
64026285,20260207,1000.0,27.12,1.8919629599999992,0.0,21.427496656699887,0.0,40.54003,0.0,3076,0,0.005333795734350616,0.0,0.040540030000000005,0.0,-0.2099005657559039,-1.0
64029548,20260207,1000.0,26.3,2.3800731099999988,0.2341,20.342488554899905,22.37922947787493,48.41661,5.239,91557,1,0.003833772302641772,3.1437050450178564e-06,0.04841661,0.005239,-0.2265213477224371,-0.1490787023925338
64029589,20260207,1000.0,30.0,3.040580139999999,0.0,23.005876108892835,0.0,69.95121,0.0,129753,0,0.007055052605823342,0.0,0.06995121,0.0,-0.2331374630369055,-1.0
64033273,20260207,1172.770339999999,25.52,1.0628980399999992,0.0990984506,17.330335842937497,15.088580117718635,18.42038,1.49527,45303,2,0.0013085486181717348,9.238789370952669e-06,0.01570672396097604,0.0012749895616214,-0.32091160490056825,-0.4087547081869898
64040144,20260207,500.0,1.6,21.039017819999998,111.5980091266,0.6015523209438491,4.126035128024631,12.65607,460.45731000000006,2695,136,0.012216681776971895,0.3320991962413452,0.02531214,0.92091462,-0.6240297994100943,1.5787719165886982
64040948,20260207,208.86075949367088,12.0,14.615005989999997,0.0,6.131463104518373,0.0,89.61137,0.0,6534,0,0.44448979591836735,0.0,0.42904837757575753,0.0,-0.4890447412901356,-1.0
64048356,20260207,1062.3138600000002,50.18,47.016990050000004,0.0,22.246369427045014,0.0,1045.9573299999997,0.0,124130,0,0.009849867483455269,0.0,0.984602921400272,0.0,-0.5566686044829611,-1.0
64048419,20260207,793.6428571428571,2.67,3.1898601900000005,23.979932149400003,1.0692443545621348,4.2631020805226,3.4107399999999997,102.22890290000002,2208,200,0.01645305514157973,0.1968123013865117,0.004297575375753758,0.1288097015055781,-0.5995339496021966,0.5966674002646235
64055756,20260207,145.76475000000008,12.0,18.89065399,0.0,7.020497017742476,0.0,132.62178,0.0,30880,0,0.0020010238399180928,0.0,0.9098343735368114,0.0,-0.4149585818547937,-1.0
64059312,20260207,2.48044,13.0,0.0393387199999998,0.0229527053839773,0.0,108.06272276559652,0.0,2.4804399013519287,6263,1,0.017158904109589042,0.0151515151515151,0.0,0.9999996423721312,-1.0,7.312517135815117
64059848,20260207,33.373839999999994,14.0,3.2924306599999986,0.7499747602737965,7.6870259736920366,44.49989199630576,25.309000000000005,33.37384033203125,174403,12,0.03015944109153164,0.0014505181725295,0.7583484549575359,1.0,-0.4509267161648545,2.1785637140218403
64060132,20260207,1000.0,114.63,0.00028414,0.0,0.0,0.0,0.0,0.0,3555,0,0.1615909090909091,0.0,0.0,0.0,-1.0,-1.0
64062292,20260207,1321.44021,800.0,2.2271656199999987,0.0,543.0586702393514,0.0,1209.4815999999998,0.0,38700,0,387.0,0.0,0.9152753116238228,0.0,-0.32117666220081076,-1.0
64073068,20260207,1013.3127800000002,12.92,44.13809028,0.0,13.419031413517695,0.0,592.29042,0.0,539831,0,0.024098737545087675,0.0,0.5845089805341248,0.0,0.03862472240849034,-1.0
64081848,20260207,1000.0,96.08,0.0024119499999999,0.0,0.0,0.0,0.0,0.0,8472,0,0.03788908765652952,0.0,0.0,0.0,-1.0,-1.0
64083791,20260207,125.47337,14.0,1.6046278199999997,0.0,7.512720301708345,0.0,12.055120000000002,0.0,6230,0,0.0017661233167965982,0.0,0.09607711979043841,0.0,-0.4633771213065468,-1.0
64086199,20260207,1000.0,32.2,0.021028999999999798,0.0,31.227352703409878,0.0,0.65668,0.0,4888,0,0.9584313725490196,0.0,0.0006566800000000001,0.0,-0.03020643778230202,-1.0
64087380,20260207,1000.0,23.0,5.341132769999998,0.0,9.887792023563573,0.0,52.812009999999994,0.0,40541,0,0.0082201585595815,0.0,0.05281200999999999,0.0,-0.5700959989754968,-1.0
64096983,20260207,1000.0,30.2,4.301334859999997,0.0,15.664290782513046,0.0,67.37736,0.0,366253,0,0.011189857870873917,0.0,0.06737736,0.0,-0.48131487475122364,-1.0
64097468,20260207,15.625,21.06,0.01136528,0.0,15.553510340264385,0.0,0.17677,0.0,1350,0,0.028421052631578948,0.0,0.01131328,0.0,-0.2614667454765249,-1.0
64099890,20260207,1000.0,30.66,10.770363810000001,0.0,17.179383469684296,0.0,185.02821,0.0,177015,0,0.003985738120917497,0.0,0.18502821,0.0,-0.43968090444604385,-1.0
64101372,20260207,416.6666666666667,160.0,0.7412095499999974,0.0,49.9585710950434,0.0,37.02977,0.0,120200,0,0.0036913287555124254,0.0,0.08887144799999999,0.0,-0.6877589306559788,-1.0
64101770,20260207,72.20216606498195,3.4,4.905490569999999,14.774761521922274,1.4534876580141916,4.886857815085557,7.13007,72.20216369628906,40501,22,0.0052632194513391635,0.6285714285714286,0.0987514695,1.0,-0.572503629995826,0.4373110817684973
64104000,20260207,1000.0,42.0,0.0751657799999997,0.0,0.0,0.0,0.0,0.0,5927,0,0.750253164556962,0.0,0.0,0.0,-1.0,-1.0
64105048,20260207,11.616680000000002,2.37,4.914132839999999,2.738255938635545,0.9571739619476793,4.242363081914506,4.70368,11.616680145263674,204118,21,0.09910565158283162,0.42,0.4049074262181621,0.999999917904752,-0.5961291299798821,0.7900267032771331
64106409,20260207,1000.0,42.0,0.0010545499999999,0.0,0.0,0.0,0.0,0.0,4593,0,0.9772340425531915,0.0,0.0,0.0,-1.0,-1.0
64107218,20260207,2941.176470588235,1.0,3.578357160000001,5.9843418742,0.6744827003238546,2.710957634119313,2.41354,16.223300000000002,6855,1,0.0591458153580673,0.0909090909090909,0.0008206035999999999,0.0055159219192003,-0.3255172996761454,1.7109576341193131
64110035,20260207,228.48797,91.53,7.419097219999999,0.0,26.11490107956828,0.0,193.74899000000002,0.0,25890,0,0.010469912649627952,0.0,0.8479614484736331,0.0,-0.7146847910022038,-1.0
64113541,20260207,65.18745999999999,15.0,8.433780029999998,0.0,7.209028428975994,0.0,60.79936,0.0,269827,0,0.04162134230051366,0.0,0.9326849059619751,0.0,-0.5193981047349338,-1.0
64114731,20260207,814.7297199999998,1.0,1020.60950375,442.05484937682434,0.7809207410586979,1.843051231388184,797.01513,814.7297363281255,25262,283,0.018622926649465535,0.6670364394244992,0.9782570961078972,1.0000000000000009,-0.2190792589413021,0.8430512313881839
64115407,20260207,17.81497,1.0,39.86770361,11.040101407759762,0.44141092680306493,1.613659851919297,17.598039999999997,17.814970016479492,10906,8,0.00822535636171657,0.4444444444444444,0.987823162205718,0.9999998929356364,-0.5585890731969351,0.6136598519192971
64115681,20260207,6.819940000000001,1.8,8.570856709999997,0.1276220596231619,0.7909804386404218,53.43814911127327,6.779380000000001,6.819940090179444,20773,10,0.03970374617737003,0.6190476190476191,0.9940527336017618,0.9999998601638476,-0.5605664229775434,28.687861403833782
64117220,20260207,230.21069000000008,20.91,0.46890148999999876,0.1478049062,7.614157933258025,48.68154585286796,3.570289999999999,7.19542,41787,2,0.0005780387600116197,1.8308848300206523e-06,0.015508793271068333,0.03125580265191,-0.6358604527375407,1.328146638360351
64118118,20260207,11.77282,260.0,0.09289077999999928,0.0,68.46610610870152,0.0,6.35987,0.0,1267,0,0.0006213525575008582,0.0,0.5402163627745944,0.0,-0.7366688226588403,-1.0
64119946,20260207,1000.0,9.0,0.0419825599999997,10.090488577100002,0.0,35.61143166090788,0.0,359.33678,18374,295,0.002513611863525678,0.0141860667433198,0.0,0.3593367799999999,-1.0,2.956825740100876
64120867,20260207,1000.0,9.0,1.4720825399999993,10.578831816499996,6.463190576256685,13.995315226938589,9.51435,148.0541,261822,260,0.02192281606644952,0.0012063128633513,0.00951435,0.1480541,-0.28186771374925723,0.5550350252153987
64125620,20260207,1000.0,7.5,6.036810639999998,11.7791246127,1.7993938600664807,9.434724074949928,10.862599999999999,111.1328,1887451,279,0.07749747485115993,0.0008315578285403,0.010862599999999998,0.1111327999999999,-0.7600808186578026,0.2579632099933237
64126534,20260207,333.3333333333333,6.0,10.337520489999998,10.177488930519443,1.4352861514860227,32.7520189930413,14.8373,333.3333435058593,16174,40,0.004599198111866238,0.021017823874791,0.04451190000000001,0.9999999999999998,-0.7607856414189963,4.458669832173549
64129362,20260207,1000.0,24.0,0.004000269999999999,0.0,0.0,0.0,0.0,0.0,1641,0,8.793316864842273e-05,0.0,0.0,0.0,-1.0,-1.0
64129661,20260207,1143.8391200000003,24.0,39.60234387999999,0.0121486015999999,18.662002740025706,38.30660587257446,739.0590500000001,0.4654099999999999,279466,1,0.004291428843445907,9.97765006385696e-07,0.6461215017720323,0.0004068841460226,-0.22241655249892892,0.5961085780239358
64131561,20260207,35.86777000000001,16.1,3.1311329399999996,0.6202667647,11.277767720715175,25.089245138390798,35.31219,15.56205,6708,1,0.00688211757463835,4.553734061930783e-05,0.9845103277956783,0.433872791690654,-0.2995175328748339,0.5583381704305564
64138592,20260207,1000.0,49.74,18.243956569999998,1.1221545237,17.530388146500613,48.94713686289722,319.82363999999995,54.926300000000005,30667,1,0.01318160326670965,9.950248756218906e-06,0.31982363999999996,0.0549263,-0.6475595467128948,-0.015940184736922
64141830,20260207,1000.0,25.0,11.687656009999998,0.0,9.752832381657338,0.0,113.98774999999999,0.0,66955,0,0.0002839430833110338,0.0,0.11398774999999998,0.0,-0.6098867047337064,-1.0
64142416,20260207,111.11111111111111,3.54,0.2609288899999992,3.2779777501000003,0.30912636772417285,13.771080730350334,0.08066,45.14130999999999,9221,48,0.10256952169076752,0.1679022366522366,0.0007259399999999999,0.4062717776015692,-0.9126761673095557,2.890135841454023
64150905,20260207,6.079800000000001,48.47,0.060453279999999894,0.0,20.284259183290008,0.0,1.22625,0.0,3003,0,0.1716,0.0,0.20169248988453564,0.0,-0.5815089914732823,-1.0
64157057,20260207,319.6986600000001,3.0,9.951795829999998,10.3640774268,20.23582612023905,5.324175554028239,201.38281,55.180173,32315,17,0.09315364658402998,0.0030845071965466,0.6299144638266546,0.1726005713372597,5.745275373413016,0.7747251846760795
64162199,20260207,209.54995,1.0,7.434174840000001,1.7882485158,13.057420909406536,4.32503961648773,97.07115,7.73425,16762,2,0.037026728517782194,0.0001562971777702,0.4632363310036581,0.0369088598278053,12.057420909406536,3.3250396164877296
64162266,20260207,1000.0,2.09,74.27437595999999,203.54408094939828,0.8667137107239858,4.912940678121031,64.37462,999.9999999999995,2371583,1551,0.14983276683387878,0.7732944978955525,0.06437462,0.9999999999999996,-0.5853044446296719,1.3506894162116374
64165844,20260207,1000.0,4.75,46.44669738,62.772695038300014,2.7559875560736797,6.308509289745722,128.00652,396.0021361000001,13710,108,0.006478899862955437,0.0041817577927451,0.12800651999999998,0.3960021361,-0.4197920934581727,0.3281072188938361
64166008,20260207,1000.0,148.94,0.013172819999999698,0.0,26.522794663557843,0.0,0.34938,0.0,1978,0,0.019819639278557115,0.0,0.00034938000000000005,0.0,-0.8219229578114822,-1.0
64166181,20260207,35.08771929824562,61.67,0.0473679299999997,0.0,13.973589303986978,0.0,0.6618999999999997,0.0,1359,0,0.00880181347150259,0.0,0.01886414999999999,0.0,-0.7734135024487275,-1.0
64167205,20260207,1000.0,10.0,0.7703270299999996,0.0,7.99997891804472,0.0,6.162599999999999,0.0,33173,0,0.0040760582416907295,0.0,0.006162599999999999,0.0,-0.20000210819552802,-1.0
64169776,20260207,2.2580645161290325,3.34,0.1861151899999996,0.0930714915900592,0.12830763571742881,24.261352305725588,0.02388,2.2580645084381104,25496,4,0.9768582375478927,0.6666666666666666,0.010575428571428569,0.999999577658694,-0.9615845402043626,6.263878122511751
64173658,20260207,31.25,14.4,0.0010938100000000002,0.0,11.821065815818102,0.0,0.01293,0.0,1071,0,0.013819354838709677,0.0,0.00041376,0.0,-0.1790926516792985,-1.0
64177035,20260207,237.66124999999988,12.0,24.485487429999996,7.329787206900001,4.2817244418646245,26.088611921963675,104.84011000000001,191.2240000000001,980620,111,0.018343952380774225,0.0003173189591589,0.44113253633059685,0.804607381604082,-0.6431896298446146,1.174050993496973
64178557,20260207,1000.0,31.31,0.0886122099999985,0.0,10.052790693291762,0.0,0.8908,0.0,3427,0,0.0014999781152886594,0.0,0.0008908000000000001,0.0,-0.6789271576719335,-1.0
64178983,20260207,4.433497536945813,3.12,2.1055268100000006,0.7008983512015008,0.5951052221462807,6.325440908589829,1.2530100000000002,4.433497428894043,66908,5,0.17050968399592253,0.3125,0.2826233666666667,0.9999997848935008,-0.809261146747987,1.027384980963342
64179291,20260207,1000.0,12.93,0.060736689999999496,0.2350553668,0.0,6.531709908144466,0.0,1.53532,2521,6,0.7002777777777778,0.1964912280701754,0.0,0.00153532,-1.0,-0.4948406996146882
64179851,20260207,1000.0,10.01,0.3255854799999997,0.0,5.419129870287833,0.0,1.7643900000000001,0.0,5984,0,0.00380831158913002,0.0,0.0017643900000000002,0.0,-0.4586283845866301,-1.0
64180551,20260207,1000.0,86.31,0.0109129999999997,0.0,40.275817831944664,0.0,0.43953000000000003,0.0,5354,0,0.36924137931034484,0.0,0.00043953000000000004,0.0,-0.5333586162444136,-1.0
64181008,20260207,1000.0,30.8,0.1026293999999999,0.0,14.458040288650244,0.0,1.48382,0.0,1024,0,0.014566145092460882,0.0,0.0014838199999999998,0.0,-0.5305831075113558,-1.0
64185135,20260207,250.0,28.0,0.7614459199999998,0.0,50.63039801959937,0.0,38.552310000000006,0.0,26135,0,0.0095701050935589,0.0,0.15420924000000003,0.0,0.8082285006999774,-1.0
64186013,20260207,82.85864999999998,10.0,0.7175463199999993,0.5148458929999999,6.5986262740501616,26.251338376048043,4.73482,13.51542,1590,4,0.0001596561869282752,3.0997356920150283e-05,0.05714333989269679,0.1631141705319918,-0.34013737259498383,1.6251338376048043
64188498,20260207,1000.0,26.98,0.00055345,0.0,0.0,0.0,0.0,0.0,20762,0,0.020013495276653172,0.0,0.0,0.0,-1.0,-1.0
64189196,20260207,96.95803,32.41,4.22056063,0.0,14.630236457472718,0.0,61.74780000000001,0.0,9290,0,0.004811227924801906,0.0,0.6368508106033096,0.0,-0.5485888164926652,-1.0
64190160,20260207,111.11111111111111,2.0,24.95588943,25.506913727296784,1.1133123537003906,4.356117377969084,27.783699999999996,111.11111450195308,4183,55,0.008793357157872609,0.680952380952381,0.2500533,0.9999999999999994,-0.4433438231498047,1.178058688984542
64192256,20260207,3.605769230769231,102.0,0.0016613199999999,0.0022039736,0.0,426.572000680643,0.0,0.94058,9450,1,0.010175514159577905,4.9677098857426726e-05,0.0,0.260854122981578,-1.0,3.18207843804552
64192383,20260207,89.25466,25.49,9.178e-05,0.0,0.0,0.0,0.0,0.0,1309,0,0.010123743232791957,0.0,0.0,0.0,-1.0,-1.0
64192413,20260207,1000.0,58.55,0.032132519999999,0.0,23.139174891979312,0.0,0.74352,0.0,11300,0,0.022893030794165315,0.0,0.00074352,0.0,-0.6047963297697813,-1.0
64199262,20260207,461.9958,1900.0,0.0820379699999994,0.0,339.63797495233246,0.0,27.86321,0.0,3331,0,0.0009554816132178304,0.0,0.06031052663249319,0.0,-0.8212431710777197,-1.0
64200673,20260207,1000.0,10.57,0.3103161699999992,1.8002172123,1.7392261576314292,32.9181149235727,0.53971,59.25979,109142,17,0.055119438412201405,0.0004918600933905,0.00053971,0.0592597899999999,-0.8354563710850115,2.1142966768193587
64200712,20260207,1000.0,160.82,0.3984430099999988,0.0,56.78746880262768,0.0,22.62657,0.0,41762,0,0.027455131155085136,0.0,0.022626570000000002,0.0,-0.6468880188867823,-1.0
64200992,20260207,1000.0,10.57,0.017003289999999997,1.2529378513,0.0,27.5522703795018,0.0,34.52131,4000,83,0.0020105554159336515,0.0055436329966893,0.0,0.03452131,-1.0,1.606648171711229
64203381,20260207,1000.0,46.06,8.86759621,0.0,23.37587268196101,0.0,207.2878,0.0,7833,0,0.0031326987681970886,0.0,0.2072878,0.0,-0.49249082323141535,-1.0
64206422,20260207,70.27027027027027,20.7,0.0865666899999999,0.0,8.043625094132638,0.0,0.6963100000000001,0.0,7980,0,0.014169034090909092,0.0,0.009909026923076924,0.0,-0.6114190775781334,-1.0
64210247,20260207,72.20216606498195,3.4,10.805448110000002,13.488740778398128,1.5694453230778593,5.352772325430603,16.95856,72.20216369628908,114966,30,0.015569399114313187,0.8823529411764706,0.23487605599999997,1.0000000000000002,-0.5383984343888649,0.574344757438055
64210997,20260207,1000.0,29.6,14.719852320000005,0.0,21.984303440348636,0.0,323.60569999999996,0.0,567575,0,0.02156194202788436,0.0,0.32360569999999994,0.0,-0.25728704593416774,-1.0
64212391,20260207,91.66666666666669,19.44,1.6268780499999997,0.0,9.714870761210406,0.0,15.80491,0.0,36594,0,0.03395879732739421,0.0,0.17241719999999996,0.0,-0.500263849731975,-1.0
64213169,20260207,31.25,48.29,0.32624695999999975,0.0,20.86312160579214,0.0,6.8065299999999995,0.0,14638,0,0.065818345323741,0.0,0.21780896,0.0,-0.5679618636199598,-1.0
64215562,20260207,250.0,1.0,0.1290475899999997,74.02982197729327,0.7006717444316488,3.3770173957687426,0.09042,249.99999999999991,3186,234,0.009409332545776727,0.559162211730474,0.00036168,0.9999999999999996,-0.2993282555683512,2.3770173957687426
64217599,20260207,4.044489383215369,17.6,0.1622412699999998,0.1407656567093365,0.0,28.731870730217125,0.0,4.04448938369751,32190,1,0.014040214594146639,0.0095238095238095,0.0,0.9999997615814208,-1.0,0.6324926197426484
64218618,20260207,1000.0,72.88,0.2470997599999992,0.0,24.602452062276466,0.0,6.07926,0.0,1453,0,0.001372697213037317,0.0,0.0060792599999999995,0.0,-0.6624251912420901,-1.0
64218716,20260207,1000.0,86.0,0.022980879999999898,0.0,0.0,0.0,0.0,0.0,1256,0,0.031321695760598504,0.0,0.0,0.0,-1.0,-1.0
64221144,20260207,50.0,2.7,5.916374259999998,10.866935567449485,1.839430624525772,4.601112713749393,10.88276,50.0,1484,30,0.002312607137291569,0.1433717678857194,0.2176552,1.0,-0.31872939832378816,0.7041157898114146
64223277,20260207,320.82551,6.0,74.70335081,26.2946711382,4.2342341617915435,7.739431734703158,316.31147999999996,203.50582,8811,14,0.00046424751437107133,5.221917475971234e-05,0.985929953014023,0.6343193408574872,-0.2942943063680761,0.2899052891171929
64223652,20260207,62.5,2.3,6.484282639999999,12.060261189620247,1.1662091891787125,5.182308561566025,7.56203,62.500000000000014,1612,27,0.002448359659781288,0.0417984142809666,0.12099248,1.0000000000000002,-0.492952526444038,1.2531776821764822
64224566,20260207,35.714285714285715,72.0,0.13725182999999908,0.0,33.85193479751804,0.0,4.64624,0.0,24605,0,0.018258385277530424,0.0,0.13009472,0.0,-0.5298342389233606,-1.0
64226642,20260207,1000.0,25.05,2.911225099999997,0.6038455730999999,20.00017793196412,29.685316527301836,58.22501999999999,17.9253766564,145572,52,0.04301137538779731,0.0024794845200341,0.05822501999999999,0.0179253766564,-0.20158970331480558,0.1850426120326385
64227028,20260207,1000.0,8.0,0.0792921999999998,5.6964077711000005,11.766731153884017,16.5053376220127,0.9330099999999999,94.02114999999998,1988,34,0.003682845498332716,0.0083344997472277,0.0009330099999999999,0.0940211499999999,0.4708413942355021,1.0631672027515875
64228142,20260207,1000.0,25.88,16.338159759999996,0.7559493058,11.14501159707108,243.6263053099753,182.08898000000002,184.16938,160994,10,0.039788937768770696,0.0002086320505906,0.18208898,0.18416938,-0.5693581299431576,8.413690618634424
64229089,20260207,1000.0,3.94,10.034370079999999,219.00446408363243,4.687016686153558,4.56611694934222,47.03126,1000.0000000000005,29921,229,0.0248616535105941,0.0506216949160897,0.047031260000000005,1.0000000000000004,0.1895981436937964,0.1589129144742871
64229552,20260207,41.66666666666666,1.4,7.185961429999999,17.7707879651945,0.5687116525477927,2.3446718105673243,4.086739999999999,41.66666793823242,3698,27,0.02213046080191502,0.4970211161387632,0.09808175999999999,1.0,-0.5937773910372909,0.6747656074977485
64230865,20260207,4.664179104477612,27.0,0.07598885999999959,0.1313429468,4.362086758506468,22.270824999442773,0.33147,2.925138053918922,1113,2,0.0009238814642649622,0.0001703550887721,0.071067168,0.6271494408627899,-0.8384412311664271,-0.1751546296502676
64233051,20260207,1000.0,56.0,0.0003873,0.0,0.0,0.0,0.0,0.0,20814,0,0.06580461587100854,0.0,0.0,0.0,-1.0,-1.0
64233843,20260207,223.26955,80.0,4.2798114699999985,7.1894204677,30.495995189246045,4.447816857540552,130.51711,31.97723,4698,2,0.47454545454545455,0.0483870967741935,0.5845719221452276,0.1432225330324716,-0.6188000601344245,-0.9444022892807432
64238938,20260207,41.66666666666666,1.51,3.0426265499999996,9.225602035409642,0.6378469286676015,4.516416734852749,1.9407300000000003,41.66666793823242,12280,22,0.029676172063798936,0.3204678362573099,0.04657752000000002,1.0,-0.5775848154519195,1.991004479057742
64240263,20260207,41.66666666666666,1.29,18.52793197,5.948194256012193,0.7015828869108266,7.004926056540837,12.99888,41.66666793823241,13181,43,0.017579354494531876,0.4432989690721649,0.31197312000000005,0.9999999999999996,-0.4561372969683515,4.430175398205884
64240994,20260207,1000.0,50.18,15.073859659999997,0.0,16.101787164973516,0.0,242.71608,0.0,27151,0,0.0081188326057054,0.0,0.24271608,0.0,-0.6791194267641787,-1.0
64243018,20260207,1000.0,23.0,6.0448736499999995,0.0,20.18627965863274,0.0,122.02351000000002,0.0,51905,0,0.0026836494116187206,0.0,0.12202351000000002,0.0,-0.12233566701596789,-1.0
64243604,20260207,1000.0,38.5,0.0999368999999999,0.0,15.235413545947509,0.0,1.52258,0.0,7150,0,0.7222222222222222,0.0,0.00152258,0.0,-0.6042749728325323,-1.0
64251345,20260207,169.62831999999997,1.76,95.44074008000001,40.33765230439487,1.6484152351304773,4.205210579206756,157.32596999999998,169.62832641601562,9311,104,0.06575564971751413,0.4295094809381729,0.9274746693240846,1.0,-0.0634004345849561,1.389324205677913
64251856,20260207,1000.0,14.0,0.6012973099999992,5.9435077659,11.061649352796888,12.611127097521829,6.65134,74.954344452,36349,42,0.08878602833414753,0.0098195347531294,0.00665134,0.074954344452,-0.2098821890859366,-0.0992052073198695
64254884,20260207,1000.0,163.18,0.0012347400000000002,0.0,96.26318091258076,0.0,0.11886,0.0,5561,0,0.09930357142857144,0.0,0.00011886,0.0,-0.41007978359737246,-1.0
64254890,20260207,1000.0,163.18,0.039122879999999804,0.0,46.19803041084933,0.0,1.8074,0.0,18356,0,0.02192022928110819,0.0,0.0018073999999999998,0.0,-0.716889138308314,-1.0
64255796,20260207,1000.0,2.0,198.59441599,331.9023639705269,1.4178653946351583,3.012934240733116,281.5801500000001,1000.0,558633,403,0.03837529452981706,0.4048338557210824,0.28158015000000014,1.0,-0.29106730268242087,0.5064671203665578
64256969,20260207,1000.0,61.25,0.09872948999999959,0.0,10.862711840200983,0.0,1.07247,0.0,40833,0,0.22036157582298974,0.0,0.00107247,0.0,-0.8226496026089635,-1.0
64259874,20260207,283.0188679245283,56.1,1.1502192899999983,0.0,35.86409162030317,0.0,41.25157,0.0,88153,0,0.016921585564833478,0.0,0.14575554733333335,0.0,-0.36071137931723407,-1.0
64260084,20260207,1000.0,35.0,0.00042429,0.0,0.0,0.0,0.0,0.0,1274,0,0.5790909090909091,0.0,0.0,0.0,-1.0,-1.0
64265671,20260207,363.78365,3.0,3.2387437199999987,0.5474374023999999,20.569083496362605,9.836138598229988,66.61799,5.38468,4342,8,0.013788504287075261,0.0039828349038875,0.1831252998863473,0.0148018742426363,5.856361165454202,2.278712866076663
64267444,20260207,72.20216606498195,3.4,0.0052856199999999996,13.002659331588186,0.0,5.552876246477329,0.0,72.20216369628906,1372,15,0.00017793225086891112,0.073754802680123,0.0,1.0,-1.0,0.6331988502127497
64268049,20260207,1000.0,91.46,0.0990382899999995,0.0,34.011794832079765,0.0,3.36847,0.0,11358,0,0.031169045005488474,0.0,0.0033684699999999997,0.0,-0.6281238264587823,-1.0
64269101,20260207,1000.0,2.08,48.0407577,235.08092292891564,0.7118522195997753,4.253854303815746,34.197919999999996,999.9999999999998,1547805,1631,0.1394695345023338,0.8096507644275981,0.03419792,0.9999999999999998,-0.6577633559616466,1.0451223364645184
64273516,20260207,1.7391304347826086,22.76,0.0370937599999997,0.0094754865,15.461630204109927,18.01617086670255,0.57353,0.17073,20375,1,0.0023010898413236207,1.804760959410926e-05,0.32977975,0.098169699385649,-0.3206665112429734,-0.2084283530085159
64273959,20260207,3.27383,2.5,0.2697672899999996,0.4681268748563721,0.05805003267816503,6.9934522441878855,0.01566,3.273829936981201,4144,10,0.017209302325581394,0.149368613842298,0.004783388263898859,0.9999997086977463,-0.9767799869287339,1.7973808976751542
64274214,20260207,79.67623999999999,1.6,40.99543987,25.92991206537332,0.9381767855635404,3.072753804179589,38.46097,79.6762390136719,3973,32,0.009967385850476669,0.9142857142857144,0.48271567533809334,1.0000000000000004,-0.41363950902278723,0.9204710989949938
64274912,20260207,1000.0,69.46,0.0025896699999999996,0.0,0.0,0.0,0.0,0.0,1941,0,0.3235,0.0,0.0,0.0,-1.0,-1.0
64277430,20260207,11.11111111111111,29.66,0.2584786599999994,0.0,13.298660709553381,0.0,3.4374199999999995,0.0,12110,0,0.007286840363439437,0.0,0.30936779999999997,0.0,-0.5516297805275326,-1.0
64277460,20260207,376.40849,52.58,3.022726399999999,0.0,19.713292608950656,0.0,59.58789000000001,0.0,12033,0,0.005504574565416286,0.0,0.15830644521328416,0.0,-0.625080018848409,-1.0
64279494,20260207,2330.69918,1.0,45.67883813999999,30.539555989200007,10.02593867638158,4.411753719860668,457.97322999999994,134.73300415,19741,43,0.0148943715104874,0.0024188577556528,0.1964960703337099,0.057807975849522,9.02593867638158,3.411753719860668
64280314,20260207,148.10778000000005,1.0,8.279366869999999,62.82513329751779,2.70656686095129,2.357460504990917,22.40866,148.10777282714847,1579,41,0.004259509036957108,0.3468374848606634,0.1512996818938208,1.0000000000000002,1.7065668609512898,1.3574605049909172
64282626,20260207,24.252223120452708,2.1,11.260596589999999,6.594332120690399,1.0874530405320206,3.677737160777033,12.245370000000001,24.25222396850586,4456,11,0.0002377585811319144,0.2444444444444444,0.5049174230000001,0.999999921353667,-0.48216521879427593,0.7513034894258804
64284934,20260207,1000.0,28.6,0.1691272599999999,0.0,11.384149426887191,0.0,1.9253699999999998,0.0,29263,0,0.16895496535796767,0.0,0.0019253699999999998,0.0,-0.6019528172417066,-1.0
64286119,20260207,1000.0,86.31,0.5850025299999988,0.001858944,20.02481937984101,79.56153518600559,11.714569999999998,0.14798,161608,1,0.03876979176662508,1.231284475965327e-05,0.011714569999999999,0.00014798,-0.7679895796565751,-0.0781886521084281
64287339,20260207,31.51393999999999,9.5,3.4181501899999986,1.2671513059070514,8.02072421516388,24.869891854554105,27.416040000000002,31.513940811157227,1032,3,0.00018701072774717308,0.001010101010101,0.8699654819422773,0.9999999394760392,-0.15571324050906535,1.6178833531109584
64288469,20260207,1000.0,48.4,0.0222398099999995,0.0032852357,11.540566218866338,271.3347676187682,0.25666,0.89167,36100,6,0.10284900284900285,0.002809413110339,0.00025666,0.00089167,-0.7615585491969765,4.606090063317224
64288593,20260207,6.666666666666667,42.48,0.0149318499999999,0.0,11.833764737792114,0.0,0.1767,0.0,1538,0,0.04090425531914894,0.0,0.026504999999999997,0.0,-0.7214273837619558,-1.0
64293134,20260207,37.5,7.5,0.42062227999999935,0.038289249,2.63264703904891,7.805120306216864,1.1073499999999998,0.29886,59369,2,0.010632365056055016,2.7829704191496622e-05,0.029529333333333328,0.0079696,-0.6489803947934786,0.0406827074955818
64295359,20260207,1000.0,16.12,0.0141792999999997,0.0008555858,8.638649298625644,470.0988505763228,0.12249,0.40268,13127,2,0.03294102885821832,0.0020974775073135,0.00012249,0.00040268,-0.4641036415244638,28.16245819492642
64297824,20260207,1000.0,33.0,0.00205724,0.0,14.995819641850245,0.0,0.03085,0.0,1078,0,0.006382474837181764,0.0,3.085e-05,0.0,-0.545581222974235,-1.0
64300269,20260207,3.38267,15.0,0.0333015799999996,0.0442321807777469,101.57686211885564,76.47358535408493,3.38267,3.3826699256896973,3055,2,0.006665939341042985,0.0005224660397074,1.0,0.9999997180706164,5.7717908079237095,4.098239023605662
64321933,20260207,50.13335000000003,26.93,1.425379699999999,0.0,33.43966523446351,0.0,47.66422,0.0,66805,0,0.04123001913225946,0.0,0.950748753075547,0.0,0.24172540788947314,-1.0
64324670,20260207,1000.0,8.39,4.789910639999999,0.0,2.115461176954233,0.0,10.13287,0.0,5060,0,0.0012384052473139334,0.0,0.01013287,0.0,-0.7478592160960391,-1.0
64325724,20260207,1000.0,67.37,0.04887855,0.5018750357999999,38.91686639640497,90.86638282560531,1.9022000000000001,45.60366,3509,4,0.816046511627907,0.1037037037037036,0.0019022000000000002,0.04560366,-0.42234130330406755,0.3487662033710599
64326105,20260207,27.51538,48.47,2.9213346499999995,0.0064521474,8.051806046938172,33.26593779649291,23.52202,0.21467,121481,3,0.09831741663968922,0.0003101718512292,0.8548680774170664,0.0078018176893986,-0.8338806262236813,-0.3136798646853769
64326658,20260207,1000.0,76.48,0.09384180999999919,0.0,2.29631120712614,0.0,0.21549000000000001,0.0,3056,0,0.020373333333333334,0.0,0.00021549,0.0,-0.9699750103670746,-1.0
64329848,20260207,3.886010362694301,2.17,0.1599893299999996,0.2638457679593449,2.891755343934506,14.728285051421471,0.46265,3.886010408401489,7868,15,0.03297569153394803,0.2954022988505747,0.11905526666666666,0.9999997545878724,0.3326061492785743,5.787227895666857
64330332,20260207,2.2222222222222223,39.44,0.0206249999999999,0.0,0.0,0.0,0.0,0.0,8855,0,0.7767543859649123,0.0,0.0,0.0,-1.0,-1.0
64330383,20260207,3.83043,48.47,0.20456177999999892,0.0777783490541279,14.937003383525585,49.24739120864969,3.05554,3.830430030822754,405234,1,0.36259305654974944,0.1428571428571428,0.7977015635320317,0.9999997615814208,-0.6918299281302747,0.0160385799126927
64332866,20260207,128.2051282051282,23.0,2.8191928399999986,0.0196064,16.53453404769573,29.93869661454348,46.614039999999996,0.58702,29765,1,0.007353195484078164,1.992666985493385e-05,0.36358951199999995,0.0045787561537058,-0.281107215317577,0.3016824615018905
64333168,20260207,1000.0,11.98,0.4383652399999971,5.267985477699999,0.9315747754087498,84.67697323983207,0.40837,446.07715,22439,1952,0.001033774227283826,0.0193213007602051,0.00040837,0.44607715,-0.922239167328151,6.06819503133514
64333572,20260207,45.45454545454545,1.87,1.1935525299999994,3.3347257064402207,1.2449473003086013,13.630665439419172,1.48591,45.45454406738284,43109,54,0.092767376802238,0.2394814535058437,0.03269002,1.0000000000000009,-0.33425278058363567,6.289125884845942
64334450,20260207,1000.0,17.05,0.16154832999999869,0.003833684,8.248058026969456,110.1603156870292,1.3324599999999998,0.4224299999999999,15108,2,0.026720905553590378,0.0006870491240123,0.0013324599999999997,0.0004224299999999,-0.5162429309695333,5.461015871929216
64334757,20260207,1000.0,9.5,0.01185847,31.550594087453614,0.0,31.69512325292588,0.0,1000.0000000000005,11534,1108,0.0010162025004184984,0.0095838237093754,0.0,1.0000000000000004,-1.0,2.3363287634658825
64335100,20260207,1000.0,9.0,0.10060932999999989,34.73673393184362,4.072584520739781,28.787967607263127,0.40974,999.9999999999995,26057,1234,0.0017954371627999918,0.010678564707467,0.00040974,0.9999999999999996,-0.547490608806691,2.1986630674736807
64335303,20260207,1000.0,5.55,0.0630221699999996,15.687372089299998,0.2705397164204296,10.71917734363666,0.01705,168.15573419999998,4310,81,0.03489878542510121,0.0158469945355191,1.7049999999999998e-05,0.1681557342,-0.9512541051494721,0.9313832387846024
64337334,20260207,10.416666666666666,41.08,0.0392302699999997,0.0548953307999999,4.800884623022005,34.702501464815576,0.18834,1.90504,7363,2,0.44896341463414635,0.007471264367816,0.018080640000000002,0.1828838176753152,-0.8831332857102725,-0.1552458637287109
64339571,20260207,192.88928000000004,1.0,22.06659899,53.4481976224,8.037718004499794,2.2564865254309,177.36509999999998,120.60514,28596,20,0.025937414965986394,0.0022279386322119,0.9195176631899914,0.6252557871947518,7.037718004499794,1.2564865254309
64340433,20260207,6.666666666666667,42.48,0.0154323599999996,0.0,0.0,0.0,0.0,0.0,1610,0,0.006948640483383686,0.0,0.0,0.0,-1.0,-1.0
64340578,20260207,170.38144000000003,1.0,62.611087510000004,52.49218092730892,2.638711873094568,3.245844103888238,165.21262000000002,170.38143920898435,18598,58,0.016979822879576372,0.2929292929292929,0.9696632450107241,0.9999999999999998,1.638711873094568,2.245844103888238
64341465,20260207,4.30407,13.0,0.716388269999999,0.264958651,6.008012945270595,13.237147568555631,4.30407,3.5073099999999995,1314,1,0.009977220956719818,0.0011481056257175,1.0,0.8148820131236627,-0.5378451580561081,0.0182421206581256
64343632,20260207,1016.6666666666666,1.8,36.63088083999999,291.36707670690083,0.6298278793996921,3.489298430739074,23.071150000000003,1016.6666870117188,3502,393,0.005900589721988206,0.7322398368255816,0.02269293442622951,1.0000000000000002,-0.6500956225557266,0.9384991795410657
64345690,20260207,1000.0,10.57,1.6606583499999985,0.0,2.7788798340128205,0.0,4.61477,0.0,2239,0,0.003711254765456655,0.0,0.00461477,0.0,-0.7370974613043689,-1.0
64347079,20260207,45.45454545454545,16.0,0.5146366499999981,0.0422256593,3.5692366643533964,66.78079788329359,1.8368599999999997,2.81993,24720,3,0.022186322024771138,0.000395919181451,0.040410919999999996,0.0620384618932636,-0.7769227084779127,3.173799867705849
64349849,20260207,82.42704000000005,2.5,55.3961432,19.353511121757236,1.3588158967716728,4.259022320162401,75.27316,82.42704010009766,5391,24,0.013948253557567918,0.5488721804511278,0.9132095487111992,1.0,-0.4564736412913309,0.7036089280649606
64354560,20260207,1000.0,10.0,2.4120214999999985,14.50605530809526,5.05597897862851,68.93672399726874,12.195129999999999,1000.000000000002,29162,503,0.001261534069033539,0.0058984270350511,0.012195129999999998,1.000000000000002,-0.49440210213714897,5.893672399726874
64355215,20260207,1000.0,75.47,0.0034155599999999,0.0,42.1804916324129,0.0,0.14407,0.0,6490,0,0.4702898550724638,0.0,0.00014407,0.0,-0.44109591052851593,-1.0
64355555,20260207,26.31578947368421,3.26,1.0140940999999992,6.016530746869956,1.1852055938398622,4.373913623921648,1.2019099999999998,26.31579017639161,1608,76,0.028817204301075268,0.3738246172528209,0.04567258,0.9999999275207594,-0.6364400018896127,0.3416912996064457
64364407,20260207,62.5,2.0,4.538046429999998,16.76378465891736,0.8006550959858737,3.728274822384981,3.6334099999999996,62.5,1243,72,0.002587965854674162,0.5093123871984544,0.058134559999999995,1.0,-0.5996724520070631,0.8641374111924902
