ad_id,period,budget_real,target_CPA_real,conversion_real,conversion_model,CPA_real,CPA_model,spend_real,spend_model,total_win_real,total_win_model,win_rate_real,win_rate_model,budget_used_real,budget_used_model,CPA_violation_real,CPA_violation_model
40094971,20260207,12.32876712328767,1.53,5.453421629999999,0.0,1.5977326880555174,0.0,8.71311,0.0,1266,0,0.00809462915601023,0.0,0.7067300333333334,0.0,0.0442697307552401,-1.0
46573939,20260207,432.71963,80.19,3.0510733199999986,0.0,28.255768039032258,0.0,86.21042,0.0,78283,0,0.016314056475982077,0.0,0.19922927924485423,0.0,-0.647639755093749,-1.0
49311445,20260207,431.8523599999999,1.8,279.38898144000007,127.45367248462016,1.1955223798678374,3.388308427290191,334.01577999999995,431.8523559570309,25292,189,0.001249592395332062,0.0195814338997099,0.7734490092864145,0.9999999999999992,-0.3358209000734237,0.8823936205831742
49847522,20260207,937.1593,1.84,756.1369726700001,323.6808284976726,1.1993375443575636,2.8953191426635025,906.86346,937.1593017578128,43366,206,0.005254064794397732,0.039757243947661,0.9676726891575423,1.0000000000000004,-0.34818611719697634,0.5735429837721951
51225207,20260207,105.26315789473684,2.7,4.752202259999999,0.0,3.2378546110114437,0.0,15.38694,0.0,73031,0,0.024762986572629864,0.0,0.14617593,0.0,0.1992054114857198,-1.0
51225953,20260207,54.45402,1.07,16.520339259999997,0.0,0.5183937124545469,0.0,8.56404,0.0,1187,0,0.0007935552881401257,0.0,0.1572710334333443,0.0,-0.5155198949022927,-1.0
51711872,20260207,117.17214,1.34,105.96849434999996,56.26535515533702,0.566520930284408,2.08249178598142,60.033370000000005,117.17214202880844,45749,218,0.02908206725573708,0.0418348690946321,0.5123519123231854,0.9999999999999988,-0.5772231863549194,0.5540983090356657
51867779,20260207,240.31079,6.1,60.62360383999997,30.026951963750484,3.105365865362584,8.00316939603349,188.25847,240.31079101562497,9295,43,0.005096781268849043,0.0200279459711224,0.7833958267125666,1.0,-0.4909236286290845,0.3119950034680465
52697878,20260207,256.73525,1.7,146.14289968,47.94626082322996,1.186323867800787,5.35464601925186,173.37281000000002,256.73526000976574,17489,141,0.025940373776327498,0.0889736948155013,0.6752980356222996,1.0000000000000004,-0.30216243070541937,2.1497916876812284
53375682,20260207,125.0,2.2,2.064560029999999,0.0,0.611452310253241,0.0,1.26238,0.0,5055,0,0.0009694122159363314,0.0,0.01009904,0.0,-0.7220671317030724,-1.0
53854143,20260207,571.02984,1.09,366.8150784600001,245.65701825984985,0.7371172721011375,2.324500427107214,270.38573,571.029846191406,23132,218,0.012759666832147389,0.0668058521658751,0.47350543011902846,0.9999999999999996,-0.32374562192556194,1.1325691338761832
54547571,20260207,31.747280000000007,6.5,5.582730409999998,0.0,2.2236090744707844,0.0,12.413809999999998,0.0,1179,0,0.0020264695771742866,0.0,0.3910196401077508,0.0,-0.6579062962352639,-1.0
55113470,20260207,420.4162162162162,3.33,34.42696216,58.530245551191854,2.352422488618438,7.1828884042089545,80.98676,420.4162292480471,17313,366,0.001576675439634996,0.0132119186816725,0.1926347197757692,1.0000000000000004,-0.2935668202347033,1.1570235942272658
55199224,20260207,78.07889,6.5,6.828174149999999,0.0,6.8187481715005775,0.0,46.5596,0.0,41439,0,0.009419024889191954,0.0,0.5963148297830566,0.0,0.04903818023085808,-1.0
55273179,20260207,148.7603305785124,4.1,10.458111869999998,18.673040517304397,2.030104502984247,7.966582737061794,21.23106,148.76033020019537,12559,352,0.003642507033266626,0.0384317100014028,0.14271990333333334,1.0000000000000004,-0.5048525602477446,0.9430690054554378
55954706,20260207,1000.0,33.01,0.7130576899999979,1.6388991504,6.659937991833472,13.924118558675069,4.74892,22.82024,4075,24,0.21335078534031413,0.1468831168831169,0.00474892,0.02282024,-0.7982448351459112,-0.5781848147022766
56069198,20260207,355.11819,6.0,32.74950241,35.31988722439691,2.545594707251004,10.05434083833774,83.36695999999999,355.11819458007807,6120,51,0.0018228933964793137,0.0286516853932584,0.23475834904429982,1.0,-0.575734215458166,0.6757234730562901
56094571,20260207,305.08474576271186,6.1,0.9921379099999985,22.601453200418646,2.440678836675038,13.49845654218134,2.42149,305.084747314453,1618,274,0.007816425120772947,0.2073389440004167,0.007937106111111111,0.9999999999999996,-0.5998887152991741,1.2128617628223413
56864799,20260207,6.76347,5.22,1.48259931,0.0,3.4828560658105254,0.0,5.163679999999999,0.0,3353,0,0.011482876712328767,0.0,0.7634660906309926,0.0,-0.33278619428917133,-1.0
57374168,20260207,122.44897959183672,13.0,0.7889959199999992,0.638842978,2.6231187608676128,149.00693013967802,2.06963,95.19218,1041,9,0.003721844833750447,0.0035148409842037,0.016901978333333335,0.7774027865285145,-0.7982216337794145,10.462071549206
57521810,20260207,626.15678,4.5,311.66268919000015,28.484059026052662,2.0498868557555228,21.982708881518214,638.8732500000002,626.1567993164059,840623,438,0.04613256575878476,0.0154012302210318,1.0203087635655725,0.9999999999999994,-0.5444695876098838,3.8850464181151594
57579039,20260207,69.34497,5.0,24.49807011,8.450338537593527,2.8512694953667923,8.20617566840077,69.8506,69.34497070312501,3000,13,0.006489292667099286,0.0191176470588235,1.0072915166017087,1.0000000000000002,-0.42974610092664156,0.6412351336801538
57654377,20260207,2386.38826,430.5,4.378679559999998,0.0,505.21757751097016,0.0,2212.18588,0.0,339592,0,0.0321610743339868,0.0,0.9270016606601977,0.0,0.17355999421828144,-1.0
57699816,20260207,73.77049180327869,11.1,1.9700780999999987,0.0,5.268613462583035,0.0,10.37958,0.0,5093,0,0.030082693443591258,0.0,0.14070097333333334,0.0,-0.5253501385060328,-1.0
57813819,20260207,1.3888888888888888,2.63,0.7436829199999995,0.2623273922196877,0.3781853696465157,5.294466314358583,0.28125,1.3888888359069824,25133,2,0.04126251846987358,0.1666666666666666,0.2025,0.9999993133549376,-0.8562032815032259,1.0131049748961982
57950075,20260207,3.5460992907801416,3.69,1.4694264899999996,0.0,0.6567936583203969,0.0,0.9651099999999999,0.0,1541,0,0.011215429403202328,0.0,0.27216102,0.0,-0.8220071386665592,-1.0
57950895,20260207,56.60377358490566,2.13,18.751780509999996,0.0,0.7874580225661997,0.0,14.76624,0.0,9230,0,0.013494152046783626,0.0,0.26087024,0.0,-0.6303013978562443,-1.0
57951243,20260207,373.1092299999999,2.23,167.37513349,105.53489160410156,1.463428496770306,3.535411020995427,244.94154,373.10922241210943,46360,183,0.02010058966354492,0.043793315253923,0.6564874849115903,1.0000000000000002,-0.34375403732273274,0.5853860945096803
58134130,20260207,8.695652173913043,2.0,4.70832877,0.0,1.4064332215271367,0.0,6.62195,0.0,305049,0,0.07139323160456844,0.0,0.76152425,0.0,-0.29678338923643166,-1.0
58283047,20260207,420.4162162162162,3.33,11.93555118,29.54597471523194,2.88911081524096,14.229221376883087,34.48313,420.4162292480469,5696,380,0.004605805773429288,0.1267546321374001,0.0820214079997943,1.0,-0.13239915458229426,3.273039550417457
58417305,20260207,1.0332357499569484,52.0,0.00749337,0.0214456458,0.0,37.38952969512837,0.0,0.80188,37048,2,0.0031913720625732205,1.894973485882577e-05,0.0,0.7760854481738391,-1.0,-0.2809705827859929
58419221,20260207,46.08294930875576,52.0,0.949742499999999,0.0,16.274147992745416,0.0,15.456249999999997,0.0,1948710,0,0.047577437760475794,0.0,0.33540062499999995,0.0,-0.6870356155241267,-1.0
58432699,20260207,116.6156,35.0,8.019357389999996,3.023064613036581,12.629938419542125,38.5752793730469,101.28399,116.6156005859374,35909,123,0.06658446133877248,0.0301294867934324,0.8685286531133056,0.9999999999999992,-0.6391446165845107,0.1021508392299113
58435300,20260207,48.31349,57.2,1.7800080499999984,0.0,25.441873703885797,0.0,45.286739999999995,0.0,920418,0,0.08910576504187037,0.0,0.9373518659074307,0.0,-0.5552119981838147,-1.0
58492787,20260207,23.529411764705884,2.9,9.26852865,0.0,1.434778971093756,0.0,13.29829,0.0,1815,0,0.003260869565217391,0.0,0.565177325,0.0,-0.5052486306573255,-1.0
58588021,20260207,11.049723756906078,1.2,0.6890549199999997,5.336385993357848,0.47925062344812824,2.0706376128524027,0.33022999999999997,11.049723625183104,1261,18,0.04945098039215686,0.7616666666666667,0.029885814999999996,0.9999999136924806,-0.6006244804598931,0.7255312754772164
58803527,20260207,159.76764999999995,7.1,11.840051959999998,13.06468684224543,3.329771704819444,12.228968372464845,39.42467,159.76765441894534,1901,23,0.005489460005775339,0.0141277641277641,0.2467625329658414,1.0000000000000002,-0.5310180697437402,0.7223899347499647
58804408,20260207,32.35294117647059,13.15,1.0830477099999998,0.0,3.7412940931291017,0.0,4.052,0.0,1005,0,0.003298326222513948,0.0,0.12524363636363636,0.0,-0.7154909434882814,-1.0
58963446,20260207,1893.68373,9.9,161.07246772000005,105.4172231753862,9.923410081346454,17.963703091533937,1598.3881499999998,1893.6837158203111,695806,638,0.06913262061839281,0.1607106018093646,0.8440628837213486,0.9999999999999992,0.0023646546814599274,0.8145155337087556
59168672,20260207,114.30078,2.51,41.728572589999985,23.722446899838285,1.6602583242112292,4.818254074478514,69.28021000000001,114.30078125000009,9493,72,0.005189700415482178,0.0314438621644336,0.606121935475856,1.0000000000000009,-0.33854250031425126,0.9196231445360424
59180301,20260207,127.4666,11.1,19.235940279999994,7.554547508851941,6.929982005537815,16.872828119560676,133.30472,127.4665985107422,3447,34,0.0012346872985170858,0.0053577056413488,1.0458011745822042,1.0000000000000002,-0.375677296798395,0.5200745531259686
59183637,20260207,42.81511,27.0,3.814563589999999,0.0,12.195476337569723,0.0,46.52042,0.0,6777,0,0.01574581784386617,0.0,1.0865421109510172,0.0,-0.5483156912011213,-1.0
59191554,20260207,38.46153846153846,2.13,19.65786732,0.0,1.1910707107163443,0.0,23.41391,0.0,5187,0,0.007145612343297975,0.0,0.6087616600000001,0.0,-0.44081187290312474,-1.0
59250609,20260207,59.70149253731344,6.1,4.1823460699999995,0.0,3.2753626244037726,0.0,13.698700000000002,0.0,21619,0,0.01802334305960817,0.0,0.229453225,0.0,-0.46305530747479134,-1.0
59262247,20260207,107.01659,1.61,75.86964482,2.847384240408307,0.6698374576626889,37.58416135091191,50.82033,107.01658630371092,987523,10,0.02368569633126103,0.0007902813059933,0.47488272612685567,1.0,-0.5839518896505038,22.34419938942265
59265523,20260207,41.27358490566038,3.61,2.889063029999999,0.0,4.352888763385685,0.0,12.575769999999999,0.0,25608,0,0.003269913425441173,0.0,0.3046929417142857,0.0,0.20578636104866635,-1.0
59289693,20260207,12.224938875305623,8.5,0.5073364399999993,0.8981484572070265,9.40238000645096,13.611252835724407,4.77017,12.224939346313477,3439,6,0.011097128105840594,0.0196408529741863,0.39019990600000004,0.99999992198945,0.10616235370011291,0.6013238630264008
59335998,20260207,1000.0,22.43,3.7110197099999986,0.0,12.892259739574387,0.0,47.84343,0.0,26442,0,0.005514034282854402,0.0,0.04784343,0.0,-0.42522248151696895,-1.0
59469459,20260207,28.457570000000004,1.45,9.77569584,5.009418461825105,1.0808499131863334,5.680811786511159,10.56606,28.45756912231445,28262,83,0.010530983343890897,0.038629071463296,0.37129171605305716,0.9999999329757048,-0.2545862667680459,2.917801103238513
59764696,20260207,91.22524,4.15,9.140238239999999,0.0,1.7727765485465075,0.0,16.2036,0.0,219836,0,0.026650018184022305,0.0,0.17762189499309622,0.0,-0.5728249280610826,-1.0
59789974,20260207,7.079646017699115,270.0,0.048692969999999405,0.0,121.2910200384177,0.0,5.90602,0.0,1389,0,0.0012187417741510924,0.0,0.8342253249999999,0.0,-0.5507739998577122,-1.0
59790006,20260207,10.658120000000002,1.49,13.266189650000001,0.0,0.7818567556811612,0.0,10.37226,0.0,2973,0,0.0012820733968692051,0.0,0.9731791347817438,0.0,-0.4752639223616368,-1.0
59870194,20260207,41.35039,1.2,3.6109786800000006,0.0,1.7014611673088027,0.0,6.143940000000001,0.0,4932,0,0.030844277673545965,0.0,0.1485823954743837,0.0,0.41788430609066896,-1.0
60033250,20260207,48.95666000000001,1.24,42.918783,28.271222550109076,1.1454211085155888,1.7316781899302112,49.16008000000001,48.95666122436524,7396,36,0.014157733537519143,0.046478528069977,1.0041551037182683,1.0000000000000002,-0.0762732995842026,0.3965146585580722
60083626,20260207,1000.0,36.35,1.2863628299999987,0.0,26.165386013213734,0.0,33.65818,0.0,487559,0,0.04779568469448774,0.0,0.03365818,0.0,-0.2801819528689482,-1.0
60222062,20260207,4.57056,2.5,3.512663129999998,0.0,0.9781638240954807,0.0,3.4359599999999992,0.0,4250,0,0.004315597075548335,0.0,0.7517590842260027,0.0,-0.6087344703618077,-1.0
60280132,20260207,5.154639175257732,2.4,1.06686943,4.448239410558897,0.0,1.158804104167548,0.0,5.154639244079589,5581,4,0.010383255813953489,0.0302164985527364,0.0,0.9999998149872192,-1.0,-0.517164975782995
60300280,20260207,125.0,6.5,24.164395879999994,4.40878525693578,4.042689520777707,28.352474516847685,97.68914999999998,125.0,24478,15,0.6244387755102041,0.1111111111111111,0.7815131999999999,1.0,-0.3780477660341989,3.361919156438105
60363119,20260207,139.53488372093022,8.1,17.93302123,10.495489802277444,3.403725407846405,13.294745736094477,61.03908,139.53488159179685,2481,29,0.006539272535582499,0.0242272347535505,0.43744674,0.9999999999999998,-0.579786986685629,0.6413265567874176
60491784,20260207,521.94218,19.24,26.77029479,4.635962523614919,19.48326135709318,112.58548455964628,521.57265,521.9421997070308,11239,395,0.009902202643171806,0.0881637014302868,0.9992920097011511,0.9999999999999992,0.012643521678439818,4.8516364812359445
60504423,20260207,65.78731,2.35,8.57009342,0.0,1.523455971848671,0.0,13.05616,0.0,3657,0,0.005028877887788779,0.0,0.1984601589577078,0.0,-0.3517208630431187,-1.0
60505342,20260207,1287.7824600000004,483.0,2.494942609999998,0.0,425.03862243147984,0.0,1060.44697,0.0,472777,0,0.04588063467417148,0.0,0.8234674744676983,0.0,-0.1200028521087374,-1.0
60537191,20260207,62.5,9.0,0.7605926099999993,2.29773649205985,3.653309226867196,27.200670318510003,2.77868,62.5,2857,7,0.25508928571428574,0.1479166666666666,0.04445888,1.0,-0.5940767525703117,2.022296702056667
60547769,20260207,21.234762092017306,54.68,0.0717451299999981,0.1273638294,8.100201365584192,35.52000989057973,0.58115,4.523999999999999,569049,11,0.03380315072887336,5.389531435970151e-05,0.027367860185185184,0.2130468687517582,-0.8518617160646637,-0.3504021636368288
60580455,20260207,27.1370420624152,15.0,0.16572462999999932,0.1812396628167327,6.578744511301694,149.72932992806398,1.0902599999999996,27.137042999267575,1484,2,0.005051055139550714,0.0038220551378446,0.040176080999999975,0.9999999297142104,-0.5614170325798872,8.981955328537598
60619154,20260207,346.15384615384613,8.8,0.7949493999999991,14.778790572399998,3.9788192808246707,15.945296939574565,3.16296,235.65222003,2190,361,0.0075647668393782385,0.1149244393352304,0.00913744,0.6807730939370308,-0.5478614453608329,0.8119655220419962
60656113,20260207,304.366,3.0,115.27257251999998,43.47579995362048,1.6945611235153861,7.000814030755806,195.33642,304.3659973144529,46205,178,0.008842385271940903,0.0430748588643325,0.6417813421998515,0.9999999999999992,-0.43514629216153794,1.333604676918602
60726038,20260207,47.8357,9.0,11.819992299999997,4.346536352357369,3.9694002169527645,11.005473348302312,46.918279999999996,47.83570098876952,31724,14,0.0001872077460716115,0.0011058451816745,0.980821436709403,0.9999999999999996,-0.5589555314496928,0.2228303720335901
60739866,20260207,99.7291,1.09,77.94989387999999,37.9913715691305,0.49769112014088107,2.625046065574707,38.794970000000006,99.72910308837886,22631,92,0.014751971840166873,0.0312708937465634,0.38900351050997156,0.9999999999999996,-0.5434026420725862,1.4082990689807828
60762511,20260207,2000.0,33.74,0.6070166399999992,1.7059362709000003,17.502535021115754,46.01950572226049,10.62433,78.50639000000001,88047,25,0.00562198298980921,0.0001069528421203,0.005312165000000001,0.039253195,-0.4812526668311869,0.3639449743012489
60762714,20260207,122.44897959183672,18.6,1.0652595699999985,0.0,7.856141578714014,0.0,8.368829999999999,0.0,1905,0,0.005614500442086649,0.0,0.068345445,0.0,-0.5776267968433327,-1.0
60844239,20260207,194.44444444444449,5.0,21.136006599999998,14.43076134237899,4.264975958135819,13.474301505056053,90.14456,194.4444427490234,35519,38,0.024398268992993542,0.0215670397713741,0.4636005942857142,1.0,-0.14700480837283614,1.6948603010112104
60848391,20260207,41.73037999999999,16.0,3.2187120799999978,0.0,6.117872462826813,0.0,19.69167,0.0,17991,0,0.0030296039337195206,0.0,0.4718785211157915,0.0,-0.6176329710733242,-1.0
60882731,20260207,92.20477000000002,37.0,2.940335039999998,0.0,22.973970340468426,0.0,67.55117,0.0,305221,0,0.08228755526798232,0.0,0.7326212082086424,0.0,-0.3790818826900425,-1.0
60906649,20260207,4.077471967380224,52.0,0.2873187599999986,0.0671882008,10.01208553176275,36.45877567872485,2.87666,2.449636,684928,3,0.00945419410051486,2.83304006820786e-06,0.7055008650000001,0.6007731230057489,-0.8074598936199471,-0.2988696984860606
61011193,20260207,1128.4313299999994,3.5,79.66752448,175.7177342849376,2.3493236575586893,6.421840530691101,187.1648,1128.431274414062,34621,647,0.0036072183960740595,0.0331896993946855,0.16586281772236872,0.9999999999999996,-0.32876466926894593,0.8348115801974575
61012951,20260207,119.05549000000002,2.3,25.964335379999998,31.201732831984664,1.5891668088597923,3.8156690018419046,41.26166,119.05548858642572,7512,85,0.002485277575597168,0.0273487773487773,0.3465750298453267,0.9999999999999994,-0.3090579091913946,0.6589865569341513
61087629,20260207,57.142857142857146,1.67,0.5514060199999995,7.582388687076953,0.4873722633641182,7.536259537714321,0.26874,57.14285659790039,5071,14,0.0024530766253869967,0.28,0.004702949999999999,1.0,-0.7081603213388513,3.512730378071676
61098328,20260207,175.43859649122808,52.0,0.2929606599999988,0.0,13.9853931241144,0.0,4.09717,0.0,12796,0,0.3797032640949555,0.0,0.023353869,0.0,-0.7310501322285692,-1.0
61112285,20260207,131.01449000000002,1.96,36.45122326,34.57889450609325,1.0054381368379899,3.788857160765095,36.64945,131.01449584960935,5231,72,0.000506928965985076,0.0349664386421299,0.279735852118342,0.9999999999999998,-0.4870213587561276,0.9330903505222192
61136703,20260207,28.116213683224,52.0,0.1347540599999996,0.0,16.376129965954323,0.0,2.20675,0.0,5691,0,0.47425,0.0,0.07848674166666665,0.0,-0.6850744237316477,-1.0
61185244,20260207,445.2629400000001,1.3,301.10735144999995,144.1888318156938,0.7926854952248961,3.0880542602232746,238.68343000000004,445.2629394531247,13593,150,0.007295121558525197,0.1134364857053932,0.5360505188237763,0.9999999999999992,-0.39024192675007996,1.375426441148026
61185698,20260207,7.1040600000000005,52.0,0.42989980999999794,0.32320543163964,16.52492007381914,21.979946800549325,7.1040600000000005,7.104060173034669,1136270,18,0.017067287111402173,7.176237692871628e-05,1.0,0.9999998657564598,-0.6822130755034781,-0.5773087153740515
61186486,20260207,21.234762092017306,54.68,0.006260219999999799,0.0534515064,8.807997163039282,12.875542165409104,0.05514,0.68823,209741,2,0.01405591781207487,9.275063856640206e-06,0.002596685555555555,0.0324105319365655,-0.8389173891177892,-0.7645292228685238
61188825,20260207,23.36448598130841,52.0,0.0494918399999988,0.0690529890999999,0.0,26.63828728759133,0.0,1.83948,332981,6,0.005326945966007986,7.357654137637232e-06,0.0,0.0787297351702949,-1.0,-0.4877252444693975
61218808,20260207,804.4937299999997,4.0,165.45907342999993,82.20605651860012,4.1432715401372615,9.786306966452926,685.54187,804.4937133789062,599199,485,0.2709346174715138,0.047924587120513,0.8521407245771826,1.0,0.03581788503431538,1.4465767416132316
61325277,20260207,159.26296000000002,2.64,114.76722292000011,27.707432589209656,1.382764747306128,5.748022609136099,158.69607000000002,159.26295471191406,8885,52,0.009974180511899416,0.2406403940886699,0.9964405408514321,1.0,-0.4762254745052546,1.1772812048220491
61328223,20260207,1666.6666666666667,48.86,9.830470329999999,25.241886022084056,19.741280273006026,66.02781418514388,194.06607000000002,1666.666625976561,3080441,2126,0.034758816248097284,0.0023139657063405,0.11643964200000001,0.999999999999999,-0.595962335796029,0.3513674449515892
61361730,20260207,372.3404255319149,1.5,75.30825108,139.6031341055244,0.44157166742159853,2.667135113423754,33.25399,372.3404235839844,6373,82,0.0029048726013036147,0.0173876166242578,0.08931071600000001,1.0000000000000002,-0.7056188883856009,0.778090075615836
61404169,20260207,8.771929824561404,1.68,1.3943859299999994,0.0,0.33074774356049347,0.0,0.46119,0.0,6830,0,0.015572275421796625,0.0,0.052575659999999996,0.0,-0.8031263431187539,-1.0
61471905,20260207,1000.0,28.73,7.482276129999999,0.0,15.36913206650127,0.0,114.99609000000001,0.0,207203,0,0.011154639175257731,0.0,0.11499609000000001,0.0,-0.46504935375909257,-1.0
61521770,20260207,101.2775,3.79,34.56488058000001,38.40211061915571,4.1200177061337895,2.637289775684404,142.40792,101.27749633789055,5436,63,0.5490909090909091,0.5566534914361001,1.406116067240996,0.9999999999999994,0.08707591190865156,-0.3041451709157893
61619011,20260207,162.85718,1.46,52.408485999999996,65.33927288393022,0.7158806304765225,2.4924852704007283,37.51822,162.85717773437506,4171,60,0.008682348043297252,0.0525902165196471,0.23037498254605662,1.0000000000000004,-0.5096708010434777,0.7071816474499429
61630077,20260207,1000.0,30.15,0.45239702999999837,0.0,12.688986928141459,0.0,5.740459999999999,0.0,8913,0,0.0014324515444698017,0.0,0.0057404599999999984,0.0,-0.5791380786686082,-1.0
61642024,20260207,20.98801,12.13,2.5296678399999997,0.0,7.168751451573975,0.0,18.13456,0.0,191357,0,0.02518949017336475,0.0,0.8640438040576501,0.0,-0.40900647555037306,-1.0
61652353,20260207,1000.0,2.76,53.638024000000044,153.0347484803632,0.8649744442487286,6.534463599904914,46.395520000000005,1000.0000000000008,1590250,1872,0.07337606009431263,0.0374361130994526,0.04639552,1.0000000000000009,-0.6866034622287215,1.3675592835085937
61709401,20260207,15.873015873015872,8.1,1.6325031599999984,0.0,2.87170041373764,0.0,4.68806,0.0,2118,0,0.005498442367601246,0.0,0.29534778000000006,0.0,-0.6454690847237481,-1.0
61709841,20260207,197.8021978021978,3.6,0.3534913699999999,13.87465734341398,3.192298584262468,14.2563654845797,1.12845,197.80220031738284,9560,54,0.0032396895862279304,0.0636940731245803,0.005704941666666666,1.0000000000000002,-0.11325039326042563,2.9601016284012287
61777401,20260207,4432.506930000003,300.0,11.881192509999998,1.4682583823,227.87231228862566,393.1698015753248,2707.39481,577.2752499999999,694307,11,0.013002977751142408,3.7406952573892975e-05,0.6108044167231562,0.1302367421793051,-0.24042562570458112,0.3105660052510827
61795733,20260207,47.716910000000006,13.34,2.913293729999999,0.0,3.5670965453936576,0.0,10.392,0.0,177887,0,0.006695107584955795,0.0,0.21778442904203138,0.0,-0.7326014583662926,-1.0
61831943,20260207,104.30993,5.6,47.090962860000005,15.179063464747852,1.9429874532830904,6.8719603330161965,91.49715,104.30992889404295,9182,16,0.0035209755349336607,0.0013670539986329,0.8771662486975115,1.0,-0.6530379547708767,0.2271357946508902
61861065,20260207,125.0,2.8,12.378150309999999,5.731241192118493,1.112624233434438,21.81028053078928,13.77223,125.00000000000006,251668,135,0.031950538289660775,0.0203037703604363,0.11017784,1.0000000000000004,-0.6026342023448436,6.7893860365057686
61869045,20260207,593.0689100000001,13.49,11.021867570000008,32.482995055348844,13.759977520760566,18.257826577353164,151.66065,593.068908691406,185192,219,0.012635744599555137,0.0080591742106425,0.255721801367062,0.9999999999999996,0.020013159433696526,0.3534341650948599
61879187,20260207,66.1471,54.0,1.5291670999999987,0.0,43.25694686996604,0.0,66.1471,0.0,840301,0,0.011986183739433828,0.0,1.0,0.0,-0.19894542833396217,-1.0
61894872,20260207,59.70149253731344,5.1,1.1046315399999997,4.396731100660551,8.226643610049376,13.578605869709676,9.087409999999998,59.70149230957031,5999,7,0.004337358108596631,0.0522605832985579,0.15221411749999994,1.0,0.6130673745194856,1.6624717889456415
61914746,20260207,20.83333333333333,11.0,0.3186287699999997,0.9728788339500936,2.3789753825431417,21.41408758009564,0.75801,20.833333969116207,17018,28,0.002918138482115299,0.0124531999531999,0.036384480000000004,0.9999999084472766,-0.7837295106778961,0.9467352345541488
61917856,20260207,183.66036000000005,3.5,39.25839492,33.87077161685108,1.1879578901541092,5.422384564173916,46.63732,183.6603546142578,11011,55,0.005503023639362287,0.00656402912042,0.25393242178116165,1.0,-0.6605834599559687,0.5492527326211187
61992618,20260207,83.12442,4.0,9.788109599999999,0.0,3.4120040911679212,0.0,33.39707,0.0,4399,0,0.04470528455284553,0.0,0.40177206649983244,0.0,-0.1469989772080197,-1.0
62110977,20260207,118.0,9.1,6.754455839999997,5.974035500167929,3.73756533435268,19.752139110077927,25.24522,118.0,438721,33,0.03988590286742913,0.0008719528188259,0.21394254237288135,1.0000000000000002,-0.5892785346865187,1.170564646381673
62112649,20260207,170.84410000000003,9.0,18.034290420000005,12.288674786297037,3.997236282723675,13.902563947748924,72.08732,170.84410095214832,78439,53,0.036973367900070706,0.0152430255967788,0.4219479630844729,0.9999999999999992,-0.555862635252925,0.5447293275276581
62164374,20260207,8.309009999999999,2.51,5.170598479999997,0.0,1.577384132909892,0.0,8.156020000000002,0.0,47991,0,0.09854414784394251,0.0,0.9815874574708663,0.0,-0.3715601064104015,-1.0
62243266,20260207,1.32579105532968,26.0,0.0029903999999998996,0.0104032843999999,0.0,25.751891211278316,0.0,0.26793,1780,3,0.016808309726156753,0.0027761164274322,0.0,0.202090530864001,-1.0,-0.0095426457200648
62326550,20260207,40.32258064516129,2.3,0.6950244499999997,6.369016269281512,4.5268767163514925,6.331052427719644,3.1462900000000005,40.322582244873054,8543,11,0.009443953128454566,0.2682926829268293,0.07802799200000002,1.0000000000000002,0.9682072679789099,1.752631547380585
62326559,20260207,40.32258064516129,2.3,0.8333575799999995,5.637320143760028,0.0,7.152791408647398,0.0,40.322582244873054,6016,16,0.01201517874975035,0.5729166666666666,0.0,1.0000000000000002,-1.0,2.1099093725823623
62338437,20260207,151.5151515151515,52.0,0.869796189999997,0.0375247445,13.602577403793918,78.92261804426026,11.83147,2.96163,841481,5,0.02165416881111683,8.677035057673365e-06,0.07808770200000001,0.019546757940348,-0.7384119730039631,0.5177426546973127
62367731,20260207,72.79249000000002,15.0,2.2769717699999985,0.0,11.811376124351344,0.0,26.894170000000003,0.0,33383,0,0.008282184235988786,0.0,0.3694635257016211,0.0,-0.2125749250432437,-1.0
62465463,20260207,469.2045099999999,4.78,106.12060824999999,35.851348737095286,4.069732798577321,13.087498845420916,431.88252,469.204498291016,4881766,339,0.08436022610039037,0.0073729483013023,0.920456881371409,1.0000000000000009,-0.14859146473277812,1.7379703495757062
62516634,20260207,17.806910000000002,12.0,1.0020338499999992,0.0,10.48906681146551,0.0,10.5104,0.0,74440,0,0.0067361638976363705,0.0,0.5902427765401184,0.0,-0.1259110990445409,-1.0
62537183,20260207,1000.0,19.0,5.247883999999996,0.0,16.335054280925426,0.0,85.72447,0.0,58807,0,0.001917755058781327,0.0,0.08572447,0.0,-0.14026030100392492,-1.0
62543564,20260207,1000.0,32.62,0.4121149299999988,0.0,32.585885689703204,0.0,13.42913,0.0,2011,0,0.0027315946753599567,0.0,0.013429130000000001,0.0,-0.00104580963509483,-1.0
62658588,20260207,4.545454545454546,2.01,0.2017653299999995,0.0264244616305025,0.0,172.01041047695287,0.0,4.545454502105713,10142,2,0.011223992917220009,0.1055555555555555,0.0,0.9999997901916924,-1.0,84.57731905128446
62665519,20260207,354.54545454545456,2.61,25.28079539,47.29511927122442,1.5743673957245692,7.496448653489159,39.80126,354.5454406738281,15789,657,0.008859772178890073,0.1143613718725745,0.1122599641025641,1.0,-0.3967941012549543,1.8722026646724936
62676303,20260207,416.91595,2.04,56.357969910000016,113.579576866493,1.4724080752467967,3.670694700766604,82.98193,416.9159545898437,6661,167,0.005170780934637478,0.0326601710757378,0.19903755181350102,1.0,-0.27823133566333497,0.799360181081739
62681129,20260207,48.53814999999999,48.0,2.193455649999998,0.0,14.018943122921144,0.0,30.74993,0.0,8052,0,0.004581768521679754,0.0,0.6335208490640869,0.0,-0.7079386849391428,-1.0
62693338,20260207,49.58663000000001,1.83,5.146988039999998,0.0,1.5020648853110607,0.0,7.731109999999999,0.0,62999,0,0.07116118829775217,0.0,0.15591118009027832,0.0,-0.1791995162234641,-1.0
62695450,20260207,4.3478260869565215,2.44,0.3593056899999997,0.1757730204593363,1.0693401487741547,24.73531636055483,0.38422,4.34782600402832,5850,4,0.2611607142857143,0.8,0.08837060000000001,0.9999997806549512,-0.56174584066633,9.137424500199486
62699077,20260207,44.67285000000001,60.0,1.0580723799999983,0.0,34.75645021562708,0.0,36.77484,0.0,3010,0,0.0035927428980663642,0.0,0.8232033550579376,0.0,-0.4207258297395486,-1.0
62708257,20260207,392.89094,1.85,310.1368070499999,128.7618541626242,1.2143733070008726,3.051299079836697,376.62185999999997,392.8909301757813,27589,232,0.001176899680489376,0.021459624456572,0.9585913587114021,1.0000000000000002,-0.34358199621574453,0.6493508327097888
62715156,20260207,100.03554,1.47,80.51573367,28.762723435221467,0.9892120008052085,3.477957658184416,79.64713,100.03553771972652,9468,43,0.004812932086213908,0.0352459016393442,0.7961883346658598,0.9999999999999996,-0.3270666661189057,1.365957544553624
62719771,20260207,19.466780000000004,160.0,0.13359869999999863,0.0,88.12675572442039,0.0,11.773620000000001,0.0,3794,0,0.013492176386913229,0.0,0.6048057254461189,0.0,-0.44920777672237255,-1.0
62753184,20260207,165.83097,21.6,9.966304629999998,3.5084282787813814,16.084771231802094,47.26644032350719,160.30572999999998,165.83096313476554,8657,91,0.019388577827547594,0.0291425050922812,0.9666814950186927,0.9999999999999994,-0.25533466519434755,1.1882610874422144
62759058,20260207,1000.0,31.5,32.574883729999996,25.96862943485004,15.366511025763225,38.50799919960334,500.56231,1000.0,4262135,699,0.06937102557466915,0.0241223831904426,0.5005623100000001,1.0000000000000002,-0.5121742531503739,0.2224761650667727
62766768,20260207,34.31616,50.63,0.9474606899999991,0.0,23.51535027801525,0.0,22.279870000000003,0.0,8028,0,0.023577092511013215,0.0,0.6492530049982282,0.0,-0.5355451258539354,-1.0
62782340,20260207,292.4077699999999,25.0,8.833024349999995,8.368699537521515,11.462082067055556,34.94064276381748,101.24485000000001,292.40777587890653,2683616,907,0.043072863583616484,0.0111844122855112,0.3462454161187305,1.0000000000000009,-0.5415167173177777,0.3976257105526992
62824285,20260207,288.6240099999998,10.0,43.15919143000001,16.705819272311107,6.145476344944583,17.276854337758984,265.23379,288.6240234375001,76092,51,0.004326629479896969,0.0173487580740469,0.9189595487915234,1.0000000000000004,-0.38545236550554174,0.7276854337758983
62854671,20260207,363.6363636363636,57.4,2.284162339999999,0.0,17.06687362685439,0.0,38.983509999999995,0.0,6537,0,0.0011314190767952646,0.0,0.1072046525,0.0,-0.7026677068492265,-1.0
62863799,20260207,26.5748031496063,65.54,0.30854336999999954,0.0,27.733702396522126,0.0,8.55705,0.0,6960,0,0.0034383954154727794,0.0,0.3219986222222222,0.0,-0.5768431126560555,-1.0
62867831,20260207,23.834820000000004,2.71,5.408050499999998,0.0,1.1625594102717793,0.0,6.287179999999999,0.0,12435,0,0.013547227366815557,0.0,0.2637813081869298,0.0,-0.5710112877225907,-1.0
62868116,20260207,1000.0,16.0,12.598702109999998,39.34721758597251,11.973630194832825,25.414757025710244,150.8522,1000.0000000000016,280295,690,0.013983078327588013,0.013744219555623,0.15085220000000002,1.0000000000000016,-0.2516481128229484,0.5884223141068903
62875385,20260207,15.734370000000002,6.34,10.746493319999997,2.222932365680121,1.2864261474272245,7.078201476729546,13.82457,15.734370231628416,175064,28,0.032017264713413075,0.0112994350282485,0.8786224043288672,0.9999999393891053,-0.7970936675982295,0.1164355372831233
62904543,20260207,1000.0,299.26,0.0049137499999999,0.0,0.0,0.0,0.0,0.0,5909,0,0.045003808073115006,0.0,0.0,0.0,-1.0,-1.0
62941923,20260207,1000000.0,41.96,1.279913989999998,0.0,7.1795996229403,0.0,9.18927,0.0,17538,0,0.07611979166666667,0.0,9.18927e-06,0.0,-0.8288941939242064,-1.0
62957523,20260207,1233.7502500000005,4.1,419.77348746999985,215.4650826989275,2.471231201980418,5.72598688827264,1037.3573399999998,1233.7502441406257,68128,358,0.007876160418039515,0.0116453060958948,0.8408163159440084,1.0000000000000004,-0.3972606824438004,0.3965822003563652
62974470,20260207,256.19916000000006,9.0,43.75084866,19.32791088333404,4.557627248549926,13.255397647779931,199.40006,256.1991577148438,205148,41,0.02219039686746206,0.0081349206349206,0.7783009905262763,1.0000000000000002,-0.4935969723833416,0.4728219608644368
62987009,20260207,225.48274,23.0,5.1095899299999985,0.0,23.910811175408757,0.0,122.17444,0.0,27461,0,0.0008659306839215834,0.0,0.5418349981022937,0.0,0.03960048588733724,-1.0
62991598,20260207,53.40617000000002,7.91,10.574299029999999,4.658859702765611,3.636666590466187,11.463354089907485,38.455200000000005,53.406169891357415,16144,33,0.003839421613394216,0.0033222591362126,0.7200516344834312,1.0,-0.5402444259840472,0.4492230481721075
63007107,20260207,10.31706,3.0,1.3720628999999993,0.0,1.721641187149657,0.0,2.3622,0.0,4996,0,0.004669158878504673,0.0,0.22896057597804026,0.0,-0.42611960428344764,-1.0
63017961,20260207,35.714285714285715,1.45,5.081967689999999,0.0,0.5707789141807788,0.0,2.90068,0.0,3460,0,0.008777270421106037,0.0,0.08121903999999999,0.0,-0.6063593695304974,-1.0
63024390,20260207,1000.0,84.69,2.7926086299999984,0.0,34.97746477994665,0.0,97.67837,0.0,5840,0,0.008940600122473974,0.0,0.09767837,0.0,-0.5869941577524306,-1.0
63029536,20260207,1000.0,14.88,0.013316019999999897,2.6703478579000004,7.059917302617503,17.298940507469034,0.09401,46.19420602699999,4213,37,0.023483835005574136,0.0211005922532898,9.401e-05,0.0461942060269999,-0.5255431920283936,0.1625631972059297
63038827,20260207,0.206347241137386,26.0,0.0021923399999999,0.0068796942786985,0.0,29.98930538688996,0.0,0.2063472419977188,1267,2,0.0018668041844703109,0.0023603041695146,0.0,0.9999951616849352,-1.0,0.1534348225726906
63038979,20260207,1000.0,2.25,255.66614177999998,300.8653330334317,1.6327005097108018,3.323746164418137,417.42624000000006,1000.0,23412,332,0.0043872273442770405,0.015408892601875,0.41742624000000006,1.0000000000000002,-0.27435532901742143,0.4772205175191721
63041128,20260207,86.78675999999997,10.0,5.560731969999999,0.0,4.811032098711279,0.0,26.752860000000002,0.0,646006,0,0.012517385634592617,0.0,0.3082596930683898,0.0,-0.5188967901288721,-1.0
63049540,20260207,42.85714285714285,2.7,1.63084324,0.0,0.8899874398719032,0.0,1.4514299999999998,0.0,1052,0,0.013715775749674055,0.0,0.0338667,0.0,-0.6703750222696655,-1.0
63050276,20260207,4.545454545454546,2.32,0.0025585199999999995,0.3352634631702761,0.0,13.55781778696044,0.0,4.545454502105713,3088,24,0.013304610081861267,0.2140697265697265,0.0,0.9999997901916924,-1.0,4.843887145293963
63053963,20260207,24.875621890547265,6.0,3.1709264699999995,0.0,4.788862228016281,0.0,15.18513,0.0,10146,0,0.005146596327483007,0.0,0.610442226,0.0,-0.20185629533061977,-1.0
63099926,20260207,1000.0,55.51,2.9197034499999988,0.0,16.960105999806252,0.0,49.51848,0.0,226734,0,0.03606222066705899,0.0,0.04951848,0.0,-0.6944675553989146,-1.0
63115257,20260207,1000.0,9.5,0.0012530799999999,25.3385366902,0.0,21.10681661660557,0.0,534.81586836,2395,1068,0.0025427327741798494,0.112837236249921,0.0,0.53481586836,-1.0,1.2217701701690074
63116306,20260207,1000.0,24.5,1.437166389999999,0.0,8.31511930918452,0.0,11.950210000000002,0.0,7103,0,0.0011041676382346998,0.0,0.011950210000000003,0.0,-0.6606073751353256,-1.0
63117307,20260207,44.70852000000001,22.1,2.0507180199999993,1.4162915596826215,14.176146947789542,31.567290724137084,29.07128,44.70851898193359,2705,4,0.01020754716981132,0.029513343799058,0.6502402674031705,1.0,-0.3585453869778488,0.4283841710068672
63118770,20260207,299.31642000000005,5.2,17.39955433,18.58262300511737,4.548526272511716,16.10732726269298,79.14233,299.31640625000006,126908,151,0.006458323791494277,0.0218880100084253,0.2644102518665698,1.0000000000000002,-0.1252834091323623,2.097563048751201
63118785,20260207,70.0,9.0,7.83276084,3.8068895234766256,6.856636005753496,18.38771027648907,53.70639,70.0,22254,43,0.010747090355918289,0.0184707903780068,0.7672341428571429,1.0,-0.23815155491627818,1.0430789196098966
63119851,20260207,20.0,2.42,0.5738863799999998,3.910552958573701,0.1583588723607625,5.114364924220253,0.09088,20.0,1674,45,0.013212312549329124,0.1578545232162253,0.004544,0.9999999046325772,-0.9345624494377014,1.113373869001084
63120136,20260207,305.25518000000005,25.0,15.297062569999998,9.734903255909034,14.424013041086754,31.35677351967721,220.64503000000002,305.25518798828136,27467,87,0.0039039470130903817,0.0054396720597837,0.7228215750507493,1.0000000000000004,-0.42303947835652983,0.2542709407870884
63125663,20260207,470.4109,20.0,5.02379563,0.0,10.15245717708465,0.0,51.00387,0.0,27821,0,0.008420654378159146,0.0,0.10842408201000443,0.0,-0.4923771411457675,-1.0
63129888,20260207,2000.0,12.0,0.38690968999999886,37.01741754651476,7.344840600916479,54.028618918601005,2.84179,1999.9999999999989,56786,841,0.022986560880829017,0.0694326805581666,0.001420895,0.9999999999999994,-0.3879299499236268,3.502384909883417
63136165,20260207,6.385696040868455,52.0,0.0732189399999996,0.0,3.570797392040932,0.0,0.26145,0.0,30719,0,0.005860167874856925,0.0,0.040943070000000005,0.0,-0.9313308193838282,-1.0
63140934,20260207,114.94252873563218,11.5,0.0972153599999998,6.599974855959042,4.004614085675358,17.415598220289827,0.38931,114.94252777099612,2265,89,0.0013238646326494828,0.0339909164648458,0.003386997,1.0000000000000002,-0.6517726882021428,0.5143998452425936
63154710,20260207,1000.0,23.61,0.0218982999999998,0.0,9.924971344807675,0.0,0.21733999999999992,0.0,1561,0,0.01018929503916449,0.0,0.00021733999999999992,0.0,-0.579628490266511,-1.0
63156076,20260207,1000.0,9.0,1.9238692299999978,0.0,2.616685126774446,0.0,5.03416,0.0,424013,0,0.050271266820795545,0.0,0.00503416,0.0,-0.7092572081361728,-1.0
63161144,20260207,60.10060000000001,32.0,3.0264052499999985,0.0,18.78458279835459,0.0,56.849759999999996,0.0,182407,0,0.00641853280222951,0.0,0.9459100241927699,0.0,-0.412981787551419,-1.0
63163299,20260207,309.54889000000003,3.72,99.73916304,45.719407078201336,2.0701145237923786,6.770623290456526,206.47149000000002,309.5488891601562,54211,115,0.007639656144306652,0.0293817066939192,0.667007689803055,0.9999999999999998,-0.4435176011310811,0.820060010318331
63196383,20260207,1000.0,8.0,1.4307406499999988,0.0,2.846455784981019,0.0,4.07254,0.0,137689,0,0.013906575093424906,0.0,0.00407254,0.0,-0.6441930268773726,-1.0
63204884,20260207,184.27386,3.4,78.66949489,24.88608185545111,2.3226391659879133,7.404695460367715,182.72084999999998,184.2738647460937,306129,48,0.023265617875056998,0.004621161066718,0.9915722718349742,0.9999999999999996,-0.31687083353296663,1.1778515449034137
63205388,20260207,51.54639175257732,14.5,0.08118716999999921,0.535281699,5.323378065770789,19.63883760793846,0.43219,10.512330000000002,2201,6,0.008658536585365854,0.0020661912949146,0.008384486,0.2039392068233913,-0.6328704782227041,0.3544025936509282
63224395,20260207,45.16711833785005,14.0,0.3635722799999984,2.066481639458547,5.830257466273307,21.85700339797886,2.11972,45.167118072509794,24101,104,0.00990221455277538,0.0250821020289442,0.0469306008,1.0000000000000009,-0.5835530381233353,0.5612145284270615
63234573,20260207,229.51535,15.4,1.8101369199999988,0.0,11.342014945477171,0.0,20.5306,0.0,29614,0,0.006837366087920207,0.0,0.08945196911666256,0.0,-0.2635055230209629,-1.0
63236174,20260207,23.102310231023104,7.91,1.8509005299999988,0.0,3.41908703219184,0.0,6.32839,0.0,2346,0,0.001385133140461711,0.0,0.2739288814285714,0.0,-0.5677513233638635,-1.0
63273998,20260207,11.750881316098708,13.0,0.5521018899999983,0.6679015560660175,4.917769797890038,17.593705980527595,2.71511,11.75088119506836,2729,4,0.002720566244641611,0.0024242424242424,0.231055861,0.9999999188423214,-0.6217100155469202,0.3533619985021227
63281072,20260207,277.77777777777777,34.1,0.1704646299999994,0.5779149796,4.037025158826218,76.83405818045318,0.68817,44.40363,74545,38,0.0063686458778299876,0.0003191886986954,0.002477412,0.1598530719026628,-0.8816121654303162,1.253198287934338
63298743,20260207,6.849315068493151,28.08,0.3764911899999997,0.0,13.412026985279534,0.0,5.04951,0.0,14493,0,0.02115457597431032,0.0,0.7372284599999999,0.0,-0.5223637113504439,-1.0
63299682,20260207,97.50139,69.3,0.524341599999999,0.0,59.81119941656367,0.0,31.3615,0.0,14714,0,0.009649157321791594,0.0,0.32165182465603825,0.0,-0.1369235293425156,-1.0
63316232,20260207,126.52847,36.0,2.6108107399999985,0.0,32.71654995566628,0.0,85.41672,0.0,184079,0,0.08173297220495515,0.0,0.6750790553303933,0.0,-0.09120694567593664,-1.0
63336283,20260207,1000.0,12.0,0.1539623499999997,1.9958267737,7.6086783554550985,18.880772427643464,1.1714499999999999,37.68277,11296,11,0.061026472177201516,0.0080939451431254,0.0011714499999999999,0.03768277,-0.3659434703787418,0.573397702303622
63338096,20260207,44.41921000000001,1.97,64.86024656000001,12.563025086506665,0.6848887007992897,3.535709328369528,44.42205,44.419208526611335,4549,24,0.0015275865542832196,0.0047704233750745,1.0000639363014334,1.0000000000000002,-0.652340761015589,0.7947762827515568
63350356,20260207,7.170259999999998,1.0,22.22256703,30.540631457751616,0.2762840130805536,0.2347777166194624,6.13974,7.170259952545166,1467,4,0.035264423076923075,0.0416666666666666,0.8562785728829919,0.9999998669958696,-0.7237159869194464,-0.7652222833805375
63355127,20260207,1.6891891891891893,1.9,0.2513404999999994,0.4065602381572881,0.5325444964102495,4.154821062846701,0.13385,1.6891891956329346,2255,6,0.02185077519379845,0.2625,0.0792392,0.9999994354251256,-0.7197134229419739,1.1867479552541238
63355311,20260207,1.6891891891891893,1.9,0.41941804999999976,0.2700571370014633,0.8393534803759644,6.254909459083553,0.35204,1.6891891956329346,7857,2,0.0046269359872799015,0.04,0.20840768,0.9999994354251256,-0.5582350103284398,2.292057651353854
63359739,20260207,1000.0,3.32,7.14293801,163.98166533200768,1.9924504426715586,6.098242702177073,14.231950000000001,1000.0000000000016,453747,1145,0.002442170631755371,0.0020293646404922,0.014231950000000002,1.0000000000000016,-0.3998643244965185,0.8368201279512185
63360454,20260207,1000.0,22.01,0.0619317599999995,0.2427358833,7.273650869925279,23.4408134546564,0.45047,5.6899500000000005,1797,5,0.004085019322573312,0.0009780907668231,0.00045046999999999996,0.00568995,-0.6695297196762708,0.0650074153064764
63363585,20260207,2928.89804,300.0,2.8451989899999983,0.0,287.7728457228225,0.0,818.77101,0.0,17123,0,0.011131842413210245,0.0,0.27954916791845713,0.0,-0.04075718092392492,-1.0
63381071,20260207,1000.0,19.41,20.43495700999999,38.51601695607035,8.9418617279489,25.96322395374712,182.72656,1000.0,10808951,4933,0.3924533802919178,0.066128272878897,0.18272656,1.0,-0.5393167579624472,0.3376210282252392
63382374,20260207,1000.0,83.45,0.1044110699999986,0.0,13.333260544116811,0.0,1.39214,0.0,262873,0,0.007438103753671332,0.0,0.0013921399999999998,0.0,-0.8402245590878753,-1.0
63400626,20260207,10.53743,3.2,3.917679739999998,0.0,2.6897119466942456,0.0,10.53743,0.0,45662,0,0.013993870671161509,0.0,1.0,0.0,-0.1594650166580483,-1.0
63405128,20260207,1000.0,86.31,0.6356251999999994,0.193321664,20.628367157249293,90.55130752801958,13.111910000000002,17.50562,23871,2,0.004416384525725703,2.661210317460317e-05,0.013111910000000001,0.01750562,-0.7609967888164836,0.0491404250886058
63412723,20260207,1017.58415,1.26,1235.2938429400003,412.08631340753135,0.7762061921380209,2.4693471535046734,958.8427300000001,1017.5841674804692,68367,299,0.0038366396363534333,0.038489424152914,0.9422736488181347,1.0000000000000009,-0.3839633395729993,0.9597993430117272
63415176,20260207,391.68223000000006,5.0,167.08847776,50.79615081062496,2.359302839339004,7.710864041812259,394.21232,391.6822204589847,61727,210,0.006827830319119518,0.0364583333333333,1.0064595475776368,1.0000000000000009,-0.5281394321321992,0.5421728083624519
63417588,20260207,250.18294000000003,52.0,7.085179469999998,5.58411391801218,23.712244793708813,44.80261264235045,168.00551000000002,250.18293762207023,524464,137,0.03980419092144109,0.0028353040270612,0.6715306407383334,0.9999999999999996,-0.5439952924286767,-0.1384112953394145
63418435,20260207,1.7391304347826086,17.27,0.0111358899999997,0.062944494798605,88.58384915799515,27.629147778309484,0.98646,1.7391303777694709,2594,7,0.0029215001689379435,0.005620221115173,0.5672145000000001,0.999999451637551,4.129348532599604,0.5998348028930649
63425723,20260207,243.00836,27.5,14.681358509999999,7.181997878903822,16.26848086553538,33.83575602193581,238.84340000000003,243.00836181640625,111832,18,0.021381565110987898,0.0052925610114672,0.982860836557228,1.0,-0.40841887761689527,0.230391128070393
63426601,20260207,7170.80575,339.26,20.49040154,0.0129100979,129.28927404513905,465.9200980886374,2649.1891399999995,6.0155400000000006,5034386,2,0.02410306742356816,4.6276129904876294e-07,0.36944092928469013,0.0008388931846455,-0.6189079937359575,0.3733422291961688
63451974,20260207,68.71583000000001,2.5,35.654098270000006,14.037857673581543,1.3379210894288027,4.8950363114293065,47.70237,68.71582794189449,10076,50,0.0029741137577850587,0.0391163793103448,0.6941976834158882,0.9999999999999992,-0.46483156422847893,0.9580145245717226
63463364,20260207,117.6470588235294,5.0,4.04439071,0.0,2.421155793822897,0.0,9.7921,0.0,3884,0,0.020792291220556744,0.0,0.08323285,0.0,-0.5157688412354207,-1.0
63464061,20260207,346.15384615384613,6.1,49.97379218,38.00520341076943,3.0249067242189027,9.108064131691384,151.16606000000002,346.1538391113281,5947,67,0.0024273469387755104,0.0399609375,0.4367019511111112,1.0,-0.504113651767393,0.4931252908339193
63466342,20260207,80.63901,2.78,8.29725483,0.0,2.439680402102342,0.0,20.24265,0.0,75031,0,0.15825986078886312,0.0,0.2510280074122934,0.0,-0.12241712154592002,-1.0
63472525,20260207,1025.55606,1.74,871.8579168499999,331.06051766891744,1.171362145439696,3.0977901998004844,1021.26136,1025.5560302734375,87878,503,0.016773811796144303,0.0268223750866528,0.9958123205863559,1.0000000000000002,-0.32680336468982984,0.7803391855297971
63474289,20260207,1000.0,73.77,1.35e-05,4.977669876633186,0.0,200.8971715454967,0.0,1000.0,180632,51,0.23122375832053252,0.0547282484627173,0.0,1.0000000000000002,-1.0,1.7232910490362463
63494257,20260207,83.03227000000001,11.0,14.871869980000005,5.259264364076039,5.067624992778478,15.787808104536383,75.36506,83.03227233886717,51983,27,0.002313429846774158,0.0061363636363636,0.9076598772983081,0.9999999999999998,-0.5393068188383201,0.4352552822305803
63494470,20260207,58.7649,10.5,0.40920028999999974,4.1000500137497,6.277219402752627,14.332724156467537,2.5686400000000003,58.76490020751953,1300,9,0.00012331391929578268,0.0076335877862595,0.04371044620172927,1.0,-0.40216958069022596,0.3650213482350035
63510498,20260207,2.93115,8.3,0.1458485999999991,0.0449850271787231,3.0990355752472274,65.1568974499384,0.45199,2.931149959564209,1655,20,0.00024791407642644217,0.0046497500776995,0.1542022755573751,0.9999996746416868,-0.6266222198497317,6.850228428027247
63520550,20260207,1000.0,25.3,0.8662697799999988,0.0,11.146215905165263,0.0,9.65563,0.0,31832,0,0.007775470822443147,0.0,0.00965563,0.0,-0.559438106515207,-1.0
63523189,20260207,1000.0,18.66,0.5611918599999988,0.6328571973000001,10.00761130070563,17.37122609283139,5.61619,10.993522829999998,27816,17,0.027983903420523138,0.001349363541146,0.005616189999999999,0.0109935228299999,-0.4636864254712953,-0.0690661181735998
63533300,20260207,2094.1917699999995,3.61,88.02355833999997,325.6371069072148,2.606760443763265,6.431059604507153,229.45632999999998,2094.191650390625,889339,1008,0.07179963508364012,0.058379567871329,0.10956796473323932,1.0000000000000002,-0.27790569424840295,0.78145700592505
63533738,20260207,74.38692,3.79,7.22517268,4.863563375960785,3.456444725415199,15.294732703021504,24.973409999999998,74.3869171142578,2051,11,0.1289937106918239,0.1397849462365591,0.335723135196349,0.9999999999999998,-0.08800930727831165,3.035549566481663
63535808,20260207,9.097779999999998,3.82,2.5308014499999993,0.0,2.793494527198095,0.0,7.069780000000001,0.0,1234,0,0.003295060080106809,0.0,0.7770884765294392,0.0,-0.26871871015756676,-1.0
63536636,20260207,208.86075949367088,5.6,1.6327292399999997,0.0,5.438880974533169,0.0,8.88022,0.0,5207,0,0.0026184250226289852,0.0,0.04251741696969697,0.0,-0.028771254547648333,-1.0
63541909,20260207,312.5,26.0,23.84098275999999,8.782921542853058,10.391828746911944,35.58041169955344,247.75140999999996,312.50000000000057,6515232,1011,0.08059416130628402,0.0129598365240105,0.7928045119999999,1.0000000000000018,-0.6003142789649252,0.3684773730597476
63543019,20260207,7.1144300000000005,2.32,3.098336459999999,0.0,2.2962096246964743,0.0,7.1144300000000005,0.0,98680,0,0.49538152610441766,0.0,1.0,0.0,-0.010254472113588608,-1.0
63548375,20260207,1000.0,18.08,0.18686605999999947,0.0,13.590536451616773,0.0,2.5396099999999997,0.0,2795,0,0.008013188073394495,0.0,0.00253961,0.0,-0.24831103696809878,-1.0
63552128,20260207,86.28540000000001,4.15,12.18227423,0.0,3.2091774706339042,0.0,39.095079999999996,0.0,92113,0,0.011114288472212167,0.0,0.45309032582569,0.0,-0.2267042239436376,-1.0
63558513,20260207,1000.0,30.39,0.0284800699999999,0.0,24.025924093585534,0.0,0.6842600000000001,0.0,3497,0,0.053389312977099236,0.0,0.0006842600000000001,0.0,-0.20941348820054184,-1.0
63563441,20260207,32.60413000000001,2.5,19.86996271,7.197048361909688,1.4766222980999242,4.530207888223861,29.340429999999998,32.60412979125977,2810,14,0.0009405857740585774,0.0227272727272727,0.8998991845511592,1.0000000000000002,-0.40935108076003035,0.8120831552895442
63577520,20260207,151.5151515151515,52.0,0.1348435899999989,0.0,12.359949775884887,0.0,1.66666,0.0,118256,0,0.008404056483764827,0.0,0.010999956000000002,0.0,-0.7623086581560599,-1.0
63592988,20260207,70.92198581560284,1.65,32.41290016,7.149474690248758,1.3753918896469397,9.91988678801289,44.580439999999996,70.921989440918,57186,43,0.006098929226568833,0.0089753601613913,0.6285842039999999,1.0000000000000004,-0.16642915778973347,5.012052685667513
63599957,20260207,1000.0,36.05,0.07052639999999971,0.0,18.042179949635955,0.0,1.27245,0.0,1402,0,0.0015661304736371761,0.0,0.00127245,0.0,-0.49952344106418983,-1.0
63604272,20260207,70.0,8.5,13.107625269999993,5.906089918190338,4.387274492170468,11.852171083991443,57.50675000000001,70.0,26513,14,0.0016779954937849674,0.0029914529914529,0.8215250000000002,1.0,-0.4838500597446509,0.3943730687048757
63612668,20260207,2000.0,15.0,0.4373678399999993,7.334314410700002,1.6438565761945396,144.21584848353942,0.71897,1057.7245199999998,112188,658,0.07312475557293703,0.0278356595238171,0.000359485,0.5288622599999999,-0.8904095615870307,8.614389898902628
63614842,20260207,1000.0,10.01,0.0895118499999998,17.9778516594,11.244991584913086,14.963919501216912,1.0065600000000001,269.01914,1927,78,0.013135650988411724,0.0867250060875472,0.00100656,0.26901914,0.12337578270859999,0.4948970188873264
63618506,20260207,7.20164609053498,5.02,0.4629729899999988,0.7751892626019106,0.31919788668449184,9.29016613779465,0.14778,7.201646327972412,62768,5,0.008383822193727627,0.0472490910338204,0.02052030857142857,0.9999998675755312,-0.9364147636086669,0.8506307117714401
63619732,20260207,330.87964000000005,2.2,108.96754836999996,49.07101405280001,1.26041451839998,2.5875356330693,137.34428000000003,126.97300000000004,9613,27,0.004368949688678817,0.0094405594405594,0.41508833846651916,0.3837437701203365,-0.42708430981819095,0.1761525349936258
63623744,20260207,91.2677,25.0,0.8465259399999996,0.0,23.216075339640522,0.0,19.653010000000002,0.0,5636,0,0.002809431234734061,0.0,0.21533368321980284,0.0,-0.07135698641437913,-1.0
63624433,20260207,1045.55126,38.5,37.189085069999976,40.06491624960001,19.284177834708974,24.86542417921448,717.16093,996.2311621164312,495721,2667,0.28145176858002613,0.117583976046007,0.6859165661566895,0.952828609316375,-0.49911226403353315,-0.3541448265139096
63635613,20260207,1.2315270935960592,6.48,0.04878384999999941,0.0697160297670353,0.7307746313585425,17.664652297837016,0.03565,1.2315270900726325,13284,12,0.020436923076923078,0.2246666666666666,0.0289478,0.9999992256170528,-0.8872261371360274,1.7260265811484854
63636525,20260207,1000.0,20.0,3.5062172199999977,0.0,10.43995500084847,0.0,36.604749999999996,0.0,22037,0,0.004973032744341389,0.0,0.03660475,0.0,-0.47800224995757656,-1.0
63638938,20260207,1000.0,36.08,0.10309321999999971,0.0,13.866188290558817,0.0,1.42951,0.0,3419,0,0.005704989154013016,0.0,0.0014295100000000002,0.0,-0.6156821427228709,-1.0
63638951,20260207,2.47032,2.53,7.284128580000001,0.0,0.24201384978846704,0.0,1.7628599999999999,0.0,19284,0,0.008461605967529618,0.0,0.7136160497425434,0.0,-0.904342351862266,-1.0
63639183,20260207,1000.0,34.1,0.039602299999999896,0.0,14.820856364403117,0.0,0.58694,0.0,1549,0,0.02073627844712182,0.0,0.00058694,0.0,-0.5653707811025479,-1.0
63639342,20260207,6.451612903225806,2.04,0.6874497099999993,1.098141743625774,2.2969971141598142,5.875022156108627,1.5790699999999998,6.451612949371338,10334,13,0.07397279885468862,0.5722222222222223,0.24475584999999997,0.999999852180504,0.1259789775293207,1.8799128754747965
63640115,20260207,4.3478260869565215,2.41,0.1585456099999995,1.020827483645287,3.495397948893077,4.2591150949301735,0.55418,4.347826004028321,8107,24,0.009292755616689592,0.4885645604395604,0.1274614,0.9999997806549512,0.4503725929016916,0.767267611304721
63645523,20260207,111.24086,12.3,20.94655676999999,6.093112219901264,5.061078112457719,18.256818143805,106.01216,111.2408599853515,924647,472,0.07352940708696482,0.027090627331688,0.9529965877646037,0.9999999999999994,-0.588530234759535,0.4842941350161268
63645835,20260207,62.5,12.3,2.190383879999999,0.0,4.473608525643462,0.0,9.79892,0.0,425060,0,0.03458021477383664,0.0,0.15678272000000001,0.0,-0.6362919897850844,-1.0
63648944,20260207,26.5748031496063,68.0,0.0985532899999986,0.0,154.52239088111838,0.0,15.22869,0.0,2386,0,0.0018899009900990099,0.0,0.5730499644444444,0.0,1.2723881011929175,-1.0
63654752,20260207,1000.0,1.4,0.9703912699999997,175.65828301868248,1.638483412984538,5.692871278952281,1.5899699999999999,1000.0,3670,323,0.005662706372473384,0.160388644793246,0.0015899699999999998,1.0,0.17034529498895581,3.066336697072359
63663934,20260207,2.1367521367521367,21.0,0.01623013,0.025109241,22.84085216815885,39.52490937860771,0.37071,0.99248,1186,1,0.0030201171377641964,0.0001736111111111,0.17349228,0.4644804344651397,0.08765962705518335,0.8821385418384624
63670871,20260207,3.5461400000000003,1.3,4.315747939999999,0.0,0.4677497453662691,0.0,2.01869,0.0,418402,0,0.08361016745933415,0.0,0.569264044848765,0.0,-0.6401925035644084,-1.0
63675427,20260207,1000.0,34.85,0.1049685599999992,0.0,18.840784326278413,0.0,1.97769,0.0,2304,0,0.0032089136490250697,0.0,0.00197769,0.0,-0.4593749117280226,-1.0
63693341,20260207,1000.0,82.32,0.0232848699999989,0.0,38.02168532613845,0.0,0.8853299999999996,0.0,2180,0,0.00798242402050531,0.0,0.0008853299999999996,0.0,-0.5381233560964717,-1.0
63695352,20260207,244.34484,1.0,278.00997194,84.26376119910927,0.812903107118669,2.899761736209382,225.99517,244.3448333740236,56566,214,0.007163245406308964,0.0247066942719116,0.9249025680264007,1.0000000000000009,-0.18709689288133102,1.8997617362093824
63698963,20260207,1000.0,9.5,0.1341763499999994,51.51004897760268,1.7842935807987108,19.413687240350495,0.23941,1000.0000000000016,25039,2695,0.0066331991098866165,0.3505474624267954,0.00023941,1.0000000000000016,-0.81217962307382,1.0435460253000524
63701114,20260207,166.66666666666666,34.0,0.10341095999999951,0.4215703105,16.52697160919895,86.31799435507364,1.70907,36.38919,24190,17,0.0056870812272246385,0.0024064648237941,0.010254420000000002,0.2183351333369405,-0.5139125997294427,1.5387645398551069
63701115,20260207,166.66666666666666,34.0,1.0170834799999982,0.0626369712,21.73359457180451,42.08629285873167,22.10488,2.6362,317627,1,0.0073764160539528745,2.594599082549764e-06,0.13262928000000002,0.0158171995172973,-0.36077663024104384,0.2378321429038725
63704769,20260207,1000.0,7.57,1.558786249999999,0.0,3.203665672570568,0.0,4.99383,0.0,7522,0,0.006137902896776826,0.0,0.00499383,0.0,-0.576794495036913,-1.0
63708107,20260207,17.33141,5.0,1.7003743199999994,0.0,4.742097022495613,0.0,8.06334,0.0,18142,0,0.015942003514938487,0.0,0.4652443165328152,0.0,-0.05158059550087746,-1.0
63711027,20260207,1000.0,29.95,0.0126712699999998,0.0,238.15844820606355,0.0,3.0177699999999996,0.0,1269,0,0.003895027624309392,0.0,0.0030177699999999995,0.0,6.951868053624827,-1.0
63711593,20260207,132.71462,3.93,7.46426473,0.0,1.8850912325560027,0.0,14.07082,0.0,8992,0,0.0031473573678683932,0.0,0.10602313445195412,0.0,-0.5203330197058518,-1.0
63712035,20260207,59.29753,27.0,3.042648139999999,0.0,19.37017600727241,0.0,58.93663,0.0,50946,0,0.0514034910705277,0.0,0.9939137431188112,0.0,-0.2825860738047256,-1.0
63716161,20260207,41.27358490566038,3.72,0.9929988299999999,9.197896613852604,1.2684506385571475,4.48728481289385,1.25957,41.27358627319336,42793,14,0.0029517095815198274,0.0004093867805241,0.030517581714285716,1.0,-0.6590186455491539,0.2062593490275518
63719668,20260207,1000.0,84.69,0.0002581,0.0,216.1565284773344,0.0,0.055790000000000006,0.0,1498,0,0.5548148148148148,0.0,5.5790000000000006e-05,0.0,1.552326466847732,-1.0
63761622,20260207,1000.0,40.0,18.74194842,6.962039386500001,43.66644447311951,52.20387616606652,818.3942499999999,363.4454941999999,48158,62,0.0031624846498860644,0.0003323350266012,0.81839425,0.3634454941999999,0.09166111182798779,0.305096904151663
63768177,20260207,1000.0,95.0,0.36684069999999724,0.0331089451,46.32155047136298,414.2513664270618,16.99263,13.71584,352894,12,0.007251450211958007,2.024605824792485e-05,0.016992629999999998,0.01371584,-0.5124047318803897,3.3605406992322293
63777240,20260207,1000.0,31.86,1.0178924899999986,0.0,17.526408903950184,0.0,17.84,0.0,45926,0,0.003431256817536572,0.0,0.017839999999999998,0.0,-0.44989300364249263,-1.0
63782676,20260207,1000.0,7.35,2.1781402499999993,0.0,13.303652049035872,0.0,28.97722,0.0,6436,0,0.005100649865271834,0.0,0.028977219999999998,0.0,0.8100206869436561,-1.0
63786819,20260207,72.20216606498195,3.82,1.0274569299999996,15.413151633777964,0.0,4.68445135215607,0.0,72.20216369628906,10096,18,0.0014038210183820463,0.308748273901389,0.0,1.0,-1.0,0.2262961869162754
63793115,20260207,13.157894736842104,19.23,0.8729048300000002,0.0,2.003803782366515,0.0,1.74913,0.0,1025,0,0.08686440677966102,0.0,0.13293388,0.0,-0.8957980352383508,-1.0
63798620,20260207,1000.0,15.0,1.3629326299999986,0.0,9.287869203043448,0.0,12.658739999999998,0.0,30468,0,0.017411280644608264,0.0,0.012658739999999998,0.0,-0.3808087197971035,-1.0
63800765,20260207,199.22996,2.25,100.40840010999989,35.37191326826144,1.4375852004599796,5.632433791934362,144.34563000000003,199.2299652099609,308909,327,0.047207806100617394,0.0526966216395047,0.7245176880023467,1.0,-0.3610732442400091,1.5033039075263832
63801044,20260207,750.0,12.0,10.220424519999998,18.055912754499087,8.865229602028315,41.53763748528752,90.60641000000001,749.9999999999998,520350,261,0.05984336185481645,0.0267496181184939,0.12080854666666668,0.9999999999999996,-0.26123086649764043,2.4614697904406264
63807604,20260207,1000.0,22.0,0.16320020999999948,0.0,10.508993830338854,0.0,1.7150699999999999,0.0,14590,0,0.024063994722084776,0.0,0.00171507,0.0,-0.5223184622573248,-1.0
63820271,20260207,68.4931506849315,2.7,3.1490065699999983,0.0,1.4951318440723362,0.0,4.70818,0.0,55247,0,0.0037335108395956103,0.0,0.06873942799999999,0.0,-0.44624746515839403,-1.0
63825455,20260207,137.20322999999996,35.0,1.6012345599999986,0.0,32.92780540534926,0.0,52.725139999999996,0.0,177198,0,0.017557916014347714,0.0,0.38428497638138703,0.0,-0.05920555984716397,-1.0
63827404,20260207,10.638297872340424,10.0,0.020658699999999704,0.7097361233910123,6.485887301718013,14.989068042319465,0.13399,10.63829803466797,1424,7,0.04127536231884058,0.1696969696969697,0.012595060000000002,0.999999910354624,-0.3514112698281987,0.4989068042319465
63835415,20260207,1700.05321,30.2,49.63370162,38.50860976153648,34.0422252391338,44.1473527358279,1689.64165,1700.053222656249,1559686,678,0.05997454414015335,0.0227028624353232,0.9938757446303695,0.9999999999999996,0.12722600129582118,0.4618328351171509
63839772,20260207,21.73913043478261,32.0,0.00565656,0.0763026319914308,27.960456531885104,284.9029522288401,0.15816,21.7391300201416,20151,4,0.34863321799307956,0.0535714285714285,0.00727536,0.9999999122619688,-0.1262357333785905,7.903217257151253
63840064,20260207,1000.0,40.0,0.1193747299999997,0.0,19.089299720300986,0.0,2.2787800000000002,0.0,3614,0,0.014946236559139785,0.0,0.00227878,0.0,-0.5227675069924753,-1.0
63840552,20260207,1000.0,62.32,0.5946225499999989,0.6898003114999999,10.568199944653985,66.928547728631,6.28409,46.16740000000001,413262,27,0.011731132798528434,6.0431906730099096e-05,0.00628409,0.0461674,-0.8304204116711492,0.073949744165187
63843847,20260207,1000.0,300.0,0.8526294699999981,0.0,363.9800885606273,0.0,310.34015,0.0,7746,0,0.007241959611069559,0.0,0.31034015,0.0,0.2132669618687576,-1.0
63847388,20260207,66.11570247933884,566.0,0.10638380999999891,0.0,165.44359522374864,0.0,17.600520000000003,0.0,5656,0,0.08126436781609195,0.0,0.2662078650000001,0.0,-0.7076968282265925,-1.0
63848648,20260207,1000.0,19.0,0.1148203099999997,0.0,5.431965825558227,0.0,0.6236999999999999,0.0,1028,0,0.0030668257756563248,0.0,0.0006236999999999999,0.0,-0.714107061812725,-1.0
63867023,20260207,34.770514603616135,1100.0,0.0538456399999992,0.0535100971999999,218.2925117056864,132.831886691346,11.754100000000001,7.107980000000001,1655,1,0.0034827441077441078,0.0002834467120181,0.338047916,0.2044254998715288,-0.8015522620857397,-0.8792437393715037
63874819,20260207,1000.0,33.66,0.9448800599999992,0.0,13.054323529697527,0.0,12.33477,0.0,4311,0,0.0022930851063829786,0.0,0.01233477,0.0,-0.6121710181313865,-1.0
63886292,20260207,1000.0,18.66,0.5595576999999992,1.671191548,11.649504599793746,18.84700738864233,6.518569999999999,31.4969783,46331,16,0.033857790119848,0.0008678836823248,0.006518569999999999,0.0314969783,-0.3756964308792205,0.0100218404479868
63890282,20260207,42.79496,8.01,0.0635166,1.0453457238870936,0.0,40.93853172738778,0.0,42.794960021972656,4495,22,0.0031823008849557522,0.0290933834001054,0.0,1.0,-1.0,4.110927660123505
63892216,20260207,41.66666666666666,12.54,0.9331463899999988,0.0,1.5654885617678933,0.0,1.4608299999999996,0.0,10184,0,0.10184,0.0,0.03505992,0.0,-0.8751604017728953,-1.0
63893649,20260207,36.47676,4.76,2.2019377899999992,0.0,3.5351589110971218,0.0,7.7842,0.0,1170,0,0.0005691215098745014,0.0,0.2134016288727398,0.0,-0.2573195564922013,-1.0
63893761,20260207,1000.0,8.0,0.3891586299999991,71.1053416197809,3.910487607585635,14.063640834237525,1.5217999999999998,1000.0000000000005,7556,830,0.008974937641050005,0.3393342224993074,0.0015217999999999998,1.0000000000000004,-0.5111890490517956,0.7579551042796906
63895426,20260207,2.45433,6.5,1.2508153499999992,0.0,1.7856352658288062,0.0,2.2335,0.0,1785,0,0.009365162644281217,0.0,0.9100243243573601,0.0,-0.7252868821801837,-1.0
63898679,20260207,123.20089999999996,35.0,0.28454898999999845,3.319503446361057,200.90347184152827,37.11424376968482,57.16688,123.20089721679692,5693097,479,0.08041029313310905,0.0024993941747521,0.4640134934079217,1.0000000000000004,4.7400991954722365,0.0604069648481376
63904068,20260207,1000.0,31.0,10.719261939999999,22.775919328779626,24.147337890317477,43.90601940841885,258.84164,999.9999999999995,386134,302,0.010210701120671874,0.0058441393792214,0.25884164,0.9999999999999996,-0.22105361644137173,0.4163232067231887
63904287,20260207,89.5,18.0,0.8540667899999981,1.5534699533999998,9.683083450651463,25.43463534578632,8.27,39.51196722,5394,39,0.0016505002906887793,0.0012810996949195,0.0924022346368715,0.4414744940782123,-0.46205091940825205,0.4130352969881288
63904753,20260207,1000.0,31.0,0.014054859999999999,0.0,16.400021060330733,0.0,0.23049999999999998,0.0,1045,0,0.0044,0.0,0.0002305,0.0,-0.47096706256997634,-1.0
63904784,20260207,1000.0,31.0,4.666134619999999,0.0,23.000272975407643,0.0,107.32236999999999,0.0,103750,0,0.01361798755676896,0.0,0.10732236999999999,0.0,-0.2580557104707212,-1.0
63905155,20260207,1000.0,30.0,14.311155770000001,21.1052310317,21.206393451197822,38.88685129844991,303.48799999999994,820.7160196359999,166365,271,0.02275512576766834,0.0038752896955524,0.3034879999999999,0.8207160196359999,-0.2931202182934059,0.296228376614997
63909258,20260207,1000.0,8.49,0.0785548699999998,33.4735182996,6.25409984129566,14.96459919605722,0.49129,500.9178,1031,110,0.0007925282496733031,0.0403872864477793,0.00049129,0.5009178,-0.2633569091524547,0.7626147938148092
63918879,20260207,1000.0,12.0,0.4190223499999993,51.09853085455935,4.2963340738268565,19.570033887593464,1.80026,1000.0000000000006,11307,276,0.0011343298555377206,0.017482515375908,0.00180026,1.0000000000000009,-0.6419721605144286,0.6308361572994553
63920538,20260207,10.416666666666666,10.85,0.00861161,0.3874570551760267,0.0,26.88463136951868,0.0,10.416666984558104,2611,39,0.0012296317227088632,0.0300323405707887,0.0,0.9999999084472768,-1.0,1.4778461220548749
63921753,20260207,1000.0,30.0,2.4290685599999984,0.0,16.183087891105068,0.0,39.30983,0.0,143425,0,0.013452862221305094,0.0,0.03930983,0.0,-0.46056373696316444,-1.0
63924789,20260207,7.319470000000001,2.53,4.274365819999999,0.0,1.5365250136685777,0.0,6.56767,0.0,2115,0,0.19766355140186917,0.0,0.8972876451437056,0.0,-0.3926778602100483,-1.0
63930260,20260207,1000.0,50.18,0.40955222999999735,1.5337071225999994,13.81657719212037,67.7645560250487,5.6586099999999995,103.93104999999991,1565171,760,0.04548474465939571,0.0012188596470287,0.00565861,0.1039310499999999,-0.724659681304895,0.3504295658216482
63931270,20260207,17.857142857142858,1.05,9.997431630000001,0.0,0.7097622932181032,0.0,7.0958000000000006,0.0,9372,0,0.002013535288430551,0.0,0.3973648,0.0,-0.32403591122085407,-1.0
63934713,20260207,29.41176470588235,60.0,0.37391975999999916,0.0,69.66021266166852,0.0,26.04733,0.0,1596,0,0.0013581822823589482,0.0,0.88560922,0.0,0.16100354436114206,-1.0
63935338,20260207,45.15721,1.18,43.847514660000016,14.559829836470472,0.807353855161468,3.1014928546146305,35.400459999999995,45.15721130371092,5753,39,0.004228281640452742,0.0831390831390831,0.7839381573839481,0.9999999999999996,-0.3158018176597729,1.6283838919312306
63937480,20260207,27.785550000000004,6.0,15.92798474,2.7741545380742663,1.7353620342556908,10.015858441414656,27.640819999999998,27.78554916381836,3633,16,0.00724571200638213,0.0068031564047854,0.9947911774285553,0.9999999313546588,-0.7107729942907182,0.6693097402357759
63939449,20260207,1000.0,16.0,0.49055693999999916,7.091224684099998,8.767035280348917,17.250200814265188,4.30073,122.32506707000002,22070,65,0.06103429203539823,0.0168716460824525,0.00430073,0.12232506707,-0.45206029497819267,0.0781375508915742
63939968,20260207,1000.0,30.87,0.3124397999999979,0.0,14.360974498127415,0.0,4.48694,0.0,6805,0,0.0015755597230904586,0.0,0.00448694,0.0,-0.5347918853862191,-1.0
63939971,20260207,1000.0,30.87,0.6990634299999976,0.0004519215,9.678549484415202,3.752712776938144,6.7659199999999995,0.0016996842999999,27337,1,0.006456084831022837,5.032206119162641e-05,0.00676592,1.69968429999999e-06,-0.6864739396043018,-0.8784349635595495
63942675,20260207,7.03731,2.08,2.40745589,0.0,1.3539936551028562,0.0,3.25968,0.0,17441,0,0.28405537459283386,0.0,0.46319971693729567,0.0,-0.3490415119697807,-1.0
63942976,20260207,0.7507507507507507,4.82,0.09498938999999951,0.053707202551546,0.6256488224632278,13.978326297273933,0.05943,0.7507507801055908,5076,2,0.04691312384473198,0.0833333333333333,0.07916076,0.999998650314298,-0.8701973397379195,1.900067593245713
63948300,20260207,1000.0,10.01,3.0623741299999985,0.0,8.330928527011823,0.0,25.51242,0.0,56224,0,0.011217877094972068,0.0,0.025512419999999997,0.0,-0.16773940789092678,-1.0
63950119,20260207,1127.6450100000006,1.49,1214.6769155400002,464.0745374275084,0.9169166761557043,2.4298790951820206,1113.75752,1127.645019531248,164069,736,0.009557064884984826,0.0359339908212088,0.9876845196166828,0.9999999999999982,-0.38461968043241324,0.6307913286104581
63950135,20260207,53.81452,18.5,3.5856543599999995,0.0,8.411530217876328,0.0,30.16084,0.0,7274,0,0.03225720620842572,0.0,0.5604591474568573,0.0,-0.5453226909256039,-1.0
63951234,20260207,1000.0,24.0,0.6132488499999987,0.0,11.454615854558904,0.0,7.02453,0.0,14776,0,0.009395307433076875,0.0,0.00702453,0.0,-0.522724339393379,-1.0
63953718,20260207,1000.0,22.5,1.6580488599999996,0.0,14.751356603568368,0.0,24.45847,0.0,59318,0,0.051919474835886215,0.0,0.02445847,0.0,-0.34438415095251695,-1.0
63956425,20260207,1000.0,50.67,3.5357482699999983,0.0,22.787402792111113,0.0,80.57052,0.0,115361,0,0.012660893805698232,0.0,0.08057052,0.0,-0.5502782160625397,-1.0
63957691,20260207,1000.0,18.0,0.45442549999999754,0.0,4.975799113386048,0.0,2.2611299999999996,0.0,4119,0,0.007485008177357805,0.0,0.0022611299999999997,0.0,-0.7235667159229973,-1.0
63958692,20260207,1000.0,30.0,1.691604149999999,0.0,15.538381127759719,0.0,26.284790000000005,0.0,49548,0,0.07745505705799594,0.0,0.026284790000000006,0.0,-0.4820539624080094,-1.0
63967286,20260207,1000.0,30.2,4.732072439999998,0.0,31.444605273202473,0.0,148.79815000000002,0.0,323845,0,0.011683900249664468,0.0,0.14879815000000002,0.0,0.04121209513915477,-1.0
63967300,20260207,1000.0,29.2,14.951385440000003,21.3268569205955,33.738626565699704,46.88923252188465,504.43920999999983,999.9999999999998,891913,432,0.0644394592915303,0.0204463318975208,0.5044392099999998,0.9999999999999998,0.15543241663355153,0.6057955923547891
63972226,20260207,1000.0,29.07,0.0710429399999995,0.0,10.738575852857515,0.0,0.7628999999999999,0.0,6577,0,0.011975600873998543,0.0,0.0007629,0.0,-0.6305959458941344,-1.0
63972231,20260207,1000.0,29.07,0.3966301899999991,0.0,10.763376333001803,0.0,4.269079999999999,0.0,20039,0,0.014682737397420868,0.0,0.004269079999999999,0.0,-0.6297428162022084,-1.0
63982060,20260207,144.41286,32.0,0.33754527999999956,0.0026328288,44.74125663970185,693.4125710828281,15.102200000000002,1.82633,12379,1,0.0036130406864748115,2.6812526812526813e-05,0.10457655917900942,0.0126465886572415,0.3981642699906829,20.669142846338374
63985166,20260207,50.0,46.0,0.0192897799999996,0.3593258095089907,10.526299418656107,139.14909401923975,0.20305,50.0,4693,5,0.0284251968503937,0.0180437590890807,0.004061,1.0,-0.7711674039422585,2.024980304766081
63985726,20260207,4994.14603,1.0,6089.890448690001,2828.726619990513,0.7498611984033832,1.76551030383593,4566.572550000001,4994.1459960937445,160888,1496,0.11837833860643072,0.306655993088399,0.914385066549606,0.9999999999999988,-0.25013880159661683,0.7655103038359301
63985744,20260207,1000.0,86.31,0.0857126599999991,0.0142722037,6.0222142213297944,129.17282193625527,0.51618,1.84371,77376,7,0.03762875066867675,0.000347709118295,0.00051618,0.00184371,-0.9302257650176133,0.4966148255138461
63990159,20260207,1000.0,82.32,1.1119273199999975,7.28376555089099,5.475798544099099,137.2916049701886,6.08869,999.999999999999,3475783,1330,0.24096718731584896,0.0641698418686926,0.00608869,0.999999999999999,-0.9334815531572025,0.6677794640324889
63992188,20260207,221.95962,49.74,0.7805867899999986,0.0,15.255946106902503,0.0,11.90859,0.0,1284,0,0.00801498127340824,0.0,0.05365205617129819,0.0,-0.6932861659247587,-1.0
63993604,20260207,23.71317,4.5,6.438650769999999,0.0,3.4845048755455337,0.0,22.43551,0.0,31270,0,0.007909047221589903,0.0,0.9461202361388207,0.0,-0.22566558321210362,-1.0
63994945,20260207,1000.0,24.0,41.13260980999996,27.84305523030472,17.640384195208465,35.915597473512555,725.59504,1000.0000000000005,466873,181,0.009917494588503198,0.0037534735183111,0.7255950400000001,1.0000000000000004,-0.26498399186631394,0.4964832280630231
63997152,20260207,69.34492,12.0,2.785368799999998,0.0,9.052226764369594,0.0,25.21379,0.0,33819,0,0.0018811220318053633,0.0,0.3635996695936775,0.0,-0.24564776963586712,-1.0
63997228,20260207,3.88989,3.37,0.707181539999999,0.1947718305617426,5.500553648501636,19.97141975244613,3.8898900000000003,3.8898899555206303,29994,4,0.055792410714285715,0.5,1.0000000000000002,0.999999754832632,0.6322117651340167,4.92623751651341
63999590,20260207,40.26390000000001,45.0,1.131787849999998,0.0689847695988631,24.45908038330686,583.6551652748318,27.682489999999998,40.26390075683593,16471,4,0.014351311318288752,0.0014063640657877,0.687526295266976,0.9999999999999998,-0.4564648803709587,11.970114783885151
64000136,20260207,1000.0,90.69,1.6932441799999993,0.0,77.56852883439414,0.0,131.34246000000002,0.0,15096,0,0.002574922817132038,0.0,0.13134246000000002,0.0,-0.14468487336647762,-1.0
64002001,20260207,1000.0,62.32,0.2421834799999985,0.5477278376999999,25.8219099007085,47.37221817451882,6.253640000000001,25.947130000000005,62783,161,0.048771071234366505,0.0078662601877534,0.00625364,0.02594713,-0.5856561312466544,-0.2398552887275902
64004668,20260207,1000.0,32.0,0.5324289999999983,0.0,43.09333263214452,0.0,22.944139999999997,0.0,118155,0,0.025785648814979703,0.0,0.02294414,0.0,0.34666664475451614,-1.0
64005450,20260207,1000.0,23.0,0.0635592799999993,0.0,6.056078671753428,0.0,0.38492,0.0,1573,0,0.011373825018076645,0.0,0.00038491999999999997,0.0,-0.7366922316628944,-1.0
64005608,20260207,341.5910099999999,25.0,3.260798799999999,0.0,10.870968181170825,0.0,35.44804,0.0,2483646,0,0.03214597179707875,0.0,0.10377333993655163,0.0,-0.565161272753167,-1.0
64007547,20260207,41.66666666666666,6.5,0.0681534699999993,1.207638970166139,0.0,34.50255785463959,0.0,41.66666793823244,3976,64,0.01602579604997985,0.2264591730108971,0.0,1.0000000000000004,-1.0,4.308085823790706
64009920,20260207,650.6762800000001,2.3,108.41929587999999,0.0,1.5695649802812575,0.0,170.17113,0.0,12907,0,0.02348435225618632,0.0,0.2615296349822372,0.0,-0.31758044335597496,-1.0
64012844,20260207,1000.0,33.75,0.0253990099999997,0.0,39.24286812753771,0.0,0.9967299999999999,0.0,1932,0,0.01932,0.0,0.00099673,0.0,0.1627516482233396,-1.0
64019817,20260207,248.75621890547265,600.0,0.0269656999999989,0.0,21.850350630616823,0.0,0.58921,0.0,1030,0,0.0033594259621656884,0.0,0.0023686242,0.0,-0.9635827489489719,-1.0
64020537,20260207,40000.0,1.56,1525.4624940200001,12544.129166928691,1.2181481926199602,3.1887426751206505,1858.23938,39999.99999999991,845119,7884,0.04100310027121309,0.0822142974919854,0.0464559845,0.9999999999999978,-0.219135773961564,1.0440658923609225
64020711,20260207,1000.0,28.88,1.0800372399999991,0.0,33.37977494183444,0.0,36.0514,0.0,53771,0,0.0032712793463646707,0.0,0.036051400000000004,0.0,0.15580938164246683,-1.0
64021638,20260207,380.56766,3.0,151.39981512,66.3671123367806,1.5370415731059843,5.734280705256964,232.70781,380.5676574707031,53398,427,0.012248371410221122,0.0427427427427427,0.6114755257974364,1.0,-0.4876528089646719,0.9114269017523212
64026285,20260207,1000.0,27.12,1.8919629599999992,0.0,21.427496656699887,0.0,40.54003,0.0,3076,0,0.005333795734350616,0.0,0.040540030000000005,0.0,-0.2099005657559039,-1.0
64029548,20260207,1000.0,26.3,2.3800731099999988,0.0,20.342488554899905,0.0,48.41661,0.0,91557,0,0.003833772302641772,0.0,0.04841661,0.0,-0.2265213477224371,-1.0
64029589,20260207,1000.0,30.0,3.040580139999999,0.0,23.005876108892835,0.0,69.95121,0.0,129753,0,0.007055052605823342,0.0,0.06995121,0.0,-0.2331374630369055,-1.0
64033273,20260207,1172.770339999999,25.52,1.0628980399999992,26.825600204945324,17.330335842937497,43.71832626535817,18.42038,1172.770385742185,45303,473,0.0013085486181717348,0.0279550827423167,0.01570672396097604,0.999999999999998,-0.32091160490056825,0.7131005282587376
64040144,20260207,500.0,1.6,21.039017819999998,112.21189740950588,0.6015523209438491,4.45585545817344,12.65607,500.0000000000002,2695,161,0.012216681776971895,0.4286111111111111,0.02531214,1.0000000000000004,-0.6240297994100943,1.784909619860013
64040948,20260207,208.86075949367088,12.0,14.615005989999997,4.672078256000001,6.131463104518373,15.566169156185214,89.61137,72.72637600999998,6534,43,0.44448979591836735,0.3502673796791444,0.42904837757575753,0.3482050662553368,-0.4890447412901356,0.2971807630154345
64048356,20260207,1062.3138600000002,50.18,47.016990050000004,0.0900498815,22.246369427045014,65.00758129724693,1045.9573299999997,5.8539900000000005,124130,2,0.009849867483455269,1.6832461715851066e-05,0.984602921400272,0.0055106031422095,-0.5566686044829611,0.2954878617356598
64048419,20260207,793.6428571428571,2.67,3.1898601900000005,0.0,1.0692443545621348,0.0,3.4107399999999997,0.0,2208,0,0.01645305514157973,0.0,0.004297575375753758,0.0,-0.5995339496021966,-1.0
64055756,20260207,145.76475000000008,12.0,18.89065399,6.696927392860188,7.020497017742476,21.765912176159443,132.62178,145.76475524902344,30880,19,0.0020010238399180928,0.0083333333333333,0.9098343735368114,1.0,-0.4149585818547937,0.8138260146799535
64059312,20260207,2.48044,13.0,0.0393387199999998,0.0361464430449648,0.0,68.62006527727105,0.0,2.4804399013519287,6263,1,0.017158904109589042,0.0204081632653061,0.0,0.9999996423721312,-1.0,4.278466559790081
64059848,20260207,33.373839999999994,14.0,3.2924306599999986,0.0,7.6870259736920366,0.0,25.309000000000005,0.0,174403,0,0.03015944109153164,0.0,0.7583484549575359,0.0,-0.4509267161648545,-1.0
64060132,20260207,1000.0,114.63,0.00028414,0.0,0.0,0.0,0.0,0.0,3555,0,0.1615909090909091,0.0,0.0,0.0,-1.0,-1.0
64062292,20260207,1321.44021,800.0,2.2271656199999987,0.0,543.0586702393514,0.0,1209.4815999999998,0.0,38700,0,387.0,0.0,0.9152753116238228,0.0,-0.32117666220081076,-1.0
64073068,20260207,1013.3127800000002,12.92,44.13809028,49.88659110965164,13.419031413517695,20.312327668093733,592.29042,1013.3128051757834,539831,330,0.024098737545087675,0.0117071094082588,0.5845089805341248,1.0000000000000022,0.03862472240849034,0.5721615749340034
64081848,20260207,1000.0,96.08,0.0024119499999999,0.0123606574,0.0,35.36338096540356,0.0,0.43715,8472,6,0.03788908765652952,0.0032147645188755,0.0,0.00043715,-1.0,-0.6319381734860301
64083791,20260207,125.47337,14.0,1.6046278199999997,0.0,7.512720301708345,0.0,12.055120000000002,0.0,6230,0,0.0017661233167965982,0.0,0.09607711979043841,0.0,-0.4633771213065468,-1.0
64086199,20260207,1000.0,32.2,0.021028999999999798,0.0,31.227352703409878,0.0,0.65668,0.0,4888,0,0.9584313725490196,0.0,0.0006566800000000001,0.0,-0.03020643778230202,-1.0
64087380,20260207,1000.0,23.0,5.341132769999998,0.0,9.887792023563573,0.0,52.812009999999994,0.0,40541,0,0.0082201585595815,0.0,0.05281200999999999,0.0,-0.5700959989754968,-1.0
64096983,20260207,1000.0,30.2,4.301334859999997,0.0,15.664290782513046,0.0,67.37736,0.0,366253,0,0.011189857870873917,0.0,0.06737736,0.0,-0.48131487475122364,-1.0
64097468,20260207,15.625,21.06,0.01136528,0.07578481,15.553510340264385,22.161932425080632,0.17677,1.6795600000000002,1350,1,0.028421052631578948,0.0007836990595611,0.01131328,0.1074918334392191,-0.2614667454765249,0.0523235036601146
64099890,20260207,1000.0,30.66,10.770363810000001,23.67190367063136,17.179383469684296,42.244171473056575,185.02821,1000.0,177015,159,0.003985738120917497,0.0023695976154992,0.18502821,1.0000000000000002,-0.43968090444604385,0.3778268650781562
64101372,20260207,416.6666666666667,160.0,0.7412095499999974,0.0067385877999999,49.9585710950434,50.1499513071111,37.02977,0.33799,120200,1,0.0036913287555124254,1.8595379420121688e-06,0.08887144799999999,0.0008111760198041,-0.6877589306559788,-0.6865628043305556
64101770,20260207,72.20216606498195,3.4,4.905490569999999,0.0,1.4534876580141916,0.0,7.13007,0.0,40501,0,0.0052632194513391635,0.0,0.0987514695,0.0,-0.572503629995826,-1.0
64104000,20260207,1000.0,42.0,0.0751657799999997,0.0156222231999999,0.0,96.59978486385576,0.0,1.5092,5927,1,0.750253164556962,0.0384615384615384,0.0,0.0015092,-1.0,1.299994877710852
64105048,20260207,11.616680000000002,2.37,4.914132839999999,0.0,0.9571739619476793,0.0,4.70368,0.0,204118,0,0.09910565158283162,0.0,0.4049074262181621,0.0,-0.5961291299798821,-1.0
64106409,20260207,1000.0,42.0,0.0010545499999999,0.0003761164,0.0,64.91364469962059,0.0,0.02448,4593,1,0.9772340425531915,0.0357142857142857,0.0,2.448e-05,-1.0,0.5455629690385855
64107218,20260207,2941.176470588235,1.0,3.578357160000001,0.0,0.6744827003238546,0.0,2.41354,0.0,6855,0,0.0591458153580673,0.0,0.0008206035999999999,0.0,-0.3255172996761454,-1.0
64110035,20260207,228.48797,91.53,7.419097219999999,0.0,26.11490107956828,0.0,193.74899000000002,0.0,25890,0,0.010469912649627952,0.0,0.8479614484736331,0.0,-0.7146847910022038,-1.0
64113541,20260207,65.18745999999999,15.0,8.433780029999998,2.4976746321203724,7.209028428975994,26.0992504449776,60.79936,65.18746185302733,269827,18,0.04162134230051366,0.0002465685871619,0.9326849059619751,0.9999999999999998,-0.5193981047349338,0.7399500296651731
64114731,20260207,814.7297199999998,1.0,1020.60950375,496.3135682556998,0.7809207410586979,1.641562485486626,797.01513,814.7297363281252,25262,279,0.018622926649465535,0.0918185506138771,0.9782570961078972,1.0000000000000002,-0.2190792589413021,0.641562485486626
64115407,20260207,17.81497,1.0,39.86770361,10.61839981970613,0.44141092680306493,1.6777451067224387,17.598039999999997,17.814970016479492,10906,4,0.00822535636171657,0.0060150375939849,0.987823162205718,0.9999998929356364,-0.5585890731969351,0.6777451067224387
64115681,20260207,6.819940000000001,1.8,8.570856709999997,0.0,0.7909804386404218,0.0,6.779380000000001,0.0,20773,0,0.03970374617737003,0.0,0.9940527336017618,0.0,-0.5605664229775434,-1.0
64117220,20260207,230.21069000000008,20.91,0.46890148999999876,9.23087645111719,7.614157933258025,24.93919939664166,3.570289999999999,230.2106933593749,41787,122,0.0005780387600116197,0.0005845233516812,0.015508793271068333,0.9999999999999996,-0.6358604527375407,0.1926924714792963
64118118,20260207,11.77282,260.0,0.09289077999999928,0.0,68.46610610870152,0.0,6.35987,0.0,1267,0,0.0006213525575008582,0.0,0.5402163627745944,0.0,-0.7366688226588403,-1.0
64119946,20260207,1000.0,9.0,0.0419825599999997,50.2996024392303,0.0,19.880872444812702,0.0,999.9999999999998,18374,1295,0.002513611863525678,0.0975925739200252,0.0,0.9999999999999998,-1.0,1.2089858272014111
64120867,20260207,1000.0,9.0,1.4720825399999993,0.0,6.463190576256685,0.0,9.51435,0.0,261822,0,0.02192281606644952,0.0,0.00951435,0.0,-0.28186771374925723,-1.0
64125620,20260207,1000.0,7.5,6.036810639999998,0.0,1.7993938600664807,0.0,10.862599999999999,0.0,1887451,0,0.07749747485115993,0.0,0.010862599999999998,0.0,-0.7600808186578026,-1.0
64126534,20260207,333.3333333333333,6.0,10.337520489999998,9.558227092519498,1.4352861514860227,34.873968300331136,14.8373,333.3333435058595,16174,103,0.004599198111866238,0.0231199204459405,0.04451190000000001,1.0000000000000004,-0.7607856414189963,4.812328050055189
64129362,20260207,1000.0,24.0,0.004000269999999999,0.0,0.0,0.0,0.0,0.0,1641,0,8.793316864842273e-05,0.0,0.0,0.0,-1.0,-1.0
64129661,20260207,1143.8391200000003,24.0,39.60234387999999,31.52301815187253,18.662002740025706,36.28583625880831,739.0590500000001,1143.839111328125,279466,422,0.004291428843445907,0.0030273200972758,0.6461215017720323,1.0,-0.22241655249892892,0.5119098441170129
64131561,20260207,35.86777000000001,16.1,3.1311329399999996,0.0,11.277767720715175,0.0,35.31219,0.0,6708,0,0.00688211757463835,0.0,0.9845103277956783,0.0,-0.2995175328748339,-1.0
64138592,20260207,1000.0,49.74,18.243956569999998,4.5305205662,17.530388146500613,59.22145300039737,319.82363999999995,268.30407,30667,10,0.01318160326670965,0.0001275799218109,0.31982363999999996,0.2683040699999999,-0.6475595467128948,0.1906202453152557
64141830,20260207,1000.0,25.0,11.687656009999998,24.225223686724128,9.752832381657338,41.27928689751308,113.98774999999999,1000.0000000000016,66955,217,0.0002839430833110338,0.0034609250398724,0.11398774999999998,1.0000000000000018,-0.6098867047337064,0.6511714759005233
64142416,20260207,111.11111111111111,3.54,0.2609288899999992,4.625536908062188,0.30912636772417285,24.02123098122045,0.08066,111.11111450195308,9221,70,0.10256952169076752,0.722311348781937,0.0007259399999999999,0.9999999999999994,-0.9126761673095557,5.785658542393443
64150905,20260207,6.079800000000001,48.47,0.060453279999999894,0.008413248,20.284259183290008,26.881784325824484,1.22625,0.2261899999999999,3003,1,0.1716,0.0217391304347826,0.20169248988453564,0.0372035198070754,-0.5815089914732823,-0.4453933639609154
64157057,20260207,319.6986600000001,3.0,9.951795829999998,0.0,20.23582612023905,0.0,201.38281,0.0,32315,0,0.09315364658402998,0.0,0.6299144638266546,0.0,5.745275373413016,-1.0
64162199,20260207,209.54995,1.0,7.434174840000001,16.967170853,13.057420909406536,6.5893428185105565,97.07115,111.802512,16762,21,0.037026728517782194,0.0072272158836983,0.4632363310036581,0.5335363149373927,12.057420909406536,5.5893428185105565
64162266,20260207,1000.0,2.09,74.27437595999999,257.0460223319997,0.8667137107239858,3.890353902532087,64.37462,999.9999999999987,2371583,2389,0.14983276683387878,0.0483418039787418,0.06437462,0.9999999999999988,-0.5853044446296719,0.861413426937073
64165844,20260207,1000.0,4.75,46.44669738,87.77230092904678,2.7559875560736797,11.39311580102318,128.00652,1000.0000000000002,13710,354,0.006478899862955437,0.0455729837212074,0.12800651999999998,1.0000000000000002,-0.4197920934581727,1.3985506949522484
64166008,20260207,1000.0,148.94,0.013172819999999698,0.0,26.522794663557843,0.0,0.34938,0.0,1978,0,0.019819639278557115,0.0,0.00034938000000000005,0.0,-0.8219229578114822,-1.0
64166181,20260207,35.08771929824562,61.67,0.0473679299999997,0.0566333400113833,13.973589303986978,619.5484745928088,0.6618999999999997,35.08771896362305,1359,2,0.00880181347150259,0.0053418803418803,0.01886414999999999,1.0,-0.7734135024487275,9.046189281464745
64167205,20260207,1000.0,10.0,0.7703270299999996,78.31080689962982,7.99997891804472,12.76962946521622,6.162599999999999,1000.0,33173,657,0.0040760582416907295,0.0594481718131798,0.006162599999999999,1.0000000000000002,-0.20000210819552802,0.2769629465216219
64169776,20260207,2.2580645161290325,3.34,0.1861151899999996,0.0930714915900592,0.12830763571742881,24.261352305725588,0.02388,2.2580645084381104,25496,4,0.9768582375478927,0.6666666666666666,0.010575428571428569,0.999999577658694,-0.9615845402043626,6.263878122511751
64173658,20260207,31.25,14.4,0.0010938100000000002,0.0130659929,11.821065815818102,92.02576363227382,0.01293,1.2025,1071,7,0.013819354838709677,0.0286416799574694,0.00041376,0.0384799976513673,-0.1790926516792985,5.390678199314173
64177035,20260207,237.66124999999988,12.0,24.485487429999996,9.712269965146458,4.2817244418646245,24.470204315312632,104.84011000000001,237.6612548828124,980620,164,0.018343952380774225,0.0026409017713365,0.44113253633059685,0.9999999999999996,-0.6431896298446146,1.0391836929427194
64178557,20260207,1000.0,31.31,0.0886122099999985,0.0,10.052790693291762,0.0,0.8908,0.0,3427,0,0.0014999781152886594,0.0,0.0008908000000000001,0.0,-0.6789271576719335,-1.0
64178983,20260207,4.433497536945813,3.12,2.1055268100000006,0.0,0.5951052221462807,0.0,1.2530100000000002,0.0,66908,0,0.17050968399592253,0.0,0.2826233666666667,0.0,-0.809261146747987,-1.0
64179291,20260207,1000.0,12.93,0.060736689999999496,1.3493690872,0.0,16.722172970961648,0.0,22.5644,2521,25,0.7002777777777778,0.6842105263157895,0.0,0.0225644,-1.0,0.2932848086838705
64179851,20260207,1000.0,10.01,0.3255854799999997,62.7373609381328,5.419129870287833,15.939465242196984,1.7643900000000001,999.9999999999995,5984,235,0.00380831158913002,0.1256354295714973,0.0017643900000000002,0.9999999999999996,-0.4586283845866301,0.5923541336399646
64180551,20260207,1000.0,86.31,0.0109129999999997,0.0,40.275817831944664,0.0,0.43953000000000003,0.0,5354,0,0.36924137931034484,0.0,0.00043953000000000004,0.0,-0.5333586162444136,-1.0
64181008,20260207,1000.0,30.8,0.1026293999999999,0.0,14.458040288650244,0.0,1.48382,0.0,1024,0,0.014566145092460882,0.0,0.0014838199999999998,0.0,-0.5305831075113558,-1.0
64185135,20260207,250.0,28.0,0.7614459199999998,0.0,50.63039801959937,0.0,38.552310000000006,0.0,26135,0,0.0095701050935589,0.0,0.15420924000000003,0.0,0.8082285006999774,-1.0
64186013,20260207,82.85864999999998,10.0,0.7175463199999993,3.3086873892519577,6.5986262740501616,25.04274820097295,4.73482,82.85865020751956,1590,56,0.0001596561869282752,0.0025739718441693,0.05714333989269679,1.0000000000000004,-0.34013737259498383,1.504274820097295
64188498,20260207,1000.0,26.98,0.00055345,0.0064114358999999,0.0,52.30929481883789,0.0,0.33543,20762,4,0.020013495276653172,0.0001771297320029,0.0,0.00033543,-1.0,0.938817483556638
64189196,20260207,96.95803,32.41,4.22056063,0.0,14.630236457472718,0.0,61.74780000000001,0.0,9290,0,0.004811227924801906,0.0,0.6368508106033096,0.0,-0.5485888164926652,-1.0
64190160,20260207,111.11111111111111,2.0,24.95588943,25.02583905302001,1.1133123537003906,4.439855535980088,27.783699999999996,111.11111450195312,4183,76,0.008793357157872609,0.0404331241540543,0.2500533,1.0,-0.4433438231498047,1.2199277679900438
64192256,20260207,3.605769230769231,102.0,0.0016613199999999,0.0033758703794837,0.0,1067.7842949840656,0.0,3.605769157409668,9450,4,0.010175514159577905,0.0142758160931369,0.0,0.9999997355143876,-1.0,9.468473480235938
64192383,20260207,89.25466,25.49,9.178e-05,0.0,0.0,0.0,0.0,0.0,1309,0,0.010123743232791957,0.0,0.0,0.0,-1.0,-1.0
64192413,20260207,1000.0,58.55,0.032132519999999,0.0,23.139174891979312,0.0,0.74352,0.0,11300,0,0.022893030794165315,0.0,0.00074352,0.0,-0.6047963297697813,-1.0
64199262,20260207,461.9958,1900.0,0.0820379699999994,0.0,339.63797495233246,0.0,27.86321,0.0,3331,0,0.0009554816132178304,0.0,0.06031052663249319,0.0,-0.8212431710777197,-1.0
64200673,20260207,1000.0,10.57,0.3103161699999992,19.228199303444708,1.7392261576314292,52.006947307536166,0.53971,1000.0,109142,505,0.055119438412201405,0.0918608229442666,0.00053971,1.0,-0.8354563710850115,3.9202411361470766
64200712,20260207,1000.0,160.82,0.3984430099999988,0.0,56.78746880262768,0.0,22.62657,0.0,41762,0,0.027455131155085136,0.0,0.022626570000000002,0.0,-0.6468880188867823,-1.0
64200992,20260207,1000.0,10.57,0.017003289999999997,14.627571181800002,0.0,34.943629991857016,0.0,511.14047,4000,293,0.0020105554159336515,0.015591803284511,0.0,0.51114047,-1.0,2.30592535484819
64203381,20260207,1000.0,46.06,8.86759621,1.8273711133,23.37587268196101,317.5844247792375,207.2878,580.3449214600001,7833,18,0.0031326987681970886,0.0011755337895544,0.2072878,0.5803449214600002,-0.49249082323141535,5.895015529969054
64206422,20260207,70.27027027027027,20.7,0.0865666899999999,0.3867009126999999,8.043625094132638,19.29395680488446,0.6963100000000001,7.46101,7980,5,0.014169034090909092,0.0014770723104056,0.009909026923076924,0.1061759099806578,-0.6114190775781334,-0.0679248263880417
64210247,20260207,72.20216606498195,3.4,10.805448110000002,0.0,1.5694453230778593,0.0,16.95856,0.0,114966,0,0.015569399114313187,0.0,0.23487605599999997,0.0,-0.5383984343888649,-1.0
64210997,20260207,1000.0,29.6,14.719852320000005,27.332430156005994,21.984303440348636,36.58657344794083,323.60569999999996,999.9999999999995,567575,266,0.02156194202788436,0.0050596313697144,0.32360569999999994,0.9999999999999996,-0.25728704593416774,0.2360328708253955
64212391,20260207,91.66666666666669,19.44,1.6268780499999997,0.0,9.714870761210406,0.0,15.80491,0.0,36594,0,0.03395879732739421,0.0,0.17241719999999996,0.0,-0.500263849731975,-1.0
64213169,20260207,31.25,48.29,0.32624695999999975,0.0,20.86312160579214,0.0,6.8065299999999995,0.0,14638,0,0.065818345323741,0.0,0.21780896,0.0,-0.5679618636199598,-1.0
64215562,20260207,250.0,1.0,0.1290475899999997,67.75457976436738,0.7006717444316488,3.689787423664153,0.09042,249.9999999999999,3186,191,0.009409332545776727,0.508058585323702,0.00036168,0.9999999999999996,-0.2993282555683512,2.689787423664153
64217599,20260207,4.044489383215369,17.6,0.1622412699999998,0.1407656567093365,0.0,28.731870730217125,0.0,4.04448938369751,32190,1,0.014040214594146639,0.0095238095238095,0.0,0.9999997615814208,-1.0,0.6324926197426484
64218618,20260207,1000.0,72.88,0.2470997599999992,0.0,24.602452062276466,0.0,6.07926,0.0,1453,0,0.001372697213037317,0.0,0.0060792599999999995,0.0,-0.6624251912420901,-1.0
64218716,20260207,1000.0,86.0,0.022980879999999898,0.0,0.0,0.0,0.0,0.0,1256,0,0.031321695760598504,0.0,0.0,0.0,-1.0,-1.0
64221144,20260207,50.0,2.7,5.916374259999998,0.0,1.839430624525772,0.0,10.88276,0.0,1484,0,0.002312607137291569,0.0,0.2176552,0.0,-0.31872939832378816,-1.0
64223277,20260207,320.82551,6.0,74.70335081,32.91197844185689,4.2342341617915435,9.74798556419432,316.31147999999996,320.82550048828114,8811,48,0.00046424751437107133,0.0013813744675952,0.985929953014023,0.9999999999999996,-0.2942943063680761,0.6246642606990532
64223652,20260207,62.5,2.3,6.484282639999999,0.0,1.1662091891787125,0.0,7.56203,0.0,1612,0,0.002448359659781288,0.0,0.12099248,0.0,-0.492952526444038,-1.0
64224566,20260207,35.714285714285715,72.0,0.13725182999999908,0.0,33.85193479751804,0.0,4.64624,0.0,24605,0,0.018258385277530424,0.0,0.13009472,0.0,-0.5298342389233606,-1.0
64226642,20260207,1000.0,25.05,2.911225099999997,0.0,20.00017793196412,0.0,58.22501999999999,0.0,145572,0,0.04301137538779731,0.0,0.05822501999999999,0.0,-0.20158970331480558,-1.0
64227028,20260207,1000.0,8.0,0.0792921999999998,24.403942989100003,11.766731153884017,18.52977281057416,0.9330099999999999,452.1995378,1988,183,0.003682845498332716,0.0332109817572257,0.0009330099999999999,0.4521995378,0.4708413942355021,1.3162216013217702
64228142,20260207,1000.0,25.88,16.338159759999996,0.3997849842883878,11.14501159707108,2501.338314248266,182.08898000000002,999.9999999999998,160994,71,0.039788937768770696,0.0049939691171982,0.18208898,0.9999999999999998,-0.5693581299431576,95.65140631226254
64229089,20260207,1000.0,3.94,10.034370079999999,0.0,4.687016686153558,0.0,47.03126,0.0,29921,0,0.0248616535105941,0.0,0.047031260000000005,0.0,0.1895981436937964,-1.0
64229552,20260207,41.66666666666666,1.4,7.185961429999999,0.0,0.5687116525477927,0.0,4.086739999999999,0.0,3698,0,0.02213046080191502,0.0,0.09808175999999999,0.0,-0.5937773910372909,-1.0
64230865,20260207,4.664179104477612,27.0,0.07598885999999959,0.1858879900999999,4.362086758506468,22.691973589451017,0.33147,4.218188053918921,1113,4,0.0009238814642649622,0.0003943540017666,0.071067168,0.904379291064625,-0.8384412311664271,-0.1595565337240364
64233051,20260207,1000.0,56.0,0.0003873,0.0008927176,0.0,78.27976085510679,0.0,0.06996,20814,1,0.06580461587100854,0.0012254901960784,0.0,6.996e-05,-1.0,0.3978528724126212
64233843,20260207,223.26955,80.0,4.2798114699999985,1.562642452285293,30.495995189246045,142.8793920854228,130.51711,223.26954650878903,4698,4,0.47454545454545455,0.0258928571428571,0.5845719221452276,1.0,-0.6188000601344245,0.7859924010677851
64238938,20260207,41.66666666666666,1.51,3.0426265499999996,0.0,0.6378469286676015,0.0,1.9407300000000003,0.0,12280,0,0.029676172063798936,0.0,0.04657752000000002,0.0,-0.5775848154519195,-1.0
64240263,20260207,41.66666666666666,1.29,18.52793197,0.0,0.7015828869108266,0.0,12.99888,0.0,13181,0,0.017579354494531876,0.0,0.31197312000000005,0.0,-0.4561372969683515,-1.0
64240994,20260207,1000.0,50.18,15.073859659999997,0.008864934,16.101787164973516,54.817687566814726,242.71608,0.48601,27151,1,0.0081188326057054,1.564064064064064e-05,0.24271608,0.00048601,-0.6791194267641787,0.0924210289644138
64243018,20260207,1000.0,23.0,6.0448736499999995,31.14750198170465,20.18627965863274,32.10530232832398,122.02351000000002,1000.0000000000005,51905,208,0.0026836494116187206,0.0143789676443249,0.12202351000000002,1.0000000000000004,-0.12233566701596789,0.3958827099271295
64243604,20260207,1000.0,38.5,0.0999368999999999,0.0,15.235413545947509,0.0,1.52258,0.0,7150,0,0.7222222222222222,0.0,0.00152258,0.0,-0.6042749728325323,-1.0
64251345,20260207,169.62831999999997,1.76,95.44074008000001,63.63430950364474,1.6484152351304773,2.665673990547914,157.32596999999998,169.6283264160157,9311,109,0.06575564971751413,0.1419501133786848,0.9274746693240846,1.0000000000000004,-0.0634004345849561,0.5145875028364465
64251856,20260207,1000.0,14.0,0.6012973099999992,48.5123901409,11.061649352796888,15.06707751621743,6.65134,730.939957817,36349,356,0.08878602833414753,0.0482533039054024,0.00665134,0.730939957817,-0.2098821890859366,0.0762198225869593
64254884,20260207,1000.0,163.18,0.0012347400000000002,0.0,96.26318091258076,0.0,0.11886,0.0,5561,0,0.09930357142857144,0.0,0.00011886,0.0,-0.41007978359737246,-1.0
64254890,20260207,1000.0,163.18,0.039122879999999804,0.0,46.19803041084933,0.0,1.8074,0.0,18356,0,0.02192022928110819,0.0,0.0018073999999999998,0.0,-0.716889138308314,-1.0
64255796,20260207,1000.0,2.0,198.59441599,289.75756686022174,1.4178653946351583,3.451160939073028,281.5801500000001,999.9999999999995,558633,581,0.03837529452981706,0.0217954008328018,0.28158015000000014,0.9999999999999996,-0.29106730268242087,0.725580469536514
64256969,20260207,1000.0,61.25,0.09872948999999959,0.0,10.862711840200983,0.0,1.07247,0.0,40833,0,0.22036157582298974,0.0,0.00107247,0.0,-0.8226496026089635,-1.0
64259874,20260207,283.0188679245283,56.1,1.1502192899999983,3.0146517894370075,35.86409162030317,93.88108005503858,41.25157,283.0188598632811,88153,108,0.016921585564833478,0.0184358741380597,0.14575554733333335,0.9999999999999994,-0.36071137931723407,0.6734595830398442
64260084,20260207,1000.0,35.0,0.00042429,0.0066920169,0.0,20.46610699578541,0.0,0.13698,1274,7,0.5790909090909091,0.3823529411764705,0.0,0.0001369799999999,-1.0,-0.4152540858347026
64265671,20260207,363.78365,3.0,3.2387437199999987,1.9257878183,20.569083496362605,12.774136897168216,66.61799,24.600290000000005,4342,22,0.013788504287075261,0.0054079799328685,0.1831252998863473,0.067623405460006,5.856361165454202,3.2580456323894054
64267444,20260207,72.20216606498195,3.4,0.0052856199999999996,14.96242602184679,0.0,4.825564969564493,0.0,72.20216369628905,1372,15,0.00017793225086891112,0.5005359056806002,0.0,0.9999999999999998,-1.0,0.4192837747679542
64268049,20260207,1000.0,91.46,0.0990382899999995,0.0,34.011794832079765,0.0,3.36847,0.0,11358,0,0.031169045005488474,0.0,0.0033684699999999997,0.0,-0.6281238264587823,-1.0
64269101,20260207,1000.0,2.08,48.0407577,413.74493484618375,0.7118522195997753,2.4169480115927446,34.197919999999996,1000.0000000000016,1547805,2731,0.1394695345023338,0.0338068520666998,0.03419792,1.0000000000000016,-0.6577633559616466,0.1619942789643618
64273516,20260207,1.7391304347826086,22.76,0.0370937599999997,0.0358300195151389,15.461630204109927,48.53700512302397,0.57353,1.7391303777694702,20375,8,0.0023010898413236207,0.0006172868189043,0.32977975,0.9999994516375508,-0.3206665112429734,1.132557321393688
64273959,20260207,3.27383,2.5,0.2697672899999996,0.4708087605027172,0.05805003267816503,6.953615263807402,0.01566,3.273829936981201,4144,10,0.017209302325581394,0.1561615577405051,0.004783388263898859,0.9999997086977463,-0.9767799869287339,1.781446105522961
64274214,20260207,79.67623999999999,1.6,40.99543987,28.180246091903435,0.9381767855635404,2.827379006075641,38.46097,79.6762390136719,3973,49,0.009967385850476669,0.0863685580666712,0.48271567533809334,1.0000000000000004,-0.41363950902278723,0.767111852465257
64274912,20260207,1000.0,69.46,0.0025896699999999996,0.0,0.0,0.0,0.0,0.0,1941,0,0.3235,0.0,0.0,0.0,-1.0,-1.0
64277430,20260207,11.11111111111111,29.66,0.2584786599999994,0.1913566525,13.298660709553381,46.24952221338522,3.4374199999999995,8.8502,12110,1,0.007286840363439437,7.233796296296296e-05,0.30936779999999997,0.7965179620190638,-0.5516297805275326,0.5593230765785245
64277460,20260207,376.40849,52.58,3.022726399999999,0.0,19.713292608950656,0.0,59.58789000000001,0.0,12033,0,0.005504574565416286,0.0,0.15830644521328416,0.0,-0.625080018848409,-1.0
64279494,20260207,2330.69918,1.0,45.67883813999999,0.0,10.02593867638158,0.0,457.97322999999994,0.0,19741,0,0.0148943715104874,0.0,0.1964960703337099,0.0,9.02593867638158,-1.0
64280314,20260207,148.10778000000005,1.0,8.279366869999999,0.0,2.70656686095129,0.0,22.40866,0.0,1579,0,0.004259509036957108,0.0,0.1512996818938208,0.0,1.7065668609512898,-1.0
64282626,20260207,24.252223120452708,2.1,11.260596589999999,0.0,1.0874530405320206,0.0,12.245370000000001,0.0,4456,0,0.0002377585811319144,0.0,0.5049174230000001,0.0,-0.48216521879427593,-1.0
64284934,20260207,1000.0,28.6,0.1691272599999999,0.0,11.384149426887191,0.0,1.9253699999999998,0.0,29263,0,0.16895496535796767,0.0,0.0019253699999999998,0.0,-0.6019528172417066,-1.0
64286119,20260207,1000.0,86.31,0.5850025299999988,0.001858944,20.02481937984101,79.56153518600559,11.714569999999998,0.14798,161608,1,0.03876979176662508,1.231284475965327e-05,0.011714569999999999,0.00014798,-0.7679895796565751,-0.0781886521084281
64287339,20260207,31.51393999999999,9.5,3.4181501899999986,0.0,8.02072421516388,0.0,27.416040000000002,0.0,1032,0,0.00018701072774717308,0.0,0.8699654819422773,0.0,-0.15571324050906535,-1.0
64288469,20260207,1000.0,48.4,0.0222398099999995,0.0710934403,11.540566218866338,140.03936113693547,0.25666,9.95602,36100,28,0.10284900284900285,0.0062609573347626,0.00025666,0.00995602,-0.7615585491969765,1.893375138884202
64288593,20260207,6.666666666666667,42.48,0.0149318499999999,0.0,11.833764737792114,0.0,0.1767,0.0,1538,0,0.04090425531914894,0.0,0.026504999999999997,0.0,-0.7214273837619558,-1.0
64293134,20260207,37.5,7.5,0.42062227999999935,3.106881794862264,2.63264703904891,12.069975752549263,1.1073499999999998,37.50000000000001,59369,126,0.010632365056055016,0.0117741112499557,0.029529333333333328,1.0000000000000002,-0.6489803947934786,0.6093301003399018
64295359,20260207,1000.0,16.12,0.0141792999999997,1.0851292788,8.638649298625644,59.23956897699647,0.12249,64.28265,13127,97,0.03294102885821832,0.0318506616240412,0.00012249,0.06428265,-0.4641036415244638,2.674911035538982
64297824,20260207,1000.0,33.0,0.00205724,0.0,14.995819641850245,0.0,0.03085,0.0,1078,0,0.006382474837181764,0.0,3.085e-05,0.0,-0.545581222974235,-1.0
64300269,20260207,3.38267,15.0,0.0333015799999996,0.0395033750613926,101.57686211885564,85.62772909159519,3.38267,3.3826699256896973,3055,3,0.006665939341042985,0.0054021608643457,1.0,0.9999997180706164,5.7717908079237095,4.708515272773012
64321933,20260207,50.13335000000003,26.93,1.425379699999999,1.343777257304947,33.43966523446351,37.30775527865799,47.66422,50.13335037231446,66805,19,0.04123001913225946,0.0502645502645502,0.950748753075547,1.0000000000000002,0.24172540788947314,0.3853603734080786
64324670,20260207,1000.0,8.39,4.789910639999999,0.0,2.115461176954233,0.0,10.13287,0.0,5060,0,0.0012384052473139334,0.0,0.01013287,0.0,-0.7478592160960391,-1.0
64325724,20260207,1000.0,67.37,0.04887855,0.2060051956,38.91686639640497,20.71821183614926,1.9022000000000001,4.268079999999999,3509,5,0.816046511627907,0.1592592592592592,0.0019022000000000002,0.00426808,-0.42234130330406755,-0.6924712632997424
64326105,20260207,27.51538,48.47,2.9213346499999995,0.0,8.051806046938172,0.0,23.52202,0.0,121481,0,0.09831741663968922,0.0,0.8548680774170664,0.0,-0.8338806262236813,-1.0
64326658,20260207,1000.0,76.48,0.09384180999999919,0.0,2.29631120712614,0.0,0.21549000000000001,0.0,3056,0,0.020373333333333334,0.0,0.00021549,0.0,-0.9699750103670746,-1.0
64329848,20260207,3.886010362694301,2.17,0.1599893299999996,0.1493958725628997,2.891755343934506,26.011323675904816,0.46265,3.886010408401489,7868,8,0.03297569153394803,0.3866666666666666,0.11905526666666666,0.9999997545878724,0.3326061492785743,10.986784682666231
64330332,20260207,2.2222222222222223,39.44,0.0206249999999999,0.0044028646,0.0,53.2963706468178,0.0,0.23471,8855,2,0.7767543859649123,0.0310077519379844,0.0,0.1056194496367217,-1.0,0.3513279032095402
64330383,20260207,3.83043,48.47,0.20456177999999892,0.0777783490541279,14.937003383525585,49.24739120864969,3.05554,3.830430030822754,405234,1,0.36259305654974944,0.1428571428571428,0.7977015635320317,0.9999997615814208,-0.6918299281302747,0.0160385799126927
64332866,20260207,128.2051282051282,23.0,2.8191928399999986,0.0,16.53453404769573,0.0,46.614039999999996,0.0,29765,0,0.007353195484078164,0.0,0.36358951199999995,0.0,-0.281107215317577,-1.0
64333168,20260207,1000.0,11.98,0.4383652399999971,22.22081830493047,0.9315747754087498,45.00284108687716,0.40837,999.9999999999984,22439,3939,0.001033774227283826,0.0905131870061154,0.00040837,0.9999999999999984,-0.922239167328151,2.756497730088928
64333572,20260207,45.45454545454545,1.87,1.1935525299999994,2.573284413721172,1.2449473003086013,17.664011860095997,1.48591,45.45454406738282,43109,51,0.092767376802238,0.0834821574058986,0.03269002,1.0000000000000002,-0.33425278058363567,8.445995623023519
64334450,20260207,1000.0,17.05,0.16154832999999869,0.2529341319,8.248058026969456,50.50994575577976,1.3324599999999998,12.775739792,15108,41,0.026720905553590378,0.0071680840942757,0.0013324599999999997,0.012775739792,-0.5162429309695333,1.9624602941910612
64334757,20260207,1000.0,9.5,0.01185847,48.832729835705535,0.0,20.478068354694983,0.0,999.9999999999994,11534,1298,0.0010162025004184984,0.0852014991362601,0.0,0.9999999999999994,-1.0,1.155586142599472
64335100,20260207,1000.0,9.0,0.10060932999999989,53.73112741480032,4.072584520739781,18.61118553625141,0.40974,999.9999999999987,26057,1645,0.0017954371627999918,0.0823440254940723,0.00040974,0.9999999999999988,-0.547490608806691,1.0679095040279345
64335303,20260207,1000.0,5.55,0.0630221699999996,30.649628803799995,0.2705397164204296,11.7698708003734,0.01705,360.7421828699999,4310,273,0.03489878542510121,0.1526474180640847,1.7049999999999998e-05,0.3607421828699999,-0.9512541051494721,1.1206973686274735
64337334,20260207,10.416666666666666,41.08,0.0392302699999997,0.0772981114999999,4.800884623022005,48.36640328006877,0.18834,3.73868,7363,7,0.44896341463414635,0.0422413793103448,0.018080640000000002,0.3589132361873491,-0.8831332857102725,0.1773710108139743
64339571,20260207,192.88928000000004,1.0,22.06659899,0.0,8.037718004499794,0.0,177.36509999999998,0.0,28596,0,0.025937414965986394,0.0,0.9195176631899914,0.0,7.037718004499794,-1.0
64340433,20260207,6.666666666666667,42.48,0.0154323599999996,0.0,0.0,0.0,0.0,0.0,1610,0,0.006948640483383686,0.0,0.0,0.0,-1.0,-1.0
64340578,20260207,170.38144000000003,1.0,62.611087510000004,45.42969310949563,2.638711873094568,3.7504421402954495,165.21262000000002,170.3814392089844,18598,117,0.016979822879576372,0.095849700849183,0.9696632450107241,1.0000000000000002,1.638711873094568,2.7504421402954504
64341465,20260207,4.30407,13.0,0.716388269999999,0.0851639388912468,6.008012945270595,50.53805065692935,4.30407,4.304069995880127,1314,1,0.009977220956719818,0.0027173913043478,1.0,0.9999997615814208,-0.5378451580561081,2.8875423582253346
64343632,20260207,1016.6666666666666,1.8,36.63088083999999,278.827460080834,0.6298278793996921,3.646221513012954,23.071150000000003,1016.6666870117188,3502,443,0.005900589721988206,0.1447184071355276,0.02269293442622951,1.0000000000000002,-0.6500956225557266,1.025678672002689
64345690,20260207,1000.0,10.57,1.6606583499999985,0.0,2.7788798340128205,0.0,4.61477,0.0,2239,0,0.003711254765456655,0.0,0.00461477,0.0,-0.7370974613043689,-1.0
64347079,20260207,45.45454545454545,16.0,0.5146366499999981,0.7478510465715866,3.5692366643533964,60.780129272577696,1.8368599999999997,45.454544067382834,24720,25,0.022186322024771138,0.0174350350495054,0.040410919999999996,1.0000000000000004,-0.7769227084779127,2.798758079536106
64349849,20260207,82.42704000000005,2.5,55.3961432,16.112385684435864,1.3588158967716728,5.115756077261973,75.27316,82.42704010009767,5391,12,0.013948253557567918,0.0375,0.9132095487111992,1.0000000000000002,-0.4564736412913309,1.0463024309047892
64354560,20260207,1000.0,10.0,2.4120214999999985,0.0,5.05597897862851,0.0,12.195129999999999,0.0,29162,0,0.001261534069033539,0.0,0.012195129999999998,0.0,-0.49440210213714897,-1.0
64355215,20260207,1000.0,75.47,0.0034155599999999,0.0,42.1804916324129,0.0,0.14407,0.0,6490,0,0.4702898550724638,0.0,0.00014407,0.0,-0.44109591052851593,-1.0
64355555,20260207,26.31578947368421,3.26,1.0140940999999992,0.0,1.1852055938398622,0.0,1.2019099999999998,0.0,1608,0,0.028817204301075268,0.0,0.04567258,0.0,-0.6364400018896127,-1.0
64364407,20260207,62.5,2.0,4.538046429999998,0.0,0.8006550959858737,0.0,3.6334099999999996,0.0,1243,0,0.002587965854674162,0.0,0.058134559999999995,0.0,-0.5996724520070631,-1.0
