ad_id,period,budget_real,target_CPA_real,conversion_real,conversion_model,CPA_real,CPA_model,spend_real,spend_model,total_win_real,total_win_model,win_rate_real,win_rate_model,budget_used_real,budget_used_model,CPA_violation_real,CPA_violation_model
40094971,20260207,12.32876712328767,1.53,5.453421629999999,5.075923116526847,1.5977326880555174,2.428871381798904,8.71311,12.328766822814943,1266,13,0.00809462915601023,0.3421052631578947,0.7067300333333334,0.9999999226464208,0.0442697307552401,0.5874976648480893
46573939,20260207,432.71963,80.19,3.0510733199999986,0.4725809800999999,28.255768039032258,131.483451795711,86.21042,62.13671,78283,46,0.016314056475982077,0.0005950980218901,0.19922927924485423,0.1435957718872583,-0.647639755093749,0.6396489311966811
49311445,20260207,431.8523599999999,1.8,279.38898144000007,92.83065897161303,1.1955223798678374,4.652044444034855,334.01577999999995,431.8523559570313,25292,122,0.001249592395332062,0.5781990521327014,0.7734490092864145,1.0,-0.3358209000734237,1.5844692040399724
49847522,20260207,937.1593,1.84,756.1369726700001,255.9281156839553,1.1993375443575636,3.661806736596697,906.86346,937.159301757813,43366,161,0.005254064794397732,0.7123893805309734,0.9676726891575423,1.0000000000000004,-0.34818611719697634,0.9901123207443108
51225207,20260207,105.26315789473684,2.7,4.752202259999999,14.072747299039772,3.2378546110114437,7.479929184319231,15.38694,105.2631607055664,73031,61,0.024762986572629864,0.1854825822946628,0.14617593,1.0,0.1992054114857198,1.7703440934144188
51225953,20260207,54.45402,1.07,16.520339259999997,24.300550660720894,0.5183937124545469,2.2408553605750527,8.56404,54.45402145385742,1187,21,0.0007935552881401257,0.6176470588235294,0.1572710334333443,1.0,-0.5155198949022927,1.0942572436699896
51711872,20260207,117.17214,1.34,105.96849434999996,41.47466098185555,0.566520930284408,2.82515001761966,60.033370000000005,117.17214202880864,45749,204,0.02908206725573708,0.8680851063829788,0.5123519123231854,1.0000000000000004,-0.5772231863549194,1.1083208561543725
51867779,20260207,240.31079,6.1,60.62360383999997,21.537267024211648,3.105365865362584,11.157905020519484,188.25847,240.3107910156249,9295,43,0.005096781268849043,0.3839285714285714,0.7833958267125666,0.9999999999999996,-0.4909236286290845,0.829164786059382
52697878,20260207,256.73525,1.7,146.14289968,67.02289044904957,1.186323867800787,3.83056078988974,173.37281000000002,256.7352600097656,17489,113,0.025940373776327498,0.3703140830800405,0.6752980356222996,1.0,-0.30216243070541937,1.2532709896737686
53375682,20260207,125.0,2.2,2.064560029999999,6.416254057832,0.611452310253241,19.481769174281624,1.26238,125.0,5055,180,0.0009694122159363314,0.0658214450371453,0.01009904,1.0000000000000002,-0.7220671317030724,7.855349432738936
53854143,20260207,571.02984,1.09,366.8150784600001,258.03201499715976,0.7371172721011375,2.213019357247868,270.38573,571.0298461914061,23132,165,0.012759666832147389,0.4962920342667178,0.47350543011902846,0.9999999999999998,-0.32374562192556194,1.0302929261280098
54547571,20260207,31.747280000000007,6.5,5.582730409999998,2.800323278789744,2.2236090744707844,11.337001347061946,12.413809999999998,31.7472801208496,1179,7,0.0020264695771742866,0.0583104395604395,0.3910196401077508,0.999999939920884,-0.6579062962352639,0.7441540533941455
55113470,20260207,420.4162162162162,3.33,34.42696216,67.5024344220229,2.352422488618438,6.228163867268174,80.98676,420.4162292480463,17313,777,0.001576675439634996,0.141273207922428,0.1926347197757692,0.9999999999999988,-0.2935668202347033,0.87031952251118
55199224,20260207,78.07889,6.5,6.828174149999999,9.825329963080287,6.8187481715005775,7.946692913739266,46.5596,78.07888793945311,41439,76,0.009419024889191954,0.0542857142857142,0.5963148297830566,0.9999999999999998,0.04903818023085808,0.2225681405752717
55273179,20260207,148.7603305785124,4.1,10.458111869999998,17.98059368036481,2.030104502984247,8.273382101352006,21.23106,148.7603302001953,12559,293,0.003642507033266626,0.3996430772714122,0.14271990333333334,1.0,-0.5048525602477446,1.0178981204375042
55954706,20260207,1000.0,33.01,0.7130576899999979,1.624076467,6.659937991833472,14.119338803682815,4.74892,22.9309,4075,23,0.21335078534031413,0.1252380952380952,0.00474892,0.0229308999999999,-0.7982448351459112,-0.5722708415143288
56069198,20260207,355.11819,6.0,32.74950241,34.126682302970764,2.545594707251004,10.405880683669151,83.36695999999999,355.11819458007807,6120,58,0.0018228933964793137,0.1835443037974683,0.23475834904429982,1.0,-0.575734215458166,0.7343134472781921
56094571,20260207,305.08474576271186,6.1,0.9921379099999985,21.766669731752938,2.440678836675038,14.016141975694955,2.42149,305.08474731445324,1618,255,0.007816425120772947,0.6023654166237287,0.007937106111111111,1.0000000000000004,-0.5998887152991741,1.2977282286595733
56864799,20260207,6.76347,5.22,1.48259931,1.1379144211669068,3.4828560658105254,5.943737159257665,5.163679999999999,6.76347017288208,3353,27,0.011482876712328767,0.0458551877976728,0.7634660906309926,0.9999998589963204,-0.33278619428917133,0.138647011140865
57374168,20260207,122.44897959183672,13.0,0.7889959199999992,0.0593518619594892,2.6231187608676128,2063.067865579017,2.06963,122.44898223876952,1041,1,0.003721844833750447,0.0185185185185185,0.016901978333333335,1.0,-0.7982216337794145,157.69752812146285
57521810,20260207,626.15678,4.5,311.66268919000015,39.37015360692411,2.0498868557555228,15.904352054697844,638.8732500000002,626.1567993164052,840623,885,0.04613256575878476,0.1331434397401114,1.0203087635655725,0.9999999999999984,-0.5444695876098838,2.534300456599521
57579039,20260207,69.34497,5.0,24.49807011,8.780678103801819,2.8512694953667923,7.897449603083699,69.8506,69.344970703125,3000,10,0.006489292667099286,0.0464370145221209,1.0072915166017087,1.0,-0.42974610092664156,0.5794899206167399
57654377,20260207,2386.38826,430.5,4.378679559999998,2.5752999985,505.21757751097016,10.551345266369644,2212.18588,27.17289,339592,23,0.0321610743339868,0.0001816733091806,0.9270016606601977,0.011386617729174,0.17355999421828144,-0.9754904871861332
57699816,20260207,73.77049180327869,11.1,1.9700780999999987,3.616951212481255,5.268613462583035,20.395760911395577,10.37958,73.77049255371094,5093,46,0.030082693443591258,0.228145873734109,0.14070097333333334,1.0,-0.5253501385060328,0.8374558748163772
57813819,20260207,1.3888888888888888,2.63,0.7436829199999995,0.2623273922196877,0.3781853696465157,5.294466314358583,0.28125,1.3888888359069824,25133,2,0.04126251846987358,0.1666666666666666,0.2025,0.9999993133549376,-0.8562032815032259,1.0131049748961982
57950075,20260207,3.5460992907801416,3.69,1.4694264899999996,0.5308510297539569,0.6567936583203969,6.680014367821434,0.9651099999999999,3.5460991859436035,1541,4,0.011215429403202328,0.2148268398268398,0.27216102,0.9999997310639072,-0.8220071386665592,0.8103019686274049
57950895,20260207,56.60377358490566,2.13,18.751780509999996,9.746104865472995,0.7874580225661997,5.807835027212378,14.76624,56.60377502441406,9230,60,0.013494152046783626,0.5235339506172839,0.26087024,1.0,-0.6303013978562443,1.7266829648677355
57951243,20260207,373.1092299999999,2.23,167.37513349,113.58080820700732,1.463428496770306,3.2849671085904752,244.94154,373.10922241210926,46360,167,0.02010058966354492,0.0655385582010014,0.6564874849115903,0.9999999999999996,-0.34375403732273274,0.4730794082931459
58134130,20260207,8.695652173913043,2.0,4.70832877,2.0512770822678075,1.4064332215271367,4.239138556213251,6.62195,8.69565200805664,305049,5,0.07139323160456844,0.238095238095238,0.76152425,0.9999998903274636,-0.29678338923643166,1.1195692781066255
58283047,20260207,420.4162162162162,3.33,11.93555118,44.15893367883653,2.88911081524096,9.520524720663929,34.48313,420.4162292480468,5696,375,0.004605805773429288,0.4996759522516087,0.0820214079997943,1.0,-0.13239915458229426,1.859016498135008
58417305,20260207,1.0332357499569484,52.0,0.00749337,0.0219041701275281,0.0,47.16858085693985,0.0,1.033235788345337,37048,1,0.0031913720625732205,0.0011737089201877,0.0,0.9999991059303284,-1.0,-0.0929119065973106
58419221,20260207,46.08294930875576,52.0,0.949742499999999,0.9748336754254684,16.274147992745416,47.27258042183207,15.456249999999997,46.08295059204102,1948710,41,0.047577437760475794,0.0017927792631357,0.33540062499999995,1.0000000000000002,-0.6870356155241267,-0.0909119149647679
58432699,20260207,116.6156,35.0,8.019357389999996,0.028054146,12.629938419542125,20.96157332419514,101.28399,0.5880799999999999,35909,1,0.06658446133877248,0.0001021241830065,0.8685286531133056,0.0050428930352815,-0.6391446165845107,-0.401097905022996
58435300,20260207,48.31349,57.2,1.7800080499999984,0.1351284924010768,25.441873703885797,357.5347687823037,45.286739999999995,48.31349182128908,920418,114,0.08910576504187037,0.0034147432496885,0.9373518659074307,1.0000000000000002,-0.5552119981838147,5.250607762473224
58492787,20260207,23.529411764705884,2.9,9.26852865,4.203309018614664,1.434778971093756,5.597829142203705,13.29829,23.529411315917965,1815,16,0.003260869565217391,0.4958333333333333,0.565177325,0.999999918937688,-0.5052486306573255,0.9302858476266556
58588021,20260207,11.049723756906078,1.2,0.6890549199999997,5.37124482332503,0.47925062344812824,2.0571993888641007,0.33022999999999997,11.049723625183104,1261,15,0.04945098039215686,0.6416666666666667,0.029885814999999996,0.9999999136924808,-0.6006244804598931,0.714332755931954
58803527,20260207,159.76764999999995,7.1,11.840051959999998,15.860154417256608,3.329771704819444,10.073523885214296,39.42467,159.7676544189453,1901,22,0.005489460005775339,0.1099114064230343,0.2467625329658414,1.0,-0.5310180697437402,0.418806200073549
58804408,20260207,32.35294117647059,13.15,1.0830477099999998,1.019058762874604,3.7412940931291017,31.74783342877796,4.052,32.35293960571289,1005,32,0.003298326222513948,0.1198606271777003,0.12524363636363636,1.0,-0.7154909434882814,1.4142839809699022
58963446,20260207,1893.68373,9.9,161.07246772000005,273.0918558137868,9.923410081346454,6.934237212029208,1598.3881499999998,1893.6837158203127,695806,654,0.06913262061839281,0.0142792322124291,0.8440628837213486,1.0000000000000002,0.0023646546814599274,-0.2995719717958287
59168672,20260207,114.30078,2.51,41.728572589999985,27.95344167786901,1.6602583242112292,4.088969740406715,69.28021000000001,114.30078125000004,9493,70,0.005189700415482178,0.1402805611222445,0.606121935475856,1.0000000000000004,-0.33854250031425126,0.6290716159134473
59180301,20260207,127.4666,11.1,19.235940279999994,7.625977129688094,6.929982005537815,16.71478679102318,133.30472,127.4665985107422,3447,18,0.0012346872985170858,0.0093453825024629,1.0458011745822042,1.0000000000000002,-0.375677296798395,0.5058365960893788
59183637,20260207,42.81511,27.0,3.814563589999999,0.0480781857695893,12.195476337569723,890.5123613805189,46.52042,42.81510925292969,6777,1,0.01574581784386617,0.0085470085470085,1.0865421109510172,1.0,-0.5483156912011213,31.98193931038959
59191554,20260207,38.46153846153846,2.13,19.65786732,8.116237087671788,1.1910707107163443,4.738838339475203,23.41391,38.46154022216797,5187,14,0.007145612343297975,0.427027027027027,0.6087616600000001,1.0,-0.44081187290312474,1.2248066126132826
59250609,20260207,59.70149253731344,6.1,4.1823460699999995,4.566528122308917,3.2753626244037726,13.073713253663472,13.698700000000002,59.70149230957031,21619,5,0.01802334305960817,0.0151622838190002,0.229453225,1.0,-0.46305530747479134,1.1432317144357338
59262247,20260207,107.01659,1.61,75.86964482,10.556263104376512,0.6698374576626889,10.137732937104422,50.82033,107.01658630371088,987523,51,0.02368569633126103,0.5543478260869565,0.47488272612685567,0.9999999999999992,-0.5839518896505038,5.296728476415527
59265523,20260207,41.27358490566038,3.61,2.889063029999999,6.296780476,4.352888763385685,0.3685422479476243,12.575769999999999,2.32063,25608,4,0.003269913425441173,3.169915640108712e-05,0.3046929417142857,0.0562255478513438,0.20578636104866635,-0.8979107316739017
59289693,20260207,12.224938875305623,8.5,0.5073364399999993,0.8898513950267745,9.40238000645096,13.738165357127174,4.77017,12.224939346313478,3439,7,0.011097128105840594,0.0230078563411896,0.39019990600000004,0.9999999219894502,0.10616235370011291,0.6162547478973146
59335998,20260207,1000.0,22.43,3.7110197099999986,0.1238165565,12.892259739574387,10.645178577724558,47.84343,1.31806,26442,1,0.005514034282854402,1.5621582778767144e-05,0.04784343,0.00131806,-0.42522248151696895,-0.5254044390151812
59469459,20260207,28.457570000000004,1.45,9.77569584,6.992350487252416,1.0808499131863334,4.069813877948604,10.56606,28.45756912231445,28262,43,0.010530983343890897,0.3538961038961039,0.37129171605305716,0.999999932975705,-0.2545862667680459,1.806768099387222
59764696,20260207,91.22524,4.15,9.140238239999999,16.773881876016567,1.7727765485465075,5.438528651298782,16.2036,91.22524261474612,219836,72,0.026650018184022305,0.4931506849315068,0.17762189499309622,1.0000000000000002,-0.5728249280610826,0.3104888015230917
59789974,20260207,7.079646017699115,270.0,0.048692969999999405,0.0,121.2910200384177,0.0,5.90602,0.0,1389,0,0.0012187417741510924,0.0,0.8342253249999999,0.0,-0.5507739998577122,-1.0
59790006,20260207,10.658120000000002,1.49,13.266189650000001,1.78366132008685,0.7818567556811612,5.975413639289924,10.37226,10.658120155334473,2973,11,0.0012820733968692051,0.3928571428571428,0.9731791347817438,0.9999999105213474,-0.4752639223616368,3.010344698687448
59870194,20260207,41.35039,1.2,3.6109786800000006,23.74610547941384,1.7014611673088027,1.7413545847521257,6.143940000000001,41.35039138793945,4932,23,0.030844277673545965,0.0524444444444444,0.1485823954743837,1.0,0.41788430609066896,0.4511287629640951
60033250,20260207,48.95666000000001,1.24,42.918783,15.371066911120684,1.1454211085155888,3.184987634395005,49.16008000000001,48.95666122436525,7396,34,0.014157733537519143,0.6699999999999999,1.0041551037182683,1.0000000000000002,-0.0762732995842026,1.5685383950802536
60083626,20260207,1000.0,36.35,1.2863628299999987,21.080086194686665,26.165386013213734,47.43813394908794,33.65818,999.9999999999995,487559,444,0.04779568469448774,0.0233773501619829,0.03365818,0.9999999999999996,-0.2801819528689482,0.3050381276593698
60222062,20260207,4.57056,2.5,3.512663129999998,0.7619697039256469,0.9781638240954807,5.998340821947274,3.4359599999999992,4.570559978485107,4250,14,0.004315597075548335,0.14,0.7517590842260027,0.9999997913441412,-0.6087344703618077,1.3993363287789091
60280132,20260207,5.154639175257732,2.4,1.06686943,0.7908419223481705,0.0,6.517905260850583,0.0,5.15463924407959,5581,8,0.010383255813953489,0.1159420289855072,0.0,0.9999998149872192,-1.0,1.7157937507717949
60300280,20260207,125.0,6.5,24.164395879999994,3.106087631010368,4.042689520777707,40.24353933498002,97.68914999999998,125.0,24478,9,0.6244387755102041,0.5833333333333334,0.7815131999999999,1.0,-0.3780477660341989,5.1913137438430805
60363119,20260207,139.53488372093022,8.1,17.93302123,9.837185942325434,3.403725407846405,14.184429187925137,61.03908,139.53488159179688,2481,36,0.006539272535582499,0.3130570992699139,0.43744674,1.0,-0.579786986685629,0.7511640148035897
60491784,20260207,521.94218,19.24,26.77029479,38.5055178081,19.48326135709318,13.356097898224633,521.57265,514.2834788229134,11239,231,0.009902202643171806,0.0174063496361312,0.9992920097011511,0.98532649613613,0.012643521678439818,-0.3058161092977798
60504423,20260207,65.78731,2.35,8.57009342,12.487144302287234,1.523455971848671,5.268402516883322,13.05616,65.78730773925781,3657,39,0.005028877887788779,0.3283113116339027,0.1984601589577078,1.0,-0.3517208630431187,1.2418735024191658
60505342,20260207,1287.7824600000004,483.0,2.494942609999998,5.0625779820000005,425.03862243147984,17.313476058673366,1060.44697,87.65083999999999,472777,15,0.04588063467417148,0.0001295771453103,0.8234674744676983,0.068063389581738,-0.1200028521087374,-0.9641542938743822
60537191,20260207,62.5,9.0,0.7605926099999993,1.5132513670470198,3.653309226867196,41.30176919661015,2.77868,62.5,2857,2,0.25508928571428574,0.046875,0.04445888,1.0,-0.5940767525703117,3.589085466290017
60547769,20260207,21.234762092017306,54.68,0.0717451299999981,0.3383278376402425,8.100201365584192,62.76367790543517,0.58115,21.23476219177245,569049,75,0.03380315072887336,0.0147072435901961,0.027367860185185184,0.999999910178016,-0.8518617160646637,0.147836092815351
60580455,20260207,27.1370420624152,15.0,0.16572462999999932,0.9408135208807188,6.578744511301694,28.84420084616035,1.0902599999999996,27.137042999267575,1484,28,0.005051055139550714,0.0952420169841772,0.040176080999999975,0.9999999297142104,-0.5614170325798872,0.9229467230773568
60619154,20260207,346.15384615384613,8.8,0.7949493999999991,18.19824733374244,3.9788192808246707,19.02127241936269,3.16296,346.1538391113281,2190,495,0.0075647668393782385,0.515219530266689,0.00913744,1.0,-0.5478614453608329,1.1615081826236051
60656113,20260207,304.366,3.0,115.27257251999998,50.74298259970843,1.6945611235153861,5.998188827749615,195.33642,304.365997314453,46205,163,0.008842385271940903,0.3074718196457327,0.6417813421998515,0.9999999999999996,-0.43514629216153794,0.9993962759165383
60726038,20260207,47.8357,9.0,11.819992299999997,4.550118507728572,3.9694002169527645,10.51306474643546,46.918279999999996,47.83570098876952,31724,45,0.0001872077460716115,0.0003997816535884,0.980821436709403,0.9999999999999996,-0.5589555314496928,0.1681183051594956
60739866,20260207,99.7291,1.09,77.94989387999999,30.21775223868739,0.49769112014088107,3.3003480536963656,38.794970000000006,99.72910308837898,22631,61,0.014751971840166873,0.7530864197530864,0.38900351050997156,1.0000000000000009,-0.5434026420725862,2.0278421583772754
60762511,20260207,2000.0,33.74,0.6070166399999992,17.6861156463,17.502535021115754,78.79873167587385,10.62433,1393.6435599999998,88047,795,0.00562198298980921,0.0035114772329931,0.005312165000000001,0.6968217799999998,-0.4812526668311869,1.3354691095396116
60762714,20260207,122.44897959183672,18.6,1.0652595699999985,3.838757854457207,7.856141578714014,31.898065724184043,8.368829999999999,122.44898223876945,1905,207,0.005614500442086649,0.2455049940617852,0.068345445,0.9999999999999992,-0.5776267968433327,0.714949734945303
60844239,20260207,194.44444444444449,5.0,21.136006599999998,21.23513317131604,4.264975958135819,9.156732478369497,90.14456,194.4444427490235,35519,75,0.024398268992993542,0.0486200108660591,0.4636005942857142,1.0000000000000002,-0.14700480837283614,0.8313464956738994
60848391,20260207,41.73037999999999,16.0,3.2187120799999978,1.9028544813657715,6.117872462826813,21.930399560354942,19.69167,41.730381011962905,17991,18,0.0030296039337195206,0.0067078645729422,0.4718785211157915,1.0000000000000004,-0.6176329710733242,0.3706499725221841
60882731,20260207,92.20477000000002,37.0,2.940335039999998,0.0032526132,22.973970340468426,3.854176642755199,67.55117,0.01254,305221,1,0.08228755526798232,3.50655726208009e-05,0.7326212082086424,0.0001360016363459,-0.3790818826900425,-0.8958330637093189
60906649,20260207,4.077471967380224,52.0,0.2873187599999986,0.0936369360347896,10.01208553176275,43.54508338990238,2.87666,4.077471733093261,684928,7,0.00945419410051486,0.0005874454514937,0.7055008650000001,0.999999766111415,-0.8074598936199471,-0.1625945501941849
61011193,20260207,1128.4313299999994,3.5,79.66752448,156.95856388177154,2.3493236575586893,7.189357747148428,187.1648,1128.4312744140634,34621,649,0.0036072183960740595,0.0465214651043471,0.16586281772236872,1.0000000000000009,-0.32876466926894593,1.0541022134709794
61012951,20260207,119.05549000000002,2.3,25.964335379999998,32.83795355406843,1.5891668088597923,3.625545202287136,41.26166,119.05548858642578,7512,68,0.002485277575597168,0.2388097986405027,0.3465750298453267,1.0,-0.3090579091913946,0.5763240336748361
61087629,20260207,57.142857142857146,1.67,0.5514060199999995,7.626449214638318,0.4873722633641182,7.492720071550401,0.26874,57.14285659790039,5071,13,0.0024530766253869967,0.26,0.004702949999999999,1.0,-0.7081603213388513,3.486658840776593
61098328,20260207,175.43859649122808,52.0,0.2929606599999988,0.0,13.9853931241144,0.0,4.09717,0.0,12796,0,0.3797032640949555,0.0,0.023353869,0.0,-0.7310501322285692,-1.0
61112285,20260207,131.01449000000002,1.96,36.45122326,34.50699824415595,1.0054381368379899,3.796751346664772,36.64945,131.01449584960938,5231,66,0.000506928965985076,0.6670833333333333,0.279735852118342,1.0,-0.4870213587561276,0.9371179963110128
61136703,20260207,28.116213683224,52.0,0.1347540599999996,0.0,16.376129965954323,0.0,2.20675,0.0,5691,0,0.47425,0.0,0.07848674166666665,0.0,-0.6850744237316477,-1.0
61185244,20260207,445.2629400000001,1.3,301.10735144999995,178.17253852440254,0.7926854952248961,2.499054796219827,238.68343000000004,445.2629394531249,13593,92,0.007295121558525197,0.8,0.5360505188237763,0.9999999999999998,-0.39024192675007996,0.9223499137573954
61185698,20260207,7.1040600000000005,52.0,0.42989980999999794,0.1755415962605403,16.52492007381914,40.46915292565698,7.1040600000000005,7.104060173034668,1136270,25,0.017067287111402173,0.0006649835708555,1.0,0.9999998657564596,-0.6822130755034781,-0.2217470591219812
61186486,20260207,21.234762092017306,54.68,0.006260219999999799,0.4621325109266307,8.807997163039282,45.94941005077588,0.05514,21.23476219177247,209741,49,0.01405591781207487,0.0068201869404225,0.002596685555555555,0.9999999101780168,-0.8389173891177892,-0.159666975231774
61188825,20260207,23.36448598130841,52.0,0.0494918399999988,0.4920255899642901,0.0,47.48622771796068,0.0,23.364486694335945,332981,21,0.005326945966007986,0.0094712204419625,0.0,0.999999918365488,-1.0,-0.0868033131161407
61218808,20260207,804.4937299999997,4.0,165.45907342999993,237.33954458902917,4.1432715401372615,3.389631978026729,685.54187,804.493713378906,599199,530,0.2709346174715138,0.0299443475023068,0.8521407245771826,0.9999999999999996,0.03581788503431538,-0.1525920054933176
61325277,20260207,159.26296000000002,2.64,114.76722292000011,37.47493370598904,1.382764747306128,4.249852760556286,158.69607000000002,159.2629547119141,8885,48,0.009974180511899416,0.7619047619047619,0.9964405408514321,1.0000000000000002,-0.4762254745052546,0.609792648364514
61328223,20260207,1666.6666666666667,48.86,9.830470329999999,1.6347358366000002,19.741280273006026,66.05185469765048,194.06607000000002,107.9774,3080441,44,0.034758816248097284,3.70037862017978e-05,0.11643964200000001,0.0647864415817002,-0.595962335796029,0.3518594734453733
61361730,20260207,372.3404255319149,1.5,75.30825108,124.535599816322,0.44157166742159853,2.989831189983582,33.25399,372.3404235839843,6373,67,0.0029048726013036147,0.4526051373470545,0.08931071600000001,1.0,-0.7056188883856009,0.993220793322388
61404169,20260207,8.771929824561404,1.68,1.3943859299999994,2.617567871111524,0.33074774356049347,3.351174380821869,0.46119,8.771929740905762,6830,9,0.015572275421796625,0.050467832820774,0.052575659999999996,0.9999998912811388,-0.8031263431187539,0.9947467175300588
61471905,20260207,1000.0,28.73,7.482276129999999,0.0,15.36913206650127,0.0,114.99609000000001,0.0,207203,0,0.011154639175257731,0.0,0.11499609000000001,0.0,-0.46504935375909257,-1.0
61521770,20260207,101.2775,3.79,34.56488058000001,30.186432172477776,4.1200177061337895,3.355066687051637,142.40792,101.27749633789064,5436,51,0.5490909090909091,0.5657863217151754,1.406116067240996,1.0000000000000002,0.08707591190865156,-0.1147581211554262
61619011,20260207,162.85718,1.46,52.408485999999996,48.69544486648629,0.7158806304765225,3.34440264046249,37.51822,162.85717773437494,4171,47,0.008682348043297252,0.6025641025641025,0.23037498254605662,0.9999999999999996,-0.5096708010434777,1.2906866801915944
61630077,20260207,1000.0,30.15,0.45239702999999837,18.76257097160001,12.688986928141459,44.88623048453956,5.740459999999999,842.1811299999997,8913,377,0.0014324515444698017,0.0059701131998679,0.0057404599999999984,0.8421811299999997,-0.5791380786686082,0.4887638823369125
61642024,20260207,20.98801,12.13,2.5296678399999997,1.1668631655691946,7.168751451573975,17.986678334796768,18.13456,20.98801040649414,191357,61,0.02518949017336475,0.0479370536895001,0.8640438040576501,0.9999999091219977,-0.40900647555037306,0.4828258998434304
61652353,20260207,1000.0,2.76,53.638024000000044,149.84426167004312,0.8649744442487286,6.673595519649624,46.395520000000005,1000.0000000000013,1590250,2067,0.07337606009431263,0.055562021844627,0.04639552,1.000000000000001,-0.6866034622287215,1.4179693995323104
61709401,20260207,15.873015873015872,8.1,1.6325031599999984,1.070825876495269,2.87170041373764,14.823138783832803,4.68806,15.87301540374756,2118,20,0.005498442367601246,0.1222142055475388,0.29534778000000006,0.99999993991852,-0.6454690847237481,0.830017047621815
61709841,20260207,197.8021978021978,3.6,0.3534913699999999,12.843327463939538,3.192298584262468,15.401163403455412,1.12845,197.8022003173828,9560,30,0.0032396895862279304,0.011315153537073,0.005704941666666666,1.0,-0.11325039326042563,3.278101058735256
61777401,20260207,4432.506930000003,300.0,11.881192509999998,0.1073282594999999,227.87231228862566,388.3475036925975,2707.39481,41.68105,694307,1,0.013002977751142408,1.6303426328077109e-06,0.6108044167231562,0.0094034936758725,-0.24042562570458112,0.294491678975325
61795733,20260207,47.716910000000006,13.34,2.913293729999999,2.5623779946959058,3.5670965453936576,18.622113049900666,10.392,47.716911315917976,177887,26,0.006695107584955795,0.0014150645392586,0.21778442904203138,1.0000000000000002,-0.7326014583662926,0.3959604825257871
61831943,20260207,104.30993,5.6,47.090962860000005,8.697161469148957,1.9429874532830904,11.993558734133895,91.49715,104.30992889404298,9182,26,0.0035209755349336607,0.3095238095238095,0.8771662486975115,1.0000000000000002,-0.6530379547708767,1.1417069532826762
61861065,20260207,125.0,2.8,12.378150309999999,4.908826284169875,1.112624233434438,25.46433043246471,13.77223,125.00000000000004,251668,116,0.031950538289660775,0.0893510027087103,0.11017784,1.0000000000000002,-0.6026342023448436,8.094403880757028
61869045,20260207,593.0689100000001,13.49,11.021867570000008,34.09794842183036,13.759977520760566,17.393096029162056,151.66065,593.0689086914062,185192,276,0.012635744599555137,0.0491837957176736,0.255721801367062,1.0,0.020013159433696526,0.2893325666617391
61879187,20260207,66.1471,54.0,1.5291670999999987,0.4568984864,43.25694686996604,60.01534432891409,66.1471,27.42098,840301,92,0.011986183739433828,9.715934943529962e-05,1.0,0.4145454452780053,-0.19894542833396217,0.1113952653502609
61894872,20260207,59.70149253731344,5.1,1.1046315399999997,5.007672871571003,8.226643610049376,11.922000881187737,9.087409999999998,59.7014923095703,5999,6,0.004337358108596631,0.0033119658119658,0.15221411749999994,0.9999999999999998,0.6130673745194856,1.337647275318265
61914746,20260207,20.83333333333333,11.0,0.3186287699999997,0.7848745290088185,2.3789753825431417,26.543487724003352,0.75801,20.83333396911621,17018,24,0.002918138482115299,0.0255436885689962,0.036384480000000004,0.9999999084472768,-0.7837295106778961,1.4130443385457594
61917856,20260207,183.66036000000005,3.5,39.25839492,26.77225855173849,1.1879578901541092,6.860099135798627,46.63732,183.66035461425776,11011,52,0.005503023639362287,0.288855572213893,0.25393242178116165,0.9999999999999996,-0.6605834599559687,0.9600283245138936
61992618,20260207,83.12442,4.0,9.788109599999999,10.07050973393556,3.4120040911679212,8.25424075920036,33.39707,83.12442016601564,4399,18,0.04470528455284553,0.5492424242424242,0.40177206649983244,1.0000000000000002,-0.1469989772080197,1.06356018980009
62110977,20260207,118.0,9.1,6.754455839999997,1.9502185915904904,3.73756533435268,60.50600686652204,25.24522,118.0,438721,20,0.03988590286742913,0.0136528839799867,0.21394254237288135,1.0,-0.5892785346865187,5.64901146484895
62112649,20260207,170.84410000000003,9.0,18.034290420000005,15.307980191780889,3.997236282723675,11.1604592932135,72.08732,170.84410095214844,78439,76,0.036973367900070706,0.0272721856610696,0.4219479630844729,1.0,-0.555862635252925,0.2400510325792776
62164374,20260207,8.309009999999999,2.51,5.170598479999997,2.1027431677759054,1.577384132909892,3.95150759628095,8.156020000000002,8.309009552001955,47991,21,0.09854414784394251,0.5,0.9815874574708663,0.9999998852240812,-0.3715601064104015,0.5743058212329483
62243266,20260207,1.32579105532968,26.0,0.0029903999999998996,0.0336473949694347,0.0,39.4013147588227,0.0,1.3257910013198853,1780,5,0.016808309726156753,0.0260416666666666,0.0,0.9999992806757404,-1.0,0.5154351830316423
62326550,20260207,40.32258064516129,2.3,0.6950244499999997,6.142739607698359,4.5268767163514925,6.564265825312398,3.1462900000000005,40.32258224487305,8543,12,0.009443953128454566,0.3,0.07802799200000002,1.0,0.9682072679789099,1.8540286788709088
62326559,20260207,40.32258064516129,2.3,0.8333575799999995,9.4560493496,0.0,4.112013849592584,0.0,38.88341,6016,10,0.01201517874975035,0.043312071070521,0.0,0.9643085297431307,-1.0,0.7878321455839409
62338437,20260207,151.5151515151515,52.0,0.869796189999997,0.2373980148,13.602577403793918,72.16537951698359,11.83147,17.131990000000005,841481,59,0.02165416881111683,0.0001113330809295,0.07808770200000001,0.1130711336549343,-0.7384119730039631,0.3877957599419921
62367731,20260207,72.79249000000002,15.0,2.2769717699999985,3.493305608091755,11.811376124351344,20.83770371874342,26.894170000000003,72.79248809814453,33383,16,0.008282184235988786,0.00244536145499,0.3694635257016211,1.0,-0.2125749250432437,0.3891802479162279
62465463,20260207,469.2045099999999,4.78,106.12060824999999,40.862110883208175,4.069732798577321,11.482629670049652,431.88252,469.2044982910146,4881766,344,0.08436022610039037,0.1317502872462658,0.920456881371409,0.9999999999999978,-0.14859146473277812,1.4022236749044077
62516634,20260207,17.806910000000002,12.0,1.0020338499999992,0.6084104134799887,10.48906681146551,29.267875596391832,10.5104,17.806909561157223,74440,16,0.0067361638976363705,0.0141118294496635,0.5902427765401184,0.9999998928871724,-0.1259110990445409,1.4389896330326526
62537183,20260207,1000.0,19.0,5.247883999999996,0.0061787844,16.335054280925426,21.724058852279704,85.72447,0.13425,58807,2,0.001917755058781327,5.144985696939762e-06,0.08572447,0.00013425,-0.14026030100392492,0.143371518541037
62543564,20260207,1000.0,32.62,0.4121149299999988,0.3756579811,32.585885689703204,47.728474233462165,13.42913,17.92963,2011,8,0.0027315946753599567,0.0010215606828202,0.013429130000000001,0.01792963,-0.00104580963509483,0.4631660268636446
62658588,20260207,4.545454545454546,2.01,0.2017653299999995,0.0264244616305025,0.0,172.01041047695287,0.0,4.545454502105713,10142,2,0.011223992917220009,0.1055555555555555,0.0,0.9999997901916924,-1.0,84.57731905128446
62665519,20260207,354.54545454545456,2.61,25.28079539,50.202019375622406,1.5743673957245692,7.062373944734544,39.80126,354.54544067382835,15789,559,0.008859772178890073,0.7064478378028304,0.1122599641025641,1.0000000000000009,-0.3967941012549543,1.705890509039753
62676303,20260207,416.91595,2.04,56.357969910000016,143.8192910598636,1.4724080752467967,2.8988875457425127,82.98193,416.9159545898436,6661,150,0.005170780934637478,0.1019877716119255,0.19903755181350102,0.9999999999999996,-0.27823133566333497,0.4210233333089465
62681129,20260207,48.53814999999999,48.0,2.193455649999998,0.0,14.018943122921144,0.0,30.74993,0.0,8052,0,0.004581768521679754,0.0,0.6335208490640869,0.0,-0.7079386849391428,-1.0
62693338,20260207,49.58663000000001,1.83,5.146988039999998,10.02969983134134,1.5020648853110607,4.943979148406044,7.731109999999999,49.58663177490234,62999,53,0.07116118829775217,0.8539869281045751,0.15591118009027832,1.0,-0.1791995162234641,1.7016278865927612
62695450,20260207,4.3478260869565215,2.44,0.3593056899999997,0.2218792038873767,1.0693401487741547,19.595375918417737,0.38422,4.34782600402832,5850,5,0.2611607142857143,1.0,0.08837060000000001,0.9999997806549512,-0.56174584066633,7.030891581510834
62699077,20260207,44.67285000000001,60.0,1.0580723799999983,0.0057263534782689,34.75645021562708,7799.911727467206,36.77484,44.6728515625,3010,1,0.0035927428980663642,0.0009398496240601,0.8232033550579376,1.0,-0.4207258297395486,128.9985287911201
62708257,20260207,392.89094,1.85,310.1368070499999,83.86354822210002,1.2143733070008726,4.19150561192046,376.62185999999997,351.51453719999995,27589,146,0.001176899680489376,0.011333114929653,0.9585913587114021,0.8946873297450025,-0.34358199621574453,1.2656786799472817
62715156,20260207,100.03554,1.47,80.51573367,24.87829997982023,0.9892120008052085,4.020995557569199,79.64713,100.0355377197266,9468,34,0.004812932086213908,0.6538461538461539,0.7961883346658598,1.0000000000000002,-0.3270666661189057,1.7353710743602753
62719771,20260207,19.466780000000004,160.0,0.13359869999999863,0.0671317016999999,88.12675572442039,98.48806665857754,11.773620000000001,6.611770000000001,3794,2,0.013492176386913229,0.0005566141811252,0.6048057254461189,0.3396437136015364,-0.44920777672237255,-0.3844495833838904
62753184,20260207,165.83097,21.6,9.966304629999998,2.3623232889000003,16.084771231802094,35.30969917717803,160.30572999999998,83.41296000000003,8657,40,0.019388577827547594,0.0079472010903216,0.9666814950186927,0.5029999128221485,-0.25533466519434755,0.6347082663697369
62759058,20260207,1000.0,31.5,32.574883729999996,30.94495703987812,15.366511025763225,32.31544210566778,500.56231,1000.0,4262135,959,0.06937102557466915,0.0073353495224101,0.5005623100000001,1.0,-0.5121742531503739,0.0258870509735802
62766768,20260207,34.31616,50.63,0.9474606899999991,0.0242149409999999,23.51535027801525,336.4519264396954,22.279870000000003,8.147500000000003,8028,15,0.023577092511013215,0.0052911603136276,0.6492530049982282,0.2374245954350793,-0.5355451258539354,5.645307512181339
62782340,20260207,292.4077699999999,25.0,8.833024349999995,10.072599122425093,11.462082067055556,29.03001929242733,101.24485000000001,292.40777587890625,2683616,647,0.043072863583616484,0.0155230231889257,0.3462454161187305,1.0,-0.5415167173177777,0.161200771697093
62824285,20260207,288.6240099999998,10.0,43.15919143000001,21.173404451312507,6.145476344944583,13.631440823309257,265.23379,288.62402343750006,76092,85,0.004326629479896969,0.0047678400047446,0.9189595487915234,1.0000000000000002,-0.38545236550554174,0.3631440823309255
62854671,20260207,363.6363636363636,57.4,2.284162339999999,0.0,17.06687362685439,0.0,38.983509999999995,0.0,6537,0,0.0011314190767952646,0.0,0.1072046525,0.0,-0.7026677068492265,-1.0
62863799,20260207,26.5748031496063,65.54,0.30854336999999954,0.0628486349,27.733702396522126,36.08135518381507,8.55705,2.2677,6960,5,0.0034383954154727794,0.0002306217955749,0.3219986222222222,0.0853327073977895,-0.5768431126560555,-0.4494758211810324
62867831,20260207,23.834820000000004,2.71,5.408050499999998,3.350131321350397,1.1625594102717793,7.114590561632996,6.287179999999999,23.834819793701172,12435,20,0.013547227366815557,0.2075119953546652,0.2637813081869298,0.9999999199763836,-0.5710112877225907,1.6253101333894324
62868116,20260207,1000.0,16.0,12.598702109999998,19.023697435400003,11.973630194832825,21.461511874644867,150.8522,408.2773298710001,280295,565,0.013983078327588013,0.0057964174768641,0.15085220000000002,0.4082773298710001,-0.2516481128229484,0.3413444921653041
62875385,20260207,15.734370000000002,6.34,10.746493319999997,0.6834101906815575,1.2864261474272245,23.02328443866529,13.82457,15.73437023162842,175064,25,0.032017264713413075,0.343326626425218,0.8786224043288672,0.9999999393891054,-0.7970936675982295,2.631432789361612
62904543,20260207,1000.0,299.26,0.0049137499999999,0.0,0.0,0.0,0.0,0.0,5909,0,0.045003808073115006,0.0,0.0,0.0,-1.0,-1.0
62941923,20260207,1000000.0,41.96,1.279913989999998,4.390751712399999,7.1795996229403,349.0963555454183,9.18927,1532.79577,17538,39,0.07611979166666667,0.0135895804322042,9.18927e-06,0.00153279577,-0.8288941939242064,7.319741734088879
62957523,20260207,1233.7502500000005,4.1,419.77348746999985,181.6523465402761,2.471231201980418,6.791821084872443,1037.3573399999998,1233.750244140624,68128,278,0.007876160418039515,0.4714665865360161,0.8408163159440084,0.9999999999999992,-0.3972606824438004,0.656541766549409
62974470,20260207,256.19916000000006,9.0,43.75084866,19.351637517856616,4.557627248549926,13.239145485196897,199.40006,256.1991577148437,205148,31,0.02219039686746206,0.1183206106870229,0.7783009905262763,1.0,-0.4935969723833416,0.4710161650218772
62987009,20260207,225.48274,23.0,5.1095899299999985,8.103937994299999,23.910811175408757,25.530656159371976,122.17444,206.89888,27461,56,0.0008659306839215834,0.0005497807959845,0.5418349981022937,0.9175818862267688,0.03960048588733724,0.1100285286683467
62991598,20260207,53.40617000000002,7.91,10.574299029999999,4.904283434192285,3.636666590466187,10.889696673996683,38.455200000000005,53.40616989135744,16144,18,0.003839421613394216,0.0217612903225806,0.7200516344834312,1.0000000000000002,-0.5402444259840472,0.3766999853431643
63007107,20260207,10.31706,3.0,1.3720628999999993,2.0510405890636703,1.721641187149657,5.030156641187825,2.3622,10.317060470581051,4996,24,0.004669158878504673,0.0224865254955791,0.22896057597804026,0.9999999075633768,-0.42611960428344764,0.6767188803959417
63017961,20260207,35.714285714285715,1.45,5.081967689999999,8.995573173946136,0.5707789141807788,3.9702064719379946,2.90068,35.714286804199226,3460,15,0.008777270421106037,0.1362085769980506,0.08121903999999999,1.0000000000000002,-0.6063593695304974,1.7380733388803336
63024390,20260207,1000.0,84.69,2.7926086299999984,0.0,34.97746477994665,0.0,97.67837,0.0,5840,0,0.008940600122473974,0.0,0.09767837,0.0,-0.5869941577524306,-1.0
63029536,20260207,1000.0,14.88,0.013316019999999897,27.4054954955,7.059917302617503,26.403719396903337,0.09401,723.6070393999998,4213,304,0.023483835005574136,0.152492527522373,9.401e-05,0.7236070393999998,-0.5255431920283936,0.7744434942093007
63038827,20260207,0.206347241137386,26.0,0.0021923399999999,0.0083385052376981,0.0,24.743343413820423,0.0,0.2063472419977188,1267,2,0.0018668041844703109,0.0050287356321839,0.0,0.9999951616849352,-1.0,-0.0483329456222913
63038979,20260207,1000.0,2.25,255.66614177999998,190.6598958119001,1.6327005097108018,4.226388855344779,417.42624000000006,805.8028630470002,23412,266,0.0043872273442770405,0.0149103139013452,0.41742624000000006,0.8058028630470002,-0.27435532901742143,0.8783950468199018
63041128,20260207,86.78675999999997,10.0,5.560731969999999,4.479327491921247,4.811032098711279,19.374948405632004,26.752860000000002,86.78675842285156,646006,97,0.012517385634592617,0.0082877335953628,0.3082596930683898,1.0,-0.5188967901288721,0.9374948405632004
63049540,20260207,42.85714285714285,2.7,1.63084324,13.592229992242212,0.8899874398719032,3.1530617325853565,1.4514299999999998,42.8571434020996,1052,45,0.013715775749674055,0.1111342231461417,0.0338667,1.0,-0.6703750222696655,0.1678006210741791
63050276,20260207,4.545454545454546,2.32,0.0025585199999999995,0.3767098476040194,0.0,12.06616302932609,0.0,4.545454502105713,3088,22,0.013304610081861267,0.1566944817542903,0.0,0.9999997901916924,-1.0,4.200932489881806
63053963,20260207,24.875621890547265,6.0,3.1709264699999995,2.9157497661891125,4.788862228016281,8.531463691653846,15.18513,24.875621795654297,10146,10,0.005146596327483007,0.0093667948952799,0.610442226,0.9999999233245904,-0.20185629533061977,0.4219106152756409
63099926,20260207,1000.0,55.51,2.9197034499999988,0.0026642341,16.960105999806252,216.40125345837345,49.51848,0.5767599999999999,226734,1,0.03606222066705899,2.702118460873325e-05,0.04951848,0.00057676,-0.6944675553989146,2.8984193839261563
63115257,20260207,1000.0,9.5,0.0012530799999999,30.087461664000003,0.0,23.397053544375275,0.0,703.9579749640001,2395,1505,0.0025427327741798494,0.1635731964030199,0.0,0.703957974964,-1.0,1.4628477415131869
63116306,20260207,1000.0,24.5,1.437166389999999,20.393917518700004,8.31511930918452,37.0768141435234,11.950210000000002,756.1415265760002,7103,724,0.0011041676382346998,0.0078354064093409,0.011950210000000003,0.7561415265760002,-0.6606073751353256,0.5133393527968735
63117307,20260207,44.70852000000001,22.1,2.0507180199999993,1.5172967554591628,14.176146947789542,29.46588355586407,29.07128,44.70851898193361,2705,8,0.01020754716981132,0.0320574162679425,0.6502402674031705,1.0000000000000002,-0.3585453869778488,0.333297875441235
63118770,20260207,299.31642000000005,5.2,17.39955433,22.487376272924955,4.548526272511716,13.310418668093408,79.14233,299.3164062499997,126908,161,0.006458323791494277,0.0208841651732064,0.2644102518665698,0.999999999999999,-0.1252834091323623,1.55969599159936
63118785,20260207,70.0,9.0,7.83276084,4.847305035030993,6.856636005753496,14.441011046985077,53.70639,70.0,22254,27,0.010747090355918289,0.0336440685397943,0.7672341428571429,1.0,-0.23815155491627818,0.6045567829983418
63119851,20260207,20.0,2.42,0.5738863799999998,3.3935636098347066,0.1583588723607625,5.8935079479668895,0.09088,20.0,1674,30,0.013212312549329124,0.1422340425531914,0.004544,0.9999999046325776,-0.9345624494377014,1.4353337860188706
63120136,20260207,305.25518000000005,25.0,15.297062569999998,0.0,14.424013041086754,0.0,220.64503000000002,0.0,27467,0,0.0039039470130903817,0.0,0.7228215750507493,0.0,-0.42303947835652983,-1.0
63125663,20260207,470.4109,20.0,5.02379563,4.228012365052054,10.15245717708465,111.26050181397264,51.00387,470.41088867187466,27821,137,0.008420654378159146,0.0160427472955238,0.10842408201000443,0.9999999999999992,-0.4923771411457675,4.563025090698632
63129888,20260207,2000.0,12.0,0.38690968999999886,38.85580567430781,7.344840600916479,51.47235821827472,2.84179,2000.000000000001,56786,921,0.022986560880829017,0.0442230331966274,0.001420895,1.0000000000000004,-0.3879299499236268,3.289363184856226
63136165,20260207,6.385696040868455,52.0,0.0732189399999996,0.1188942234735855,3.570797392040932,53.70859945197325,0.26145,6.385695934295654,30719,5,0.005860167874856925,0.0008860535176324,0.040943070000000005,0.9999998506546218,-0.9313308193838282,0.0328576817687163
63140934,20260207,114.94252873563218,11.5,0.0972153599999998,4.821364622233013,4.004614085675358,23.84024294713424,0.38931,114.94252777099608,2265,84,0.0013238646326494828,0.0426829268292682,0.003386997,0.9999999999999998,-0.6517726882021428,1.0730646040986296
63154710,20260207,1000.0,23.61,0.0218982999999998,5.750732594200001,9.924971344807675,40.16858653180834,0.21733999999999992,230.99884,1561,88,0.01018929503916449,0.0676251131174404,0.00021733999999999992,0.2309988399999999,-0.579628490266511,0.7013378014991173
63156076,20260207,1000.0,9.0,1.9238692299999978,53.17919687758524,2.616685126774446,18.80434530625924,5.03416,1000.0000000000014,424013,2607,0.050271266820795545,0.1561388454209652,0.00503416,1.000000000000001,-0.7092572081361728,1.089371700695471
63161144,20260207,60.10060000000001,32.0,3.0264052499999985,2.8282536314239475,18.78458279835459,21.250067277722472,56.849759999999996,60.10060119628906,182407,25,0.00641853280222951,0.0003799895099434,0.9459100241927699,1.0,-0.412981787551419,-0.3359353975711727
63163299,20260207,309.54889000000003,3.72,99.73916304,50.95567112579213,2.0701145237923786,6.07486617772377,206.47149000000002,309.5488891601565,54211,162,0.007639656144306652,0.1958887545344619,0.667007689803055,1.0000000000000009,-0.4435176011310811,0.633028529839368
63196383,20260207,1000.0,8.0,1.4307406499999988,59.55467020317872,2.846455784981019,16.79129411340998,4.07254,1000.0000000000016,137689,1958,0.013906575093424906,0.1512746005419173,0.00407254,1.0000000000000016,-0.6441930268773726,1.0989117641762474
63204884,20260207,184.27386,3.4,78.66949489,17.01912349577615,2.3226391659879133,10.827458533006633,182.72084999999998,184.2738647460937,306129,59,0.023265617875056998,0.168091168091168,0.9915722718349742,0.9999999999999996,-0.31687083353296663,2.184546538030767
63205388,20260207,51.54639175257732,14.5,0.08118716999999921,1.960076267095433,5.323378065770789,26.29814211856657,0.43219,51.54639053344727,2201,15,0.008658536585365854,0.0331740699265895,0.008384486,1.0,-0.6328704782227041,0.8136649736942462
63224395,20260207,45.16711833785005,14.0,0.3635722799999984,1.7622746405121683,5.830257466273307,25.62999625835087,2.11972,45.16711807250976,24101,69,0.00990221455277538,0.0275254550638337,0.0469306008,1.0,-0.5835530381233353,0.8307140184536337
63234573,20260207,229.51535,15.4,1.8101369199999988,9.356669698735251,11.342014945477171,24.529595807280117,20.5306,229.5153503417969,29614,58,0.006837366087920207,0.0319031903190319,0.08945196911666256,1.0000000000000002,-0.2635055230209629,0.5928309360322659
63236174,20260207,23.102310231023104,7.91,1.8509005299999988,1.6931082208264323,3.41908703219184,13.644902464938127,6.32839,23.102310180664062,2346,12,0.001385133140461711,0.0202380952380952,0.2739288814285714,0.9999999174390588,-0.5677513233638635,0.7250193082370653
63273998,20260207,11.750881316098708,13.0,0.5521018899999983,0.6178104741962075,4.917769797890038,19.020173120540747,2.71511,11.75088119506836,2729,4,0.002720566244641611,0.0143303261623872,0.231055861,0.9999999188423214,-0.6217100155469202,0.4630902400415959
63281072,20260207,277.77777777777777,34.1,0.1704646299999994,4.7021383143242375,4.037025158826218,59.074764150414005,0.68817,277.7777709960937,74545,409,0.0063686458778299876,0.0183400917631359,0.002477412,1.0,-0.8816121654303162,0.732397853191887
63298743,20260207,6.849315068493151,28.08,0.3764911899999997,0.2217881623548825,13.412026985279534,30.882100341376784,5.04951,6.849315166473389,14493,1,0.02115457597431032,0.0256410256410256,0.7372284599999999,0.9999998807907104,-0.5223637113504439,0.099789901185331
63299682,20260207,97.50139,69.3,0.524341599999999,0.0005667143999999,59.81119941656367,1764.0383967713344,31.3615,1.00147,14714,1,0.009649157321791594,0.000133547008547,0.32165182465603825,0.0102713408998112,-0.1369235293425156,24.455098399546017
63316232,20260207,126.52847,36.0,2.6108107399999985,1.9179227664,32.71654995566628,32.82798884033893,85.41672,62.96158,184079,14,0.08173297220495515,0.0010531094727366,0.6750790553303933,0.4976079972890088,-0.09120694567593664,-0.0881114211016963
63336283,20260207,1000.0,12.0,0.1539623499999997,15.422235983699997,7.6086783554550985,30.324671762228288,1.1714499999999999,467.67427437,11296,102,0.061026472177201516,0.0662835856039597,0.0011714499999999999,0.46767427437,-0.3659434703787418,1.5270559801856909
63338096,20260207,44.41921000000001,1.97,64.86024656000001,11.073678141299869,0.6848887007992897,4.011242149950648,44.42205,44.41920852661133,4549,11,0.0015275865542832196,0.1571428571428571,1.0000639363014334,1.0,-0.652340761015589,1.0361634983226105
63350356,20260207,7.170259999999998,1.0,22.22256703,12.636519385140872,0.2762840130805536,0.5674236050753803,6.13974,7.170259952545166,1467,3,0.035264423076923075,0.75,0.8562785728829919,0.9999998669958696,-0.7237159869194464,-0.4325763949246197
63355127,20260207,1.6891891891891893,1.9,0.2513404999999994,0.1770637927625489,0.5325444964102495,9.539949581609967,0.13385,1.6891891956329346,2255,3,0.02185077519379845,0.1578947368421052,0.0792392,0.9999994354251256,-0.7197134229419739,4.021026158589768
63355311,20260207,1.6891891891891893,1.9,0.41941804999999976,0.2895814240990521,0.8393534803759644,5.833189638108509,0.35204,1.6891891956329346,7857,6,0.0046269359872799015,0.12,0.20840768,0.9999994354251256,-0.5582350103284398,2.07009984805547
63359739,20260207,1000.0,3.32,7.14293801,146.53153432359605,1.9924504426715586,6.824469543648938,14.231950000000001,999.9999999999998,453747,1281,0.002442170631755371,0.0354667855686632,0.014231950000000002,0.9999999999999998,-0.3998643244965185,1.0555631568893322
63360454,20260207,1000.0,22.01,0.0619317599999995,15.0044859503,7.273650869925279,32.11539398822066,0.45047,481.87501,1797,307,0.004085019322573312,0.0729640552500844,0.00045046999999999996,0.48187501,-0.6695297196762708,0.4591273809292551
63363585,20260207,2928.89804,300.0,2.8451989899999983,0.0,287.7728457228225,0.0,818.77101,0.0,17123,0,0.011131842413210245,0.0,0.27954916791845713,0.0,-0.04075718092392492,-1.0
63381071,20260207,1000.0,19.41,20.43495700999999,50.35869720716263,8.9418617279489,19.8575427006921,182.72656,999.9999999999986,10808951,5238,0.3924533802919178,0.1329287602162718,0.18272656,0.9999999999999988,-0.5393167579624472,0.0230573341987769
63382374,20260207,1000.0,83.45,0.1044110699999986,0.0069821415,13.333260544116811,221.5192116613991,1.39214,1.5469000000000002,262873,16,0.007438103753671332,3.478022395987995e-05,0.0013921399999999998,0.0015469,-0.8402245590878753,1.6545143171040613
63400626,20260207,10.53743,3.2,3.917679739999998,2.209062105097621,2.6897119466942456,4.770089992112132,10.53743,10.537429809570312,45662,14,0.013993870671161509,0.2417763157894736,1.0,0.9999999094965046,-0.1594650166580483,0.4906531003225789
63405128,20260207,1000.0,86.31,0.6356251999999994,0.4670089493,20.628367157249293,147.52032607284755,13.111910000000002,68.89346,23871,4,0.004416384525725703,4.222636836728321e-05,0.013111910000000001,0.06889346,-0.7609967888164836,0.709191637651242
63412723,20260207,1017.58415,1.26,1235.2938429400003,356.46561462649174,0.7762061921380209,2.854648871791054,958.8427300000001,1017.5841674804682,68367,232,0.0038366396363534333,0.7388535031847133,0.9422736488181347,0.9999999999999994,-0.3839633395729993,1.2655943598392425
63415176,20260207,391.68223000000006,5.0,167.08847776,45.06254109294625,2.359302839339004,8.691969033861835,394.21232,391.68222045898426,61727,202,0.006827830319119518,0.3405119256194239,1.0064595475776368,0.9999999999999996,-0.5281394321321992,0.7383938067723669
63417588,20260207,250.18294000000003,52.0,7.085179469999998,6.9681237458369285,23.712244793708813,35.90391199175084,168.00551000000002,250.18293762207028,524464,140,0.03980419092144109,0.0050535572853715,0.6715306407383334,1.0,-0.5439952924286767,-0.3095401540047915
63418435,20260207,1.7391304347826086,17.27,0.0111358899999997,0.0188087425919285,88.58384915799515,92.45902059902473,0.98646,1.7391303777694702,2594,7,0.0029215001689379435,0.0090498559964208,0.5672145000000001,0.9999994516375508,4.129348532599604,4.3537358510873725
63425723,20260207,243.00836,27.5,14.681358509999999,0.0540471033,16.26848086553538,39.91962470956867,238.84340000000003,2.1575800000000003,111832,1,0.021381565110987898,2.3342670401493933e-05,0.982860836557228,0.0088786245208716,-0.40841887761689527,0.4516227167115881
63426601,20260207,7170.80575,339.26,20.49040154,0.0,129.28927404513905,0.0,2649.1891399999995,0.0,5034386,0,0.02410306742356816,0.0,0.36944092928469013,0.0,-0.6189079937359575,-1.0
63451974,20260207,68.71583000000001,2.5,35.654098270000006,11.407827974015278,1.3379210894288027,6.023567507754127,47.70237,68.71582794189452,10076,49,0.0029741137577850587,0.5036006546644844,0.6941976834158882,0.9999999999999998,-0.46483156422847893,1.4094270031016507
63463364,20260207,117.6470588235294,5.0,4.04439071,10.708296369774336,2.421155793822897,10.986532453951558,9.7921,117.64705657958984,3884,36,0.020792291220556744,0.3516281512605042,0.08323285,1.0,-0.5157688412354207,1.1973064907903117
63464061,20260207,346.15384615384613,6.1,49.97379218,32.17696073603206,3.0249067242189027,10.757816165213068,151.16606000000002,346.153839111328,5947,47,0.0024273469387755104,0.2797619047619047,0.4367019511111112,0.9999999999999996,-0.504113651767393,0.7635764480984958
63466342,20260207,80.63901,2.78,8.29725483,9.29549255226532,2.439680402102342,8.675064655249807,20.24265,80.63900756835935,75031,79,0.15825986078886312,0.7389619143916414,0.2510280074122934,0.9999999999999996,-0.12241712154592002,2.12052688652115
63472525,20260207,1025.55606,1.74,871.8579168499999,421.7691654147536,1.171362145439696,2.4315576195177377,1021.26136,1025.5560302734389,87878,397,0.016773811796144303,0.1736342595630988,0.9958123205863559,1.000000000000001,-0.32680336468982984,0.3974469001095664
63474289,20260207,1000.0,73.77,1.35e-05,4.0898338030741,0.0,244.50865331977604,0.0,999.9999999999998,180632,40,0.23122375832053252,0.0106899198663831,0.0,0.9999999999999998,-1.0,2.314472881201592
63494257,20260207,83.03227000000001,11.0,14.871869980000005,2.614273007353151,5.067624992778478,31.76112071853328,75.36506,83.03227233886719,51983,9,0.002313429846774158,0.0172726149283242,0.9076598772983081,1.0,-0.5393068188383201,1.8873746107757527
63494470,20260207,58.7649,10.5,0.40920028999999974,3.941982920827286,6.277219402752627,14.907442898749018,2.5686400000000003,58.76490020751954,1300,22,0.00012331391929578268,0.0219949801891564,0.04371044620172927,1.0000000000000002,-0.40216958069022596,0.4197564665475255
63510498,20260207,2.93115,8.3,0.1458485999999991,0.043493188461105,3.0990355752472274,67.39176113575292,0.45199,2.931149959564209,1655,25,0.00024791407642644217,0.0085959270379843,0.1542022755573751,0.9999996746416872,-0.6266222198497317,7.119489106877502
63520550,20260207,1000.0,25.3,0.8662697799999988,27.440810348339152,11.146215905165263,36.44207116567362,9.65563,999.9999999999998,31832,405,0.007775470822443147,0.048744739377241,0.00965563,0.9999999999999998,-0.559438106515207,0.4403981132256985
63523189,20260207,1000.0,18.66,0.5611918599999988,33.44431870186895,10.00761130070563,29.90044374991778,5.61619,999.9999999999995,27816,619,0.027983903420523138,0.1546432075054652,0.005616189999999999,0.9999999999999996,-0.4636864254712953,0.6023817789079227
63533300,20260207,2094.1917699999995,3.61,88.02355833999997,278.73412418059803,2.606760443763265,7.513223036589983,229.45632999999998,2094.191650390625,889339,956,0.07179963508364012,0.048523705937978,0.10956796473323932,1.0,-0.27790569424840295,1.0812252783709704
63533738,20260207,74.38692,3.79,7.22517268,11.571072945422287,3.456444725415199,6.428696028140632,24.973409999999998,74.3869171142578,2051,14,0.1289937106918239,0.4075757575757576,0.335723135196349,0.9999999999999998,-0.08800930727831165,0.6962258820175499
63535808,20260207,9.097779999999998,3.82,2.5308014499999993,1.7132857441644598,2.793494527198095,5.310132853504312,7.069780000000001,9.097780227661136,1234,10,0.003295060080106809,0.0561497326203208,0.7770884765294392,0.9999998951750656,-0.26871871015756676,0.3900871587179689
63536636,20260207,208.86075949367088,5.6,1.6327292399999997,0.0,5.438880974533169,0.0,8.88022,0.0,5207,0,0.0026184250226289852,0.0,0.04251741696969697,0.0,-0.028771254547648333,-1.0
63541909,20260207,312.5,26.0,23.84098275999999,10.708721050939856,10.391828746911944,29.18182006344757,247.75140999999996,312.50000000000017,6515232,969,0.08059416130628402,0.0094323085271726,0.7928045119999999,1.0000000000000004,-0.6003142789649252,0.1223776947479836
63543019,20260207,7.1144300000000005,2.32,3.098336459999999,1.414396770568534,2.2962096246964743,5.030006479615973,7.1144300000000005,7.114429950714111,98680,12,0.49538152610441766,0.75,1.0,0.999999865952129,-0.010254472113588608,1.1681063036002948
63548375,20260207,1000.0,18.08,0.18686605999999947,1.7131409561999995,13.590536451616773,35.77300747215218,2.5396099999999997,61.28423999999999,2795,36,0.008013188073394495,0.0352022206188872,0.00253961,0.0612842399999999,-0.24831103696809878,0.9785955543753896
63552128,20260207,86.28540000000001,4.15,12.18227423,16.852297632822925,3.2091774706339042,5.120096805225634,39.095079999999996,86.28540039062499,92113,34,0.011114288472212167,0.4857142857142857,0.45309032582569,1.0,-0.2267042239436376,0.2337582379675372
63558513,20260207,1000.0,30.39,0.0284800699999999,1.2941261839,24.025924093585534,44.28737044784057,0.6842600000000001,57.31349,3497,31,0.053389312977099236,0.0440340909090909,0.0006842600000000001,0.05731349,-0.20941348820054184,0.457300800832721
63563441,20260207,32.60413000000001,2.5,19.86996271,4.8362717807917015,1.4766222980999242,6.741582054832408,29.340429999999998,32.604129791259766,2810,14,0.0009405857740585774,0.6666666666666666,0.8998991845511592,1.0,-0.40935108076003035,1.6966328219329632
63577520,20260207,151.5151515151515,52.0,0.1348435899999989,0.3386933425,12.359949775884887,65.04673162646642,1.66666,22.03096,118256,65,0.008404056483764827,0.0004499947647158,0.010999956000000002,0.1454043355562611,-0.7623086581560599,0.2508986851243543
63592988,20260207,70.92198581560284,1.65,32.41290016,4.985167930820381,1.3753918896469397,14.226597017093804,44.580439999999996,70.92198944091795,57186,18,0.006098929226568833,0.8571428571428571,0.6285842039999999,0.9999999999999998,-0.16642915778973347,7.62218013494703
63599957,20260207,1000.0,36.05,0.07052639999999971,0.3576199586,18.042179949635955,47.57190424912642,1.27245,17.012710000000002,1402,6,0.0015661304736371761,0.0013392597424085,0.00127245,0.01701271,-0.49952344106418983,0.31960902235529
63604272,20260207,70.0,8.5,13.107625269999993,6.2708934514159935,4.387274492170468,11.162681901653396,57.50675000000001,70.0,26513,20,0.0016779954937849674,0.0059842889051886,0.8215250000000002,1.0,-0.4838500597446509,0.3132566943121641
63612668,20260207,2000.0,15.0,0.4373678399999993,13.743642915935018,1.6438565761945396,145.52181446443825,0.71897,2000.000000000001,112188,1206,0.07312475557293703,0.0899861975494496,0.000359485,1.0000000000000009,-0.8904095615870307,8.701454297629217
63614842,20260207,1000.0,10.01,0.0895118499999998,22.1395388056,11.244991584913086,16.989150330254862,1.0065600000000001,376.13197,1927,132,0.013135650988411724,0.1433148445113882,0.00100656,0.37613197,0.12337578270859999,0.6972177764028513
63618506,20260207,7.20164609053498,5.02,0.4629729899999988,0.7751892626019106,0.31919788668449184,9.29016613779465,0.14778,7.201646327972412,62768,5,0.008383822193727627,0.0472490910338204,0.02052030857142857,0.9999998675755312,-0.9364147636086669,0.8506307117714401
63619732,20260207,330.87964000000005,2.2,108.96754836999996,85.00505100364241,1.26041451839998,3.892470281151018,137.34428000000003,330.87963867187483,9613,124,0.004368949688678817,0.6492146596858639,0.41508833846651916,0.9999999999999994,-0.42708430981819095,0.7693046349018174
63623744,20260207,91.2677,25.0,0.8465259399999996,3.100328016582723,23.216075339640522,29.438069220121204,19.653010000000002,91.2677001953125,5636,6,0.002809431234734061,0.0038167938931297,0.21533368321980284,1.0,-0.07135698641437913,0.1775227688048481
63624433,20260207,1045.55126,38.5,37.189085069999976,22.4150977456,19.284177834708974,22.224204228223023,717.16093,498.1577323180001,495721,1161,0.28145176858002613,0.0438160599677197,0.6859165661566895,0.4764546195246247,-0.49911226403353315,-0.4227479421240773
63635613,20260207,1.2315270935960592,6.48,0.04878384999999941,0.0956957394986942,0.7307746313585425,12.86906008003999,0.03565,1.2315270900726316,13284,11,0.020436923076923078,0.1585217100490713,0.0289478,0.9999992256170523,-0.8872261371360274,0.985966055888996
63636525,20260207,1000.0,20.0,3.5062172199999977,0.7029834342000001,10.43995500084847,23.816373713954416,36.604749999999996,16.74254,22037,9,0.004973032744341389,0.0001525588408411,0.03660475,0.01674254,-0.47800224995757656,0.1908186856977208
63638938,20260207,1000.0,36.08,0.10309321999999971,0.0756421224,13.866188290558817,21.760903672056774,1.42951,1.6460627000000003,3419,2,0.005704989154013016,0.000221841611614,0.0014295100000000002,0.0016460627,-0.6156821427228709,-0.3968707714053721
63638951,20260207,2.47032,2.53,7.284128580000001,0.5141247920107554,0.24201384978846704,4.804894103215317,1.7628599999999999,2.470319986343384,19284,2,0.008461605967529618,0.0408163265306122,0.7136160497425434,0.9999996139471996,-0.904342351862266,0.8991676512059049
63639183,20260207,1000.0,34.1,0.039602299999999896,3.4427921655,14.820856364403117,48.45188095282339,0.58694,166.80980459999998,1549,48,0.02073627844712182,0.1240866001282668,0.00058694,0.1668098045999999,-0.5653707811025479,0.4208763378565577
63639342,20260207,6.451612903225806,2.04,0.6874497099999993,1.098833090805618,2.2969971141598142,5.871325801915459,1.5790699999999998,6.451612949371338,10334,12,0.07397279885468862,0.5166666666666667,0.24475584999999997,0.999999852180504,0.1259789775293207,1.8781009371109296
63640115,20260207,4.3478260869565215,2.41,0.1585456099999995,0.8005586674767146,3.495397948893077,5.430983074293814,0.55418,4.347826004028321,8107,23,0.009292755616689592,0.291543668749551,0.1274614,0.9999997806549512,0.4503725929016916,1.2535198675820134
63645523,20260207,111.24086,12.3,20.94655676999999,7.21092263553895,5.061078112457719,15.426714469295204,106.01216,111.2408599853515,924647,256,0.07352940708696482,0.051266231100665,0.9529965877646037,0.9999999999999994,-0.588530234759535,0.2542044089491624
63645835,20260207,62.5,12.3,2.190383879999999,2.493323619978985,4.473608525643462,25.06693252021341,9.79892,62.49999999999997,425060,232,0.03458021477383664,0.0864531820238947,0.15678272000000001,0.9999999999999996,-0.6362919897850844,1.037961961910814
63648944,20260207,26.5748031496063,68.0,0.0985532899999986,0.0,154.52239088111838,0.0,15.22869,0.0,2386,0,0.0018899009900990099,0.0,0.5730499644444444,0.0,1.2723881011929175,-1.0
63654752,20260207,1000.0,1.4,0.9703912699999997,42.5080622898,1.638483412984538,5.541797291351224,1.5899699999999999,235.57107,3670,70,0.005662706372473384,0.0107801122965269,0.0015899699999999998,0.23557107,0.17034529498895581,2.9584267040910506
63663934,20260207,2.1367521367521367,21.0,0.01623013,0.0749702238165346,22.84085216815885,28.50096370081959,0.37071,2.136752128601074,1186,1,0.0030201171377641964,0.0009057971014492,0.17349228,0.9999995827674866,0.08765962705518335,0.3571887476580757
63670871,20260207,3.5461400000000003,1.3,4.315747939999999,1.9728178736853648,0.4677497453662691,1.7974990014649397,2.01869,3.5461399555206308,418402,18,0.08361016745933415,0.4285714285714285,0.569264044848765,0.9999997310669994,-0.6401925035644084,0.3826915903052404
63675427,20260207,1000.0,34.85,0.1049685599999992,0.2331928827,18.840784326278413,41.273852849657096,1.97769,9.62481,2304,8,0.0032089136490250697,0.0009551719389311,0.00197769,0.00962481,-0.4593749117280226,0.18432868455665
63693341,20260207,1000.0,82.32,0.0232848699999989,0.0,38.02168532613845,0.0,0.8853299999999996,0.0,2180,0,0.00798242402050531,0.0,0.0008853299999999996,0.0,-0.5381233560964717,-1.0
63695352,20260207,244.34484,1.0,278.00997194,79.05983942342392,0.812903107118669,3.090631502231428,225.99517,244.3448333740236,56566,569,0.007163245406308964,0.292080013180017,0.9249025680264007,1.0000000000000009,-0.18709689288133102,2.090631502231428
63698963,20260207,1000.0,9.5,0.1341763499999994,48.09595230778613,1.7842935807987108,20.791770018583065,0.23941,999.9999999999984,25039,2663,0.0066331991098866165,0.3517043068694042,0.00023941,0.9999999999999986,-0.81217962307382,1.188607370377165
63701114,20260207,166.66666666666666,34.0,0.10341095999999951,1.8157378971,16.52697160919895,85.90866795282908,1.70907,155.98771,24190,128,0.0056870812272246385,0.0180132978906738,0.010254420000000002,0.935926231437798,-0.5139125997294427,1.5267255280243843
63701115,20260207,166.66666666666666,34.0,1.0170834799999982,3.013749023937428,21.73359457180451,55.30208890224464,22.10488,166.66667175292957,317627,440,0.0073764160539528745,0.0055532475444712,0.13262928000000002,0.9999999999999992,-0.36077663024104384,0.6265320265366069
63704769,20260207,1000.0,7.57,1.558786249999999,0.0,3.203665672570568,0.0,4.99383,0.0,7522,0,0.006137902896776826,0.0,0.00499383,0.0,-0.576794495036913,-1.0
63708107,20260207,17.33141,5.0,1.7003743199999994,3.338451855073034,4.742097022495613,5.191449514708378,8.06334,17.331409454345703,18142,13,0.015942003514938487,0.0137328980418728,0.4652443165328152,0.9999998899484528,-0.05158059550087746,0.0382899029416755
63711027,20260207,1000.0,29.95,0.0126712699999998,0.0087751204,238.15844820606355,42.07591363491321,3.0177699999999996,0.3692632839999999,1269,8,0.003895027624309392,0.0019207572868047,0.0030177699999999995,0.000369263284,6.951868053624827,0.4048718718891831
63711593,20260207,132.71462,3.93,7.46426473,5.063137380848396,1.8850912325560027,26.21192724460475,14.07082,132.71461486816406,8992,64,0.0031473573678683932,0.2,0.10602313445195412,1.0,-0.5203330197058518,5.669701475662632
63712035,20260207,59.29753,27.0,3.042648139999999,1.4877708996797447,19.37017600727241,39.856601096373694,58.93663,59.29753112792968,50946,11,0.0514034910705277,0.0298309178743961,0.9939137431188112,1.0,-0.2825860738047256,0.4761704109768035
63716161,20260207,41.27358490566038,3.72,0.9929988299999999,8.96559405104896,1.2684506385571475,4.603552361910929,1.25957,41.273586273193374,42793,17,0.0029517095815198274,0.1232295017211218,0.030517581714285716,1.0000000000000004,-0.6590186455491539,0.2375140662648838
63719668,20260207,1000.0,84.69,0.0002581,0.0,216.1565284773344,0.0,0.055790000000000006,0.0,1498,0,0.5548148148148148,0.0,5.5790000000000006e-05,0.0,1.552326466847732,-1.0
63761622,20260207,1000.0,40.0,18.74194842,0.2453896955999999,43.66644447311951,48.30154611616008,818.3942499999999,11.85275,48158,1,0.0031624846498860644,6.08894734278338e-06,0.81839425,0.01185275,0.09166111182798779,0.207538652904002
63768177,20260207,1000.0,95.0,0.36684069999999724,0.0736274561,46.32155047136298,414.35284149602046,16.99263,30.50816,352894,41,0.007251450211958007,6.45076256390171e-05,0.016992629999999998,0.03050816,-0.5124047318803897,3.361608857852847
63777240,20260207,1000.0,31.86,1.0178924899999986,20.8463389186,17.526408903950184,46.940084150067726,17.84,978.52895,45926,165,0.003431256817536572,0.0010311361470437,0.017839999999999998,0.97852895,-0.44989300364249263,0.4733233914256902
63782676,20260207,1000.0,7.35,2.1781402499999993,64.9242868692,13.303652049035872,12.330851887245576,28.97722,800.5717776,6436,151,0.005100649865271834,0.003998013542464,0.028977219999999998,0.8005717776,0.8100206869436561,0.6776669452027708
63786819,20260207,72.20216606498195,3.82,1.0274569299999996,2.8724187249,0.0,4.103961512940241,0.0,11.788299999999998,10096,5,0.0014038210183820463,5.904177999063789e-05,0.0,0.1632679603562334,-1.0,0.0743354933664589
63793115,20260207,13.157894736842104,19.23,0.8729048300000002,0.0,2.003803782366515,0.0,1.74913,0.0,1025,0,0.08686440677966102,0.0,0.13293388,0.0,-0.8957980352383508,-1.0
63798620,20260207,1000.0,15.0,1.3629326299999986,34.38472143379098,9.287869203043448,29.08268350647692,12.658739999999998,999.9999999999995,30468,244,0.017411280644608264,0.0459437793180704,0.012658739999999998,0.9999999999999996,-0.3808087197971035,0.9388455670984612
63800765,20260207,199.22996,2.25,100.40840010999989,30.187621182585108,1.4375852004599796,6.599723688237177,144.34563000000003,199.229965209961,308909,214,0.047207806100617394,0.596100278551532,0.7245176880023467,1.0000000000000002,-0.3610732442400091,1.933210528105412
63801044,20260207,750.0,12.0,10.220424519999998,23.53603764284035,8.865229602028315,31.866025178716693,90.60641000000001,749.9999999999997,520350,211,0.05984336185481645,0.0306223813543625,0.12080854666666668,0.9999999999999996,-0.26123086649764043,1.655502098226391
63807604,20260207,1000.0,22.0,0.16320020999999948,10.9445714761,10.508993830338854,42.406834623876215,1.7150699999999999,464.12467502300007,14590,234,0.024063994722084776,0.0236182764429996,0.00171507,0.4641246750230001,-0.5223184622573248,0.9275833919943732
63820271,20260207,68.4931506849315,2.7,3.1490065699999983,6.262196531017314,1.4951318440723362,10.93755801608896,4.70818,68.49314880371091,55247,160,0.0037335108395956103,0.1470636889991728,0.06873942799999999,0.9999999999999996,-0.44624746515839403,3.0509473418239765
63825455,20260207,137.20322999999996,35.0,1.6012345599999986,3.80268179323072,32.92780540534926,36.08064076650391,52.725139999999996,137.20323181152324,177198,68,0.017557916014347714,0.0076404494382022,0.38428497638138703,0.9999999999999986,-0.05920555984716397,0.0308754504715401
63827404,20260207,10.638297872340424,10.0,0.020658699999999704,0.2979538820524325,6.485887301718013,35.704392428098885,0.13399,10.638298034667969,1424,8,0.04127536231884058,0.0742857142857142,0.012595060000000002,0.9999999103546235,-0.3514112698281987,2.570439242809889
63835415,20260207,1700.05321,30.2,49.63370162,0.6938199182999999,34.0422252391338,29.771286000732275,1689.64165,20.655940992,1559686,19,0.05997454414015335,3.506504242624871e-05,0.9938757446303695,0.0121501731338305,0.12722600129582118,-0.0141958526945894
63839772,20260207,21.73913043478261,32.0,0.00565656,0.1121056521290233,27.960456531885104,193.9147196646464,0.15816,21.7391300201416,20151,4,0.34863321799307956,0.0232074752097635,0.00727536,0.9999999122619688,-0.1262357333785905,5.0598349895202
63840064,20260207,1000.0,40.0,0.1193747299999997,0.1972514422,19.089299720300986,44.81602306873745,2.2787800000000002,8.84007,3614,12,0.014946236559139785,0.0047629381613756,0.00227878,0.00884007,-0.5227675069924753,0.1204005767184362
63840552,20260207,1000.0,62.32,0.5946225499999989,1.7060971468,10.568199944653985,103.45743023697892,6.28409,176.50853,413262,787,0.011731132798528434,0.0017551274759883,0.00628409,0.17650853,-0.8304204116711492,0.6600999798395576
63843847,20260207,1000.0,300.0,0.8526294699999981,0.0,363.9800885606273,0.0,310.34015,0.0,7746,0,0.007241959611069559,0.0,0.31034015,0.0,0.2132669618687576,-1.0
63847388,20260207,66.11570247933884,566.0,0.10638380999999891,0.0,165.44359522374864,0.0,17.600520000000003,0.0,5656,0,0.08126436781609195,0.0,0.2662078650000001,0.0,-0.7076968282265925,-1.0
63848648,20260207,1000.0,19.0,0.1148203099999997,3.3617070105,5.431965825558227,39.50896543517637,0.6236999999999999,132.81760559,1028,118,0.0030668257756563248,0.07355041193119,0.0006236999999999999,0.13281760559,-0.714107061812725,1.079419233430335
63867023,20260207,34.770514603616135,1100.0,0.0538456399999992,0.0040965407641611,218.2925117056864,8485.703362859032,11.754100000000001,34.77051544189453,1655,1,0.0034827441077441078,0.0009930486593843,0.338047916,1.0,-0.8015522620857397,6.714275784417302
63874819,20260207,1000.0,33.66,0.9448800599999992,0.6293255763,13.054323529697527,46.725660582912205,12.33477,29.4057,4311,19,0.0022930851063829786,0.0016521405245434,0.01233477,0.0294057,-0.6121710181313865,0.3881657990115715
63886292,20260207,1000.0,18.66,0.5595576999999992,34.495936277905855,11.649504599793746,28.98892098347146,6.518569999999999,1000.0000000000005,46331,421,0.033857790119848,0.0895537658539701,0.006518569999999999,1.0000000000000004,-0.3756964308792205,0.5535327556549703
63890282,20260207,42.79496,8.01,0.0635166,1.0220701081982315,0.0,41.87082452356391,0.0,42.79496002197266,4495,14,0.0031823008849557522,0.014110320769629,0.0,1.0000000000000002,-1.0,4.22731876743141
63892216,20260207,41.66666666666666,12.54,0.9331463899999988,0.7352169767621193,1.5654885617678933,56.67253692807042,1.4608299999999996,41.66666793823243,10184,33,0.10184,0.1317474287012102,0.03505992,1.0000000000000002,-0.8751604017728953,3.519341076592472
63893649,20260207,36.47676,4.76,2.2019377899999992,5.551798670155069,3.5351589110971218,6.570258840632657,7.7842,36.47676086425781,1170,9,0.0005691215098745014,0.0143610421836228,0.2134016288727398,1.0,-0.2573195564922013,0.3803064127532753
63893761,20260207,1000.0,8.0,0.3891586299999991,66.48422767198059,3.910487607585635,15.041161189276837,1.5217999999999998,1000.0000000000006,7556,835,0.008974937641050005,0.3756130286086653,0.0015217999999999998,1.0000000000000009,-0.5111890490517956,0.8801451486596044
63895426,20260207,2.45433,6.5,1.2508153499999992,0.0820012008416275,1.7856352658288062,29.93004995364546,2.2335,2.4543299674987797,1785,1,0.009365162644281217,0.1666666666666666,0.9100243243573601,0.9999995827674866,-0.7252868821801837,3.6046230697916095
63898679,20260207,123.20089999999996,35.0,0.28454898999999845,2.9831312189048766,200.90347184152827,41.29917421562515,57.16688,123.20089721679692,5693097,549,0.08041029313310905,0.0231820481155805,0.4640134934079217,1.0000000000000004,4.7400991954722365,0.1799764061607185
63904068,20260207,1000.0,31.0,10.719261939999999,0.0,24.147337890317477,0.0,258.84164,0.0,386134,0,0.010210701120671874,0.0,0.25884164,0.0,-0.22105361644137173,-1.0
63904287,20260207,89.5,18.0,0.8540667899999981,2.912140828687473,9.683083450651463,30.73339324284849,8.27,89.50000000000003,5394,46,0.0016505002906887793,0.0333450333450333,0.0924022346368715,1.0000000000000002,-0.46205091940825205,0.707410735713805
63904753,20260207,1000.0,31.0,0.014054859999999999,0.3498108527999999,16.400021060330733,47.88585597062994,0.23049999999999998,16.75104,1045,21,0.0044,0.0154694791482072,0.0002305,0.01675104,-0.47096706256997634,0.5447050313106432
63904784,20260207,1000.0,31.0,4.666134619999999,6.7513448539,23.000272975407643,23.11380522890205,107.32236999999999,156.0492931,103750,42,0.01361798755676896,0.0004660938003416,0.10732236999999999,0.1560492930999999,-0.2580557104707212,-0.2543933797128371
63905155,20260207,1000.0,30.0,14.311155770000001,0.0023476661999999,21.206393451197822,3.1251780265752545,303.48799999999994,0.00734,166365,1,0.02275512576766834,2.9945857888936805e-06,0.3034879999999999,7.340000000000001e-06,-0.2931202182934059,-0.8958273991141581
63909258,20260207,1000.0,8.49,0.0785548699999998,39.743378267540415,6.25409984129566,25.161423573680104,0.49129,1000.0000000000005,1031,192,0.0007925282496733031,0.1706650464545201,0.00049129,1.0000000000000004,-0.2633569091524547,1.9636542110726407
63918879,20260207,1000.0,12.0,0.4190223499999993,57.121961987585664,4.2963340738268565,17.506401175627136,1.80026,999.9999999999992,11307,383,0.0011343298555377206,0.0152640025462348,0.00180026,0.9999999999999992,-0.6419721605144286,0.4588667646355946
63920538,20260207,10.416666666666666,10.85,0.00861161,0.3349190117238181,0.0,31.10195455608639,0.0,10.41666698455811,2611,40,0.0012296317227088632,0.0462324421542773,0.0,0.9999999084472772,-1.0,1.86653948963948
63921753,20260207,1000.0,30.0,2.4290685599999984,26.75262721025022,16.183087891105068,37.37950500193666,39.30983,1000.0,143425,255,0.013452862221305094,0.0165016891713007,0.03930983,1.0,-0.46056373696316444,0.2459835000645552
63924789,20260207,7.319470000000001,2.53,4.274365819999999,0.4126882352415406,1.5365250136685777,17.736033081787276,6.56767,7.319469928741454,2115,5,0.19766355140186917,0.8333333333333334,0.8972876451437056,0.9999998697072052,-0.3926778602100483,6.0102898349222444
63930260,20260207,1000.0,50.18,0.40955222999999735,9.183231404863657,13.81657719212037,108.89411874955692,5.6586099999999995,1000.000000000002,1565171,4299,0.04548474465939571,0.0366098901464269,0.00565861,1.000000000000002,-0.724659681304895,1.170070109352413
63931270,20260207,17.857142857142858,1.05,9.997431630000001,5.260002449586224,0.7097622932181032,3.3948919564880384,7.0958000000000006,17.85714340209961,9372,7,0.002013535288430551,0.1044776119402985,0.3973648,0.9999998931884913,-0.32403591122085407,2.233230581581416
63934713,20260207,29.41176470588235,60.0,0.37391975999999916,0.0,69.66021266166852,0.0,26.04733,0.0,1596,0,0.0013581822823589482,0.0,0.88560922,0.0,0.16100354436114206,-1.0
63935338,20260207,45.15721,1.18,43.847514660000016,18.034175738910257,0.807353855161468,2.503979635858866,35.400459999999995,45.15721130371095,5753,31,0.004228281640452742,0.4133333333333333,0.7839381573839481,1.0000000000000002,-0.3158018176597729,1.1220167348839605
63937480,20260207,27.785550000000004,6.0,15.92798474,3.731990331621035,1.7353620342556908,7.445234110913481,27.640819999999998,27.78554916381836,3633,1,0.00724571200638213,0.5,0.9947911774285553,0.9999999403953552,-0.7107729942907182,0.2408723518189135
63939449,20260207,1000.0,16.0,0.49055693999999916,33.07995754350001,8.767035280348917,24.95129053395332,4.30073,825.3876564699999,22070,416,0.06103429203539823,0.0947458212756987,0.00430073,0.8253876564699999,-0.45206029497819267,0.5594556583720824
63939968,20260207,1000.0,30.87,0.3124397999999979,8.2674545487,14.360974498127415,46.5524763952941,4.48694,384.87052928,6805,230,0.0015755597230904586,0.0053055354777834,0.00448694,0.38487052928,-0.5347918853862191,0.5080166870656343
63939971,20260207,1000.0,30.87,0.6990634299999976,9.6014579951,9.678549484415202,45.10109007863235,6.7659199999999995,433.0362670243,27337,256,0.006456084831022837,0.0049195852895535,0.00676592,0.4330362670242999,-0.6864739396043018,0.4610006107065709
63942675,20260207,7.03731,2.08,2.40745589,0.9611494076311254,1.3539936551028562,7.321757414417508,3.25968,7.037310123443604,17441,9,0.28405537459283386,0.6,0.46319971693729567,0.9999998644831376,-0.3490415119697807,2.5200758091240285
63942976,20260207,0.7507507507507507,4.82,0.09498938999999951,0.0651167862921592,0.6256488224632278,11.5291201199201,0.05943,0.7507507801055908,5076,3,0.04691312384473198,0.0579487179487179,0.07916076,0.999998650314298,-0.8701973397379195,1.3919335496509322
63948300,20260207,1000.0,10.01,3.0623741299999985,62.86822657980001,8.330928527011823,12.99602348005306,25.51242,817.0369617764002,56224,431,0.011217877094972068,0.0049326193354457,0.025512419999999997,0.8170369617764002,-0.16773940789092678,0.2983040142752101
63950119,20260207,1127.6450100000006,1.49,1214.6769155400002,204.3043486956001,0.9169166761557043,3.2847089645808545,1113.75752,671.0803289479994,164069,331,0.009557064884984826,0.0123854617275427,0.9876845196166828,0.5951166522483825,-0.38461968043241324,1.2045026466826032
63950135,20260207,53.81452,18.5,3.5856543599999995,1.4922680458028934,8.411530217876328,36.062211396066765,30.16084,53.81452178955077,7274,13,0.03225720620842572,0.016643579402076,0.5604591474568573,1.0,-0.5453226909256039,0.949308724111717
63951234,20260207,1000.0,24.0,0.6132488499999987,21.888957253999997,11.454615854558904,35.39555218478331,7.02453,774.7717641500002,14776,428,0.009395307433076875,0.0548545231746832,0.00702453,0.7747717641500002,-0.522724339393379,0.4748146743659713
63953718,20260207,1000.0,22.5,1.6580488599999996,30.8534031553352,14.751356603568368,32.411334417602,24.45847,1000.0000000000005,59318,380,0.051919474835886215,0.184393724676766,0.02445847,1.0000000000000004,-0.34438415095251695,0.4405037518934221
63956425,20260207,1000.0,50.67,3.5357482699999983,0.0,22.787402792111113,0.0,80.57052,0.0,115361,0,0.012660893805698232,0.0,0.08057052,0.0,-0.5502782160625397,-1.0
63957691,20260207,1000.0,18.0,0.45442549999999754,5.962668064700001,4.975799113386048,32.4622957352973,2.2611299999999996,193.56192655,4119,57,0.007485008177357805,0.0220594032632209,0.0022611299999999997,0.1935619265499999,-0.7235667159229973,0.8034608741831835
63958692,20260207,1000.0,30.0,1.691604149999999,4.184201303899999,15.538381127759719,29.903722528754283,26.284790000000005,125.12322469999998,49548,29,0.07745505705799594,0.0052723696906778,0.026284790000000006,0.1251232246999999,-0.4820539624080094,-0.0032092490415238
63967286,20260207,1000.0,30.2,4.732072439999998,0.0665229798,31.444605273202473,16.248814837142376,148.79815000000002,1.0809358299999998,323845,5,0.011683900249664468,1.8948006669698348e-05,0.14879815000000002,0.0010809358299999,0.04121209513915477,-0.4619597871970109
63967300,20260207,1000.0,29.2,14.951385440000003,0.0,33.738626565699704,0.0,504.43920999999983,0.0,891913,0,0.0644394592915303,0.0,0.5044392099999998,0.0,0.15543241663355153,-1.0
63972226,20260207,1000.0,29.07,0.0710429399999995,22.388909706191207,10.738575852857515,44.66496888227219,0.7628999999999999,1000.000000000001,6577,339,0.011975600873998543,0.2322851929927436,0.0007629,1.000000000000001,-0.6305959458941344,0.5364626539787886
63972231,20260207,1000.0,29.07,0.3966301899999991,25.74798219181403,10.763376333001803,38.83799335079286,4.269079999999999,999.9999999999995,20039,299,0.014682737397420868,0.1420628517026263,0.004269079999999999,0.9999999999999996,-0.6297428162022084,0.3360162971624587
63982060,20260207,144.41286,32.0,0.33754527999999956,2.679325785,44.74125663970185,50.08525677094666,15.102200000000002,134.19477,12379,50,0.0036130406864748115,0.0019545050875806,0.10457655917900942,0.929243924232276,0.3981642699906829,0.565164274092083
63985166,20260207,50.0,46.0,0.0192897799999996,0.2872912083312384,10.526299418656107,174.0388306749749,0.20305,50.0,4693,2,0.0284251968503937,0.0055298353909465,0.004061,1.0,-0.7711674039422585,2.783452840760324
63985726,20260207,4994.14603,1.0,6089.890448690001,4213.389645519899,0.7498611984033832,0.6855050105043708,4566.572550000001,2888.299713896631,160888,1378,0.11837833860643072,0.0911338005316847,0.914385066549606,0.578337060261306,-0.25013880159661683,-0.3144949894956291
63985744,20260207,1000.0,86.31,0.0857126599999991,0.0848122996999999,6.0222142213297944,390.9222977678819,0.51618,33.15541,77376,60,0.03762875066867675,0.0025361103688397,0.00051618,0.03315541,-0.9302257650176133,3.5292817613914806
63990159,20260207,1000.0,82.32,1.1119273199999975,8.734795085444574,5.475798544099099,114.48464168114612,6.08869,999.9999999999998,3475783,4347,0.24096718731584896,0.0672407173250706,0.00608869,0.9999999999999998,-0.9334815531572025,0.3907269449169375
63992188,20260207,221.95962,49.74,0.7805867899999986,0.0,15.255946106902503,0.0,11.90859,0.0,1284,0,0.00801498127340824,0.0,0.05365205617129819,0.0,-0.6932861659247587,-1.0
63993604,20260207,23.71317,4.5,6.438650769999999,1.1482827246683605,3.4845048755455337,20.65096681985026,22.43551,23.713169097900384,31270,19,0.007909047221589903,0.2707816377171215,0.9461202361388207,0.9999999195658548,-0.22566558321210362,3.5891037377445025
63994945,20260207,1000.0,24.0,41.13260980999996,0.5683607620000001,17.640384195208465,34.402648642643896,725.59504,19.55315,466873,12,0.009917494588503198,4.125467158445573e-05,0.7255950400000001,0.01955315,-0.26498399186631394,0.4334436934434957
63997152,20260207,69.34492,12.0,2.785368799999998,2.614975358418024,9.052226764369594,26.51837255588601,25.21379,69.34491729736328,33819,11,0.0018811220318053633,0.0006264454979712,0.3635996695936775,1.0,-0.24564776963586712,1.2098643796571678
63997228,20260207,3.88989,3.37,0.707181539999999,0.1947718305617426,5.500553648501636,19.97141975244613,3.8898900000000003,3.8898899555206303,29994,4,0.055792410714285715,0.5,1.0000000000000002,0.999999754832632,0.6322117651340167,4.92623751651341
63999590,20260207,40.26390000000001,45.0,1.131787849999998,0.1228046966,24.45908038330686,113.09452586094449,27.682489999999998,13.88865203,16471,12,0.014351311318288752,0.0010152587623562,0.687526295266976,0.344940548951706,-0.4564648803709587,1.513211685798766
64000136,20260207,1000.0,90.69,1.6932441799999993,0.0,77.56852883439414,0.0,131.34246000000002,0.0,15096,0,0.002574922817132038,0.0,0.13134246000000002,0.0,-0.14468487336647762,-1.0
64002001,20260207,1000.0,62.32,0.2421834799999985,0.7387790664999998,25.8219099007085,48.71705617411917,6.253640000000001,35.99118999999999,62783,247,0.048771071234366505,0.01118207917957,0.00625364,0.0359911899999999,-0.5856561312466544,-0.2182757315038112
64004668,20260207,1000.0,32.0,0.5324289999999983,13.7491310665,43.09333263214452,43.55028978024984,22.944139999999997,598.7786857230002,118155,272,0.025785648814979703,0.0060137692857368,0.02294414,0.5987786857230002,0.34666664475451614,0.3609465556328075
64005450,20260207,1000.0,23.0,0.0635592799999993,0.3165161638,6.056078671753428,34.71243034056278,0.38492,10.98708,1573,15,0.011373825018076645,0.0739234449760765,0.00038491999999999997,0.01098708,-0.7366922316628944,0.5092361017635992
64005608,20260207,341.5910099999999,25.0,3.260798799999999,11.209194682015726,10.870968181170825,30.474176123629,35.44804,341.59100341796886,2483646,1048,0.03214597179707875,0.0110993671283643,0.10377333993655163,1.0000000000000002,-0.565161272753167,0.2189670449451598
64007547,20260207,41.66666666666666,6.5,0.0681534699999993,0.311595367085984,0.0,133.72000555685116,0.0,41.666667938232415,3976,20,0.01602579604997985,0.0988155363155363,0.0,0.9999999999999998,-1.0,19.57230854720787
64009920,20260207,650.6762800000001,2.3,108.41929587999999,151.13901651944485,1.5695649802812575,4.305150848605566,170.17113,650.6762695312494,12907,233,0.02348435225618632,0.6984909706868181,0.2615296349822372,0.9999999999999992,-0.31758044335597496,0.8718047555913789
64012844,20260207,1000.0,33.75,0.0253990099999997,9.2664785354,39.24286812753771,53.87409036979548,0.9967299999999999,499.2231559,1932,96,0.01932,0.0621290437556791,0.00099673,0.4992231559,0.1627516482233396,0.5962693442902365
64019817,20260207,248.75621890547265,600.0,0.0269656999999989,0.0,21.850350630616823,0.0,0.58921,0.0,1030,0,0.0033594259621656884,0.0,0.0023686242,0.0,-0.9635827489489719,-1.0
64020537,20260207,40000.0,1.56,1525.4624940200001,11049.556617440408,1.2181481926199602,1.994857304224029,1858.23938,22042.28872873281,845119,4763,0.04100310027121309,0.01691619700716,0.0464559845,0.5510572182183202,-0.219135773961564,0.2787547290993343
64020711,20260207,1000.0,28.88,1.0800372399999991,24.62763040776865,33.37977494183444,40.604798059652445,36.0514,1000.0,53771,317,0.0032712793463646707,0.0082222307829018,0.036051400000000004,1.0000000000000002,0.15580938164246683,0.4059833531717671
64021638,20260207,380.56766,3.0,151.39981512,68.75977154445243,1.5370415731059843,5.534742821097479,232.70781,380.5676574707037,53398,475,0.012248371410221122,0.3813294859181789,0.6114755257974364,1.000000000000001,-0.4876528089646719,0.8449142736991598
64026285,20260207,1000.0,27.12,1.8919629599999992,13.840516465900002,21.427496656699887,35.955151548782084,40.54003,497.637903,3076,181,0.005333795734350616,0.0132883915316564,0.040540030000000005,0.4976379029999999,-0.2099005657559039,0.3257798833386182
64029548,20260207,1000.0,26.3,2.3800731099999988,28.68466625117279,20.342488554899905,34.86183023298324,48.41661,999.9999999999995,91557,133,0.003833772302641772,0.012917109098159,0.04841661,0.9999999999999996,-0.2265213477224371,0.3255449142317015
64029589,20260207,1000.0,30.0,3.040580139999999,0.1841175847,23.005876108892835,31.85119513902064,69.95121,5.86439697,129753,4,0.007055052605823342,3.437012793564847e-05,0.06995121,0.00586439697,-0.2331374630369055,0.0617065046340211
64033273,20260207,1172.770339999999,25.52,1.0628980399999992,29.4998121625,17.330335842937497,28.74151652193532,18.42038,847.8693674039987,45303,357,0.0013085486181717348,0.0012290342140146,0.01570672396097604,0.7229628047500746,-0.32091160490056825,0.1262349532282864
64040144,20260207,500.0,1.6,21.039017819999998,85.27077288754022,0.6015523209438491,5.863673767748698,12.65607,500.0000000000002,2695,150,0.012216681776971895,0.9017361111111112,0.02531214,1.0000000000000004,-0.6240297994100943,2.6647960502332197
64040948,20260207,208.86075949367088,12.0,14.615005989999997,14.2362033107,6.131463104518373,11.845177139896524,89.61137,168.63036186,6534,54,0.44448979591836735,0.3273635678047442,0.42904837757575753,0.8073817168622416,-0.4890447412901356,-0.0129019050086229
64048356,20260207,1062.3138600000002,50.18,47.016990050000004,0.0,22.246369427045014,0.0,1045.9573299999997,0.0,124130,0,0.009849867483455269,0.0,0.984602921400272,0.0,-0.5566686044829611,-1.0
64048419,20260207,793.6428571428571,2.67,3.1898601900000005,97.78467554940168,1.0692443545621348,8.116229569975872,3.4107399999999997,793.6428833007801,2208,1123,0.01645305514157973,0.8050023364990996,0.004297575375753758,0.9999999999999986,-0.5995339496021966,2.0397862689357997
64055756,20260207,145.76475000000008,12.0,18.89065399,10.1309841894642,7.020497017742476,14.388013852849442,132.62178,145.76475524902344,30880,15,0.0020010238399180928,0.0057220743966335,0.9098343735368114,1.0,-0.4149585818547937,0.1990011544041201
64059312,20260207,2.48044,13.0,0.0393387199999998,0.02834584674033,0.0,87.50320358641217,0.0,2.4804399013519283,6263,7,0.017158904109589042,0.025735294117647,0.0,0.9999996155222508,-1.0,5.731015660493243
64059848,20260207,33.373839999999994,14.0,3.2924306599999986,1.0070319899408071,7.6870259736920366,33.14076168844573,25.309000000000005,33.37384033203125,174403,34,0.03015944109153164,0.0150595494332041,0.7583484549575359,1.0,-0.4509267161648545,1.3671972634604093
64060132,20260207,1000.0,114.63,0.00028414,0.0,0.0,0.0,0.0,0.0,3555,0,0.1615909090909091,0.0,0.0,0.0,-1.0,-1.0
64062292,20260207,1321.44021,800.0,2.2271656199999987,0.0,543.0586702393514,0.0,1209.4815999999998,0.0,38700,0,387.0,0.0,0.9152753116238228,0.0,-0.32117666220081076,-1.0
64073068,20260207,1013.3127800000002,12.92,44.13809028,53.00353501996156,13.419031413517695,19.11783404024514,592.29042,1013.3128051757805,539831,304,0.024098737545087675,0.0276640881022593,0.5845089805341248,0.9999999999999992,0.03862472240849034,0.4797085083090046
64081848,20260207,1000.0,96.08,0.0024119499999999,0.0218460424,0.0,75.40334155253893,0.0,1.64734,8472,12,0.03788908765652952,0.0080365145235028,0.0,0.00164734,-1.0,-0.2152025383479198
64083791,20260207,125.47337,14.0,1.6046278199999997,4.713353700192572,7.512720301708345,26.620821345772978,12.055120000000002,125.47337341308582,6230,115,0.0017661233167965982,0.1116600790513833,0.09607711979043841,0.9999999999999992,-0.4633771213065468,0.901487238983784
64086199,20260207,1000.0,32.2,0.021028999999999798,0.0284433908,31.227352703409878,32.066427662778416,0.65668,0.91211,4888,1,0.9584313725490196,0.0294117647058823,0.0006566800000000001,0.0009121099999999,-0.03020643778230202,-0.0041482328259685
64087380,20260207,1000.0,23.0,5.341132769999998,0.0,9.887792023563573,0.0,52.812009999999994,0.0,40541,0,0.0082201585595815,0.0,0.05281200999999999,0.0,-0.5700959989754968,-1.0
64096983,20260207,1000.0,30.2,4.301334859999997,0.5871059344,15.664290782513046,21.024321204133948,67.37736,12.34352477,366253,12,0.011189857870873917,4.154776095155317e-05,0.06737736,0.01234352477,-0.48131487475122364,-0.3038304412914329
64097468,20260207,15.625,21.06,0.01136528,0.3370846036293314,15.553510340264385,46.3532106733982,0.17677,15.625,1350,7,0.028421052631578948,0.1379310344827586,0.01131328,0.9999999389648476,-0.2614667454765249,1.201007210297382
64099890,20260207,1000.0,30.66,10.770363810000001,0.0158228784,17.179383469684296,20.724626523924755,185.02821,0.32794397,177015,1,0.003985738120917497,1.6116139346587247e-06,0.18502821,0.00032794397,-0.43968090444604385,-0.324050012163518
64101372,20260207,416.6666666666667,160.0,0.7412095499999974,0.0130224553999999,49.9585710950434,112.8225923820494,37.02977,1.46934,120200,3,0.0036913287555124254,7.102606605239382e-06,0.08887144799999999,0.0035264160860941,-0.6877589306559788,-0.2948587976121912
64101770,20260207,72.20216606498195,3.4,4.905490569999999,0.0,1.4534876580141916,0.0,7.13007,0.0,40501,0,0.0052632194513391635,0.0,0.0987514695,0.0,-0.572503629995826,-1.0
64104000,20260207,1000.0,42.0,0.0751657799999997,0.1478778001,0.0,161.67618335983508,0.0,23.90848,5927,10,0.750253164556962,0.1064102564102564,0.0,0.02390848,-1.0,2.84943293713893
64105048,20260207,11.616680000000002,2.37,4.914132839999999,3.225633648268236,0.9571739619476793,3.601362650137822,4.70368,11.616680145263675,204118,20,0.09910565158283162,0.2471428571428571,0.4049074262181621,0.9999999179047524,-0.5961291299798821,0.519562373011787
64106409,20260207,1000.0,42.0,0.0010545499999999,0.0034707777,0.0,101.44082669809188,0.0,0.35218,4593,6,0.9772340425531915,0.1357142857142857,0.0,0.00035218,-1.0,1.4152577785259968
64107218,20260207,2941.176470588235,1.0,3.578357160000001,1.4444671768,0.6744827003238546,2.4749177984105803,2.41354,3.57494,6855,1,0.0591458153580673,0.0909090909090909,0.0008206035999999999,0.0012154795821951,-0.3255172996761454,1.4749177984105803
64110035,20260207,228.48797,91.53,7.419097219999999,0.0,26.11490107956828,0.0,193.74899000000002,0.0,25890,0,0.010469912649627952,0.0,0.8479614484736331,0.0,-0.7146847910022038,-1.0
64113541,20260207,65.18745999999999,15.0,8.433780029999998,3.54457814422574,7.209028428975994,18.390748012841044,60.79936,65.18746185302733,269827,28,0.04162134230051366,0.0338431798410856,0.9326849059619751,0.9999999999999998,-0.5193981047349338,0.2260498675227363
64114731,20260207,814.7297199999998,1.0,1020.60950375,626.0895970951655,0.7809207410586979,1.30129894955432,797.01513,814.7297363281252,25262,341,0.018622926649465535,0.2602920960114681,0.9782570961078972,1.0000000000000002,-0.2190792589413021,0.3012989495543201
64115407,20260207,17.81497,1.0,39.86770361,11.40203089113628,0.44141092680306493,1.562438185278933,17.598039999999997,17.814970016479492,10906,7,0.00822535636171657,0.3888888888888889,0.987823162205718,0.9999998929356364,-0.5585890731969351,0.5624381852789331
64115681,20260207,6.819940000000001,1.8,8.570856709999997,0.1537918479686927,0.7909804386404218,44.34497559709515,6.779380000000001,6.819940090179444,20773,11,0.03970374617737003,0.3928571428571428,0.9940527336017618,0.9999998601638476,-0.5605664229775434,23.636098206575475
64117220,20260207,230.21069000000008,20.91,0.46890148999999876,10.544060645983912,7.614157933258025,21.833208216025454,3.570289999999999,230.2106933593749,41787,145,0.0005780387600116197,0.0046110607355112,0.015508793271068333,0.9999999999999996,-0.6358604527375407,0.0441515244069984
64118118,20260207,11.77282,260.0,0.09289077999999928,0.0,68.46610610870152,0.0,6.35987,0.0,1267,0,0.0006213525575008582,0.0,0.5402163627745944,0.0,-0.7366688226588403,-1.0
64119946,20260207,1000.0,9.0,0.0419825599999997,20.48344162639134,0.0,48.81991851855886,0.0,1000.0000000000006,18374,650,0.002513611863525678,0.0493811743811743,0.0,1.0000000000000009,-1.0,4.424435390950984
64120867,20260207,1000.0,9.0,1.4720825399999993,61.74899325876933,6.463190576256685,16.194595750164513,9.51435,999.9999999999987,261822,1444,0.02192281606644952,0.0411966127007254,0.00951435,0.9999999999999988,-0.28186771374925723,0.799399527796057
64125620,20260207,1000.0,7.5,6.036810639999998,73.28588057896408,1.7993938600664807,13.64519302292242,10.862599999999999,999.9999999999994,1887451,2263,0.07749747485115993,0.0457978768472569,0.010862599999999998,0.9999999999999994,-0.7600808186578026,0.8193590697229893
64126534,20260207,333.3333333333333,6.0,10.337520489999998,6.459387203335336,1.4352861514860227,51.604475998785965,14.8373,333.33334350585955,16174,58,0.004599198111866238,0.0757180156657963,0.04451190000000001,1.0000000000000004,-0.7607856414189963,7.6007459997976605
64129362,20260207,1000.0,24.0,0.004000269999999999,23.51302647794373,0.0,42.529614739660566,0.0,999.9999999999995,1641,248,8.793316864842273e-05,0.0066682991731354,0.0,0.9999999999999996,-1.0,0.7720672808191903
64129661,20260207,1143.8391200000003,24.0,39.60234387999999,0.8394398305999999,18.662002740025706,31.864115998362305,739.0590500000001,26.74804,279466,16,0.004291428843445907,1.91205343271026e-05,0.6461215017720323,0.0233844425628553,-0.22241655249892892,0.3276714999317627
64131561,20260207,35.86777000000001,16.1,3.1311329399999996,1.655487601334564,11.277767720715175,21.665972885447243,35.31219,35.86777114868164,6708,8,0.00688211757463835,0.0424294431731502,0.9845103277956783,1.0,-0.2995175328748339,0.3457125696955675
64138592,20260207,1000.0,49.74,18.243956569999998,3.2007429237,17.530388146500613,52.06650515401243,319.82363999999995,166.65155,30667,9,0.01318160326670965,0.0001040644107572,0.31982363999999996,0.16665155,-0.6475595467128948,0.0467732890437921
64141830,20260207,1000.0,25.0,11.687656009999998,0.0295079951,9.752832381657338,23.886614830879143,113.98774999999999,0.70487,66955,3,0.0002839430833110338,7.31983366002069e-07,0.11398774999999998,0.00070487,-0.6098867047337064,-0.0445354067648342
64142416,20260207,111.11111111111111,3.54,0.2609288899999992,5.058707153650114,0.30912636772417285,21.964325896480265,0.08066,111.11111450195308,9221,78,0.10256952169076752,0.682253086419753,0.0007259399999999999,0.9999999999999994,-0.9126761673095557,5.204611902024697
64150905,20260207,6.079800000000001,48.47,0.060453279999999894,0.0223237545,20.284259183290008,119.09470269874636,1.22625,2.65876,3003,10,0.1716,0.0844461697722567,0.20169248988453564,0.4373103599728539,-0.5815089914732823,1.4570806622525336
64157057,20260207,319.6986600000001,3.0,9.951795829999998,19.6403874868409,20.23582612023905,16.277614347994824,201.38281,319.6986694335938,32315,101,0.09315364658402998,0.0595919630482586,0.6299144638266546,1.0000000000000002,5.745275373413016,4.425871449331608
64162199,20260207,209.54995,1.0,7.434174840000001,18.0482860512463,13.057420909406536,11.610517756083691,97.07115,209.54995727539057,16762,33,0.037026728517782194,0.0472569959070589,0.4632363310036581,0.9999999999999998,12.057420909406536,10.610517756083691
64162266,20260207,1000.0,2.09,74.27437595999999,194.2708345298744,0.8667137107239858,5.147453024909771,64.37462,1000.0000000000005,2371583,1548,0.14983276683387878,0.7981338364356673,0.06437462,1.0000000000000004,-0.5853044446296719,1.462896285311892
64165844,20260207,1000.0,4.75,46.44669738,109.79733839748891,2.7559875560736797,9.10768881548026,128.00652,1000.0,13710,314,0.006478899862955437,0.2997308684958082,0.12800651999999998,1.0,-0.4197920934581727,0.9174081716800548
64166008,20260207,1000.0,148.94,0.013172819999999698,0.0,26.522794663557843,0.0,0.34938,0.0,1978,0,0.019819639278557115,0.0,0.00034938000000000005,0.0,-0.8219229578114822,-1.0
64166181,20260207,35.08771929824562,61.67,0.0473679299999997,0.1714655059085547,13.973589303986978,204.6330784995162,0.6618999999999997,35.08771896362305,1359,3,0.00880181347150259,0.0555555555555555,0.01886414999999999,1.0,-0.7734135024487275,2.31819498257358
64167205,20260207,1000.0,10.0,0.7703270299999996,58.4602388998,7.99997891804472,12.828520510220589,6.162599999999999,749.9583865870002,33173,545,0.0040760582416907295,0.0021732578883539,0.006162599999999999,0.7499583865870002,-0.20000210819552802,0.2828520510220587
64169776,20260207,2.2580645161290325,3.34,0.1861151899999996,0.0930714915900592,0.12830763571742881,24.261352305725588,0.02388,2.2580645084381104,25496,4,0.9768582375478927,0.6666666666666666,0.010575428571428569,0.999999577658694,-0.9615845402043626,6.263878122511751
64173658,20260207,31.25,14.4,0.0010938100000000002,0.0526507973,11.821065815818102,74.35928497734302,0.01293,3.915150000000001,1071,24,0.013819354838709677,0.0834518773878041,0.00041376,0.1252847923532231,-0.1790926516792985,4.163839371332737
64177035,20260207,237.66124999999988,12.0,24.485487429999996,14.675391356704788,4.2817244418646245,16.194541795281665,104.84011000000001,237.6612548828128,980620,180,0.018343952380774225,0.0475435816164817,0.44113253633059685,1.000000000000001,-0.6431896298446146,0.3495451496068054
64178557,20260207,1000.0,31.31,0.0886122099999985,0.5383292905999999,10.052790693291762,48.484639366863824,0.8908,26.10075,3427,12,0.0014999781152886594,0.00109904800467,0.0008908000000000001,0.02610075,-0.6789271576719335,0.5485352984308813
64178983,20260207,4.433497536945813,3.12,2.1055268100000006,0.91523633011104,0.5951052221462807,4.844095933407955,1.2530100000000002,4.433497428894043,66908,6,0.17050968399592253,0.45,0.2826233666666667,0.9999997848935008,-0.809261146747987,0.5525949074001093
64179291,20260207,1000.0,12.93,0.060736689999999496,0.0,0.0,0.0,0.0,0.0,2521,0,0.7002777777777778,0.0,0.0,0.0,-1.0,-1.0
64179851,20260207,1000.0,10.01,0.3255854799999997,37.32374582079999,5.419129870287833,14.88352369838772,1.7643900000000001,555.50887032,5984,128,0.00380831158913002,0.0173305856822913,0.0017643900000000002,0.5555088703200001,-0.4586283845866301,0.4868654703367854
64180551,20260207,1000.0,86.31,0.0109129999999997,0.0091514343999999,40.275817831944664,88.92169716070296,0.43953000000000003,0.81385,5354,8,0.36924137931034484,0.0756113256113256,0.00043953000000000004,0.00081385,-0.5333586162444136,0.0302595258485112
64181008,20260207,1000.0,30.8,0.1026293999999999,0.0,14.458040288650244,0.0,1.48382,0.0,1024,0,0.014566145092460882,0.0,0.0014838199999999998,0.0,-0.5305831075113558,-1.0
64185135,20260207,250.0,28.0,0.7614459199999998,6.310654773307613,50.63039801959937,39.61553426149991,38.552310000000006,250.0,26135,91,0.0095701050935589,0.0327410139643942,0.15420924000000003,1.0,0.8082285006999774,0.4148405093392825
64186013,20260207,82.85864999999998,10.0,0.7175463199999993,5.963735233380071,6.5986262740501616,13.89374830894518,4.73482,82.85865020751946,1590,81,0.0001596561869282752,0.0036500156276486,0.05714333989269679,0.9999999999999992,-0.34013737259498383,0.3893748308945181
64188498,20260207,1000.0,26.98,0.00055345,2.6667905033,0.0,295.223480735469,0.0,787.29947,20762,2666,0.020013495276653172,0.1609059834923569,0.0,0.78729947,-1.0,9.942308589490748
64189196,20260207,96.95803,32.41,4.22056063,0.0,14.630236457472718,0.0,61.74780000000001,0.0,9290,0,0.004811227924801906,0.0,0.6368508106033096,0.0,-0.5485888164926652,-1.0
64190160,20260207,111.11111111111111,2.0,24.95588943,23.4078311709772,1.1133123537003906,4.746749450797801,27.783699999999996,111.11111450195312,4183,54,0.008793357157872609,0.4833333333333333,0.2500533,1.0,-0.4433438231498047,1.3733747253989006
64192256,20260207,3.605769230769231,102.0,0.0016613199999999,0.0044957668673929,0.0,801.858149141758,0.0,3.605769157409669,9450,4,0.010175514159577905,0.0065149695286665,0.0,0.9999997355143876,-1.0,6.8613544033505685
64192383,20260207,89.25466,25.49,9.178e-05,1.7658953541665432,0.0,50.54354484025448,0.0,89.25466156005858,1309,28,0.010123743232791957,0.0202235747036078,0.0,1.0,-1.0,0.982877414440922
64192413,20260207,1000.0,58.55,0.032132519999999,1.3213038027,23.139174891979312,192.08985449183064,0.74352,253.80924729,11300,89,0.022893030794165315,0.0402414926608114,0.00074352,0.25380924729,-0.6047963297697813,2.280783210843204
64199262,20260207,461.9958,1900.0,0.0820379699999994,0.0,339.63797495233246,0.0,27.86321,0.0,3331,0,0.0009554816132178304,0.0,0.06031052663249319,0.0,-0.8212431710777197,-1.0
64200673,20260207,1000.0,10.57,0.3103161699999992,17.027278199376536,1.7392261576314292,58.7292889422178,0.53971,999.9999999999995,109142,554,0.055119438412201405,0.1108086153880655,0.00053971,0.9999999999999996,-0.8354563710850115,4.556224279833764
64200712,20260207,1000.0,160.82,0.3984430099999988,0.0,56.78746880262768,0.0,22.62657,0.0,41762,0,0.027455131155085136,0.0,0.022626570000000002,0.0,-0.6468880188867823,-1.0
64200992,20260207,1000.0,10.57,0.017003289999999997,16.302467151357924,0.0,61.3404050672354,0.0,999.9999999999992,4000,638,0.0020105554159336515,0.1597409385516382,0.0,0.9999999999999992,-1.0,4.803255140799273
64203381,20260207,1000.0,46.06,8.86759621,1.421296836,23.37587268196101,391.23757590805207,207.2878,556.0651200000001,7833,8,0.0031326987681970886,0.0007073386383731,0.2072878,0.5560651200000001,-0.49249082323141535,7.494085198506322
64206422,20260207,70.27027027027027,20.7,0.0865666899999999,2.3966991165107507,8.043625094132638,29.31959272550665,0.6963100000000001,70.27027130126955,7980,31,0.014169034090909092,0.0419152276295133,0.009909026923076924,1.0000000000000002,-0.6114190775781334,0.4164053934722266
64210247,20260207,72.20216606498195,3.4,10.805448110000002,27.951645346600003,1.5694453230778593,0.6185742973992353,16.95856,17.29017,114966,25,0.015569399114313187,0.0003452574208466,0.23487605599999997,0.2394688623561104,-0.5383984343888649,-0.8180663882209723
64210997,20260207,1000.0,29.6,14.719852320000005,0.5170278118,21.984303440348636,45.69077303014625,323.60569999999996,23.62344609,567575,7,0.02156194202788436,3.5052395918855794e-05,0.32360569999999994,0.02362344609,-0.25728704593416774,0.543607177071177
64212391,20260207,91.66666666666669,19.44,1.6268780499999997,3.381567915735113,9.714870761210406,27.107732063951715,15.80491,91.66666412353516,36594,27,0.03395879732739421,0.0121951219512195,0.17241719999999996,1.0000000000000002,-0.500263849731975,0.3944306234179742
64213169,20260207,31.25,48.29,0.32624695999999975,0.6747585072303952,20.86312160579214,46.31279687820649,6.8065299999999995,31.25,14638,15,0.065818345323741,0.0408470886412062,0.21780896,0.9999999389648476,-0.5679618636199598,-0.0409443777145403
64215562,20260207,250.0,1.0,0.1290475899999997,63.83751276893456,0.7006717444316488,3.916192615284118,0.09042,249.9999999999997,3186,211,0.009409332545776727,0.1398669086509377,0.00036168,0.9999999999999988,-0.2993282555683512,2.916192615284118
64217599,20260207,4.044489383215369,17.6,0.1622412699999998,0.1407656567093365,0.0,28.731870730217125,0.0,4.04448938369751,32190,1,0.014040214594146639,0.0095238095238095,0.0,0.9999997615814208,-1.0,0.6324926197426484
64218618,20260207,1000.0,72.88,0.2470997599999992,0.0,24.602452062276466,0.0,6.07926,0.0,1453,0,0.001372697213037317,0.0,0.0060792599999999995,0.0,-0.6624251912420901,-1.0
64218716,20260207,1000.0,86.0,0.022980879999999898,0.0087293381999999,0.0,193.5812750071928,0.0,1.69003,1256,1,0.031321695760598504,0.0208333333333333,0.0,0.00169003,-1.0,1.2509450582231718
64221144,20260207,50.0,2.7,5.916374259999998,9.103927434179475,1.839430624525772,5.492134561634047,10.88276,50.00000000000002,1484,38,0.002312607137291569,0.2282373872156563,0.2176552,1.0000000000000004,-0.31872939832378816,1.0341238757923934
64223277,20260207,320.82551,6.0,74.70335081,36.278202372573766,4.2342341617915435,8.84347819525221,316.31147999999996,320.82550048828125,8811,22,0.00046424751437107133,0.0018944195629367,0.985929953014023,1.0,-0.2942943063680761,0.473913032542035
64223652,20260207,62.5,2.3,6.484282639999999,6.8401717188518445,1.1662091891787125,9.137196174556674,7.56203,62.5,1612,16,0.002448359659781288,0.3321428571428571,0.12099248,1.0,-0.492952526444038,2.972694071299778
64224566,20260207,35.714285714285715,72.0,0.13725182999999908,0.0,33.85193479751804,0.0,4.64624,0.0,24605,0,0.018258385277530424,0.0,0.13009472,0.0,-0.5298342389233606,-1.0
64226642,20260207,1000.0,25.05,2.911225099999997,6.846961608999999,20.00017793196412,142.7796115843226,58.22501999999999,977.6066618454,145572,599,0.04301137538779731,0.0128314762453026,0.05822501999999999,0.9776066618454,-0.20158970331480558,4.699785067182176
64227028,20260207,1000.0,8.0,0.0792921999999998,30.205504024026144,11.766731153884017,33.10654793570171,0.9330099999999999,1000.0000000000006,1988,437,0.003682845498332716,0.2042915859123832,0.0009330099999999999,1.0000000000000009,0.4708413942355021,3.138318491962714
64228142,20260207,1000.0,25.88,16.338159759999996,1.2435818594336163,11.14501159707108,804.1281627630709,182.08898000000002,1000.0000000000002,160994,56,0.039788937768770696,0.0035539287785348,0.18208898,1.0000000000000002,-0.5693581299431576,30.07141378822408
64229089,20260207,1000.0,3.94,10.034370079999999,4.803101184600001,4.687016686153558,15.462571301964712,47.03126,74.26831,29921,11,0.0248616535105941,0.0109163052085012,0.047031260000000005,0.07426831,0.1895981436937964,2.9245104257366563
64229552,20260207,41.66666666666666,1.4,7.185961429999999,22.0324666734,0.5687116525477927,1.7954259058216309,4.086739999999999,39.55766323,3698,41,0.02213046080191502,0.0259655517137654,0.09808175999999999,0.9493838885471028,-0.5937773910372909,0.2824470974268231
64230865,20260207,4.664179104477612,27.0,0.07598885999999959,0.0460778307497234,4.362086758506468,101.22173781789716,0.33147,4.664179325103761,1113,9,0.0009238814642649622,0.0101010101010101,0.071067168,0.9999997955322782,-0.8384412311664271,2.7489532525147093
64233051,20260207,1000.0,56.0,0.0003873,0.0104957419,0.0,103.15867631269472,0.0,1.08283,20814,12,0.06580461587100854,0.0088781642098815,0.0,0.00108283,-1.0,0.8421192198695484
64233843,20260207,223.26955,80.0,4.2798114699999985,10.677355609778868,30.495995189246045,20.91056379107048,130.51711,223.26954650878903,4698,7,0.47454545454545455,0.1271730914588057,0.5845719221452276,1.0,-0.6188000601344245,-0.738617952611619
64238938,20260207,41.66666666666666,1.51,3.0426265499999996,10.243927925636036,0.6378469286676015,4.0674499247997655,1.9407300000000003,41.66666793823244,12280,42,0.029676172063798936,0.3596886360044255,0.04657752000000002,1.0000000000000004,-0.5775848154519195,1.6936754638997726
64240263,20260207,41.66666666666666,1.29,18.52793197,8.844526251144346,0.7015828869108266,4.711011312994869,12.99888,41.66666793823242,13181,20,0.017579354494531876,0.2061855670103092,0.31197312000000005,1.0,-0.4561372969683515,2.6519468622523923
64240994,20260207,1000.0,50.18,15.073859659999997,0.0,16.101787164973516,0.0,242.71608,0.0,27151,0,0.0081188326057054,0.0,0.24271608,0.0,-0.6791194267641787,-1.0
64243018,20260207,1000.0,23.0,6.0448736499999995,5.464293886,20.18627965863274,20.92337372255059,122.02351000000002,114.33148402999998,51905,65,0.0026836494116187206,0.0005899453713838,0.12202351000000002,0.1143314840299999,-0.12233566701596789,-0.0902880990195395
64243604,20260207,1000.0,38.5,0.0999368999999999,0.0,15.235413545947509,0.0,1.52258,0.0,7150,0,0.7222222222222222,0.0,0.00152258,0.0,-0.6042749728325323,-1.0
64251345,20260207,169.62831999999997,1.76,95.44074008000001,32.953312762020644,1.6484152351304773,5.147534710500517,157.32596999999998,169.62832641601565,9311,104,0.06575564971751413,0.6492120437420736,0.9274746693240846,1.0000000000000002,-0.0634004345849561,1.924735646814188
64251856,20260207,1000.0,14.0,0.6012973099999992,51.86092595579804,11.061649352796888,19.282339493320617,6.65134,1000.0000000000002,36349,462,0.08878602833414753,0.2757621536756358,0.00665134,1.0000000000000002,-0.2098821890859366,0.3773099638086155
64254884,20260207,1000.0,163.18,0.0012347400000000002,0.0,96.26318091258076,0.0,0.11886,0.0,5561,0,0.09930357142857144,0.0,0.00011886,0.0,-0.41007978359737246,-1.0
64254890,20260207,1000.0,163.18,0.039122879999999804,0.0,46.19803041084933,0.0,1.8074,0.0,18356,0,0.02192022928110819,0.0,0.0018073999999999998,0.0,-0.716889138308314,-1.0
64255796,20260207,1000.0,2.0,198.59441599,98.8719786357,1.4178653946351583,3.9290427311291873,281.5801500000001,388.4722329000001,558633,150,0.03837529452981706,0.0100725221595487,0.28158015000000014,0.3884722329,-0.29106730268242087,0.9645213655645936
64256969,20260207,1000.0,61.25,0.09872948999999959,0.0432198921999999,10.862711840200983,58.76486742214915,1.07247,2.53987,40833,6,0.22036157582298974,0.008321854912764,0.00107247,0.00253987,-0.8226496026089635,-0.0405735931077689
64259874,20260207,283.0188679245283,56.1,1.1502192899999983,0.0,35.86409162030317,0.0,41.25157,0.0,88153,0,0.016921585564833478,0.0,0.14575554733333335,0.0,-0.36071137931723407,-1.0
64260084,20260207,1000.0,35.0,0.00042429,0.0040040289999999,0.0,30.214512803777456,0.0,0.12101,1274,7,0.5790909090909091,0.3529411764705882,0.0,0.00012101,-1.0,-0.1367282056063584
64265671,20260207,363.78365,3.0,3.2387437199999987,8.027244568,20.569083496362605,20.025483421214304,66.61799,160.74947304,4342,69,0.013788504287075261,0.0171199235952474,0.1831252998863473,0.44188205882395,5.856361165454202,5.675161140404768
64267444,20260207,72.20216606498195,3.4,0.0052856199999999996,14.72956414904986,0.0,4.9018530394936,0.0,72.20216369628906,1372,15,0.00017793225086891112,0.5010718113612004,0.0,1.0,-1.0,0.4417214417648027
64268049,20260207,1000.0,91.46,0.0990382899999995,0.0473142396,34.011794832079765,111.39582182312354,3.36847,5.270720000000001,11358,3,0.031169045005488474,0.0018421581180487,0.0033684699999999997,0.00527072,-0.6281238264587823,0.2179731351214875
64269101,20260207,1000.0,2.08,48.0407577,232.48875336932952,0.7118522195997753,4.3012833145959775,34.197919999999996,999.9999999999998,1547805,1668,0.1394695345023338,0.8352750227275761,0.03419792,0.9999999999999998,-0.6577633559616466,1.067924746329863
64273516,20260207,1.7391304347826086,22.76,0.0370937599999997,0.0091514584868925,15.461630204109927,190.01783840485228,0.57353,1.7391303777694702,20375,6,0.0023010898413236207,0.0006134969325153,0.32977975,0.9999994516375508,-0.3206665112429734,7.348762587608619
64273959,20260207,3.27383,2.5,0.2697672899999996,0.4681268748563721,0.05805003267816503,6.9934522441878855,0.01566,3.273829936981201,4144,10,0.017209302325581394,0.149368613842298,0.004783388263898859,0.9999997086977463,-0.9767799869287339,1.7973808976751542
64274214,20260207,79.67623999999999,1.6,40.99543987,26.692958495154127,0.9381767855635404,2.984915892452331,38.46097,79.6762390136719,3973,28,0.009967385850476669,0.7567567567567568,0.48271567533809334,1.0000000000000004,-0.41363950902278723,0.8655724049835118
64274912,20260207,1000.0,69.46,0.0025896699999999996,0.0,0.0,0.0,0.0,0.0,1941,0,0.3235,0.0,0.0,0.0,-1.0,-1.0
64277430,20260207,11.11111111111111,29.66,0.2584786599999994,0.3251425513747188,13.298660709553381,34.17293881511006,3.4374199999999995,11.11111068725586,12110,6,0.007286840363439437,0.0902255639097744,0.30936779999999997,0.9999999141693156,-0.5516297805275326,0.1521557313187818
64277460,20260207,376.40849,52.58,3.022726399999999,0.0,19.713292608950656,0.0,59.58789000000001,0.0,12033,0,0.005504574565416286,0.0,0.15830644521328416,0.0,-0.625080018848409,-1.0
64279494,20260207,2330.69918,1.0,45.67883813999999,126.21958588949998,10.02593867638158,8.479132734974709,457.97322999999994,1070.2326309897437,19741,521,0.0148943715104874,0.0361428942694946,0.1964960703337099,0.4591895094742129,9.02593867638158,7.479132734974707
64280314,20260207,148.10778000000005,1.0,8.279366869999999,53.4748295846,2.70656686095129,1.11372195758113,22.40866,59.556093,1579,29,0.004259509036957108,0.008164013879305,0.1512996818938208,0.4021132170389591,1.7065668609512898,0.1137219575811301
64282626,20260207,24.252223120452708,2.1,11.260596589999999,11.662492691775311,1.0874530405320206,2.07950585950663,12.245370000000001,24.252223968505863,4456,16,0.0002377585811319144,0.1428571428571428,0.5049174230000001,0.9999999213536672,-0.48216521879427593,-0.0097590695507789
64284934,20260207,1000.0,28.6,0.1691272599999999,0.0,11.384149426887191,0.0,1.9253699999999998,0.0,29263,0,0.16895496535796767,0.0,0.0019253699999999998,0.0,-0.6019528172417066,-1.0
64286119,20260207,1000.0,86.31,0.5850025299999988,0.0041636856,20.02481937984101,103.65488333621148,11.714569999999998,0.43169,161608,5,0.03876979176662508,5.95661894799388e-05,0.011714569999999999,0.00043169,-0.7679895796565751,0.2009603321543684
64287339,20260207,31.51393999999999,9.5,3.4181501899999986,1.421237722050576,8.02072421516388,22.173573181068857,27.416040000000002,31.513940811157227,1032,3,0.00018701072774717308,0.0009047044632086,0.8699654819422773,0.9999999394760392,-0.15571324050906535,1.3340603348493534
64288469,20260207,1000.0,48.4,0.0222398099999995,0.1432772617999999,11.540566218866338,286.02622257663387,0.25666,40.98134000000001,36100,66,0.10284900284900285,0.0192393524376156,0.00025666,0.04098134,-0.7615585491969765,4.909632511554758
64288593,20260207,6.666666666666667,42.48,0.0149318499999999,0.0023610598,11.833764737792114,75.81095110293144,0.1767,0.17907,1538,2,0.04090425531914894,0.0053191489361702,0.026504999999999997,0.0268604967979792,-0.7214273837619558,0.7846269284338233
64293134,20260207,37.5,7.5,0.42062227999999935,3.85246068268671,2.63264703904891,9.734035816249174,1.1073499999999998,37.49999999999999,59369,156,0.010632365056055016,0.0223998336401442,0.029529333333333328,0.9999999999999998,-0.6489803947934786,0.2978714421665565
64295359,20260207,1000.0,16.12,0.0141792999999997,3.0747765769000006,8.638649298625644,82.19686584771124,0.12249,252.73708,13127,280,0.03294102885821832,0.090783596887669,0.00012249,0.2527370799999999,-0.4641036415244638,4.099060891340511
64297824,20260207,1000.0,33.0,0.00205724,0.1028770085,14.995819641850245,133.38399722230238,0.03085,13.72228,1078,16,0.006382474837181764,0.0043661711095921,3.085e-05,0.01372228,-0.545581222974235,3.041939309766739
64300269,20260207,3.38267,15.0,0.0333015799999996,0.0321443961064809,101.57686211885564,105.23030777050224,3.38267,3.3826699256896977,3055,7,0.006665939341042985,0.0976430976430976,1.0,0.9999997180706164,5.7717908079237095,6.015353851366816
64321933,20260207,50.13335000000003,26.93,1.425379699999999,1.8736522526397108,33.43966523446351,26.757005492709872,47.66422,50.13335037231446,66805,11,0.04123001913225946,0.0155099286678234,0.950748753075547,1.0000000000000002,0.24172540788947314,-0.0064238696808577
64324670,20260207,1000.0,8.39,4.789910639999999,86.3491569547868,2.115461176954233,11.580888843451248,10.13287,1000.0,5060,629,0.0012384052473139334,0.0253531021559814,0.01013287,1.0000000000000002,-0.7478592160960391,0.380320425453616
64325724,20260207,1000.0,67.37,0.04887855,0.3200927982,38.91686639640497,129.66361808130776,1.9022000000000001,41.50452,3509,1,0.816046511627907,0.0185185185185185,0.0019022000000000002,0.0415045199999999,-0.42234130330406755,0.9246491434629808
64326105,20260207,27.51538,48.47,2.9213346499999995,0.2048648078,8.051806046938172,47.63176493329893,23.52202,9.758119999999998,121481,51,0.09831741663968922,0.0031208967205097,0.8548680774170664,0.3546423497986445,-0.8338806262236813,-0.0172939192550743
64326658,20260207,1000.0,76.48,0.09384180999999919,0.1133767935,2.29631120712614,65.85592971519594,0.21549000000000001,7.4666,3056,1,0.020373333333333334,0.0006053268765133,0.00021549,0.0074665999999999,-0.9699750103670746,-0.1389130906827357
64329848,20260207,3.886010362694301,2.17,0.1599893299999996,0.2529526300372111,2.891755343934506,15.362540588288184,0.46265,3.886010408401489,7868,15,0.03297569153394803,0.2260188087774294,0.11905526666666666,0.9999997545878724,0.3326061492785743,6.079511542932866
64330332,20260207,2.2222222222222223,39.44,0.0206249999999999,0.0301985767195012,0.0,73.5845521553632,0.0,2.222222328186035,8855,14,0.7767543859649123,0.392156862745098,0.0,0.9999995708467624,-1.0,0.8657341459827368
64330383,20260207,3.83043,48.47,0.20456177999999892,0.0777783490541279,14.937003383525585,49.24739120864969,3.05554,3.830430030822754,405234,1,0.36259305654974944,0.1428571428571428,0.7977015635320317,0.9999997615814208,-0.6918299281302747,0.0160385799126927
64332866,20260207,128.2051282051282,23.0,2.8191928399999986,4.069466844437916,16.53453404769573,31.50414963386328,46.614039999999996,128.2051239013672,29765,17,0.007353195484078164,0.0080492424242424,0.36358951199999995,1.0,-0.281107215317577,0.3697456362549253
64333168,20260207,1000.0,11.98,0.4383652399999971,22.341891446432825,0.9315747754087498,44.75896580370751,0.40837,999.999999999998,22439,4264,0.001033774227283826,0.0562030939766869,0.00040837,0.999999999999998,-0.922239167328151,2.7361408609329776
64333572,20260207,45.45454545454545,1.87,1.1935525299999994,2.171237741419076,1.2449473003086013,20.9348438751948,1.48591,45.45454406738281,43109,62,0.092767376802238,0.3516860285152968,0.03269002,1.0,-0.33425278058363567,10.195103648028017
64334450,20260207,1000.0,17.05,0.16154832999999869,0.3607487313,8.248058026969456,151.1316435234168,1.3324599999999998,54.52069979200001,15108,98,0.026720905553590378,0.0215151166845729,0.0013324599999999997,0.054520699792,-0.5162429309695333,7.864026409743828
64334757,20260207,1000.0,9.5,0.01185847,32.13274773546532,0.0,31.12089812896355,0.0,999.9999999999984,11534,1013,0.0010162025004184984,0.0661702885734445,0.0,0.9999999999999986,-1.0,2.2758840135751104
64335100,20260207,1000.0,9.0,0.10060932999999989,54.010318377508646,4.072584520739781,18.51498031349221,0.40974,999.9999999999992,26057,1940,0.0017954371627999918,0.0725888544053681,0.00040974,0.9999999999999992,-0.547490608806691,1.0572200348324676
64335303,20260207,1000.0,5.55,0.0630221699999996,25.0573623348,0.2705397164204296,13.39586575231656,0.01705,335.66507534,4310,235,0.03489878542510121,0.1786728857562191,1.7049999999999998e-05,0.33566507534,-0.9512541051494721,1.4136694219721897
64337334,20260207,10.416666666666666,41.08,0.0392302699999997,0.1341719945,4.800884623022005,23.957801731852975,0.18834,3.21449,7363,13,0.44896341463414635,0.0879310344827586,0.018080640000000002,0.3085910023301999,-0.8831332857102725,-0.4168013470305659
64339571,20260207,192.88928000000004,1.0,22.06659899,19.668403376222216,8.037718004499794,9.807063071153484,177.36509999999998,192.8892822265625,28596,44,0.025937414965986394,0.1553780701094455,0.9195176631899914,1.0,7.037718004499794,8.807063071153484
64340433,20260207,6.666666666666667,42.48,0.0154323599999996,0.017143243,0.0,47.83821601222054,0.0,0.82015,1610,2,0.006948640483383686,0.0005216885604816,0.0,0.1230224853345769,-1.0,0.1261350406714748
64340578,20260207,170.38144000000003,1.0,62.611087510000004,99.52232375779558,2.638711873094568,1.711992154761622,165.21262000000002,170.38143920898435,18598,83,0.016979822879576372,0.0176940947895571,0.9696632450107241,0.9999999999999998,1.638711873094568,0.7119921547616219
64341465,20260207,4.30407,13.0,0.716388269999999,0.0851639388912468,6.008012945270595,50.53805065692935,4.30407,4.304069995880127,1314,1,0.009977220956719818,0.0027173913043478,1.0,0.9999997615814208,-0.5378451580561081,2.8875423582253346
64343632,20260207,1016.6666666666666,1.8,36.63088083999999,242.955624720994,0.6298278793996921,4.184577673370037,23.071150000000003,1016.6666870117188,3502,394,0.005900589721988206,0.8931696645600388,0.02269293442622951,1.0,-0.6500956225557266,1.3247654356797174
64345690,20260207,1000.0,10.57,1.6606583499999985,3.0596940783,2.7788798340128205,28.770406118020656,4.61477,88.02867000000002,2239,187,0.003711254765456655,0.0286699620284156,0.00461477,0.08802867,-0.7370974613043689,1.721892804983578
64347079,20260207,45.45454545454545,16.0,0.5146366499999981,0.7269532960212626,3.5692366643533964,62.52737526439121,1.8368599999999997,45.45454406738282,24720,17,0.022186322024771138,0.0125388884263287,0.040410919999999996,1.0000000000000002,-0.7769227084779127,2.9079609540244507
64349849,20260207,82.42704000000005,2.5,55.3961432,14.502514458731987,1.3588158967716728,5.683637458249923,75.27316,82.42704010009768,5391,27,0.013948253557567918,0.8066666666666666,0.9132095487111992,1.0000000000000004,-0.4564736412913309,1.273454983299969
64354560,20260207,1000.0,10.0,2.4120214999999985,9.329683186337103,5.05597897862851,107.18476424576674,12.195129999999999,1000.0000000000008,29162,160,0.001261534069033539,0.006312830309309,0.012195129999999998,1.0000000000000009,-0.49440210213714897,9.718476424576677
64355215,20260207,1000.0,75.47,0.0034155599999999,0.0,42.1804916324129,0.0,0.14407,0.0,6490,0,0.4702898550724638,0.0,0.00014407,0.0,-0.44109591052851593,-1.0
64355555,20260207,26.31578947368421,3.26,1.0140940999999992,4.255415266644085,1.1852055938398622,6.184069554526759,1.2019099999999998,26.31579017639161,1608,81,0.028817204301075268,0.7400810403906378,0.04567258,0.9999999275207594,-0.6364400018896127,0.8969538566311412
64364407,20260207,62.5,2.0,4.538046429999998,11.735218891633007,0.8006550959858737,5.325848222457369,3.6334099999999996,62.500000000000014,1243,57,0.002587965854674162,0.7122108843537414,0.058134559999999995,1.0000000000000002,-0.5996724520070631,1.6629241112286843
