ad_id,period,budget,target_CPA,conversion,CPA,budget_used,win_rate,spend,total_win,trajectory_length,CPA_violation
39801836,20260207,10.45719,1.15,3.74633019,1.0395319692843197,0.37241649047210573,0.020152542372881357,3.89443,1189,72,-0.09605915714406978
40094971,20260207,12.32876712328767,1.53,5.453421629999999,1.5977326880555174,0.7067300333333334,0.00809462915601023,8.71311,1266,72,0.0442697307552401
43248022,20260207,6.674759999999999,1.18,7.7514149399999965,0.7036341161217725,0.8171320017498758,0.0017424456368257553,5.45416,1234,72,-0.4036999015917182
46398308,20260207,19.791010000000004,1.49,24.211410569999995,0.5822147354547961,0.7122547055455986,0.028636436726161764,14.09624,17809,72,-0.6092518553994657
46573939,20260207,432.71963,80.19,3.0510733199999986,28.255768039032258,0.19922927924485423,0.016314056475982077,86.21042,78283,72,-0.647639755093749
48623756,20260207,146.44096,1.33,36.671605389999996,0.8267388263363945,0.20703114756964172,0.010991220617388841,30.317839999999997,3881,72,-0.3783918598974478
49311445,20260207,431.8523599999999,1.8,279.38898144000007,1.1955223798678374,0.7734490092864145,0.001249592395332062,334.01577999999995,25292,72,-0.3358209000734237
49847522,20260207,937.1593,1.84,756.1369726700001,1.1993375443575636,0.9676726891575423,0.005254064794397732,906.86346,43366,72,-0.34818611719697634
49902302,20260207,13.933519999999998,5.21,2.9056562999999986,2.7783705870511954,0.5793934339635642,0.013377313024335098,8.07299,89933,72,-0.46672349576752487
49990380,20260207,24.52830188679245,1.48,8.081450539999999,0.6440873422706117,0.21221036923076925,0.0027495668399306946,5.205159999999999,2063,72,-0.5648058498171542
50103278,20260207,969.91004,1.21,753.3561821700011,0.6609873148789418,0.513407284659101,0.008279768686716683,497.95888,38515,72,-0.45372949183558525
50250900,20260207,29.41176470588235,1.1,1.5846344299999995,1.1556040720382432,0.062261140000000006,0.020882800608828005,1.83121,5488,72,0.05054915639840284
51094622,20260207,377.10074,304.69,3.0487181499999987,143.902347942528,1.1633965502162633,0.02253535021374548,438.71770000000004,20559,72,-0.5277089896533264
51225207,20260207,105.26315789473684,2.7,4.752202259999999,3.2378546110114437,0.14617593,0.024762986572629864,15.38694,73031,72,0.1992054114857198
51225953,20260207,54.45402,1.07,16.520339259999997,0.5183937124545469,0.1572710334333443,0.0007935552881401257,8.56404,1187,72,-0.5155198949022927
51316356,20260207,1083.6785099999995,6.0,160.74719046,3.742855152107397,0.5551955164267309,0.005450919945194754,601.65345,22279,72,-0.37619080798210053
51711872,20260207,117.17214,1.34,105.96849434999996,0.566520930284408,0.5123519123231854,0.02908206725573708,60.033370000000005,45749,72,-0.5772231863549194
51815043,20260207,131.59317,7.1,23.005162579999997,4.60826780212218,0.8056189390376416,0.04486819103559192,106.01395,898324,72,-0.3509481968842
51865028,20260207,10.87915,6.1,1.495436169999999,4.134726793454517,0.5683550645041202,0.00098258057786586,6.1832199999999995,2826,72,-0.3221759354992595
51867779,20260207,240.31079,6.1,60.62360383999997,3.105365865362584,0.7833958267125666,0.005096781268849043,188.25847,9295,72,-0.4909236286290845
51981983,20260207,9.803921568627452,7.0,1.8845103699999983,1.7240287194599002,0.33139289999999993,0.028914285714285715,3.24895,3036,72,-0.7537101829342999
52099940,20260207,736.6481200000002,5.0,182.11165715999994,2.6855808553227716,0.6639202174302703,0.017040194963024256,489.07558,527210,72,-0.46288382893544566
52158782,20260207,402.12405,1.34,294.7058680499997,0.8504043766019618,0.6232384260528561,0.02709133721650762,250.61916000000002,131160,72,-0.36536986820749123
52697878,20260207,256.73525,1.7,146.14289968,1.186323867800787,0.6752980356222996,0.025940373776327498,173.37281000000002,17489,72,-0.30216243070541937
52816063,20260207,1000.0,20.92,0.0251866399999995,4.235578862444618,0.00010668,0.05298043419994639,0.10668,39534,72,-0.7975344712024561
52880899,20260207,73.77049180327869,8.0,2.412286369999999,4.581989160764526,0.14983050444444446,0.007554305008441193,11.05307,6712,72,-0.4272513549044342
52881127,20260207,73.77049180327869,8.1,4.142867119999997,3.102274253005732,0.1742202022222222,0.002931950104977152,12.85231,4748,72,-0.6170031786412677
52896858,20260207,237.28813559322035,6.1,3.673954739999999,2.1277970343205705,0.03294488357142857,0.023086904761904763,7.817430000000001,19393,72,-0.6511808140458081
52964940,20260207,0.64461,18.58,0.0552908999999997,9.9855491590841,0.8565023812848078,0.07866822429906542,0.55211,6734,72,-0.4625646308350861
53225658,20260207,121.21212121212122,5.1,4.512303389999997,4.225841738004238,0.15731331,0.0030085156839495526,19.06828,2791,72,-0.17140358078348267
53375682,20260207,125.0,2.2,2.064560029999999,0.611452310253241,0.01009904,0.0009694122159363314,1.26238,5055,72,-0.7220671317030724
53566239,20260207,136.80566000000002,1.01,212.6730757199995,0.582330553976907,0.9052697819666233,0.016136547068750458,123.84603000000001,43985,72,-0.42343509507236926
53572696,20260207,22.93577981651376,1.09,42.93508533,0.11696890693008435,0.218962252,0.007998548125373645,5.02207,18731,66,-0.8926890762109319
53577684,20260207,121.21212121212122,5.0,14.218412060000002,4.192357047218675,0.49177144500000003,0.006814386379373549,59.60866000000001,16730,72,-0.16152859055626506
53730651,20260207,61.29961,2.47,50.53852638000001,1.183268177436716,0.9755466633474503,0.06955152450791201,59.80063,180208,72,-0.5209440577179288
53731452,20260207,194.1747572815534,79.32,0.0548519499999991,119.63658539031171,0.033795845,0.0072627438124897555,6.5623000000000005,4431,72,0.5082776776388265
53763548,20260207,488.9979699999999,2.04,373.1346906,1.2708799582195698,0.9697574000153828,0.006987205387205387,474.2094000000001,31128,72,-0.3770196283237403
53841870,20260207,200.65753,1.98,20.968288079999997,1.1407717172111649,0.11920823504605083,0.0010842730874733313,23.920029999999997,1423,72,-0.42385266807516925
53849804,20260207,55.55555555555556,2.48,0.252236679999999,2.2162121702521707,0.01006218,0.005107913669064748,0.55901,1420,72,-0.10636606038218925
53854143,20260207,571.02984,1.09,366.8150784600001,0.7371172721011375,0.47350543011902846,0.012759666832147389,270.38573,23132,66,-0.32374562192556194
53919091,20260207,88.28998999999999,2.0,52.92278080999999,0.7699551946503245,0.4615264992101597,0.03235420861602391,40.74817,252269,72,-0.6150224026748378
54113091,20260207,148.7603305785124,4.6,7.872438679999999,3.7364266900837904,0.197732755,0.031389775051124745,29.41479,115122,72,-0.1877333282426542
54524974,20260207,38.62359550561798,1100.0,0.0039551199999995,512.2221323247477,0.05245239272727273,0.0009708968521084934,2.0259,2452,72,-0.5343435160684112
54547571,20260207,31.747280000000007,6.5,5.582730409999998,2.2236090744707844,0.3910196401077508,0.0020264695771742866,12.413809999999998,1179,72,-0.6579062962352639
54562194,20260207,194.1747572815534,79.32,0.3278965799999997,45.45948603672539,0.07676595149999997,0.0014174757281553397,14.906009999999997,2409,72,-0.42688494658692144
54801379,20260207,897.71512,5.26,164.4773952400001,3.0362670157275753,0.5562981828801102,0.03595698758960919,499.39729000000005,46647,72,-0.42276292476662064
54805715,20260207,112.67605633802818,5.1,1.7525278699999993,1.720651666441117,0.026762473749999998,0.02838380362468456,3.01549,24745,72,-0.6626173203056633
54852798,20260207,100.0,5.0,32.09324778,2.5229902113696268,0.8097095,0.006027787934186472,80.97095,32972,72,-0.49540195772607465
54858966,20260207,83.33333333333333,1.76,0.2659736899999991,0.4945225973290834,0.0015783600000000002,0.01026457399103139,0.13153,2289,72,-0.7190212515175662
55104462,20260207,55.912310000000005,6.5,8.178498529999999,3.226703520603311,0.4719817514246862,0.010754867022059906,26.38959,36516,72,-0.5035840737533368
55113470,20260207,420.4162162162162,3.33,34.42696216,2.352422488618438,0.1926347197757692,0.001576675439634996,80.98676,17313,72,-0.2935668202347033
55199224,20260207,78.07889,6.5,6.828174149999999,6.8187481715005775,0.5963148297830566,0.009419024889191954,46.5596,41439,72,0.04903818023085808
55242717,20260207,498.5705128205128,3.59,22.04998385,2.2690588047754967,0.10035232472324725,0.0036784426820475847,50.03271000000001,5102,72,-0.36795019365585047
55272899,20260207,18.072289156626507,2.35,6.395341979999998,1.2834419215843096,0.4541787666666666,0.007769808173477898,8.20805,4658,72,-0.4538545014534853
55273179,20260207,148.7603305785124,4.1,10.458111869999998,2.030104502984247,0.14271990333333334,0.003642507033266626,21.23106,12559,72,-0.5048525602477446
55397530,20260207,472.23607,4.1,128.75972898999999,2.5972748826302112,0.7081721012967096,0.005869101803307023,334.42441,20374,72,-0.3665183213097045
55642709,20260207,64.70373000000001,5.6,4.8911279799999985,2.948667476903764,0.22289765984124868,0.006827630316597378,14.42231,4270,72,-0.47345223626718497
55644105,20260207,390.48067,1.47,288.6824965200002,1.0924418134168066,0.8076426164706182,0.011736823061150646,315.36883,48655,72,-0.25684230379809075
55659771,20260207,110.68761999999998,1.52,65.45479549000001,1.1798455624507824,0.6976981707620059,0.024638615541228367,77.22655,14522,72,-0.22378581417711682
55774064,20260207,28.10267,9.1,2.3739160499999987,5.885098590575689,0.49713176719507435,0.029310187894155126,13.97073,90164,72,-0.3532858691675067
55775102,20260207,530.4762099999999,3.15,118.12668964,2.353077707054248,0.5239844403201418,0.004552988081073747,277.96128,21812,72,-0.25299120410976256
55954706,20260207,1000.0,33.01,0.7130576899999979,6.659937991833472,0.00474892,0.21335078534031413,4.74892,4075,72,-0.7982448351459112
55963763,20260207,1000.0,22.5,21.29788494,16.441292221574,0.35016475,0.012338299031333634,350.16475,52096,72,-0.2692759012633778
55968571,20260207,246.66494000000003,4.1,98.12811453,2.34502487999654,0.93289654378932,0.002897244780657841,230.11287000000002,15626,72,-0.4280427121959658
56069198,20260207,355.11819,6.0,32.74950241,2.545594707251004,0.23475834904429982,0.0018228933964793137,83.36695999999999,6120,72,-0.575734215458166
56094571,20260207,305.08474576271186,6.1,0.9921379099999985,2.440678836675038,0.007937106111111111,0.007816425120772947,2.42149,1618,72,-0.5998887152991741
56096389,20260207,23.9461,3.1,14.66979494,1.54519746817947,0.9466146888219793,0.00853829043533524,22.66773,2687,72,-0.5015492038130742
56107853,20260207,1000.0,2.71,7.084875049999999,2.0602141741370588,0.014596360000000001,0.0008503720587249447,14.59636,2537,72,-0.23977336747710007
56227729,20260207,125.0,1.4,142.70105870999998,0.6140845820778705,0.70104416,0.015198256118760519,87.63052,330480,72,-0.5613681556586638
56235388,20260207,53.333333333333336,4.5,1.4775688199999997,1.2219261638182108,0.03385275,0.05954285714285714,1.80548,1042,72,-0.728460852484842
56704977,20260207,70.4225352112676,17.31,3.397282229999999,7.796738159137283,0.376125624,0.01258722649319929,26.48772,4257,72,-0.5495818510030454
56718065,20260207,49.68944099378882,8.1,2.8348115399999987,3.167385158873738,0.18070116750000004,0.0030881307746979387,8.978940000000001,2607,72,-0.608964795200773
56771422,20260207,642.4210000000002,1.81,106.68609073999998,1.2758754122102722,0.21188311091947484,0.0032126117419666585,136.11816,13297,72,-0.29509645734239104
56864799,20260207,6.76347,5.22,1.48259931,3.4828560658105254,0.7634660906309926,0.011482876712328767,5.163679999999999,3353,72,-0.33278619428917133
56938464,20260207,749.1658900000002,1.65,690.0003460000001,1.080412037938311,0.995086255195094,0.006792177614952764,745.4846799999999,40046,72,-0.34520482549193265
56963719,20260207,31.25,7.0,2.4867073999999993,1.7048045137920131,0.1356592,0.030130483602431563,4.23935,77818,72,-0.7564564980297125
57191417,20260207,1000.0,29.87,5.052083789999999,43.581280349271495,0.22017628000000003,0.024566959175887065,220.17628000000002,6439,72,0.45903181617915945
57222417,20260207,5.555555555555555,1.52,0.3850852599999995,0.0,0.0,0.07616279069767441,0.0,4585,72,-1.0
57240198,20260207,36.39775,4.14,14.118849459999996,1.2265425769331777,0.4757813326373196,0.003749607500112143,17.31737,8359,72,-0.7037336770692807
57326971,20260207,40.0,4.1,0.9091355399999992,11.27634939890262,0.25629325,0.0029473867595818815,10.251729999999998,8459,72,1.750329121683566
57339315,20260207,166.66666666666666,6.0,0.7559882799999987,5.09047574123769,0.023090040000000003,0.010458333333333333,3.8483400000000003,4267,72,-0.15158737646038492
57374168,20260207,122.44897959183672,13.0,0.7889959199999992,2.6231187608676128,0.016901978333333335,0.003721844833750447,2.06963,1041,72,-0.7982216337794145
57424010,20260207,5.589919999999999,7.1,0.9023937399999991,6.194546518019957,1.0000000000000002,0.01645357399086206,5.58992,43574,72,-0.1275286594338089
57429522,20260207,6.862745098039215,6.0,4.830433759999999,1.3065203485990875,0.9196116000000001,0.0012989493791786056,6.31106,1224,72,-0.7822466085668188
57449176,20260207,1000.0,43.65,0.1794650699999996,76.09636794502703,0.01365664,0.00040588293357023,13.65664,2056,72,0.7433303080189468
57521810,20260207,626.15678,4.5,311.66268919000015,2.0498868557555228,1.0203087635655725,0.04613256575878476,638.8732500000002,840623,72,-0.5444695876098838
57574306,20260207,21.73913043478261,1.94,0.1508106599999999,1.378284532406397,0.009561559999999998,0.1273449920508744,0.20786,8010,72,-0.28954405546062006
57575512,20260207,5.524861878453039,1.87,3.953474889999998,0.8566438624832146,0.6129963199999999,0.0026078150891554663,3.38672,18413,72,-0.5419016778164628
57579039,20260207,69.34497,5.0,24.49807011,2.8512694953667923,1.0072915166017087,0.006489292667099286,69.8506,3000,72,-0.42974610092664156
57611618,20260207,143.08837,5.6,37.39685122999999,3.830063368680039,1.0010059517765142,0.01273807508717289,143.23231,37627,72,-0.3160601127357073
57654377,20260207,2386.38826,430.5,4.378679559999998,505.21757751097016,0.9270016606601977,0.0321610743339868,2212.18588,339592,72,0.17355999421828144
57655917,20260207,1468.0747299999998,8.5,19.981865049999996,3.354199912385056,0.045653786302826696,0.011986332231901473,67.02317,159610,72,-0.6053882456017581
57664872,20260207,118.42105263157896,6.1,0.385075829999999,0.773509986331785,0.0025152622222222223,0.020181830517674196,0.29786,29746,72,-0.8731950842079041
57699816,20260207,73.77049180327869,11.1,1.9700780999999987,5.268613462583035,0.14070097333333334,0.030082693443591258,10.37958,5093,72,-0.5253501385060328
57724669,20260207,420.4162162162162,3.33,20.021833800000003,1.8702108095613095,0.08906661673759594,0.006686807653575025,37.445049999999995,13280,72,-0.43837513226387104
57795555,20260207,577.2744,290.0,1.133149469999998,113.5467856680904,0.22288443762619647,0.0519637660907163,128.66548,948240,72,-0.6084593597652055
57813819,20260207,1.3888888888888888,2.63,0.7436829199999995,0.3781853696465157,0.2025,0.04126251846987358,0.28125,25133,72,-0.8562032815032259
57813830,20260207,1.3888888888888888,2.63,0.5706688599999996,1.2017477175817872,0.493776,0.029307542836954602,0.6858,16591,72,-0.5430617043415258
57847622,20260207,168.90041,1.57,10.618402929999998,0.9005704589513067,0.05661691407380242,0.0006158696794534945,9.562619999999999,1758,72,-0.4263882427061741
57855436,20260207,247.62652,1.18,72.07211233,1.227383063159903,0.35723189099455105,0.08080210387902696,88.46009000000001,49160,72,0.04015513827110427
57863659,20260207,66.66666666666667,5.0,9.79001151,1.3871485223616453,0.20370299999999997,0.002747660979636764,13.5802,1997,72,-0.7225702955276709
57922732,20260207,90.9090909090909,6.8,5.4587086299999985,6.808914437332774,0.40884667999999996,0.34640304182509507,37.16788,45552,72,0.0013109466665844568
57950075,20260207,3.5460992907801416,3.69,1.4694264899999996,0.6567936583203969,0.27216102,0.011215429403202328,0.9651099999999999,1541,72,-0.8220071386665592
57950895,20260207,56.60377358490566,2.13,18.751780509999996,0.7874580225661997,0.26087024,0.013494152046783626,14.76624,9230,72,-0.6303013978562443
57951243,20260207,373.1092299999999,2.23,167.37513349,1.463428496770306,0.6564874849115903,0.02010058966354492,244.94154,46360,72,-0.34375403732273274
57959122,20260207,1000.0,19.0,2.9014034099999977,5.3684537442519975,0.015576050000000001,0.0028583536502422334,15.57605,27317,72,-0.7174498029341054
57999311,20260207,1210.1338899999996,2.2,396.0926555,1.352627377863612,0.44273263845209737,0.00438768317009884,535.76577,29254,72,-0.38516937369835824
58085427,20260207,79.19066,1.9,23.327134010000005,1.3871228238380577,0.40860374190592685,0.014334763948497854,32.357600000000005,5678,72,-0.2699353558747064
58112502,20260207,101.010101010101,2.4,28.534833840000005,1.327708800143481,0.37507090500000007,0.014779865771812081,37.88595,11011,72,-0.4467879999402163
58114863,20260207,203.00614,2.08,69.89706244000001,1.434260131977014,0.49383023587365393,0.006518412322669912,100.25057000000001,39102,72,-0.31045185962643557
58134130,20260207,8.695652173913043,2.0,4.70832877,1.4064332215271367,0.76152425,0.07139323160456844,6.62195,305049,72,-0.29678338923643166
58199587,20260207,142.85714285714286,21.02,0.93978854,39.67798968904217,0.26102243999999997,0.0013222390317700454,37.28892,16606,72,0.8876303372522442
58240026,20260207,50.0,2.23,29.819801929999997,1.1137411334240879,0.6642308,0.007303617500137235,33.21154,26610,72,-0.5005645141596019
58246735,20260207,46.6873,11.42,3.3026487499999977,8.044185746364949,0.5690438299066342,0.006402929647204457,26.56712,6207,72,-0.2956054512815281
58283047,20260207,420.4162162162162,3.33,11.93555118,2.88911081524096,0.0820214079997943,0.004605805773429288,34.48313,5696,72,-0.13239915458229426
58416741,20260207,1.9904900000000003,35.0,0.0471419399999997,33.41461976320893,0.7913780024014185,0.01923879272081669,1.57523,17338,72,-0.0452965781940305
58417305,20260207,1.0332357499569484,52.0,0.00749337,0.0,0.0,0.0031913720625732205,0.0,37048,72,-1.0
58419221,20260207,46.08294930875576,52.0,0.949742499999999,16.274147992745416,0.33540062499999995,0.047577437760475794,15.456249999999997,1948710,72,-0.6870356155241267
58432699,20260207,116.6156,35.0,8.019357389999996,12.629938419542125,0.8685286531133056,0.06658446133877248,101.28399,35909,72,-0.6391446165845107
58435300,20260207,48.31349,57.2,1.7800080499999984,25.441873703885797,0.9373518659074307,0.08910576504187037,45.286739999999995,920418,72,-0.5552119981838147
58492787,20260207,23.529411764705884,2.9,9.26852865,1.434778971093756,0.565177325,0.003260869565217391,13.29829,1815,72,-0.5052486306573255
58502564,20260207,145.41256,15.28,23.000822049999996,4.968254167246167,0.7858601072699635,0.02726716972331884,114.27393000000001,163693,72,-0.674852475965565
58511427,20260207,758.94134,2.46,105.6421092,1.6723872832330766,0.23279074506601527,0.003926271581894541,176.67452,12621,72,-0.3201677710434648
58544782,20260207,11.096610000000002,52.0,0.7104463299999981,18.122790499882,1.160288592642257,0.029093213613049194,12.875269999999999,736806,72,-0.6514847980791922
58588021,20260207,11.049723756906078,1.2,0.6890549199999997,0.47925062344812824,0.029885814999999996,0.04945098039215686,0.33022999999999997,1261,72,-0.6006244804598931
58685108,20260207,72.20216606498195,4.15,2.4162877099999993,0.893610471577493,0.029905196999999998,0.004396943889531419,2.15922,62729,72,-0.7846721755234957
58706858,20260207,4537.1946,1.35,4585.603338600001,0.8081044011825379,0.8167263180644709,0.007567705637295346,3705.64624,334790,72,-0.4014041472721942
58729786,20260207,38.08811,4.36,24.699788530000014,1.8660062592851672,1.2100878725670559,0.007764022233451238,46.089960000000005,9219,72,-0.5720169130079892
58732112,20260207,510.68414,1.1,412.9147775900001,0.6438584774119708,0.5205931791811667,0.006674964234620887,265.85868,23329,39,-0.41467411144366295
58772389,20260207,376.45701,2.05,336.02838544,1.1243684949569894,1.0036198555580091,0.004024058653589377,377.81973,33151,72,-0.45152756343561484
58803527,20260207,159.76764999999995,7.1,11.840051959999998,3.329771704819444,0.2467625329658414,0.005489460005775339,39.42467,1901,72,-0.5310180697437402
58804408,20260207,32.35294117647059,13.15,1.0830477099999998,3.7412940931291017,0.12524363636363636,0.003298326222513948,4.052,1005,72,-0.7154909434882814
58886517,20260207,125.0,7.74,1.4361195099999997,2.9673435743519705,0.03409168,0.0023351701782820095,4.26146,10806,72,-0.6166222772155078
58921051,20260207,5945.759109999998,16.88,258.68405907,12.259917373346171,0.5333961789111232,0.047388702728578265,3171.44519,257387,72,-0.2737015774084021
58958928,20260207,51.95611,9.9,0.371641709999999,11.182867498914508,0.07999097699962525,0.002318732525629077,4.15602,2488,72,0.12958257564793005
58963446,20260207,1893.68373,9.9,161.07246772000005,9.923410081346454,0.8440628837213486,0.06913262061839281,1598.3881499999998,695806,72,0.0023646546814599274
59027737,20260207,156.4159300000001,8.2,0.7732744199999991,5.620229879064154,0.027784765912269912,0.0014127471447869335,4.345979999999999,5752,72,-0.31460611230924945
59090324,20260207,15.0,2.14,6.879392809999999,0.825138229023442,0.37842999999999993,0.007908378541289934,5.676449999999999,1312,72,-0.6144213883068028
59168672,20260207,114.30078,2.51,41.728572589999985,1.6602583242112292,0.606121935475856,0.005189700415482178,69.28021000000001,9493,72,-0.33854250031425126
59180301,20260207,127.4666,11.1,19.235940279999994,6.929982005537815,1.0458011745822042,0.0012346872985170858,133.30472,3447,72,-0.375677296798395
59183637,20260207,42.81511,27.0,3.814563589999999,12.195476337569723,1.0865421109510172,0.01574581784386617,46.52042,6777,72,-0.5483156912011213
59191554,20260207,38.46153846153846,2.13,19.65786732,1.1910707107163443,0.6087616600000001,0.007145612343297975,23.41391,5187,72,-0.44081187290312474
59250609,20260207,59.70149253731344,6.1,4.1823460699999995,3.2753626244037726,0.229453225,0.01802334305960817,13.698700000000002,21619,72,-0.46305530747479134
59252106,20260207,75.31489,12.1,1.338674409999999,4.548051381664945,0.08083872923402,0.0015699172656991726,6.088360000000001,2315,72,-0.6241279849863681
59252315,20260207,40.94131000000001,1.5,4.90639966,0.9706445316360552,0.11632187636399519,0.004943009515842309,4.762370000000001,4727,72,-0.35290364557596315
59262247,20260207,107.01659,1.61,75.86964482,0.6698374576626889,0.47488272612685567,0.02368569633126103,50.82033,987523,72,-0.5839518896505038
59265523,20260207,41.27358490566038,3.61,2.889063029999999,4.352888763385685,0.3046929417142857,0.003269913425441173,12.575769999999999,25608,72,0.20578636104866635
59284251,20260207,112.67605633802818,19.0,2.134217979999998,10.006855063605085,0.18954168875,0.03147975408098368,21.35681,14849,72,-0.4733234177049955
59289693,20260207,12.224938875305623,8.5,0.5073364399999993,9.40238000645096,0.39019990600000004,0.011097128105840594,4.77017,3439,72,0.10616235370011291
59313228,20260207,34.48846999999999,8.56,2.0856091599999984,3.623718261766747,0.21913584453007054,0.0032282058911038383,7.55766,2170,72,-0.5766684273636978
59335998,20260207,1000.0,22.43,3.7110197099999986,12.892259739574387,0.04784343,0.005514034282854402,47.84343,26442,72,-0.42522248151696895
59370907,20260207,40.81632653061224,1.39,8.33626761,1.3111851144135713,0.26779455500000005,0.003647558944692786,10.93039,8323,72,-0.056701356536998974
59397478,20260207,1428.6078200000013,2.5,414.76037126000006,2.107125970943225,0.6117510612534651,0.01472693211405347,873.95235,46381,72,-0.15714961162271007
59437197,20260207,152.54237288135593,5.0,16.1510875,2.8022422638723246,0.29669959333333334,0.0067107121242687105,45.25926,6653,72,-0.4395515472255351
59469459,20260207,28.457570000000004,1.45,9.77569584,1.0808499131863334,0.37129171605305716,0.010530983343890897,10.56606,28262,72,-0.2545862667680459
59469464,20260207,74.94802000000001,1.45,77.39415861,0.7098819986771091,0.7330509865370691,0.038720227141279775,54.94072,147284,72,-0.5104262078088903
59473467,20260207,1000.0,9.99,0.2418420399999997,3.8170782879601948,0.0009231299999999998,0.007703289882060832,0.9231299999999998,1241,72,-0.6179100812852658
59473469,20260207,1000.0,10.59,0.5106441099999997,4.325732847481589,0.0022089100000000006,0.002217604274899807,2.2089100000000004,2988,72,-0.5915266432973003
59474185,20260207,28.30188679245283,20.0,0.0811987799999988,0.5140471322352456,0.0014748133333333333,0.005611886452102915,0.04174,5911,72,-0.9742976433882378
59506934,20260207,32.65375000000002,1.62,16.70791339,0.9128279303343932,0.46706580408069487,0.0026943457390437007,15.251449999999998,4322,72,-0.43652596892938694
59718544,20260207,379.8454299999999,4.15,77.63524532,2.7436655751138166,0.5607679681706321,0.3459153439153439,213.00515000000001,32689,72,-0.33887576503281536
59764696,20260207,91.22524,4.15,9.140238239999999,1.7727765485465075,0.17762189499309622,0.026650018184022305,16.2036,219836,72,-0.5728249280610826
59770476,20260207,861.0274499999999,3.68,196.11851326999997,2.345526499921545,0.534246811759602,0.013706576109402964,460.0011700000001,59736,72,-0.3626286684995802
59789974,20260207,7.079646017699115,270.0,0.048692969999999405,121.2910200384177,0.8342253249999999,0.0012187417741510924,5.90602,1389,72,-0.5507739998577122
59790006,20260207,10.658120000000002,1.49,13.266189650000001,0.7818567556811612,0.9731791347817438,0.0012820733968692051,10.37226,2973,72,-0.4752639223616368
59818654,20260207,106.38297872340424,1.5,6.133863259999998,0.5175221333512415,0.029839454000000005,0.005147566117286316,3.17441,1343,72,-0.6549852444325056
59851958,20260207,3043.8813700000005,91.58,19.084504250000002,110.35471146702697,0.6919011301678948,0.010308074534161491,2106.06496,4149,72,0.20500886074499863
59870194,20260207,41.35039,1.2,3.6109786800000006,1.7014611673088027,0.1485823954743837,0.030844277673545965,6.143940000000001,4932,72,0.41788430609066896
59873387,20260207,1000.0,5.3,0.1523252999999997,3.5814142496354906,0.00054554,0.054940711462450595,0.5455399999999999,1390,72,-0.3242614623329263
59941171,20260207,6.730769230769231,6.6,3.2012895599999984,2.0334399241285763,0.9671450285714285,0.2803260869565217,6.50963,2579,72,-0.6919030417987007
59942526,20260207,81.56946999999998,1.36,71.78132998,0.7364183697171446,0.6480499382918634,0.010508858506593317,52.86108999999999,12990,72,-0.4585159046197467
59978838,20260207,57.754450000000006,45.0,0.23929870999999903,1.2219037871119371,0.005062813341655923,0.0014929201363269036,0.2924,4249,72,-0.9728465825086237
59985139,20260207,83.23513,1.16,22.090751589999996,0.5260599646261289,0.13961725055274138,0.013782961460446247,11.62106,1359,72,-0.5465000304947164
59998752,20260207,1236.13103,28.8,21.77063850000001,35.391437876293786,0.6233111064285799,0.01912718183358753,770.4942000000001,225739,72,0.2288693707046453
59999397,20260207,869.5652173913044,6.5,1.2908136399999992,3.574706570345819,0.005306422,0.00042812847829543646,4.61428,1077,72,-0.4500451430237202
60033250,20260207,48.95666000000001,1.24,42.918783,1.1454211085155888,1.0041551037182683,0.014157733537519143,49.16008000000001,7396,72,-0.0762732995842026
60078895,20260207,1000.0,25.95,13.767983299999997,15.646896521148456,0.21542621,0.09389232062036532,215.42621,1273762,72,-0.3970367429229882
60081691,20260207,71.94244604316546,3.08,5.718500619999999,1.269079166419676,0.10087549700000001,0.004916776934326903,7.25723,14120,72,-0.5879613096040013
60083626,20260207,1000.0,36.35,1.2863628299999987,26.165386013213734,0.03365818,0.04779568469448774,33.65818,487559,72,-0.2801819528689482
60134489,20260207,1000.0,300.0,1.6652470899999985,299.996476799128,0.49956825999999993,0.0057459262774877395,499.56825999999995,18160,72,-1.1744002906652895e-05
60140024,20260207,353.31129000000004,2.21,162.60997909000002,1.163488126981961,0.5354903320525081,0.0016713875897979846,189.19477999999998,27733,72,-0.4735347841710584
60144222,20260207,258.71110000000004,2.07,162.68881801000003,1.4376479149637897,0.9040556821875828,0.017348368358106953,233.88924,20308,72,-0.30548409905130924
60145854,20260207,131.14754098360655,12.1,3.257562019999999,3.1347614987235155,0.07786406,0.08886033898305085,10.21168,262138,72,-0.7409288017583872
60163679,20260207,26.848240000000004,1.81,10.12757828,1.3256644015789332,0.5000614565424027,0.005957292797683677,13.42577,1646,72,-0.2675887284094292
60190295,20260207,30.120481927710845,3.0,5.84173005,2.608386534396604,0.505884668,0.011012570737396863,15.237490000000001,25493,72,-0.1305378218677986
60191018,20260207,70.4225352112676,15.06,0.48831324999999925,12.298068913755687,0.085275402,0.001637353433835846,6.00531,1564,72,-0.1833951584491576
60222062,20260207,4.57056,2.5,3.512663129999998,0.9781638240954807,0.7517590842260027,0.004315597075548335,3.4359599999999992,4250,72,-0.6087344703618077
60257685,20260207,166.66666666666666,1.14,50.54195902,0.6235717928450016,0.18909924000000003,0.0007531812449845237,31.516540000000003,3942,72,-0.4530071992587704
60279269,20260207,5340.28227,2.29,1368.993826169999,1.5528944100117579,0.39808810705431114,0.004502734937053476,2125.9028599999997,162415,72,-0.32188017030054245
60280132,20260207,5.154639175257732,2.4,1.06686943,0.0,0.0,0.010383255813953489,0.0,5581,72,-1.0
60299590,20260207,833.3333333333334,5.11,75.82956043,4.817436998559692,0.438364956,0.0235578028627953,365.30413,1012161,72,-0.057253033549962556
60300280,20260207,125.0,6.5,24.164395879999994,4.042689520777707,0.7815131999999999,0.6244387755102041,97.68914999999998,24478,72,-0.3780477660341989
60319297,20260207,48.38709677419355,10.0,4.149910089999999,5.652922470905871,0.4848218133333333,0.06832907148539606,23.45912,721473,72,-0.4347077529094129
60363119,20260207,139.53488372093022,8.1,17.93302123,3.403725407846405,0.43744674,0.006539272535582499,61.03908,2481,72,-0.579786986685629
60371761,20260207,2164.6189100000006,2.47,1172.7072273100002,1.7740084153587783,0.9610894926534664,0.011056549520766772,2080.39249,207642,72,-0.2817779694903732
60374272,20260207,402.23784,1.94,310.88509954999984,1.2579067011125917,0.9722219321782355,0.00856758298570257,391.06444999999997,48059,72,-0.3515944839625816
60394559,20260207,1.0332357499569484,52.0,0.00042083,0.0,0.0,0.0003385719829258828,0.0,1745,72,-1.0
60395737,20260207,17.623949999999997,52.0,0.8606289799999988,16.543842156000863,0.8078841576377602,0.018604756129669747,14.238110000000002,1830148,72,-0.6818491893076757
60491784,20260207,521.94218,19.24,26.77029479,19.48326135709318,0.9992920097011511,0.009902202643171806,521.57265,11239,72,0.012643521678439818
60503054,20260207,4002.55829,900.0,5.135001049999998,611.4705273526674,0.7844737221803207,0.06475336520015347,3139.9017999999996,1620181,72,-0.3205883029414806
60504423,20260207,65.78731,2.35,8.57009342,1.523455971848671,0.1984601589577078,0.005028877887788779,13.05616,3657,72,-0.3517208630431187
60505342,20260207,1287.7824600000004,483.0,2.494942609999998,425.03862243147984,0.8234674744676983,0.04588063467417148,1060.44697,472777,72,-0.1200028521087374
60518154,20260207,2168.27759,1.63,1459.57807851,1.1712830064871975,0.7884502463542962,0.005647001669199531,1709.5789999999997,135999,72,-0.2814214684127622
60518258,20260207,19.23076923076923,2.22,8.53345646,1.9034069109201268,0.8446172800000001,0.013472144063027575,16.24264,2394,72,-0.14260949958552854
60537191,20260207,62.5,9.0,0.7605926099999993,3.653309226867196,0.04445888,0.25508928571428574,2.77868,2857,72,-0.5940767525703117
60547751,20260207,192.36432,54.68,2.4952917799999974,40.42407417380267,0.5243688642467584,0.15597626963550404,100.86986,2556841,72,-0.2607155418104851
60547769,20260207,21.234762092017306,54.68,0.0717451299999981,8.100201365584192,0.027367860185185184,0.03380315072887336,0.58115,569049,72,-0.8518617160646637
60548432,20260207,148.91858999999997,1.73,121.73846705000003,1.2188282273922386,0.9963717760153384,0.003180258162490509,148.37828,20942,72,-0.29547501306807017
60566933,20260207,14.03152,5.9,1.1282154199999987,7.5285799586040145,0.6053414027845879,0.27265625,8.493860000000002,1745,72,0.2760305014583075
60580455,20260207,27.1370420624152,15.0,0.16572462999999932,6.578744511301694,0.040176080999999975,0.005051055139550714,1.0902599999999996,1484,72,-0.5614170325798872
60619154,20260207,346.15384615384613,8.8,0.7949493999999991,3.9788192808246707,0.00913744,0.0075647668393782385,3.16296,2190,72,-0.5478614453608329
60632826,20260207,103.90999000000002,7.7,23.06585713,3.268534942148061,0.7255467929503215,0.021213075337760477,75.39156,74110,72,-0.5755149425781739
60656113,20260207,304.366,3.0,115.27257251999998,1.6945611235153861,0.6417813421998515,0.008842385271940903,195.33642,46205,72,-0.43514629216153794
60666367,20260207,144.92753623188406,1.95,23.86429345,1.062162181885171,0.17489947499999997,0.010040668271075302,25.347749999999998,143938,72,-0.4553014451870918
60679080,20260207,33.333333333333336,26.0,0.1549441299999988,12.11552835205835,0.0563169,0.00962544438801422,1.8772300000000002,7581,72,-0.534018140305448
60679832,20260207,84.40433999999999,1.33,104.07477300999997,0.622716227243396,0.7678402556077093,0.005226171845890156,64.80905,56104,72,-0.5317923103433113
60695475,20260207,34.930139720558884,11.0,2.3717372799999987,6.548043972222762,0.4446085851428571,0.003470905172413793,15.53024,9663,72,-0.4047232752524762
60726038,20260207,47.8357,9.0,11.819992299999997,3.9694002169527645,0.980821436709403,0.0001872077460716115,46.918279999999996,31724,72,-0.5589555314496928
60739483,20260207,14.583333333333334,1.78,5.456920499999997,0.40989418848964376,0.15337782857142856,0.5357833505687694,2.23676,207241,72,-0.7697223660170541
60739866,20260207,99.7291,1.09,77.94989387999999,0.49769112014088107,0.38900351050997156,0.014751971840166873,38.794970000000006,22631,42,-0.5434026420725862
60741109,20260207,612.09021,1.82,352.99568687,0.8441795214051535,0.48684282991554473,0.0017224080267558529,297.99173,24102,72,-0.5361650981290366
60745623,20260207,1000.0,22.2,11.508108750000002,11.136856001643189,0.12816415,0.027238528546856794,128.16415,245460,72,-0.4983398197458023
60758778,20260207,502.08629,1.73,414.21884197000014,1.0995104129835436,0.9070909504420047,0.009321188520217646,455.43793000000005,34947,72,-0.364444847986391
60762511,20260207,2000.0,33.74,0.6070166399999992,17.502535021115754,0.005312165000000001,0.00562198298980921,10.62433,88047,72,-0.4812526668311869
60762714,20260207,122.44897959183672,18.6,1.0652595699999985,7.856141578714014,0.068345445,0.005614500442086649,8.368829999999999,1905,72,-0.5776267968433327
60765488,20260207,117.6470588235294,8.1,0.40429785999999945,6.290189119477415,0.021616435,0.005104047890535918,2.54311,3581,72,-0.22343344203982524
60769562,20260207,583.7024200000001,400.0,2.0659779499999984,279.36323328136217,0.98878856798298,0.058614877886401066,577.15828,167281,72,-0.3015919167965946
60828716,20260207,23.92696,1.88,28.880292099999956,0.8284874653328054,1.0000000000000002,0.004836441893830703,23.926960000000005,3371,72,-0.5593151780144652
60844239,20260207,194.44444444444449,5.0,21.136006599999998,4.264975958135819,0.4636005942857142,0.024398268992993542,90.14456,35519,72,-0.14700480837283614
60848391,20260207,41.73037999999999,16.0,3.2187120799999978,6.117872462826813,0.4718785211157915,0.0030296039337195206,19.69167,17991,72,-0.6176329710733242
60858118,20260207,119.63921,2.64,81.71889277,1.522887006683559,1.0401994463186441,0.01317471185667009,124.44864000000001,23090,72,-0.42314886110471256
60862222,20260207,166.66666666666666,7.6,1.2565122099999995,3.240740493878688,0.02443218,0.017338689303218635,4.07203,34315,72,-0.5735867771212253
60880371,20260207,33.805879999999995,45.0,0.7045939199999972,43.47542482342186,0.9061299395253134,0.006883333333333333,30.632519999999996,29736,72,-0.03387944836840309
60882186,20260207,112.01828,35.0,4.6258222700000005,24.577976274043053,1.0149535415112603,0.2579628252788104,113.69334999999998,34696,72,-0.2977721064559128
60882731,20260207,92.20477000000002,37.0,2.940335039999998,22.973970340468426,0.7326212082086424,0.08228755526798232,67.55117,305221,72,-0.3790818826900425
60906442,20260207,142.7203,2.47,166.35510802000022,0.8585150266791298,1.000687078152162,0.020072926982983703,142.81836,22295,72,-0.6524230661218099
60906649,20260207,4.077471967380224,52.0,0.2873187599999986,10.01208553176275,0.7055008650000001,0.00945419410051486,2.87666,684928,72,-0.8074598936199471
60908226,20260207,470.27303,2.33,380.7916222499998,1.2054486579503527,0.9760813840419467,0.009801235914213013,459.0247499999999,134816,72,-0.4826400609655139
60912674,20260207,6.021550000000003,2.3,3.3704286399999983,0.6195206079188791,0.34676287666796735,0.0064806290755657844,2.08805,3379,72,-0.7306432139483134
60916277,20260207,262.21178,1.31,260.5422288999996,0.7796023733179953,0.7746385002229881,0.049662072032014226,203.11934000000008,22338,72,-0.40488368449007994
60917464,20260207,1000.0,20.54,0.0020245699999999,0.0,0.0,0.6405405405405405,0.0,2370,60,-1.0
60930313,20260207,64.68921,1.84,3.2921591299999995,1.1474384593310958,0.05839536454379331,0.010312241521918942,3.7775499999999997,4987,72,-0.37639214166788276
60949070,20260207,66.13085000000001,9.0,4.899742599999998,7.56743833849558,0.5606838563242419,0.004128815952002823,37.0785,11699,72,-0.15917351794493553
60961963,20260207,27.77777777777778,2.08,0.4487938799999991,0.16782760050114798,0.00271152,0.031157742402315485,0.07532,6459,72,-0.9193136536052173
60972908,20260207,1000.0,2.2,34.42934963000001,1.5905987359192524,0.054763280000000004,0.009444275736410568,54.76328,3110,72,-0.27700057458215804
61011193,20260207,1128.4313299999994,3.5,79.66752448,2.3493236575586893,0.16586281772236872,0.0036072183960740595,187.1648,34621,72,-0.32876466926894593
61011487,20260207,420.4162162162162,3.33,1.3659385899999992,4.202246017516793,0.01365316031731746,0.03440809968847352,5.74001,4418,72,0.26193574099603395
61012951,20260207,119.05549000000002,2.3,25.964335379999998,1.5891668088597923,0.3465750298453267,0.002485277575597168,41.26166,7512,72,-0.3090579091913946
61019035,20260207,115.3846153846154,2.33,9.77133559,1.4269789294996469,0.12084357999999999,0.00909697821503865,13.94349,2589,72,-0.3875626912018683
61022895,20260207,1.32579105532968,26.0,0.0056692399999997,0.0,0.0,0.005366297426018087,0.0,10028,72,-1.0
61027483,20260207,4.077471967380224,52.0,0.3563199199999988,8.884235268126492,0.7763707575,0.0309867187249976,3.1656299999999997,968242,72,-0.8291493217667983
61030217,20260207,46.25146000000001,20.1,2.3149738599999976,17.61766329404689,0.8817976773057541,0.0033724399837243998,40.78443,9946,72,-0.12349933860463248
61034097,20260207,2664.894420000001,2.82,1171.39858301,1.5425399997983218,0.6780490650732794,0.002572639256184943,1806.9291699999999,150689,72,-0.4530000000715171
61042371,20260207,220.99027000000007,1.82,197.71575504,1.240848206306908,1.1101630854607305,0.002402116823173643,245.33524,18111,72,-0.3182152712599407
61076126,20260207,40.32258064516129,2.5,2.2049169599999994,2.2142194416246865,0.12107781600000002,0.07186723900045991,4.88217,46879,72,-0.11431222335012539
61087629,20260207,57.142857142857146,1.67,0.5514060199999995,0.4873722633641182,0.004702949999999999,0.0024530766253869967,0.26874,5071,72,-0.7081603213388513
61095720,20260207,7.352941176470588,1.35,0.6012119099999996,1.2261733138320572,0.10025784,0.017003546099290782,0.73719,2877,72,-0.09172347123551325
61098328,20260207,175.43859649122808,52.0,0.2929606599999988,13.9853931241144,0.023353869,0.3797032640949555,4.09717,12796,72,-0.7310501322285692
61100993,20260207,118.66019,5.1,35.57482887999999,3.314711938538495,0.9937647158663744,0.005963890506697728,117.92031,8192,72,-0.3500564826395108
61106509,20260207,50.0,1.11,29.731472540000006,0.6189720329270982,0.368059,0.005610632183908046,18.40295,18744,72,-0.44236753790351513
61109358,20260207,21.234762092017306,54.68,0.24533726999999983,6.697922415130817,0.07738490277777776,0.024310506566604127,1.64325,253967,72,-0.8775069053560567
61112285,20260207,131.01449000000002,1.96,36.45122326,1.0054381368379899,0.279735852118342,0.000506928965985076,36.64945,5231,72,-0.4870213587561276
61136703,20260207,28.116213683224,52.0,0.1347540599999996,16.376129965954323,0.07848674166666665,0.47425,2.20675,5691,72,-0.6850744237316477
61145915,20260207,7.368421052631579,8.1,0.01351633,0.0,0.0,0.008582863729508197,0.0,26806,72,-1.0
61154489,20260207,5.9523809523809526,6.1,0.023762619999999898,0.0,0.0,0.006707217371398672,0.0,20510,72,-1.0
61159718,20260207,3.703703703703704,13.8,0.5030550199999981,7.174642646444544,0.9744947999999997,0.008697645979822683,3.6092399999999993,2845,72,-0.48009835895329395
61185226,20260207,280.8988764044944,3.0,3.1697488299999996,1.8745428482420168,0.0211529148,0.0033821551337617694,5.9418299999999995,2263,72,-0.37515238391932776
61185244,20260207,445.2629400000001,1.3,301.10735144999995,0.7926854952248961,0.5360505188237763,0.007295121558525197,238.68343000000004,13593,72,-0.39024192675007996
61185698,20260207,7.1040600000000005,52.0,0.42989980999999794,16.52492007381914,1.0,0.017067287111402173,7.1040600000000005,1136270,72,-0.6822130755034781
61185812,20260207,498.5705128205128,3.59,18.21317155,1.8193399161169161,0.06646191290484334,0.030691446120494986,33.13595,67957,72,-0.4932200790760679
61186486,20260207,21.234762092017306,54.68,0.006260219999999799,8.807997163039282,0.002596685555555555,0.01405591781207487,0.05514,209741,72,-0.8389173891177892
61188825,20260207,23.36448598130841,52.0,0.0494918399999988,0.0,0.0,0.005326945966007986,0.0,332981,72,-1.0
61190600,20260207,992.44652,6.1,135.64135211999996,3.1525223931835877,0.43086694485059,0.0025239119433198383,427.6124,19949,72,-0.4831930502977725
61191979,20260207,346.15384615384613,6.0,20.44772062,1.9336790997294055,0.11422473111111112,0.0035624166581187814,39.53933,6946,72,-0.677720150045099
61194572,20260207,309.0961200000001,3.13,146.59471051999998,2.1085080007564794,0.9999999999999997,0.008944627192982457,309.09612,16315,72,-0.3263552713238085
61218808,20260207,804.4937299999997,4.0,165.45907342999993,4.1432715401372615,0.8521407245771826,0.2709346174715138,685.54187,599199,72,0.03581788503431538
61218812,20260207,1560.8154700000005,4.0,64.79945852,3.0986670967015355,0.1286455406544631,0.25519817968291253,200.79194999999999,521523,72,-0.22533322582461612
61218892,20260207,119.60393,4.0,0.6590469999999994,2.8258530878677877,0.015571143857898316,0.011575757575757576,1.86237,2101,72,-0.2935367280330531
61245888,20260207,128.2051282051282,3.76,7.244865859999999,2.092156058221346,0.118227642,0.0017333908852199562,15.15739,4819,72,-0.44357551643049303
61261395,20260207,4.044489383215369,16.0,0.0256127899999997,0.0,0.0,0.039794422959495215,0.0,195510,72,-1.0
61275566,20260207,729.8732500000002,1.8,380.58487383000016,1.1486562132662985,0.5989549281330694,0.011720184280716339,437.16117999999994,33835,72,-0.3618576592965008
61280560,20260207,1000.0,30.15,0.8278719799999977,11.119980168914552,0.00920592,0.01524961513085551,9.205919999999999,20802,72,-0.6311781038502636
61292982,20260207,9.42855,2.24,0.6256063999999997,1.4892590612883763,0.09881583064203933,0.1099672131147541,0.9316899999999999,20124,72,-0.33515220478197494
61325277,20260207,159.26296000000002,2.64,114.76722292000011,1.382764747306128,0.9964405408514321,0.009974180511899416,158.69607000000002,8885,72,-0.4762254745052546
61327659,20260207,1111.111111111111,41.78,0.2157626299999992,19.956838679617576,0.0038753459999999996,0.002811808714448773,4.30594,250533,72,-0.5223351201623366
61328223,20260207,1666.6666666666667,48.86,9.830470329999999,19.741280273006026,0.11643964200000001,0.034758816248097284,194.06607000000002,3080441,72,-0.595962335796029
61329740,20260207,25.42372881355932,10.0,2.322882929999999,2.7071273884646447,0.24734137333333336,0.01869677892394822,6.28834,147899,72,-0.7292872611535355
61361730,20260207,372.3404255319149,1.5,75.30825108,0.44157166742159853,0.08931071600000001,0.0029048726013036147,33.25399,6373,72,-0.7056188883856009
61380657,20260207,27.354690000000005,7.1,9.962235880000001,2.362850095454676,0.8605204445745865,0.01990355836381776,23.539270000000002,17955,72,-0.6672042119077921
61390918,20260207,14.285714285714286,1.45,3.180523099999999,0.3972837046836731,0.0884499,0.0026764606551840596,1.26357,9510,72,-0.726011238149191
61390940,20260207,58.39817,10.0,12.34167202,4.677778659686015,0.9885859437033728,0.028406209178299884,57.731609999999996,763272,72,-0.5322221340313985
61400136,20260207,267.85714285714283,2.25,0.5897171499999989,1.7456165214120056,0.0038431680000000005,0.007076754495193505,1.02942,14208,72,-0.2241704349279975
61404169,20260207,8.771929824561404,1.68,1.3943859299999994,0.33074774356049347,0.052575659999999996,0.015572275421796625,0.46119,6830,72,-0.8031263431187539
61404245,20260207,8.771929824561404,1.51,0.9756359899999988,0.5204400054983628,0.057884639999999994,0.010368203096867123,0.50776,11517,72,-0.655337744703071
61423925,20260207,1000.0,20.04,2.8435154499999977,13.622349053879779,0.03873536,0.019203154590295417,38.73536,974466,72,-0.32024206317965176
61443196,20260207,27.77777777777778,25.0,0.5755063499999986,5.57340505452287,0.11547108,0.022692096764365365,3.20753,148960,72,-0.7770637978190852
61444303,20260207,1000.0,1.05,76.79421796,0.6856417240608619,0.05265332,0.004015424164524422,52.65332,2343,72,-0.34700788184679826
61445437,20260207,67.55288000000002,5.6,23.472981179999998,2.877899465857281,0.9999999999999998,0.001667632570269487,67.55288,3453,72,-0.4860893810969141
61446523,20260207,280.8988764044944,3.0,5.3362700499999995,1.898284739169076,0.036061945600000006,0.002981837052413077,10.129760000000001,2873,72,-0.3672384202769747
61451829,20260207,72.63998000000001,19.25,3.4158564799999995,18.170526297990133,0.8544593486947545,0.011303882331948303,62.06791,44344,72,-0.05607655594856453
61462330,20260207,7.462686567164179,5.1,0.03346303,0.0,0.0,0.0009484396200814112,0.0,1398,72,-1.0
61467151,20260207,5.652430000000001,19.25,1.012363219999999,5.583401182828437,0.9999999999999999,0.007875438123483418,5.65243,2921,72,-0.7099531853076136
61470571,20260207,1162.7906976744189,20.6,3.157815789999999,10.263480251962388,0.02787275479999999,0.004984919111598574,32.41018,1818,72,-0.5017728033027967
61471905,20260207,1000.0,28.73,7.482276129999999,15.36913206650127,0.11499609000000001,0.011154639175257731,114.99609000000001,207203,72,-0.46504935375909257
61515335,20260207,4.7828800000000005,2.04,2.1967934799999984,2.187465523613992,1.0047105509651089,0.01808546795987731,4.80541,43633,72,0.0722870213794079
61521770,20260207,101.2775,3.79,34.56488058000001,4.1200177061337895,1.406116067240996,0.5490909090909091,142.40792,5436,72,0.08707591190865156
61524679,20260207,2.69648,52.0,0.1033659199999992,6.895599632838421,0.26433350145374707,0.010954452840601953,0.71277,289788,72,-0.8673923147531073
61524837,20260207,1000.0,18.9,2.185272169999998,10.3555750677958,0.02262975,0.0031670737942396184,22.62975,27875,72,-0.4520859752488995
61547249,20260207,70.0,8.7,1.840172769999998,4.046842840740442,0.10638414285714286,0.0038398520763245074,7.44689,14952,72,-0.5348456504896043
61552681,20260207,1.5432098765432098,3.88,0.1298749999999998,1.3054090471607336,0.10986192,0.02909830007390983,0.16954,3937,72,-0.6635543692884707
61583194,20260207,2182.06944,300.0,6.364344179999998,207.2730893695948,0.6045441340308584,0.008865231530527224,1319.1572800000001,384103,72,-0.30908970210135067
61590141,20260207,28.447170000000018,21.41,1.570751739999998,11.944541917235135,0.6595352015683805,0.0017102719612790886,18.76191,11590,72,-0.4421045344588914
61593737,20260207,118.54912000000002,22.0,7.486773609999998,9.508955887875446,0.6005223826208073,0.009254551051534275,71.1914,132279,72,-0.5677747323692979
61619011,20260207,162.85718,1.46,52.408485999999996,0.7158806304765225,0.23037498254605662,0.008682348043297252,37.51822,4171,72,-0.5096708010434777
61622102,20260207,100000.0,60.0,0.7477592299999991,66.80131517734668,0.000499513,0.004780845421931056,49.9513,3065,72,0.113355252955778
61627716,20260207,498.5705128205128,3.59,13.355976779999999,1.9288458211889765,0.051670965966802526,0.006199378533951403,25.76162,12170,72,-0.4627170414515386
61630077,20260207,1000.0,30.15,0.45239702999999837,12.688986928141459,0.0057404599999999984,0.0014324515444698017,5.740459999999999,8913,72,-0.5791380786686082
61642024,20260207,20.98801,12.13,2.5296678399999997,7.168751451573975,0.8640438040576501,0.02518949017336475,18.13456,191357,72,-0.40900647555037306
61652353,20260207,1000.0,2.76,53.638024000000044,0.8649744442487286,0.04639552,0.07337606009431263,46.395520000000005,1590250,72,-0.6866034622287215
61663854,20260207,141.18399000000002,3.6,47.95950828,2.476000781882912,0.8410853100270079,0.004582588487665355,118.74778,5127,72,-0.3122220050325244
61697828,20260207,82.3529411764706,1.9,5.539783079999999,1.4736587844880022,0.09913124999999999,0.003538088790707618,8.16375,4965,72,-0.2243901134273672
61702785,20260207,0.8682062858135093,52.0,0.0372381799999999,0.0,0.0,0.004937418821584602,0.0,133808,72,-1.0
61709401,20260207,15.873015873015872,8.1,1.6325031599999984,2.87170041373764,0.29534778000000006,0.005498442367601246,4.68806,2118,72,-0.6454690847237481
61709841,20260207,197.8021978021978,3.6,0.3534913699999999,3.192298584262468,0.005704941666666666,0.0032396895862279304,1.12845,9560,72,-0.11325039326042563
61736578,20260207,1000.0,23.79,13.92317826,22.28128407227618,0.31022628999999996,0.004583234086225887,310.22628999999995,286701,72,-0.06341807178326272
61768085,20260207,40.32258064516129,2.3,2.802410779999999,1.792842090052195,0.12460214400000001,0.02418747441670078,5.02428,23636,72,-0.2205034391077412
61777401,20260207,4432.506930000003,300.0,11.881192509999998,227.87231228862566,0.6108044167231562,0.013002977751142408,2707.39481,694307,72,-0.24042562570458112
61795733,20260207,47.716910000000006,13.34,2.913293729999999,3.5670965453936576,0.21778442904203138,0.006695107584955795,10.392,177887,72,-0.7326014583662926
61798105,20260207,45.45454545454545,8.0,10.374591689999999,2.458500610157507,0.56113068,0.04744751049790042,25.50594,15819,72,-0.6926874237303116
61810671,20260207,83.33333333333333,10.0,0.0028838699999999997,5.617451549480386,0.0001944,0.14653409090909092,0.0162,5158,72,-0.43825484505196144
61831943,20260207,104.30993,5.6,47.090962860000005,1.9429874532830904,0.8771662486975115,0.0035209755349336607,91.49715,9182,72,-0.6530379547708767
61834352,20260207,139.53488372093022,8.1,21.142283720000002,4.583750331016748,0.694528475,0.003429709943471411,96.91095,3701,72,-0.4341048974053398
61861065,20260207,125.0,2.8,12.378150309999999,1.112624233434438,0.11017784,0.031950538289660775,13.77223,251668,72,-0.6026342023448436
61869045,20260207,593.0689100000001,13.49,11.021867570000008,13.759977520760566,0.255721801367062,0.012635744599555137,151.66065,185192,72,0.020013159433696526
61879187,20260207,66.1471,54.0,1.5291670999999987,43.25694686996604,1.0,0.011986183739433828,66.1471,840301,72,-0.19894542833396217
61880373,20260207,461.1956700000001,1.01,559.35460876,0.583894375562631,0.7081679886543599,0.010199048711874445,326.60401,110215,48,-0.42188675686868216
61887714,20260207,555.5555555555555,11.1,0.1607658499999996,0.0,0.0,0.2430952380952381,0.0,1021,72,-1.0
61894872,20260207,59.70149253731344,5.1,1.1046315399999997,8.226643610049376,0.15221411749999994,0.004337358108596631,9.087409999999998,5999,72,0.6130673745194856
61914746,20260207,20.83333333333333,11.0,0.3186287699999997,2.3789753825431417,0.036384480000000004,0.002918138482115299,0.75801,17018,72,-0.7837295106778961
61915131,20260207,1000.0,20.52,0.755107939999999,8.749662995200406,0.0066069399999999995,0.01010599721059972,6.60694,3623,72,-0.5736031678752238
61917856,20260207,183.66036000000005,3.5,39.25839492,1.1879578901541092,0.25393242178116165,0.005503023639362287,46.63732,11011,72,-0.6605834599559687
61921752,20260207,50.0,2.83,5.9115299199999995,1.2549610845917871,0.1483748,0.0029458166300271563,7.41874,2278,72,-0.5565508535011353
61927008,20260207,347.65362000000005,1.0,307.94050145,0.7964333981570192,0.7054553322355739,0.04114760493056639,245.2541,52743,72,-0.2035666018429808
61939692,20260207,1000.0,1.29,9.942765969999998,1.21084414903512,0.012039139999999999,0.031182364729458917,12.039139999999998,3112,30,-0.061361124778976726
61944621,20260207,147.54098360655738,7.1,9.787200359999998,2.3385574176597324,0.15512930333333333,0.002781121751025992,22.887929999999997,2033,72,-0.6706257158225729
61946302,20260207,17.54385964912281,10.0,0.0284664499999998,0.0,0.0,0.001992700217589668,0.0,2839,72,-1.0
61947448,20260207,142.85714285714286,25.0,0.00273055,0.0,0.0,0.020973977695167286,0.0,2821,72,-1.0
61974075,20260207,127.96638000000002,1.28,79.44294961,0.9657286187966856,0.5995350497529115,0.006751501738855517,76.72032999999999,4271,72,-0.2455245165650894
61981383,20260207,103.8961038961039,4.0,30.162857709999994,2.3545835969134377,0.6835768362500001,0.0017016843971631205,71.02097,3839,72,-0.4113541007716406
61991620,20260207,42.08653000000001,1.92,10.99126112,1.0846980951354197,0.28327828404955213,0.005161419959812458,11.9222,3853,72,-0.4350530754503022
61992618,20260207,83.12442,4.0,9.788109599999999,3.4120040911679212,0.40177206649983244,0.04470528455284553,33.39707,4399,72,-0.1469989772080197
62027377,20260207,2104.15374,13.5,184.01624725,10.056164700967727,0.8794498495152733,0.018754061498269883,1850.4976899999997,515431,72,-0.2550989110394276
62034028,20260207,313.8476000000001,2.57,108.55843762000006,1.8011911767231996,0.6230237223416712,0.0038723726827923645,195.53449999999998,28096,72,-0.2991474020532297
62054606,20260207,13.043478260869565,6.2,1.0990061199999988,1.5146321478173406,0.12761856666666668,0.009777533918595371,1.66459,39204,72,-0.7557044922875258
62086487,20260207,49.43966,8.0,0.5063748299999995,1.34088418257282,0.013733710951895704,0.0007080998471726949,0.67899,2641,72,-0.8323894771783975
62095724,20260207,12.5,10.5,0.24413513999999892,1.9979508070816934,0.039021600000000004,0.0005013814031432583,0.48777000000000004,2214,72,-0.8097189707541245
62097829,20260207,17.931050000000003,1.97,1.8195641399999993,1.8374510282446,0.1864564540280686,0.0009055384511283283,3.34336,5353,72,-0.06728374200781728
62098540,20260207,25.64102564102564,13.15,0.8453693999999992,5.758736949787874,0.18986214000000004,0.0020591230411785063,4.86826,62481,72,-0.5620732357575762
62103297,20260207,2.336448598130841,2.96,0.5465646999999999,0.3559322437032616,0.08326312000000001,0.07833171677982541,0.19454000000000002,8076,72,-0.8797526203705197
62103431,20260207,2.336448598130841,3.01,0.2243449599999997,0.934186353016356,0.08970024,0.20627777777777778,0.20958,3713,72,-0.6896390853766259
62108188,20260207,46.08294930875576,52.0,0.10987818999999929,20.17943688369834,0.048114976,0.008314916242272829,2.2172799999999997,155760,72,-0.6119339060827242
62110322,20260207,50.68064999999999,1.96,13.75778575,2.069432575659931,0.5617688407705901,0.07342016119612195,28.47081,62855,72,0.05583294676527105
62110977,20260207,118.0,9.1,6.754455839999997,3.73756533435268,0.21394254237288135,0.03988590286742913,25.24522,438721,72,-0.5892785346865187
62112393,20260207,11.67876,9.0,0.2765422499999996,8.383818385798204,0.19852107586764348,0.001233193838482771,2.31848,1385,72,-0.06846462380019958
62112636,20260207,118.0,8.1,1.758430279999998,2.913416618371702,0.04341559322033898,0.0010908084163898117,5.12304,1379,72,-0.6403189360034935
62112649,20260207,170.84410000000003,9.0,18.034290420000005,3.997236282723675,0.4219479630844729,0.036973367900070706,72.08732,78439,72,-0.555862635252925
62123023,20260207,237.2979400000001,2.34,220.11151707,1.07469006233223,0.9968550928002152,0.0008044280130623848,236.55166,19017,72,-0.5407307425930641
62141016,20260207,133.90189999999998,12.42,19.187915150000002,6.019843693127859,0.8626333905642863,0.0018851286939942802,115.50825,7910,72,-0.5153104916966297
62141274,20260207,284.49023000000017,3000.0,0.758970299999999,374.01028735907107,0.9977941949008227,0.007887358198843007,283.8627,45402,72,-0.8753299042136429
62141661,20260207,4.433497536945813,2.7,0.6754590699999994,0.8644491219875108,0.1317018888888889,0.2657703081232493,0.5839000000000001,9488,72,-0.6798336585231441
62141774,20260207,3.886010362694301,2.03,0.0389869299999996,0.0,0.0,0.009994963485268194,0.0,3969,72,-1.0
62145179,20260207,10.638297872340424,10.0,0.0263947999999999,5.128282843590424,0.012723840000000004,0.0008828739067862283,0.13536,1595,72,-0.4871717156409576
62145770,20260207,1.3192612137203166,2.27,0.7477690899999994,1.034811428217768,0.5865404000000001,0.02167273795534665,0.7738,36887,72,-0.5441359347058291
62150859,20260207,1.2315270935960592,5.6,0.0136458099999996,0.0,0.0,0.17020958083832335,0.0,11370,72,-1.0
62161066,20260207,25.074780000000008,1.94,27.253421699999997,0.9091779473694491,0.9881725781841354,0.011391542900387854,24.77821,72252,72,-0.5313515735209025
62164374,20260207,8.309009999999999,2.51,5.170598479999997,1.577384132909892,0.9815874574708663,0.09854414784394251,8.156020000000002,47991,72,-0.3715601064104015
62171512,20260207,62.5,15.0,1.5066085199999992,4.675620711344446,0.11270928,0.0019428571428571429,7.0443299999999995,1122,72,-0.6882919525770369
62187452,20260207,3.25476,380.0,0.0138394999999995,99.38364825319194,0.42258722609347543,0.001906200317965024,1.37542,1199,72,-0.7384640835442318
62204387,20260207,89.88764044943821,7.0,4.121756329999999,5.0488938049377605,0.23151469874999997,0.011280746395250212,20.810309999999998,1330,72,-0.2787294564374628
62210221,20260207,41.66666666666666,12.0,7.524852289999998,4.971173992307031,0.8977764,0.012481771687175609,37.407349999999994,559609,72,-0.5857355006410808
62243266,20260207,1.32579105532968,26.0,0.0029903999999998996,0.0,0.0,0.016808309726156753,0.0,1780,60,-1.0
62243688,20260207,1032.14053,5.5,297.12176547,3.4096952082841963,0.9815472123742685,0.0071972569318519,1013.0946599999999,65490,72,-0.38005541667560067
62254595,20260207,6.25,6.78,0.00105222,0.0,0.0,0.002160541722508288,0.0,3063,72,-1.0
62256963,20260207,29.98952,9.0,0.21673147999999937,1.8715786003952963,0.013525724986595317,0.002596944016435542,0.40563,4045,72,-0.7920468221783004
62259395,20260207,359.21541,2.06,279.33086143,1.201357087011651,0.9341918544084731,0.010578337806939059,335.57610999999997,42563,72,-0.4168169480525966
62269771,20260207,313.4800300000003,1.5,218.52118453999998,1.281411459440188,0.8932484471179863,0.14471619365609348,280.01555,138696,72,-0.14572569370654134
62285840,20260207,23.80952380952381,1.19,0.6947140099999998,0.7779172324450462,0.02269806,0.0005787858253278591,0.54043,2904,72,-0.346288039962146
62297437,20260207,6.289308176100629,58.0,0.036082419999999296,14.352418712492403,0.08234133,0.029157814871016693,0.51787,3843,72,-0.7525445049570275
62326550,20260207,40.32258064516129,2.3,0.6950244499999997,4.5268767163514925,0.07802799200000002,0.009443953128454566,3.1462900000000005,8543,72,0.9682072679789099
62326559,20260207,40.32258064516129,2.3,0.8333575799999995,0.0,0.0,0.01201517874975035,0.0,6016,72,-1.0
62326943,20260207,120.62792,2.1,65.14375743000001,0.8276395487001923,0.44695747054247476,0.017821930902635532,53.91555,13051,72,-0.6058859291903845
62336447,20260207,1.32579105532968,26.0,0.013772849999999802,0.0,0.0,0.02028135048231511,0.0,10092,72,-1.0
62338437,20260207,151.5151515151515,52.0,0.869796189999997,13.602577403793918,0.07808770200000001,0.02165416881111683,11.83147,841481,72,-0.7384119730039631
62367731,20260207,72.79249000000002,15.0,2.2769717699999985,11.811376124351344,0.3694635257016211,0.008282184235988786,26.894170000000003,33383,72,-0.2125749250432437
62370833,20260207,248.92276000000004,8.02,32.929337829999994,7.4122094789781565,0.9805417150283885,0.0036212390137501872,244.07914999999997,16934,72,-0.07578435424212507
62371800,20260207,264.7058823529412,1.58,27.10017516,0.8880702747457814,0.09091924888888887,0.014819503047351149,24.06686,9483,72,-0.4379302058571004
62382189,20260207,100.0,13.32,1.440011719999999,2.5911802995603415,0.0373133,0.001389972107130284,3.7313300000000003,184779,72,-0.8054669444774518
62390621,20260207,27.77777777777778,2.99,6.15675128,1.2665624523977845,0.28072475999999996,0.013303903345724908,7.797909999999999,2863,72,-0.5764005175927143
62408382,20260207,15.62024,6.06,5.834387239999998,2.512819152538803,0.9385745673561994,0.3100652952733156,14.66076,536599,72,-0.5853433741685143
62425774,20260207,14.70207,2.61,0.512991599999999,0.9221008687081835,0.03217438088650102,0.02187328829651269,0.47303000000000006,23960,72,-0.6467046480045273
62428947,20260207,32.35294117647059,10.1,0.14758721999999969,4.946634268197488,0.02256549090909091,0.017271989374262102,0.73006,23407,72,-0.5102342308715359
62435576,20260207,363.6363636363636,104.43,0.34070405999999875,22.91088048671926,0.0214660325,0.006803045272272912,7.805829999999999,11706,72,-0.7806101648308028
62440154,20260207,11.11111111111111,6.81,0.0114356,3.1498128650879704,0.0032418,0.039243293624209946,0.036019999999999996,134734,72,-0.537472413349784
62450179,20260207,139.06444000000005,11.0,10.378513549999996,12.486475002000653,0.9318776964118214,0.0026618336012037068,129.59105,15568,72,0.1351340910909684
62456302,20260207,10.454783063251435,9.0,1.3220808099999997,4.990753931297135,0.631115917,0.0013423572341951782,6.598179999999999,4304,72,-0.4454717854114294
62462575,20260207,51.30043,10.0,1.302296579999999,4.359214396462597,0.11066164552616811,0.0034054204566549098,5.67699,11007,72,-0.5640785603537404
62463469,20260207,223.48889000000003,10.0,25.21536293,8.189880533280114,0.9240316599183074,0.006617439054829853,206.51081000000002,31814,72,-0.1810119466719886
62465463,20260207,469.2045099999999,4.78,106.12060824999999,4.069732798577321,0.920456881371409,0.08436022610039037,431.88252,4881766,72,-0.14859146473277812
62469263,20260207,1466.2635899999996,7.6,182.21347595999993,4.836374946238639,0.6010192819423419,0.007028242609618315,881.2526900000001,474263,72,-0.3636348754949159
62474596,20260207,1000.0,2.77,0.7771889399999993,0.1782320782897401,0.00013852,0.0033319144973995396,0.13852,25049,72,-0.9356562894260867
62497963,20260207,479.75704,1.0,508.4812406699999,0.8405779128386582,0.8909053215769381,0.11075869133747358,427.4181,172994,72,-0.15942208716134176
62516634,20260207,17.806910000000002,12.0,1.0020338499999992,10.48906681146551,0.5902427765401184,0.0067361638976363705,10.5104,74440,72,-0.1259110990445409
62522391,20260207,551.4975700000001,4.91,104.57649042999999,3.847171752902743,0.7295113195149707,0.08061819550162216,402.32372000000004,4134875,72,-0.21646196478559204
62524259,20260207,100.0,6.5,2.4040944999999994,3.2069704414697515,0.0770986,0.006929355797314015,7.70986,54331,72,-0.5066199320815767
62527634,20260207,156.86274509803923,7.1,7.121498639999998,3.71790704996891,0.16879132124999996,0.0040422778257118205,26.477069999999998,2811,72,-0.4763511197226887
62529276,20260207,107.15096,6.71,4.973098589999998,3.0067732882005873,0.13955059292049274,0.008479882648784577,14.95298,141631,72,-0.5518966783605682
62537183,20260207,1000.0,19.0,5.247883999999996,16.335054280925426,0.08572447,0.001917755058781327,85.72447,58807,72,-0.14026030100392492
62537340,20260207,1000.0,2.56,23.62376996000001,1.2114840285212456,0.028619819999999997,0.011972450249466245,28.619819999999997,1048631,72,-0.5267640513588885
62543564,20260207,1000.0,32.62,0.4121149299999988,32.585885689703204,0.013429130000000001,0.0027315946753599567,13.42913,2011,72,-0.00104580963509483
62552000,20260207,28.349000000000004,1.04,43.49290014,0.6384642070456329,0.9795287311721752,0.051896213387600844,27.768659999999997,71404,72,-0.3860921086099684
62552558,20260207,118.0,11.0,2.2494264799999995,5.807711483862323,0.11071203389830508,0.006360582306830907,13.06402,1704,72,-0.47202622873978883
62559786,20260207,10.454783063251435,7.8,0.6594465799999987,6.573587810554736,0.4146360545000001,0.0021246069182389938,4.33493,3243,72,-0.157232331980162
62621349,20260207,1.25,3.15,0.6255034799999991,0.817645331085929,0.409152,0.12818934911242605,0.51144,21664,72,-0.7404300536235146
62626344,20260207,999.4573299999998,4.41,231.98193855999997,3.9039427621894944,0.9061359427920751,0.13283627782558885,905.6442099999999,4846691,72,-0.11475220812029607
62630587,20260207,7.25892,1.96,1.5839314599999992,2.1626882769283475,0.47190904432064273,0.06058538163001294,3.42555,18733,72,0.10341238618793243
62632452,20260207,1000.0,300.0,0.6336520499999971,106.2013292626455,0.06729469,0.0048997038233710285,67.29469,21837,72,-0.645995569124515
62637401,20260207,70.21918999999998,10.5,10.540656519999999,6.729086548396514,1.010108347874705,0.004179735051915503,70.92899,11674,72,-0.35913461443842726
62640299,20260207,179.92026000000004,5.5,68.36117978,2.558909172763841,0.9722643242067345,0.006127680552132118,174.93005,12430,72,-0.5347437867702107
62644097,20260207,48.88049,9.4,6.693235189999998,5.857136181105869,0.8020212154174395,0.0026967326277036355,39.20319,11134,72,-0.37690040626533317
62658588,20260207,4.545454545454546,2.01,0.2017653299999995,0.0,0.0,0.011223992917220009,0.0,10142,72,-1.0
62665519,20260207,354.54545454545456,2.61,25.28079539,1.5743673957245692,0.1122599641025641,0.008859772178890073,39.80126,15789,72,-0.3967941012549543
62676303,20260207,416.91595,2.04,56.357969910000016,1.4724080752467967,0.19903755181350102,0.005170780934637478,82.98193,6661,72,-0.27823133566333497
62681129,20260207,48.53814999999999,48.0,2.193455649999998,14.018943122921144,0.6335208490640869,0.004581768521679754,30.74993,8052,72,-0.7079386849391428
62693338,20260207,49.58663000000001,1.83,5.146988039999998,1.5020648853110607,0.15591118009027832,0.07116118829775217,7.731109999999999,62999,72,-0.1791995162234641
62694436,20260207,89.88764044943821,7.1,18.698880709999997,1.8978055719143634,0.394791095,0.004319354115272483,35.48684,1926,72,-0.7327034405754418
62695450,20260207,4.3478260869565215,2.44,0.3593056899999997,1.0693401487741547,0.08837060000000001,0.2611607142857143,0.38422,5850,72,-0.56174584066633
62699077,20260207,44.67285000000001,60.0,1.0580723799999983,34.75645021562708,0.8232033550579376,0.0035927428980663642,36.77484,3010,72,-0.4207258297395486
62708257,20260207,392.89094,1.85,310.1368070499999,1.2143733070008726,0.9585913587114021,0.001176899680489376,376.62185999999997,27589,72,-0.34358199621574453
62715156,20260207,100.03554,1.47,80.51573367,0.9892120008052085,0.7961883346658598,0.004812932086213908,79.64713,9468,72,-0.3270666661189057
62719226,20260207,1000.0,1.5,0.9098026499999986,0.6072086072732377,0.0005524400000000001,0.0022071501014198783,0.55244,5223,72,-0.5951942618178415
62719771,20260207,19.466780000000004,160.0,0.13359869999999863,88.12675572442039,0.6048057254461189,0.013492176386913229,11.773620000000001,3794,72,-0.44920777672237255
62730483,20260207,83.33333333333333,16.0,0.2413561299999997,3.1298977158773673,0.00906504,0.003365539452495974,0.75542,1254,72,-0.8043813927576645
62733626,20260207,33.333333333333336,36.0,0.08459705999999889,1.1628063670297915,0.0029511,0.09199914015477215,0.09837,21399,72,-0.9676998231380612
62746245,20260207,272.72727272727275,7.1,2.0544277699999984,3.1640635387244616,0.023834579999999998,0.029068069680797504,6.50034,57735,72,-0.5543572480669772
62750176,20260207,147.54098360655738,7.1,13.391760140000002,3.9217234665913003,0.35596062000000006,0.0029860752965446104,52.51878000000001,2316,72,-0.44764458217023934
62753184,20260207,165.83097,21.6,9.966304629999998,16.084771231802094,0.9666814950186927,0.019388577827547594,160.30572999999998,8657,72,-0.25533466519434755
62758884,20260207,83.33333333333333,26.4,0.25335120999999916,0.9222770240568445,0.002803919999999999,0.006387542702788592,0.2336599999999999,56280,72,-0.9650652642402711
62759058,20260207,1000.0,31.5,32.574883729999996,15.366511025763225,0.5005623100000001,0.06937102557466915,500.56231,4262135,72,-0.5121742531503739
62759116,20260207,1000.0,30.0,20.775714540000003,20.264739351775862,0.42101444000000005,0.08008016877637131,421.01444000000004,37958,72,-0.3245086882741379
62766768,20260207,34.31616,50.63,0.9474606899999991,23.51535027801525,0.6492530049982282,0.023577092511013215,22.279870000000003,8028,72,-0.5355451258539354
62781570,20260207,1.32579105532968,26.0,0.0087054899999999,0.0,0.0,0.011758709873725848,0.0,7729,72,-1.0
62782340,20260207,292.4077699999999,25.0,8.833024349999995,11.462082067055556,0.3462454161187305,0.043072863583616484,101.24485000000001,2683616,72,-0.5415167173177777
62785644,20260207,316.29635,10.0,28.86067261,6.699915231116298,0.6113382591990074,0.02337749954415608,193.36406,307704,72,-0.33000847688837015
62789285,20260207,245.01463,1.42,284.54943309000004,0.8472182755104991,0.9839227967734007,0.01341540626099191,241.07547999999997,15256,72,-0.40336741161232453
62789760,20260207,87.71929824561404,10.5,14.185952799999999,4.288910364906895,0.693601992,0.07426582430806257,60.842279999999995,1234298,72,-0.5915323461993433
62805482,20260207,23.43981,9.5,2.5961909499999987,9.028538521020579,1.0,0.005712489522212909,23.43981,2726,72,-0.04962752410309696
62805489,20260207,153.19595999999993,9.0,2.0544968399999988,3.3657973404330006,0.0451383966000148,0.0005653330146114082,6.91502,3784,72,-0.6260225177296665
62824285,20260207,288.6240099999998,10.0,43.15919143000001,6.145476344944583,0.9189595487915234,0.004326629479896969,265.23379,76092,72,-0.38545236550554174
62835645,20260207,40.17131,2.0,8.572203199999999,2.020647387360113,0.4311883281874552,0.00723866797714438,17.3214,43453,72,0.01032369368005659
62841880,20260207,197.99366,11.0,38.87389505,4.956325054440358,0.9731203514294346,0.019588468336685563,192.67166,160694,72,-0.5494249950508766
62854671,20260207,363.6363636363636,57.4,2.284162339999999,17.06687362685439,0.1072046525,0.0011314190767952646,38.983509999999995,6537,72,-0.7026677068492265
62859145,20260207,41.66666666666666,1.85,27.633851930000002,0.8610153249815143,0.5710360800000002,0.011595076613916101,23.79317,4616,72,-0.5345863108208031
62859279,20260207,41.48365,1.48,13.259566359999997,1.0155596068829509,0.32460692345056424,0.025848068446979518,13.465879999999999,49848,72,-0.3138110764304386
62860871,20260207,55.55555555555556,2.59,20.898627779999998,1.6524099267918542,0.6215958,0.016188825685334748,34.533100000000005,292851,72,-0.36200388926955435
62863090,20260207,5.154639175257732,1.96,0.878517069999999,1.077349584112237,0.18361517999999996,0.13687753446877535,0.9464699999999999,16877,72,-0.45033184484069544
62863416,20260207,2.360717658168083,25.0,0.0957556699999993,0.0,0.0,0.014178267518920826,0.0,72312,72,-1.0
62863799,20260207,26.5748031496063,65.54,0.30854336999999954,27.733702396522126,0.3219986222222222,0.0034383954154727794,8.55705,6960,72,-0.5768431126560555
62864009,20260207,1.0332357499569484,52.0,0.00049049,0.0,0.0,0.0007419257127711938,0.0,3919,72,-1.0
62867831,20260207,23.834820000000004,2.71,5.408050499999998,1.1625594102717793,0.2637813081869298,0.013547227366815557,6.287179999999999,12435,72,-0.5710112877225907
62868116,20260207,1000.0,16.0,12.598702109999998,11.973630194832825,0.15085220000000002,0.013983078327588013,150.8522,280295,72,-0.2516481128229484
62868895,20260207,1083.0701399999996,81.2,9.66944152,66.65794696279418,0.5951093065865524,0.08475077414843672,644.54512,84844,72,-0.17908932311829825
62875385,20260207,15.734370000000002,6.34,10.746493319999997,1.2864261474272245,0.8786224043288672,0.032017264713413075,13.82457,175064,72,-0.7970936675982295
62885425,20260207,587.5,6.1,12.843121099999998,3.289800794605916,0.07191712340425531,0.0036883991429445973,42.25131,2410,72,-0.460688394326899
62888101,20260207,70.0,8.5,1.910867519999999,3.7311639479852605,0.10185371428571428,0.001985940866862129,7.12976,5622,72,-0.5610395355311458
62896186,20260207,3.886010362694301,1.84,0.1361367799999993,2.6488800454954338,0.09279697333333332,0.18964197530864196,0.36061,15361,72,0.43960872037795307
62896511,20260207,1000.0,1.0,572.3367657900001,0.5633462137539886,0.32242374999999995,0.00437467718053786,322.4237499999999,25409,51,-0.43665378624601137
62904543,20260207,1000.0,299.26,0.0049137499999999,0.0,0.0,0.045003808073115006,0.0,5909,72,-1.0
62905440,20260207,2570.3447100000008,5.1,306.9945056899999,2.7067632957545396,0.32328794529664456,0.006862781261527112,830.96146,74420,72,-0.4692620988716589
62905524,20260207,9.39662,6.92,0.7781126999999994,5.856349600771203,0.4849509717323888,0.008394911437092945,4.5569,13792,72,-0.15370670509086656
62926061,20260207,694.6908400000003,4.04,113.74578940999999,3.539709839708607,0.5795773699851863,0.021483759467290194,402.62709,126795,72,-0.123834198091929
62932631,20260207,405.3672800000001,5.0,151.14995084000003,2.3348014209648547,0.8705811677745671,0.007008725375550958,352.90512,77916,72,-0.533039715807029
62941923,20260207,1000000.0,41.96,1.279913989999998,7.1795996229403,9.18927e-06,0.07611979166666667,9.18927,17538,72,-0.8288941939242064
62951533,20260207,4.62962962962963,3.3,0.4917026799999982,2.1750542421286045,0.23100768,0.001283762806581807,1.06948,2481,72,-0.34089265390042284
62952235,20260207,114.07776999999996,5.5,25.500999999999998,4.349893337516176,0.9723772650885447,0.03554313225814985,110.92662999999999,403084,72,-0.20911030226978625
62957523,20260207,1233.7502500000005,4.1,419.77348746999985,2.471231201980418,0.8408163159440084,0.007876160418039515,1037.3573399999998,68128,72,-0.3972606824438004
62968126,20260207,1000.0,209.58,0.037234579999999795,29.915739616238614,0.0011139,0.9870634920634921,1.1139,12437,72,-0.8572586142941186
62972330,20260207,56.30614,10.0,9.848400379999998,5.094553233425712,0.8910786638899417,0.004479728688145522,50.1732,14530,72,-0.4905446766574288
62974470,20260207,256.19916000000006,9.0,43.75084866,4.557627248549926,0.7783009905262763,0.02219039686746206,199.40006,205148,72,-0.4935969723833416
62987009,20260207,225.48274,23.0,5.1095899299999985,23.910811175408757,0.5418349981022937,0.0008659306839215834,122.17444,27461,72,0.03960048588733724
62988138,20260207,24.390243902439025,15.0,2.4136559099999984,5.712090088267806,0.5652678200000001,0.003048619018616106,13.787020000000002,23025,72,-0.6191939941154795
62991598,20260207,53.40617000000002,7.91,10.574299029999999,3.636666590466187,0.7200516344834312,0.003839421613394216,38.455200000000005,16144,72,-0.5402444259840472
63002552,20260207,2532.0,23.0,7.605305499999998,9.690716566218152,0.02910776461295419,0.015049092801230714,73.70086,66520,72,-0.5786644971209499
63002557,20260207,2000.0,21.0,0.9106115599999993,2.031250295131331,0.0009248400000000001,0.004422186158163438,1.8496800000000002,26159,72,-0.9032737954699367
63007107,20260207,10.31706,3.0,1.3720628999999993,1.721641187149657,0.22896057597804026,0.004669158878504673,2.3622,4996,72,-0.42611960428344764
63008487,20260207,1052.6315789473683,17.0,37.05166655,6.546252370934176,0.230422082,0.023679253139313187,242.54955999999999,540254,72,-0.6149263311215191
63014188,20260207,392.33176,5.5,58.82476267000001,3.468668648009013,0.5200792563926,0.0037035141589901056,204.04361,23881,72,-0.3693329730892703
63014342,20260207,16.374660000000002,3.71,10.03253646,1.6321555436440447,0.9999999999999998,0.07819662058371736,16.37466,50906,72,-0.5600658912010662
63017961,20260207,35.714285714285715,1.45,5.081967689999999,0.5707789141807788,0.08121903999999999,0.008777270421106037,2.90068,3460,72,-0.6063593695304974
63018312,20260207,969.31033,280.0,2.373022949999998,132.30025019353494,0.32389165810293186,0.02289089137847053,313.95153000000005,9399,72,-0.527499106451661
63024133,20260207,1000.0,77.59,0.12709319999999819,15.419078282709286,0.00195966,0.733083109919571,1.95966,54688,72,-0.8012749286930109
63024390,20260207,1000.0,84.69,2.7926086299999984,34.97746477994665,0.09767837,0.008940600122473974,97.67837,5840,72,-0.5869941577524306
63029536,20260207,1000.0,14.88,0.013316019999999897,7.059917302617503,9.401e-05,0.023483835005574136,0.09401,4213,72,-0.5255431920283936
63031140,20260207,9.95539,12.0,0.6151091899999985,4.336888544942738,0.26796137569698425,0.0024713543813370703,2.6676599999999997,2998,72,-0.6385926212547718
63031379,20260207,10.454783063251435,8.0,0.3179932499999987,3.7103617765471593,0.11285456550000002,0.009423897581792318,1.17987,2650,72,-0.536204777931605
63038827,20260207,0.206347241137386,26.0,0.0021923399999999,0.0,0.0,0.0018668041844703109,0.0,1267,72,-1.0
63038979,20260207,1000.0,2.25,255.66614177999998,1.6327005097108018,0.41742624000000006,0.0043872273442770405,417.42624000000006,23412,72,-0.27435532901742143
63039945,20260207,13.6986301369863,12.0,0.06251371,0.0,0.0,0.004338377958866899,0.0,8944,72,-1.0
63041128,20260207,86.78675999999997,10.0,5.560731969999999,4.811032098711279,0.3082596930683898,0.012517385634592617,26.752860000000002,646006,72,-0.5188967901288721
63049514,20260207,6.738544474393531,1.35,3.2368360099999984,0.6516178124204695,0.313002312,0.0018683946248386017,2.10918,3907,72,-0.5173201389478005
63049540,20260207,42.85714285714285,2.7,1.63084324,0.8899874398719032,0.0338667,0.013715775749674055,1.4514299999999998,1052,72,-0.6703750222696655
63049739,20260207,2000.0,2.71,182.5504879,2.4596120512477686,0.22450169,0.007533751715754898,449.00338,110322,72,-0.09239407703034368
63050276,20260207,4.545454545454546,2.32,0.0025585199999999995,0.0,0.0,0.013304610081861267,0.0,3088,72,-1.0
63051533,20260207,1000.0,84.69,0.0017571199999998999,46.792478601350325,8.222e-05,0.22934782608695653,0.08222,10550,72,-0.447485197764195
63052095,20260207,14.06198,2.43,13.194284979999995,0.5511545347870759,0.5171455228922243,0.04620042879867211,7.27209,334006,72,-0.7731874342440017
63053963,20260207,24.875621890547265,6.0,3.1709264699999995,4.788862228016281,0.610442226,0.005146596327483007,15.18513,10146,72,-0.20185629533061977
63055893,20260207,13.28341,3.03,3.9203477099999997,2.5349460647713826,0.7481414787317413,0.07720596355604638,9.93787,13982,72,-0.1633841370391476
63056684,20260207,1319.2388100000005,9.52,51.22440965999999,10.603609170027088,0.4117250158824541,0.10832012678288432,543.16362,129865,72,0.11382449264990425
63057736,20260207,312.5,46.75,2.166353999999998,6.752474434002944,0.046810399999999995,0.004935008980678951,14.62825,88197,72,-0.8555620441924504
63064394,20260207,11.11111111111111,6.35,0.0083857599999998,1.5216271393410146,0.0011484000000000002,0.02161135341420199,0.01276,63425,72,-0.7603736788439347
63064523,20260207,1678.5256200000006,391.72,8.525770279999996,193.0094966152432,0.9803571720281515,0.003106586903383507,1645.5546300000003,289770,72,-0.5072768900866864
63064971,20260207,1006.7315300000002,408.89,0.31065263,385.318707908573,0.11889989181127562,0.013032371983519718,119.70027,22142,72,-0.057647025095813015
63067488,20260207,6.0449600000000006,12.5,0.8674467099999993,6.968681684203983,0.9999999999999999,0.002029810298102981,6.04496,1498,72,-0.44250546526368134
63075099,20260207,2516.66506,16.88,204.85770876,12.395182662981181,1.0089736454639697,0.06651340766494825,2539.24872,332873,72,-0.2656882308660437
63077278,20260207,6.073970000000001,52.0,0.8694183699999986,6.0839984321932485,0.8708538237758829,0.032657428105550085,5.289540000000001,1598248,72,-0.8830000301501298
63086700,20260207,233.5167930000001,32.0,0.3155038899999992,150.06829234340066,0.2027568526945297,0.8979411764705882,47.34713,3053,72,3.6896341357312705
63086847,20260207,73.61649750000005,27.63,0.1974057299999995,157.41766968973027,0.4221220929452665,1.0627272727272727,31.07515,1169,72,4.6973459894944005
63087865,20260207,1000.0,84.69,0.0250146999999996,14.25801628642381,0.00035665999999999996,0.6256978653530377,0.35666,38105,72,-0.8316446299867303
63088304,20260207,2000.0,15.0,0.0573125199999996,4.341808735682914,0.00012442,0.013672316384180792,0.24884,14520,72,-0.7105460842878057
63088516,20260207,1000.0,3.98,0.22627416999999958,0.9415126790654028,0.00021304,0.050502232142857144,0.21304,9050,72,-0.7634390253604515
63089129,20260207,1000.0,3.32,25.49643398999998,1.52297611561012,0.038830460000000004,0.00801911327131405,38.83046,1039747,72,-0.5412722543343012
63092554,20260207,86.40656,18.32,1.0485455099999998,8.196992803869811,0.0994706883366263,0.003075165455228892,8.59492,72811,72,-0.5525658949852723
63092860,20260207,1000.0,264.8,0.00020505,0.0,0.0,0.33285714285714285,0.0,6524,72,-1.0
63096817,20260207,1000.0,14.61,0.6980512899999984,7.139604311883746,0.00498381,0.007543017206882753,4.98381,9425,72,-0.5113207178724335
63099873,20260207,172.3989100000001,22.0,5.9025735999999975,25.371124554889086,0.8686535779141523,0.0008439159647796118,149.75493,19418,72,0.15323293431314025
63099926,20260207,1000.0,55.51,2.9197034499999988,16.960105999806252,0.04951848,0.03606222066705899,49.51848,226734,72,-0.6944675553989146
63113659,20260207,715.3814399999999,12.42,102.6781206,6.719723403273901,0.9644764756547222,0.006909387454456969,689.96857,52530,72,-0.4589594683354347
63115257,20260207,1000.0,9.5,0.0012530799999999,0.0,0.0,0.0025427327741798494,0.0,2395,72,-1.0
63115262,20260207,1000.0,9.5,0.015624509999999897,0.0,0.0,0.0027850141438063285,0.0,8467,72,-1.0
63116306,20260207,1000.0,24.5,1.437166389999999,8.31511930918452,0.011950210000000003,0.0011041676382346998,11.950210000000002,7103,72,-0.6606073751353256
63117307,20260207,44.70852000000001,22.1,2.0507180199999993,14.176146947789542,0.6502402674031705,0.01020754716981132,29.07128,2705,72,-0.3585453869778488
63118770,20260207,299.31642000000005,5.2,17.39955433,4.548526272511716,0.2644102518665698,0.006458323791494277,79.14233,126908,72,-0.1252834091323623
63118785,20260207,70.0,9.0,7.83276084,6.856636005753496,0.7672341428571429,0.010747090355918289,53.70639,22254,72,-0.23815155491627818
63119851,20260207,20.0,2.42,0.5738863799999998,0.1583588723607625,0.004544,0.013212312549329124,0.09088,1674,72,-0.9345624494377014
63120136,20260207,305.25518000000005,25.0,15.297062569999998,14.424013041086754,0.7228215750507493,0.0039039470130903817,220.64503000000002,27467,72,-0.42303947835652983
63120878,20260207,81.95608000000001,55.0,2.1227523499999985,36.894308467023976,0.9556030498286396,0.008186012179368887,78.31747999999999,17744,72,-0.329194391508655
63121462,20260207,312.5,27.0,5.042213929999999,14.960654396510307,0.241391424,0.0020922318125770655,75.43482,4242,72,-0.44590168901813676
63125663,20260207,470.4109,20.0,5.02379563,10.15245717708465,0.10842408201000443,0.008420654378159146,51.00387,27821,72,-0.4923771411457675
63129337,20260207,1848.98638,6.1,501.9724976299999,3.499209634577844,0.9499837419029553,0.008111990618586924,1756.5069999999996,143884,72,-0.42635907629871406
63129888,20260207,2000.0,12.0,0.38690968999999886,7.344840600916479,0.001420895,0.022986560880829017,2.84179,56786,72,-0.3879299499236268
63131421,20260207,1000.0,23.0,1.0601811499999987,10.036284836794177,0.01064028,0.0048020882032102225,10.64028,6163,72,-0.5636397897046009
63135763,20260207,84.18721000000001,2.1,35.578376250000005,1.3908939984297342,0.5878060337193737,0.00028126177099946305,49.485749999999996,7019,72,-0.33766952455726945
63135951,20260207,6.385696040868455,52.0,0.08681835999999901,14.609467398370741,0.198626742,0.006448512058942036,1.26837,56015,72,-0.7190487038774858
63136165,20260207,6.385696040868455,52.0,0.0732189399999996,3.570797392040932,0.040943070000000005,0.005860167874856925,0.26145,30719,72,-0.9313308193838282
63136956,20260207,1000.0,1.2,205.14129334999998,0.7065947456648421,0.14495176,0.002855490558064014,144.95176,25676,72,-0.4111710452792982
63138541,20260207,887.555370000001,1.17,184.95327466999998,0.7450620717360669,0.15525980086177593,0.005813028057325759,137.80167,20159,72,-0.3631948104819941
63139989,20260207,582.36534,2.31,317.78170979000004,1.4538725035664046,0.7933406373394406,0.050493836369474056,462.01409,1556932,72,-0.37061796382406725
63140913,20260207,199.83509,11.5,8.40245083,6.282768095650969,0.26417107225763004,0.00716276825477183,52.79065,90551,72,-0.4536723395086114
63140934,20260207,114.94252873563218,11.5,0.0972153599999998,4.004614085675358,0.003386997,0.0013238646326494828,0.38931,2265,72,-0.6517726882021428
63151168,20260207,746.9214000000002,400.0,3.420182069999998,184.25181966993952,0.8436962309554927,0.009324702589223233,630.1747700000001,7995,72,-0.5393704508251512
63151343,20260207,342.40937999999994,30.0,23.723716439999997,13.038796884220389,0.9033885695537898,0.041968178088544826,309.32872,117641,72,-0.5653734371926536
63152431,20260207,1000.0,43.2,13.094098639999995,35.957734315647414,0.47083411999999997,0.015028501130383815,470.83412,233328,72,-0.16764503898964325
63152697,20260207,1785.3398499999994,17.0,48.95267046,13.594006491305928,0.3727373922673603,0.041142153775691304,665.4629199999999,718630,72,-0.20035255933494542
63153776,20260207,131.89886999999993,8.5,21.567000660000005,4.5428148097436925,0.7428031036202211,0.005814691562927594,97.97489000000002,347190,72,-0.46555119885368323
63154710,20260207,1000.0,23.61,0.0218982999999998,9.924971344807675,0.00021733999999999992,0.01018929503916449,0.21733999999999992,1561,72,-0.579628490266511
63155109,20260207,107.97988,3.79,18.7744043,3.21094022674264,0.5582844692918718,0.401625,60.28349,6426,72,-0.1527862198568232
63155864,20260207,1000.0,9.0,0.0059480099999998995,35.45219325455128,0.00021087,0.0005500264087241997,0.21087,5311,72,2.939132583839031
63156076,20260207,1000.0,9.0,1.9238692299999978,2.616685126774446,0.00503416,0.050271266820795545,5.03416,424013,72,-0.7092572081361728
63156284,20260207,714.2857142857143,50.0,0.647811879999999,86.49822846719033,0.078448412,0.011765437753788254,56.03458,190073,72,0.7299645693438066
63158529,20260207,1000.0,7.66,0.00066175,0.0,0.0,0.003409059038003085,0.0,2431,72,-1.0
63161144,20260207,60.10060000000001,32.0,3.0264052499999985,18.78458279835459,0.9459100241927699,0.00641853280222951,56.849759999999996,182407,72,-0.412981787551419
63163299,20260207,309.54889000000003,3.72,99.73916304,2.0701145237923786,0.667007689803055,0.007639656144306652,206.47149000000002,54211,72,-0.4435176011310811
63169453,20260207,1000.0,3.98,0.05765783000000001,0.0,0.0,0.07481049562682215,0.0,2566,72,-1.0
63170448,20260207,2.7777777777777777,24.94,0.0944938899999999,8.6806670780513,0.29529720000000004,0.002586468446601942,0.82027,1705,72,-0.6519379680011508
63178103,20260207,24.0051,8.5,0.8585304199999988,6.398736575927044,0.22884761988077534,0.002830196588003521,5.49351,6752,72,-0.24720746165564186
63183978,20260207,1000.0,31.5,10.746477059999997,19.175730692901144,0.20607155,0.031789256642348745,206.07155,1715965,72,-0.39124664466980497
63195753,20260207,72.20216606498195,4.15,10.571041659999999,2.0553631987105425,0.30092352050000004,0.14025806451612904,21.727330000000002,2174,72,-0.5047317593468573
63196191,20260207,2000.0,25.0,0.4326052599999986,5.661211793864939,0.0012245350000000001,0.012564302416212004,2.4490700000000003,6448,72,-0.7735515282454024
63196383,20260207,1000.0,8.0,1.4307406499999988,2.846455784981019,0.00407254,0.013906575093424906,4.07254,137689,72,-0.6441930268773726
63196659,20260207,131.08508,4.15,41.06715432,2.443052401883589,0.7653747474540962,0.08316880331809398,100.32921,705837,72,-0.4113126742449184
63201724,20260207,38.30118,1.53,55.162574809999946,0.6882927443248557,0.9913010512992032,0.01245576973857935,37.96800000000002,4717,72,-0.5501354612255845
63203969,20260207,10.309278350515465,12.13,1.1682131499999997,5.367547865729813,0.6082326800000001,0.004980568678737742,6.270440000000001,73691,72,-0.5574981149439561
63204129,20260207,11.47175,3.76,0.7570996899999991,7.1063693078516605,0.4689981912088391,0.013768789467664357,5.38023,228723,72,0.8899918371945906
63204861,20260207,111.72721,3.6,60.63759065,1.8356304860869337,0.9962497944771019,0.022839164359426126,111.30821,9074,72,-0.4901026427536295
63204884,20260207,184.27386,3.4,78.66949489,2.3226391659879133,0.9915722718349742,0.023265617875056998,182.72084999999998,306129,72,-0.31687083353296663
63205388,20260207,51.54639175257732,14.5,0.08118716999999921,5.323378065770789,0.008384486,0.008658536585365854,0.43219,2201,72,-0.6328704782227041
63209471,20260207,17.54385964912281,10.0,0.2077001199999994,3.0483371892129956,0.03608898,0.006773827265630544,0.63314,9545,72,-0.6951662810787005
63212211,20260207,46.08294930875576,52.0,0.3373562199999993,18.153689296139294,0.132896442,0.027919594602001777,6.1242600000000005,1018719,72,-0.6508905904588598
63212433,20260207,59.58013,95.0,1.0589843699999977,49.14955449248048,0.8735900710522116,0.08704194737663773,52.048610000000004,724807,72,-0.4826362685002054
63213666,20260207,0.206347241137386,26.0,0.014919279999999799,0.0,0.0,0.06772300469483568,0.0,8655,60,-1.0
63215668,20260207,1000.0,158.41,0.00331338,116.3796485763782,0.00038561,0.006352105530187722,0.38561,1252,72,-0.2653263772717745
63219307,20260207,33.47138,1.09,8.01462566,0.7191227943140142,0.17219188452940987,0.0012850776827652655,5.7635,1067,72,-0.34025431714310633
63221312,20260207,1000.0,79.06,0.48195347999999893,53.42322665664756,0.025747509999999998,0.001555386227259739,25.74751,1633,72,-0.32426983738113385
63224395,20260207,45.16711833785005,14.0,0.3635722799999984,5.830257466273307,0.0469306008,0.00990221455277538,2.11972,24101,72,-0.5835530381233353
63224447,20260207,142.85714285714286,1500.0,0.0055760899999997005,698.7817628481982,0.02727529,0.012012055109070035,3.8964700000000003,4185,72,-0.5341454914345345
63225492,20260207,135.48968000000002,4.48,8.7729203,3.8448781986541016,0.24895482814632075,0.003021043871121151,33.73081,2541,72,-0.14176825922899525
63226351,20260207,1000.0,10.01,0.39856129999999934,5.879923615263208,0.00234351,0.004633905664101046,2.34351,7044,72,-0.41259504343024894
63231083,20260207,5.645161290322581,7.02,0.1406970999999993,3.9112391086952236,0.09748171428571428,0.0014747884681649375,0.5503,3852,72,-0.4428434318097972
63231247,20260207,1000.0,379.36,0.032276759999998496,149.06855582779136,0.004811449999999999,0.007620345140781108,4.811449999999999,8390,72,-0.6070525204876862
63231700,20260207,1000.0,24.0,1.532146019999999,12.629044325683795,0.01934954,0.009755855353985515,19.349539999999998,40279,72,-0.4737898197631752
63233770,20260207,1000.0,84.69,0.00178839,294.3038151633592,0.00052633,0.038523206751054855,0.52633,2739,72,2.4750716160510002
63234573,20260207,229.51535,15.4,1.8101369199999988,11.342014945477171,0.08945196911666256,0.006837366087920207,20.5306,29614,72,-0.2635055230209629
63236174,20260207,23.102310231023104,7.91,1.8509005299999988,3.41908703219184,0.2739288814285714,0.001385133140461711,6.32839,2346,72,-0.5677513233638635
63245295,20260207,1000.0,84.69,0.00070822,120.48515997853775,8.533e-05,0.3863793103448276,0.08533,2241,72,0.4226609986838795
63246122,20260207,1000.0,84.69,1.1978429299999975,28.621331846905893,0.03428386,0.010030226987567012,34.28386,17587,72,-0.6620459104155639
63246165,20260207,1000.0,84.69,0.6329608899999981,29.164582348839996,0.01846004,0.0062778853740764655,18.46004,8752,72,-0.6556313337012635
63252365,20260207,45.90532,2.5,16.153913609999996,1.3372103207626356,0.47055940357239634,0.034644842687206884,21.60118,111546,72,-0.4651158716949458
63259521,20260207,6.334726973267452,3.86,9.433348259999999,0.6430908552081803,0.9576576899999999,0.05125,6.0665,1845,72,-0.8333961515004714
63273998,20260207,11.750881316098708,13.0,0.5521018899999983,4.917769797890038,0.231055861,0.002720566244641611,2.71511,2729,72,-0.6217100155469202
63274135,20260207,5.00167,10.0,1.413662929999999,3.538092351335833,1.0,0.01040630290402396,5.00167,7991,72,-0.6461907648664167
63276032,20260207,2662.6699100000005,1.0,2759.05372097,0.7121862597547318,0.7379661078605119,0.2127031664326938,1964.9601499999999,272728,72,-0.2878137402452682
63277194,20260207,72.20216606498195,4.15,6.394276399999999,1.3477177808578937,0.11935486799999999,0.17608695652173914,8.61768,1620,72,-0.675248727504122
63281072,20260207,277.77777777777777,34.1,0.1704646299999994,4.037025158826218,0.002477412,0.0063686458778299876,0.68817,74545,72,-0.8816121654303162
63287123,20260207,307.8781,3.79,94.91277078999994,2.770039034912471,0.8539486244718283,0.6122566371681416,262.91208,27674,72,-0.26911898814974383
63298743,20260207,6.849315068493151,28.08,0.3764911899999997,13.412026985279534,0.7372284599999999,0.02115457597431032,5.04951,14493,72,-0.5223637113504439
63299682,20260207,97.50139,69.3,0.524341599999999,59.81119941656367,0.32165182465603825,0.009649157321791594,31.3615,14714,72,-0.1369235293425156
63302969,20260207,1000.0,20.0,4.725168639999996,15.126380759184936,0.0714747,0.0008841939797027114,71.4747,28237,72,-0.24368096204075318
63304451,20260207,884.4620500000002,28.53,3.3237044899999986,18.87653074717242,0.07093578520412491,0.002316154309825196,62.74001,19981,72,-0.33836204881975396
63305006,20260207,1000.0,12.0,8.843033169999998,8.440567683633377,0.07464022,0.01529215770963164,74.64022,49568,72,-0.2966193596972186
63311767,20260207,1000.0,12.0,0.9559277099999997,6.866314190222608,0.0065637,0.009579439252336449,6.5637,2665,72,-0.42780715081478266
63316232,20260207,126.52847,36.0,2.6108107399999985,32.71654995566628,0.6750790553303933,0.08173297220495515,85.41672,184079,72,-0.09120694567593664
63317909,20260207,114.94252873563218,11.5,1.4736124399999986,5.083527932215343,0.06517300499999999,0.006626388715516165,7.491149999999999,26542,72,-0.5579540928508397
63320611,20260207,1000.0,84.69,0.0047769099999996,0.0,0.0,0.0966497461928934,0.0,1904,72,-1.0
63322976,20260207,94.94436,3.45,34.85537662,1.8235132184321237,0.6694367100899937,0.12720284066111312,63.559239999999996,2681385,72,-0.4714454439327178
63324168,20260207,50.0,3.0,0.9346518599999998,1.7914691786950494,0.033488,0.030409083588339506,1.6743999999999999,18881,72,-0.4028436071016502
63333258,20260207,41.27358490566038,3.44,0.2636811899999995,2.44753901482317,0.01563639314285714,0.000604608442154866,0.64537,7570,72,-0.28850610034210167
63333434,20260207,1000.0,22.2,0.7047265799999984,11.988763074609755,0.0084488,0.013412852591498952,8.448799999999999,17261,72,-0.4599656272698308
63333682,20260207,273.87567,3.79,46.25782208,3.609786464032334,0.6096958521361171,0.635679012345679,166.98086,10298,72,-0.04754974563790659
63334016,20260207,133.70215,3.79,45.665018149999995,2.4448922725326896,0.8350355622553565,0.3827307692307692,111.64605,9951,72,-0.3549096906246202
63335323,20260207,15.89825119236884,13.0,0.1714528099999994,5.1501634764691415,0.05554132900000001,0.0023960695389266817,0.8830100000000001,1585,72,-0.6038335787331429
63336283,20260207,1000.0,12.0,0.1539623499999997,7.6086783554550985,0.0011714499999999999,0.061026472177201516,1.1714499999999999,11296,72,-0.3659434703787418
63336654,20260207,370.3703703703704,22.0,5.149750259999998,11.6326184718713,0.16174371599999998,0.0008275467999349482,59.90508,94138,72,-0.4712446149149409
63338096,20260207,44.41921000000001,1.97,64.86024656000001,0.6848887007992897,1.0000639363014334,0.0015275865542832196,44.42205,4549,72,-0.652340761015589
63339310,20260207,12.987012987012989,1.94,5.341698699999999,0.8382239904321075,0.34477058,0.0032211184694628404,4.47754,1751,72,-0.5679257781277796
63339821,20260207,10.85282,2.0,2.33709963,1.3221173630496872,0.2847112547706494,0.0212233918128655,3.0899199999999993,45365,72,-0.3389413184751564
63339996,20260207,162.68000999999998,2.0,55.59990414000002,2.0165099514864013,0.6891919910749945,0.7688651315789473,112.11776,140241,72,0.008254975743200665
63342003,20260207,98.41694,64.62,1.109429919999999,48.36653404840573,0.5452240234252356,0.06920498574810377,53.65928,716237,72,-0.25152376898165074
63344858,20260207,179.59183673469389,8.8,1.1729856499999987,3.45213089350241,0.02254723863636364,0.0032782904322486645,4.049300000000001,1350,72,-0.6077123984656352
63346965,20260207,139.99414000000007,12.0,22.4187794,5.402917698543392,0.8652277873916718,0.010297415431394907,121.12682000000001,130044,72,-0.5497568584547173
63350356,20260207,7.170259999999998,1.0,22.22256703,0.2762840130805536,0.8562785728829919,0.035264423076923075,6.13974,1467,72,-0.7237159869194464
63352392,20260207,72.20216606498195,4.15,1.33522697,1.8795306388995427,0.034757960000000004,0.004318362416960681,2.5096000000000003,40758,72,-0.5471010508675801
63352636,20260207,507.4560800000001,4.15,0.3064362899999994,12.11534051662095,0.007316061717104659,0.0027641971058040417,3.71258,26494,72,1.919359160631554
63354033,20260207,4.67689,2.06,2.139330179999999,1.234563988621897,0.5647214281285213,0.045727756354322066,2.64114,162457,72,-0.40069709290199174
63355127,20260207,1.6891891891891893,1.9,0.2513404999999994,0.5325444964102495,0.0792392,0.02185077519379845,0.13385,2255,72,-0.7197134229419739
63355311,20260207,1.6891891891891893,1.9,0.41941804999999976,0.8393534803759644,0.20840768,0.0046269359872799015,0.35204,7857,72,-0.5582350103284398
63359739,20260207,1000.0,3.32,7.14293801,1.9924504426715586,0.014231950000000002,0.002442170631755371,14.231950000000001,453747,72,-0.3998643244965185
63359921,20260207,1000.0,86.31,0.4171241699999992,50.863847088985615,0.02121654,0.005875128902221805,21.21654,6267,72,-0.4106841954699848
63360454,20260207,1000.0,22.01,0.0619317599999995,7.273650869925279,0.00045046999999999996,0.004085019322573312,0.45047,1797,72,-0.6695297196762708
63363585,20260207,2928.89804,300.0,2.8451989899999983,287.7728457228225,0.27954916791845713,0.011131842413210245,818.77101,17123,72,-0.04075718092392492
63370394,20260207,159.52762,8.3,8.540620879999997,6.998756980300479,0.3746920439231777,0.0009915708432869997,59.77373,8011,72,-0.15677626743367729
63371100,20260207,1.32579105532968,26.0,0.023680179999999697,0.0,0.0,0.011053807207386081,0.0,22269,72,-1.0
63372853,20260207,209.44123,2.5,75.19263075000002,1.8230887605963961,0.6545169735681938,0.019634413843529125,137.08284,8056,72,-0.27076449576144157
63372872,20260207,4.077471967380224,52.0,0.0248075999999995,27.101775262420126,0.1648889325,0.0040673570838310235,0.67233,220997,72,-0.47881201418422836
63373937,20260207,40.68809,1.15,50.05249349,0.8240208853578935,1.013670093631822,0.0014676324128564961,41.2443,3242,72,-0.28346009968878816
63374999,20260207,500.0,10.0,0.4245971199999996,2.197824610774564,0.00186638,0.0021201752555810556,0.93319,15243,72,-0.7802175389225436
63375302,20260207,1000.0,393.19,0.0245535699999987,63.32032368409491,0.0015547399999999998,0.03656137220712866,1.5547399999999998,90164,72,-0.8389574412266464
63375453,20260207,1000.0,386.54,0.8522436399999993,123.31840927554482,0.10509733,0.0002457879008482518,105.09733,36666,72,-0.6809685691634894
63377282,20260207,1000.0,28.0,0.0134913799999999,0.0,0.0,0.06069158878504673,0.0,6494,72,-1.0
63377702,20260207,23.80952380952381,25.93,0.00267095,0.0,0.0,0.0034086999262718113,0.0,1387,72,-1.0
63378800,20260207,376.11769,28.6,27.498617760000002,13.593646533890364,0.9938551148710928,0.02248530980644506,373.80649000000005,265565,72,-0.524697673640197
63378942,20260207,12.07632,5.6,2.8356733399999987,4.281226553408302,1.005286378631901,0.006126066566121934,12.140160000000002,29652,72,-0.23549525831994608
63379069,20260207,1000.0,116.0,0.0457642999999987,22.245724287272587,0.0010180599999999999,0.019813906408160088,1.01806,25447,72,-0.8082265147648914
63380156,20260207,34.70317,2.0,19.27245353,1.4694444563540736,0.8160580142966766,0.010479910714285714,28.319799999999997,2817,72,-0.2652777718229632
63380247,20260207,6.73505,5.45,1.3374114599999993,3.8597695282198363,0.7664531072523588,0.006459734436971892,5.1621,3746,72,-0.29178540766608513
63381071,20260207,1000.0,19.41,20.43495700999999,8.9418617279489,0.18272656,0.3924533802919178,182.72656,10808951,72,-0.5393167579624472
63382374,20260207,1000.0,83.45,0.1044110699999986,13.333260544116811,0.0013921399999999998,0.007438103753671332,1.39214,262873,72,-0.8402245590878753
63383639,20260207,1000.0,23.0,10.404426669999998,16.561577630879686,0.17231371999999998,0.0025482792018100046,172.31372,64988,72,-0.2799314073530571
63385982,20260207,166.66666666666666,44.0,5.198072819999998,13.756742638322644,0.4290513,0.02329082875028211,71.50855,1176471,72,-0.68734675821994
63386669,20260207,1000.0,8.55,0.0704290999999995,5.999366739032629,0.0004225299999999999,0.008226330103688595,0.4225299999999999,96791,72,-0.2983196796453066
63387460,20260207,1000.0,20.0,1.3358856599999989,9.48619360132963,0.012672469999999998,0.0023212252240357796,12.672469999999999,14065,72,-0.5256903199335186
63392724,20260207,1000.0,12.0,0.5881267999999983,3.039599623754614,0.0017876699999999999,0.013175932977913175,1.7876699999999999,5190,72,-0.746700031353782
63393176,20260207,10.416666666666666,9.38,0.007641369999999899,0.0,0.0,0.0019171276956079938,0.0,1698,72,-1.0
63395435,20260207,166.66666666666666,34.0,0.5034334099999986,7.193126097848789,0.02172756,0.020294273174342976,3.62126,76757,72,-0.7884374677103297
63396395,20260207,35.40957,45.67,1.5490944399999982,18.730530076655647,0.8194214163007345,0.17834179222839017,29.01536,224889,72,-0.5898723434058322
63400025,20260207,37.5,12.3,0.173732089999999,5.323599111712783,0.024663466666666665,0.001108656779215315,0.9248799999999999,9486,72,-0.5671870640883917
63400463,20260207,37.93626707132018,175.0,0.1020145199999998,57.58729247562025,0.1548581464,0.23127272727272727,5.87474,1272,72,-0.6709297572821701
63400580,20260207,62.5,12.3,2.7837648,10.22704576191207,0.45551504,0.023964224382435447,28.46969,308398,72,-0.16853286488519761
63400626,20260207,10.53743,3.2,3.917679739999998,2.6897119466942456,1.0,0.013993870671161509,10.53743,45662,72,-0.1594650166580483
63400716,20260207,72.28915662650603,20.0,0.3840823499999987,8.020701810432087,0.042615105,0.007148275862068966,3.08061,2073,72,-0.5989649094783956
63400779,20260207,2.2580645161290325,3.08,0.023360919999999702,0.0,0.0,0.012522334588000544,0.0,27613,72,-1.0
63402273,20260207,1.6937669376693767,48.0,0.0148208899999999,0.0,0.0,0.10401738114365004,0.0,142431,72,-1.0
63402334,20260207,7.225870000000001,2.4,1.5575263699999984,0.6297678285857857,0.13574559188028568,0.009981531274613651,0.9808800000000001,147004,72,-0.737596738089256
63403274,20260207,10.1010101010101,9.3,0.23528397999999978,10.156790105301697,0.23658327000000004,0.0008686346438645057,2.38973,16599,72,0.09212796831201037
63403381,20260207,11.363636363636363,9.8,2.176854729999999,3.2080000120173393,0.6145348,0.004290205024808082,6.98335,160225,72,-0.6726530599982307
63405128,20260207,1000.0,86.31,0.6356251999999994,20.628367157249293,0.013111910000000001,0.004416384525725703,13.111910000000002,23871,72,-0.7609967888164836
63406536,20260207,19.62989,98.0,0.19507661999999798,25.23746823171352,0.2508032393457121,0.2922260273972603,4.92324,8533,72,-0.7424748139621069
63406884,20260207,988.0561600000004,23.0,31.67529463999999,22.184647624796344,0.7111997054904247,0.0039596116409157,702.7052500000002,160685,72,-0.035450103269724156
63407342,20260207,402.38432,1.91,101.78377334999979,1.4890730124420202,0.376663459450905,0.009349078027828545,151.56347,223543,72,-0.22038062175810458
63407584,20260207,8.733624454148472,1.18,10.17999462000001,0.6641172468517467,0.7741012949999999,0.0017212466381901599,6.7607099999999996,1088,72,-0.43718877385445193
63411075,20260207,850.2778400000001,260.5,1.4200786899999966,87.53609280623758,0.1461970830616966,0.06434213942481624,124.30813999999998,1511725,72,-0.6639689335653068
63412723,20260207,1017.58415,1.26,1235.2938429400003,0.7762061921380209,0.9422736488181347,0.0038366396363534333,958.8427300000001,68367,72,-0.3839633395729993
63413074,20260207,35.0,2.4,4.243047229999998,2.5008371165361747,0.3031762857142857,0.0006743675147048402,10.61117,4758,72,0.042015465223406157
63414046,20260207,1912.7930200000008,303.8,9.382286910000001,201.46342657517386,0.9881820198193735,0.006066518860419886,1890.18767,401134,72,-0.3368550803977161
63415176,20260207,391.68223000000006,5.0,167.08847776,2.359302839339004,1.0064595475776368,0.006827830319119518,394.21232,61727,72,-0.5281394321321992
63417058,20260207,4.0387200000000005,17.27,0.07157956999999951,15.816663888872311,0.2803239640282069,0.05119402985074627,1.13215,12348,72,-0.08415379913883547
63417588,20260207,250.18294000000003,52.0,7.085179469999998,23.712244793708813,0.6715306407383334,0.03980419092144109,168.00551000000002,524464,72,-0.5439952924286767
63418375,20260207,111.04177,7.1,8.529634269999999,3.6520018343060805,0.2805272286275696,0.001835145657135186,31.150240000000004,1367,72,-0.4856335444639323
63418435,20260207,1.7391304347826086,17.27,0.0111358899999997,88.58384915799515,0.5672145000000001,0.0029215001689379435,0.98646,2594,72,4.129348532599604
63419441,20260207,37.5,7.5,0.2326952199999996,1.0109361077550298,0.006273066666666666,0.0060163569278900925,0.23523999999999998,35384,72,-0.865208518965996
63421324,20260207,1000.0,1.4,0.8615201099999998,1.1642096201329535,0.00100299,0.0007478192135053496,1.00299,5298,72,-0.16842169990503317
63423264,20260207,2919.6333800000007,6.1,570.78606884,3.4091879886884024,0.666493616400563,0.0045280753130965265,1945.9170099999997,79940,72,-0.4411167231658356
63423338,20260207,1000.0,15.5,0.887547869999999,14.683433356670683,0.01303225,0.020295731707317074,13.032250000000001,6657,72,-0.05268171892447206
63423732,20260207,114.94252873563218,11.5,0.3046941499999983,5.677857615579458,0.015051087000000001,0.002625138427464009,1.73001,4741,72,-0.5062732508191775
63425723,20260207,243.00836,27.5,14.681358509999999,16.26848086553538,0.982860836557228,0.021381565110987898,238.84340000000003,111832,72,-0.40841887761689527
63425781,20260207,21.27659574468085,27.5,0.7513968699999993,11.601911517145403,0.40972907999999997,0.012421198475926567,8.71764,50204,72,-0.5781123084674399
63426601,20260207,7170.80575,339.26,20.49040154,129.28927404513905,0.36944092928469013,0.02410306742356816,2649.1891399999995,5034386,72,-0.6189079937359575
63426622,20260207,2070.2722899999994,414.17,8.96231607,232.0046306958688,1.0043600738142522,0.00901856953529796,2079.29883,466821,72,-0.4398323618420726
63427727,20260207,1000.0,86.19,0.0043750299999998,10.687926711360182,4.675999999999999e-05,0.17577464788732394,0.046759999999999996,7488,72,-0.8759957453143036
63428201,20260207,1000.0,3.83,0.0820921599999999,0.0,0.0,0.004803678811460913,0.0,4074,72,-1.0
63428371,20260207,52.63157894736842,10.0,3.9220124899999997,4.672942793203599,0.34821946000000004,0.008650280898876404,18.32734,6159,72,-0.5327057206796402
63428584,20260207,32.25806451612903,8.0,1.651971029999999,5.9712245680240565,0.30579299000000004,0.001184846678587986,9.86429,1789,72,-0.25359692899699293
63430523,20260207,1000.0,321.87,0.0062351199999998,128.7032166181285,0.0008024799999999996,0.010510271703114646,0.8024799999999996,1586,72,-0.6001391349982027
63437499,20260207,1000.0,23.0,1.5970414799999997,31.52378359014195,0.05034479,0.0006314907872696817,50.34479,10556,72,0.37059928652791085
63449407,20260207,4.716981132075472,3.36,0.00020804,0.0,0.0,0.004398723547195163,0.0,2619,72,-1.0
63450741,20260207,77.27272727272727,21.92,0.8908534999999991,2.565438649564718,0.02957615294117647,0.11557971014492753,2.28543,1595,72,-0.882963565257084
63451974,20260207,68.71583000000001,2.5,35.654098270000006,1.3379210894288027,0.6941976834158882,0.0029741137577850587,47.70237,10076,72,-0.46483156422847893
63454972,20260207,67.95027999999999,5.05,7.864903899999998,2.4337741749139497,0.2816971467961575,0.01486088379705401,19.1414,7264,72,-0.5180645198190199
63456215,20260207,279.7433699999999,1.62,19.505223919999995,1.1436213237791943,0.07973947693559282,0.0016377047696624128,22.30659,3619,72,-0.29406091124741096
63456596,20260207,351.75879396984925,550.0,0.17648230999999917,39.548326401666166,0.01984194885714286,0.0016505497416876408,6.97958,1246,72,-0.9280939519969706
63458242,20260207,51.78524999999999,52.0,1.8017747599999996,26.885108547086105,0.9354190623778008,0.027824089870109002,48.44091,5749211,72,-0.4829786817868057
63459526,20260207,1000.0,11.82,7.652120039999999,7.4657741516558875,0.057129000000000006,0.007965563356736878,57.129000000000005,19060,72,-0.3683778213489097
63461105,20260207,0.8063703255720189,33.0,0.0147580499999998,0.0,0.0,0.03683094859565448,0.0,6950,72,-1.0
63461403,20260207,7.76066,25.0,0.1303049099999993,28.85992553926034,0.48457089989768914,0.03164441729924672,3.76059,108803,72,0.15439702157041368
63461553,20260207,3.4076200000000005,2.84,0.47569255999999926,0.7092185759642752,0.09900458384444273,0.10012952010181927,0.33737,133743,72,-0.7502751493083537
63463244,20260207,1000.0,36.49,2.4433357199999985,46.379062472839415,0.11331962,0.007451192277213458,113.31962,10343,72,0.2710074670550675
63463364,20260207,117.6470588235294,5.0,4.04439071,2.421155793822897,0.08323285,0.020792291220556744,9.7921,3884,72,-0.5157688412354207
63464061,20260207,346.15384615384613,6.1,49.97379218,3.0249067242189027,0.4367019511111112,0.0024273469387755104,151.16606000000002,5947,72,-0.504113651767393
63465917,20260207,1000.0,310.7,0.7894095599999976,140.38786153033203,0.11082352000000001,0.004393639109097773,110.82352,260708,72,-0.5481562229471129
63466342,20260207,80.63901,2.78,8.29725483,2.439680402102342,0.2510280074122934,0.15825986078886312,20.24265,75031,72,-0.12241712154592002
63467432,20260207,4.3478260869565215,2.19,0.3906337299999991,0.9827364370199185,0.0882947,0.009260805690868321,0.38389,11977,72,-0.5512619009041467
63468715,20260207,1000.0,86.19,0.0005304000000000001,0.0,0.0,0.6914285714285714,0.0,2420,72,-1.0
63471673,20260207,166.66666666666666,5.0,5.7088477399999995,2.4998091821590607,0.08562618000000001,0.0019364161849710982,14.271030000000001,1675,72,-0.5000381635681879
63471771,20260207,33.333333333333336,11.0,2.1988669999999995,11.77652400076949,0.7768502999999999,0.0014328859060402685,25.89501,1281,72,0.07059309097904451
63472525,20260207,1025.55606,1.74,871.8579168499999,1.171362145439696,0.9958123205863559,0.016773811796144303,1021.26136,87878,72,-0.32680336468982984
63473865,20260207,8.695652173913043,1.88,1.9025181299999996,1.3132542395272735,0.28732635,0.010723194748358863,2.49849,58806,72,-0.3014605108897481
63474208,20260207,1000.0,82.0,0.00130291,8.28913739245228,1.08e-05,0.0004302235409150679,0.0108,2552,72,-0.8989129586286307
63474289,20260207,1000.0,73.77,1.35e-05,0.0,0.0,0.23122375832053252,0.0,180632,72,-1.0
63480295,20260207,1000.0,5.38,0.0906517399999994,2.795533764713195,0.00025342,0.045338372930165585,0.25342000000000003,239305,72,-0.48038405860349537
63481146,20260207,1000.0,327.97,1.778907409999998,173.24472778490497,0.30818633,0.019118785542475748,308.18633,360066,72,-0.471766540278364
63483455,20260207,26154.11694,96.0,360.67545835999977,62.10609896180354,0.8564672919903217,0.7995949502304168,22400.145709999997,35031774,72,-0.3530614691478798
63488641,20260207,1884.9242100000013,20.6,28.056852819999996,19.022322048164778,0.28314480081933885,0.006170286568119964,533.70649,92500,72,-0.0765863083415157
63494257,20260207,83.03227000000001,11.0,14.871869980000005,5.067624992778478,0.9076598772983081,0.002313429846774158,75.36506,51983,72,-0.5393068188383201
63494470,20260207,58.7649,10.5,0.40920028999999974,6.277219402752627,0.04371044620172927,0.00012331391929578268,2.5686400000000003,1300,72,-0.40216958069022596
63501118,20260207,1000.0,15.36,0.4264734999999989,7.775231051870769,0.00331593,0.04375745011661052,3.31593,16886,72,-0.49380006172716345
63510498,20260207,2.93115,8.3,0.1458485999999991,3.0990355752472274,0.1542022755573751,0.00024791407642644217,0.45199,1655,72,-0.6266222198497317
63517708,20260207,2000.0,15.0,0.34900786999999933,0.0,0.0,0.013954607977991747,0.0,2029,72,-1.0
63518080,20260207,1000.0,9.0,3.2433980099999986,3.1579781354062075,0.01024258,0.0022488763068365244,10.24258,9056,72,-0.6491135405104215
63520550,20260207,1000.0,25.3,0.8662697799999988,11.146215905165263,0.00965563,0.007775470822443147,9.65563,31832,72,-0.559438106515207
63523189,20260207,1000.0,18.66,0.5611918599999988,10.00761130070563,0.005616189999999999,0.027983903420523138,5.61619,27816,72,-0.4636864254712953
63524267,20260207,38.46153846153846,2.76,0.0967084699999996,6.345256004980769,0.01595464,0.039989406779661014,0.61364,30200,72,1.2990057989060757
63529958,20260207,164.5273,5.57,50.97008587000001,3.073191801157936,0.9520660097138894,0.0038173702252170478,156.64085,35747,72,-0.44825999979211206
63530218,20260207,83.33333333333333,2.47,14.201148289999999,1.4361697789158148,0.24474312,0.0015419660066584896,20.39526,6160,72,-0.4185547453782127
63530858,20260207,731.0965000000001,13.27,20.323064679999995,11.184759955209671,0.31091463302040145,1.344742268041237,227.30859999999998,13044,72,-0.1571394155832953
63531248,20260207,34.41965,2.1,22.040185029999993,1.5493454321513018,0.992103638473953,0.0002115634690407122,34.147859999999994,2961,72,-0.2622164608803325
63531465,20260207,12.32902,1.45,3.698970939999999,0.494091472911112,0.14823805947269125,0.015354539160184092,1.8276299999999999,37700,72,-0.6592472600613021
63532364,20260207,72.20216606498195,4.15,9.028390819999998,4.069692011848463,0.5088873644999998,0.025304160204976063,36.74276999999999,187643,72,-0.01935132244615348
63532391,20260207,238.66007,4.15,4.7765663499999995,2.805858647812984,0.056156733717542276,0.009047491638795986,13.40237,67630,72,-0.3238894824547027
63533300,20260207,2094.1917699999995,3.61,88.02355833999997,2.606760443763265,0.10956796473323932,0.07179963508364012,229.45632999999998,889339,72,-0.27790569424840295
63533681,20260207,7.475240000000001,1.97,11.235353969999998,0.43910766079762414,0.6599828232939676,0.0008309896524276996,4.933529999999999,10962,72,-0.7771027102550131
63533738,20260207,74.38692,3.79,7.22517268,3.456444725415199,0.335723135196349,0.1289937106918239,24.973409999999998,2051,72,-0.08800930727831165
63533809,20260207,2000.0,18.0,6.488862299999999,9.62495074059439,0.031227490000000004,0.06095455100580979,62.454980000000006,1746866,72,-0.4652805144114228
63533942,20260207,1000.0,1.98,2.8360440499999995,1.7843305360507362,0.00506044,0.0070268948655256725,5.06044,1437,72,-0.09882296159053726
63534270,20260207,2000.0,15.0,0.971887609999999,13.00418882796542,0.006319305,0.09342757354048113,12.63861,620602,72,-0.1330540781356387
63535088,20260207,1582.6044799999995,2.13,769.19871332,1.7369839897849193,0.8442323188671881,0.008242360600651056,1336.08585,78492,72,-0.1845145587864228
63535386,20260207,117.61521,4.62,53.19435337000005,2.211046897814746,1.0,0.01845935635332094,117.61521,18871,72,-0.5214184203864186
63535808,20260207,9.097779999999998,3.82,2.5308014499999993,2.793494527198095,0.7770884765294392,0.003295060080106809,7.069780000000001,1234,72,-0.26871871015756676
63536636,20260207,208.86075949367088,5.6,1.6327292399999997,5.438880974533169,0.04251741696969697,0.0026184250226289852,8.88022,5207,72,-0.028771254547648333
63537092,20260207,714.2857142857143,50.0,3.451404789999997,53.77970458226088,0.25986174199999995,0.028821382945918562,185.61552999999998,392553,72,0.07559409164521753
63537243,20260207,2.684563758389262,2.14,0.8432210599999994,0.6256840881085208,0.196527275,0.03288359788359788,0.52759,7458,72,-0.7076242578932146
63537321,20260207,1.8461538461538465,2.49,0.08482196999999969,7.764615700389914,0.3567470833333332,0.0032302953048650948,0.6586099999999999,3041,72,2.1183195583895236
63537589,20260207,4.265840000000001,3.12,0.46447200999999905,0.8152052047226717,0.08876094743356525,0.14198388096714198,0.37864000000000003,22902,72,-0.7387162805376053
63537852,20260207,12.032870000000004,2.37,6.560137069999999,1.4343435052645936,0.7819821871257644,0.10128633478115603,9.40949,151575,72,-0.3947917699305512
63537981,20260207,1000.0,3.26,0.0229827299999998,0.7888531954210904,1.813e-05,0.0040982908781350275,0.01813,12517,72,-0.7580204922021195
63538339,20260207,1011.98769,3.6,104.41202985000001,1.929018526786164,0.19902686760942712,0.0026352496046984416,201.41273999999999,18666,72,-0.4641615203371767
63539511,20260207,354.54545454545456,2.69,14.27960337,1.5852604174957556,0.06384763846153846,0.0026429479034307496,22.63689,2912,72,-0.4106838596670053
63541222,20260207,468.76926,17.6,0.7891167299999984,174.5205554062962,0.2937843876537468,0.041194948186528496,137.71709,25442,72,8.915940648085012
63541909,20260207,312.5,26.0,23.84098275999999,10.391828746911944,0.7928045119999999,0.08059416130628402,247.75140999999996,6515232,72,-0.6003142789649252
63543019,20260207,7.1144300000000005,2.32,3.098336459999999,2.2962096246964743,1.0,0.49538152610441766,7.1144300000000005,98680,72,-0.010254472113588608
63548375,20260207,1000.0,18.08,0.18686605999999947,13.590536451616773,0.00253961,0.008013188073394495,2.5396099999999997,2795,72,-0.24831103696809878
63552128,20260207,86.28540000000001,4.15,12.18227423,3.2091774706339042,0.45309032582569,0.011114288472212167,39.095079999999996,92113,72,-0.2267042239436376
63554448,20260207,316.32612000000006,8.2,39.77014,5.836267863276317,0.733765488603976,0.008870772665953389,232.10918999999998,228834,72,-0.2882600166736198
63557880,20260207,197.3684210526316,25.75,12.6591705,13.65377376029496,0.8757502800000001,0.06263918402039949,172.84545000000003,29478,72,-0.4697563588234967
63558513,20260207,1000.0,30.39,0.0284800699999999,24.025924093585534,0.0006842600000000001,0.053389312977099236,0.6842600000000001,3497,72,-0.20941348820054184
63559263,20260207,4.53857,4.5,0.6646629899999998,4.291573388191812,0.6284909123358238,0.0985042735042735,2.8524499999999997,2305,72,-0.04631702484626407
63559570,20260207,1000.0,33.45,5.341683049999997,23.87749119633747,0.12754599,0.010673634778247638,127.54599,187286,72,-0.28617365631278124
63559834,20260207,315.59441000000004,15.4,13.990619959999998,22.228635392080225,0.98541792929729,0.02254111388627591,310.99239,138984,72,0.44341788260261195
63560316,20260207,4.545454545454546,2.83,0.0950478999999996,0.0,0.0,0.007341961174713788,0.0,7375,72,-1.0
63560778,20260207,65.36903000000001,10.0,0.10663860999999959,14.370404865554848,0.023442905608359186,0.0012009786539961705,1.53244,3387,72,0.4370404865554848
63561739,20260207,1000.0,8.37,0.6205552399999996,2.245634087305428,0.00139354,0.010491308049323043,1.39354,152808,72,-0.7317044101188258
63563441,20260207,32.60413000000001,2.5,19.86996271,1.4766222980999242,0.8998991845511592,0.0009405857740585774,29.340429999999998,2810,72,-0.40935108076003035
63568994,20260207,1000.0,1.56,9.99827321,0.7065810117025199,0.007064590000000001,0.004441028836093902,7.064590000000001,75557,72,-0.5470634540368463
63570480,20260207,1000.0,300.0,0.06755915999999869,170.27876012668338,0.011503890000000001,0.0013534758959839058,11.50389,3633,72,-0.4324041329110554
63572499,20260207,1000.0,18.54,5.736335839999997,11.17819489453045,0.06412188,0.0075328036904151715,64.12188,29393,72,-0.3970768665301807
63572763,20260207,16.345940000000002,1.35,15.402690830000001,1.061239245818193,0.9999999999999998,0.010608672936259143,16.34594,4061,72,-0.21389685494948676
63573065,20260207,2.7549400000000004,5.0,0.45875361999999986,6.005271413444107,0.9999999999999999,0.005231883385172462,2.75494,78890,72,0.2010542826888214
63574325,20260207,1000.0,300.0,0.21468064999999903,333.8551005877816,0.07167223000000002,0.0012172630025820731,71.67223000000001,1650,72,0.11285033529260526
63574326,20260207,1000.0,11.0,0.2076069899999985,3.3728151446153385,0.0007002200000000001,0.0024742750233863425,0.7002200000000001,2116,72,-0.6933804413986056
63576343,20260207,1000.0,18.08,0.0782647799999994,10.709542657629733,0.0008381799999999999,0.005077466702908399,0.8381799999999999,1868,72,-0.40765803884791296
63576544,20260207,0.8063703255720189,33.0,0.012353309999999802,14.293335146612757,0.21896887125,0.0519975835682642,0.17657,12911,72,-0.5668686319208256
63577289,20260207,1000.0,10.01,0.00039359999999999997,0.0,0.0,0.04968599033816425,0.0,4114,72,-1.0
63577520,20260207,151.5151515151515,52.0,0.1348435899999989,12.359949775884887,0.010999956000000002,0.008404056483764827,1.66666,118256,72,-0.7623086581560599
63578117,20260207,23.45548,52.0,0.4015116299999989,38.00402992062781,0.6505541562142407,0.026811803692599022,15.25906,2123830,72,-0.26915327075715756
63578431,20260207,57.67297,52.0,1.7675212699999978,15.274260320499586,0.4681149592261332,0.06034064873990112,26.997580000000003,4603726,72,-0.7062642246057772
63580443,20260207,130.7283,3.79,31.344804149999995,4.145986345236106,0.9940856723448558,0.2829777777777778,129.95513,6367,72,0.09392779557680898
63581835,20260207,208.86075949367088,4.7,0.8883164599999998,6.65968747218756,0.02832466,0.001673848439821694,5.91591,4506,72,0.4169547813165021
63583264,20260207,41.66666666666666,2.37,3.1465289999999992,1.0070239301783015,0.07604712000000002,0.003867112810707457,3.1686300000000003,1618,72,-0.5750953881104214
63585050,20260207,67.94634,20.0,0.3353909899999996,17.5320750268217,0.08654034934037654,0.0022062012142237642,5.8801000000000005,2035,72,-0.12339624865891494
63585415,20260207,1000.0,229.83,0.00066909,283.1158737987416,0.00018942999999999998,0.6986443381180223,0.18943,131415,72,0.2318490788789173
63585819,20260207,104.16666666666669,20.0,1.9629655399999975,19.71715713358883,0.37155935999999995,0.001641928581703107,38.704100000000004,36527,72,-0.014142143320558454
63585859,20260207,106.96745000000004,20.0,5.668696339999999,18.016849708340526,0.9547955943607139,0.006919883159113038,102.13204999999999,113001,72,-0.09915751458297369
63592846,20260207,1000.0,22.0,0.1877847999999994,11.101803766865086,0.0020847500000000002,0.0018148944487881157,2.08475,5571,72,-0.49537255605158703
63592988,20260207,70.92198581560284,1.65,32.41290016,1.3753918896469397,0.6285842039999999,0.006098929226568833,44.580439999999996,57186,72,-0.16642915778973347
63596498,20260207,524.1248999999999,24.0,1.3448374800000003,28.736528074752943,0.0737342568536622,0.000396654014813723,38.64596000000001,10764,72,0.1973553364480393
63596870,20260207,280.8988764044944,3.0,4.416675419999999,1.6782804474230533,0.0263882152,0.000632446835252124,7.41242,1258,72,-0.44057318419231556
63597112,20260207,1707.9102600000006,7.91,27.67185854000001,4.238905378561535,0.06867948085281714,0.001408377022043025,117.29838999999998,75380,72,-0.4641080431654191
63598203,20260207,181.8181818181818,2.55,70.36833114999999,1.390405007494625,0.53812264,0.006100820434745835,97.84047999999999,28852,72,-0.4547431343158333
63598374,20260207,5.076142131979696,2.43,0.0002938,0.0,0.0,0.03452728670253651,0.0,4492,72,-1.0
63599572,20260207,147.05882352941177,2.54,26.270447849999996,1.6296433256275835,0.29111792799999997,0.0017515208574739281,42.81146,4837,72,-0.3584081395166994
63599957,20260207,1000.0,36.05,0.07052639999999971,18.042179949635955,0.00127245,0.0015661304736371761,1.27245,1402,72,-0.49952344106418983
63600227,20260207,33.333333333333336,2.5,2.023867249999999,1.6398358143302143,0.09956429999999998,0.006910967741935484,3.3188099999999996,2678,72,-0.3440656742679143
63601569,20260207,115.99468999999996,2.63,66.05690421,1.4745648644135878,0.8397383535401495,0.005856122886490315,97.40519,31414,72,-0.4393289488921719
63601844,20260207,1000.0,79.04,0.0006831699999999,144.07834067657305,9.843e-05,0.21433453237410072,0.09843,11917,72,0.8228535004627155
63604272,20260207,70.0,8.5,13.107625269999993,4.387274492170468,0.8215250000000002,0.0016779954937849674,57.50675000000001,26513,72,-0.4838500597446509
63610006,20260207,2000.0,18.0,0.529217199999999,15.002176799998214,0.0039697050000000005,0.043287268843046935,7.9394100000000005,64840,72,-0.16654573333343256
63611224,20260207,1000.0,6.6,1.2335434099999987,5.162696301056812,0.00636841,0.012463558258519162,6.36841,25822,72,-0.21777328771866483
63612668,20260207,2000.0,15.0,0.4373678399999993,1.6438565761945396,0.000359485,0.07312475557293703,0.71897,112188,72,-0.8904095615870307
63613810,20260207,67.22689075630252,4.0,10.665219319999999,4.513010802294501,0.7159672187499999,0.00571682332913922,48.13225,7724,72,0.12825270057362514
63614842,20260207,1000.0,10.01,0.0895118499999998,11.244991584913086,0.00100656,0.013135650988411724,1.0065600000000001,1927,72,0.12337578270859999
63615321,20260207,121.09166,2.17,35.639077019999995,1.0431768471202683,0.30702246546128775,0.0806871559769143,37.17786,1087679,72,-0.5192733423408902
63615646,20260207,81.49904000000001,20.0,0.30864491999999943,14.896049479771152,0.056412811733733303,0.0016356260372487553,4.59759,3548,72,-0.2551975260114424
63616549,20260207,743.5570799999998,2.0,360.4157111799999,0.9672894082741249,0.46886286120764276,0.004942092039953429,348.6263,24195,72,-0.5163552958629376
63616775,20260207,1000.0,69.33,0.0978666399999997,1.5294282096534677,0.00014968,0.04828774378465948,0.14967999999999998,77497,72,-0.9779398787010893
63617797,20260207,1000.0,42.0,0.5115784799999996,33.68474373667949,0.017232390000000004,0.005602705589177644,17.232390000000002,7869,72,-0.19798229198382158
63618506,20260207,7.20164609053498,5.02,0.4629729899999988,0.31919788668449184,0.02052030857142857,0.008383822193727627,0.14778,62768,72,-0.9364147636086669
63619732,20260207,330.87964000000005,2.2,108.96754836999996,1.26041451839998,0.41508833846651916,0.004368949688678817,137.34428000000003,9613,72,-0.42708430981819095
63621161,20260207,1000.0,100.0,0.7172931699999964,50.74114953583092,0.03639628,0.01804214108101034,36.396280000000004,13786,72,-0.4925885046416908
63621861,20260207,1000.0,23.0,1.069345609999999,30.21282333594658,0.032307949999999995,0.001464503996238834,32.30795,5607,72,0.3136010146063731
63622918,20260207,1350.15143,4.28,332.02644047,3.261464534171169,0.8020525964261654,0.04836325284983395,1082.89246,431052,72,-0.23797557612823153
63623050,20260207,85.65348999999999,25.0,2.660454639999999,16.851288996229613,0.5234122976191631,0.01309033334468317,44.83209,38445,72,-0.3259484401508155
63623138,20260207,37.101850000000006,25.0,0.3890167799999993,17.54309929767043,0.1839412320409898,0.011059211163872469,6.824559999999999,22824,72,-0.29827602809318277
63623552,20260207,23.47515,25.0,0.7338591299999992,6.39203057949283,0.19982193936992945,0.005635982166273276,4.690849999999999,32235,72,-0.7443187768202868
63623668,20260207,23.80952380952381,25.0,0.22626095999999962,8.588755214333059,0.08161860000000001,0.014940194087113518,1.9433000000000002,26480,72,-0.6564497914266777
63623744,20260207,91.2677,25.0,0.8465259399999996,23.216075339640522,0.21533368321980284,0.002809431234734061,19.653010000000002,5636,72,-0.07135698641437913
63624347,20260207,166.66666666666666,35.0,1.5245267499999986,15.194721903043039,0.13898855999999998,0.03205780845556514,23.164759999999998,7431,72,-0.5658650884844846
63624431,20260207,1000.0,38.5,10.820987509999997,20.817467887457166,0.22526556000000003,0.20260696956329952,225.26556000000002,137793,72,-0.45928654837773597
63624433,20260207,1045.55126,38.5,37.189085069999976,19.284177834708974,0.6859165661566895,0.28145176858002613,717.16093,495721,72,-0.49911226403353315
63624751,20260207,434.7826086956522,42.0,0.7637385299999984,26.10380282896038,0.045853904,0.0169889728405146,19.93648,16639,72,-0.37848088502475286
63625403,20260207,119.04761904761904,24.0,3.80856712,25.47873962636111,0.8151149160000002,0.001990020175817841,97.03749000000002,44188,72,0.061614151098379644
63626085,20260207,1000.0,96.08,0.0130614599999997,39.61272323308511,0.0005174,0.25616,0.5174,3202,72,-0.5877110404549842
63627097,20260207,1000.0,30.0,0.6938685999999983,1.2967584928904436,0.0008997799999999999,0.688586387434555,0.8997799999999999,52608,72,-0.9567747169036519
63631007,20260207,10.416666666666666,10.4,0.0313070299999997,2.5974996670077224,0.0078067200000000005,0.0013101510361784334,0.08132,7460,72,-0.7502404166338729
63631199,20260207,206.74242000000004,4.15,1.1974355599999988,5.085860319698545,0.02945689617060688,0.002988310767048083,6.08999,29067,72,0.2255085107707337
63631324,20260207,133.48968,2.35,7.976898749999997,0.8591459180800061,0.05133969906887184,0.009959835532060136,6.85332,188214,72,-0.6344059923063804
63631326,20260207,80.87560000000002,2.15,0.30823821999999973,0.4089369579152128,0.0015585664897694728,0.0021875569597180873,0.12605,7201,72,-0.8097967637603662
63632757,20260207,1000.0,86.31,0.012578059999999,9.92601402760123,0.00012485,0.011775046936337259,0.12485,6899,72,-0.8849957823241661
63634169,20260207,1000.0,12.0,7.828716789999996,2.8161843877354014,0.022047109999999995,0.002161490922392715,22.047109999999996,33681,72,-0.7653179676887166
63634530,20260207,119.04761904761904,89.0,0.8656309699999982,12.191003286308048,0.08864444400000002,0.043526860997350036,10.55291,108408,72,-0.8630224349853028
63634590,20260207,5.076142131979696,2.07,0.00055329,0.0,0.0,0.0067453519949864215,0.0,6458,72,-1.0
63634742,20260207,5.076142131979696,2.07,0.025372929999999898,0.0,0.0,0.011801162040025823,0.0,10968,72,-1.0
63635613,20260207,1.2315270935960592,6.48,0.04878384999999941,0.7307746313585425,0.0289478,0.020436923076923078,0.03565,13284,72,-0.8872261371360274
63636525,20260207,1000.0,20.0,3.5062172199999977,10.43995500084847,0.03660475,0.004973032744341389,36.604749999999996,22037,72,-0.47800224995757656
63636832,20260207,27.027027027027028,1.03,29.272086110000004,0.5428858039117048,0.5879818,0.007295952222959522,15.8914,2199,72,-0.47292640396921864
63636929,20260207,35.30304,2.32,3.0551764899999982,2.4468635525537197,0.2117551349685466,0.16013882669055082,7.4756,143036,72,0.05468256575591373
63638721,20260207,1000.0,30.2,1.7043895799999988,17.99136791249335,0.0306643,0.011499131298088857,30.664299999999997,60229,72,-0.40425934064591557
63638728,20260207,1000.0,30.2,4.311500569999999,21.958619386196673,0.09467459999999998,0.023354263276220113,94.67459999999998,381242,72,-0.27289339780805716
63638938,20260207,1000.0,36.08,0.10309321999999971,13.866188290558817,0.0014295100000000002,0.005704989154013016,1.42951,3419,72,-0.6156821427228709
63638951,20260207,2.47032,2.53,7.284128580000001,0.24201384978846704,0.7136160497425434,0.008461605967529618,1.7628599999999999,19284,72,-0.904342351862266
63639183,20260207,1000.0,34.1,0.039602299999999896,14.820856364403117,0.00058694,0.02073627844712182,0.58694,1549,72,-0.5653707811025479
63639342,20260207,6.451612903225806,2.04,0.6874497099999993,2.2969971141598142,0.24475584999999997,0.07397279885468862,1.5790699999999998,10334,72,0.1259789775293207
63639367,20260207,6.451612903225806,2.08,2.3760846399999984,1.86910008390947,0.6883767000000001,0.21574043261231282,4.44114,51864,72,-0.10139419042813945
63639383,20260207,481.31553,2.49,167.08888093999997,1.471916195837801,0.5109763028007844,0.0030282830731261224,245.94083000000003,27485,72,-0.4088689976555016
63639547,20260207,1000.0,35.0,0.0711344499999999,16.6570487295537,0.0011848899999999999,0.03293489493627282,1.1848899999999998,9561,72,-0.5240843220127515
63639568,20260207,1000.0,35.0,5.76262225,29.411028980773466,0.16948465,0.03191979949874687,169.48465,439392,72,-0.15968488626361527
63639572,20260207,1000.0,35.0,1.8767961799999995,19.813589987166328,0.03718607,0.018123441550425872,37.18607,146818,72,-0.4338974289381049
63639592,20260207,10.834120000000002,6.06,2.02456432,0.9281256127244205,0.17343817495098812,0.10160065111231688,1.8790499999999999,37450,72,-0.8468439582963003
63639615,20260207,2473.59103,2.49,1856.1068889899996,1.2703519845686562,0.9532331906944214,0.004372726095461392,2357.90907,320781,72,-0.48981848009290924
63640115,20260207,4.3478260869565215,2.41,0.1585456099999995,3.495397948893077,0.1274614,0.009292755616689592,0.55418,8107,72,0.4503725929016916
63645350,20260207,12.57633,2.45,0.7774871499999998,1.7448905747188237,0.10787169229815056,0.003492420653718617,1.35663,2949,72,-0.28779976542088836
63645523,20260207,111.24086,12.3,20.94655676999999,5.061078112457719,0.9529965877646037,0.07352940708696482,106.01216,924647,72,-0.588530234759535
63645554,20260207,62.5,12.3,0.309572549999999,6.603298645180287,0.0327072,0.009984293193717278,2.0442,49582,72,-0.46314645161135887
63645608,20260207,62.5,12.3,3.618889709999998,5.432796126854059,0.31457103999999997,0.0726925380285064,19.66069,182073,72,-0.5583092579793448
63645835,20260207,62.5,12.3,2.190383879999999,4.473608525643462,0.15678272000000001,0.03458021477383664,9.79892,425060,72,-0.6362919897850844
63646194,20260207,576.4705882352941,1.72,124.39169135000002,1.3190589999964653,0.28462853673469385,0.005929379633242294,164.07997999999998,15197,72,-0.2331052325601946
63648944,20260207,26.5748031496063,68.0,0.0985532899999986,154.52239088111838,0.5730499644444444,0.0018899009900990099,15.22869,2386,72,1.2723881011929175
63650409,20260207,3.00871,3.45,0.0439259699999998,0.0,0.0,0.09469178082191781,0.0,2765,72,-1.0
63650940,20260207,2000.0,15.0,3.231039879999998,12.081098175736543,0.019517254999999997,0.006995983479754183,39.03451,98586,72,-0.19459345495089717
63650951,20260207,2000.0,15.0,3.228901949999999,7.154506503364095,0.011550600000000001,0.0223244420935973,23.101200000000002,177265,72,-0.523032899775727
63652241,20260207,117.5,8.5,11.386904179999998,5.165096594322971,0.5005485957446808,0.0018191561495220806,58.81446,8317,72,-0.39234157713847395
63652316,20260207,188.16694,10.0,23.739062800000003,4.659807378747908,0.5878793586163436,0.0032140069722670275,110.61946,12354,72,-0.5340192621252091
63653084,20260207,1000.0,1.23,6.040023199999999,0.9943090947067886,0.00600565,0.023910606826220773,6.00565,52051,72,-0.19161862218960274
63654692,20260207,1000.0,1.73,2.86550017,1.028455705867224,0.0029470399999999997,0.003602420051858254,2.94704,2084,72,-0.4055169330247261
63654752,20260207,1000.0,1.4,0.9703912699999997,1.638483412984538,0.0015899699999999998,0.005662706372473384,1.5899699999999999,3670,72,0.17034529498895581
63654992,20260207,500.0,1.34,4.735577859999999,1.0693457376709672,0.010127939999999998,0.04990551461849299,5.063969999999999,83981,72,-0.20198079278286035
63655156,20260207,1000.0,1.26,16.85680374,1.433514939885039,0.024164480000000002,0.05356803296006761,24.16448,202830,72,0.137710269750031
63656523,20260207,8.51284,48.0,0.08668503999999919,37.584916613063,0.38272186485356235,0.007919290211791642,3.25805,2767,72,-0.21698090389452082
63657517,20260207,1000.0,22.0,2.9143161699999984,14.092887526338647,0.04107113,0.0003755136283206754,41.07113,12712,72,-0.3594142033482433
63659280,20260207,31.392510000000005,7.5,1.428892689999999,1.6754722147819245,0.07626245878395833,0.003650277825135433,2.39407,104913,72,-0.7766037046957434
63661292,20260207,1000.0,300.0,1.0850393199999973,148.59921389761288,0.16123599000000002,0.008652730109204369,161.23599000000002,83196,72,-0.5046692870079571
63663934,20260207,2.1367521367521367,21.0,0.01623013,22.84085216815885,0.17349228,0.0030201171377641964,0.37071,1186,72,0.08765962705518335
63664633,20260207,12.5,7.5,0.2143855199999996,3.3663187700363406,0.057735199999999993,0.0005883851969306566,0.7216899999999999,2078,72,-0.551157497328488
63665246,20260207,1000.0,30.0,0.4747129299999995,15.489656032752272,0.007353139999999999,0.03200242972644632,7.353139999999999,76393,72,-0.48367813224159095
63665437,20260207,1000.0,30.2,13.408579269999993,15.393079001426534,0.20639932000000002,0.058646512102951694,206.39932000000002,574208,72,-0.49029539730375715
63665441,20260207,1000.0,30.2,3.5299054999999977,13.333334277645685,0.04706541,0.039142538975501115,47.06541,221445,72,-0.5584988649786197
63665444,20260207,1000.0,30.2,3.5630725699999983,15.767801215454904,0.05618182,0.015549920392568682,56.18182,321322,72,-0.4778873769716919
63666595,20260207,1000.0,20.0,1.5735898499999985,7.530774299287715,0.011850349999999999,0.0013065300210800036,11.850349999999999,27333,72,-0.6234612850356143
63670871,20260207,3.5461400000000003,1.3,4.315747939999999,0.4677497453662691,0.569264044848765,0.08361016745933415,2.01869,418402,72,-0.6401925035644084
63675336,20260207,1000.0,36.05,4.888550489999998,23.228668750028607,0.11355451999999999,0.004073444075935073,113.55452,171703,72,-0.3556541262127986
63675362,20260207,1000.0,34.86,1.4007500399999986,28.292264050194166,0.03963039,0.00813848469643753,39.63039,24330,72,-0.18840321141152705
63675427,20260207,1000.0,34.85,0.1049685599999992,18.840784326278413,0.00197769,0.0032089136490250697,1.97769,2304,72,-0.4593749117280226
63676199,20260207,1000.0,82.32,0.00042779,0.0,0.0,0.08077464788732394,0.0,1147,72,-1.0
63677098,20260207,1000.0,82.32,1.3251689699999991,16.193716036076527,0.021459409999999998,0.010019218449711723,21.45941,23460,72,-0.8032833328950859
63679958,20260207,22.0820189274448,72.6,0.613100849999999,12.155912033069294,0.33750537142857134,0.004921420256111758,7.4528,5073,72,-0.8325631951367866
63681662,20260207,29.743270000000003,6.51,2.485760659999999,1.338310664229436,0.11184782305375299,0.02954201990416513,3.32672,224413,72,-0.7944223250031589
63681685,20260207,52.66818000000001,6.51,7.81831669,3.241294898224441,0.48115332635378694,0.0474564694970277,25.341469999999997,450248,72,-0.5021052383679814
63683340,20260207,85.97987,6.85,0.4298652799999994,10.509874163365803,0.0525452062209445,0.006296836539338135,4.51783,6907,72,0.5342881990315042
63683627,20260207,71.41286,1.1,133.8593769,0.5489452565948707,1.0289669115618671,0.008425832492431886,73.48147,8350,72,-0.5009588576410267
63684003,20260207,1044.4733200000005,250.0,3.149361279999999,172.59930877158692,0.5204322308587066,0.09934322033898305,543.57758,9378,72,-0.3096027649136523
63684378,20260207,64.88098000000002,8.26,6.50553055,9.468754243264604,0.9494195371278298,0.07503691739732349,61.599270000000004,65042,72,0.1463382861095162
63686060,20260207,1000.0,38.46,0.033940119999999796,13.901836528568634,0.00047183,0.0033363423000541616,0.47183,1848,72,-0.6385377917688863
63693341,20260207,1000.0,82.32,0.0232848699999989,38.02168532613845,0.0008853299999999996,0.00798242402050531,0.8853299999999996,2180,72,-0.5381233560964717
63695352,20260207,244.34484,1.0,278.00997194,0.812903107118669,0.9249025680264007,0.007163245406308964,225.99517,56566,72,-0.18709689288133102
63696056,20260207,714.2857142857143,50.0,0.9845240299999984,41.3467713936856,0.056989646,0.010802135682770254,40.70689,154975,72,-0.173064572126288
63697940,20260207,1000.0,9.0,1.7965915899999985,1.928485037603901,0.0034647,0.02677251749747853,3.4646999999999997,175194,72,-0.7857238847106777
63698176,20260207,35.2112676056338,8.2,0.1558657799999998,4.483344580189449,0.019845920000000003,0.00019187091087833485,0.6988000000000001,1698,72,-0.45325066095250616
63698780,20260207,1000.0,9.0,0.8726999999999979,3.309774263779084,0.0028884399999999995,0.03698392340020489,2.8884399999999997,458486,72,-0.6322473040245462
63698963,20260207,1000.0,9.5,0.1341763499999994,1.7842935807987108,0.00023941,0.0066331991098866165,0.23941,25039,72,-0.81217962307382
63699826,20260207,1000.0,9.0,0.0031029999999999,0.0,0.0,0.00023699865668777586,0.0,1482,72,-1.0
63699827,20260207,1000.0,9.0,0.0366265999999998,0.0,0.0,0.002628414817434356,0.0,8919,72,-1.0
63699925,20260207,1000.0,9.0,0.413970999999999,2.090943568510843,0.0008655900000000001,0.016399634637403352,0.8655900000000001,127476,72,-0.7676729368321286
63701114,20260207,166.66666666666666,34.0,0.10341095999999951,16.52697160919895,0.010254420000000002,0.0056870812272246385,1.70907,24190,72,-0.5139125997294427
63701115,20260207,166.66666666666666,34.0,1.0170834799999982,21.73359457180451,0.13262928000000002,0.0073764160539528745,22.10488,317627,72,-0.36077663024104384
63701441,20260207,1000.0,36.05,0.2813880899999992,29.27586594016834,0.008237880000000001,0.0011830120268836223,8.23788,5351,72,-0.18790940526578798
63704769,20260207,1000.0,7.57,1.558786249999999,3.203665672570568,0.00499383,0.006137902896776826,4.99383,7522,72,-0.576794495036913
63705909,20260207,162.73909999999995,2.0,63.65937559000001,1.6774542478669003,0.6561772186278529,0.003376257401726475,106.78568999999999,9465,72,-0.16127287606654983
63707085,20260207,662.23531,1.5,429.30605014,0.891995814815842,0.5782524643695003,0.049763039742808046,382.9392,179555,72,-0.4053361234561053
63707198,20260207,1000.0,31.53,0.28251825999999913,39.9191188562468,0.01127788,0.0017044647787331387,11.27788,8643,72,0.2660678355929843
63707818,20260207,5.59174,15.0,0.0957549899999994,21.719285856538782,0.3719289523475698,0.06641447368421052,2.0797299999999996,2019,72,0.44795239043591883
63708107,20260207,17.33141,5.0,1.7003743199999994,4.742097022495613,0.4652443165328152,0.015942003514938487,8.06334,18142,72,-0.05158059550087746
63708168,20260207,1000.0,10.01,0.08658829999999959,6.560008684776147,0.0005680199999999997,0.008593563766388557,0.5680199999999997,1442,72,-0.34465447704533997
63711027,20260207,1000.0,29.95,0.0126712699999998,238.15844820606355,0.0030177699999999995,0.003895027624309392,3.0177699999999996,1269,72,6.951868053624827
63711593,20260207,132.71462,3.93,7.46426473,1.8850912325560027,0.10602313445195412,0.0031473573678683932,14.07082,8992,72,-0.5203330197058518
63712035,20260207,59.29753,27.0,3.042648139999999,19.37017600727241,0.9939137431188112,0.0514034910705277,58.93663,50946,72,-0.2825860738047256
63712496,20260207,2000.0,20.0,16.819040249999993,10.369814650987594,0.08720516499999999,0.027510493370689386,174.41033,528273,72,-0.4815092674506203
63713068,20260207,7500.0,120.0,2.623684459999997,53.54639711514706,0.01873184666666667,0.057855114479227594,140.48885,682511,72,-0.5537800240404411
63713425,20260207,1000.0,30.45,1.0893592299999995,20.33258578990515,0.022149490000000004,0.020940370998888173,22.149490000000004,35785,72,-0.3322631924497488
63713531,20260207,1000.0,31.5,0.7566933199999988,21.502885739760497,0.016271090000000002,0.003938651613590372,16.27109,33282,72,-0.3173687066742699
63715009,20260207,1000.0,86.31,0.0051365599999996,21.30998177768945,0.00010946,0.13228511530398324,0.10946,6310,72,-0.753099504371574
63716161,20260207,41.27358490566038,3.72,0.9929988299999999,1.2684506385571475,0.030517581714285716,0.0029517095815198274,1.25957,42793,72,-0.6590186455491539
63719668,20260207,1000.0,84.69,0.0002581,216.1565284773344,5.5790000000000006e-05,0.5548148148148148,0.055790000000000006,1498,72,1.552326466847732
63721302,20260207,1000.0,50.24,0.8255604899999986,15.980779312730942,0.013193099999999998,0.019640481245576786,13.193099999999998,13876,72,-0.6819112397943683
63731046,20260207,22.96911,1.0,27.71091917,0.9539611384893661,1.150899621273963,0.034653465346534656,26.43514,1050,72,-0.046038861510633855
63735016,20260207,23.80952380952381,3.03,2.225991839999999,1.6612100428903647,0.15530928,0.00972081879264545,3.6978400000000002,18663,72,-0.45174586043222287
63736256,20260207,500.0,13.0,10.698062729999997,6.3182336564967985,0.13518572,0.04695204377212745,67.59286,29176,72,-0.5139820264233232
63736484,20260207,32.25806451612903,8.5,1.3407742899999984,2.678325521889299,0.11132193,0.002973677352097993,3.59103,2282,72,-0.6849028797777296
63740865,20260207,1000.0,32.3,0.2595279799999977,14.968135612969492,0.0038846500000000003,0.02029353502611201,3.88465,11269,72,-0.5365902287006349
63741668,20260207,29.41176470588235,4.71,0.34192043999999966,0.0,0.0,0.001961904761904762,0.0,1648,72,-1.0
63751749,20260207,419.55009,1.0,617.8506275100001,0.6493419964900926,0.956253781282707,0.005607804970683884,401.19636,23624,72,-0.3506580035099074
63761622,20260207,1000.0,40.0,18.74194842,43.66644447311951,0.81839425,0.0031624846498860644,818.3942499999999,48158,72,0.09166111182798779
63762250,20260207,1000.0,80.06,0.0012215399999999,26.80223324655982,3.274e-05,0.02060920756713851,0.03274,31157,72,-0.6652231670427202
63768177,20260207,1000.0,95.0,0.36684069999999724,46.32155047136298,0.016992629999999998,0.007251450211958007,16.99263,352894,72,-0.5124047318803897
63769208,20260207,72.71365000000002,12.0,0.19943325999999917,3.179610061029954,0.008720783511761546,7.967597968577304e-05,0.63412,1139,72,-0.7350324949141704
63769423,20260207,161.29032258064515,10.57,3.8894000799999984,6.894304892388446,0.16625120200000001,0.01269018448327383,26.81471,80688,72,-0.3477478815148112
63769539,20260207,9.615384615384617,5.2,0.5843076499999994,3.459958123088072,0.21025471999999995,0.026345407503234154,2.02168,4073,72,-0.33462343786767845
63774452,20260207,7.523130000000001,2.17,0.514190739999999,1.3174099556907644,0.09004230951744818,0.0464321608040201,0.6774,87780,72,-0.3928986379305233
63774454,20260207,44.39334000000001,2.28,15.67621129,1.5965707234353053,0.5637823150950119,0.04470013174441583,25.02818,298579,72,-0.2997496827038134
63775060,20260207,2944.59903,40.0,46.15729392,29.309820509512225,0.4594384451726183,0.03990340934150752,1352.8619999999999,90473,72,-0.26725448726219436
63775265,20260207,1000.0,35.0,0.25472956999999946,22.000547482571466,0.00560419,0.11241746012118214,5.60419,90912,72,-0.37141292906938667
63775313,20260207,10.31746,35.0,0.0838143999999999,20.138782834453295,0.16359840503379708,0.002767819924968737,1.68792,4648,72,-0.42460620472990585
63775347,20260207,1000.0,3.0,0.1893895099999993,2.7002551514072866,0.0005113999999999999,0.004448751076658053,0.5113999999999999,17561,72,-0.09991494953090448
63777240,20260207,1000.0,31.86,1.0178924899999986,17.526408903950184,0.017839999999999998,0.003431256817536572,17.84,45926,72,-0.44989300364249263
63778195,20260207,172.21994,11.9,1.6319999099999987,0.6056985628142595,0.00573975348034612,0.014598544010589014,0.9885,275730,72,-0.9491009611080454
63778231,20260207,86.95652173913044,11.9,1.2184025999999986,3.4808527164994603,0.048772420000000004,0.10263800559654032,4.24108,161388,72,-0.7074913683613898
63778991,20260207,1000.0,35.43,0.5420475799999995,23.998188498507847,0.01300816,0.005960539233292627,13.00816,24893,72,-0.3226590883853275
63781958,20260207,23.102310231023104,9.0,0.8184073199999986,5.7609455399299305,0.20408348571428567,0.0004908365485794458,4.714799999999999,2239,72,-0.3598949400077855
63782676,20260207,1000.0,7.35,2.1781402499999993,13.303652049035872,0.028977219999999998,0.005100649865271834,28.97722,6436,72,0.8100206869436561
63783298,20260207,1000.0,300.0,0.1415983799999996,34.3548421952286,0.004864589999999999,0.030204017080499763,4.86459,267372,72,-0.8854838593492381
63786660,20260207,72.20216606498195,3.82,1.0599790199999997,3.8277550059434207,0.056194159,0.0030885325278191145,4.05734,27811,72,0.0020301062679112104
63786819,20260207,72.20216606498195,3.82,1.0274569299999996,0.0,0.0,0.0014038210183820463,0.0,10096,72,-1.0
63786866,20260207,72.20216606498195,3.82,2.75334863,2.45339436001608,0.0935574425,0.0069606321801609135,6.755050000000001,53379,72,-0.35775016753505756
63788574,20260207,1000.0,7.7,1.7564915299999986,6.797379774441616,0.011939539999999998,0.033110684089162186,11.93954,43077,72,-0.11722340591667327
63789710,20260207,2299.103779999999,7.8,86.36392502000001,5.588769730975342,0.20993749573148898,0.006346203840106959,482.66809,102528,72,-0.28349106013136643
63789859,20260207,1000.0,86.31,4.594512219999999,11.325663641395215,0.052035899999999996,0.05780297716467929,52.0359,74167,72,-0.8687792417866388
63791228,20260207,6.381039197812215,4.4,2.6715754899999995,1.4288871919542878,0.5982379800000001,0.00455410104315811,3.81738,4453,72,-0.6752529109194801
63792158,20260207,846.3299899999997,34.0,17.75001759,11.334654119630088,0.23772088000804517,0.0061321214088621975,201.19031,18890,72,-0.6666278200108797
63792540,20260207,0.8063703255720189,33.0,0.0018740500000000002,0.0,0.0,0.010976781425140112,0.0,1371,72,-1.0
63792692,20260207,1000.0,113.9,0.1488420799999985,39.639529358902124,0.005900029999999999,0.007051744885679904,5.900029999999999,1172,72,-0.6519795490877777
63793115,20260207,13.157894736842104,19.23,0.8729048300000002,2.003803782366515,0.13293388,0.08686440677966102,1.74913,1025,72,-0.8957980352383508
63793364,20260207,56.66666666666666,32.0,0.6381336399999991,17.258782972168678,0.1943542941176471,0.0077744310330962185,11.01341,106341,72,-0.4606630321197288
63793392,20260207,5.12241,52.0,0.23949078999999848,16.914178620397156,0.790797690930636,0.03358003924425695,4.050789999999999,2134035,72,-0.6747273342231317
63793948,20260207,1000.0,15.05,1.001926469999999,7.307871604589912,0.007321949999999999,0.009765283296050215,7.321949999999999,29248,72,-0.5144271359076471
63795480,20260207,1038.25801,1.7,945.8515169700004,1.008024803992824,0.9183091108538617,0.007716237455110588,953.4417899999999,87881,72,-0.4070442329453977
63795874,20260207,40.54054054054054,17.0,0.485676569999999,8.577560165193903,0.10275936,0.0022972321342463113,4.16592,2382,72,-0.4954376373415351
63796033,20260207,72.20216606498195,3.82,0.016032539999999998,0.0,0.0,0.0001674344572154456,0.0,1094,72,-1.0
63797111,20260207,322.0524500000001,3.93,137.49512894999992,1.9699917522059982,0.8410563869332464,0.01681436871567665,270.86427000000003,316892,72,-0.4987298340442753
63798182,20260207,1000.0,15.4,2.7928968899999975,7.1213835609949845,0.01988929,0.006334586466165413,19.88929,23253,72,-0.5375724960392868
63798620,20260207,1000.0,15.0,1.3629326299999986,9.287869203043448,0.012658739999999998,0.017411280644608264,12.658739999999998,30468,72,-0.3808087197971035
63800765,20260207,199.22996,2.25,100.40840010999989,1.4375852004599796,0.7245176880023467,0.047207806100617394,144.34563000000003,308909,72,-0.3610732442400091
63801044,20260207,750.0,12.0,10.220424519999998,8.865229602028315,0.12080854666666668,0.05984336185481645,90.60641000000001,520350,72,-0.26123086649764043
63801794,20260207,10.37795,4.66,0.3577827899999998,3.8538186814407727,0.13286149962179428,0.31077507598784193,1.37883,20449,72,-0.17300028295262393
63804346,20260207,1000.0,68.63,2.3593407299999996,48.18304476098289,0.11368022000000003,0.009968099008378814,113.68022000000002,51870,72,-0.2979302817866401
63805495,20260207,896.1630500000002,18.02,2.5270412799999984,9.404361609795316,0.026518846096142877,0.007788854128002546,23.76521,14689,72,-0.4781153379691833
63807604,20260207,1000.0,22.0,0.16320020999999948,10.508993830338854,0.00171507,0.024063994722084776,1.7150699999999999,14590,72,-0.5223184622573248
63808209,20260207,1000.0,189.69,0.11222384999999949,17.345154349988963,0.0019465399999999999,0.008086631961496907,1.94654,32932,72,-0.9085605232221573
63809133,20260207,1000.0,57.6,0.0702853799999989,7.162513740410991,0.00050342,0.04368827823100043,0.50342,10175,72,-0.8756508031178647
63811082,20260207,1000.0,27.67,0.020046869999999897,20.929451829637344,0.0004195699999999998,0.003588842521414452,0.41956999999999983,1634,72,-0.24360492122741806
63815076,20260207,72.20216606498195,3.82,5.78055757,1.496078863548106,0.1197771545,0.01988102810223199,8.64817,137529,72,-0.6083563184429042
63817404,20260207,2.752688172043011,1.93,0.1186623199999996,0.0,0.0,0.001464646640829127,0.0,41986,72,-1.0
63818001,20260207,280.7395600000003,5.0,35.34906767,2.420431305253716,0.3047664176719516,0.010312678469446031,85.55999000000001,43338,72,-0.5159137389492569
63818646,20260207,1000.0,7.5,3.0791252999999967,2.1578530760018135,0.0066443,0.052729084825617896,6.644299999999999,814754,72,-0.7122862565330915
63819872,20260207,126.29789,6.79,24.185790499999996,4.716534280738106,0.903206775663473,0.009385234128124103,114.07310999999999,9801,72,-0.3053705035731803
63820079,20260207,68.4931506849315,2.7,26.974521619999997,2.0078888057033137,0.7907628640000001,0.0024855124571718625,54.161840000000005,5876,72,-0.2563374793691431
63820271,20260207,68.4931506849315,2.7,3.1490065699999983,1.4951318440723362,0.06873942799999999,0.0037335108395956103,4.70818,55247,72,-0.44624746515839403
63820716,20260207,371.34914,7.1,35.57215952,4.3508932853228135,0.4167793952612897,0.0017293552036199095,154.77067,6115,72,-0.3871981288277727
63821686,20260207,1000.0,24.0,0.09226331999999911,6.854294859539047,0.0006324000000000001,0.0003157356009605921,0.6324000000000001,1604,72,-0.7144043808525398
63821754,20260207,1000.0,80.0,0.0509125599999998,0.0,0.0,0.0003950772125107784,0.0,1008,72,-1.0
63821933,20260207,1000.0,86.31,0.0005317900000000001,0.0,0.0,0.06814814814814815,0.0,1104,72,-1.0
63822517,20260207,1000.0,25.0,0.32362780999999885,4.927728553365069,0.0015947499999999998,4.2486964765365774e-05,1.59475,2689,72,-0.8028908578653972
63822518,20260207,1000.0,25.0,0.12756324999999918,9.43359470693956,0.0012033800000000002,0.002953601108033241,1.2033800000000001,1706,72,-0.6226562117224176
63822723,20260207,1000.0,7.57,1.3844797899999994,5.685550671707532,0.00787153,0.01990760702186634,7.87153,6464,72,-0.24893650307694423
63823693,20260207,16.79295,1.89,5.189166969999999,1.4393948090670132,0.4447854605652967,0.010583892111805921,7.46926,14048,72,-0.2384154449380882
63824197,20260207,1000.0,10.01,3.470039719999999,8.684750732478651,0.030136430000000006,0.004807746074723723,30.136430000000004,32672,72,-0.13239253421791694
63824247,20260207,1.1217500000000002,18.58,0.1343322499999995,8.75433858957923,1.048353019835079,0.22331108829568788,1.17599,43501,72,-0.5288300005608595
63825190,20260207,83.33333333333333,16.0,0.4254814299999992,10.541541143170475,0.05382276000000001,0.00206600314300681,4.4852300000000005,1972,72,-0.3411536785518453
63825455,20260207,137.20322999999996,35.0,1.6012345599999986,32.92780540534926,0.38428497638138703,0.017557916014347714,52.725139999999996,177198,72,-0.05920555984716397
63826134,20260207,1000.0,7.35,43.93083675,6.009085861538934,0.26398417,0.026005727648613843,263.98417,306930,72,-0.18243729774980483
63827381,20260207,15.45503,10.0,0.8057040099999992,9.282527959616345,0.4839181806829233,0.005142520612485277,7.47897,13098,72,-0.07174720403836546
63827404,20260207,10.638297872340424,10.0,0.020658699999999704,6.485887301718013,0.012595060000000002,0.04127536231884058,0.13399,1424,72,-0.3514112698281987
63833627,20260207,1000.0,45.0,0.1808049099999991,15.492886780563724,0.0028011900000000003,0.005345978902545244,2.80119,11048,72,-0.6557136270985839
63834572,20260207,1000.0,13.88,0.520016749999998,5.830235276075263,0.0030318199999999997,0.003331995665957703,3.0318199999999997,8303,72,-0.5799542308303125
63835004,20260207,26.35564,6.0,0.5641522499999997,3.3944560178568834,0.07265959012947514,0.0004980483019183,1.91499,2386,72,-0.4342573303571861
63835415,20260207,1700.05321,30.2,49.63370162,34.0422252391338,0.9938757446303695,0.05997454414015335,1689.64165,1559686,72,0.12722600129582118
63835646,20260207,8.167650000000002,2.16,3.4143821599999997,0.6635168220302559,0.27737476507930675,0.18476190476190477,2.2655000000000003,1164,72,-0.6928162860971038
63837148,20260207,750.0,800.0,0.6018965999999984,588.2991696580458,0.4721270266666667,0.014694240040598832,354.09527,46328,72,-0.26462603792744277
63837272,20260207,98.75586,1.18,70.72898577000001,1.0467772044796282,0.74970224551738,0.006857727737973388,74.03749,13400,72,-0.11290067416980658
63837886,20260207,132.86555999999993,2.15,61.89113417000001,1.5391900839680477,0.7169820380842113,0.0007980853846090583,95.26222000000001,9704,72,-0.2840976353636987
63839772,20260207,21.73913043478261,32.0,0.00565656,27.960456531885104,0.00727536,0.34863321799307956,0.15816,20151,72,-0.1262357333785905
63840064,20260207,1000.0,40.0,0.1193747299999997,19.089299720300986,0.00227878,0.014946236559139785,2.2787800000000002,3614,72,-0.5227675069924753
63840552,20260207,1000.0,62.32,0.5946225499999989,10.568199944653985,0.00628409,0.011731132798528434,6.28409,413262,72,-0.8304204116711492
63840776,20260207,1000.0,120.0,2.8582393999999973,78.71762246367474,0.22499381000000002,0.03344700108356173,224.99381000000002,52475,72,-0.3440198128027105
63840924,20260207,8.088235294117647,1.74,2.048446409999999,0.3984580685222808,0.10091447272727269,0.000976049982644915,0.8162199999999997,1406,72,-0.7710011100446662
63843847,20260207,1000.0,300.0,0.8526294699999981,363.9800885606273,0.31034015,0.007241959611069559,310.34015,7746,72,0.2132669618687576
63847388,20260207,66.11570247933884,566.0,0.10638380999999891,165.44359522374864,0.2662078650000001,0.08126436781609195,17.600520000000003,5656,72,-0.7076968282265925
63848165,20260207,36.14132,1.05,31.217929419999997,1.1255720879901971,0.9722398075111811,0.0425540910221338,35.13803,85555,72,0.07197341713352104
63848591,20260207,354.54545454545456,2.7,15.07816122,1.2602451799490706,0.0535958923076923,0.0018034490506684642,19.00218,6421,72,-0.5332425259447887
63848648,20260207,1000.0,19.0,0.1148203099999997,5.431965825558227,0.0006236999999999999,0.0030668257756563248,0.6236999999999999,1028,72,-0.714107061812725
63851682,20260207,1000.0,26.66,0.057909639999999304,9.536408791351604,0.0005522499999999999,0.021973684210526315,0.5522499999999999,2004,72,-0.6422952441353487
63856317,20260207,208.3333333333333,20.0,1.0764064999999994,21.7667210296482,0.11246323200000002,0.007146778336911004,23.42984,20309,72,0.08833605148240994
63862766,20260207,4.545454545454546,2.97,0.00097594,0.0,0.0,0.013483628556092324,0.0,5024,72,-1.0
63864374,20260207,2.05838,6.0,0.0151464699999999,11.000582974118794,0.08094715261516337,0.08643356643356644,0.16662,1236,72,0.8334304956864657
63864918,20260207,11.45841,5.19,0.2422437999999994,0.7143216874900428,0.01510157168402946,0.021441480206540447,0.17304,14949,72,-0.8623657634893945
63865915,20260207,49.263179999999984,8.5,8.131456029999999,4.07247851772495,0.6722095487948608,0.002728072045188106,33.11518,20478,72,-0.5208848802676529
63866050,20260207,15.1697,17.6,0.36975308999999745,6.154620641574668,0.15001549140721307,0.08785647484257124,2.27569,281826,72,-0.6503056453650757
63866696,20260207,4.3478260869565215,2.54,0.8407386899999991,0.36164625657943766,0.06993150000000001,0.49045714285714287,0.30405,8583,72,-0.8576195840238434
63867023,20260207,34.770514603616135,1100.0,0.0538456399999992,218.2925117056864,0.338047916,0.0034827441077441078,11.754100000000001,1655,72,-0.8015522620857397
63867737,20260207,1000.0,86.31,0.056081989999999304,14.151067035959489,0.0007936199999999999,0.10100965759438103,0.7936199999999999,11505,72,-0.8360437141008054
63869005,20260207,1000.0,220.68,0.168519159999998,80.42147848351583,0.01355256,0.020847319639278557,13.55256,33289,72,-0.6355742319942186
63869176,20260207,9.995780000000002,13.5,0.5404916199999992,12.86043990839305,0.6953894543497355,0.002455055093756041,6.95096,1270,72,-0.04737482160051488
63871771,20260207,1000.0,34.86,0.0277688099999997,61.88705961832785,0.0017185299999999998,0.0063193943763518385,1.71853,1753,72,0.7753029150409595
63872859,20260207,1000.0,1.02,1.87255238,0.9822208551517261,0.00183926,0.0032792080757492762,1.83926,8381,72,-0.03703837730222935
63873690,20260207,5339.06705,1.0,2656.2347215300006,0.5232151619490466,0.2603043316341195,0.05629827412738952,1389.78228,72743,72,-0.4767848380509534
63874819,20260207,1000.0,33.66,0.9448800599999992,13.054323529697527,0.01233477,0.0022930851063829786,12.33477,4311,72,-0.6121710181313865
63874908,20260207,1000.0,53.49,9.167999999999999e-05,0.0,0.0,0.06255278310940499,0.0,9777,72,-1.0
63875138,20260207,1238.53337,53.47,10.592815259999995,32.13774729797375,0.2748647943171688,0.0013424326794922788,340.42922,19238,72,-0.39895740980037864
63875140,20260207,1133.601050000001,53.47,34.681602780000006,32.250395032060275,0.9866746241986978,0.003742438518797701,1118.49539,79437,72,-0.3968506633241018
63877699,20260207,29.96146,9.0,0.3320364199999993,2.186717951000681,0.024233465258368586,0.0008784236859751379,0.72607,1703,72,-0.7570313387777021
63882142,20260207,1000.0,24.0,0.1685235099999997,6.389256905460858,0.00107674,0.00010528909485495503,1.07674,2222,72,-0.7337809622724643
63882670,20260207,241.69816,26.88,8.43129418,15.586514619752005,0.543713241342011,0.020368341924398625,131.41449,18967,72,-0.4201445453961307
63882681,20260207,117.4279,26.88,1.9953992999999992,28.544818072252518,0.4850492089188345,0.02480078380143697,56.958310000000004,3797,72,0.06193519614034669
63883442,20260207,21.30237,69.3,0.27093459000000014,78.17403455202965,0.9942579159032539,0.058695652173913045,21.180049999999998,17550,72,0.12805244663823456
63883962,20260207,83.33333333333333,54.0,0.2335484499999973,4.35305821982553,0.012199800000000002,0.17760938614118105,1.01665,273998,72,-0.9193878107439717
63885852,20260207,1000.0,16.0,0.0638222699999996,8.720780379638699,0.0005565800000000001,0.005830575777630708,0.5565800000000001,1762,72,-0.45495122627258133
63886292,20260207,1000.0,18.66,0.5595576999999992,11.649504599793746,0.006518569999999999,0.033857790119848,6.518569999999999,46331,72,-0.3756964308792205
63886464,20260207,1.45776,5.0,0.11513623999999979,12.661174274928577,1.0,0.01826602725896012,1.45776,21711,72,1.5322348549857154
63886585,20260207,1.252086811352254,5.0,0.0933090099999999,0.0,0.0,0.0070295692199929954,0.0,28100,72,-1.0
63886628,20260207,2.4251000000000005,5.0,0.7721016299999993,3.034626413105749,0.9661622201146344,0.06573941256830601,2.3430400000000002,76994,72,-0.3930747173788502
63886978,20260207,1000.0,49.88,0.0735668199999987,19.847262665424783,0.0014600999999999995,0.013237275449101797,1.4600999999999995,14148,72,-0.6020997861783324
63887215,20260207,1000.0,23.0,1.560293929999999,30.942458386670793,0.04827933,0.0019295558958652374,48.27933,37800,72,0.34532427768133883
63887366,20260207,19.94432,5.05,2.068721169999999,4.993128194265061,0.5179113652408305,0.005743055555555556,10.32939,1654,72,-0.0112617437098888
63887879,20260207,62.70501,4.92,6.102116979999998,3.8811923923490577,0.37769693362619666,0.003711041165216318,23.68349,6013,72,-0.21113975765263054
63888748,20260207,501.68523,23.75,10.793845939999999,17.44843043405528,0.375406048928329,0.0034248543930799577,188.33567,49571,72,-0.265329244881883
63889490,20260207,1000.0,43.64,39.765324199999995,10.256614983161638,0.40785762000000003,0.004459039695133532,407.85762000000005,145560,72,-0.764972158955966
63890282,20260207,42.79496,8.01,0.0635166,0.0,0.0,0.0031823008849557522,0.0,4495,72,-1.0
63890317,20260207,2.10644,8.01,0.0179027199999998,0.0,0.0,0.0011656567731334086,0.0,1135,72,-1.0
63891398,20260207,62.135140000000014,6.0,30.61322343999998,2.0021648527189546,0.9864421324229735,0.004364369150898285,61.29272000000001,6389,72,-0.6663058578801743
63892216,20260207,41.66666666666666,12.54,0.9331463899999988,1.5654885617678933,0.03505992,0.10184,1.4608299999999996,10184,72,-0.8751604017728953
63893095,20260207,68.18181818181819,3.3,2.794432129999999,2.135432074351365,0.08752069333333333,0.00829064039408867,5.96732,3366,72,-0.3528993714086773
63893625,20260207,4.926108374384237,8.0,0.5488183999999994,2.9332289150655333,0.32679143,0.002368029476369305,1.60981,3342,72,-0.6333463856168083
63893649,20260207,36.47676,4.76,2.2019377899999992,3.5351589110971218,0.2134016288727398,0.0005691215098745014,7.7842,1170,72,-0.2573195564922013
63893761,20260207,1000.0,8.0,0.3891586299999991,3.910487607585635,0.0015217999999999998,0.008974937641050005,1.5217999999999998,7556,72,-0.5111890490517956
63894784,20260207,164.65190000000004,1.76,86.79048194,1.8498518087616,0.9750845875449963,0.040493441599000625,160.54953,6483,72,0.05105216406909093
63895029,20260207,47.59944,35.0,0.2917635099999993,16.175771946258845,0.0991503261382907,0.0020953258116509325,4.7195,5460,72,-0.5378350872497473
63895426,20260207,2.45433,6.5,1.2508153499999992,1.7856352658288062,0.9100243243573601,0.009365162644281217,2.2335,1785,72,-0.7252868821801837
63898532,20260207,267.88898000000006,15.0,9.249863719999997,12.405392498042128,0.4283423304683902,0.032244062244062247,114.74819000000001,7874,72,-0.17297383346385817
63898540,20260207,3.4482758620689653,30.55,0.021502789999999904,9.295072871938984,0.0579623,0.009353760445682452,0.19987,1679,72,-0.6957422955175455
63898679,20260207,123.20089999999996,35.0,0.28454898999999845,200.90347184152827,0.4640134934079217,0.08041029313310905,57.16688,5693097,72,4.7400991954722365
63900408,20260207,1000.0,29.65,0.03737436999999989,9.444172570668105,0.00035296999999999987,0.034723978086809944,0.3529699999999999,8240,72,-0.6814781595052916
63900451,20260207,1000.0,26.66,1.9168452099999986,18.320049953329317,0.0351167,0.00824937634032124,35.1167,18849,72,-0.312826333333484
63901210,20260207,1000.0,32.0,0.0043710799999999,65.74347758448862,0.0002873699999999999,0.1345578231292517,0.2873699999999999,1978,72,1.0544836745152693
63902267,20260207,3714.17456,37.05,76.44841712,42.664741048597925,0.8781633354356938,0.1316815861507731,3261.6519200000002,177994,72,0.15154496757349334
63904068,20260207,1000.0,31.0,10.719261939999999,24.147337890317477,0.25884164,0.010210701120671874,258.84164,386134,72,-0.22105361644137173
63904287,20260207,89.5,18.0,0.8540667899999981,9.683083450651463,0.0924022346368715,0.0016505002906887793,8.27,5394,72,-0.46205091940825205
63904455,20260207,1000.0,31.0,0.0949249999999998,7.0172241243086795,0.00066611,0.027326498422712935,0.66611,6930,72,-0.7736379314739136
63904753,20260207,1000.0,31.0,0.014054859999999999,16.400021060330733,0.0002305,0.0044,0.23049999999999998,1045,72,-0.47096706256997634
63904780,20260207,14.441160000000002,14.49,0.8215916299999995,7.424807869573847,0.4224148198621163,0.0035314880178339216,6.100160000000001,1901,72,-0.4875908992702659
63904784,20260207,1000.0,31.0,4.666134619999999,23.000272975407643,0.10732236999999999,0.01361798755676896,107.32236999999999,103750,72,-0.2580557104707212
63905155,20260207,1000.0,30.0,14.311155770000001,21.206393451197822,0.3034879999999999,0.02275512576766834,303.48799999999994,166365,72,-0.2931202182934059
63906670,20260207,1000.0,23.0,17.948181940000005,12.11571794441036,0.21745510999999998,0.03253728506696808,217.45511,325285,72,-0.4732296545908539
63908540,20260207,2454.46509,27.5,1.1214555399999993,13.619782020070105,0.006222936338442686,0.0012139570323004751,15.27398,32502,72,-0.5047351992701781
63909258,20260207,1000.0,8.49,0.0785548699999998,6.25409984129566,0.00049129,0.0007925282496733031,0.49129,1031,72,-0.2633569091524547
63910609,20260207,1000.0,70.33,0.0031436599999998998,0.0,0.0,0.0006665377705810797,0.0,41369,72,-1.0
63910919,20260207,1000.0,24.92,0.06174905,3.6930122811606005,0.00022804,0.15598971722365038,0.22804,6068,72,-0.8518052856677126
63918879,20260207,1000.0,12.0,0.4190223499999993,4.2963340738268565,0.00180026,0.0011343298555377206,1.80026,11307,72,-0.6419721605144286
63920345,20260207,23.28086,2.28,12.20284938,1.6407045089660854,0.859988419671782,0.09462262548000136,20.02127,278446,72,-0.2803927592254011
63920538,20260207,10.416666666666666,10.85,0.00861161,0.0,0.0,0.0012296317227088632,0.0,2611,72,-1.0
63920617,20260207,1000.0,15.88,0.1938224499999986,8.242079284417317,0.0015974999999999997,0.0025787006028131277,1.5974999999999997,7700,72,-0.4809773750366929
63920896,20260207,1000.0,50.18,0.0971002699999994,7.959607115407658,0.00077288,0.25525,0.77288,1021,72,-0.8413788936746183
63921353,20260207,1000.0,1.02,1.6859938299999995,0.3282692914718438,0.0005534600000000001,0.0044616639477977164,0.5534600000000001,2735,72,-0.678167361302114
63921753,20260207,1000.0,30.0,2.4290685599999984,16.183087891105068,0.03930983,0.013452862221305094,39.30983,143425,72,-0.46056373696316444
63924789,20260207,7.319470000000001,2.53,4.274365819999999,1.5365250136685777,0.8972876451437056,0.19766355140186917,6.56767,2115,72,-0.3926778602100483
63924884,20260207,6.451612903225806,2.04,0.0624872099999997,0.30022143731493356,0.0029078,0.008091543832428239,0.01876,2086,72,-0.8528326287671893
63925060,20260207,1000.0,27.0,11.430697669999997,21.086104012057213,0.24102887999999997,0.005584881518371238,241.02888,267126,72,-0.21903318473862174
63927660,20260207,1000.0,34.85,0.036444949999999796,14.201693238706678,0.00051758,0.00500484496124031,0.51758,1033,72,-0.592490868329794
63929252,20260207,5.68214,4.3,4.09207596,1.3836791045296237,0.9964766795608696,0.0019593872461702885,5.66212,1100,72,-0.6782141617372968
63929254,20260207,1000.0,13.88,0.0339334199999993,12.170008210195391,0.00041296999999999997,0.0027054337464251666,0.41296999999999995,1419,72,-0.12319825574961164
63929630,20260207,1000.0,74.77,0.00039294000000000004,40.10790451468417,1.5759999999999998e-05,0.00520898988223586,0.01576,6281,72,-0.4635829274483861
63930210,20260207,1000.0,74.77,0.00016069,0.0,0.0,0.020360183366077277,0.0,3109,72,-1.0
63930260,20260207,1000.0,50.18,0.40955222999999735,13.81657719212037,0.00565861,0.04548474465939571,5.6586099999999995,1565171,72,-0.724659681304895
63930481,20260207,154.00257,5.0,2.6122427199999994,3.2410196553251387,0.05497525138703855,0.0011808180062148315,8.466330000000001,2812,72,-0.3517960689349723
63931270,20260207,17.857142857142858,1.05,9.997431630000001,0.7097622932181032,0.3973648,0.002013535288430551,7.0958000000000006,9372,72,-0.32403591122085407
63932875,20260207,77.90089,1.0,57.15022754,0.5269629062967681,0.3865944278685391,0.008738470693246058,30.11605,2937,72,-0.4730370937032319
63934713,20260207,29.41176470588235,60.0,0.37391975999999916,69.66021266166852,0.88560922,0.0013581822823589482,26.04733,1596,72,0.16100354436114206
63935338,20260207,45.15721,1.18,43.847514660000016,0.807353855161468,0.7839381573839481,0.004228281640452742,35.400459999999995,5753,72,-0.3158018176597729
63937480,20260207,27.785550000000004,6.0,15.92798474,1.7353620342556908,0.9947911774285553,0.00724571200638213,27.640819999999998,3633,72,-0.7107729942907182
63937984,20260207,500.0,1.36,79.24994016,1.2026851983429938,0.19062545999999997,0.004116707502403623,95.31272999999999,26547,72,-0.1156726482772105
63939449,20260207,1000.0,16.0,0.49055693999999916,8.767035280348917,0.00430073,0.06103429203539823,4.30073,22070,72,-0.45206029497819267
63939968,20260207,1000.0,30.87,0.3124397999999979,14.360974498127415,0.00448694,0.0015755597230904586,4.48694,6805,72,-0.5347918853862191
63939971,20260207,1000.0,30.87,0.6990634299999976,9.678549484415202,0.00676592,0.006456084831022837,6.7659199999999995,27337,72,-0.6864739396043018
63940373,20260207,12.25487,2.1,9.113452929999998,1.344701080274302,1.0,0.0036067255445671512,12.25487,22502,72,-0.3596661522503324
63942050,20260207,5.754020000000001,2.0,6.880595539999999,0.8362677280693642,0.9999999999999999,0.4581024096385542,5.75402,91254,72,-0.5818661359653179
63942675,20260207,7.03731,2.08,2.40745589,1.3539936551028562,0.46319971693729567,0.28405537459283386,3.25968,17441,72,-0.3490415119697807
63942969,20260207,2.16213,4.82,0.041122969999999995,0.0,0.0,0.007320166987797046,0.0,4559,72,-1.0
63942976,20260207,0.7507507507507507,4.82,0.09498938999999951,0.6256488224632278,0.07916076,0.04691312384473198,0.05943,5076,72,-0.8701973397379195
63944090,20260207,62.5,12.3,0.4719705399999988,11.561039381822463,0.08730352,0.03490053372149442,5.4564699999999995,43158,72,-0.06007809903882423
63944100,20260207,62.5,12.3,0.9815158599999985,5.455744749758816,0.08567840000000002,0.10538309549945116,5.354900000000001,96004,72,-0.5564435162797711
63944555,20260207,62.5,12.3,5.6211897599999965,3.901996007336357,0.35094176,0.03228177325835032,21.93386,406986,72,-0.6827645522490766
63945621,20260207,1000.0,58.11,0.2096483799999982,6.230289020120312,0.0013061699999999993,0.03424353349818351,1.3061699999999994,2361143,72,-0.8927845634121441
63947774,20260207,1000.0,23.0,2.054224199999999,17.894969789568258,0.03676028,0.003672996693130921,36.76028,52648,72,-0.22195783523616272
63948300,20260207,1000.0,10.01,3.0623741299999985,8.330928527011823,0.025512419999999997,0.011217877094972068,25.51242,56224,72,-0.16773940789092678
63949306,20260207,37.5,7.5,0.0449652199999997,2.641597216693275,0.0031674666666666666,0.0014147482059127148,0.11878,11375,72,-0.64778703777423
63950119,20260207,1127.6450100000006,1.49,1214.6769155400002,0.9169166761557043,0.9876845196166828,0.009557064884984826,1113.75752,164069,72,-0.38461968043241324
63950135,20260207,53.81452,18.5,3.5856543599999995,8.411530217876328,0.5604591474568573,0.03225720620842572,30.16084,7274,72,-0.5453226909256039
63950199,20260207,1000.0,1.86,1.0834072399999997,0.5502547684654573,0.0005961499999999999,0.0457847533632287,0.59615,1021,72,-0.7041641029755606
63950835,20260207,527.83917,20.0,24.541372159999995,11.635914574713011,0.5410006044075889,0.003977383784637558,285.56131000000005,161162,72,-0.41820427126434945
63950950,20260207,1000.0,28.0,7.32668608,29.1030730226127,0.21322908000000002,0.029497368183348523,213.22908,1077648,72,0.03939546509331076
63951234,20260207,1000.0,24.0,0.6132488499999987,11.454615854558904,0.00702453,0.009395307433076875,7.02453,14776,72,-0.522724339393379
63952722,20260207,1000.0,6.0,1.3205693899999993,3.1496035206449866,0.0041592700000000005,0.0033642089662838087,4.15927,1816,72,-0.4750660798925022
63953184,20260207,10.20408163265306,8.1,0.3724572899999989,0.9627949556310229,0.0351428,0.017681651855723995,0.3586,33825,72,-0.8811364252307379
63953504,20260207,24.7436,9.2,9.367659570000002,2.004393932090766,0.7588418823453337,0.43598939929328623,18.77648,74031,72,-0.7821310943379602
63953718,20260207,1000.0,22.5,1.6580488599999996,14.751356603568368,0.02445847,0.051919474835886215,24.45847,59318,72,-0.34438415095251695
63954015,20260207,94.20293,24.75,2.3120213599999984,12.572846645326848,0.3085752215987337,0.006749103854451198,29.068689999999997,164558,72,-0.4920061961484102
63955161,20260207,1.6937669376693767,48.0,0.0079552899999997,0.0,0.0,0.023151215773112466,0.0,54366,72,-1.0
63955360,20260207,7.352941176470588,28.8,0.1154856199999987,11.840868153108719,0.1859732,0.02527985896870868,1.36745,5736,72,-0.588858744683725
63956425,20260207,1000.0,50.67,3.5357482699999983,22.787402792111113,0.08057052,0.012660893805698232,80.57052,115361,72,-0.5502782160625397
63956511,20260207,1000.0,62.32,0.0303930099999996,35.69965594062629,0.0010850200000000001,0.024334600760456272,1.08502,2560,72,-0.4271557134045845
63956533,20260207,1000.0,50.98,0.6826960299999986,12.415393714827985,0.00847594,0.015725785779676534,8.47594,257667,72,-0.7564654037891725
63956557,20260207,1000.0,56.65,0.5328230999999984,6.460343029421979,0.0034422199999999997,0.06415466612002255,3.44222,125185,72,-0.8859604054824011
63957528,20260207,1000.0,31.75,0.2811193099999993,16.54905883199561,0.00465226,0.007588454376163873,4.65226,1630,72,-0.4787698005670674
63957691,20260207,1000.0,18.0,0.45442549999999754,4.975799113386048,0.0022611299999999997,0.007485008177357805,2.2611299999999996,4119,72,-0.7235667159229973
63957756,20260207,1000.0,9.68,0.47714719999999844,2.629062897152082,0.0012544499999999998,0.013725169871331502,1.2544499999999998,94937,72,-0.728402593269413
63958669,20260207,1000.0,30.0,0.1985908899999999,10.174233067790777,0.0020205099999999997,0.06721098265895954,2.02051,4651,72,-0.6608588977403075
63958692,20260207,1000.0,30.0,1.691604149999999,15.538381127759719,0.026284790000000006,0.07745505705799594,26.284790000000005,49548,72,-0.4820539624080094
63959180,20260207,1000.0,32.0,0.32588063999999994,20.57093664723379,0.006703670000000001,0.0058658772628942275,6.703670000000001,5152,72,-0.35715822977394407
63959271,20260207,1000.0,27.5,0.0977212099999997,17.257154306623963,0.0016863899999999996,0.0009710901681100356,1.6863899999999996,1525,72,-0.37246711612276495
63959420,20260207,1000.0,50.04,6.681808069999999,50.039463345435486,0.33435409,0.02111366245694604,334.35409,7356,72,-1.072451168091783e-05
63959507,20260207,1000.0,23.0,0.051848519999999496,5.004192983714917,0.00025946000000000004,0.00048314695227594896,0.25946,2454,72,-0.782426392012395
63959710,20260207,6.746300000000001,9.0,1.0116520099999995,5.871090000602088,0.8804085202259017,0.012660691119235758,5.939500000000001,53675,72,-0.347656666599768
63962980,20260207,1000.0,35.11,0.2067030599999997,6.737103940309361,0.0013925800000000002,0.01724040632054176,1.3925800000000002,3055,72,-0.8081143850666659
63965437,20260207,4.044489383215369,16.0,0.1824611799999992,13.728344845736562,0.6193340525,0.07502618890044437,2.50489,396776,72,-0.1419784471414649
63965582,20260207,1000.0,2.13,0.6573798499999994,1.6206611748139235,0.0010653899999999998,0.0005254010695187166,1.0653899999999998,1179,72,-0.23912620900754764
63965642,20260207,37.3331,22.0,0.9439896899999968,13.074009314656859,0.3305841197221768,0.17698655222388243,12.341729999999998,1575375,72,-0.4057268493337791
63966360,20260207,1000.0,5.63,29.11323841,1.621798967708862,0.04721581999999999,0.08134152839092708,47.215819999999994,213733,72,-0.7119362401938079
63967286,20260207,1000.0,30.2,4.732072439999998,31.444605273202473,0.14879815000000002,0.011683900249664468,148.79815000000002,323845,72,0.04121209513915477
63967297,20260207,4146.95498,29.2,1.1171749499999986,17.162262723488407,0.004623452651998647,0.001393331565864812,19.17325,95124,72,-0.41225127659286276
63967300,20260207,1000.0,29.2,14.951385440000003,33.738626565699704,0.5044392099999998,0.0644394592915303,504.43920999999983,891913,72,0.15543241663355153
63967610,20260207,1000.0,22.05,0.0052082899999996,0.0,0.0,0.025202142901638323,0.0,40457,72,-1.0
63969691,20260207,9.090909090909092,10.0,0.4199205699999999,5.370348968615662,0.2480632,0.019965156794425086,2.2551200000000002,1146,72,-0.46296510313843375
63972226,20260207,1000.0,29.07,0.0710429399999995,10.738575852857515,0.0007629,0.011975600873998543,0.7628999999999999,6577,72,-0.6305959458941344
63972231,20260207,1000.0,29.07,0.3966301899999991,10.763376333001803,0.004269079999999999,0.014682737397420868,4.269079999999999,20039,72,-0.6297428162022084
63974967,20260207,16.666666666666668,7.15,0.1509424199999995,11.898510703618015,0.10775939999999999,0.006478545800688291,1.79599,35391,72,0.6641273711353867
63978528,20260207,393.5711200000004,27.0,10.207987429999996,27.258615070610453,0.7070020788110664,0.02102476205197917,278.25559999999996,924894,72,0.009578335948535308
63978909,20260207,256.4102564102564,23.0,3.3194661199999986,17.62936504982314,0.228228312,0.0015538499937601399,58.52008,12451,72,-0.23350586739899395
63979077,20260207,1037.65783,23.0,53.559527910000014,18.315889969165337,0.9453891173355286,0.006092240289760939,980.9904200000001,294519,72,-0.20365695786237667
63981277,20260207,178.83799999999994,23.0,2.607651879999999,26.61892506909321,0.38813277938693136,0.0005758023764265991,69.41289,22083,72,0.15734456822144385
63982060,20260207,144.41286,32.0,0.33754527999999956,44.74125663970185,0.10457655917900942,0.0036130406864748115,15.102200000000002,12379,72,0.3981642699906829
63982405,20260207,33.76623376623377,29.2,0.037326949999999796,13.783874653568073,0.015237411538461539,0.0017188478396994364,0.51451,2196,72,-0.5279494981654769
63984594,20260207,1000.0,86.31,0.0028417199999998003,67.3676505778238,0.00019144,0.03509282488710487,0.19144,6994,72,-0.21946876864993867
63985166,20260207,50.0,46.0,0.0192897799999996,10.526299418656107,0.004061,0.0284251968503937,0.20305,4693,72,-0.7711674039422585
63985726,20260207,4994.14603,1.0,6089.890448690001,0.7498611984033832,0.914385066549606,0.11837833860643072,4566.572550000001,160888,72,-0.25013880159661683
63985744,20260207,1000.0,86.31,0.0857126599999991,6.0222142213297944,0.00051618,0.03762875066867675,0.51618,77376,72,-0.9302257650176133
63986072,20260207,1000.0,89.8,0.006625789999999401,17.934465173211155,0.00011882999999999999,0.0010150724626905897,0.11882999999999999,54611,72,-0.8002843521914126
63986203,20260207,1000.0,82.32,0.2016738699999988,18.910630316163527,0.0038137799999999997,0.1538370210695833,3.8137799999999995,3668213,72,-0.7702790292011233
63986210,20260207,1000.0,82.32,0.997752289999999,1.8725790145768566,0.00186837,0.5102076124567474,1.86837,14745,72,-0.9772524415138866
63986783,20260207,1000.0,30.49,0.029515359999999397,7.6346688639408296,0.00022534,1.0265189873417722,0.22534,16219,72,-0.7496008899986609
63987649,20260207,5.076142131979696,2.07,1.5329025399999994,0.7985439178670813,0.24114572999999992,0.03132705700283724,1.22409,48582,72,-0.6142299913685596
63987864,20260207,138.91400000000002,3.0,7.335207660000001,3.962146860338511,0.2092169975668399,0.08056962025316455,29.06317,1273,72,0.32071562011283694
63990159,20260207,1000.0,82.32,1.1119273199999975,5.475798544099099,0.00608869,0.24096718731584896,6.08869,3475783,72,-0.9334815531572025
63992188,20260207,221.95962,49.74,0.7805867899999986,15.255946106902503,0.05365205617129819,0.00801498127340824,11.90859,1284,72,-0.6932861659247587
63993604,20260207,23.71317,4.5,6.438650769999999,3.4845048755455337,0.9461202361388207,0.007909047221589903,22.43551,31270,72,-0.22566558321210362
63993656,20260207,1000.0,69.53,0.0997669799999984,27.10325600714829,0.0027040099999999997,0.013529127775989701,2.70401,8407,72,-0.6101933552833555
63993812,20260207,82.3529411764706,2.06,7.230964519999999,1.849822380265254,0.1624228571428571,0.0027773171944951085,13.375999999999998,1675,72,-0.10202797074502234
63994945,20260207,1000.0,24.0,41.13260980999996,17.640384195208465,0.7255950400000001,0.009917494588503198,725.59504,466873,72,-0.26498399186631394
63995216,20260207,200.0,188.17,1.0175264299999978,97.2230667266306,0.49463520000000005,0.17165195716395865,98.92704,929667,72,-0.4833232357621799
63995643,20260207,10.638297872340424,10.0,0.44644648999999925,3.960429837851346,0.16620328,0.005293109132871744,1.7681199999999997,8027,72,-0.6039570162148654
63995756,20260207,18.64382,10.0,3.707415939999999,7.095586366821309,1.4109924897365453,0.1252641527265854,26.30629,132542,72,-0.2904413633178691
63996213,20260207,148.11337000000006,14.0,1.8977082499999993,5.1224733833559535,0.06563188724961155,0.0005621856146777369,9.720960000000002,10651,72,-0.6341090440460034
63996594,20260207,50.0,120.0,0.17424366999999868,63.45699674484636,0.2211396,0.003122556518782934,11.05698,1837,72,-0.471191693792947
63996813,20260207,2738.002499999999,2.3,826.7561539400001,1.3900978354052935,0.41974831651906824,0.010018807255960686,1149.2719399999999,49542,72,-0.39560963678030714
63996824,20260207,1000.0,27.5,6.685708749999997,19.060368132249263,0.12743207,0.040129461898666494,127.43207000000001,247667,72,-0.306895704281845
63997152,20260207,69.34492,12.0,2.785368799999998,9.052226764369594,0.3635996695936775,0.0018811220318053633,25.21379,33819,72,-0.24564776963586712
63997228,20260207,3.88989,3.37,0.707181539999999,5.500553648501636,1.0000000000000002,0.055792410714285715,3.8898900000000003,29994,72,0.6322117651340167
63998445,20260207,312.5,26.0,13.295130829999998,11.01057461350307,0.4684384959999999,0.07173311167412794,146.38702999999998,5212422,72,-0.5765163610191126
63999590,20260207,40.26390000000001,45.0,1.131787849999998,24.45908038330686,0.687526295266976,0.014351311318288752,27.682489999999998,16471,72,-0.4564648803709587
64000136,20260207,1000.0,90.69,1.6932441799999993,77.56852883439414,0.13134246000000002,0.002574922817132038,131.34246000000002,15096,72,-0.14468487336647762
64000141,20260207,1000.0,90.69,0.011348739999999899,26.224937746393216,0.0002976199999999999,0.005409641616538168,0.2976199999999999,6385,72,-0.7108287821546675
64001234,20260207,1778.9946199999997,62.32,59.295215089999886,28.365778038701492,0.9454524994572499,0.11300703989272544,1681.9549100000002,2258570,72,-0.5448366810221198
64001556,20260207,1000.0,56.65,2.0478831699999986,18.462752443050753,0.03780956,0.0988592613717382,37.80956,69330,72,-0.6740908659655648
64001859,20260207,1000.0,49.88,0.1730114699999995,7.538055135882052,0.00130417,0.018760524769923636,1.3041699999999998,9581,72,-0.8488762001627496
64002001,20260207,1000.0,62.32,0.2421834799999985,25.8219099007085,0.00625364,0.048771071234366505,6.253640000000001,62783,72,-0.5856561312466544
64002534,20260207,1000.0,74.77,0.1737820499999994,23.455126694615547,0.00407608,0.0073459838089223175,4.07608,25589,72,-0.6863029731895741
64002649,20260207,59.33854,2.0,24.471188329999997,1.5503991669046997,0.6393839484422772,0.003844816687737042,37.940110000000004,2433,72,-0.22480041654765015
64003385,20260207,7.6923076923076925,28.01,0.054841079999999195,22.938279114853657,0.1635348,0.002949367088607595,1.2579600000000002,3262,72,-0.18106822153325042
64003833,20260207,2.6184865147944487,23.0,0.026782669999999204,87.92737990648692,0.899347767,0.02690651479372135,2.35493,19370,72,2.822929561151605
64003921,20260207,896.7005099999998,2.57,225.29017244999997,1.9243652543087217,0.483484257190843,0.002557818400435869,433.54058,27229,72,-0.2512197454051666
64004668,20260207,1000.0,32.0,0.5324289999999983,43.09333263214452,0.02294414,0.025785648814979703,22.944139999999997,118155,72,0.34666664475451614
64004784,20260207,16.216216216216218,1.18,1.51071968,1.5725749994863374,0.1465027333333333,0.006019845644983462,2.37572,1092,72,0.33269067753079445
64005031,20260207,1000.0,8.49,1.23163432,6.591412619940631,0.008118209999999997,0.011165393013100437,8.118209999999998,12273,72,-0.2236263109610564
64005326,20260207,1000.0,24.56,0.027129089999999703,0.0,0.0,0.07305882352941176,0.0,1242,72,-1.0
64005450,20260207,1000.0,23.0,0.0635592799999993,6.056078671753428,0.00038491999999999997,0.011373825018076645,0.38492,1573,72,-0.7366922316628944
64005575,20260207,1000.0,6.38,2.129111579999998,2.8943386799859523,0.0061623699999999995,0.0924024250251112,6.162369999999999,515162,72,-0.5463418996887222
64005608,20260207,341.5910099999999,25.0,3.260798799999999,10.870968181170825,0.10377333993655163,0.03214597179707875,35.44804,2483646,72,-0.565161272753167
64005639,20260207,1000.0,24.0,0.0684589599999995,1.7655833509594767,0.00012086999999999989,0.00010772560367677456,0.1208699999999999,1772,72,-0.9264340270433551
64006623,20260207,5.426270000000001,23.0,0.7075432399999988,7.255146696052115,0.9460144814025103,0.005848451259550183,5.13333,304971,72,-0.684558839302082
64007498,20260207,151.5151515151515,52.0,2.582542039999999,20.00568013986716,0.340992366,0.010943751426775535,51.66551,2099736,72,-0.6152753819256316
64007547,20260207,41.66666666666666,6.5,0.0681534699999993,0.0,0.0,0.01602579604997985,0.0,3976,72,-1.0
64008712,20260207,1000.0,30.0,3.5522793399999983,22.84602989583585,0.08115548000000002,0.018681058428734285,81.15548000000001,232695,72,-0.23846567013880496
64008942,20260207,622.48078,32.4,18.868238960000006,26.4995583880394,0.8032376517713528,0.02131208230228163,500.0,218760,72,-0.18211239543088267
64009066,20260207,1000.0,32.66,0.0194871499999997,18.601488673305514,0.00036249,0.04784386617100372,0.36249,1287,72,-0.43045043866180294
64009550,20260207,1000.0,49.88,1.2629517299999993,8.9324395636245,0.01128124,0.0561328125,11.28124,17244,72,-0.820921420135836
64009920,20260207,650.6762800000001,2.3,108.41929587999999,1.5695649802812575,0.2615296349822372,0.02348435225618632,170.17113,12907,72,-0.31758044335597496
64010195,20260207,1000.0,74.77,0.8510355300000001,3.2668318795103652,0.00278019,0.4206131718395155,2.78019,55563,72,-0.9563082535841867
64010536,20260207,1000.0,23.0,0.0528086599999999,27.82365619578309,0.00146933,0.008030921820303384,1.46933,2753,72,0.20972418242535176
64011512,20260207,2.76675,16.0,0.2824856699999984,2.1968193997238985,0.22429565374536906,0.16545459005936902,0.6205699999999998,1011639,72,-0.8626987875172564
64011906,20260207,1000.0,49.88,1.2094083999999978,3.834354052774901,0.0046373000000000004,0.9051416579223505,4.637300000000001,86260,72,-0.9231284271697093
64012844,20260207,1000.0,33.75,0.0253990099999997,39.24286812753771,0.00099673,0.01932,0.9967299999999999,1932,72,0.1627516482233396
64014502,20260207,1000.0,64.61,2.4498727499999977,2.6086742668573324,0.0063909200000000005,0.7364063969896519,6.39092,156560,72,-0.9596242955137388
64014589,20260207,1000.0,43.12,3.8417100199999994,1.8932532549658712,0.007273330000000001,0.4300436432637571,7.2733300000000005,226633,72,-0.9560933846250957
64014727,20260207,1000.0,43.12,0.11994653999999959,9.042611816897793,0.00108463,0.12059665206270419,1.08463,476200,72,-0.7902919337454128
64014794,20260207,2172.01885,288.0,8.338364969999994,231.43574033315574,0.8884801667352015,0.02794691811773212,1929.7956700000004,92767,72,-0.1964036793987648
64017299,20260207,1000.0,29.2,11.781729349999996,23.01896452917585,0.27120321,0.09208637759423972,271.20320999999996,695731,72,-0.21167929694603252
64017952,20260207,1000.0,45.04,6.04706318,20.935810695465563,0.12660017,0.04819142782014199,126.60017,91636,72,-0.5351729419301606
64018079,20260207,1000.0,43.12,0.0151912799999996,22.66102658893846,0.00034425,0.06728179551122195,0.34425,13490,72,-0.47446598819716
64018092,20260207,27.77777777777778,35.0,0.705890379999999,14.566723518742407,0.37017036,0.03589373538660002,10.28251,44519,72,-0.5838078994645026
64018462,20260207,1000.0,64.61,0.00239328,0.0,0.0,0.716094674556213,0.0,12102,72,-1.0
64018532,20260207,1000.0,43.12,0.0075473099999993,5.2535274157287395,3.9649999999999995e-05,0.3730869565217391,0.03965,17162,72,-0.8781649486148251
64018637,20260207,1000.0,32.2,0.2057294599999997,2.7760730038371797,0.00057112,0.1465686274509804,0.5711200000000001,7475,72,-0.913786552675864
64018926,20260207,1000.0,14.0,0.05026751,11.246429353671983,0.00056533,0.009636860601327606,0.56533,2468,72,-0.19668361759485833
64019380,20260207,1000.0,39.33,0.025509199999999798,7.321672181017102,0.00018677,0.034238921001926784,0.18677,3554,72,-0.8138400157381871
64019817,20260207,248.75621890547265,600.0,0.0269656999999989,21.850350630616823,0.0023686242,0.0033594259621656884,0.58921,1030,72,-0.9635827489489719
64020441,20260207,193.69960000000003,2.61,10.769538549999998,1.0929456211473425,0.06076687819696064,0.0030585493737256045,11.77052,1050,72,-0.5812468884492941
64020537,20260207,40000.0,1.56,1525.4624940200001,1.2181481926199602,0.0464559845,0.04100310027121309,1858.23938,845119,72,-0.219135773961564
64020651,20260207,1000.0,7.0,3.29447241,6.385538375171883,0.02103698,0.06013803880713635,21.03698,46180,72,-0.0877802321183024
64020690,20260207,1000.0,28.88,1.5438875499999989,30.17993117439158,0.046594420000000004,0.009062629829663481,46.59442000000001,69804,72,0.045011467257326215
64020711,20260207,1000.0,28.88,1.0800372399999991,33.37977494183444,0.036051400000000004,0.0032712793463646707,36.0514,53771,72,0.15580938164246683
64021638,20260207,380.56766,3.0,151.39981512,1.5370415731059843,0.6114755257974364,0.012248371410221122,232.70781,53398,72,-0.4876528089646719
64021741,20260207,1000.0,23.81,2.003387719999999,17.910936381301177,0.03588255,0.005235011284466687,35.88255,26675,72,-0.2477557168710131
64021769,20260207,502.20883,2.57,116.80017328000002,1.7394896282640169,0.40455817951269396,0.0017058503894222061,203.17269,9418,72,-0.3231557866676977
64023756,20260207,1000.0,166.08,2.9452991699999984,11.11577402169302,0.03273928,0.52411543715847,32.73928,153461,72,-0.9330697614300757
64024405,20260207,0.4539,22.5,0.0289970499999996,9.141274715876394,0.5839832562238376,0.015372208436724566,0.2650699999999999,1239,72,-0.5937211237388269
64024543,20260207,33.333333333333336,3.62,12.361320649999998,1.168799063553133,0.43343699999999996,0.009005174944002471,14.4479,11659,72,-0.6771273305101843
64024748,20260207,106.53732000000002,2.5,57.40553908,1.522462664764858,0.8203490570252749,0.008261077844311378,87.39778999999999,6898,72,-0.3910149340940568
64025102,20260207,282.86702,11.54,27.54282164,4.565515895342378,0.44454524956638636,0.13538631603444262,125.74719000000002,116351,72,-0.6043747057762238
64026285,20260207,1000.0,27.12,1.8919629599999992,21.427496656699887,0.040540030000000005,0.005333795734350616,40.54003,3076,72,-0.2099005657559039
64026292,20260207,1000.0,27.12,0.0242268099999998,0.0,0.0,0.32725490196078433,0.0,1669,72,-1.0
64026424,20260207,1000.0,26.25,0.0670519899999999,8.490724883780496,0.00056932,0.029367272727272728,0.56932,4038,72,-0.6765438139512193
64027513,20260207,1000.0,16.17,0.7005172699999995,1.1556745774447506,0.0008095699999999997,0.004238862559241706,0.8095699999999997,6708,72,-0.9285297107331633
64029184,20260207,9.71446,12.0,0.37187876999999925,1.31978493959201,0.05052262297647012,0.002001484209658357,0.4908,21846,72,-0.8900179217006658
64029548,20260207,1000.0,26.3,2.3800731099999988,20.342488554899905,0.04841661,0.003833772302641772,48.41661,91557,72,-0.2265213477224371
64029570,20260207,1000.0,26.5,0.18796249999999898,24.148433863137722,0.004539,0.009091082680924194,4.539,14283,72,-0.08873834478725577
64029589,20260207,1000.0,30.0,3.040580139999999,23.005876108892835,0.06995121,0.007055052605823342,69.95121,129753,72,-0.2331374630369055
64029718,20260207,1000.0,2.75,337.58636083,2.0149579157392052,0.68022231,0.033443795016495,680.22231,1576390,72,-0.267288030640289
64030368,20260207,1000.0,20.04,0.1709647999999997,9.089473388674174,0.0015539799999999997,0.011753168779186125,1.5539799999999997,8809,72,-0.5464334636390132
64031354,20260207,1000.0,102.01,0.0032945899999997997,87.33104877997489,0.00028772,0.04237341772151899,0.28772,6695,72,-0.1438971789042752
64032557,20260207,67.92190000000001,30.55,2.619258649999999,26.48915944211925,1.0214961595597294,0.06437368473794969,69.38195999999999,128477,72,-0.13292440451328158
64033273,20260207,1172.770339999999,25.52,1.0628980399999992,17.330335842937497,0.01570672396097604,0.0013085486181717348,18.42038,45303,72,-0.32091160490056825
64035082,20260207,1857.1991,86.3,6.387757870000003,63.26328709137495,0.21759140417416742,0.004279404074967663,404.11055999999996,93297,72,-0.26693757715672134
64036941,20260207,54.87098999999999,26.53,0.980953379999999,19.523894193626226,0.3490374421893974,0.012848910798747585,19.15203,38575,72,-0.2640823899877035
64037275,20260207,172.63347,27.0,4.064382159999998,28.75051001601681,0.676885310826458,0.0034903448246225953,116.85306,243669,72,0.06483370429691894
64037396,20260207,1000.0,20.15,1.8310180599999986,10.025613838019714,0.018357079999999998,0.04860821072615092,18.357079999999996,40967,72,-0.5024509261528678
64037536,20260207,15.426750000000004,12.1,2.6784263699999986,4.468728404880514,0.7758704847100002,0.016412453809261734,11.969159999999999,20875,72,-0.6306836029024369
64040144,20260207,500.0,1.6,21.039017819999998,0.6015523209438491,0.02531214,0.012216681776971895,12.65607,2695,72,-0.6240297994100943
64040948,20260207,208.86075949367088,12.0,14.615005989999997,6.131463104518373,0.42904837757575753,0.44448979591836735,89.61137,6534,72,-0.4890447412901356
64048356,20260207,1062.3138600000002,50.18,47.016990050000004,22.246369427045014,0.984602921400272,0.009849867483455269,1045.9573299999997,124130,72,-0.5566686044829611
64048419,20260207,793.6428571428571,2.67,3.1898601900000005,1.0692443545621348,0.004297575375753758,0.01645305514157973,3.4107399999999997,2208,72,-0.5995339496021966
64049764,20260207,500.0,18.0,2.6773620199999986,10.952893101845083,0.05864972,0.03510955997541097,29.32486,531162,72,-0.3915059387863843
64053215,20260207,1000.0,22.98,2.220473769999999,11.984730628004675,0.026611779999999995,0.0010053599986771268,26.611779999999996,42559,72,-0.4784712520450533
64055756,20260207,145.76475000000008,12.0,18.89065399,7.020497017742476,0.9098343735368114,0.0020010238399180928,132.62178,30880,72,-0.4149585818547937
64055857,20260207,1000.0,38.0,0.07085108999999959,39.02593453396434,0.0027650299999999995,0.006653171390013495,2.7650299999999994,2465,72,0.026998277209587866
64058792,20260207,6.172839506172839,12.1,0.0019256899999998997,0.0,0.0,0.012598522167487684,0.0,1023,72,-1.0
64059274,20260207,4187.775039999999,10.0,6.103125859999999,5.705325565742143,0.00831475417552515,0.00385263188944442,34.820319999999995,26122,72,-0.4294674434257857
64059312,20260207,2.48044,13.0,0.0393387199999998,0.0,0.0,0.017158904109589042,0.0,6263,72,-1.0
64059848,20260207,33.373839999999994,14.0,3.2924306599999986,7.6870259736920366,0.7583484549575359,0.03015944109153164,25.309000000000005,174403,72,-0.4509267161648545
64060132,20260207,1000.0,114.63,0.00028414,0.0,0.0,0.1615909090909091,0.0,3555,72,-1.0
64061252,20260207,1000.0,62.0,0.13465896999999957,37.05568221708524,0.0049898799999999995,0.0049352941176470586,4.989879999999999,1678,72,-0.4023277061760445
64062292,20260207,1321.44021,800.0,2.2271656199999987,543.0586702393514,0.9152753116238228,387.0,1209.4815999999998,38700,72,-0.32117666220081076
64062322,20260207,7.8125,14.49,0.3224895099999992,2.866480835299115,0.11832448,0.009024956471271038,0.92441,4665,72,-0.8021752356591363
64062508,20260207,3.7593984962406015,12.0,0.07950597999999971,0.0,0.0,0.009631211180124223,0.0,2481,72,-1.0
64070901,20260207,16.666666666666668,7.15,0.18408316999999957,2.875548047113711,0.0317604,0.014451697127937337,0.52934,22140,72,-0.5978254479561245
64073068,20260207,1013.3127800000002,12.92,44.13809028,13.419031413517695,0.5845089805341248,0.024098737545087675,592.29042,539831,72,0.03862472240849034
64073560,20260207,62.5,1.39,27.034988699999996,0.7600576507731258,0.3287704,0.0009770827185993903,20.54815,4967,72,-0.4531959346955929
64073567,20260207,1000.0,5.38,0.0058745699999998,6.220029721324497,3.6540000000000006e-05,0.00218760833254546,0.03654,13883,72,0.1561393534060404
64074041,20260207,1000.0,5.38,0.0044572,0.0,0.0,0.0008910758294633427,0.0,5315,72,-1.0
64075202,20260207,16.138539999999995,8.3,0.23027221999999897,3.809968914183413,0.05436241444393361,6.995128898095254e-05,0.87733,1729,72,-0.5409676007007936
64081848,20260207,1000.0,96.08,0.0024119499999999,0.0,0.0,0.03788908765652952,0.0,8472,72,-1.0
64082498,20260207,130.62899000000007,2.5,71.42236495999998,1.823401816404933,0.9969584086962621,0.005292381012631534,130.23167,25097,72,-0.2706392734380268
64083791,20260207,125.47337,14.0,1.6046278199999997,7.512720301708345,0.09607711979043841,0.0017661233167965982,12.055120000000002,6230,72,-0.4633771213065468
64084611,20260207,1000.0,56.65,0.09727164999999979,5.814849444827976,0.00056562,0.7569426751592356,0.56562,11884,72,-0.8973548200383411
64085364,20260207,1000.0,49.13,0.0128713099999998,0.0,0.0,0.5990909090909091,0.0,1318,72,-1.0
64085968,20260207,1000.0,50.24,0.08074559999999971,5.200902587880968,0.00041995,0.8108173076923076,0.41995,16865,72,-0.8964788497635158
64086199,20260207,1000.0,32.2,0.021028999999999798,31.227352703409878,0.0006566800000000001,0.9584313725490196,0.65668,4888,72,-0.03020643778230202
64087348,20260207,1000.0,23.0,7.090138969999995,14.252329951157503,0.10105099999999993,0.004352219807513194,101.05099999999993,28037,72,-0.3803334803844564
64087378,20260207,1000.0,23.0,8.417212959999997,11.556155281118139,0.09727062,0.0016094767977547816,97.27062000000001,132932,72,-0.4975584660383418
64087380,20260207,1000.0,23.0,5.341132769999998,9.887792023563573,0.05281200999999999,0.0082201585595815,52.812009999999994,40541,72,-0.5700959989754968
64089175,20260207,1000.0,73.7,0.17912126999999922,20.788318439234025,0.00372363,0.00033690086128109083,3.72363,12349,72,-0.7179332640538124
64089368,20260207,1000.0,85.14,0.13389580999999962,22.593761522485345,0.0030252099999999995,0.03248201438848921,3.0252099999999995,1806,72,-0.7346281240018165
64090050,20260207,1000.0,64.77,20.956791710000005,21.97250401550133,0.46047319000000003,0.009745364324889006,460.47319000000005,59704,72,-0.6607610928593279
64094719,20260207,72.20216606498195,3.4,0.29324328,0.0,0.0,0.00128044537230341,0.0,11408,72,-1.0
64096983,20260207,1000.0,30.2,4.301334859999997,15.664290782513046,0.06737736,0.011189857870873917,67.37736,366253,72,-0.48131487475122364
64096986,20260207,1000.0,30.2,1.7647528099999983,17.569310457706557,0.03100549,0.016340217875827984,31.00549,208944,72,-0.41823475305607427
64096993,20260207,1000.0,30.2,0.007004280000000001,21.237015082206877,0.00014874999999999998,0.004303346132748217,0.14875,1569,72,-0.2967875800593749
64097468,20260207,15.625,21.06,0.01136528,15.553510340264385,0.01131328,0.028421052631578948,0.17677,1350,72,-0.2614667454765249
64099890,20260207,1000.0,30.66,10.770363810000001,17.179383469684296,0.18502821,0.003985738120917497,185.02821,177015,72,-0.43968090444604385
64100045,20260207,1000.0,78.48,9.415157989999997,14.21527393827621,0.13383905,0.021621926227389378,133.83905,1045565,72,-0.8188675594001502
64101329,20260207,1000.0,33.75,4.079179259999999,28.256752805710242,0.11526436000000001,0.036705820043547346,115.26436000000001,311871,72,-0.16276287983080764
64101372,20260207,416.6666666666667,160.0,0.7412095499999974,49.9585710950434,0.08887144799999999,0.0036913287555124254,37.02977,120200,72,-0.6877589306559788
64101541,20260207,72.20216606498195,3.4,3.3380556999999995,3.9490653196709693,0.18257347,0.006359533416097662,13.1822,49177,72,0.1614897999032263
64101656,20260207,1000.0,23.72,0.0067011299999999,0.0,0.0,0.6907291666666666,0.0,13262,72,-1.0
64101730,20260207,1000.0,30.0,0.9053556099999988,21.816410901789215,0.01975161,0.0038298210378008932,19.75161,127759,72,-0.27278630327369285
64101770,20260207,72.20216606498195,3.4,4.905490569999999,1.4534876580141916,0.0987514695,0.0052632194513391635,7.13007,40501,72,-0.572503629995826
64102348,20260207,88.35518000000002,30.0,2.656512339999998,25.802266741964413,0.775778398052044,0.06496975874957527,68.54404000000001,95603,72,-0.13992444193451956
64102891,20260207,1000.0,1.19,4.1478693699999996,0.9946311303434324,0.0041256,0.014104849279161205,4.1256,5381,72,-0.16417552071980465
64104000,20260207,1000.0,42.0,0.0751657799999997,0.0,0.0,0.750253164556962,0.0,5927,72,-1.0
64104600,20260207,1000.0,3.32,1.9686378299999996,1.252144992052703,0.00246502,0.04687224873731523,2.46502,101155,72,-0.6228478939600292
64105048,20260207,11.616680000000002,2.37,4.914132839999999,0.9571739619476793,0.4049074262181621,0.09910565158283162,4.70368,204118,72,-0.5961291299798821
64105429,20260207,243.90243902439025,23.0,4.475637399999998,22.946007645748967,0.421061841,0.00044002103815187925,102.69801,16314,72,-0.002347493663088391
64105743,20260207,250.0,2.0,10.7845097,1.5314947512171093,0.06606568,0.01706070287539936,16.51642,1068,72,-0.23425262439144534
64106409,20260207,1000.0,42.0,0.0010545499999999,0.0,0.0,0.9772340425531915,0.0,4593,72,-1.0
64107218,20260207,2941.176470588235,1.0,3.578357160000001,0.6744827003238546,0.0008206035999999999,0.0591458153580673,2.41354,6855,72,-0.3255172996761454
64107502,20260207,44.82459000000001,33.6,2.6897931699999997,16.434334242881583,0.986176560677967,0.031283811061768266,44.20496,108486,72,-0.5108829094380481
64109107,20260207,1000.0,35.2,4.07243594,26.159171456482138,0.10653155000000002,0.010757856276829307,106.53155000000001,262638,72,-0.25684171998630295
64110035,20260207,228.48797,91.53,7.419097219999999,26.11490107956828,0.8479614484736331,0.010469912649627952,193.74899000000002,25890,72,-0.7146847910022038
64110204,20260207,1000.0,36.3,0.1696203099999998,24.23377247689268,0.004110539999999999,0.026014692378328742,4.110539999999999,2833,72,-0.33240296206907216
64110714,20260207,1000.0,36.3,0.1641843199999998,52.67926925055943,0.008649109999999998,0.05162112932604736,8.649109999999999,2834,72,0.4512195385829045
64111322,20260207,23.80952380952381,8.81,0.11075783999999969,3.904915444360429,0.018165,0.02015455950540958,0.43250000000000005,1304,72,-0.5567632866787255
64111471,20260207,1000.0,38.5,2.0190682599999996,20.884593569907345,0.042167420000000004,0.11388263665594855,42.16742000000001,28334,72,-0.45754302415825077
64111607,20260207,1000.0,182.73,0.1834367599999988,77.35074474712752,0.014188969999999999,0.0034078728515985956,14.18897,3688,72,-0.5766937845612241
64112092,20260207,27.03299,14.96,1.4194985899999988,5.689149715886654,0.29873646977267404,0.013510936699301453,8.07574,100189,72,-0.6197092435904643
64112353,20260207,13.764770000000002,3.15,1.3811626599999993,3.1148177724410835,0.31254209115008813,0.007314507198228129,4.30207,1321,72,-0.011168961129814739
64113058,20260207,1000.0,18.66,1.8662625299999995,10.210674915066747,0.019055799999999998,0.006077926315581308,19.055799999999998,122937,72,-0.45280413102536193
64113541,20260207,65.18745999999999,15.0,8.433780029999998,7.209028428975994,0.9326849059619751,0.04162134230051366,60.79936,269827,72,-0.5193981047349338
64114179,20260207,200.0,270.0,0.0522963199999992,82.62799370969249,0.0216057,0.011239929947460595,4.32114,3209,72,-0.6939703936678057
64114440,20260207,609.6625099999999,1.0,111.51835625000001,2.586153882625937,0.4730545593167604,0.005964137490688518,288.40362999999996,11209,72,1.5861538826259372
64114731,20260207,814.7297199999998,1.0,1020.60950375,0.7809207410586979,0.9782570961078972,0.018622926649465535,797.01513,25262,72,-0.2190792589413021
64115407,20260207,17.81497,1.0,39.86770361,0.44141092680306493,0.987823162205718,0.00822535636171657,17.598039999999997,10906,72,-0.5585890731969351
64115681,20260207,6.819940000000001,1.8,8.570856709999997,0.7909804386404218,0.9940527336017618,0.03970374617737003,6.779380000000001,20773,72,-0.5605664229775434
64115785,20260207,50.0,17.88,0.3712790499999995,10.885639790340997,0.08083219999999999,0.019912790697674418,4.0416099999999995,2740,72,-0.39118345691605155
64116760,20260207,1000.0,9.0,0.1684579899999996,4.504149669600128,0.00075876,0.016324244321739626,0.75876,143384,72,-0.49953892559998575
64117220,20260207,230.21069000000008,20.91,0.46890148999999876,7.614157933258025,0.015508793271068333,0.0005780387600116197,3.570289999999999,41787,72,-0.6358604527375407
64117240,20260207,46.206500000000005,3.0,17.648889509999997,2.516745882217266,0.9612883468776037,0.03323025021085184,44.41777,11820,72,-0.16108470592757795
64117651,20260207,1000.0,1.0,151.93433550000003,0.48836360626331227,0.0741992,0.02246615109892892,74.1992,1331088,72,-0.5116363937366877
64117807,20260207,1000.0,1.0,2.9893909799999987,0.5779136993314942,0.0017276099999999999,0.001591807061352214,1.7276099999999999,30216,72,-0.42208630066850583
64118118,20260207,11.77282,260.0,0.09289077999999928,68.46610610870152,0.5402163627745944,0.0006213525575008582,6.35987,1267,72,-0.7366688226588403
64119370,20260207,1000.0,9.0,0.0704013999999996,3.5968034726582347,0.00025322,0.00498904966025869,0.25322,26653,72,-0.6003551697046405
64119491,20260207,1000.0,48.12,0.6322206899999991,1.9215600172781464,0.00121485,0.7416322701688556,1.21485,39529,72,-0.9600673313117593
64119946,20260207,1000.0,9.0,0.0419825599999997,0.0,0.0,0.002513611863525678,0.0,18374,72,-1.0
64120353,20260207,1000.0,9.0,2.8814119499999995,4.086940779155165,0.01177616,0.034720953755806305,11.77616,353560,72,-0.5458954689827595
64120849,20260207,461.8883900000001,23.0,0.41029630999999944,24.531514797196238,0.02179138990698597,0.00017780948591655576,10.065190000000001,3888,72,0.06658759987809729
64120867,20260207,1000.0,9.0,1.4720825399999993,6.463190576256685,0.00951435,0.02192281606644952,9.51435,261822,72,-0.28186771374925723
64121070,20260207,1000.0,9.0,0.1155681899999996,2.601927052764269,0.00030070000000000004,0.004484903217011995,0.3007,52642,72,-0.7108969941373035
64121242,20260207,102.05589,25.0,2.0770634899999996,10.938341610347216,0.22261948820396354,0.012171428571428571,22.719630000000002,1917,72,-0.5624663355861114
64121508,20260207,41.66666666666666,2.76,9.175178890000002,1.8963717447475288,0.41758920000000005,0.0016637323943661973,17.399549999999998,2646,72,-0.31290878813495326
64122408,20260207,1250.0,20.52,5.311701329999998,15.25805668746063,0.064836992,0.0022831515645703802,81.04624,22400,72,-0.2564299859911973
64123385,20260207,1000.0,9.0,0.022308909999999498,8.713558842633027,0.00019439000000000001,0.004005309440849511,0.19439,33796,72,-0.03182679526299697
64124337,20260207,1000.0,86.31,0.004610299999999901,44.62399410016798,0.00020573,0.8022857142857143,0.20573,8424,72,-0.48298002432895404
64124603,20260207,80.0,2.98,17.45758461,1.727849566469894,0.37705099999999997,0.009110728628800918,30.16408,3176,72,-0.4201847092382906
64125620,20260207,1000.0,7.5,6.036810639999998,1.7993938600664807,0.010862599999999998,0.07749747485115993,10.862599999999999,1887451,72,-0.7600808186578026
64126239,20260207,2000.0,15.0,3.911537169999999,13.837268482354729,0.027062495,0.012722321869557306,54.12499,97883,72,-0.07751543450968476
64126497,20260207,333.3333333333333,100.0,0.0058877799999997,14.440077584421347,0.00025506,0.005361520696393675,0.08502,3018,72,-0.8555992241557866
64126534,20260207,333.3333333333333,6.0,10.337520489999998,1.4352861514860227,0.04451190000000001,0.004599198111866238,14.8373,16174,72,-0.7607856414189963
64127954,20260207,1000.0,23.0,0.1228576899999998,14.88160814353585,0.00182832,0.00762593079281647,1.82832,1741,72,-0.3529735589767022
64128713,20260207,1000.0,31.0,0.0069835,52.124292976301284,0.00036401,0.01338611449451888,0.36401,1099,72,0.6814288056871382
64129362,20260207,1000.0,24.0,0.004000269999999999,0.0,0.0,8.793316864842273e-05,0.0,1641,72,-1.0
64129574,20260207,1000.0,52.0,0.187514989999999,17.762739928151973,0.0033307799999999998,0.0021086988056670374,3.33078,4361,72,-0.658408847535539
64129661,20260207,1143.8391200000003,24.0,39.60234387999999,18.662002740025706,0.6461215017720323,0.004291428843445907,739.0590500000001,279466,72,-0.22241655249892892
64131561,20260207,35.86777000000001,16.1,3.1311329399999996,11.277767720715175,0.9845103277956783,0.00688211757463835,35.31219,6708,72,-0.2995175328748339
64131665,20260207,1.7391304347826086,22.76,0.2491980899999987,3.9116672202423586,0.5604985,0.5777391304347826,0.97478,6644,72,-0.8281341291633411
64131892,20260207,1000.0,17.11,2.0047574999999993,13.698769053114907,0.027462709999999998,0.0195385629531971,27.462709999999998,8892,72,-0.1993705988828225
64132598,20260207,1000.0,46.2,0.0002398,0.0,0.0,0.3973170731707317,0.0,1629,72,-1.0
64133904,20260207,403.0409099999999,72.0,1.1640107599999991,82.9976004689167,0.23970296216331996,0.14058808963724154,96.61010000000002,113553,30,0.1527444509571764
64136664,20260207,185.32,8.0,74.34889722,2.302170528414463,0.9236123462119576,0.01282678338508893,171.16384,235029,72,-0.7122286839481922
64137600,20260207,1.6937669376693767,48.0,0.0020586699999998,0.0,0.0,0.02172650262202501,0.0,16158,72,-1.0
64138592,20260207,1000.0,49.74,18.243956569999998,17.530388146500613,0.31982363999999996,0.01318160326670965,319.82363999999995,30667,72,-0.6475595467128948
64139850,20260207,7.1035,25.0,0.3611226499999981,6.717191513741972,0.3414837756035756,0.002977047606017033,2.4257299999999997,230642,72,-0.731312339450321
64141744,20260207,22.66524,52.0,1.8591009699999965,9.803582642420995,0.8041322306756955,0.04758968383503559,18.22585,3393963,72,-0.8114695645688271
64141830,20260207,1000.0,25.0,11.687656009999998,9.752832381657338,0.11398774999999998,0.0002839430833110338,113.98774999999999,66955,72,-0.6098867047337064
64142018,20260207,1000.0,30.39,0.0372140799999999,13.861420193647175,0.00051584,0.08240963855421687,0.5158400000000001,2052,72,-0.5438821917194084
64142306,20260207,175.43859649122808,52.0,2.36834849,15.233370491012494,0.20564420099999994,1.5888319088319087,36.077929999999995,111536,72,-0.707050567480529
64142416,20260207,111.11111111111111,3.54,0.2609288899999992,0.30912636772417285,0.0007259399999999999,0.10256952169076752,0.08066,9221,72,-0.9126761673095557
64142620,20260207,10.989010989010987,2.07,1.1625168399999988,2.319630913905731,0.24539151,0.015620995404828166,2.6966099999999997,24136,72,0.12059464439890404
64142626,20260207,161.11706,1.78,76.34240495000002,1.212263486598479,0.5744091283691496,0.022102899142507147,92.54710999999999,10826,72,-0.3189530974165849
64143069,20260207,111.11111111111111,3.21,0.0741430599999993,0.710248538433678,0.00047393999999999995,0.05717641843971631,0.05266,12899,72,-0.7787387730736205
64143979,20260207,1000.0,42.15,4.223347889999998,15.487166035947855,0.06540769,0.059412797228983336,65.40769,761577,72,-0.6325702008078801
64144354,20260207,1000.0,9.5,1.822783599999998,7.64773723002556,0.013940170000000002,0.0033328178162697186,13.940170000000002,2155,72,-0.19497502841836215
64147740,20260207,395.34744,44.2,9.090574709999999,27.82972673022562,0.639913616235886,0.047910125011195986,252.98820999999998,374432,72,-0.3703681735243073
64149693,20260207,1000.0,10.54,17.888053,4.0528999997931585,0.07249849,0.001783217764801662,72.49849,19056,72,-0.6154743833213322
64150026,20260207,34.930139720558884,9.0,0.8520002499999999,5.433308264874336,0.13252681028571428,0.00021615158204562178,4.62918,4230,72,-0.39629908168062933
64150905,20260207,6.079800000000001,48.47,0.060453279999999894,20.284259183290008,0.20169248988453564,0.1716,1.22625,3003,72,-0.5815089914732823
64154779,20260207,1000.0,57.19,0.1264945299999996,5.794796027938933,0.00073301,0.0199397875146177,0.7330099999999999,80140,72,-0.8986746629141645
64157057,20260207,319.6986600000001,3.0,9.951795829999998,20.23582612023905,0.6299144638266546,0.09315364658402998,201.38281,32315,72,5.745275373413016
64159965,20260207,26.795370000000005,23.65,1.7152680999999992,17.50349114520349,1.1204614827113786,0.05669106881405564,30.02318,7744,72,-0.2598946661647572
64160337,20260207,51.72413793103448,27.5,0.1239159599999997,14.69705758644814,0.03520986666666667,0.005988012965567855,1.8212,9791,72,-0.4655615423109767
64162199,20260207,209.54995,1.0,7.434174840000001,13.057420909406536,0.4632363310036581,0.037026728517782194,97.07115,16762,72,12.057420909406536
64162266,20260207,1000.0,2.09,74.27437595999999,0.8667137107239858,0.06437462,0.14983276683387878,64.37462,2371583,72,-0.5853044446296719
64162417,20260207,74.44531,33.92,2.2298108899999995,13.796174437016948,0.41322764321889455,0.05359177215189873,30.762860000000003,3387,72,-0.593273159286057
64163843,20260207,118.75,1.9,14.027698139999998,0.6696565542149597,0.07910517894736842,0.01556637168141593,9.39374,1759,72,-0.6475491819921264
64163937,20260207,1042.1109400000005,153.91,3.5673118999999938,46.746834780552895,0.16002186868895155,0.030830886931767637,166.76053999999993,34657,72,-0.6962716212036067
64164134,20260207,1000.0,130.83,3.903415790000001,101.09311721567842,0.39460847000000004,0.3094251336898396,394.60847000000007,23145,72,-0.22729406699015203
64164423,20260207,1000.0,1.03,3.5592245899999986,0.901227196792322,0.00320767,0.004614355514192647,3.2076700000000002,7933,72,-0.1250221390365806
64165844,20260207,1000.0,4.75,46.44669738,2.7559875560736797,0.12800651999999998,0.006478899862955437,128.00652,13710,72,-0.4197920934581727
64166008,20260207,1000.0,148.94,0.013172819999999698,26.522794663557843,0.00034938000000000005,0.019819639278557115,0.34938,1978,72,-0.8219229578114822
64166181,20260207,35.08771929824562,61.67,0.0473679299999997,13.973589303986978,0.01886414999999999,0.00880181347150259,0.6618999999999997,1359,72,-0.7734135024487275
64166966,20260207,217.3913043478261,310.89,0.9970065499999987,131.17459459017613,0.601596878,0.007783974475370289,130.78193,30008,72,-0.578067501076985
64166994,20260207,1000.0,12.96,0.00038174,17.786975428301986,6.79e-06,0.004676340873523972,0.00679,3287,72,0.37245180773935066
64167055,20260207,81.25,32.44,3.1723724999999994,17.222387976191325,0.6724409846153846,0.03537253806997573,54.63583,164691,72,-0.46910024734305406
64167205,20260207,1000.0,10.0,0.7703270299999996,7.99997891804472,0.006162599999999999,0.0040760582416907295,6.162599999999999,33173,72,-0.20000210819552802
64167208,20260207,23.184850000000004,11.0,3.0764840899999992,5.404780104031029,0.7171804001319826,0.21431802366040362,16.62772,123190,72,-0.5086563541789973
64168025,20260207,1000.0,3.32,4.545049579999997,1.339050299204878,0.006086050000000001,0.04426579798624083,6.086050000000001,97159,72,-0.5966715966250367
64168581,20260207,760.80663,1.0,160.28754673999998,4.7084945483893925,0.9919906192194984,0.11919402985074627,754.7130399999999,3993,72,3.7084945483893925
64169222,20260207,159.72876999999997,1.0,167.88089781000002,0.9001820455537151,0.9461249216406039,0.0013296604416941607,151.12337000000002,8423,72,-0.09981795444628494
64169441,20260207,1000.0,42.0,1.0633208999999995,37.191528916623405,0.03954653,0.0005336438111554842,39.546530000000004,4423,72,-0.11448740674706179
64169699,20260207,8.33142,3.52,0.0316775799999998,0.44384703629507327,0.0016875874700831312,0.010257781172426962,0.01406,5372,72,-0.873907091961627
64169776,20260207,2.2580645161290325,3.34,0.1861151899999996,0.12830763571742881,0.010575428571428569,0.9768582375478927,0.02388,25496,72,-0.9615845402043626
64170247,20260207,4.545454545454546,2.5,0.048011749999999805,0.0,0.0,0.34698275862068967,0.0,4025,72,-1.0
64170496,20260207,1000.0,28.6,0.64915827,24.26086322523473,0.01574914,0.09464663805436338,15.749139999999999,33079,72,-0.1517180690477368
64170856,20260207,81.9672131147541,8.64,0.8303172599999996,3.7580093180286305,0.038068147999999996,0.04203133159268929,3.1203399999999997,16098,72,-0.5650452178207603
64170903,20260207,348.6739,8.64,6.852928969999999,7.300951201891708,0.14349482424695395,0.002764192916889126,50.0329,7766,72,-0.15498249978105236
64170958,20260207,1000.0,12.96,0.0136183,10.197308034042427,0.00013887,0.05881578947368421,0.13887,1341,72,-0.21317067638561524
64171280,20260207,1000.0,300.0,0.051407669999999406,148.17574887171676,0.007617369999999999,0.0016820996109802202,7.617369999999999,3070,72,-0.5060808370942774
64171740,20260207,164.78868999999997,1.0,266.06601492,0.6179224732983423,0.9976908609444012,0.015017207840790064,164.40817,10036,72,-0.38207752670165773
64172255,20260207,102.14761,1.0,17.230847659999995,8.564760881879913,1.444753235048769,0.0030282466989804448,147.57809,9059,72,7.564760881879913
64172315,20260207,4.587155963302752,41.08,0.0078272599999998,31.71224668658079,0.05411196,0.34642729439809294,0.24822,116261,72,-0.22803683820397294
64172392,20260207,129.05163000000002,1.0,40.188840209999995,2.6813473451066776,0.8350164968857811,0.005158240854911632,107.76023999999998,1255,72,1.6813473451066776
64173658,20260207,31.25,14.4,0.0010938100000000002,11.821065815818102,0.00041376,0.013819354838709677,0.01293,1071,72,-0.1790926516792985
64175878,20260207,1000.0,8.0,1.2714167699999979,2.969553406158081,0.003775539999999999,0.04790181753385602,3.775539999999999,53765,72,-0.6288058242302399
64176266,20260207,1000.0,12.0,0.1550569299999994,4.834804868121682,0.0007496699999999999,0.003950540684275838,0.74967,8914,72,-0.5970995943231932
64176572,20260207,115.27819,57.19,4.017932179999998,19.016809288204573,0.6628161840500794,0.019336417239469654,76.40825000000001,59357,72,-0.6674801663192067
64176703,20260207,26.5748031496063,68.0,0.28773572999999897,45.826634043676286,0.49618279111111113,0.03959524232203089,13.185960000000001,22304,72,-0.32607891112240756
64176991,20260207,7419.014340000004,115.14,69.78420315999998,60.470247117743284,0.5687909224340437,0.039633463579634924,4219.86801,815514,72,-0.4748111245636331
64177035,20260207,237.66124999999988,12.0,24.485487429999996,4.2817244418646245,0.44113253633059685,0.018343952380774225,104.84011000000001,980620,72,-0.6431896298446146
64177389,20260207,7.387790000000001,3.93,4.293720529999998,0.8169255487152075,0.4747901605216174,0.005196279030522918,3.50765,24634,72,-0.7921309036348073
64177756,20260207,2484.690520000001,136.93,37.05894947999999,60.52643859239802,0.9027467251736442,0.042254941277570894,2243.04623,147512,72,-0.5579753261345357
64177878,20260207,1000.0,32.0,0.00361909,45.48380946591546,0.00016461,0.028761904761904763,0.16461,1510,72,0.42136904580985823
64178557,20260207,1000.0,31.31,0.0886122099999985,10.052790693291762,0.0008908000000000001,0.0014999781152886594,0.8908,3427,72,-0.6789271576719335
64178983,20260207,4.433497536945813,3.12,2.1055268100000006,0.5951052221462807,0.2826233666666667,0.17050968399592253,1.2530100000000002,66908,72,-0.809261146747987
64179227,20260207,56.35257,15.02,0.2565519399999994,9.946562867542555,0.045282939180945954,0.00022105791076347823,2.5518099999999997,15383,72,-0.3377787704698698
64179291,20260207,1000.0,12.93,0.060736689999999496,0.0,0.0,0.7002777777777778,0.0,2521,72,-1.0
64179450,20260207,1000.0,30.0,0.0473905999999994,5.531476706351119,0.00026214000000000006,0.01828101644245142,0.26214000000000004,1223,72,-0.8156174431216293
64179691,20260207,1000.0,12.7,0.12804487999999942,0.0,0.0,0.5728481012658228,0.0,9051,72,-1.0
64179851,20260207,1000.0,10.01,0.3255854799999997,5.419129870287833,0.0017643900000000002,0.00380831158913002,1.7643900000000001,5984,72,-0.4586283845866301
64180437,20260207,1000.0,36.3,0.07243698999999988,9.931251974992351,0.0007193900000000001,1.7782352941176471,0.7193900000000001,6046,72,-0.7264117913225248
64180551,20260207,1000.0,86.31,0.0109129999999997,40.275817831944664,0.00043953000000000004,0.36924137931034484,0.43953000000000003,5354,72,-0.5333586162444136
64180824,20260207,1000.0,11.0,0.4633129199999991,6.137903514540466,0.0028437700000000002,0.007061159650516282,2.84377,1778,72,-0.44200877140541217
64180855,20260207,1000.0,82.32,5.140177499999998,5.405344465244636,0.02778443,0.49385368458526163,27.78443,277447,72,-0.9343374093143265
64181008,20260207,1000.0,30.8,0.1026293999999999,14.458040288650244,0.0014838199999999998,0.014566145092460882,1.48382,1024,72,-0.5305831075113558
64182141,20260207,1000.0,30.45,0.22106836999999901,19.310134688196317,0.004268859999999999,0.008311595921271045,4.268859999999999,7010,72,-0.3658412253465905
64182450,20260207,1000.0,30.2,3.893210929999998,20.506184081837056,0.0798349,0.022238188405118747,79.8349,237555,72,-0.3209872820583756
64182863,20260207,43.47826086956522,19.85,0.05433192999999931,12.836466512417445,0.016040889999999995,0.025992456388495993,0.6974299999999999,5513,72,-0.3533266240595746
64183074,20260207,250.0,12.0,3.24779411,9.685964976394395,0.12583208,0.0030683555361432626,31.458020000000005,1405,72,-0.19283625196713375
64183342,20260207,25.0,32.0,0.13441108999999982,16.096811654455024,0.0865436,0.042353834472285495,2.16359,5578,72,-0.4969746357982805
64184353,20260207,0.8375209380234506,3.05,0.0757191399999994,0.5608885679367244,0.05070918,0.872,0.04247,3052,72,-0.816102108873205
64185135,20260207,250.0,28.0,0.7614459199999998,50.63039801959937,0.15420924000000003,0.0095701050935589,38.552310000000006,26135,72,0.8082285006999774
64185273,20260207,1000.0,10.57,0.2491786699999995,2.0164246000670967,0.0005024500000000001,0.003414207103551776,0.5024500000000001,1365,72,-0.8092313528791772
64186013,20260207,82.85864999999998,10.0,0.7175463199999993,6.5986262740501616,0.05714333989269679,0.0001596561869282752,4.73482,1590,72,-0.34013737259498383
64188498,20260207,1000.0,26.98,0.00055345,0.0,0.0,0.020013495276653172,0.0,20762,72,-1.0
64188787,20260207,125.0,1.2,5.286193009999999,1.1586466836177822,0.04899864,0.004547437295528899,6.12483,1668,72,-0.03446109698518145
64189196,20260207,96.95803,32.41,4.22056063,14.630236457472718,0.6368508106033096,0.004811227924801906,61.74780000000001,9290,72,-0.5485888164926652
64190160,20260207,111.11111111111111,2.0,24.95588943,1.1133123537003906,0.2500533,0.008793357157872609,27.783699999999996,4183,72,-0.4433438231498047
64190436,20260207,111.11111111111111,2.0,74.29364426,0.9990722724576709,0.6680224799999999,0.010572762468685949,74.22471999999999,9285,72,-0.5004638637711645
64190638,20260207,105.33542000000004,1.76,53.76335006000001,1.9592421209326698,0.9999999999999996,0.0603807257584771,105.33542,10150,72,0.11320575052992603
64191414,20260207,17.857142857142858,12.0,0.0007293699999999,0.0,0.0,0.09525547445255475,0.0,1305,72,-1.0
64192256,20260207,3.605769230769231,102.0,0.0016613199999999,0.0,0.0,0.010175514159577905,0.0,9450,72,-1.0
64192383,20260207,89.25466,25.49,9.178e-05,0.0,0.0,0.010123743232791957,0.0,1309,72,-1.0
64192413,20260207,1000.0,58.55,0.032132519999999,23.139174891979312,0.00074352,0.022893030794165315,0.74352,11300,72,-0.6047963297697813
64193332,20260207,61.98347107438016,6.9,3.1744756999999995,4.3376296753508,0.22215116000000001,0.01029788838612368,13.7697,2731,72,-0.3713580180651015
64193931,20260207,720.20164,1.8,843.9225962099988,0.7151252409999752,0.8379741401310891,0.005119781749978686,603.5103500000001,54048,72,-0.6027081994444582
64194238,20260207,81.57952999999999,21.79,4.458517339999998,15.61224611049736,0.8532467642311743,0.030068638982773253,69.60747,403900,72,-0.2835132578936503
64196351,20260207,1000.0,10.57,3.1800113399999996,3.4789813045132094,0.011063199999999999,0.0174732695554305,11.063199999999998,3105,72,-0.6708626958833293
64196611,20260207,500.0,1.2,8.82136257,1.7005377435699256,0.030002119999999997,0.016978927830549186,15.001059999999999,31102,72,0.41711478630827137
64197886,20260207,1000.0,14.01,0.038668239999999895,0.0,0.0,0.3793617021276596,0.0,1783,72,-1.0
64198178,20260207,1000.0,8.0,0.1262313699999998,5.840465804973845,0.0007372500000000001,0.010855457227138644,0.7372500000000001,1104,72,-0.2699417743782694
64199262,20260207,461.9958,1900.0,0.0820379699999994,339.63797495233246,0.06031052663249319,0.0009554816132178304,27.86321,3331,72,-0.8212431710777197
64199904,20260207,1000.0,14.08,67.29315,5.938134267752364,0.39959575999999997,0.00487651598676957,399.59576,13269,72,-0.5782575093925878
64200053,20260207,1000.0,114.63,0.2773137199999996,16.58396129841685,0.00459896,0.1807627118644068,4.59896,4266,72,-0.8553261685560773
64200059,20260207,1000.0,114.63,0.0552799799999998,26.932715966974037,0.00148884,0.35518518518518516,1.48884,2877,72,-0.7650465326094912
64200276,20260207,1000.0,16.91,0.0016089999999997998,0.0,0.0,0.09331730769230769,0.0,5823,72,-1.0
64200313,20260207,1000.0,86.47,0.7092845299999994,36.23528910182212,0.025701130000000003,0.01737704918032787,25.701130000000003,3816,72,-0.5809495882754467
64200567,20260207,1000.0,10.57,0.0177245,17.66537843098536,0.00031311,0.0010981110797857344,0.31311,1558,72,0.6712751590336197
64200673,20260207,1000.0,10.57,0.3103161699999992,1.7392261576314292,0.00053971,0.055119438412201405,0.53971,109142,72,-0.8354563710850115
64200712,20260207,1000.0,160.82,0.3984430099999988,56.78746880262768,0.022626570000000002,0.027455131155085136,22.62657,41762,72,-0.6468880188867823
64200779,20260207,1000.0,10.57,0.0643217299999998,0.0,0.0,0.006850906721685308,0.0,6309,72,-1.0
64200992,20260207,1000.0,10.57,0.017003289999999997,0.0,0.0,0.0020105554159336515,0.0,4000,72,-1.0
64201906,20260207,56.696800000000025,11.0,10.726451249999997,3.8076889595708563,0.7203755767521268,0.004238677732838765,40.84299,197235,72,-0.6538464582208312
64201946,20260207,160.0,75.0,0.4564786899999994,29.87920421871176,0.085245125,0.028538131642737274,13.63922,15305,72,-0.6016106104171765
64202035,20260207,1000.0,100.04,0.0396214399999994,48.46694113086322,0.00192033,0.011039464411557435,1.92033,3133,72,-0.515524378939792
64202122,20260207,5.524861878453039,84.77,0.0140492399999998,32.09212740333331,0.08160747,0.0045307125307125305,0.45087,1844,72,-0.6214211701859937
64203094,20260207,137.93103448275863,26.6,0.0356458999999998,10.486760048140233,0.0027101224999999986,0.043790322580645163,0.37380999999999986,3258,72,-0.605760900445856
64203381,20260207,1000.0,46.06,8.86759621,23.37587268196101,0.2072878,0.0031326987681970886,207.2878,7833,72,-0.49249082323141535
64206422,20260207,70.27027027027027,20.7,0.0865666899999999,8.043625094132638,0.009909026923076924,0.014169034090909092,0.6963100000000001,7980,72,-0.6114190775781334
64207947,20260207,43.54540999999999,34.69,0.4057536099999998,16.098858615207398,0.15000823278503983,0.011378368918445922,6.53217,32508,72,-0.5359222076907639
64209682,20260207,91.66666666666669,19.44,0.0688815899999996,11.315214994311315,0.008502654545454541,0.00446067735508965,0.7794099999999998,4702,72,-0.4179416155189653
64210201,20260207,72.20216606498195,3.4,0.9287681399999996,4.886838603227714,0.06286154899999999,0.0002135972554998911,4.53874,1569,72,0.437305471537563
64210247,20260207,72.20216606498195,3.4,10.805448110000002,1.5694453230778593,0.23487605599999997,0.015569399114313187,16.95856,114966,72,-0.5383984343888649
64210997,20260207,1000.0,29.6,14.719852320000005,21.984303440348636,0.32360569999999994,0.02156194202788436,323.60569999999996,567575,72,-0.25728704593416774
64211273,20260207,1000.0,56.52,0.04730716999999959,9.283159402686818,0.00043916,0.09615751789976133,0.43916,4029,72,-0.8357544337811957
64211279,20260207,1000.0,29.6,22.07498266,12.382329092166996,0.2733397,0.04386552680221811,273.3397,227820,72,-0.5816780712105745
64211664,20260207,74.95335,25.49,0.4076202799999996,14.515322937318047,0.07893896670395652,0.01857653528872594,5.916739999999999,20267,72,-0.4305483351385623
64212391,20260207,91.66666666666669,19.44,1.6268780499999997,9.714870761210406,0.17241719999999996,0.03395879732739421,15.80491,36594,72,-0.500263849731975
64212826,20260207,1000.0,79.63,0.0321803499999998,36.03783053944432,0.00115971,0.004777736271946208,1.15971,1279,72,-0.5474340005093015
64213114,20260207,75.75757575757575,30.26,0.0279668399999995,14.767131359853577,0.005451468000000001,0.04774535809018567,0.41299,1800,72,-0.5119916933293597
64213169,20260207,31.25,48.29,0.32624695999999975,20.86312160579214,0.21780896,0.065818345323741,6.8065299999999995,14638,72,-0.5679618636199598
64213358,20260207,1000.0,1.03,0.4438352199999998,0.49869859359065755,0.00022134,0.031101141924959216,0.22133999999999998,3813,72,-0.5158266081644101
64213628,20260207,4.545454545454546,2.5,0.00124408,0.0,0.0,0.2429655172413793,0.0,3523,72,-1.0
64213821,20260207,1000.0,18.5,0.2002999399999995,12.075839862957553,0.00241879,0.0199779638607316,2.41879,9066,72,-0.34725189929959177
64215562,20260207,250.0,1.0,0.1290475899999997,0.7006717444316488,0.00036168,0.009409332545776727,0.09042,3186,72,-0.2993282555683512
64215857,20260207,1000.0,32.86,0.0351784899999996,0.0,0.0,0.15728571428571428,0.0,1101,72,-1.0
64217599,20260207,4.044489383215369,17.6,0.1622412699999998,0.0,0.0,0.014040214594146639,0.0,32190,72,-1.0
64218012,20260207,833.3333333333334,5.0,4.91152224,4.351946088306829,0.025649615999999997,0.0484767492394611,21.374679999999998,22309,72,-0.12961078233863416
64218299,20260207,833.3333333333334,5.0,4.2027202599999995,4.71227414027314,0.023765244,0.0408229587712207,19.804370000000002,25249,72,-0.05754517194537208
64218618,20260207,1000.0,72.88,0.2470997599999992,24.602452062276466,0.0060792599999999995,0.001372697213037317,6.07926,1453,72,-0.6624251912420901
64218716,20260207,1000.0,86.0,0.022980879999999898,0.0,0.0,0.031321695760598504,0.0,1256,72,-1.0
64218859,20260207,833.3333333333334,5.0,3.2512190699999994,3.7780197936646585,0.014739803999999999,0.02911086717892426,12.28317,7956,72,-0.24439604126706832
64219175,20260207,100.0,12.0,0.0515070499999997,0.0,0.0,0.0017197125256673512,0.0,1005,72,-1.0
64220364,20260207,46.8393,21.41,1.4290032399999988,14.2031378459296,0.4333183886181049,0.0033808030823858273,20.29633,8950,72,-0.3366119642256142
64221144,20260207,50.0,2.7,5.916374259999998,1.839430624525772,0.2176552,0.002312607137291569,10.88276,1484,72,-0.31872939832378816
64221740,20260207,1000.0,86.31,4.467350830000002,40.48765518601545,0.18087256,0.04235642657226039,180.87256,2108109,72,-0.5309042383731265
64223277,20260207,320.82551,6.0,74.70335081,4.2342341617915435,0.985929953014023,0.00046424751437107133,316.31147999999996,8811,72,-0.2942943063680761
64223652,20260207,62.5,2.3,6.484282639999999,1.1662091891787125,0.12099248,0.002448359659781288,7.56203,1612,72,-0.492952526444038
64223859,20260207,254.73218000000003,17.2,24.39700391,9.584076834293546,0.9179160638439949,0.11044214655018719,233.82276000000005,61947,72,-0.4427862305643287
64224268,20260207,84.22965000000002,3.0,7.046226269999998,3.588884181546445,0.3002278888728612,0.011300448430493274,25.288090000000004,1008,72,0.19629472718214838
64224566,20260207,35.714285714285715,72.0,0.13725182999999908,33.85193479751804,0.13009472,0.018258385277530424,4.64624,24605,72,-0.5298342389233606
64225909,20260207,140.0,2.18,60.84526391,1.1273534798281395,0.489958,0.006342934293429343,68.59412,7047,72,-0.48286537622562414
64226179,20260207,1000.0,9.0,0.5494174299999994,2.266236802862263,0.00124511,0.013889525647986166,1.24511,138148,72,-0.7481959107930819
64226642,20260207,1000.0,25.05,2.911225099999997,20.00017793196412,0.05822501999999999,0.04301137538779731,58.22501999999999,145572,72,-0.20158970331480558
64227028,20260207,1000.0,8.0,0.0792921999999998,11.766731153884017,0.0009330099999999999,0.003682845498332716,0.9330099999999999,1988,72,0.4708413942355021
64227071,20260207,1000.0,75.77,0.17015411999999952,2.604286043734946,0.00044313,0.6245967741935484,0.44313,7745,72,-0.9656290610566854
64228142,20260207,1000.0,25.88,16.338159759999996,11.14501159707108,0.18208898,0.039788937768770696,182.08898000000002,160994,72,-0.5693581299431576
64228417,20260207,80.0,141.02,0.8062058399999976,41.363617509890645,0.41684487499999995,0.05674527937492413,33.34759,3599302,72,-0.7066826158708648
64228755,20260207,3.289473684210526,39.44,0.026049599999999902,0.0,0.0,0.0024147207575594535,0.0,4488,72,-1.0
64228902,20260207,5.494505494505495,90.0,0.0390298399999999,29.566352308900136,0.21002253999999995,0.011942508710801394,1.15397,2742,72,-0.6714849743455541
64228972,20260207,841.6133500000001,1.0,183.48983352,4.193353850943098,0.9142414387794585,0.011038643820634342,769.4378,30279,72,3.1933538509430983
64229089,20260207,1000.0,3.94,10.034370079999999,4.687016686153558,0.047031260000000005,0.0248616535105941,47.03126,29921,72,0.1895981436937964
64229552,20260207,41.66666666666666,1.4,7.185961429999999,0.5687116525477927,0.09808175999999999,0.02213046080191502,4.086739999999999,3698,72,-0.5937773910372909
64229916,20260207,1000.0,9.5,2.2696690199999994,2.840193853463269,0.0064463,0.04074009668556325,6.4463,351420,72,-0.7010322259512348
64230568,20260207,22.402090000000005,280.0,0.15725149999999888,142.46026270019783,0.9999999999999999,0.006787696210559696,22.40209,4281,72,-0.49121334749929346
64230865,20260207,4.664179104477612,27.0,0.07598885999999959,4.362086758506468,0.071067168,0.0009238814642649622,0.33147,1113,72,-0.8384412311664271
64233051,20260207,1000.0,56.0,0.0003873,0.0,0.0,0.06580461587100854,0.0,20814,72,-1.0
64233843,20260207,223.26955,80.0,4.2798114699999985,30.495995189246045,0.5845719221452276,0.47454545454545455,130.51711,4698,72,-0.6188000601344245
64234222,20260207,1000.0,30.0,2.6940209299999993,17.866490740292804,0.0481327,0.07102099460473844,48.1327,242210,72,-0.40445030865690657
64234606,20260207,1000.0,23.0,0.31791198999999937,10.626966287116149,0.0033784399999999995,0.01890625,3.3784399999999994,12826,72,-0.5379579875166892
64235463,20260207,1000.0,24.0,0.0842020999999997,16.040336286149692,0.00135063,0.017005141388174806,1.35063,1323,72,-0.3316526547437628
64238374,20260207,1000.0,50.18,0.0466440899999994,4.46101531833942,0.0002080799999999999,0.033993786360452014,0.2080799999999999,111605,72,-0.9110997345886923
64238409,20260207,1000.0,50.18,5.557774629999997,17.388929280855,0.09664375000000001,0.022497281185805774,96.64375000000001,111708,72,-0.6534689262484057
64238938,20260207,41.66666666666666,1.51,3.0426265499999996,0.6378469286676015,0.04657752000000002,0.029676172063798936,1.9407300000000003,12280,72,-0.5775848154519195
64239841,20260207,41.66666666666666,1.29,12.535405400000002,0.41321758927716845,0.12431640000000004,0.0015077433055368519,5.17985,2911,72,-0.67967628738204
64240263,20260207,41.66666666666666,1.29,18.52793197,0.7015828869108266,0.31197312000000005,0.017579354494531876,12.99888,13181,72,-0.4561372969683515
64240994,20260207,1000.0,50.18,15.073859659999997,16.101787164973516,0.24271608,0.0081188326057054,242.71608,27151,72,-0.6791194267641787
64241021,20260207,1000.0,64.69,0.10863394999999901,23.93772849095539,0.0026004499999999994,0.0038218298555377206,2.6004499999999995,2381,72,-0.6299624595616726
64241038,20260207,33.76623376623377,29.2,0.0358887899999995,12.741861734541802,0.013542819230769231,0.03404191616766467,0.45729000000000003,1137,72,-0.5636348721047327
64241684,20260207,1000.0,45.34,0.8573661299999993,3.215709022701891,0.00275704,0.8149756097560975,2.75704,33414,72,-0.9290756721944885
64242045,20260207,25.0,1.67,5.946180449999998,0.9144222994443435,0.2174928,0.010450057031122699,5.43732,32066,72,-0.45244173685967454
64242210,20260207,83.33333333333333,10.11,1.8413342199999982,2.6173955535350912,0.05783400000000001,0.6247887323943662,4.819500000000001,13308,72,-0.7411082538540957
64243018,20260207,1000.0,23.0,6.0448736499999995,20.18627965863274,0.12202351000000002,0.0026836494116187206,122.02351000000002,51905,72,-0.12233566701596789
64243086,20260207,1000.0,24.0,12.515210269999994,28.36371761574887,0.35497789,0.08778090282660667,354.97789,187263,72,0.18182156732286966
64243116,20260207,463.68224000000015,15.2,14.17871752,16.137763494987805,0.49346895408372754,0.026415013339057374,228.81279,86142,72,0.06169496677551354
64243513,20260207,2.0408163265306123,14.0,0.0091062599999999,10.682761089624178,0.0476672,0.035682656826568265,0.09728,1934,72,-0.2369456364554159
64243585,20260207,1000.0,30.39,0.026553789999999897,45.76559504311832,0.00121525,0.1452972972972973,1.21525,2688,72,0.5059425812148179
64243604,20260207,1000.0,38.5,0.0999368999999999,15.235413545947509,0.00152258,0.7222222222222222,1.52258,7150,72,-0.6042749728325323
64244911,20260207,1000.0,30.0,6.121857509999996,22.903491264042835,0.14021190999999994,0.03837425644247626,140.21190999999993,757362,72,-0.23655029119857218
64245196,20260207,307.34167,250.0,1.720286059999999,178.65730423927297,1.0,0.01194869511991542,307.34167,21473,72,-0.2853707830429081
64245999,20260207,18.21862,43.2,0.311210269999999,3.5169469182363535,0.06007644925905475,0.0032244586904406304,1.09451,84199,72,-0.9185891917074918
64246040,20260207,1000.0,51.84,0.8383808299999977,19.414983522464418,0.016277149999999997,0.006571656246168935,16.27715,21442,72,-0.6254825709401154
64247345,20260207,1000.0,25.0,0.0607088999999998,6.714995659615004,0.00040766,0.0017018572134736248,0.40766,2410,72,-0.7314001736153998
64247673,20260207,6.11573,14.0,0.1481014399999997,0.0,0.0,0.004583143507972665,0.0,2012,72,-1.0
64248486,20260207,1000.0,24.0,4.042825229999998,14.888192433685793,0.06019036,0.002013274636576284,60.19036,44498,72,-0.3796586485964253
64248889,20260207,53.68735000000001,12.0,7.095059879999999,7.56686355126294,0.9999999999999999,0.0008677494199535963,53.68735,2244,72,-0.369428037394755
64249042,20260207,833.3333333333334,4.88,0.3276775799999993,3.3559512982243156,0.0013196039999999996,0.024519804666304938,1.0996699999999997,4519,72,-0.3123050618392796
64249960,20260207,17.857142857142858,10.8,0.8767438299999986,2.560508466880233,0.12571496,0.008315849163595124,2.24491,23464,72,-0.7629158826962747
64250556,20260207,111.11111111111111,22.0,2.886279929999999,13.171684979287514,0.34215453,0.02944186046511628,38.01717,1899,72,-0.4012870463960221
64251345,20260207,169.62831999999997,1.76,95.44074008000001,1.6484152351304773,0.9274746693240846,0.06575564971751413,157.32596999999998,9311,72,-0.0634004345849561
64251558,20260207,9.98865,11.0,1.0368590099999995,8.441610590816977,0.8762705670936514,0.027351479641029443,8.75276,110634,72,-0.23258085538027487
64251856,20260207,1000.0,14.0,0.6012973099999992,11.061649352796888,0.00665134,0.08878602833414753,6.65134,36349,72,-0.2098821890859366
64252001,20260207,500.0,31.59,2.267827349999999,22.71967484650012,0.10304859999999999,0.003928545703378233,51.5243,5454,72,-0.2807953514878088
64252871,20260207,28.571428571428573,12.78,1.1795572099999987,4.254927151858963,0.17566254999999997,0.005420442189198985,5.018929999999999,2991,72,-0.6670636031409262
64253222,20260207,217.39215,14.0,24.126202079999977,8.728238257382623,0.9686607359097373,0.014431625183016106,210.57924,73926,72,-0.3765544101869555
64253303,20260207,1000.0,23.0,3.345938229999995,18.80376614125363,0.06291624,0.0009206846030900373,62.91624,8295,72,-0.182444950380277
64253514,20260207,16.666666666666668,58.15,0.2790060999999992,10.790767657051259,0.1806414,0.16221223021582734,3.0106900000000003,9019,72,-0.8144321985029879
64254884,20260207,1000.0,163.18,0.0012347400000000002,96.26318091258076,0.00011886,0.09930357142857144,0.11886,5561,72,-0.41007978359737246
64254890,20260207,1000.0,163.18,0.039122879999999804,46.19803041084933,0.0018073999999999998,0.02192022928110819,1.8074,18356,72,-0.716889138308314
64254998,20260207,1000.0,10.57,0.4476094999999991,1.3856497683807003,0.0006202299999999998,0.013634285714285715,0.6202299999999998,1193,72,-0.8689073066811068
64255309,20260207,25.09375,24.0,0.5498827399999997,12.541201056792588,0.27481703611457037,0.0070202808112324495,6.89619,11700,72,-0.47744995596697554
64255540,20260207,1000.0,2.0,73.34858521999999,1.3878901644069095,0.10179977999999999,0.028558703226783822,101.79978,188516,72,-0.30605491779654526
64255680,20260207,606.9564399999999,1.48,329.98200748000005,0.9332794607556459,0.5073929687606576,0.022702315518652788,307.96542999999997,77651,72,-0.3694057697596987
64255726,20260207,1206.6908999999998,2.0,945.9149886999992,1.240916249369504,0.9727439562194429,0.046620131863438594,1173.80128,1746530,72,-0.37954187531524797
64255761,20260207,3419.8565500000004,2.0,2706.637810390003,1.2560370238492091,0.9940876906079581,0.07816762363659209,3399.6372999999994,3919395,72,-0.37198148807539544
64255796,20260207,1000.0,2.0,198.59441599,1.4178653946351583,0.28158015000000014,0.03837529452981706,281.5801500000001,558633,72,-0.29106730268242087
64256201,20260207,1000.0,16.17,0.6501424899999995,5.747047851002637,0.0037364,0.005142237875914386,3.7364,1898,72,-0.6445857853430651
64256247,20260207,43.15131,16.1,2.242744929999999,16.70514533277755,0.8682327373143479,0.014048045894585873,37.465379999999996,3918,72,0.037586666632145944
64256707,20260207,51.54639175257732,14.0,2.1488356899999976,14.493942065900827,0.6042149399999999,0.04547667280540209,31.145099999999996,148163,72,0.03528157613577333
64256969,20260207,1000.0,61.25,0.09872948999999959,10.862711840200983,0.00107247,0.22036157582298974,1.07247,40833,72,-0.8226496026089635
64257309,20260207,1000.0,86.0,0.05459048999999929,16.58493997764101,0.00090538,0.009163414442494565,0.90538,34985,72,-0.8071518607251045
64257560,20260207,1000.0,146.47,0.0033209900000000002,45.25156655093812,0.00015028,0.02130876747141042,0.15028,3354,72,-0.6910523209466913
64257941,20260207,1000.0,49.28,0.5970098999999986,16.712419676792667,0.00997748,0.03401583113456464,9.97748,6446,72,-0.6608681072079411
64258631,20260207,1000.0,35.4,0.0152288999999999,20.43942766713302,0.00031127,0.018446356275303645,0.31127,3645,72,-0.42261503765160957
64259714,20260207,314.20998000000014,2.7,23.736493330000002,2.7676670301156063,0.2090790050653387,0.016973894512519978,65.69471,6372,72,0.025061863005780054
64259874,20260207,283.0188679245283,56.1,1.1502192899999983,35.86409162030317,0.14575554733333335,0.016921585564833478,41.25157,88153,72,-0.36071137931723407
64259903,20260207,1000.0,13.2,0.06668739999999959,0.7598136979399454,5.067e-05,0.07615803814713897,0.05067,2795,72,-0.9424383562166708
64259917,20260207,1000.0,13.2,0.1527454999999998,4.68256020635633,0.0007152399999999999,0.09869791666666666,0.7152399999999999,1895,72,-0.6452605904275508
64260084,20260207,1000.0,35.0,0.00042429,0.0,0.0,0.5790909090909091,0.0,1274,72,-1.0
64260409,20260207,1000.0,96.5,0.1718161399999999,12.445803985585993,0.00213839,0.1501639344262295,2.13839,2748,72,-0.8710279379732021
64260426,20260207,1000.0,131.27,0.010162239999999899,0.0,0.0,0.003095275466959661,0.0,1972,72,-1.0
64260699,20260207,27.77777777777778,35.4,1.2609714499999978,2.2823910882359826,0.10360907999999999,0.13281553398058252,2.87803,35568,72,-0.9355256754735598
64260763,20260207,1000.0,176.43,2.947e-05,0.0,0.0,0.25539772727272725,0.0,17980,72,-1.0
64261065,20260207,1000.0,121.55,0.0688723999999997,45.72397651308817,0.0031491199999999996,0.025153446647780926,3.1491199999999995,21310,72,-0.6238257794069257
64261251,20260207,1000.0,79.04,0.30957017999999936,23.35761151154809,0.00723082,0.01323905723905724,7.23082,1966,72,-0.7044836600259605
64261557,20260207,1236.2189999999996,41.08,3.174246849999999,18.125855586814243,0.046541866772796744,0.0055992032199395575,57.53594,245674,72,-0.5587669039237039
64261838,20260207,1000.0,39.04,3.2300553899999986,32.512925420761924,0.10501855000000002,0.005731046931407942,105.01855000000002,3175,72,-0.16718941032884413
64264364,20260207,171.42857142857142,20.47,1.1300918799999988,16.27196896592162,0.10726811666666666,0.02991536076426716,18.38882,71396,72,-0.2050821218406634
64264474,20260207,1000.0,42.65,0.04366322999999919,14.829411383445795,0.0006475,0.017735655737704917,0.6475,1731,72,-0.6522998503295242
64264541,20260207,283.49287999999984,40.51,0.44214112999999877,14.859757562025543,0.023175573227800304,0.03396036449372332,6.570110000000001,53294,72,-0.6331829779801149
64265070,20260207,10.42728,14.5,1.1695604099999977,4.689582473127669,0.5260000690496467,0.009328241895261845,5.48475,5985,72,-0.6765805190946436
64265671,20260207,363.78365,3.0,3.2387437199999987,20.569083496362605,0.1831252998863473,0.013788504287075261,66.61799,4342,72,5.856361165454202
64265818,20260207,103.28789000000005,3.0,8.711936509999997,11.81935266422184,0.99691696674218,0.023955149831315737,102.96945,12071,72,2.93978422140728
64267444,20260207,72.20216606498195,3.4,0.0052856199999999996,0.0,0.0,0.00017793225086891112,0.0,1372,72,-1.0
64268049,20260207,1000.0,91.46,0.0990382899999995,34.011794832079765,0.0033684699999999997,0.031169045005488474,3.36847,11358,72,-0.6281238264587823
64269101,20260207,1000.0,2.08,48.0407577,0.7118522195997753,0.03419792,0.1394695345023338,34.197919999999996,1547805,72,-0.6577633559616466
64269326,20260207,1000.0,148.86,0.0331592899999998,48.72993360231807,0.0016158499999999998,0.002946601941747573,1.6158499999999998,1214,72,-0.6726458847083295
64270053,20260207,4.464285714285714,66.55,0.0368660799999991,1.7273330931848885,0.01426432,0.9189164086687307,0.06368,29681,72,-0.9740445816200619
64272249,20260207,8.23428,6.0,0.8628780999999992,4.745583414389592,0.4972942382333367,0.006648841354723708,4.09486,2611,72,-0.20906943093506802
64273314,20260207,2.22544,16.41,0.084113379999999,0.19533158696036462,0.007382809691566612,0.021018106995884772,0.01643,51074,72,-0.9880967954320314
64273516,20260207,1.7391304347826086,22.76,0.0370937599999997,15.461630204109927,0.32977975,0.0023010898413236207,0.57353,20375,72,-0.3206665112429734
64273883,20260207,38.46153846153846,1.32,24.234725759999996,0.6362085609175056,0.40087684,0.03642265193370166,15.418339999999999,2637,72,-0.5180238174867382
64273959,20260207,3.27383,2.5,0.2697672899999996,0.05805003267816503,0.004783388263898859,0.017209302325581394,0.01566,4144,72,-0.9767799869287339
64274214,20260207,79.67623999999999,1.6,40.99543987,0.9381767855635404,0.48271567533809334,0.009967385850476669,38.46097,3973,72,-0.41363950902278723
64274224,20260207,20.75117,2.6,11.859701890000004,1.5895610340674418,0.9084654021917801,0.0851236559139785,18.85172,47499,72,-0.38863037151252244
64274496,20260207,1.4749262536873156,4.87,0.6346609699999999,0.19281160459575766,0.08296686,0.06405695862439549,0.12236999999999999,11921,72,-0.9604082947441976
64274858,20260207,1000.0,30.8,0.0925168099999999,50.51319862844391,0.004673320000000001,0.06718918918918919,4.67332,1243,72,0.6400389165079191
64274912,20260207,1000.0,69.46,0.0025896699999999996,0.0,0.0,0.3235,0.0,1941,72,-1.0
64275253,20260207,17.857142857142858,36.0,0.0047236899999999,0.0,0.0,0.006165056698866023,0.0,29358,72,-1.0
64275363,20260207,1659.0334900000007,43.2,67.53984965,24.175472827692328,0.9841921877056258,0.019687783088120452,1632.8078,126053,72,-0.440382573433048
64275616,20260207,1000.0,37.4,0.040250760000000003,30.24588852483779,0.0012174199999999999,0.28833333333333333,1.21742,2249,72,-0.1912864030792035
64275625,20260207,1000.0,37.4,0.0367623399999999,15.191633612006237,0.0005584799999999999,0.2966666666666667,0.5584799999999999,1157,72,-0.5938065879142718
64277034,20260207,21.53507,48.0,0.0150192099999998,0.0,0.0,0.03147454257505813,0.0,93407,72,-1.0
64277064,20260207,1000.0,10.01,0.2871622799999993,3.543153369586014,0.00101746,0.012181562280084447,1.01746,5193,72,-0.6460386244169817
64277259,20260207,6.227130000000001,48.0,0.004693449999999999,0.0,0.0,0.006248699271592092,0.0,18015,72,-1.0
64277308,20260207,1000.0,10.01,0.0255705699999998,3.227538533556375,8.253e-05,0.020093109869646183,0.08252999999999999,1079,72,-0.6775685780662962
64277365,20260207,1000.0,8.4,0.3410022699999993,2.546053432430235,0.0008682099999999999,0.012219224283305227,0.8682099999999999,3623,72,-0.6968984009011626
64277430,20260207,11.11111111111111,29.66,0.2584786599999994,13.298660709553381,0.30936779999999997,0.007286840363439437,3.4374199999999995,12110,72,-0.5516297805275326
64277460,20260207,376.40849,52.58,3.022726399999999,19.713292608950656,0.15830644521328416,0.005504574565416286,59.58789000000001,12033,72,-0.625080018848409
64277798,20260207,10.81081081081081,46.93,0.006884909999999999,1.2621806240023472,0.000803825,0.011672683513838749,0.00869,1940,72,-0.9731050367781302
64277822,20260207,4.587155963302752,41.08,0.0077407199999999995,0.0,0.0,0.5681818181818182,0.0,1250,72,-1.0
64278016,20260207,1000.0,8.39,0.0772066999999996,2.689921988635715,0.00020768,0.016954261954261956,0.20768,1631,72,-0.6793895126775071
64278103,20260207,34.95034,1.0,8.63609402,0.4151228543479891,0.1025752539174154,0.004391463821273758,3.58504,1317,72,-0.5848771456520109
64278221,20260207,131.12874,1.0,29.110290070000005,3.399350187237759,0.7546482182319452,0.03133798004646713,98.95607,22930,72,2.399350187237759
64278923,20260207,285.51958,1.0,41.16057128000001,4.540073040502268,0.6544980207662114,0.006094602789569436,186.87199999999999,14070,72,3.540073040502268
64279071,20260207,908.5176,1.0,363.02720205,2.3590500248024044,0.94263372553267,0.03479684657368102,856.3993300000001,34428,72,1.3590500248024044
64279494,20260207,2330.69918,1.0,45.67883813999999,10.02593867638158,0.1964960703337099,0.0148943715104874,457.97322999999994,19741,72,9.02593867638158
64279763,20260207,367.6441400000002,3.0,100.87297744000001,3.445501152245952,0.945365156643051,0.0223610615256456,347.55796,18790,72,0.148500384081984
64280314,20260207,148.10778000000005,1.0,8.279366869999999,2.70656686095129,0.1512996818938208,0.004259509036957108,22.40866,1579,72,1.7065668609512898
64280330,20260207,818.6775700000001,1.0,26.509144259999996,3.460084908829117,0.11203909006570192,0.002494794624266515,91.72389,1318,72,2.460084908829117
64281525,20260207,22.689660000000003,3.15,3.3950834399999987,1.4608683667580202,0.21859164042123144,0.05252293577981652,4.959769999999999,3435,72,-0.5362322645212634
64282585,20260207,1000.0,75.77,0.9813882999999991,13.241506954994279,0.012995060000000001,0.46781165311653117,12.99506,69049,72,-0.8252407687080074
64282626,20260207,24.252223120452708,2.1,11.260596589999999,1.0874530405320206,0.5049174230000001,0.0002377585811319144,12.245370000000001,4456,72,-0.48216521879427593
64282700,20260207,1000.0,75.77,1.0443456899999999,41.684396667544064,0.04353292,0.04410687022900763,43.532920000000004,5778,72,-0.44985618757365625
64283544,20260207,43.87046,90.0,0.38279185999999876,111.76436719422439,0.9752003968045923,0.05808040901696491,42.782489999999996,24992,72,0.2418263021580488
64284543,20260207,50.53480999999999,39.0,1.0065213999999978,35.35973502401447,0.7042735492623798,0.04059832178037213,35.59033,22256,72,-0.09334012758937259
64284846,20260207,48.1084,20.0,0.7217396999999988,13.20391548365708,0.19808993855542895,0.0561345349211458,9.529789999999998,17441,72,-0.33980422581714603
64284892,20260207,39.037420000000026,39.0,0.3397447199999992,42.37252016749527,0.36877027221573533,0.05185508829419261,14.39584,56968,72,0.08647487608962223
64284934,20260207,1000.0,28.6,0.1691272599999999,11.384149426887191,0.0019253699999999998,0.16895496535796767,1.9253699999999998,29263,72,-0.6019528172417066
64285482,20260207,1000.0,15.05,0.3025239099999994,4.0481758945929345,0.00122467,0.005589723627870767,1.22467,2872,72,-0.7310182129838583
64285951,20260207,64.51612903225806,9.5,0.2308861099999996,2.757593343315459,0.009868694999999997,0.018027020731423246,0.6366899999999998,7739,72,-0.7097270164931095
64286119,20260207,1000.0,86.31,0.5850025299999988,20.02481937984101,0.011714569999999999,0.03876979176662508,11.714569999999998,161608,72,-0.7679895796565751
64287339,20260207,31.51393999999999,9.5,3.4181501899999986,8.02072421516388,0.8699654819422773,0.00018701072774717308,27.416040000000002,1032,72,-0.15571324050906535
64287527,20260207,500.0,14.85,12.79967503,13.407891184562363,0.34323329999999996,0.020606252898250067,171.61665,84430,72,-0.0971117047432752
64287886,20260207,31.746031746031747,2.66,18.354473369999997,1.2150552919950108,0.7025035499999999,0.0076055109870945235,22.301699999999997,4361,72,-0.5432122962424771
64287936,20260207,83.33333333333333,2.1,10.671996870000001,0.578496234135421,0.07408452,0.000713469760762427,6.17371,2186,72,-0.7245256027926567
64288087,20260207,1712.0154800000005,942.48,2.094577309999999,567.8516874605122,0.6947421176355248,0.08652,1189.40926,118965,72,-0.3974920555762328
64288096,20260207,63.048920000000045,2.59,30.43196622,0.9891733508897146,0.4774465605437806,0.004192389067617309,30.10249,14465,72,-0.6180797873012684
64288123,20260207,1000.0,96.08,0.0197546899999999,0.0,0.0,0.13279352226720648,0.0,3280,72,-1.0
64288346,20260207,1000.0,96.08,0.0739912399999992,34.341632874378476,0.0025409800000000004,0.013404592683791296,2.5409800000000002,71858,72,-0.6425725137970599
64288373,20260207,93.75,72.0,0.10889775999999961,35.616159597773304,0.04137087999999999,0.03192897497982244,3.8785199999999995,7912,30,-0.505331116697593
64288469,20260207,1000.0,48.4,0.0222398099999995,11.540566218866338,0.00025666,0.10284900284900285,0.25666,36100,72,-0.7615585491969765
64288538,20260207,1000.0,81.44,0.103964159999999,24.59693802171849,0.0025572,0.15079934606780243,2.5572,1402072,72,-0.6979747295957947
64288593,20260207,6.666666666666667,42.48,0.0149318499999999,11.833764737792114,0.026504999999999997,0.04090425531914894,0.1767,1538,72,-0.7214273837619558
64288685,20260207,1000.0,48.4,0.0020412599999999,5.839530486072614,1.192e-05,0.0071197982345523325,0.01192,8469,72,-0.8793485436761858
64289306,20260207,1875.4841000000013,48.47,33.886855819999965,39.37990107693624,0.7115288420733608,0.014373577079999098,1334.46103,127531,72,-0.18754072463510948
64290009,20260207,1000.0,81.44,0.22693637999999983,73.24299435815453,0.0166215,0.009110929853181076,16.6215,3351,72,-0.10065085513071544
64290316,20260207,29.29814,46.01,2.8079208299999987,10.03276150061539,0.9615354421816538,0.3561404993652137,28.1712,168312,72,-0.7819438926186615
64290705,20260207,1000.0,80.0,0.010007419999999899,60.744927263970744,0.0006079,0.007677714285714286,0.6079,10077,72,-0.2406884092003657
64290708,20260207,1000.0,80.0,0.0028080099999999,21.381690236146643,6.0039999999999994e-05,0.013032795006440107,0.060039999999999996,13154,72,-0.7327288720481671
64291686,20260207,149.58566000000005,14.0,0.3031502899999988,1.991487456601154,0.00403594836563879,0.001978043520878259,0.6037199999999999,2018,72,-0.8577508959570604
64292377,20260207,500.0,14.85,6.535399799999999,11.858767997636505,0.15500358,0.0449921302578019,77.50179,82898,72,-0.2014297644689222
64293134,20260207,37.5,7.5,0.42062227999999935,2.63264703904891,0.029529333333333328,0.010632365056055016,1.1073499999999998,59369,72,-0.6489803947934786
64294249,20260207,1000.0,16.12,0.0075479599999997,8.69241490415988,6.561e-05,0.04617429193899782,0.06561,10597,72,-0.46076830619355585
64294584,20260207,1000.0,16.12,0.010801759999999801,16.105708699323372,0.00017397000000000002,0.018845780795344325,0.17397,1943,72,-0.0008865571139347728
64295073,20260207,1000.0,46.11,0.5205999499999986,8.156877464164204,0.00424647,0.010845016471309277,4.2464699999999995,42468,72,-0.8230995995626935
64295359,20260207,1000.0,16.12,0.0141792999999997,8.638649298625644,0.00012249,0.03294102885821832,0.12249,13127,72,-0.4641036415244638
64296593,20260207,1000.0,150.25,0.0549204399999998,31.35608527535479,0.00172209,0.02329093147312269,1.72209,11352,72,-0.791307252743063
64296663,20260207,1000.0,142.02,0.00066519,37.50808039808175,2.495e-05,0.029883527454242928,0.02495,5388,72,-0.7358957865224494
64297425,20260207,16.129032258064516,30.0,0.06589823999999969,0.5097252976710783,0.00208258,0.01651117902525334,0.03359,20530,72,-0.9830091567442973
64297686,20260207,72.98465,13.5,7.2654793999999985,5.7479813376113915,0.5722003188341658,0.011315708101422387,41.76184,7319,72,-0.5742236046213784
64297824,20260207,1000.0,33.0,0.00205724,14.995819641850245,3.085e-05,0.006382474837181764,0.03085,1078,72,-0.545581222974235
64297828,20260207,1000.0,33.0,3.462e-05,0.0,0.0,0.007981220657276996,0.0,1020,72,-1.0
64297900,20260207,1000.0,33.75,0.0617128899999995,38.60765554813621,0.00238259,0.03144,2.38259,11004,72,0.14393053475959133
64298103,20260207,1000.0,142.02,0.0007886299999999,0.0,0.0,0.012696467195385724,0.0,1761,72,-1.0
64298522,20260207,1000.0,18.66,0.3327590199999992,16.21981576938174,0.00539729,0.026962502355379687,5.39729,28618,72,-0.13077085908993896
64298582,20260207,300.0,1.65,53.73150039,0.9656210904852419,0.17294756666666666,0.010524984187223276,51.88427,6656,72,-0.4147750966756109
64300236,20260207,1000.0,69.46,0.0026122100000000002,22.080919987290454,5.7680000000000003e-05,0.01765734265734266,0.05768,8585,72,-0.6821059604478771
64300269,20260207,3.38267,15.0,0.0333015799999996,101.57686211885564,1.0,0.006665939341042985,3.38267,3055,72,5.7717908079237095
64300626,20260207,124.2748,33.41,3.2618417499999994,37.82700678228796,0.992845774042686,0.05384683981718872,123.38571,96612,72,0.13220612937108542
64301193,20260207,1000.0,3.42,9.928241279999998,1.860995263805676,0.01847641,0.030119674234687196,18.476409999999998,115018,72,-0.4558493380685158
64302336,20260207,336.33232000000004,1.51,504.9833824899996,0.6660265103013773,1.0,0.010646111065674327,336.33232000000004,26034,72,-0.5589228408600151
64303588,20260207,1000.0,31.0,0.016442449999999803,20.38017448737894,0.00033509999999999985,0.014492753623188406,0.33509999999999984,1900,72,-0.3425750165361632
64305805,20260207,1000.0,182.33,0.00023547,97.12489913789443,2.2870000000000003e-05,0.0010689572894297303,0.02287,2240,72,-0.46731256985743197
64306710,20260207,1000.0,121.55,0.0146294599999999,29.9888034144803,0.00043872,0.003601211946328091,0.43872,2496,72,-0.7532801035419144
64308626,20260207,1000.0,56.21,0.027933749999999702,4.5801226115362725,0.00012794,0.008352872215709262,0.12794,1425,72,-0.9185176550162556
64310320,20260207,10.869565217391305,50.4,0.07476015999999999,0.8957979758202765,0.00616124,0.041359223300970874,0.06697,2982,72,-0.9822262306384865
64310659,20260207,11.363636363636363,36.0,0.44079624999999767,5.492061241446614,0.21303743999999997,0.03378023327194598,2.4208799999999995,55028,72,-0.8474427432931496
64312120,20260207,22.371364653243848,20.0,0.0240902799999997,7.66035097973134,0.008248938,0.02417004048582996,0.18454,1194,72,-0.616982451013433
64312289,20260207,16.666666666666668,7.15,0.03751136,0.0,0.0,0.006325254104769351,0.0,2427,72,-1.0
64312520,20260207,500.0,1.87,14.819218549999997,0.8621905370307129,0.02555398,0.0003892529046203729,12.77699,2305,72,-0.5389355416948061
64313364,20260207,28.82184,14.0,0.8467107599999993,6.343606640832111,0.18635867800251474,0.006105843439911797,5.3712,2769,72,-0.5468852399405635
64313400,20260207,500.0,1.05,21.488906529999998,0.4705595413095223,0.020223619999999998,0.0035810064678971445,10.111809999999998,2270,72,-0.5518480558956931
64313710,20260207,3.56287,14.0,0.10209126999999911,0.2856267729846073,0.008184413127619024,0.07128318584070796,0.02916,6444,72,-0.9795980876439566
64313873,20260207,37.76841,14.5,0.058672329999999696,2.781208791264994,0.00432054195556551,0.03540345821325649,0.16318,2457,72,-0.8081924971541383
64315646,20260207,1000.0,8.39,5.908616819999999,2.321692270442408,0.01371799,0.0016883198393271826,13.717989999999999,5380,72,-0.7232786328435746
64316387,20260207,1000.0,79.04,0.7306345299999994,6.388488099515367,0.00466765,0.022097441685477802,4.66765,11747,72,-0.9191739865952002
64316397,20260207,8.95743,14.5,0.2817284699999998,21.47298070372513,0.6753667067451267,0.008460365853658537,6.04955,1110,72,0.4808952209465608
64319351,20260207,6.45712,1.3,3.6792115499999998,1.5482773748087413,0.8821951582129495,0.005968712394705174,5.69644,2480,72,0.19098259600672401
64319847,20260207,10000.0,268.0,40.71449001999993,65.25707969557921,0.26569087199999997,0.22335635790057548,2656.9087199999994,2577175,72,-0.7565034339717194
64321572,20260207,4933.305690000001,1.0,4041.43899848,0.7567647541260137,0.6199531880214785,0.10128640090472152,3058.41859,107475,72,-0.24323524587398626
64321933,20260207,50.13335000000003,26.93,1.425379699999999,33.43966523446351,0.950748753075547,0.04123001913225946,47.66422,66805,72,0.24172540788947314
64322228,20260207,70.37037037037037,27.0,1.58311936,12.335380700543007,0.27750855789473683,0.0852588584765542,19.52838,80365,72,-0.5431340481280368
64322287,20260207,72.20216606498195,3.4,22.97907131,1.7013389911448082,0.5414683815,0.0036958201440642057,39.09519,29656,72,-0.4996061790750564
64324670,20260207,1000.0,8.39,4.789910639999999,2.115461176954233,0.01013287,0.0012384052473139334,10.13287,5060,72,-0.7478592160960391
64325123,20260207,146.2962962962963,27.0,0.00340678,19.85746071070043,0.0004624177215189873,0.06741935483870967,0.06765,1045,72,-0.2645384921962804
64325724,20260207,1000.0,67.37,0.04887855,38.91686639640497,0.0019022000000000002,0.816046511627907,1.9022000000000001,3509,72,-0.42234130330406755
64325857,20260207,1000.0,58.15,0.4888900399999988,9.944240222198045,0.0048616399999999995,0.03378863826232247,4.8616399999999995,32356,72,-0.8289898500051927
64326105,20260207,27.51538,48.47,2.9213346499999995,8.051806046938172,0.8548680774170664,0.09831741663968922,23.52202,121481,72,-0.8338806262236813
64326658,20260207,1000.0,76.48,0.09384180999999919,2.29631120712614,0.00021549,0.020373333333333334,0.21549000000000001,3056,72,-0.9699750103670746
64327104,20260207,4.464285714285714,66.55,0.39735206999999895,0.05284985680331313,0.004704,0.7534057971014493,0.021,41588,72,-0.9992058624071627
64328400,20260207,1000.0,300.0,1.0646864999999983,289.89371988843715,0.30864593,0.007311880383552739,308.64593,8998,72,-0.033687600371876174
64329429,20260207,29.27974,2.6,9.278404769999998,2.9739972208606296,0.9424246936618974,0.1421510724277277,27.593950000000003,45730,72,0.14384508494639595
64329733,20260207,9.54238,30.63,0.07121741000000001,6.223759049928942,0.046449627870615094,0.02669586983729662,0.44324,2133,72,-0.7968083888367959
64329848,20260207,3.886010362694301,2.17,0.1599893299999996,2.891755343934506,0.11905526666666666,0.03297569153394803,0.46265,7868,72,0.3326061492785743
64330332,20260207,2.2222222222222223,39.44,0.0206249999999999,0.0,0.0,0.7767543859649123,0.0,8855,72,-1.0
64330383,20260207,3.83043,48.47,0.20456177999999892,14.937003383525585,0.7977015635320317,0.36259305654974944,3.05554,405234,72,-0.6918299281302747
64331321,20260207,1000.0,46.01,0.0516835,1.4453355519653275,7.47e-05,0.03625,0.0747,1305,72,-0.9685864909375065
64331689,20260207,16.34884,2.54,5.623942929999998,1.6838079827385455,0.5792239694070039,0.38245594087549745,9.469640000000002,67274,72,-0.3370834713627774
64331738,20260207,9.726480000000002,39.44,1.047348069999999,9.28676939271966,0.9999999999999998,0.008144171779141104,9.72648,1593,72,-0.7645342446064994
64332826,20260207,1000.0,55.94,0.4100570199999973,10.292446645590967,0.0042204899999999995,0.01457131704973653,4.22049,97061,72,-0.8160091768753849
64332866,20260207,128.2051282051282,23.0,2.8191928399999986,16.53453404769573,0.36358951199999995,0.007353195484078164,46.614039999999996,29765,72,-0.281107215317577
64333168,20260207,1000.0,11.98,0.4383652399999971,0.9315747754087498,0.00040837,0.001033774227283826,0.40837,22439,72,-0.922239167328151
64333572,20260207,45.45454545454545,1.87,1.1935525299999994,1.2449473003086013,0.03269002,0.092767376802238,1.48591,43109,72,-0.33425278058363567
64333829,20260207,1000.0,32.4,0.1015229899999997,13.938714767955553,0.0014150999999999999,0.09571428571428571,1.4150999999999998,1273,72,-0.5697927540754459
64333955,20260207,1000.0,3.52,5.891019679999999,2.1134218991439533,0.012450210000000001,0.01920642326684552,12.450210000000002,49397,72,-0.3995960513795587
64334266,20260207,3.18025,48.0,0.014133299999999701,14.89673324701269,0.06620234258313026,0.011930835734870316,0.21054,1242,72,-0.6896513906872356
64334450,20260207,1000.0,17.05,0.16154832999999869,8.248058026969456,0.0013324599999999997,0.026720905553590378,1.3324599999999998,15108,72,-0.5162429309695333
64334757,20260207,1000.0,9.5,0.01185847,0.0,0.0,0.0010162025004184984,0.0,11534,72,-1.0
64335030,20260207,23.05754,41.08,1.5679240899999989,13.845581006412125,0.9415063358883905,0.13417878028404345,21.70882,80306,72,-0.6629605402528694
64335100,20260207,1000.0,9.0,0.10060932999999989,4.072584520739781,0.00040974,0.0017954371627999918,0.40974,26057,72,-0.547490608806691
64335156,20260207,294.11764705882354,2.39,4.105828419999999,0.6907448899191946,0.009642672,0.0027916865535644554,2.83608,6434,72,-0.71098540170745
64335303,20260207,1000.0,5.55,0.0630221699999996,0.2705397164204296,1.7049999999999998e-05,0.03489878542510121,0.01705,4310,72,-0.9512541051494721
64337049,20260207,377.0536200000001,1.68,643.2280633900001,0.5572734313096401,0.950670915187076,0.01457971596326592,358.45391000000006,29053,72,-0.6682896242204522
64337173,20260207,1000.0,50.0,0.0091939599999998,21.06274119095626,0.00019365,0.09911447084233262,0.19365,4589,72,-0.5787451761808748
64337334,20260207,10.416666666666666,41.08,0.0392302699999997,4.800884623022005,0.018080640000000002,0.44896341463414635,0.18834,7363,72,-0.8831332857102725
64337357,20260207,53.10449999999998,41.77,8.366232929999999,3.2647465386790278,0.5143373913698464,0.05297230423168846,27.313629999999996,188396,72,-0.9218399200699299
64337490,20260207,40.0,93.96,0.032838479999999406,12.221333021504261,0.010033249999999999,0.13544316996871741,0.40132999999999996,12989,72,-0.8699304701840755
64337926,20260207,182.01762,1.0,58.044686819999995,2.293833204973437,0.7314941817171328,0.00877097043284827,133.14483,9463,72,1.2938332049734371
64339571,20260207,192.88928000000004,1.0,22.06659899,8.037718004499794,0.9195176631899914,0.025937414965986394,177.36509999999998,28596,72,7.037718004499794
64340004,20260207,1000.0,46.01,0.0509443099999997,16.1197590074339,0.00082121,0.2756657223796034,0.82121,9731,72,-0.6496466201383634
64340433,20260207,6.666666666666667,42.48,0.0154323599999996,0.0,0.0,0.006948640483383686,0.0,1610,72,-1.0
64340578,20260207,170.38144000000003,1.0,62.611087510000004,2.638711873094568,0.9696632450107241,0.016979822879576372,165.21262000000002,18598,72,1.638711873094568
64340747,20260207,166.66666666666666,3.51,123.33174859,0.5481618542906285,0.40563456000000003,0.12690245796490943,67.60576,8121770,72,-0.8438285315411315
64340988,20260207,299.78013000000004,3.51,103.91702236,0.8185853296037418,0.28375779942453155,0.1213,85.06495000000001,66715,72,-0.7667848063807003
64341120,20260207,465.08062,1.0,6.480922269999999,71.76148711933249,0.9999999999999999,0.009272596326971552,465.08061999999995,2575,72,70.76148711933249
64341465,20260207,4.30407,13.0,0.716388269999999,6.008012945270595,1.0,0.009977220956719818,4.30407,1314,72,-0.5378451580561081
64343041,20260207,1000.0,8.01,0.38945017999999954,10.776628733359438,0.00419696,0.01154949381327334,4.19696,8214,72,0.3453968456129136
64343632,20260207,1016.6666666666666,1.8,36.63088083999999,0.6298278793996921,0.02269293442622951,0.005900589721988206,23.071150000000003,3502,72,-0.6500956225557266
64344108,20260207,51.07379,1.26,53.05406530999997,0.9595707643237722,0.9967760371807143,0.009559010152284265,50.90913,9039,72,-0.23843590133033954
64345690,20260207,1000.0,10.57,1.6606583499999985,2.7788798340128205,0.00461477,0.003711254765456655,4.61477,2239,72,-0.7370974613043689
64347079,20260207,45.45454545454545,16.0,0.5146366499999981,3.5692366643533964,0.040410919999999996,0.022186322024771138,1.8368599999999997,24720,72,-0.7769227084779127
64347573,20260207,1000.0,29.98,0.0034014999999999003,13.305894458327598,4.5260000000000004e-05,0.008161911081619112,0.04526,1230,72,-0.5561743009230288
64348023,20260207,83.33333333333333,2.0,3.6624313799999992,1.3603504019780435,0.05978628,0.053611670020120725,4.982189999999999,5329,72,-0.31982479901097827
64349849,20260207,82.42704000000005,2.5,55.3961432,1.3588158967716728,0.9132095487111992,0.013948253557567918,75.27316,5391,72,-0.4564736412913309
64350561,20260207,1000.0,1.0,150.19925780000005,0.5822726508838978,0.08745692,0.0637802366610736,87.45692,2474552,72,-0.4177273491161022
64354510,20260207,1000.0,4.75,0.7790191499999997,0.8858447189648679,0.00069009,0.0030544565976262507,0.69009,2625,72,-0.8135063749547647
64354560,20260207,1000.0,10.0,2.4120214999999985,5.05597897862851,0.012195129999999998,0.001261534069033539,12.195129999999999,29162,72,-0.49440210213714897
64354939,20260207,475.21125,850.0,0.9187315999999973,515.0582716432104,0.9957683240874452,0.056588018433179725,473.20030999999994,30699,72,-0.39404909218445827
64355215,20260207,1000.0,75.47,0.0034155599999999,42.1804916324129,0.00014407,0.4702898550724638,0.14407,6490,72,-0.44109591052851593
64355482,20260207,71.01867,52.0,1.769471429999998,25.128085848778046,0.626080860145649,0.031197839261510298,44.46343,5344558,72,-0.5167675798311915
64355555,20260207,26.31578947368421,3.26,1.0140940999999992,1.1852055938398622,0.04567258,0.028817204301075268,1.2019099999999998,1608,72,-0.6364400018896127
64355932,20260207,1000.0,59.08,0.5550062099999994,5.675954508689197,0.00315019,0.1356061776061776,3.1501900000000003,17561,72,-0.9039276488035004
64356924,20260207,289.6551724137931,1.4,93.63447074000001,0.6825761868988377,0.22065085000000004,0.006604618830617131,63.91266,8551,72,-0.5124455807865445
64359341,20260207,1000.0,65.73,0.0042773199999998,0.0,0.0,0.04992053224912216,0.0,27012,72,-1.0
64364407,20260207,62.5,2.0,4.538046429999998,0.8006550959858737,0.058134559999999995,0.002587965854674162,3.6334099999999996,1243,72,-0.5996724520070631
64365263,20260207,41.66666666666666,2.8,7.127283669999999,0.5786566370803649,0.09898200000000003,0.032438356164383564,4.12425,2368,72,-0.7933369153284411
