ad_id,period,budget_real,target_CPA_real,conversion_real,conversion_model,CPA_real,CPA_model,spend_real,spend_model,total_win_real,total_win_model,win_rate_real,win_rate_model,budget_used_real,budget_used_model,CPA_violation_real,CPA_violation_model
39801836,20260207,10.45719,1.15,3.74633019,0.0,1.0395319692843197,0.0,3.89443,0.0,1189,0,0.020152542372881357,0.0,0.37241649047210573,0.0,-0.09605915714406978,-1.0
40094971,20260207,12.32876712328767,1.53,5.453421629999999,0.0,1.5977326880555174,0.0,8.71311,0.0,1266,0,0.00809462915601023,0.0,0.7067300333333334,0.0,0.0442697307552401,-1.0
43248022,20260207,6.674759999999999,1.18,7.7514149399999965,0.0,0.7036341161217725,0.0,5.45416,0.0,1234,0,0.0017424456368257553,0.0,0.8171320017498758,0.0,-0.4036999015917182,-1.0
46398308,20260207,19.791010000000004,1.49,24.211410569999995,0.0,0.5822147354547961,0.0,14.09624,0.0,17809,0,0.028636436726161764,0.0,0.7122547055455986,0.0,-0.6092518553994657,-1.0
46573939,20260207,432.71963,80.19,3.0510733199999986,0.0,28.255768039032258,0.0,86.21042,0.0,78283,0,0.016314056475982077,0.0,0.19922927924485423,0.0,-0.647639755093749,-1.0
48623756,20260207,146.44096,1.33,36.671605389999996,76.70369303163434,0.8267388263363945,1.9091774600154403,30.317839999999997,146.44096374511716,3881,52,0.010991220617388841,0.0304093567251461,0.20703114756964172,0.9999999999999998,-0.3783918598974478,0.4354717281290806
49311445,20260207,431.8523599999999,1.8,279.38898144000007,127.45367248462016,1.1955223798678374,3.388308427290191,334.01577999999995,431.8523559570309,25292,189,0.001249592395332062,0.0195814338997099,0.7734490092864145,0.9999999999999992,-0.3358209000734237,0.8823936205831742
49847522,20260207,937.1593,1.84,756.1369726700001,323.6808284976726,1.1993375443575636,2.8953191426635025,906.86346,937.1593017578128,43366,206,0.005254064794397732,0.039757243947661,0.9676726891575423,1.0000000000000004,-0.34818611719697634,0.5735429837721951
49902302,20260207,13.933519999999998,5.21,2.9056562999999986,0.0,2.7783705870511954,0.0,8.07299,0.0,89933,0,0.013377313024335098,0.0,0.5793934339635642,0.0,-0.46672349576752487,-1.0
49990380,20260207,24.52830188679245,1.48,8.081450539999999,0.0,0.6440873422706117,0.0,5.205159999999999,0.0,2063,0,0.0027495668399306946,0.0,0.21221036923076925,0.0,-0.5648058498171542,-1.0
50103278,20260207,969.91004,1.21,753.3561821700011,637.3001072539123,0.6609873148789418,1.521904706460926,497.95888,969.9100341796868,38515,349,0.008279768686716683,0.0113484863265372,0.513407284659101,0.9999999999999992,-0.45372949183558525,0.2577724450253841
50250900,20260207,29.41176470588235,1.1,1.5846344299999995,0.0,1.1556040720382432,0.0,1.83121,0.0,5488,0,0.020882800608828005,0.0,0.062261140000000006,0.0,0.05054915639840284,-1.0
51094622,20260207,377.10074,304.69,3.0487181499999987,0.0,143.902347942528,0.0,438.71770000000004,0.0,20559,0,0.02253535021374548,0.0,1.1633965502162633,0.0,-0.5277089896533264,-1.0
51225207,20260207,105.26315789473684,2.7,4.752202259999999,0.0,3.2378546110114437,0.0,15.38694,0.0,73031,0,0.024762986572629864,0.0,0.14617593,0.0,0.1992054114857198,-1.0
51225953,20260207,54.45402,1.07,16.520339259999997,0.0,0.5183937124545469,0.0,8.56404,0.0,1187,0,0.0007935552881401257,0.0,0.1572710334333443,0.0,-0.5155198949022927,-1.0
51316356,20260207,1083.6785099999995,6.0,160.74719046,104.73734422105017,3.742855152107397,10.346629127459275,601.65345,1083.678466796875,22279,170,0.005450919945194754,0.0379125780553077,0.5551955164267309,1.0,-0.37619080798210053,0.7244381879098792
51711872,20260207,117.17214,1.34,105.96849434999996,56.26535515533702,0.566520930284408,2.08249178598142,60.033370000000005,117.17214202880844,45749,218,0.02908206725573708,0.0418348690946321,0.5123519123231854,0.9999999999999988,-0.5772231863549194,0.5540983090356657
51815043,20260207,131.59317,7.1,23.005162579999997,8.783338160637571,4.60826780212218,14.98213467103136,106.01395,131.59317016601562,898324,30,0.04486819103559192,0.0030470539666684,0.8056189390376416,1.0,-0.3509481968842,1.110159841165054
51865028,20260207,10.87915,6.1,1.495436169999999,0.0,4.134726793454517,0.0,6.1832199999999995,0.0,2826,0,0.00098258057786586,0.0,0.5683550645041202,0.0,-0.3221759354992595,-1.0
51867779,20260207,240.31079,6.1,60.62360383999997,30.026951963750484,3.105365865362584,8.00316939603349,188.25847,240.31079101562497,9295,43,0.005096781268849043,0.0200279459711224,0.7833958267125666,1.0,-0.4909236286290845,0.3119950034680465
51981983,20260207,9.803921568627452,7.0,1.8845103699999983,0.0,1.7240287194599002,0.0,3.24895,0.0,3036,0,0.028914285714285715,0.0,0.33139289999999993,0.0,-0.7537101829342999,-1.0
52099940,20260207,736.6481200000002,5.0,182.11165715999994,80.2032292896186,2.6855808553227716,9.184768863599867,489.07558,736.6481323242188,527210,788,0.017040194963024256,0.0163675639747424,0.6639202174302703,1.0,-0.46288382893544566,0.8369537727199734
52158782,20260207,402.12405,1.34,294.7058680499997,144.65496413135617,0.8504043766019618,2.779884213375761,250.61916000000002,402.1240539550782,131160,267,0.02709133721650762,0.0394421684711953,0.6232384260528561,1.0000000000000002,-0.36536986820749123,1.0745404060675403
52697878,20260207,256.73525,1.7,146.14289968,47.94626082322996,1.186323867800787,5.35464601925186,173.37281000000002,256.73526000976574,17489,141,0.025940373776327498,0.0889736948155013,0.6752980356222996,1.0000000000000004,-0.30216243070541937,2.1497916876812284
52816063,20260207,1000.0,20.92,0.0251866399999995,2.1651315758000003,4.235578862444618,34.59774956382142,0.10668,74.90871463,39534,99,0.05298043419994639,0.0132227777764378,0.00010668,0.07490871463,-0.7975344712024561,0.6538121146102087
52880899,20260207,73.77049180327869,8.0,2.412286369999999,0.0,4.581989160764526,0.0,11.05307,0.0,6712,0,0.007554305008441193,0.0,0.14983050444444446,0.0,-0.4272513549044342,-1.0
52881127,20260207,73.77049180327869,8.1,4.142867119999997,0.0,3.102274253005732,0.0,12.85231,0.0,4748,0,0.002931950104977152,0.0,0.1742202022222222,0.0,-0.6170031786412677,-1.0
52896858,20260207,237.28813559322035,6.1,3.673954739999999,0.0,2.1277970343205705,0.0,7.817430000000001,0.0,19393,0,0.023086904761904763,0.0,0.03294488357142857,0.0,-0.6511808140458081,-1.0
52964940,20260207,0.64461,18.58,0.0552908999999997,0.0047855057999999,9.9855491590841,9.443214296324474,0.55211,0.0452,6734,2,0.07866822429906542,0.0013227513227513,0.8565023812848078,0.0701198085804442,-0.4625646308350861,-0.4917538032776867
53225658,20260207,121.21212121212122,5.1,4.512303389999997,0.0,4.225841738004238,0.0,19.06828,0.0,2791,0,0.0030085156839495526,0.0,0.15731331,0.0,-0.17140358078348267,-1.0
53375682,20260207,125.0,2.2,2.064560029999999,0.0,0.611452310253241,0.0,1.26238,0.0,5055,0,0.0009694122159363314,0.0,0.01009904,0.0,-0.7220671317030724,-1.0
53566239,20260207,136.80566000000002,1.01,212.6730757199995,104.698351268822,0.582330553976907,1.3066649197232798,123.84603000000001,136.80566406249997,43985,68,0.016136547068750458,0.0102564102564102,0.9052697819666233,0.9999999999999998,-0.42343509507236926,0.2937276555061665
53572696,20260207,22.93577981651376,1.09,42.93508533,0.0,0.11696890693008435,0.0,5.02207,0.0,18731,0,0.007998548125373645,0.0,0.218962252,0.0,-0.8926890762109319,-1.0
53577684,20260207,121.21212121212122,5.0,14.218412060000002,11.916562487842622,4.192357047218675,10.171734508846788,59.60866000000001,121.21212005615244,16730,195,0.006814386379373549,0.0135416666666666,0.49177144500000003,1.0000000000000009,-0.16152859055626506,1.0343469017693576
53730651,20260207,61.29961,2.47,50.53852638000001,10.217225979639917,1.183268177436716,5.999632802529735,59.80063,61.29961013793945,180208,30,0.06955152450791201,0.0243799998365732,0.9755466633474503,1.0,-0.5209440577179288,1.4290011064920876
53731452,20260207,194.1747572815534,79.32,0.0548519499999991,0.1230503417187966,119.63658539031171,1577.9979007044976,6.5623000000000005,194.1747589111328,4431,2,0.0072627438124897555,0.0031293767507002,0.033795845,1.0,0.5082776776388265,18.894073459098426
53763548,20260207,488.9979699999999,2.04,373.1346906,134.03708149739222,1.2708799582195698,3.648228879733927,474.2094000000001,488.9979553222652,31128,238,0.006987205387205387,0.0310826694527883,0.9697574000153828,0.9999999999999992,-0.3770196283237403,0.7883475235068486
53841870,20260207,200.65753,1.98,20.968288079999997,58.68706380926756,1.1407717172111649,3.4191100268929198,23.920029999999997,200.6575317382813,1423,44,0.0010842730874733313,0.0431372549019607,0.11920823504605083,1.0000000000000002,-0.42385266807516925,0.726823229270899
53849804,20260207,55.55555555555556,2.48,0.252236679999999,7.626023757788143,2.2162121702521707,7.284995658352663,0.55901,55.55555725097655,1420,58,0.005107913669064748,0.1036984387339772,0.01006218,0.9999999999999998,-0.10636606038218925,1.937498226743682
53854143,20260207,571.02984,1.09,366.8150784600001,245.65701825984985,0.7371172721011375,2.324500427107214,270.38573,571.029846191406,23132,218,0.012759666832147389,0.0668058521658751,0.47350543011902846,0.9999999999999996,-0.32374562192556194,1.1325691338761832
53919091,20260207,88.28998999999999,2.0,52.92278080999999,20.619941891818083,0.7699551946503245,4.281776809438495,40.74817,88.2899932861328,252269,22,0.03235420861602391,0.0005065581709692,0.4615264992101597,1.0,-0.6150224026748378,1.1408884047192474
54113091,20260207,148.7603305785124,4.6,7.872438679999999,12.580616809049264,3.7364266900837904,11.824564775602015,29.41479,148.7603302001953,115122,56,0.031389775051124745,0.0059442285224511,0.197732755,1.0,-0.1877333282426542,1.5705576132064114
54524974,20260207,38.62359550561798,1100.0,0.0039551199999995,0.0,512.2221323247477,0.0,2.0259,0.0,2452,0,0.0009708968521084934,0.0,0.05245239272727273,0.0,-0.5343435160684112,-1.0
54547571,20260207,31.747280000000007,6.5,5.582730409999998,0.0,2.2236090744707844,0.0,12.413809999999998,0.0,1179,0,0.0020264695771742866,0.0,0.3910196401077508,0.0,-0.6579062962352639,-1.0
54562194,20260207,194.1747572815534,79.32,0.3278965799999997,0.0,45.45948603672539,0.0,14.906009999999997,0.0,2409,0,0.0014174757281553397,0.0,0.07676595149999997,0.0,-0.42688494658692144,-1.0
54801379,20260207,897.71512,5.26,164.4773952400001,168.95291986000927,3.0362670157275753,5.31340413859793,499.39729000000005,897.7151489257817,46647,227,0.03595698758960919,0.0446374557082361,0.5562981828801102,1.0000000000000004,-0.42276292476662064,0.0101528341049989
54805715,20260207,112.67605633802818,5.1,1.7525278699999993,0.0,1.720651666441117,0.0,3.01549,0.0,24745,0,0.02838380362468456,0.0,0.026762473749999998,0.0,-0.6626173203056633,-1.0
54852798,20260207,100.0,5.0,32.09324778,11.121453452419184,2.5229902113696268,8.99162968547226,80.97095,100.0,32972,96,0.006027787934186472,0.0159203980099502,0.8097095,1.0,-0.49540195772607465,0.798325937094452
54858966,20260207,83.33333333333333,1.76,0.2659736899999991,9.457084603016964,0.4945225973290834,8.811735388107321,0.13153,83.33333587646484,2289,55,0.01026457399103139,0.2566923682792356,0.0015783600000000002,1.0,-0.7190212515175662,4.006667861281038
55104462,20260207,55.912310000000005,6.5,8.178498529999999,5.150613267766189,3.226703520603311,10.855464736287493,26.38959,55.91231155395508,36516,40,0.010754867022059906,0.0167559367332632,0.4719817514246862,1.0,-0.5035840737533368,0.6700714978903832
55113470,20260207,420.4162162162162,3.33,34.42696216,58.530245551191854,2.352422488618438,7.1828884042089545,80.98676,420.4162292480471,17313,366,0.001576675439634996,0.0132119186816725,0.1926347197757692,1.0000000000000004,-0.2935668202347033,1.1570235942272658
55199224,20260207,78.07889,6.5,6.828174149999999,0.0,6.8187481715005775,0.0,46.5596,0.0,41439,0,0.009419024889191954,0.0,0.5963148297830566,0.0,0.04903818023085808,-1.0
55242717,20260207,498.5705128205128,3.59,22.04998385,64.39263318051067,2.2690588047754967,7.742663931489643,50.03271000000001,498.5705261230471,5102,179,0.0036784426820475847,0.0588140067742578,0.10035232472324725,1.0000000000000004,-0.36795019365585047,1.1567309517000963
55272899,20260207,18.072289156626507,2.35,6.395341979999998,0.0,1.2834419215843096,0.0,8.20805,0.0,4658,0,0.007769808173477898,0.0,0.4541787666666666,0.0,-0.4538545014534853,-1.0
55273179,20260207,148.7603305785124,4.1,10.458111869999998,18.673040517304397,2.030104502984247,7.966582737061794,21.23106,148.76033020019537,12559,352,0.003642507033266626,0.0384317100014028,0.14271990333333334,1.0000000000000004,-0.5048525602477446,0.9430690054554378
55397530,20260207,472.23607,4.1,128.75972898999999,72.28305269906905,2.5972748826302112,6.533150715386239,334.42441,472.2360839843748,20374,129,0.005869101803307023,0.0149547878506839,0.7081721012967096,0.9999999999999996,-0.3665183213097045,0.5934514310608804
55642709,20260207,64.70373000000001,5.6,4.8911279799999985,0.0,2.948667476903764,0.0,14.42231,0.0,4270,0,0.006827630316597378,0.0,0.22289765984124868,0.0,-0.47345223626718497,-1.0
55644105,20260207,390.48067,1.47,288.6824965200002,106.72134529334298,1.0924418134168066,3.658880776295121,315.36883,390.4806823730472,48655,138,0.011736823061150646,0.1045238464893797,0.8076426164706182,1.0000000000000009,-0.25684230379809075,1.4890344932539272
55659771,20260207,110.68761999999998,1.52,65.45479549000001,0.0,1.1798455624507824,0.0,77.22655,0.0,14522,0,0.024638615541228367,0.0,0.6976981707620059,0.0,-0.22378581417711682,-1.0
55774064,20260207,28.10267,9.1,2.3739160499999987,0.0,5.885098590575689,0.0,13.97073,0.0,90164,0,0.029310187894155126,0.0,0.49713176719507435,0.0,-0.3532858691675067,-1.0
55775102,20260207,530.4762099999999,3.15,118.12668964,75.43152184105847,2.353077707054248,7.032553186110629,277.96128,530.4761962890624,21812,358,0.004552988081073747,0.0708299307844383,0.5239844403201418,0.9999999999999998,-0.25299120410976256,1.2325564994277618
55954706,20260207,1000.0,33.01,0.7130576899999979,1.6388991504,6.659937991833472,13.924118558675069,4.74892,22.82024,4075,24,0.21335078534031413,0.1468831168831169,0.00474892,0.02282024,-0.7982448351459112,-0.5781848147022766
55963763,20260207,1000.0,22.5,21.29788494,23.14744650770022,16.441292221574,43.20130760280762,350.16475,999.9999999999998,52096,223,0.012338299031333634,0.0184962407203073,0.35016475,0.9999999999999998,-0.2692759012633778,0.9200581156803386
55968571,20260207,246.66494000000003,4.1,98.12811453,34.294567576392765,2.34502487999654,7.192536828690755,230.11287000000002,246.6649475097656,15626,71,0.002897244780657841,0.0298947368421052,0.93289654378932,1.0,-0.4280427121959658,0.754277316095531
56069198,20260207,355.11819,6.0,32.74950241,35.31988722439691,2.545594707251004,10.05434083833774,83.36695999999999,355.11819458007807,6120,51,0.0018228933964793137,0.0286516853932584,0.23475834904429982,1.0,-0.575734215458166,0.6757234730562901
56094571,20260207,305.08474576271186,6.1,0.9921379099999985,22.601453200418646,2.440678836675038,13.49845654218134,2.42149,305.084747314453,1618,274,0.007816425120772947,0.2073389440004167,0.007937106111111111,0.9999999999999996,-0.5998887152991741,1.2128617628223413
56096389,20260207,23.9461,3.1,14.66979494,0.0,1.54519746817947,0.0,22.66773,0.0,2687,0,0.00853829043533524,0.0,0.9466146888219793,0.0,-0.5015492038130742,-1.0
56107853,20260207,1000.0,2.71,7.084875049999999,0.0,2.0602141741370588,0.0,14.59636,0.0,2537,0,0.0008503720587249447,0.0,0.014596360000000001,0.0,-0.23977336747710007,-1.0
56227729,20260207,125.0,1.4,142.70105870999998,38.897972968996825,0.6140845820778705,3.2135349799871205,87.63052,124.99999999999972,330480,314,0.015198256118760519,0.030744177639474,0.70104416,0.999999999999998,-0.5613681556586638,1.2953821676523545
56235388,20260207,53.333333333333336,4.5,1.4775688199999997,0.0,1.2219261638182108,0.0,1.80548,0.0,1042,0,0.05954285714285714,0.0,0.03385275,0.0,-0.728460852484842,-1.0
56704977,20260207,70.4225352112676,17.31,3.397282229999999,0.0,7.796738159137283,0.0,26.48772,0.0,4257,0,0.01258722649319929,0.0,0.376125624,0.0,-0.5495818510030454,-1.0
56718065,20260207,49.68944099378882,8.1,2.8348115399999987,0.0,3.167385158873738,0.0,8.978940000000001,0.0,2607,0,0.0030881307746979387,0.0,0.18070116750000004,0.0,-0.608964795200773,-1.0
56771422,20260207,642.4210000000002,1.81,106.68609073999998,173.07796522006942,1.2758754122102722,3.711743525406182,136.11816,642.4210205078125,13297,274,0.0032126117419666585,0.0379142458170211,0.21188311091947484,1.0,-0.29509645734239104,1.0506870954405738
56864799,20260207,6.76347,5.22,1.48259931,0.0,3.4828560658105254,0.0,5.163679999999999,0.0,3353,0,0.011482876712328767,0.0,0.7634660906309926,0.0,-0.33278619428917133,-1.0
56938464,20260207,749.1658900000002,1.65,690.0003460000001,397.45521824092185,1.080412037938311,1.8849064178487316,745.4846799999999,749.1658935546882,40046,230,0.006792177614952764,0.0053846514023505,0.995086255195094,1.0000000000000009,-0.34520482549193265,0.1423675424756945
56963719,20260207,31.25,7.0,2.4867073999999993,0.0,1.7048045137920131,0.0,4.23935,0.0,77818,0,0.030130483602431563,0.0,0.1356592,0.0,-0.7564564980297125,-1.0
57191417,20260207,1000.0,29.87,5.052083789999999,0.0,43.581280349271495,0.0,220.17628000000002,0.0,6439,0,0.024566959175887065,0.0,0.22017628000000003,0.0,0.45903181617915945,-1.0
57222417,20260207,5.555555555555555,1.52,0.3850852599999995,0.1136557897880656,0.0,48.8801008192058,0.0,5.55555534362793,4585,1,0.07616279069767441,1.0,0.0,0.9999998211860656,-1.0,31.15796146879621
57240198,20260207,36.39775,4.14,14.118849459999996,2.599929607436817,1.2265425769331777,13.999508583183102,17.31737,36.39775085449218,8359,19,0.003749607500112143,0.0081967213114754,0.4757813326373196,0.9999999999999998,-0.7037336770692807,2.3815239214167283
57326971,20260207,40.0,4.1,0.9091355399999992,3.961624170714579,11.27634939890262,10.09686638092139,10.251729999999998,40.0,8459,12,0.0029473867595818815,0.0324574209245742,0.25629325,1.0,1.750329121683566,1.462650394092203
57339315,20260207,166.66666666666666,6.0,0.7559882799999987,2.476125649261769,5.09047574123769,67.30942934708922,3.8483400000000003,166.6666717529298,4267,35,0.010458333333333333,0.0695021997884483,0.023090040000000003,1.0000000000000009,-0.15158737646038492,10.21823822451487
57374168,20260207,122.44897959183672,13.0,0.7889959199999992,0.638842978,2.6231187608676128,149.00693013967802,2.06963,95.19218,1041,9,0.003721844833750447,0.0035148409842037,0.016901978333333335,0.7774027865285145,-0.7982216337794145,10.462071549206
57424010,20260207,5.589919999999999,7.1,0.9023937399999991,0.4742336881994494,6.194546518019957,11.78724412836362,5.58992,5.5899200439453125,43574,4,0.01645357399086206,0.0201465201465201,1.0000000000000002,0.9999998293939544,-0.1275286594338089,0.660175251646517
57429522,20260207,6.862745098039215,6.0,4.830433759999999,0.0,1.3065203485990875,0.0,6.31106,0.0,1224,0,0.0012989493791786056,0.0,0.9196116000000001,0.0,-0.7822466085668188,-1.0
57449176,20260207,1000.0,43.65,0.1794650699999996,0.14857336,76.09636794502703,58.40704950706165,13.65664,8.67779,2056,1,0.00040588293357023,1.3629920401264857e-05,0.01365664,0.00867779,0.7433303080189468,0.3380766887816416
57521810,20260207,626.15678,4.5,311.66268919000015,28.484059026052662,2.0498868557555228,21.982708881518214,638.8732500000002,626.1567993164059,840623,438,0.04613256575878476,0.0154012302210318,1.0203087635655725,0.9999999999999994,-0.5444695876098838,3.8850464181151594
57574306,20260207,21.73913043478261,1.94,0.1508106599999999,3.52141920292762,1.378284532406397,6.17339844931549,0.20786,21.73913002014161,8010,41,0.1273449920508744,0.2621042271904341,0.009561559999999998,0.9999999122619692,-0.28954405546062006,2.1821640552735064
57575512,20260207,5.524861878453039,1.87,3.953474889999998,0.0,0.8566438624832146,0.0,3.38672,0.0,18413,0,0.0026078150891554663,0.0,0.6129963199999999,0.0,-0.5419016778164628,-1.0
57579039,20260207,69.34497,5.0,24.49807011,8.450338537593527,2.8512694953667923,8.20617566840077,69.8506,69.34497070312501,3000,13,0.006489292667099286,0.0191176470588235,1.0072915166017087,1.0000000000000002,-0.42974610092664156,0.6412351336801538
57611618,20260207,143.08837,5.6,37.39685122999999,14.308202759049328,3.830063368680039,10.000442127961998,143.23231,143.0883636474611,37627,221,0.01273807508717289,0.0830660295016147,1.0010059517765142,1.000000000000001,-0.3160601127357073,0.7857932675479492
57654377,20260207,2386.38826,430.5,4.378679559999998,0.0,505.21757751097016,0.0,2212.18588,0.0,339592,0,0.0321610743339868,0.0,0.9270016606601977,0.0,0.17355999421828144,-1.0
57655917,20260207,1468.0747299999998,8.5,19.981865049999996,74.89891361614801,3.354199912385056,19.60074741476613,67.02317,1468.074707031252,159610,552,0.011986332231901473,0.026087346004058,0.045653786302826696,1.000000000000001,-0.6053882456017581,1.3059702840901328
57664872,20260207,118.42105263157896,6.1,0.385075829999999,7.561675332049971,0.773509986331785,15.660687633966296,0.29786,118.42105102539062,29746,52,0.020181830517674196,0.0554184969182164,0.0025152622222222223,1.0,-0.8731950842079041,1.567325881771405
57699816,20260207,73.77049180327869,11.1,1.9700780999999987,0.0,5.268613462583035,0.0,10.37958,0.0,5093,0,0.030082693443591258,0.0,0.14070097333333334,0.0,-0.5253501385060328,-1.0
57724669,20260207,420.4162162162162,3.33,20.021833800000003,51.33120349623632,1.8702108095613095,8.190266201115007,37.445049999999995,420.4162292480469,13280,929,0.006686807653575025,0.0784394533892572,0.08906661673759594,1.0000000000000002,-0.43837513226387104,1.4595394560849777
57795555,20260207,577.2744,290.0,1.133149469999998,0.5934529103999999,113.5467856680904,759.6744618232107,128.66548,450.8317799999999,948240,299,0.0519637660907163,0.0012733176527948,0.22288443762619647,0.7809661558137054,-0.6084593597652055,1.6195671097352091
57813819,20260207,1.3888888888888888,2.63,0.7436829199999995,0.2623273922196877,0.3781853696465157,5.294466314358583,0.28125,1.3888888359069824,25133,2,0.04126251846987358,0.1666666666666666,0.2025,0.9999993133549376,-0.8562032815032259,1.0131049748961982
57813830,20260207,1.3888888888888888,2.63,0.5706688599999996,0.2687240623925931,1.2017477175817872,5.168438044226368,0.6858,1.3888888359069824,16591,1,0.029307542836954602,0.1428571428571428,0.493776,0.9999992847442628,-0.5430617043415258,0.9651854826345008
57847622,20260207,168.90041,1.57,10.618402929999998,0.0,0.9005704589513067,0.0,9.562619999999999,0.0,1758,0,0.0006158696794534945,0.0,0.05661691407380242,0.0,-0.4263882427061741,-1.0
57855436,20260207,247.62652,1.18,72.07211233,99.73551318737664,1.227383063159903,2.4828319971728576,88.46009000000001,247.62652587890625,49160,55,0.08080210387902696,0.0595760233918128,0.35723189099455105,1.0,0.04015513827110427,1.1040950063873158
57863659,20260207,66.66666666666667,5.0,9.79001151,0.0,1.3871485223616453,0.0,13.5802,0.0,1997,0,0.002747660979636764,0.0,0.20370299999999997,0.0,-0.7225702955276709,-1.0
57922732,20260207,90.9090909090909,6.8,5.4587086299999985,0.0,6.808914437332774,0.0,37.16788,0.0,45552,0,0.34640304182509507,0.0,0.40884667999999996,0.0,0.0013109466665844568,-1.0
57950075,20260207,3.5460992907801416,3.69,1.4694264899999996,0.0,0.6567936583203969,0.0,0.9651099999999999,0.0,1541,0,0.011215429403202328,0.0,0.27216102,0.0,-0.8220071386665592,-1.0
57950895,20260207,56.60377358490566,2.13,18.751780509999996,0.0,0.7874580225661997,0.0,14.76624,0.0,9230,0,0.013494152046783626,0.0,0.26087024,0.0,-0.6303013978562443,-1.0
57951243,20260207,373.1092299999999,2.23,167.37513349,105.53489160410156,1.463428496770306,3.535411020995427,244.94154,373.10922241210943,46360,183,0.02010058966354492,0.043793315253923,0.6564874849115903,1.0000000000000002,-0.34375403732273274,0.5853860945096803
57959122,20260207,1000.0,19.0,2.9014034099999977,0.0,5.3684537442519975,0.0,15.57605,0.0,27317,0,0.0028583536502422334,0.0,0.015576050000000001,0.0,-0.7174498029341054,-1.0
57999311,20260207,1210.1338899999996,2.2,396.0926555,0.0,1.352627377863612,0.0,535.76577,0.0,29254,0,0.00438768317009884,0.0,0.44273263845209737,0.0,-0.38516937369835824,-1.0
58085427,20260207,79.19066,1.9,23.327134010000005,28.365496515109303,1.3871228238380577,2.791795156321649,32.357600000000005,79.19065856933594,5678,55,0.014334763948497854,0.0232459847844463,0.40860374190592685,1.0,-0.2699353558747064,0.4693658901863485
58112502,20260207,101.010101010101,2.4,28.534833840000005,21.389183072577776,1.327708800143481,4.722485017456109,37.88595,101.0101013183594,11011,34,0.014779865771812081,0.0279146141215106,0.37507090500000007,1.0000000000000002,-0.4467879999402163,0.9677020124172592
58114863,20260207,203.00614,2.08,69.89706244000001,37.58535703619376,1.434260131977014,5.401202612935421,100.25057000000001,203.00613403320307,39102,197,0.006518412322669912,0.0458933642035783,0.49383023587365393,0.9999999999999996,-0.31045185962643557,1.5967321206972882
58134130,20260207,8.695652173913043,2.0,4.70832877,0.0,1.4064332215271367,0.0,6.62195,0.0,305049,0,0.07139323160456844,0.0,0.76152425,0.0,-0.29678338923643166,-1.0
58199587,20260207,142.85714285714286,21.02,0.93978854,1.7474682876035348,39.67798968904217,81.7508772430044,37.28892,142.8571472167969,16606,95,0.0013222390317700454,0.0052047035683222,0.26102243999999997,1.0000000000000002,0.8876303372522442,2.889194836473468
58240026,20260207,50.0,2.23,29.819801929999997,11.356632471216438,1.1137411334240879,4.4027131919618405,33.21154,50.0,26610,167,0.007303617500137235,0.0549743308973473,0.6642308,1.0,-0.5005645141596019,0.9743108315268384
58246735,20260207,46.6873,11.42,3.3026487499999977,0.0,8.044185746364949,0.0,26.56712,0.0,6207,0,0.006402929647204457,0.0,0.5690438299066342,0.0,-0.2956054512815281,-1.0
58283047,20260207,420.4162162162162,3.33,11.93555118,29.54597471523194,2.88911081524096,14.229221376883087,34.48313,420.4162292480469,5696,380,0.004605805773429288,0.1267546321374001,0.0820214079997943,1.0,-0.13239915458229426,3.273039550417457
58416741,20260207,1.9904900000000003,35.0,0.0471419399999997,0.0,33.41461976320893,0.0,1.57523,0.0,17338,0,0.01923879272081669,0.0,0.7913780024014185,0.0,-0.0452965781940305,-1.0
58417305,20260207,1.0332357499569484,52.0,0.00749337,0.0214456458,0.0,37.38952969512837,0.0,0.80188,37048,2,0.0031913720625732205,1.894973485882577e-05,0.0,0.7760854481738391,-1.0,-0.2809705827859929
58419221,20260207,46.08294930875576,52.0,0.949742499999999,0.0,16.274147992745416,0.0,15.456249999999997,0.0,1948710,0,0.047577437760475794,0.0,0.33540062499999995,0.0,-0.6870356155241267,-1.0
58432699,20260207,116.6156,35.0,8.019357389999996,3.023064613036581,12.629938419542125,38.5752793730469,101.28399,116.6156005859374,35909,123,0.06658446133877248,0.0301294867934324,0.8685286531133056,0.9999999999999992,-0.6391446165845107,0.1021508392299113
58435300,20260207,48.31349,57.2,1.7800080499999984,0.0,25.441873703885797,0.0,45.286739999999995,0.0,920418,0,0.08910576504187037,0.0,0.9373518659074307,0.0,-0.5552119981838147,-1.0
58492787,20260207,23.529411764705884,2.9,9.26852865,0.0,1.434778971093756,0.0,13.29829,0.0,1815,0,0.003260869565217391,0.0,0.565177325,0.0,-0.5052486306573255,-1.0
58502564,20260207,145.41256,15.28,23.000822049999996,1.981078134519272,4.968254167246167,73.40068582063867,114.27393000000001,145.41256713867185,163693,47,0.02726716972331884,0.0049589387900281,0.7858601072699635,0.9999999999999998,-0.674852475965565,3.803709888963848
58511427,20260207,758.94134,2.46,105.6421092,197.88321420159676,1.6723872832330766,3.8352992417353846,176.67452,758.9413452148439,12621,315,0.003926271581894541,0.050321477579567,0.23279074506601527,1.0000000000000002,-0.3201677710434648,0.5590647082364983
58544782,20260207,11.096610000000002,52.0,0.7104463299999981,0.1470040950999999,18.122790499882,23.641493498139308,12.875269999999999,3.47542,736806,5,0.029093213613049194,1.761671504997548e-05,1.160288592642257,0.313196523948833,-0.6514847980791922,-0.5453558942665517
58588021,20260207,11.049723756906078,1.2,0.6890549199999997,5.336385993357848,0.47925062344812824,2.0706376128524027,0.33022999999999997,11.049723625183104,1261,18,0.04945098039215686,0.7616666666666667,0.029885814999999996,0.9999999136924806,-0.6006244804598931,0.7255312754772164
58685108,20260207,72.20216606498195,4.15,2.4162877099999993,0.0,0.893610471577493,0.0,2.15922,0.0,62729,0,0.004396943889531419,0.0,0.029905196999999998,0.0,-0.7846721755234957,-1.0
58706858,20260207,4537.1946,1.35,4585.603338600001,2032.4993364852871,0.8081044011825379,2.2323229043864794,3705.64624,4537.194824218752,334790,1238,0.007567705637295346,0.014864443003626,0.8167263180644709,1.0000000000000004,-0.4014041472721942,0.6535724925646215
58729786,20260207,38.08811,4.36,24.699788530000014,5.378944818154982,1.8660062592851672,7.080962174574552,46.089960000000005,38.08811187744139,9219,31,0.007764022233451238,0.0170610897083104,1.2100878725670559,0.9999999999999996,-0.5720169130079892,0.6240738435177293
58732112,20260207,510.68414,1.1,412.9147775900001,362.7789038639664,0.6438584774119708,1.4077007682072935,265.85868,510.6841430664063,23329,240,0.006674964234620887,0.0116448326055312,0.5205931791811667,1.0000000000000002,-0.41467411144366295,0.2797279433601836
58772389,20260207,376.45701,2.05,336.02838544,101.81171609787576,1.1243684949569894,3.697580312593277,377.81973,376.45700073242176,33151,127,0.004024058653589377,0.0373419582475742,1.0036198555580091,0.9999999999999996,-0.45152756343561484,0.803697755414775
58803527,20260207,159.76764999999995,7.1,11.840051959999998,13.06468684224543,3.329771704819444,12.228968372464845,39.42467,159.76765441894534,1901,23,0.005489460005775339,0.0141277641277641,0.2467625329658414,1.0000000000000002,-0.5310180697437402,0.7223899347499647
58804408,20260207,32.35294117647059,13.15,1.0830477099999998,0.0,3.7412940931291017,0.0,4.052,0.0,1005,0,0.003298326222513948,0.0,0.12524363636363636,0.0,-0.7154909434882814,-1.0
58886517,20260207,125.0,7.74,1.4361195099999997,0.0,2.9673435743519705,0.0,4.26146,0.0,10806,0,0.0023351701782820095,0.0,0.03409168,0.0,-0.6166222772155078,-1.0
58921051,20260207,5945.759109999998,16.88,258.68405907,558.0903363846645,12.259917373346171,10.653757786251798,3171.44519,5945.759277343763,257387,921,0.047388702728578265,0.0346048449131524,0.5333961789111232,1.0000000000000022,-0.2737015774084021,-0.3688531803358241
58958928,20260207,51.95611,9.9,0.371641709999999,3.4025150094342003,11.182867498914508,15.269908488072458,4.15602,51.956108093261726,2488,16,0.002318732525629077,0.0065432187870454,0.07999097699962525,1.0000000000000002,0.12958257564793005,0.5424150582279907
58963446,20260207,1893.68373,9.9,161.07246772000005,105.4172231753862,9.923410081346454,17.963703091533937,1598.3881499999998,1893.6837158203111,695806,638,0.06913262061839281,0.1607106018093646,0.8440628837213486,0.9999999999999992,0.0023646546814599274,0.8145155337087556
59027737,20260207,156.4159300000001,8.2,0.7732744199999991,12.451033905667192,5.620229879064154,12.562483782056674,4.345979999999999,156.41592407226562,5752,47,0.0014127471447869335,0.0038950486202847,0.027784765912269912,1.0,-0.31460611230924945,0.5320102529590781
59090324,20260207,15.0,2.14,6.879392809999999,0.0,0.825138229023442,0.0,5.676449999999999,0.0,1312,0,0.007908378541289934,0.0,0.37842999999999993,0.0,-0.6144213883068028,-1.0
59168672,20260207,114.30078,2.51,41.728572589999985,23.722446899838285,1.6602583242112292,4.818254074478514,69.28021000000001,114.30078125000009,9493,72,0.005189700415482178,0.0314438621644336,0.606121935475856,1.0000000000000009,-0.33854250031425126,0.9196231445360424
59180301,20260207,127.4666,11.1,19.235940279999994,7.554547508851941,6.929982005537815,16.872828119560676,133.30472,127.4665985107422,3447,34,0.0012346872985170858,0.0053577056413488,1.0458011745822042,1.0000000000000002,-0.375677296798395,0.5200745531259686
59183637,20260207,42.81511,27.0,3.814563589999999,0.0,12.195476337569723,0.0,46.52042,0.0,6777,0,0.01574581784386617,0.0,1.0865421109510172,0.0,-0.5483156912011213,-1.0
59191554,20260207,38.46153846153846,2.13,19.65786732,0.0,1.1910707107163443,0.0,23.41391,0.0,5187,0,0.007145612343297975,0.0,0.6087616600000001,0.0,-0.44081187290312474,-1.0
59250609,20260207,59.70149253731344,6.1,4.1823460699999995,0.0,3.2753626244037726,0.0,13.698700000000002,0.0,21619,0,0.01802334305960817,0.0,0.229453225,0.0,-0.46305530747479134,-1.0
59252106,20260207,75.31489,12.1,1.338674409999999,0.0,4.548051381664945,0.0,6.088360000000001,0.0,2315,0,0.0015699172656991726,0.0,0.08083872923402,0.0,-0.6241279849863681,-1.0
59252315,20260207,40.94131000000001,1.5,4.90639966,0.0,0.9706445316360552,0.0,4.762370000000001,0.0,4727,0,0.004943009515842309,0.0,0.11632187636399519,0.0,-0.35290364557596315,-1.0
59262247,20260207,107.01659,1.61,75.86964482,2.847384240408307,0.6698374576626889,37.58416135091191,50.82033,107.01658630371092,987523,10,0.02368569633126103,0.0007902813059933,0.47488272612685567,1.0,-0.5839518896505038,22.34419938942265
59265523,20260207,41.27358490566038,3.61,2.889063029999999,0.0,4.352888763385685,0.0,12.575769999999999,0.0,25608,0,0.003269913425441173,0.0,0.3046929417142857,0.0,0.20578636104866635,-1.0
59284251,20260207,112.67605633802818,19.0,2.134217979999998,0.0,10.006855063605085,0.0,21.35681,0.0,14849,0,0.03147975408098368,0.0,0.18954168875,0.0,-0.4733234177049955,-1.0
59289693,20260207,12.224938875305623,8.5,0.5073364399999993,0.8981484572070265,9.40238000645096,13.611252835724407,4.77017,12.224939346313477,3439,6,0.011097128105840594,0.0196408529741863,0.39019990600000004,0.99999992198945,0.10616235370011291,0.6013238630264008
59313228,20260207,34.48846999999999,8.56,2.0856091599999984,2.4733355918514155,3.623718261766747,13.944106226298004,7.55766,34.48846817016601,2170,9,0.0032282058911038383,0.0195473251028806,0.21913584453007054,0.9999999999999998,-0.5766684273636978,0.6289842923772188
59335998,20260207,1000.0,22.43,3.7110197099999986,0.0,12.892259739574387,0.0,47.84343,0.0,26442,0,0.005514034282854402,0.0,0.04784343,0.0,-0.42522248151696895,-1.0
59370907,20260207,40.81632653061224,1.39,8.33626761,0.0,1.3111851144135713,0.0,10.93039,0.0,8323,0,0.003647558944692786,0.0,0.26779455500000005,0.0,-0.056701356536998974,-1.0
59397478,20260207,1428.6078200000013,2.5,414.76037126000006,178.02695071382084,2.107125970943225,8.024671401341731,873.95235,1428.6077880859434,46381,602,0.01472693211405347,0.0622863970966413,0.6117510612534651,1.0000000000000042,-0.15714961162271007,2.2098685605366923
59437197,20260207,152.54237288135593,5.0,16.1510875,17.355565539624344,2.8022422638723246,8.789247721124998,45.25926,152.54237365722653,6653,17,0.0067107121242687105,0.0161904761904761,0.29669959333333334,0.9999999999999998,-0.4395515472255351,0.7578495442249995
59469459,20260207,28.457570000000004,1.45,9.77569584,5.009418461825105,1.0808499131863334,5.680811786511159,10.56606,28.45756912231445,28262,83,0.010530983343890897,0.038629071463296,0.37129171605305716,0.9999999329757048,-0.2545862667680459,2.917801103238513
59469464,20260207,74.94802000000001,1.45,77.39415861,16.63352709272711,0.7098819986771091,4.5058402833869655,54.94072,74.94802093505858,147284,68,0.038720227141279775,0.0357303884952119,0.7330509865370691,0.9999999999999998,-0.5104262078088903,2.107475955317907
59473467,20260207,1000.0,9.99,0.2418420399999997,17.919107220700003,3.8170782879601948,16.357082957477107,0.9231299999999998,293.10433969,1241,40,0.007703289882060832,0.0203504426759575,0.0009231299999999998,0.2931043396899999,-0.6179100812852658,0.6373456789024817
59473469,20260207,1000.0,10.59,0.5106441099999997,38.5973985562,4.325732847481589,17.612582915337935,2.2089100000000004,679.7999,2988,162,0.002217604274899807,0.009527142251664,0.0022089100000000006,0.6797999,-0.5915266432973003,0.6631333958039582
59474185,20260207,28.30188679245283,20.0,0.0811987799999988,0.0037251068999999,0.5140471322352456,16.82721448490917,0.04174,0.0627,5911,5,0.005611886452102915,0.0002430589969248,0.0014748133333333333,0.002215399794357,-0.9742976433882378,-0.1586392757545414
59506934,20260207,32.65375000000002,1.62,16.70791339,7.325483680616472,0.9128279303343932,4.457555069317687,15.251449999999998,32.65375137329101,4322,71,0.0026943457390437007,0.1975593933549574,0.46706580408069487,0.9999999999999998,-0.43652596892938694,1.7515771951834225
59718544,20260207,379.8454299999999,4.15,77.63524532,74.51611500813311,2.7436655751138166,5.097493653927675,213.00515000000001,379.8454284667969,32689,282,0.3459153439153439,0.4241514975385942,0.5607679681706321,1.0000000000000002,-0.33887576503281536,0.2283116956112633
59764696,20260207,91.22524,4.15,9.140238239999999,0.0,1.7727765485465075,0.0,16.2036,0.0,219836,0,0.026650018184022305,0.0,0.17762189499309622,0.0,-0.5728249280610826,-1.0
59770476,20260207,861.0274499999999,3.68,196.11851326999997,100.99906238401344,2.345526499921545,8.525103470975335,460.0011700000001,861.0274658203107,59736,614,0.013706576109402964,0.096043126729294,0.534246811759602,0.999999999999998,-0.3626286684995802,1.3166041620449247
59789974,20260207,7.079646017699115,270.0,0.048692969999999405,0.0,121.2910200384177,0.0,5.90602,0.0,1389,0,0.0012187417741510924,0.0,0.8342253249999999,0.0,-0.5507739998577122,-1.0
59790006,20260207,10.658120000000002,1.49,13.266189650000001,0.0,0.7818567556811612,0.0,10.37226,0.0,2973,0,0.0012820733968692051,0.0,0.9731791347817438,0.0,-0.4752639223616368,-1.0
59818654,20260207,106.38297872340424,1.5,6.133863259999998,0.0,0.5175221333512415,0.0,3.17441,0.0,1343,0,0.005147566117286316,0.0,0.029839454000000005,0.0,-0.6549852444325056,-1.0
59851958,20260207,3043.8813700000005,91.58,19.084504250000002,0.0,110.35471146702697,0.0,2106.06496,0.0,4149,0,0.010308074534161491,0.0,0.6919011301678948,0.0,0.20500886074499863,-1.0
59870194,20260207,41.35039,1.2,3.6109786800000006,0.0,1.7014611673088027,0.0,6.143940000000001,0.0,4932,0,0.030844277673545965,0.0,0.1485823954743837,0.0,0.41788430609066896,-1.0
59873387,20260207,1000.0,5.3,0.1523252999999997,18.4877785936,3.5814142496354906,12.778568556809429,0.5455399999999999,236.247359,1390,58,0.054940711462450595,0.1270189362294625,0.00054554,0.236247359,-0.3242614623329263,1.4110505843279293
59941171,20260207,6.730769230769231,6.6,3.2012895599999984,0.0,2.0334399241285763,0.0,6.50963,0.0,2579,0,0.2803260869565217,0.0,0.9671450285714285,0.0,-0.6919030417987007,-1.0
59942526,20260207,81.56946999999998,1.36,71.78132998,44.6931240763805,0.7364183697171446,1.8251011341721897,52.86108999999999,81.56947326660158,12990,31,0.010508858506593317,0.0369949494949494,0.6480499382918634,1.0000000000000002,-0.4585159046197467,0.3419861139521502
59978838,20260207,57.754450000000006,45.0,0.23929870999999903,0.3638259985452716,1.2219037871119371,158.74152270896553,0.2924,57.75445175170899,4249,3,0.0014929201363269036,0.0002820614544474,0.005062813341655923,1.0000000000000002,-0.9728465825086237,2.5275893935325677
59985139,20260207,83.23513,1.16,22.090751589999996,39.99845392626409,0.5260599646261289,2.0809586386149155,11.62106,83.23513031005858,1359,19,0.013782961460446247,0.0954545454545454,0.13961725055274138,0.9999999999999998,-0.5465000304947164,0.7939299124946434
59998752,20260207,1236.13103,28.8,21.77063850000001,7.346013108328144,35.391437876293786,168.27233969560672,770.4942000000001,1236.130981445313,225739,759,0.01912718183358753,0.0423188174111385,0.6233111064285799,1.0000000000000004,0.2288693707046453,4.842789727545192
59999397,20260207,869.5652173913044,6.5,1.2908136399999992,0.0,3.574706570345819,0.0,4.61428,0.0,1077,0,0.00042812847829543646,0.0,0.005306422,0.0,-0.4500451430237202,-1.0
60033250,20260207,48.95666000000001,1.24,42.918783,28.271222550109076,1.1454211085155888,1.7316781899302112,49.16008000000001,48.95666122436524,7396,36,0.014157733537519143,0.046478528069977,1.0041551037182683,1.0000000000000002,-0.0762732995842026,0.3965146585580722
60078895,20260207,1000.0,25.95,13.767983299999997,30.480121138641067,15.646896521148456,32.80826748171896,215.42621,1000.0,1273762,470,0.09389232062036532,0.0274604444783159,0.21542621,1.0,-0.3970367429229882,0.2642877270575711
60081691,20260207,71.94244604316546,3.08,5.718500619999999,0.0,1.269079166419676,0.0,7.25723,0.0,14120,0,0.004916776934326903,0.0,0.10087549700000001,0.0,-0.5879613096040013,-1.0
60083626,20260207,1000.0,36.35,1.2863628299999987,0.0,26.165386013213734,0.0,33.65818,0.0,487559,0,0.04779568469448774,0.0,0.03365818,0.0,-0.2801819528689482,-1.0
60134489,20260207,1000.0,300.0,1.6652470899999985,0.0,299.996476799128,0.0,499.56825999999995,0.0,18160,0,0.0057459262774877395,0.0,0.49956825999999993,0.0,-1.1744002906652895e-05,-1.0
60140024,20260207,353.31129000000004,2.21,162.60997909000002,116.2855235640687,1.163488126981961,3.038308341656182,189.19477999999998,353.3112792968748,27733,207,0.0016713875897979846,0.0115166351396461,0.5354903320525081,0.9999999999999992,-0.4735347841710584,0.3748001308650311
60144222,20260207,258.71110000000004,2.07,162.68881801000003,78.01048342531448,1.4376479149637897,3.316363075985959,233.88924,258.7110900878906,20308,115,0.017348368358106953,0.0736585365853658,0.9040556821875828,1.0,-0.30548409905130924,0.6021078178445383
60145854,20260207,131.14754098360655,12.1,3.257562019999999,0.0,3.1347614987235155,0.0,10.21168,0.0,262138,0,0.08886033898305085,0.0,0.07786406,0.0,-0.7409288017583872,-1.0
60163679,20260207,26.848240000000004,1.81,10.12757828,0.0,1.3256644015789332,0.0,13.42577,0.0,1646,0,0.005957292797683677,0.0,0.5000614565424027,0.0,-0.2675887284094292,-1.0
60190295,20260207,30.120481927710845,3.0,5.84173005,0.0,2.608386534396604,0.0,15.237490000000001,0.0,25493,0,0.011012570737396863,0.0,0.505884668,0.0,-0.1305378218677986,-1.0
60191018,20260207,70.4225352112676,15.06,0.48831324999999925,0.9479428657503864,12.298068913755687,74.28977738210078,6.00531,70.42253875732423,1564,8,0.001637353433835846,0.0044502346779098,0.085275402,1.0000000000000002,-0.1833951584491576,3.9329200074478874
60222062,20260207,4.57056,2.5,3.512663129999998,0.0,0.9781638240954807,0.0,3.4359599999999992,0.0,4250,0,0.004315597075548335,0.0,0.7517590842260027,0.0,-0.6087344703618077,-1.0
60257685,20260207,166.66666666666666,1.14,50.54195902,82.42002378202287,0.6235717928450016,2.022162359131957,31.516540000000003,166.66667175292972,3942,90,0.0007531812449845237,0.0432149970708845,0.18909924000000003,1.0000000000000002,-0.4530071992587704,0.7738266530760971
60279269,20260207,5340.28227,2.29,1368.993826169999,1151.8780210270377,1.5528944100117579,4.636152547788733,2125.9028599999997,5340.282226562497,162415,1921,0.004502734937053476,0.0286896213466669,0.39808810705431114,0.9999999999999994,-0.32188017030054245,1.0245207969511232
60280132,20260207,5.154639175257732,2.4,1.06686943,4.448239410558897,0.0,1.158804104167548,0.0,5.154639244079589,5581,4,0.010383255813953489,0.0302164985527364,0.0,0.9999998149872192,-1.0,-0.517164975782995
60299590,20260207,833.3333333333334,5.11,75.82956043,56.18453738404735,4.817436998559692,14.832075459836704,365.30413,833.3333129882822,1012161,479,0.0235578028627953,0.0060290733710375,0.438364956,1.000000000000001,-0.057253033549962556,1.902558722564248
60300280,20260207,125.0,6.5,24.164395879999994,4.40878525693578,4.042689520777707,28.352474516847685,97.68914999999998,125.0,24478,15,0.6244387755102041,0.1111111111111111,0.7815131999999999,1.0,-0.3780477660341989,3.361919156438105
60319297,20260207,48.38709677419355,10.0,4.149910089999999,0.0,5.652922470905871,0.0,23.45912,0.0,721473,0,0.06832907148539606,0.0,0.4848218133333333,0.0,-0.4347077529094129,-1.0
60363119,20260207,139.53488372093022,8.1,17.93302123,10.495489802277444,3.403725407846405,13.294745736094477,61.03908,139.53488159179685,2481,29,0.006539272535582499,0.0242272347535505,0.43744674,0.9999999999999998,-0.579786986685629,0.6413265567874176
60371761,20260207,2164.6189100000006,2.47,1172.7072273100002,501.38207051846047,1.7740084153587783,4.317304146773181,2080.39249,2164.6188964843773,207642,893,0.011056549520766772,0.0288520564763658,0.9610894926534664,1.000000000000001,-0.2817779694903732,0.7478963954516049
60374272,20260207,402.23784,1.94,310.88509954999984,147.37761656662994,1.2579067011125917,2.729300830379169,391.06444999999997,402.23785400390665,48059,195,0.00856758298570257,0.0112658154717199,0.9722219321782355,1.0000000000000009,-0.3515944839625816,0.4068560566382574
60394559,20260207,1.0332357499569484,52.0,0.00042083,0.0,0.0,0.0,0.0,0.0,1745,0,0.0003385719829258828,0.0,0.0,0.0,-1.0,-1.0
60395737,20260207,17.623949999999997,52.0,0.8606289799999988,0.628743382181669,16.543842156000863,28.030388104224947,14.238110000000002,17.62394905090332,1830148,35,0.018604756129669747,6.51323867238783e-05,0.8078841576377602,0.9999998917751964,-0.6818491893076757,-0.460954074918751
60491784,20260207,521.94218,19.24,26.77029479,4.635962523614919,19.48326135709318,112.58548455964628,521.57265,521.9421997070308,11239,395,0.009902202643171806,0.0881637014302868,0.9992920097011511,0.9999999999999992,0.012643521678439818,4.8516364812359445
60503054,20260207,4002.55829,900.0,5.135001049999998,1.0646163939063369,611.4705273526674,3759.62141189806,3139.9017999999996,4002.558349609375,1620181,66,0.06475336520015347,0.0005133905499453,0.7844737221803207,1.0,-0.3205883029414806,3.1773571243311776
60504423,20260207,65.78731,2.35,8.57009342,0.0,1.523455971848671,0.0,13.05616,0.0,3657,0,0.005028877887788779,0.0,0.1984601589577078,0.0,-0.3517208630431187,-1.0
60505342,20260207,1287.7824600000004,483.0,2.494942609999998,0.0,425.03862243147984,0.0,1060.44697,0.0,472777,0,0.04588063467417148,0.0,0.8234674744676983,0.0,-0.1200028521087374,-1.0
60518154,20260207,2168.27759,1.63,1459.57807851,620.7811973165088,1.1712830064871975,3.492820971013232,1709.5789999999997,2168.277587890626,135999,992,0.005647001669199531,0.0398858107836435,0.7884502463542962,1.0000000000000004,-0.2814214684127622,1.1428349578104693
60518258,20260207,19.23076923076923,2.22,8.53345646,0.0,1.9034069109201268,0.0,16.24264,0.0,2394,0,0.013472144063027575,0.0,0.8446172800000001,0.0,-0.14260949958552854,-1.0
60537191,20260207,62.5,9.0,0.7605926099999993,2.29773649205985,3.653309226867196,27.200670318510003,2.77868,62.5,2857,7,0.25508928571428574,0.1479166666666666,0.04445888,1.0,-0.5940767525703117,2.022296702056667
60547751,20260207,192.36432,54.68,2.4952917799999974,0.0,40.42407417380267,0.0,100.86986,0.0,2556841,0,0.15597626963550404,0.0,0.5243688642467584,0.0,-0.2607155418104851,-1.0
60547769,20260207,21.234762092017306,54.68,0.0717451299999981,0.1273638294,8.100201365584192,35.52000989057973,0.58115,4.523999999999999,569049,11,0.03380315072887336,5.389531435970151e-05,0.027367860185185184,0.2130468687517582,-0.8518617160646637,-0.3504021636368288
60548432,20260207,148.91858999999997,1.73,121.73846705000003,25.33924973139985,1.2188282273922386,5.876992810044492,148.37828,148.91859436035156,20942,35,0.003180258162490509,0.053289831430125,0.9963717760153384,1.0,-0.29547501306807017,2.397105633092396
60566933,20260207,14.03152,5.9,1.1282154199999987,0.243608571611891,7.5285799586040145,57.59839318705424,8.493860000000002,14.031519889831545,1745,2,0.27265625,0.2142857142857142,0.6053414027845879,0.999999932033432,0.2760305014583075,8.76243936542974
60580455,20260207,27.1370420624152,15.0,0.16572462999999932,0.1812396628167327,6.578744511301694,149.72932992806398,1.0902599999999996,27.137042999267575,1484,2,0.005051055139550714,0.0038220551378446,0.040176080999999975,0.9999999297142104,-0.5614170325798872,8.981955328537598
60619154,20260207,346.15384615384613,8.8,0.7949493999999991,14.778790572399998,3.9788192808246707,15.945296939574565,3.16296,235.65222003,2190,361,0.0075647668393782385,0.1149244393352304,0.00913744,0.6807730939370308,-0.5478614453608329,0.8119655220419962
60632826,20260207,103.90999000000002,7.7,23.06585713,7.342288449353713,3.268534942148061,14.152259880256654,75.39156,103.90998840332028,74110,65,0.021213075337760477,0.0196612220205686,0.7255467929503215,0.9999999999999998,-0.5755149425781739,0.8379558741323269
60656113,20260207,304.366,3.0,115.27257251999998,43.47579995362048,1.6945611235153861,7.000814030755806,195.33642,304.3659973144529,46205,178,0.008842385271940903,0.0430748588643325,0.6417813421998515,0.9999999999999992,-0.43514629216153794,1.333604676918602
60666367,20260207,144.92753623188406,1.95,23.86429345,12.014020406130154,1.062162181885171,12.06319941604174,25.347749999999998,144.92753601074222,143938,54,0.010040668271075302,0.0014986058973872,0.17489947499999997,1.0000000000000002,-0.4553014451870918,5.1862559595169575
60679080,20260207,33.333333333333336,26.0,0.1549441299999988,0.2566166745,12.11552835205835,78.56465864746977,1.8772300000000002,20.16108,7581,35,0.00962544438801422,0.0035997970724004,0.0563169,0.6048324230725259,-0.534018140305448,2.021717640287299
60679832,20260207,84.40433999999999,1.33,104.07477300999997,24.35628511343894,0.622716227243396,3.4654028228382425,64.80905,84.40434265136719,56104,113,0.005226171845890156,0.0070116654256639,0.7678402556077093,1.0,-0.5317923103433113,1.6055659481349496
60695475,20260207,34.930139720558884,11.0,2.3717372799999987,0.0,6.548043972222762,0.0,15.53024,0.0,9663,0,0.003470905172413793,0.0,0.4446085851428571,0.0,-0.4047232752524762,-1.0
60726038,20260207,47.8357,9.0,11.819992299999997,4.346536352357369,3.9694002169527645,11.005473348302312,46.918279999999996,47.83570098876952,31724,14,0.0001872077460716115,0.0011058451816745,0.980821436709403,0.9999999999999996,-0.5589555314496928,0.2228303720335901
60739483,20260207,14.583333333333334,1.78,5.456920499999997,0.0,0.40989418848964376,0.0,2.23676,0.0,207241,0,0.5357833505687694,0.0,0.15337782857142856,0.0,-0.7697223660170541,-1.0
60739866,20260207,99.7291,1.09,77.94989387999999,37.9913715691305,0.49769112014088107,2.625046065574707,38.794970000000006,99.72910308837886,22631,92,0.014751971840166873,0.0312708937465634,0.38900351050997156,0.9999999999999996,-0.5434026420725862,1.4082990689807828
60741109,20260207,612.09021,1.82,352.99568687,158.79274536563355,0.8441795214051535,3.85464842677101,297.99173,612.0902099609374,24102,144,0.0017224080267558529,0.0303380761100402,0.48684282991554473,0.9999999999999998,-0.5361650981290366,1.1179386349893998
60745623,20260207,1000.0,22.2,11.508108750000002,27.394219510728327,11.136856001643189,36.50405017395443,128.16415,999.9999999999984,245460,390,0.027238528546856794,0.0182754216470581,0.12816415,0.9999999999999984,-0.4983398197458023,0.6443265279023807
60758778,20260207,502.08629,1.73,414.21884197000014,190.26219618509435,1.0995104129835436,2.638917825712319,455.43793000000005,502.0863037109376,34947,210,0.009321188520217646,0.0416756238650387,0.9070909504420047,1.0000000000000002,-0.364444847986391,0.5253860096057167
60762511,20260207,2000.0,33.74,0.6070166399999992,1.7059362709000003,17.502535021115754,46.01950572226049,10.62433,78.50639000000001,88047,25,0.00562198298980921,0.0001069528421203,0.005312165000000001,0.039253195,-0.4812526668311869,0.3639449743012489
60762714,20260207,122.44897959183672,18.6,1.0652595699999985,0.0,7.856141578714014,0.0,8.368829999999999,0.0,1905,0,0.005614500442086649,0.0,0.068345445,0.0,-0.5776267968433327,-1.0
60765488,20260207,117.6470588235294,8.1,0.40429785999999945,5.059628927288975,6.290189119477415,23.252107025666767,2.54311,117.64705657958984,3581,103,0.005104047890535918,0.0674454261264515,0.021616435,1.0,-0.22343344203982524,1.87063036180348
60769562,20260207,583.7024200000001,400.0,2.0659779499999984,0.0,279.36323328136217,0.0,577.15828,0.0,167281,0,0.058614877886401066,0.0,0.98878856798298,0.0,-0.3015919167965946,-1.0
60828716,20260207,23.92696,1.88,28.880292099999956,0.0,0.8284874653328054,0.0,23.926960000000005,0.0,3371,0,0.004836441893830703,0.0,1.0000000000000002,0.0,-0.5593151780144652,-1.0
60844239,20260207,194.44444444444449,5.0,21.136006599999998,14.43076134237899,4.264975958135819,13.474301505056053,90.14456,194.4444427490234,35519,38,0.024398268992993542,0.0215670397713741,0.4636005942857142,1.0,-0.14700480837283614,1.6948603010112104
60848391,20260207,41.73037999999999,16.0,3.2187120799999978,0.0,6.117872462826813,0.0,19.69167,0.0,17991,0,0.0030296039337195206,0.0,0.4718785211157915,0.0,-0.6176329710733242,-1.0
60858118,20260207,119.63921,2.64,81.71889277,25.279707647382097,1.522887006683559,4.7326183711536265,124.44864000000001,119.63921356201172,23090,76,0.01317471185667009,0.04896331738437,1.0401994463186441,1.0,-0.42314886110471256,0.7926584026879834
60862222,20260207,166.66666666666666,7.6,1.2565122099999995,0.0,3.240740493878688,0.0,4.07203,0.0,34315,0,0.017338689303218635,0.0,0.02443218,0.0,-0.5735867771212253,-1.0
60880371,20260207,33.805879999999995,45.0,0.7045939199999972,0.0372253636,43.47542482342186,226.4827714732792,30.632519999999996,8.43113,29736,6,0.006883333333333333,0.0001054749033179,0.9061299395253134,0.2493983184535244,-0.03387944836840309,4.032950477183983
60882186,20260207,112.01828,35.0,4.6258222700000005,0.0,24.577976274043053,0.0,113.69334999999998,0.0,34696,0,0.2579628252788104,0.0,1.0149535415112603,0.0,-0.2977721064559128,-1.0
60882731,20260207,92.20477000000002,37.0,2.940335039999998,0.0,22.973970340468426,0.0,67.55117,0.0,305221,0,0.08228755526798232,0.0,0.7326212082086424,0.0,-0.3790818826900425,-1.0
60906442,20260207,142.7203,2.47,166.35510802000022,15.431413720355572,0.8585150266791298,9.248685812858254,142.81836,142.72030639648457,22295,236,0.020072926982983703,0.2140742320477392,1.000687078152162,1.000000000000001,-0.6524230661218099,2.7444071683117026
60906649,20260207,4.077471967380224,52.0,0.2873187599999986,0.0671882008,10.01208553176275,36.45877567872485,2.87666,2.449636,684928,3,0.00945419410051486,2.83304006820786e-06,0.7055008650000001,0.6007731230057489,-0.8074598936199471,-0.2988696984860606
60908226,20260207,470.27303,2.33,380.7916222499998,94.51359309238627,1.2054486579503527,4.975718522689931,459.0247499999999,470.273040771484,134816,332,0.009801235914213013,0.0408263649778652,0.9760813840419467,0.9999999999999992,-0.4826400609655139,1.135501581809344
60912674,20260207,6.021550000000003,2.3,3.3704286399999983,0.0,0.6195206079188791,0.0,2.08805,0.0,3379,0,0.0064806290755657844,0.0,0.34676287666796735,0.0,-0.7306432139483134,-1.0
60916277,20260207,262.21178,1.31,260.5422288999996,136.21320415238733,0.7796023733179953,1.9250100729869792,203.11934000000008,262.2117919921875,22338,82,0.049662072032014226,0.0618940368940369,0.7746385002229881,1.0,-0.40488368449007994,0.4694734023442151
60917464,20260207,1000.0,20.54,0.0020245699999999,0.3143918551,0.0,45.78306970564485,0.0,14.39387,2370,8,0.6405405405405405,0.2395833333333333,0.0,0.01439387,-1.0,1.2289711618773516
60930313,20260207,64.68921,1.84,3.2921591299999995,0.0,1.1474384593310958,0.0,3.7775499999999997,0.0,4987,0,0.010312241521918942,0.0,0.05839536454379331,0.0,-0.37639214166788276,-1.0
60949070,20260207,66.13085000000001,9.0,4.899742599999998,0.0,7.56743833849558,0.0,37.0785,0.0,11699,0,0.004128815952002823,0.0,0.5606838563242419,0.0,-0.15917351794493553,-1.0
60961963,20260207,27.77777777777778,2.08,0.4487938799999991,3.6450565218706577,0.16782760050114798,7.620669484313823,0.07532,27.77777862548829,6459,36,0.031157742402315485,0.3056485466815453,0.00271152,0.9999999313354564,-0.9193136536052173,2.663783540306887
60972908,20260207,1000.0,2.2,34.42934963000001,186.92988427022996,1.5905987359192524,5.349599388853086,54.76328,999.9999999999995,3110,252,0.009444275736410568,0.2434608317801839,0.054763280000000004,0.9999999999999996,-0.27700057458215804,1.4316360331380202
61011193,20260207,1128.4313299999994,3.5,79.66752448,175.7177342849376,2.3493236575586893,6.421840530691101,187.1648,1128.431274414062,34621,647,0.0036072183960740595,0.0331896993946855,0.16586281772236872,0.9999999999999996,-0.32876466926894593,0.8348115801974575
61011487,20260207,420.4162162162162,3.33,1.3659385899999992,55.05152320023522,4.202246017516793,7.636777280114808,5.74001,420.4162292480469,4418,405,0.03440809968847352,0.5263558974423981,0.01365316031731746,1.0,0.26193574099603395,1.2933265630876094
61012951,20260207,119.05549000000002,2.3,25.964335379999998,31.201732831984664,1.5891668088597923,3.8156690018419046,41.26166,119.05548858642572,7512,85,0.002485277575597168,0.0273487773487773,0.3465750298453267,0.9999999999999994,-0.3090579091913946,0.6589865569341513
61019035,20260207,115.3846153846154,2.33,9.77133559,0.0,1.4269789294996469,0.0,13.94349,0.0,2589,0,0.00909697821503865,0.0,0.12084357999999999,0.0,-0.3875626912018683,-1.0
61022895,20260207,1.32579105532968,26.0,0.0056692399999997,0.018744259637875,0.0,70.72673448817454,0.0,1.3257910013198853,10028,2,0.005366297426018087,0.000768614586512,0.0,0.9999992806757404,-1.0,1.720259018775944
61027483,20260207,4.077471967380224,52.0,0.3563199199999988,0.4926581021682125,8.884235268126492,8.276456712457245,3.1656299999999997,4.077471733093262,968242,11,0.0309867187249976,0.0005361501221293,0.7763707575,0.9999997661114152,-0.8291493217667983,-0.8408373709142837
61030217,20260207,46.25146000000001,20.1,2.3149738599999976,0.0,17.61766329404689,0.0,40.78443,0.0,9946,0,0.0033724399837243998,0.0,0.8817976773057541,0.0,-0.12349933860463248,-1.0
61034097,20260207,2664.894420000001,2.82,1171.39858301,595.4537758392977,1.5425399997983218,4.475401172859148,1806.9291699999999,2664.8945312500023,150689,967,0.002572639256184943,0.0331994369485357,0.6780490650732794,1.0000000000000009,-0.4530000000715171,0.5870217300724392
61042371,20260207,220.99027000000007,1.82,197.71575504,66.73148532830164,1.240848206306908,3.3116340883726627,245.33524,220.990264892578,18111,99,0.002402116823173643,0.0167004048582995,1.1101630854607305,0.9999999999999994,-0.3182152712599407,0.8195791169955713
61076126,20260207,40.32258064516129,2.5,2.2049169599999994,0.0,2.2142194416246865,0.0,4.88217,0.0,46879,0,0.07186723900045991,0.0,0.12107781600000002,0.0,-0.11431222335012539,-1.0
61087629,20260207,57.142857142857146,1.67,0.5514060199999995,7.582388687076953,0.4873722633641182,7.536259537714321,0.26874,57.14285659790039,5071,14,0.0024530766253869967,0.28,0.004702949999999999,1.0,-0.7081603213388513,3.512730378071676
61095720,20260207,7.352941176470588,1.35,0.6012119099999996,1.565108989758204,1.2261733138320572,4.698034696820465,0.73719,7.352941036224365,2877,3,0.017003546099290782,0.625,0.10025784,0.9999998703003072,-0.09172347123551325,2.4800256398890284
61098328,20260207,175.43859649122808,52.0,0.2929606599999988,0.0,13.9853931241144,0.0,4.09717,0.0,12796,0,0.3797032640949555,0.0,0.023353869,0.0,-0.7310501322285692,-1.0
61100993,20260207,118.66019,5.1,35.57482887999999,21.33909299262413,3.314711938538495,5.560694695313356,117.92031,118.66018676757814,8192,44,0.005963890506697728,0.0519080611459364,0.9937647158663744,1.0000000000000002,-0.3500564826395108,0.0903323135873624
61106509,20260207,50.0,1.11,29.731472540000006,22.38842448876026,0.6189720329270982,2.233296844617397,18.40295,50.0,18744,196,0.005610632183908046,0.0703222049689441,0.368059,1.0,-0.44236753790351513,1.01197911336559
61109358,20260207,21.234762092017306,54.68,0.24533726999999983,0.0,6.697922415130817,0.0,1.64325,0.0,253967,0,0.024310506566604127,0.0,0.07738490277777776,0.0,-0.8775069053560567,-1.0
61112285,20260207,131.01449000000002,1.96,36.45122326,34.57889450609325,1.0054381368379899,3.788857160765095,36.64945,131.01449584960935,5231,72,0.000506928965985076,0.0349664386421299,0.279735852118342,0.9999999999999998,-0.4870213587561276,0.9330903505222192
61136703,20260207,28.116213683224,52.0,0.1347540599999996,0.0,16.376129965954323,0.0,2.20675,0.0,5691,0,0.47425,0.0,0.07848674166666665,0.0,-0.6850744237316477,-1.0
61145915,20260207,7.368421052631579,8.1,0.01351633,0.1644145352921975,0.0,44.81584458934001,0.0,7.368421077728271,26806,2,0.008582863729508197,0.0227272727272727,0.0,0.9999998705727884,-1.0,4.53282005910329
61154489,20260207,5.9523809523809526,6.1,0.023762619999999898,0.4467577070868651,0.0,13.323480974430922,0.0,5.952381134033203,20510,1,0.006707217371398672,0.0172413793103448,0.0,0.9999998211860656,-1.0,1.1841772430705402
61159718,20260207,3.703703703703704,13.8,0.5030550199999981,0.2270412196010313,7.174642646444544,16.312841058371394,3.6092399999999993,3.70370364189148,2845,1,0.008697645979822683,0.0025252525252525,0.9744947999999997,0.9999997615814208,-0.48009835895329395,0.1820899154279446
61185226,20260207,280.8988764044944,3.0,3.1697488299999996,0.0,1.8745428482420168,0.0,5.9418299999999995,0.0,2263,0,0.0033821551337617694,0.0,0.0211529148,0.0,-0.37515238391932776,-1.0
61185244,20260207,445.2629400000001,1.3,301.10735144999995,144.1888318156938,0.7926854952248961,3.0880542602232746,238.68343000000004,445.2629394531247,13593,150,0.007295121558525197,0.1134364857053932,0.5360505188237763,0.9999999999999992,-0.39024192675007996,1.375426441148026
61185698,20260207,7.1040600000000005,52.0,0.42989980999999794,0.32320543163964,16.52492007381914,21.979946800549325,7.1040600000000005,7.104060173034669,1136270,18,0.017067287111402173,7.176237692871628e-05,1.0,0.9999998657564598,-0.6822130755034781,-0.5773087153740515
61185812,20260207,498.5705128205128,3.59,18.21317155,74.01697619864922,1.8193399161169161,6.735894182559856,33.13595,498.5705261230468,67957,327,0.030691446120494986,0.0662646402677077,0.06646191290484334,0.9999999999999998,-0.4932200790760679,0.8762936890260266
61186486,20260207,21.234762092017306,54.68,0.006260219999999799,0.0534515064,8.807997163039282,12.875542165409104,0.05514,0.68823,209741,2,0.01405591781207487,9.275063856640206e-06,0.002596685555555555,0.0324105319365655,-0.8389173891177892,-0.7645292228685238
61188825,20260207,23.36448598130841,52.0,0.0494918399999988,0.0690529890999999,0.0,26.63828728759133,0.0,1.83948,332981,6,0.005326945966007986,7.357654137637232e-06,0.0,0.0787297351702949,-1.0,-0.4877252444693975
61190600,20260207,992.44652,6.1,135.64135211999996,99.7941505123,3.1525223931835877,9.94493683410698,427.6124,992.4465332031248,19949,166,0.0025239119433198383,0.0338637290901672,0.43086694485059,1.0,-0.4831930502977725,0.6303175392764222
61191979,20260207,346.15384615384613,6.0,20.44772062,23.78768082925215,1.9336790997294055,14.551810537740437,39.53933,346.1538391113281,6946,166,0.0035624166581187814,0.0443263090676883,0.11422473111111112,1.0,-0.677720150045099,1.4253017562900725
61194572,20260207,309.0961200000001,3.13,146.59471051999998,42.323237127037785,2.1085080007564794,7.303224990566841,309.09612,309.0961303710937,16315,93,0.008944627192982457,0.3027690700104493,0.9999999999999997,0.9999999999999998,-0.3263552713238085,1.33329863371949
61218808,20260207,804.4937299999997,4.0,165.45907342999993,82.20605651860012,4.1432715401372615,9.786306966452926,685.54187,804.4937133789062,599199,485,0.2709346174715138,0.047924587120513,0.8521407245771826,1.0,0.03581788503431538,1.4465767416132316
61218812,20260207,1560.8154700000005,4.0,64.79945852,148.21222485442524,3.0986670967015355,10.530949256645942,200.79194999999999,1560.8154296875,521523,783,0.25519817968291253,0.2793039190073946,0.1286455406544631,1.0,-0.22533322582461612,1.6327373141614854
61218892,20260207,119.60393,4.0,0.6590469999999994,5.131037142940669,2.8258530878677877,23.30988861910077,1.86237,119.60392761230467,2101,27,0.011575757575757576,0.0864594344325527,0.015571143857898316,1.0,-0.2935367280330531,4.827472154775194
61245888,20260207,128.2051282051282,3.76,7.244865859999999,7.534689351243203,2.092156058221346,17.01531422325984,15.15739,128.20512390136713,4819,48,0.0017333908852199562,0.0391826021747281,0.118227642,0.9999999999999996,-0.44357551643049303,3.525349538940674
61261395,20260207,4.044489383215369,16.0,0.0256127899999997,0.2219243994638052,0.0,18.22454479509518,0.0,4.04448938369751,195510,4,0.039794422959495215,0.0010867852550112,0.0,0.9999997642040808,-1.0,0.1390340496934488
61275566,20260207,729.8732500000002,1.8,380.58487383000016,200.24402499307368,1.1486562132662985,3.644918875161423,437.16117999999994,729.8732299804688,33835,179,0.011720184280716339,0.13619769062837,0.5989549281330694,1.0,-0.3618576592965008,1.0249549842882226
61280560,20260207,1000.0,30.15,0.8278719799999977,0.0185774659,11.119980168914552,28.228380256089928,9.205919999999999,0.52444,20802,1,0.01524961513085551,5.0505050505050505e-05,0.00920592,0.00052444,-0.6311781038502636,-0.0637353030432316
61292982,20260207,9.42855,2.24,0.6256063999999997,0.8980715221036545,1.4892590612883763,10.49865075980166,0.9316899999999999,9.428549766540527,20124,11,0.1099672131147541,0.5,0.09881583064203933,0.9999998988525018,-0.33515220478197494,3.686897640671394
61325277,20260207,159.26296000000002,2.64,114.76722292000011,27.707432589209656,1.382764747306128,5.748022609136099,158.69607000000002,159.26295471191406,8885,52,0.009974180511899416,0.2406403940886699,0.9964405408514321,1.0,-0.4762254745052546,1.1772812048220491
61327659,20260207,1111.111111111111,41.78,0.2157626299999992,0.0493543433,19.956838679617576,65.43060556525396,4.30594,3.22935,250533,8,0.002811808714448773,7.948894213548236e-06,0.0038753459999999996,0.0029064150709573,-0.5223351201623366,0.5660748558393113
61328223,20260207,1666.6666666666667,48.86,9.830470329999999,25.241886022084056,19.741280273006026,66.02781418514388,194.06607000000002,1666.666625976561,3080441,2126,0.034758816248097284,0.0023139657063405,0.11643964200000001,0.999999999999999,-0.595962335796029,0.3513674449515892
61329740,20260207,25.42372881355932,10.0,2.322882929999999,0.0,2.7071273884646447,0.0,6.28834,0.0,147899,0,0.01869677892394822,0.0,0.24734137333333336,0.0,-0.7292872611535355,-1.0
61361730,20260207,372.3404255319149,1.5,75.30825108,139.6031341055244,0.44157166742159853,2.667135113423754,33.25399,372.3404235839844,6373,82,0.0029048726013036147,0.0173876166242578,0.08931071600000001,1.0000000000000002,-0.7056188883856009,0.778090075615836
61380657,20260207,27.354690000000005,7.1,9.962235880000001,2.1508976702530758,2.362850095454676,12.71779602176203,23.539270000000002,27.354690551757805,17955,40,0.01990355836381776,0.0259740259740259,0.8605204445745865,0.9999999302734388,-0.6672042119077921,0.7912389003644906
61390918,20260207,14.285714285714286,1.45,3.180523099999999,0.0,0.3972837046836731,0.0,1.26357,0.0,9510,0,0.0026764606551840596,0.0,0.0884499,0.0,-0.726011238149191,-1.0
61390940,20260207,58.39817,10.0,12.34167202,3.81609216418115,4.677778659686015,15.303130180188452,57.731609999999996,58.3981704711914,763272,123,0.028406209178299884,0.0306193137835716,0.9885859437033728,1.0,-0.5322221340313985,0.5303130180188452
61400136,20260207,267.85714285714283,2.25,0.5897171499999989,39.833836550930776,1.7456165214120056,6.724362092261885,1.02942,267.85714721679693,14208,265,0.007076754495193505,0.1677485404352385,0.0038431680000000005,1.0000000000000002,-0.2241704349279975,1.988605374338616
61404169,20260207,8.771929824561404,1.68,1.3943859299999994,0.0,0.33074774356049347,0.0,0.46119,0.0,6830,0,0.015572275421796625,0.0,0.052575659999999996,0.0,-0.8031263431187539,-1.0
61404245,20260207,8.771929824561404,1.51,0.9756359899999988,3.340100673430733,0.5204400054983628,2.6262463237820577,0.50776,8.771929740905762,11517,5,0.010368203096867123,0.0471698113207547,0.057884639999999994,0.9999998912811388,-0.655337744703071,0.7392359869991422
61423925,20260207,1000.0,20.04,2.8435154499999977,0.0,13.622349053879779,0.0,38.73536,0.0,974466,0,0.019203154590295417,0.0,0.03873536,0.0,-0.32024206317965176,-1.0
61443196,20260207,27.77777777777778,25.0,0.5755063499999986,0.0118493375,5.57340505452287,14.614773629864974,3.20753,0.17319,148960,3,0.022692096764365365,4.8247418186271474e-05,0.11547108,0.0062348393816153,-0.7770637978190852,-0.415409054805401
61444303,20260207,1000.0,1.05,76.79421796,470.00769471478657,0.6856417240608619,2.1276247370358536,52.65332,1000.0000000000002,2343,272,0.004015424164524422,0.1344614319415513,0.05265332,1.0000000000000002,-0.34700788184679826,1.026309365388394
61445437,20260207,67.55288000000002,5.6,23.472981179999998,7.393611501354385,2.877899465857281,9.136654013328608,67.55288,67.55287933349611,3453,16,0.001667632570269487,0.0362811791383219,0.9999999999999998,1.0000000000000002,-0.4860893810969141,0.631545387308018
61446523,20260207,280.8988764044944,3.0,5.3362700499999995,0.0,1.898284739169076,0.0,10.129760000000001,0.0,2873,0,0.002981837052413077,0.0,0.036061945600000006,0.0,-0.3672384202769747,-1.0
61451829,20260207,72.63998000000001,19.25,3.4158564799999995,0.0,18.170526297990133,0.0,62.06791,0.0,44344,0,0.011303882331948303,0.0,0.8544593486947545,0.0,-0.05607655594856453,-1.0
61462330,20260207,7.462686567164179,5.1,0.03346303,0.9869193583711452,0.0,7.561589418433946,0.0,7.462686538696289,1398,5,0.0009484396200814112,0.0361904761904761,0.0,0.9999998722076574,-1.0,0.482664619574875
61467151,20260207,5.652430000000001,19.25,1.012363219999999,0.1667949621124059,5.583401182828437,33.8882907352181,5.65243,5.652430057525635,2921,1,0.007875438123483418,0.0476190476190476,0.9999999999999999,0.9999998211860656,-0.7099531853076136,0.7604306875437974
61470571,20260207,1162.7906976744189,20.6,3.157815789999999,0.0,10.263480251962388,0.0,32.41018,0.0,1818,0,0.004984919111598574,0.0,0.02787275479999999,0.0,-0.5017728033027967,-1.0
61471905,20260207,1000.0,28.73,7.482276129999999,0.0,15.36913206650127,0.0,114.99609000000001,0.0,207203,0,0.011154639175257731,0.0,0.11499609000000001,0.0,-0.46504935375909257,-1.0
61515335,20260207,4.7828800000000005,2.04,2.1967934799999984,0.0,2.187465523613992,0.0,4.80541,0.0,43633,0,0.01808546795987731,0.0,1.0047105509651089,0.0,0.0722870213794079,-1.0
61521770,20260207,101.2775,3.79,34.56488058000001,38.40211061915571,4.1200177061337895,2.637289775684404,142.40792,101.27749633789055,5436,63,0.5490909090909091,0.5566534914361001,1.406116067240996,0.9999999999999994,0.08707591190865156,-0.3041451709157893
61524679,20260207,2.69648,52.0,0.1033659199999992,0.2166995148264831,6.895599632838421,12.443348544607709,0.71277,2.6964800357818604,289788,8,0.010954452840601953,5.238395032689676e-05,0.26433350145374707,0.9999996463263342,-0.8673923147531073,-0.760704835680621
61524837,20260207,1000.0,18.9,2.185272169999998,0.0,10.3555750677958,0.0,22.62975,0.0,27875,0,0.0031670737942396184,0.0,0.02262975,0.0,-0.4520859752488995,-1.0
61547249,20260207,70.0,8.7,1.840172769999998,0.0,4.046842840740442,0.0,7.44689,0.0,14952,0,0.0038398520763245074,0.0,0.10638414285714286,0.0,-0.5348456504896043,-1.0
61552681,20260207,1.5432098765432098,3.88,0.1298749999999998,0.2278798872318039,1.3054090471607336,6.772002378694377,0.16954,1.5432099103927612,3937,5,0.02909830007390983,0.0094467270937859,0.10986192,0.9999993820194384,-0.6635543692884707,0.745361386328252
61583194,20260207,2182.06944,300.0,6.364344179999998,0.2410189007,207.2730893695948,418.306246526472,1319.1572800000001,100.82013,384103,7,0.008865231530527224,1.1254481026951005e-05,0.6045441340308584,0.0462039076117092,-0.30908970210135067,0.3943541550882399
61590141,20260207,28.447170000000018,21.41,1.570751739999998,0.0,11.944541917235135,0.0,18.76191,0.0,11590,0,0.0017102719612790886,0.0,0.6595352015683805,0.0,-0.4421045344588914,-1.0
61593737,20260207,118.54912000000002,22.0,7.486773609999998,4.731824574610426,9.508955887875446,25.053568896979552,71.1914,118.5491180419922,132279,25,0.009254551051534275,0.001247940897519,0.6005223826208073,1.0,-0.5677747323692979,0.1387985862263432
61619011,20260207,162.85718,1.46,52.408485999999996,65.33927288393022,0.7158806304765225,2.4924852704007283,37.51822,162.85717773437506,4171,60,0.008682348043297252,0.0525902165196471,0.23037498254605662,1.0000000000000004,-0.5096708010434777,0.7071816474499429
61622102,20260207,100000.0,60.0,0.7477592299999991,0.0,66.80131517734668,0.0,49.9513,0.0,3065,0,0.004780845421931056,0.0,0.000499513,0.0,0.113355252955778,-1.0
61627716,20260207,498.5705128205128,3.59,13.355976779999999,62.55232504069087,1.9288458211889765,7.970455419974655,25.76162,498.5705261230463,12170,236,0.006199378533951403,0.0269529465509365,0.051670965966802526,0.9999999999999988,-0.4627170414515386,1.2201826213187903
61630077,20260207,1000.0,30.15,0.45239702999999837,0.0,12.688986928141459,0.0,5.740459999999999,0.0,8913,0,0.0014324515444698017,0.0,0.0057404599999999984,0.0,-0.5791380786686082,-1.0
61642024,20260207,20.98801,12.13,2.5296678399999997,0.0,7.168751451573975,0.0,18.13456,0.0,191357,0,0.02518949017336475,0.0,0.8640438040576501,0.0,-0.40900647555037306,-1.0
61652353,20260207,1000.0,2.76,53.638024000000044,153.0347484803632,0.8649744442487286,6.534463599904914,46.395520000000005,1000.0000000000008,1590250,1872,0.07337606009431263,0.0374361130994526,0.04639552,1.0000000000000009,-0.6866034622287215,1.3675592835085937
61663854,20260207,141.18399000000002,3.6,47.95950828,31.5873436402572,2.476000781882912,4.469637827631148,118.74778,141.18399047851557,5127,31,0.004582588487665355,0.0123015873015873,0.8410853100270079,0.9999999999999996,-0.3122220050325244,0.2415660961211438
61697828,20260207,82.3529411764706,1.9,5.539783079999999,0.0,1.4736587844880022,0.0,8.16375,0.0,4965,0,0.003538088790707618,0.0,0.09913124999999999,0.0,-0.2243901134273672,-1.0
61702785,20260207,0.8682062858135093,52.0,0.0372381799999999,0.0471962779649885,0.0,18.395261337582777,0.0,0.868206262588501,133808,4,0.004937418821584602,5.8215017238457214e-05,0.0,0.9999988329066234,-1.0,-0.6462449742772542
61709401,20260207,15.873015873015872,8.1,1.6325031599999984,0.0,2.87170041373764,0.0,4.68806,0.0,2118,0,0.005498442367601246,0.0,0.29534778000000006,0.0,-0.6454690847237481,-1.0
61709841,20260207,197.8021978021978,3.6,0.3534913699999999,13.87465734341398,3.192298584262468,14.2563654845797,1.12845,197.80220031738284,9560,54,0.0032396895862279304,0.0636940731245803,0.005704941666666666,1.0000000000000002,-0.11325039326042563,2.9601016284012287
61736578,20260207,1000.0,23.79,13.92317826,28.59506210428316,22.28128407227618,34.971071627053426,310.22628999999995,999.9999999999992,286701,403,0.004583234086225887,0.0064262467355479,0.31022628999999996,0.9999999999999992,-0.06341807178326272,0.46999034389395
61768085,20260207,40.32258064516129,2.3,2.802410779999999,0.0,1.792842090052195,0.0,5.02428,0.0,23636,0,0.02418747441670078,0.0,0.12460214400000001,0.0,-0.2205034391077412,-1.0
61777401,20260207,4432.506930000003,300.0,11.881192509999998,1.4682583823,227.87231228862566,393.1698015753248,2707.39481,577.2752499999999,694307,11,0.013002977751142408,3.7406952573892975e-05,0.6108044167231562,0.1302367421793051,-0.24042562570458112,0.3105660052510827
61795733,20260207,47.716910000000006,13.34,2.913293729999999,0.0,3.5670965453936576,0.0,10.392,0.0,177887,0,0.006695107584955795,0.0,0.21778442904203138,0.0,-0.7326014583662926,-1.0
61798105,20260207,45.45454545454545,8.0,10.374591689999999,2.3594491677430627,2.458500610157507,19.264888357808573,25.50594,45.45454406738281,15819,29,0.04744751049790042,0.0750862198230619,0.56113068,1.0,-0.6926874237303116,1.4081110447260716
61810671,20260207,83.33333333333333,10.0,0.0028838699999999997,0.0,5.617451549480386,0.0,0.0162,0.0,5158,0,0.14653409090909092,0.0,0.0001944,0.0,-0.43825484505196144,-1.0
61831943,20260207,104.30993,5.6,47.090962860000005,15.179063464747852,1.9429874532830904,6.8719603330161965,91.49715,104.30992889404295,9182,16,0.0035209755349336607,0.0013670539986329,0.8771662486975115,1.0,-0.6530379547708767,0.2271357946508902
61834352,20260207,139.53488372093022,8.1,21.142283720000002,11.176582740354467,4.583750331016748,12.48457353636501,96.91095,139.53488159179685,3701,31,0.003429709943471411,0.0125,0.694528475,0.9999999999999998,-0.4341048974053398,0.5413053022720615
61861065,20260207,125.0,2.8,12.378150309999999,5.731241192118493,1.112624233434438,21.81028053078928,13.77223,125.00000000000006,251668,135,0.031950538289660775,0.0203037703604363,0.11017784,1.0000000000000004,-0.6026342023448436,6.7893860365057686
61869045,20260207,593.0689100000001,13.49,11.021867570000008,32.482995055348844,13.759977520760566,18.257826577353164,151.66065,593.068908691406,185192,219,0.012635744599555137,0.0080591742106425,0.255721801367062,0.9999999999999996,0.020013159433696526,0.3534341650948599
61879187,20260207,66.1471,54.0,1.5291670999999987,0.0,43.25694686996604,0.0,66.1471,0.0,840301,0,0.011986183739433828,0.0,1.0,0.0,-0.19894542833396217,-1.0
61880373,20260207,461.1956700000001,1.01,559.35460876,184.44281234137716,0.583894375562631,2.5004806116101177,326.60401,461.1956787109375,110215,259,0.010199048711874445,0.0272232723062918,0.7081679886543599,1.0,-0.42188675686868216,1.4757234012083722
61887714,20260207,555.5555555555555,11.1,0.1607658499999996,1.964660645807573,0.0,282.7741576661292,0.0,555.5555419921875,1021,11,0.2430952380952381,0.3115384615384615,0.0,1.0,-1.0,24.47514846379561
61894872,20260207,59.70149253731344,5.1,1.1046315399999997,4.396731100660551,8.226643610049376,13.578605869709676,9.087409999999998,59.70149230957031,5999,7,0.004337358108596631,0.0522605832985579,0.15221411749999994,1.0,0.6130673745194856,1.6624717889456415
61914746,20260207,20.83333333333333,11.0,0.3186287699999997,0.9728788339500936,2.3789753825431417,21.41408758009564,0.75801,20.833333969116207,17018,28,0.002918138482115299,0.0124531999531999,0.036384480000000004,0.9999999084472766,-0.7837295106778961,0.9467352345541488
61915131,20260207,1000.0,20.52,0.755107939999999,0.0117062336,8.749662995200406,16.909203895957116,6.60694,0.19796,3623,1,0.01010599721059972,0.0002170138888888,0.0066069399999999995,0.00019796,-0.5736031678752238,-0.1759647408019634
61917856,20260207,183.66036000000005,3.5,39.25839492,33.87077161685108,1.1879578901541092,5.422384564173916,46.63732,183.6603546142578,11011,55,0.005503023639362287,0.00656402912042,0.25393242178116165,1.0,-0.6605834599559687,0.5492527326211187
61921752,20260207,50.0,2.83,5.9115299199999995,0.0,1.2549610845917871,0.0,7.41874,0.0,2278,0,0.0029458166300271563,0.0,0.1483748,0.0,-0.5565508535011353,-1.0
61927008,20260207,347.65362000000005,1.0,307.94050145,310.36138112076617,0.7964333981570192,1.1201574858079608,245.2541,347.65362548828125,52743,72,0.04114760493056639,0.0453317901234567,0.7054553322355739,1.0,-0.2035666018429808,0.1201574858079608
61939692,20260207,1000.0,1.29,9.942765969999998,0.0,1.21084414903512,0.0,12.039139999999998,0.0,3112,0,0.031182364729458917,0.0,0.012039139999999999,0.0,-0.061361124778976726,-1.0
61944621,20260207,147.54098360655738,7.1,9.787200359999998,0.0,2.3385574176597324,0.0,22.887929999999997,0.0,2033,0,0.002781121751025992,0.0,0.15512930333333333,0.0,-0.6706257158225729,-1.0
61946302,20260207,17.54385964912281,10.0,0.0284664499999998,0.8591477304360787,0.0,20.420049358516504,0.0,17.54385948181152,2839,41,0.001992700217589668,0.0323749254689172,0.0,0.9999998912811384,-1.0,1.0420049358516503
61947448,20260207,142.85714285714286,25.0,0.00273055,0.003430154,0.0,8.399506405133668,0.0,0.02882,2821,1,0.020973977695167286,0.000402576489533,0.0,0.0002017399938433,-1.0,-0.6640197437946533
61974075,20260207,127.96638000000002,1.28,79.44294961,75.25905363722796,0.9657286187966856,1.7003452657642126,76.72032999999999,127.96637725830078,4271,38,0.006751501738855517,0.0619616709732988,0.5995350497529115,1.0,-0.2455245165650894,0.328394768570228
61981383,20260207,103.8961038961039,4.0,30.162857709999994,12.352301506892234,2.3545835969134377,8.411071769599426,71.02097,103.89610290527348,3839,19,0.0017016843971631205,0.0379106776180698,0.6835768362500001,1.0000000000000002,-0.4113541007716406,1.1027679423998564
61991620,20260207,42.08653000000001,1.92,10.99126112,0.0,1.0846980951354197,0.0,11.9222,0.0,3853,0,0.005161419959812458,0.0,0.28327828404955213,0.0,-0.4350530754503022,-1.0
61992618,20260207,83.12442,4.0,9.788109599999999,0.0,3.4120040911679212,0.0,33.39707,0.0,4399,0,0.04470528455284553,0.0,0.40177206649983244,0.0,-0.1469989772080197,-1.0
62027377,20260207,2104.15374,13.5,184.01624725,94.00636983376928,10.056164700967727,22.383097974439504,1850.4976899999997,2104.15380859375,515431,385,0.018754061498269883,0.0130832228905426,0.8794498495152733,1.0,-0.2550989110394276,0.6580072573658892
62034028,20260207,313.8476000000001,2.57,108.55843762000006,62.52565540033746,1.8011911767231996,5.019501006200548,195.53449999999998,313.8475952148436,28096,224,0.0038723726827923645,0.0396951975899344,0.6230237223416712,0.9999999999999994,-0.2991474020532297,0.95311328271787
62054606,20260207,13.043478260869565,6.2,1.0990061199999988,0.8834402849133076,1.5146321478173406,14.764397175942396,1.66459,13.04347801208496,39204,1,0.009777533918595371,0.0004510599909788,0.12761856666666668,0.9999999403953552,-0.7557044922875258,1.38135445647576
62086487,20260207,49.43966,8.0,0.5063748299999995,4.167371373375324,1.34088418257282,11.863508870604996,0.67899,49.43965911865236,2641,22,0.0007080998471726949,0.0052300471223997,0.013733710951895704,1.0000000000000002,-0.8323894771783975,0.4829386088256246
62095724,20260207,12.5,10.5,0.24413513999999892,0.193252562817807,1.9979508070816934,64.68186054497001,0.48777000000000004,12.499999999999998,2214,13,0.0005013814031432583,0.0093114652627304,0.039021600000000004,0.9999999237060604,-0.8097189707541245,5.160177194759048
62097829,20260207,17.931050000000003,1.97,1.8195641399999993,0.0,1.8374510282446,0.0,3.34336,0.0,5353,0,0.0009055384511283283,0.0,0.1864564540280686,0.0,-0.06728374200781728,-1.0
62098540,20260207,25.64102564102564,13.15,0.8453693999999992,0.7172996409091486,5.758736949787874,35.74655323145112,4.86826,25.641025543212884,62481,30,0.0020591230411785063,0.0033656170933379,0.18986214000000004,0.9999999256134084,-0.5620732357575762,1.7183691458879582
62103297,20260207,2.336448598130841,2.96,0.5465646999999999,0.4794473765664117,0.3559322437032616,4.873201753578065,0.19454000000000002,2.3364486694335938,8076,3,0.07833171677982541,0.3333333333333333,0.08326312000000001,0.9999995918275716,-0.8797526203705197,0.6463519225590281
62103431,20260207,2.336448598130841,3.01,0.2243449599999997,0.6675161578789688,0.934186353016356,3.50020766036583,0.20958,2.3364486694335938,3713,14,0.20627777777777778,0.2713675213675213,0.08970024,0.9999995918275716,-0.6896390853766259,0.1628596915135296
62108188,20260207,46.08294930875576,52.0,0.10987818999999929,0.0523651627,20.17943688369834,20.818214354285693,2.2172799999999997,1.09017,155760,3,0.008314916242272829,1.250575465028024e-05,0.048114976,0.0236566883412253,-0.6119339060827242,-0.5996497239560443
62110322,20260207,50.68064999999999,1.96,13.75778575,9.05620382970653,2.069432575659931,5.596234819851492,28.47081,50.68064880371092,62855,70,0.07342016119612195,0.0398704835763414,0.5617688407705901,0.9999999999999996,0.05583294676527105,1.8552217912925637
62110977,20260207,118.0,9.1,6.754455839999997,5.974035500167929,3.73756533435268,19.752139110077927,25.24522,118.0,438721,33,0.03988590286742913,0.0008719528188259,0.21394254237288135,1.0000000000000002,-0.5892785346865187,1.170564646381673
62112393,20260207,11.67876,9.0,0.2765422499999996,0.2791131326289284,8.383818385798204,41.84223659651302,2.31848,11.678759574890137,1385,1,0.001233193838482771,0.0034843205574912,0.19852107586764348,0.9999999403953552,-0.06846462380019958,3.649137399612558
62112636,20260207,118.0,8.1,1.758430279999998,0.0,2.913416618371702,0.0,5.12304,0.0,1379,0,0.0010908084163898117,0.0,0.04341559322033898,0.0,-0.6403189360034935,-1.0
62112649,20260207,170.84410000000003,9.0,18.034290420000005,12.288674786297037,3.997236282723675,13.902563947748924,72.08732,170.84410095214832,78439,53,0.036973367900070706,0.0152430255967788,0.4219479630844729,0.9999999999999992,-0.555862635252925,0.5447293275276581
62123023,20260207,237.2979400000001,2.34,220.11151707,106.09774914456482,1.07469006233223,2.236597315135348,236.55166,237.29794311523463,19017,106,0.0008044280130623848,0.0014948947932532,0.9968550928002152,1.000000000000001,-0.5407307425930641,-0.0441891465071575
62141016,20260207,133.90189999999998,12.42,19.187915150000002,7.035911228957211,6.019843693127859,19.031206883739472,115.50825,133.90190124511722,7910,28,0.0018851286939942802,0.009374002040567,0.8626333905642863,1.0000000000000002,-0.5153104916966297,0.532303282353785
62141274,20260207,284.49023000000017,3000.0,0.758970299999999,0.0,374.01028735907107,0.0,283.8627,0.0,45402,0,0.007887358198843007,0.0,0.9977941949008227,0.0,-0.8753299042136429,-1.0
62141661,20260207,4.433497536945813,2.7,0.6754590699999994,0.9146109999060216,0.8644491219875108,4.847407894658712,0.5839000000000001,4.433497428894043,9488,6,0.2657703081232493,0.4055555555555555,0.1317018888888889,0.9999997848935008,-0.6798336585231441,0.7953362255742258
62141774,20260207,3.886010362694301,2.03,0.0389869299999996,1.0024664185799763,0.0,3.876445594517309,0.0,3.886010408401489,3969,7,0.009994963485268194,0.1027568922305764,0.0,0.9999997545878724,-1.0,0.9095791375127126
62145179,20260207,10.638297872340424,10.0,0.0263947999999999,0.8794652261108047,5.128282843590424,12.096312193491377,0.13536,10.63829803466797,1595,8,0.0008828739067862283,0.0056497175141242,0.012723840000000004,0.999999910354624,-0.4871717156409576,0.2096312193491375
62145770,20260207,1.3192612137203166,2.27,0.7477690899999994,0.2075004157615123,1.034811428217768,6.3578418895788085,0.7738,1.3192611932754517,36887,2,0.02167273795534665,0.125,0.5865404000000001,0.9999992771153796,-0.5441359347058291,1.800811428634382
62150859,20260207,1.2315270935960592,5.6,0.0136458099999996,0.036020827340976,0.0,34.18835692079752,0.0,1.2315270900726318,11370,3,0.17020958083832335,0.1363636363636363,0.0,0.9999992256170526,-1.0,5.105063839825317
62161066,20260207,25.074780000000008,1.94,27.253421699999997,5.702545180293601,0.9091779473694491,4.397119938659935,24.77821,25.074779510498043,72252,43,0.011391542900387854,0.0254297402091766,0.9881725781841354,0.9999999239335888,-0.5313515735209025,1.2665566025600647
62164374,20260207,8.309009999999999,2.51,5.170598479999997,0.0,1.577384132909892,0.0,8.156020000000002,0.0,47991,0,0.09854414784394251,0.0,0.9815874574708663,0.0,-0.3715601064104015,-1.0
62171512,20260207,62.5,15.0,1.5066085199999992,0.0,4.675620711344446,0.0,7.0443299999999995,0.0,1122,0,0.0019428571428571429,0.0,0.11270928,0.0,-0.6882919525770369,-1.0
62187452,20260207,3.25476,380.0,0.0138394999999995,0.0,99.38364825319194,0.0,1.37542,0.0,1199,0,0.001906200317965024,0.0,0.42258722609347543,0.0,-0.7384640835442318,-1.0
62204387,20260207,89.88764044943821,7.0,4.121756329999999,0.0,5.0488938049377605,0.0,20.810309999999998,0.0,1330,0,0.011280746395250212,0.0,0.23151469874999997,0.0,-0.2787294564374628,-1.0
62210221,20260207,41.66666666666666,12.0,7.524852289999998,1.5741000884281453,4.971173992307031,26.47013476106521,37.407349999999994,41.66666793823244,559609,83,0.012481771687175609,0.0280081890615778,0.8977764,1.0000000000000004,-0.5857355006410808,1.2058445634221011
62243266,20260207,1.32579105532968,26.0,0.0029903999999998996,0.0104032843999999,0.0,25.751891211278316,0.0,0.26793,1780,3,0.016808309726156753,0.0027761164274322,0.0,0.202090530864001,-1.0,-0.0095426457200648
62243688,20260207,1032.14053,5.5,297.12176547,111.21535236572836,3.4096952082841963,9.280557690047743,1013.0946599999999,1032.1405029296875,65490,199,0.0071972569318519,0.0258609486679662,0.9815472123742685,1.0000000000000002,-0.38005541667560067,0.6873741254632264
62254595,20260207,6.25,6.78,0.00105222,0.2873439717233902,0.0,21.750859124190622,0.0,6.249999999999998,3063,13,0.002160541722508288,0.0156008272392153,0.0,0.9999998474121324,-1.0,2.2080912169773304
62256963,20260207,29.98952,9.0,0.21673147999999937,2.5416728241788906,1.8715786003952963,11.799121836158918,0.40563,29.98951911926269,4045,20,0.002596944016435542,0.0072812540206556,0.013525724986595317,0.9999999363994964,-0.7920468221783004,0.3110135373509908
62259395,20260207,359.21541,2.06,279.33086143,108.5404065357983,1.201357087011651,3.309508705000114,335.57610999999997,359.21542358398443,42563,186,0.010578337806939059,0.0198973042362002,0.9341918544084731,1.0000000000000002,-0.4168169480525966,0.6065576684116899
62269771,20260207,313.4800300000003,1.5,218.52118453999998,93.71957727844604,1.281411459440188,3.3448725150313807,280.01555,313.48004150390614,138696,83,0.14471619365609348,0.0763523915697828,0.8932484471179863,0.9999999999999996,-0.14572569370654134,1.2299150100209204
62285840,20260207,23.80952380952381,1.19,0.6947140099999998,4.8983211337211685,0.7779172324450462,4.860751066619855,0.54043,23.80952453613281,2904,7,0.0005787858253278591,0.1627906976744186,0.02269806,0.9999999198913664,-0.346288039962146,3.0846645654567006
62297437,20260207,6.289308176100629,58.0,0.036082419999999296,0.0,14.352418712492403,0.0,0.51787,0.0,3843,0,0.029157814871016693,0.0,0.08234133,0.0,-0.7525445049570275,-1.0
62326550,20260207,40.32258064516129,2.3,0.6950244499999997,6.369016269281512,4.5268767163514925,6.331052427719644,3.1462900000000005,40.322582244873054,8543,11,0.009443953128454566,0.2682926829268293,0.07802799200000002,1.0000000000000002,0.9682072679789099,1.752631547380585
62326559,20260207,40.32258064516129,2.3,0.8333575799999995,5.637320143760028,0.0,7.152791408647398,0.0,40.322582244873054,6016,16,0.01201517874975035,0.5729166666666666,0.0,1.0000000000000002,-1.0,2.1099093725823623
62326943,20260207,120.62792,2.1,65.14375743000001,0.0,0.8276395487001923,0.0,53.91555,0.0,13051,0,0.017821930902635532,0.0,0.44695747054247476,0.0,-0.6058859291903845,-1.0
62336447,20260207,1.32579105532968,26.0,0.013772849999999802,0.0,0.0,0.0,0.0,0.0,10092,0,0.02028135048231511,0.0,0.0,0.0,-1.0,-1.0
62338437,20260207,151.5151515151515,52.0,0.869796189999997,0.0375247445,13.602577403793918,78.92261804426026,11.83147,2.96163,841481,5,0.02165416881111683,8.677035057673365e-06,0.07808770200000001,0.019546757940348,-0.7384119730039631,0.5177426546973127
62367731,20260207,72.79249000000002,15.0,2.2769717699999985,0.0,11.811376124351344,0.0,26.894170000000003,0.0,33383,0,0.008282184235988786,0.0,0.3694635257016211,0.0,-0.2125749250432437,-1.0
62370833,20260207,248.92276000000004,8.02,32.929337829999994,17.92283363513151,7.4122094789781565,13.88858208409951,244.07914999999997,248.92276000976568,16934,73,0.0036212390137501872,0.0191508864754478,0.9805417150283885,1.0000000000000002,-0.07578435424212507,0.7317433031633835
62371800,20260207,264.7058823529412,1.58,27.10017516,61.89888194132157,0.8880702747457814,4.276424048443087,24.06686,264.70587158203114,9483,235,0.014819503047351149,0.1028913280578097,0.09091924888888887,0.9999999999999996,-0.4379302058571004,1.7065974254990677
62382189,20260207,100.0,13.32,1.440011719999999,0.0,2.5911802995603415,0.0,3.7313300000000003,0.0,184779,0,0.001389972107130284,0.0,0.0373133,0.0,-0.8054669444774518,-1.0
62390621,20260207,27.77777777777778,2.99,6.15675128,0.0,1.2665624523977845,0.0,7.797909999999999,0.0,2863,0,0.013303903345724908,0.0,0.28072475999999996,0.0,-0.5764005175927143,-1.0
62408382,20260207,15.62024,6.06,5.834387239999998,0.0,2.512819152538803,0.0,14.66076,0.0,536599,0,0.3100652952733156,0.0,0.9385745673561994,0.0,-0.5853433741685143,-1.0
62425774,20260207,14.70207,2.61,0.512991599999999,1.5193128172288013,0.9221008687081835,9.676783077654322,0.47303000000000006,14.702070236206056,23960,19,0.02187328829651269,0.4809523809523809,0.03217438088650102,0.9999999351333358,-0.6467046480045273,2.7075798722585938
62428947,20260207,32.35294117647059,10.1,0.14758721999999969,1.0187083111279145,4.946634268197488,31.758755174124925,0.73006,32.35293960571289,23407,7,0.017271989374262102,0.0697075813354883,0.02256549090909091,1.0,-0.5102342308715359,2.144431086596006
62435576,20260207,363.6363636363636,104.43,0.34070405999999875,0.0,22.91088048671926,0.0,7.805829999999999,0.0,11706,0,0.006803045272272912,0.0,0.0214660325,0.0,-0.7806101648308028,-1.0
62440154,20260207,11.11111111111111,6.81,0.0114356,0.4174797944519956,3.1498128650879704,26.614663081306077,0.036019999999999996,11.111110687255856,134734,34,0.039243293624209946,0.0330499360498605,0.0032418,0.9999999141693152,-0.537472413349784,2.90817375990214
62450179,20260207,139.06444000000005,11.0,10.378513549999996,6.078262815281156,12.486475002000653,22.878973682681192,129.59105,139.06443786621094,15568,34,0.0026618336012037068,0.0152673413542978,0.9318776964118214,1.0,0.1351340910909684,1.079906698425563
62456302,20260207,10.454783063251435,9.0,1.3220808099999997,0.0,4.990753931297135,0.0,6.598179999999999,0.0,4304,0,0.0013423572341951782,0.0,0.631115917,0.0,-0.4454717854114294,-1.0
62462575,20260207,51.30043,10.0,1.302296579999999,0.0,4.359214396462597,0.0,5.67699,0.0,11007,0,0.0034054204566549098,0.0,0.11066164552616811,0.0,-0.5640785603537404,-1.0
62463469,20260207,223.48889000000003,10.0,25.21536293,13.784394907003133,8.189880533280114,16.213179968809474,206.51081000000002,223.48889160156244,31814,48,0.006617439054829853,0.006158583525789,0.9240316599183074,0.9999999999999998,-0.1810119466719886,0.6213179968809474
62465463,20260207,469.2045099999999,4.78,106.12060824999999,35.851348737095286,4.069732798577321,13.087498845420916,431.88252,469.204498291016,4881766,339,0.08436022610039037,0.0073729483013023,0.920456881371409,1.0000000000000009,-0.14859146473277812,1.7379703495757062
62469263,20260207,1466.2635899999996,7.6,182.21347595999993,132.91130253637175,4.836374946238639,11.031895036703474,881.2526900000001,1466.2635498046884,474263,514,0.007028242609618315,0.0070568407386359,0.6010192819423419,1.0000000000000009,-0.3636348754949159,0.4515651546230941
62474596,20260207,1000.0,2.77,0.7771889399999993,66.1970335549,0.1782320782897401,3.972879627740558,0.13852,262.99285,25049,659,0.0033319144973995396,0.0076980381017411,0.00013852,0.26299285,-0.9356562894260867,0.4342525830674206
62497963,20260207,479.75704,1.0,508.4812406699999,453.1595837827265,0.8405779128386582,1.0586933735288258,427.4181,479.75704956054665,172994,143,0.11075869133747358,0.048597990899151,0.8909053215769381,0.9999999999999996,-0.15942208716134176,0.0586933735288257
62516634,20260207,17.806910000000002,12.0,1.0020338499999992,0.0,10.48906681146551,0.0,10.5104,0.0,74440,0,0.0067361638976363705,0.0,0.5902427765401184,0.0,-0.1259110990445409,-1.0
62522391,20260207,551.4975700000001,4.91,104.57649042999999,46.8860792222793,3.847171752902743,11.76250085268782,402.32372000000004,551.4975585937498,4134875,290,0.08061819550162216,0.0119631612317554,0.7295113195149707,0.9999999999999996,-0.21646196478559204,1.395621429374876
62524259,20260207,100.0,6.5,2.4040944999999994,0.0,3.2069704414697515,0.0,7.70986,0.0,54331,0,0.006929355797314015,0.0,0.0770986,0.0,-0.5066199320815767,-1.0
62527634,20260207,156.86274509803923,7.1,7.121498639999998,0.0,3.71790704996891,0.0,26.477069999999998,0.0,2811,0,0.0040422778257118205,0.0,0.16879132124999996,0.0,-0.4763511197226887,-1.0
62529276,20260207,107.15096,6.71,4.973098589999998,0.0,3.0067732882005873,0.0,14.95298,0.0,141631,0,0.008479882648784577,0.0,0.13955059292049274,0.0,-0.5518966783605682,-1.0
62537183,20260207,1000.0,19.0,5.247883999999996,0.0,16.335054280925426,0.0,85.72447,0.0,58807,0,0.001917755058781327,0.0,0.08572447,0.0,-0.14026030100392492,-1.0
62537340,20260207,1000.0,2.56,23.62376996000001,165.66101746265122,1.2114840285212456,6.036423108345509,28.619819999999997,999.9999999999998,1048631,1997,0.011972450249466245,0.0627747844455872,0.028619819999999997,0.9999999999999998,-0.5267640513588885,1.357977829402376
62543564,20260207,1000.0,32.62,0.4121149299999988,0.0,32.585885689703204,0.0,13.42913,0.0,2011,0,0.0027315946753599567,0.0,0.013429130000000001,0.0,-0.00104580963509483,-1.0
62552000,20260207,28.349000000000004,1.04,43.49290014,13.0901902920712,0.6384642070456329,2.1656674297767724,27.768659999999997,28.34900093078613,71404,51,0.051896213387600844,0.0497030620028331,0.9795287311721752,0.999999932719022,-0.3860921086099684,1.0823726050124838
62552558,20260207,118.0,11.0,2.2494264799999995,0.0,5.807711483862323,0.0,13.06402,0.0,1704,0,0.006360582306830907,0.0,0.11071203389830508,0.0,-0.47202622873978883,-1.0
62559786,20260207,10.454783063251435,7.8,0.6594465799999987,0.949368529273489,6.573587810554736,11.012343578834702,4.33493,10.45478343963623,3243,4,0.0021246069182389938,0.0190158465387823,0.4146360545000001,0.9999999087810632,-0.157232331980162,0.4118388858394622
62621349,20260207,1.25,3.15,0.6255034799999991,0.1053621662466504,0.817645331085929,11.863728516603285,0.51144,1.25,21664,6,0.12818934911242605,0.0329670329670329,0.409152,0.9999992370611288,-0.7404300536235146,2.7662629071188776
62626344,20260207,999.4573299999998,4.41,231.98193855999997,54.13677939460304,3.9039427621894944,18.46170624002269,905.6442099999999,999.4573364257808,4846691,615,0.13283627782558885,0.0505771268988912,0.9061359427920751,0.9999999999999996,-0.11475220812029607,3.1863280904321227
62630587,20260207,7.25892,1.96,1.5839314599999992,0.0,2.1626882769283475,0.0,3.42555,0.0,18733,0,0.06058538163001294,0.0,0.47190904432064273,0.0,0.10341238618793243,-1.0
62632452,20260207,1000.0,300.0,0.6336520499999971,0.0,106.2013292626455,0.0,67.29469,0.0,21837,0,0.0048997038233710285,0.0,0.06729469,0.0,-0.645995569124515,-1.0
62637401,20260207,70.21918999999998,10.5,10.540656519999999,5.222809159381349,6.729086548396514,13.44471469612068,70.92899,70.21919250488281,11674,5,0.004179735051915503,0.0025536261491317,1.010108347874705,1.0,-0.35913461443842726,0.28044901867816
62640299,20260207,179.92026000000004,5.5,68.36117978,20.156772520589413,2.558909172763841,8.926044507300599,174.93005,179.9202575683593,12430,44,0.006127680552132118,0.0300751879699248,0.9722643242067345,0.9999999999999996,-0.5347437867702107,0.6229171831455634
62644097,20260207,48.88049,9.4,6.693235189999998,0.0,5.857136181105869,0.0,39.20319,0.0,11134,0,0.0026967326277036355,0.0,0.8020212154174395,0.0,-0.37690040626533317,-1.0
62658588,20260207,4.545454545454546,2.01,0.2017653299999995,0.0264244616305025,0.0,172.01041047695287,0.0,4.545454502105713,10142,2,0.011223992917220009,0.1055555555555555,0.0,0.9999997901916924,-1.0,84.57731905128446
62665519,20260207,354.54545454545456,2.61,25.28079539,47.29511927122442,1.5743673957245692,7.496448653489159,39.80126,354.5454406738281,15789,657,0.008859772178890073,0.1143613718725745,0.1122599641025641,1.0,-0.3967941012549543,1.8722026646724936
62676303,20260207,416.91595,2.04,56.357969910000016,113.579576866493,1.4724080752467967,3.670694700766604,82.98193,416.9159545898437,6661,167,0.005170780934637478,0.0326601710757378,0.19903755181350102,1.0,-0.27823133566333497,0.799360181081739
62681129,20260207,48.53814999999999,48.0,2.193455649999998,0.0,14.018943122921144,0.0,30.74993,0.0,8052,0,0.004581768521679754,0.0,0.6335208490640869,0.0,-0.7079386849391428,-1.0
62693338,20260207,49.58663000000001,1.83,5.146988039999998,0.0,1.5020648853110607,0.0,7.731109999999999,0.0,62999,0,0.07116118829775217,0.0,0.15591118009027832,0.0,-0.1791995162234641,-1.0
62694436,20260207,89.88764044943821,7.1,18.698880709999997,7.316500884235781,1.8978055719143634,12.285603602509996,35.48684,89.88764190673828,1926,8,0.004319354115272483,0.0181405895691609,0.394791095,1.0,-0.7327034405754418,0.730366727821215
62695450,20260207,4.3478260869565215,2.44,0.3593056899999997,0.1757730204593363,1.0693401487741547,24.73531636055483,0.38422,4.34782600402832,5850,4,0.2611607142857143,0.8,0.08837060000000001,0.9999997806549512,-0.56174584066633,9.137424500199486
62699077,20260207,44.67285000000001,60.0,1.0580723799999983,0.0,34.75645021562708,0.0,36.77484,0.0,3010,0,0.0035927428980663642,0.0,0.8232033550579376,0.0,-0.4207258297395486,-1.0
62708257,20260207,392.89094,1.85,310.1368070499999,128.7618541626242,1.2143733070008726,3.051299079836697,376.62185999999997,392.8909301757813,27589,232,0.001176899680489376,0.021459624456572,0.9585913587114021,1.0000000000000002,-0.34358199621574453,0.6493508327097888
62715156,20260207,100.03554,1.47,80.51573367,28.762723435221467,0.9892120008052085,3.477957658184416,79.64713,100.03553771972652,9468,43,0.004812932086213908,0.0352459016393442,0.7961883346658598,0.9999999999999996,-0.3270666661189057,1.365957544553624
62719226,20260207,1000.0,1.5,0.9098026499999986,38.764416870660426,0.6072086072732377,25.796853272414776,0.55244,1000.0000000000002,5223,594,0.0022071501014198783,0.0954949868190827,0.0005524400000000001,1.0000000000000002,-0.5951942618178415,16.19790218160985
62719771,20260207,19.466780000000004,160.0,0.13359869999999863,0.0,88.12675572442039,0.0,11.773620000000001,0.0,3794,0,0.013492176386913229,0.0,0.6048057254461189,0.0,-0.44920777672237255,-1.0
62730483,20260207,83.33333333333333,16.0,0.2413561299999997,1.9511431582,3.1298977158773673,24.050699151461604,0.75542,46.926381150000005,1254,49,0.003365539452495974,0.0066207642592363,0.00906504,0.5631165566150466,-0.8043813927576645,0.5031686969663502
62733626,20260207,33.333333333333336,36.0,0.08459705999999889,0.085773192,1.1628063670297915,173.6008192301013,0.09837,14.89047,21399,11,0.09199914015477215,0.0035512415851877,0.0029511,0.4467141170407912,-0.9676998231380612,3.822244978613925
62746245,20260207,272.72727272727275,7.1,2.0544277699999984,0.0,3.1640635387244616,0.0,6.50034,0.0,57735,0,0.029068069680797504,0.0,0.023834579999999998,0.0,-0.5543572480669772,-1.0
62750176,20260207,147.54098360655738,7.1,13.391760140000002,11.843692645550291,3.9217234665913003,12.45734561555916,52.51878000000001,147.54098510742182,2316,42,0.0029860752965446104,0.0649038461538461,0.35596062000000006,0.9999999999999996,-0.44764458217023934,0.7545557440685403
62753184,20260207,165.83097,21.6,9.966304629999998,3.5084282787813814,16.084771231802094,47.26644032350719,160.30572999999998,165.83096313476554,8657,91,0.019388577827547594,0.0291425050922812,0.9666814950186927,0.9999999999999994,-0.25533466519434755,1.1882610874422144
62758884,20260207,83.33333333333333,26.4,0.25335120999999916,1.7913722025002603,0.9222770240568445,46.51924889808253,0.2336599999999999,83.33333587646482,56280,40,0.006387542702788592,0.0015927898022377,0.002803919999999999,0.9999999999999996,-0.9650652642402711,0.76209278675256
62759058,20260207,1000.0,31.5,32.574883729999996,25.96862943485004,15.366511025763225,38.50799919960334,500.56231,1000.0,4262135,699,0.06937102557466915,0.0241223831904426,0.5005623100000001,1.0000000000000002,-0.5121742531503739,0.2224761650667727
62759116,20260207,1000.0,30.0,20.775714540000003,27.666619828399988,20.264739351775862,23.40708572726161,421.01444000000004,647.5949655140001,37958,295,0.08008016877637131,0.0479536353318721,0.42101444000000005,0.6475949655140001,-0.3245086882741379,-0.2197638090912796
62766768,20260207,34.31616,50.63,0.9474606899999991,0.0,23.51535027801525,0.0,22.279870000000003,0.0,8028,0,0.023577092511013215,0.0,0.6492530049982282,0.0,-0.5355451258539354,-1.0
62781570,20260207,1.32579105532968,26.0,0.0087054899999999,0.0452965029,0.0,26.28113966079132,0.0,1.19047,7729,2,0.011758709873725848,0.0002996948561464,0.0,0.8979312293422436,-1.0,0.0108130638765892
62782340,20260207,292.4077699999999,25.0,8.833024349999995,8.368699537521515,11.462082067055556,34.94064276381748,101.24485000000001,292.40777587890653,2683616,907,0.043072863583616484,0.0111844122855112,0.3462454161187305,1.0000000000000009,-0.5415167173177777,0.3976257105526992
62785644,20260207,316.29635,10.0,28.86067261,22.299641788742555,6.699915231116298,14.183920307496871,193.36406,316.29635620117176,307704,210,0.02337749954415608,0.0260794506203053,0.6113382591990074,0.9999999999999996,-0.33000847688837015,0.4183920307496873
62789285,20260207,245.01463,1.42,284.54943309000004,0.0,0.8472182755104991,0.0,241.07547999999997,0.0,15256,0,0.01341540626099191,0.0,0.9839227967734007,0.0,-0.40336741161232453,-1.0
62789760,20260207,87.71929824561404,10.5,14.185952799999999,5.578373822338365,4.288910364906895,15.724884417077538,60.842279999999995,87.71929931640625,1234298,204,0.07426582430806257,0.0225995883585501,0.693601992,1.0,-0.5915323461993433,0.4976080397216703
62805482,20260207,23.43981,9.5,2.5961909499999987,0.0,9.028538521020579,0.0,23.43981,0.0,2726,0,0.005712489522212909,0.0,1.0,0.0,-0.04962752410309696,-1.0
62805489,20260207,153.19595999999993,9.0,2.0544968399999988,0.0,3.3657973404330006,0.0,6.91502,0.0,3784,0,0.0005653330146114082,0.0,0.0451383966000148,0.0,-0.6260225177296665,-1.0
62824285,20260207,288.6240099999998,10.0,43.15919143000001,16.705819272311107,6.145476344944583,17.276854337758984,265.23379,288.6240234375001,76092,51,0.004326629479896969,0.0173487580740469,0.9189595487915234,1.0000000000000004,-0.38545236550554174,0.7276854337758983
62835645,20260207,40.17131,2.0,8.572203199999999,0.0,2.020647387360113,0.0,17.3214,0.0,43453,0,0.00723866797714438,0.0,0.4311883281874552,0.0,0.01032369368005659,-1.0
62841880,20260207,197.99366,11.0,38.87389505,14.801469852721686,4.956325054440358,13.376621119118854,192.67166,197.99366760253903,160694,15,0.019588468336685563,0.0113636363636363,0.9731203514294346,1.0,-0.5494249950508766,0.2160564653744412
62854671,20260207,363.6363636363636,57.4,2.284162339999999,0.0,17.06687362685439,0.0,38.983509999999995,0.0,6537,0,0.0011314190767952646,0.0,0.1072046525,0.0,-0.7026677068492265,-1.0
62859145,20260207,41.66666666666666,1.85,27.633851930000002,0.0,0.8610153249815143,0.0,23.79317,0.0,4616,0,0.011595076613916101,0.0,0.5710360800000002,0.0,-0.5345863108208031,-1.0
62859279,20260207,41.48365,1.48,13.259566359999997,9.441210055636429,1.0155596068829509,4.393890779801357,13.465879999999999,41.48365020751953,49848,177,0.025848068446979518,0.1073546268585488,0.32460692345056424,1.0,-0.3138110764304386,1.9688450832264397
62860871,20260207,55.55555555555556,2.59,20.898627779999998,3.644534250191201,1.6524099267918542,15.243523093393591,34.533100000000005,55.55555725097656,292851,55,0.016188825685334748,0.003723008190618,0.6215958,1.0,-0.36200388926955435,4.885530346931549
62863090,20260207,5.154639175257732,1.96,0.878517069999999,1.2695041049075737,1.077349584112237,4.060353301576424,0.9464699999999999,5.15463924407959,16877,3,0.13687753446877535,0.1382783882783883,0.18361517999999996,0.9999998149872192,-0.45033184484069544,1.0716087870157245
62863416,20260207,2.360717658168083,25.0,0.0957556699999993,0.1035664946223713,0.0,22.79400290646373,0.0,2.3607177734375,72312,9,0.014178267518920826,0.0020644685154871,0.0,0.9999995960237424,-1.0,-0.0882398837414506
62863799,20260207,26.5748031496063,65.54,0.30854336999999954,0.0,27.733702396522126,0.0,8.55705,0.0,6960,0,0.0034383954154727794,0.0,0.3219986222222222,0.0,-0.5768431126560555,-1.0
62864009,20260207,1.0332357499569484,52.0,0.00049049,0.0,0.0,0.0,0.0,0.0,3919,0,0.0007419257127711938,0.0,0.0,0.0,-1.0,-1.0
62867831,20260207,23.834820000000004,2.71,5.408050499999998,0.0,1.1625594102717793,0.0,6.287179999999999,0.0,12435,0,0.013547227366815557,0.0,0.2637813081869298,0.0,-0.5710112877225907,-1.0
62868116,20260207,1000.0,16.0,12.598702109999998,39.34721758597251,11.973630194832825,25.414757025710244,150.8522,1000.0000000000016,280295,690,0.013983078327588013,0.013744219555623,0.15085220000000002,1.0000000000000016,-0.2516481128229484,0.5884223141068903
62868895,20260207,1083.0701399999996,81.2,9.66944152,2.5109559364299057,66.65794696279418,431.3376206163073,644.54512,1083.070190429688,84844,53,0.08475077414843672,0.0165532398528084,0.5951093065865524,1.0000000000000004,-0.17908932311829825,4.312039862405991
62875385,20260207,15.734370000000002,6.34,10.746493319999997,2.222932365680121,1.2864261474272245,7.078201476729546,13.82457,15.734370231628416,175064,28,0.032017264713413075,0.0112994350282485,0.8786224043288672,0.9999999393891053,-0.7970936675982295,0.1164355372831233
62885425,20260207,587.5,6.1,12.843121099999998,47.30819103201529,3.289800794605916,12.418568006201037,42.25131,587.4999999999998,2410,139,0.0036883991429445973,0.0697608928455417,0.07191712340425531,0.9999999999999996,-0.460688394326899,1.0358308525168844
62888101,20260207,70.0,8.5,1.910867519999999,0.0,3.7311639479852605,0.0,7.12976,0.0,5622,0,0.001985940866862129,0.0,0.10185371428571428,0.0,-0.5610395355311458,-1.0
62896186,20260207,3.886010362694301,1.84,0.1361367799999993,0.7554415224678046,2.6488800454954338,5.144018628587462,0.36061,3.886010408401489,15361,4,0.18964197530864196,0.6666666666666666,0.09279697333333332,0.9999997545878724,0.43960872037795307,1.7956622474305255
62896511,20260207,1000.0,1.0,572.3367657900001,542.6030398527323,0.5633462137539886,1.842967924448862,322.4237499999999,1000.0000000000013,25409,285,0.00437467718053786,0.0415997664574514,0.32242374999999995,1.000000000000001,-0.43665378624601137,0.8429679244488619
62904543,20260207,1000.0,299.26,0.0049137499999999,0.0,0.0,0.0,0.0,0.0,5909,0,0.045003808073115006,0.0,0.0,0.0,-1.0,-1.0
62905440,20260207,2570.3447100000008,5.1,306.9945056899999,273.8811826272444,2.7067632957545396,9.384889799734362,830.96146,2570.3447265624995,74420,683,0.006862781261527112,0.0355964456386668,0.32328794529664456,0.9999999999999998,-0.4692620988716589,0.8401745049464858
62905524,20260207,9.39662,6.92,0.7781126999999994,0.0556869312459843,5.856349600771203,168.73709592921028,4.5569,9.396619796752931,13792,16,0.008394911437092945,0.0031740176288935,0.4849509717323888,0.9999998985088,-0.15370670509086656,23.383973131338266
62926061,20260207,694.6908400000003,4.04,113.74578940999999,66.1991488184571,3.539709839708607,10.493954361025734,402.62709,694.6908569335939,126795,557,0.021483759467290194,0.0608791962338873,0.5795773699851863,1.0000000000000002,-0.123834198091929,1.5975134802259925
62932631,20260207,405.3672800000001,5.0,151.14995084000003,42.45267730731551,2.3348014209648547,9.548685623985254,352.90512,405.3672790527343,77916,174,0.007008725375550958,0.0319031903190319,0.8705811677745671,0.9999999999999996,-0.533039715807029,0.9097371247970508
62941923,20260207,1000000.0,41.96,1.279913989999998,0.0,7.1795996229403,0.0,9.18927,0.0,17538,0,0.07611979166666667,0.0,9.18927e-06,0.0,-0.8288941939242064,-1.0
62951533,20260207,4.62962962962963,3.3,0.4917026799999982,0.6688073602810408,2.1750542421286045,6.922206549606483,1.06948,4.629629611968993,2481,9,0.001283762806581807,0.0222127203194897,0.23100768,0.9999997940063892,-0.34089265390042284,1.0976383786756592
62952235,20260207,114.07776999999996,5.5,25.500999999999998,12.02539350055014,4.349893337516176,9.486405324435568,110.92662999999999,114.07776641845705,403084,37,0.03554313225814985,0.0021954283256029,0.9723772650885447,1.0000000000000002,-0.20911030226978625,0.7248009680791941
62957523,20260207,1233.7502500000005,4.1,419.77348746999985,215.4650826989275,2.471231201980418,5.72598688827264,1037.3573399999998,1233.7502441406257,68128,358,0.007876160418039515,0.0116453060958948,0.8408163159440084,1.0000000000000004,-0.3972606824438004,0.3965822003563652
62968126,20260207,1000.0,209.58,0.037234579999999795,0.0818000874,29.915739616238614,248.69327103835056,1.1139,20.343380000000003,12437,3,0.9870634920634921,0.1298418621179815,0.0011139,0.02034338,-0.8572586142941186,0.1866269150948172
62972330,20260207,56.30614,10.0,9.848400379999998,3.294175329839009,5.094553233425712,17.092631135021833,50.1732,56.3061408996582,14530,13,0.004479728688145522,0.0158412209259666,0.8910786638899417,1.0,-0.4905446766574288,0.7092631135021833
62974470,20260207,256.19916000000006,9.0,43.75084866,19.32791088333404,4.557627248549926,13.255397647779931,199.40006,256.1991577148438,205148,41,0.02219039686746206,0.0081349206349206,0.7783009905262763,1.0000000000000002,-0.4935969723833416,0.4728219608644368
62987009,20260207,225.48274,23.0,5.1095899299999985,0.0,23.910811175408757,0.0,122.17444,0.0,27461,0,0.0008659306839215834,0.0,0.5418349981022937,0.0,0.03960048588733724,-1.0
62988138,20260207,24.390243902439025,15.0,2.4136559099999984,0.0,5.712090088267806,0.0,13.787020000000002,0.0,23025,0,0.003048619018616106,0.0,0.5652678200000001,0.0,-0.6191939941154795,-1.0
62991598,20260207,53.40617000000002,7.91,10.574299029999999,4.658859702765611,3.636666590466187,11.463354089907485,38.455200000000005,53.406169891357415,16144,33,0.003839421613394216,0.0033222591362126,0.7200516344834312,1.0,-0.5402444259840472,0.4492230481721075
63002552,20260207,2532.0,23.0,7.605305499999998,24.8166040881,9.690716566218152,90.27637404002888,73.70086,2240.3531233369995,66520,1505,0.015049092801230714,0.0774455459223607,0.02910776461295419,0.8848156095327802,-0.5786644971209499,2.925059740870821
63002557,20260207,2000.0,21.0,0.9106115599999993,0.9260243976,2.031250295131331,8.909269682432305,1.8496800000000002,8.25021,26159,1,0.004422186158163438,1.4625014625014624e-05,0.0009248400000000001,0.004125105,-0.9032737954699367,-0.5757490627413189
63007107,20260207,10.31706,3.0,1.3720628999999993,0.0,1.721641187149657,0.0,2.3622,0.0,4996,0,0.004669158878504673,0.0,0.22896057597804026,0.0,-0.42611960428344764,-1.0
63008487,20260207,1052.6315789473683,17.0,37.05166655,10.059124474611211,6.546252370934176,104.64444393835916,242.54955999999999,1052.6315917968734,540254,342,0.023679253139313187,0.01012090654767,0.230422082,0.9999999999999984,-0.6149263311215191,5.155555525785832
63014188,20260207,392.33176,5.5,58.82476267000001,50.32391978856173,3.468668648009013,7.796128569556353,204.04361,392.3317565917969,23881,216,0.0037035141589901056,0.0254777070063694,0.5200792563926,1.0000000000000002,-0.3693329730892703,0.4174779217375187
63014342,20260207,16.374660000000002,3.71,10.03253646,1.840121096378911,1.6321555436440447,8.89868151910478,16.37466,16.37466049194336,50906,13,0.07819662058371736,0.0507518796992481,0.9999999999999998,0.9999998835182928,-0.5600658912010662,1.3985664225355074
63017961,20260207,35.714285714285715,1.45,5.081967689999999,0.0,0.5707789141807788,0.0,2.90068,0.0,3460,0,0.008777270421106037,0.0,0.08121903999999999,0.0,-0.6063593695304974,-1.0
63018312,20260207,969.31033,280.0,2.373022949999998,0.0,132.30025019353494,0.0,313.95153000000005,0.0,9399,0,0.02289089137847053,0.0,0.32389165810293186,0.0,-0.527499106451661,-1.0
63024133,20260207,1000.0,77.59,0.12709319999999819,0.0035236944,15.419078282709286,406.02385273458026,1.95966,1.43111,54688,1,0.733083109919571,0.0003220611916264,0.00195966,0.00143111,-0.8012749286930109,4.232940738473793
63024390,20260207,1000.0,84.69,2.7926086299999984,0.0,34.97746477994665,0.0,97.67837,0.0,5840,0,0.008940600122473974,0.0,0.09767837,0.0,-0.5869941577524306,-1.0
63029536,20260207,1000.0,14.88,0.013316019999999897,2.6703478579000004,7.059917302617503,17.298940507469034,0.09401,46.19420602699999,4213,37,0.023483835005574136,0.0211005922532898,9.401e-05,0.0461942060269999,-0.5255431920283936,0.1625631972059297
63031140,20260207,9.95539,12.0,0.6151091899999985,0.6556161648843535,4.336888544942738,15.184761030863989,2.6676599999999997,9.95538997650146,2998,16,0.0024713543813370703,0.0126010596155027,0.26796137569698425,0.9999999042052364,-0.6385926212547718,0.2653967525719991
63031379,20260207,10.454783063251435,8.0,0.3179932499999987,0.8139079928604608,3.7103617765471593,12.84515041773059,1.17987,10.454783439636232,2650,8,0.009423897581792318,0.0142932668705864,0.11285456550000002,0.9999999087810634,-0.536204777931605,0.6056438022163237
63038827,20260207,0.206347241137386,26.0,0.0021923399999999,0.0068796942786985,0.0,29.98930538688996,0.0,0.2063472419977188,1267,2,0.0018668041844703109,0.0023603041695146,0.0,0.9999951616849352,-1.0,0.1534348225726906
63038979,20260207,1000.0,2.25,255.66614177999998,300.8653330334317,1.6327005097108018,3.323746164418137,417.42624000000006,1000.0,23412,332,0.0043872273442770405,0.015408892601875,0.41742624000000006,1.0000000000000002,-0.27435532901742143,0.4772205175191721
63039945,20260207,13.6986301369863,12.0,0.06251371,0.7898206849298162,0.0,17.343953191363745,0.0,13.698630332946776,8944,16,0.004338377958866899,0.0282148702361468,0.0,0.9999999303817806,-1.0,0.4453294326136454
63041128,20260207,86.78675999999997,10.0,5.560731969999999,0.0,4.811032098711279,0.0,26.752860000000002,0.0,646006,0,0.012517385634592617,0.0,0.3082596930683898,0.0,-0.5188967901288721,-1.0
63049514,20260207,6.738544474393531,1.35,3.2368360099999984,0.0,0.6516178124204695,0.0,2.10918,0.0,3907,0,0.0018683946248386017,0.0,0.313002312,0.0,-0.5173201389478005,-1.0
63049540,20260207,42.85714285714285,2.7,1.63084324,0.0,0.8899874398719032,0.0,1.4514299999999998,0.0,1052,0,0.013715775749674055,0.0,0.0338667,0.0,-0.6703750222696655,-1.0
63049739,20260207,2000.0,2.71,182.5504879,331.2618615130278,2.4596120512477686,6.037519637266857,449.00338,1999.9999999999989,110322,672,0.007533751715754898,0.0184508883221686,0.22450169,0.9999999999999994,-0.09239407703034368,1.22786699346143
63050276,20260207,4.545454545454546,2.32,0.0025585199999999995,0.3352634631702761,0.0,13.55781778696044,0.0,4.545454502105713,3088,24,0.013304610081861267,0.2140697265697265,0.0,0.9999997901916924,-1.0,4.843887145293963
63051533,20260207,1000.0,84.69,0.0017571199999998999,0.0,46.792478601350325,0.0,0.08222,0.0,10550,0,0.22934782608695653,0.0,8.222e-05,0.0,-0.447485197764195,-1.0
63052095,20260207,14.06198,2.43,13.194284979999995,3.445419270600381,0.5511545347870759,4.081354128983281,7.27209,14.06198024749756,334006,58,0.04620042879867211,0.015219880897847,0.5171455228922243,0.9999999321806576,-0.7731874342440017,0.6795695542633403
63053963,20260207,24.875621890547265,6.0,3.1709264699999995,0.0,4.788862228016281,0.0,15.18513,0.0,10146,0,0.005146596327483007,0.0,0.610442226,0.0,-0.20185629533061977,-1.0
63055893,20260207,13.28341,3.03,3.9203477099999997,0.0,2.5349460647713826,0.0,9.93787,0.0,13982,0,0.07720596355604638,0.0,0.7481414787317413,0.0,-0.1633841370391476,-1.0
63056684,20260207,1319.2388100000005,9.52,51.22440965999999,87.52009677167054,10.603609170027088,15.0735522825053,543.16362,1319.2387695312514,129865,439,0.10832012678288432,0.1056272322799975,0.4117250158824541,1.000000000000001,0.11382449264990425,0.5833562560611686
63057736,20260207,312.5,46.75,2.166353999999998,0.0,6.752474434002944,0.0,14.62825,0.0,88197,0,0.004935008980678951,0.0,0.046810399999999995,0.0,-0.8555620441924504,-1.0
63064394,20260207,11.11111111111111,6.35,0.0083857599999998,0.3337145798185312,1.5216271393410146,33.29515119820863,0.01276,11.111110687255858,63425,34,0.02161135341420199,0.0256358552486343,0.0011484000000000002,0.9999999141693154,-0.7603736788439347,4.24333097610262
63064523,20260207,1678.5256200000006,391.72,8.525770279999996,0.0,193.0094966152432,0.0,1645.5546300000003,0.0,289770,0,0.003106586903383507,0.0,0.9803571720281515,0.0,-0.5072768900866864,-1.0
63064971,20260207,1006.7315300000002,408.89,0.31065263,0.0,385.318707908573,0.0,119.70027,0.0,22142,0,0.013032371983519718,0.0,0.11889989181127562,0.0,-0.057647025095813015,-1.0
63067488,20260207,6.0449600000000006,12.5,0.8674467099999993,0.2836280405897411,6.968681684203983,21.312909317760827,6.04496,6.044960021972656,1498,2,0.002029810298102981,0.074074074074074,0.9999999999999999,0.9999998422364808,-0.44250546526368134,0.7050327454208661
63075099,20260207,2516.66506,16.88,204.85770876,150.92475460746817,12.395182662981181,16.67496514361073,2539.24872,2516.6650390625,332873,369,0.06651340766494825,0.0307273244983211,1.0089736454639697,1.0,-0.2656882308660437,-0.012146565601284
63077278,20260207,6.073970000000001,52.0,0.8694183699999986,0.1226907653,6.0839984321932485,46.43416765640097,5.289540000000001,5.69709,1598248,16,0.032657428105550085,2.477158663684704e-05,0.8708538237758829,0.9379514970654826,-0.8830000301501298,-0.1070352373769043
63086700,20260207,233.5167930000001,32.0,0.3155038899999992,336.3857552315,150.06829234340066,0.3900512540331913,47.34713,131.207686057,3053,20,0.8979411764705882,0.625,0.2027568526945297,0.5618768589589832,3.6896341357312705,-0.9878108983114628
63086847,20260207,73.61649750000005,27.63,0.1974057299999995,50.13926000000001,157.41766968973027,0.1411041514951726,31.07515,7.074857880000001,1169,9,1.0627272727272727,0.75,0.4221220929452665,0.0961042401890836,4.6973459894944005,-0.9948930815859184
63087865,20260207,1000.0,84.69,0.0250146999999996,0.0,14.25801628642381,0.0,0.35666,0.0,38105,0,0.6256978653530377,0.0,0.00035665999999999996,0.0,-0.8316446299867303,-1.0
63088304,20260207,2000.0,15.0,0.0573125199999996,0.6623247495,4.341808735682914,60.46046077814464,0.24884,40.04452,14520,30,0.013672316384180792,0.0060162181899672,0.00012442,0.02002226,-0.7105460842878057,3.0306973852096424
63088516,20260207,1000.0,3.98,0.22627416999999958,74.37481494160002,0.9415126790654028,6.533172047316894,0.21304,485.9034685340001,9050,886,0.050502232142857144,0.4034466643003144,0.00021304,0.4859034685340001,-0.7634390253604515,0.6415005065346122
63089129,20260207,1000.0,3.32,25.49643398999998,230.46869187834957,1.52297611561012,4.338984126264118,38.83046,999.999999999999,1039747,1351,0.00801911327131405,0.0299907831470384,0.038830460000000004,0.999999999999999,-0.5412722543343012,0.3069229558766982
63092554,20260207,86.40656,18.32,1.0485455099999998,0.0,8.196992803869811,0.0,8.59492,0.0,72811,0,0.003075165455228892,0.0,0.0994706883366263,0.0,-0.5525658949852723,-1.0
63092860,20260207,1000.0,264.8,0.00020505,2.312429808535317,0.0,432.44537147184747,0.0,1000.0,6524,10,0.33285714285714285,0.1645363408521303,0.0,1.0,-1.0,0.6331019312959735
63096817,20260207,1000.0,14.61,0.6980512899999984,9.019255316,7.139604311883746,16.829070034381317,4.98381,151.78569620000002,9425,30,0.007543017206882753,0.0020631382337715,0.00498381,0.1517856962,-0.5113207178724335,0.1518870930766848
63099873,20260207,172.3989100000001,22.0,5.9025735999999975,0.0,25.371124554889086,0.0,149.75493,0.0,19418,0,0.0008439159647796118,0.0,0.8686535779141523,0.0,0.15323293431314025,-1.0
63099926,20260207,1000.0,55.51,2.9197034499999988,0.0,16.960105999806252,0.0,49.51848,0.0,226734,0,0.03606222066705899,0.0,0.04951848,0.0,-0.6944675553989146,-1.0
63113659,20260207,715.3814399999999,12.42,102.6781206,34.72299300461069,6.719723403273901,20.60252838887021,689.96857,715.3814697265619,52530,154,0.006909387454456969,0.0207105303332333,0.9644764756547222,0.9999999999999992,-0.4589594683354347,0.6588187006692745
63115257,20260207,1000.0,9.5,0.0012530799999999,25.3385366902,0.0,21.10681661660557,0.0,534.81586836,2395,1068,0.0025427327741798494,0.112837236249921,0.0,0.53481586836,-1.0,1.2217701701690074
63115262,20260207,1000.0,9.5,0.015624509999999897,41.2665962464,0.0,20.799419976646565,0.0,858.3212871350001,8467,2060,0.0027850141438063285,0.0922627374172136,0.0,0.8583212871350001,-1.0,1.189412629120691
63116306,20260207,1000.0,24.5,1.437166389999999,0.0,8.31511930918452,0.0,11.950210000000002,0.0,7103,0,0.0011041676382346998,0.0,0.011950210000000003,0.0,-0.6606073751353256,-1.0
63117307,20260207,44.70852000000001,22.1,2.0507180199999993,1.4162915596826215,14.176146947789542,31.567290724137084,29.07128,44.70851898193359,2705,4,0.01020754716981132,0.029513343799058,0.6502402674031705,1.0,-0.3585453869778488,0.4283841710068672
63118770,20260207,299.31642000000005,5.2,17.39955433,18.58262300511737,4.548526272511716,16.10732726269298,79.14233,299.31640625000006,126908,151,0.006458323791494277,0.0218880100084253,0.2644102518665698,1.0000000000000002,-0.1252834091323623,2.097563048751201
63118785,20260207,70.0,9.0,7.83276084,3.8068895234766256,6.856636005753496,18.38771027648907,53.70639,70.0,22254,43,0.010747090355918289,0.0184707903780068,0.7672341428571429,1.0,-0.23815155491627818,1.0430789196098966
63119851,20260207,20.0,2.42,0.5738863799999998,3.910552958573701,0.1583588723607625,5.114364924220253,0.09088,20.0,1674,45,0.013212312549329124,0.1578545232162253,0.004544,0.9999999046325772,-0.9345624494377014,1.113373869001084
63120136,20260207,305.25518000000005,25.0,15.297062569999998,9.734903255909034,14.424013041086754,31.35677351967721,220.64503000000002,305.25518798828136,27467,87,0.0039039470130903817,0.0054396720597837,0.7228215750507493,1.0000000000000004,-0.42303947835652983,0.2542709407870884
63120878,20260207,81.95608000000001,55.0,2.1227523499999985,0.0,36.894308467023976,0.0,78.31747999999999,0.0,17744,0,0.008186012179368887,0.0,0.9556030498286396,0.0,-0.329194391508655,-1.0
63121462,20260207,312.5,27.0,5.042213929999999,6.7534146667286254,14.960654396510307,46.27288107550706,75.43482,312.4999999999999,4242,71,0.0020922318125770655,0.0042618297761703,0.241391424,0.9999999999999996,-0.44590168901813676,0.7138104102039651
63125663,20260207,470.4109,20.0,5.02379563,0.0,10.15245717708465,0.0,51.00387,0.0,27821,0,0.008420654378159146,0.0,0.10842408201000443,0.0,-0.4923771411457675,-1.0
63129337,20260207,1848.98638,6.1,501.9724976299999,198.2181641657589,3.499209634577844,9.32803674465857,1756.5069999999996,1848.986328125001,143884,430,0.008111990618586924,0.015206167338567,0.9499837419029553,1.0000000000000004,-0.42635907629871406,0.5291863754906799
63129888,20260207,2000.0,12.0,0.38690968999999886,37.01741754651476,7.344840600916479,54.028618918601005,2.84179,1999.9999999999989,56786,841,0.022986560880829017,0.0694326805581666,0.001420895,0.9999999999999994,-0.3879299499236268,3.502384909883417
63131421,20260207,1000.0,23.0,1.0601811499999987,0.0,10.036284836794177,0.0,10.64028,0.0,6163,0,0.0048020882032102225,0.0,0.01064028,0.0,-0.5636397897046009,-1.0
63135763,20260207,84.18721000000001,2.1,35.578376250000005,125.4384289473631,1.3908939984297342,0.6711436847410698,49.485749999999996,84.18721008300783,7019,74,0.00028126177099946305,0.0008230635761,0.5878060337193737,1.0000000000000002,-0.33766952455726945,-0.6804077546572564
63135951,20260207,6.385696040868455,52.0,0.08681835999999901,0.0974143744,14.609467398370741,16.75361830770729,1.26837,1.63206,56015,4,0.006448512058942036,3.071045316084092e-05,0.198626742,0.2555805620956801,-0.7190487038774858,-0.6778150325440907
63136165,20260207,6.385696040868455,52.0,0.0732189399999996,0.0,3.570797392040932,0.0,0.26145,0.0,30719,0,0.005860167874856925,0.0,0.040943070000000005,0.0,-0.9313308193838282,-1.0
63136956,20260207,1000.0,1.2,205.14129334999998,449.75287054349207,0.7065947456648421,2.223443280235505,144.95176,999.9999999999995,25676,567,0.002855490558064014,0.0137155297532656,0.14495176,0.9999999999999996,-0.4111710452792982,0.8528693265698423
63138541,20260207,887.555370000001,1.17,184.95327466999998,305.6624714475733,0.7450620717360669,2.9037105922086965,137.80167,887.5553588867174,20159,327,0.005813028057325759,0.0461290446531807,0.15525980086177593,0.9999999999999984,-0.3631948104819941,1.4818040159967267
63139989,20260207,582.36534,2.31,317.78170979000004,124.62215952606904,1.4538725035664046,4.6730481479936365,462.01409,582.3653564453125,1556932,298,0.050493836369474056,0.0250232406320058,0.7933406373394406,1.0,-0.37061796382406725,1.0229646163413857
63140913,20260207,199.83509,11.5,8.40245083,10.17402351002048,6.282768095650969,19.64169467166048,52.79065,199.8350830078124,90551,144,0.00716276825477183,0.0080577471881819,0.26417107225763004,0.9999999999999996,-0.4536723395086114,0.7079734497096071
63140934,20260207,114.94252873563218,11.5,0.0972153599999998,6.599974855959042,4.004614085675358,17.415598220289827,0.38931,114.94252777099612,2265,89,0.0013238646326494828,0.0339909164648458,0.003386997,1.0000000000000002,-0.6517726882021428,0.5143998452425936
63151168,20260207,746.9214000000002,400.0,3.420182069999998,0.0,184.25181966993952,0.0,630.1747700000001,0.0,7995,0,0.009324702589223233,0.0,0.8436962309554927,0.0,-0.5393704508251512,-1.0
63151343,20260207,342.40937999999994,30.0,23.723716439999997,8.930278182701942,13.038796884220389,38.342518336246194,309.32872,342.4093933105469,117641,261,0.041968178088544826,0.0303229983746443,0.9033885695537898,1.0,-0.5653734371926536,0.2780839445415398
63152431,20260207,1000.0,43.2,13.094098639999995,1.436197156182009,35.957734315647414,696.2827487944988,470.83412,1000.0000000000002,233328,139,0.015028501130383815,0.001929215762429,0.47083411999999997,1.0000000000000002,-0.16764503898964325,15.117655937446834
63152697,20260207,1785.3398499999994,17.0,48.95267046,96.52265778921333,13.594006491305928,18.49658791153726,665.4629199999999,1785.339843749999,718630,1159,0.041142153775691304,0.0167732430827778,0.3727373922673603,0.9999999999999994,-0.20035255933494542,0.0880345830316036
63153776,20260207,131.89886999999993,8.5,21.567000660000005,9.44939067937619,4.5428148097436925,13.958450366066447,97.97489000000002,131.8988647460938,347190,70,0.005814691562927594,0.0206668423504032,0.7428031036202211,1.0000000000000004,-0.46555119885368323,0.642170631301935
63154710,20260207,1000.0,23.61,0.0218982999999998,0.0,9.924971344807675,0.0,0.21733999999999992,0.0,1561,0,0.01018929503916449,0.0,0.00021733999999999992,0.0,-0.579628490266511,-1.0
63155109,20260207,107.97988,3.79,18.7744043,29.8097063692,3.21094022674264,2.336999822714784,60.28349,69.665280837,6426,126,0.401625,0.5333333333333333,0.5582844692918718,0.6451690815632676,-0.1527862198568232,-0.3833773492778176
63155864,20260207,1000.0,9.0,0.0059480099999998995,44.995229808686645,35.45219325455128,22.224577628057062,0.21087,1000.000000000001,5311,2119,0.0005500264087241997,0.1404131481877511,0.00021087,1.000000000000001,2.939132583839031,1.4693975142285625
63156076,20260207,1000.0,9.0,1.9238692299999978,0.0,2.616685126774446,0.0,5.03416,0.0,424013,0,0.050271266820795545,0.0,0.00503416,0.0,-0.7092572081361728,-1.0
63156284,20260207,714.2857142857143,50.0,0.647811879999999,4.800503744999999,86.49822846719033,61.695147529741696,56.03458,296.16784846,190073,259,0.011765437753788254,0.001447813297498,0.078448412,0.4146349929054623,0.7299645693438066,0.2339029505948339
63158529,20260207,1000.0,7.66,0.00066175,4.219069469499999,0.0,51.28892289529465,0.0,216.39158000000003,2431,442,0.003409059038003085,0.0586195457072207,0.0,0.21639158,-1.0,5.695681973495383
63161144,20260207,60.10060000000001,32.0,3.0264052499999985,0.0,18.78458279835459,0.0,56.849759999999996,0.0,182407,0,0.00641853280222951,0.0,0.9459100241927699,0.0,-0.412981787551419,-1.0
63163299,20260207,309.54889000000003,3.72,99.73916304,45.719407078201336,2.0701145237923786,6.770623290456526,206.47149000000002,309.5488891601562,54211,115,0.007639656144306652,0.0293817066939192,0.667007689803055,0.9999999999999998,-0.4435176011310811,0.820060010318331
63169453,20260207,1000.0,3.98,0.05765783000000001,14.5005736831,0.0,6.296899568154193,0.0,91.30866246,2566,274,0.07481049562682215,0.8523417466720815,0.0,0.09130866246,-1.0,0.5821355623058673
63170448,20260207,2.7777777777777777,24.94,0.0944938899999999,0.0,8.6806670780513,0.0,0.82027,0.0,1705,0,0.002586468446601942,0.0,0.29529720000000004,0.0,-0.6519379680011508,-1.0
63178103,20260207,24.0051,8.5,0.8585304199999988,1.835940128711856,6.398736575927044,13.07509259138758,5.49351,24.005100250244137,6752,11,0.002830196588003521,0.0085831996256183,0.22884761988077534,0.9999999205440316,-0.24720746165564186,0.5382461872220681
63183978,20260207,1000.0,31.5,10.746477059999997,25.176828026241743,19.175730692901144,39.719060687019166,206.07155,1000.0000000000016,1715965,641,0.031789256642348745,0.0169893721555331,0.20607155,1.0000000000000016,-0.39124664466980497,0.2609225614926719
63195753,20260207,72.20216606498195,4.15,10.571041659999999,5.7650590547148415,2.0553631987105425,12.524095674812605,21.727330000000002,72.20216369628906,2174,19,0.14025806451612904,0.2086666666666666,0.30092352050000004,1.0,-0.5047317593468573,2.0178543101223108
63196191,20260207,2000.0,25.0,0.4326052599999986,0.4877685543,5.661211793864939,54.3958715055045,2.4490700000000003,26.53265,6448,17,0.012564302416212004,0.0031680665761544,0.0012245350000000001,0.013266325,-0.7735515282454024,1.17583486022018
63196383,20260207,1000.0,8.0,1.4307406499999988,0.0,2.846455784981019,0.0,4.07254,0.0,137689,0,0.013906575093424906,0.0,0.00407254,0.0,-0.6441930268773726,-1.0
63196659,20260207,131.08508,4.15,41.06715432,24.676288260346496,2.443052401883589,5.312187810120192,100.32921,131.08508300781247,705837,47,0.08316880331809398,0.0477266923900865,0.7653747474540962,0.9999999999999998,-0.4113126742449184,0.2800452260350762
63201724,20260207,38.30118,1.53,55.162574809999946,0.0,0.6882927443248557,0.0,37.96800000000002,0.0,4717,0,0.01245576973857935,0.0,0.9913010512992032,0.0,-0.5501354612255845,-1.0
63203969,20260207,10.309278350515465,12.13,1.1682131499999997,0.5559869489237581,5.367547865729813,18.542269680692083,6.270440000000001,10.30927848815918,73691,15,0.004980568678737742,0.0415512465373961,0.6082326800000001,0.9999999074936012,-0.5574981149439561,0.5286289782155301
63204129,20260207,11.47175,3.76,0.7570996899999991,2.287330158321657,7.1063693078516605,5.01534297631694,5.38023,11.471750259399414,228723,9,0.013768789467664357,0.0310344827586206,0.4689981912088391,0.9999999168675908,0.8899918371945906,0.3338678162334293
63204861,20260207,111.72721,3.6,60.63759065,18.255998019012143,1.8356304860869337,6.120027224047301,111.30821,111.72721099853516,9074,53,0.022839164359426126,0.098661028893587,0.9962497944771019,1.0000000000000002,-0.4901026427536295,0.7000076072701834
63204884,20260207,184.27386,3.4,78.66949489,24.88608185545111,2.3226391659879133,7.404695460367715,182.72084999999998,184.2738647460937,306129,48,0.023265617875056998,0.004621161066718,0.9915722718349742,0.9999999999999996,-0.31687083353296663,1.1778515449034137
63205388,20260207,51.54639175257732,14.5,0.08118716999999921,0.535281699,5.323378065770789,19.63883760793846,0.43219,10.512330000000002,2201,6,0.008658536585365854,0.0020661912949146,0.008384486,0.2039392068233913,-0.6328704782227041,0.3544025936509282
63209471,20260207,17.54385964912281,10.0,0.2077001199999994,1.1285358785964326,3.0483371892129956,15.54566785945969,0.63314,17.543859481811523,9545,30,0.006773827265630544,0.0323152150804337,0.03608898,0.9999998912811388,-0.6951662810787005,0.5545667859459691
63212211,20260207,46.08294930875576,52.0,0.3373562199999993,0.1452432025999999,18.153689296139294,19.85284058422033,6.1242600000000005,2.88351,1018719,6,0.027919594602001777,3.760728709386896e-05,0.132896442,0.0625721652575347,-0.6508905904588598,-0.618214604149609
63212433,20260207,59.58013,95.0,1.0589843699999977,0.0,49.14955449248048,0.0,52.048610000000004,0.0,724807,0,0.08704194737663773,0.0,0.8735900710522116,0.0,-0.4826362685002054,-1.0
63213666,20260207,0.206347241137386,26.0,0.014919279999999799,0.0033512003,0.0,23.16389029617353,0.0,0.07765,8655,1,0.06772300469483568,0.0003577817531305,0.0,0.3763056077371445,-1.0,-0.1090811424548642
63215668,20260207,1000.0,158.41,0.00331338,0.0,116.3796485763782,0.0,0.38561,0.0,1252,0,0.006352105530187722,0.0,0.00038561,0.0,-0.2653263772717745,-1.0
63219307,20260207,33.47138,1.09,8.01462566,0.0,0.7191227943140142,0.0,5.7635,0.0,1067,0,0.0012850776827652655,0.0,0.17219188452940987,0.0,-0.34025431714310633,-1.0
63221312,20260207,1000.0,79.06,0.48195347999999893,0.0,53.42322665664756,0.0,25.74751,0.0,1633,0,0.001555386227259739,0.0,0.025747509999999998,0.0,-0.32426983738113385,-1.0
63224395,20260207,45.16711833785005,14.0,0.3635722799999984,2.066481639458547,5.830257466273307,21.85700339797886,2.11972,45.167118072509794,24101,104,0.00990221455277538,0.0250821020289442,0.0469306008,1.0000000000000009,-0.5835530381233353,0.5612145284270615
63224447,20260207,142.85714285714286,1500.0,0.0055760899999997005,0.0,698.7817628481982,0.0,3.8964700000000003,0.0,4185,0,0.012012055109070035,0.0,0.02727529,0.0,-0.5341454914345345,-1.0
63225492,20260207,135.48968000000002,4.48,8.7729203,0.0,3.8448781986541016,0.0,33.73081,0.0,2541,0,0.003021043871121151,0.0,0.24895482814632075,0.0,-0.14176825922899525,-1.0
63226351,20260207,1000.0,10.01,0.39856129999999934,68.95821336768378,5.879923615263208,14.50153559180085,2.34351,999.9999999999992,7044,280,0.004633905664101046,0.2005286325056338,0.00234351,0.9999999999999992,-0.41259504343024894,0.4487048212006624
63231083,20260207,5.645161290322581,7.02,0.1406970999999993,0.0687969434087804,3.9112391086952236,82.0542137189164,0.5503,5.645161151885986,3852,1,0.0014747884681649375,0.0158730158730158,0.09748171428571428,0.9999998211860656,-0.4428434318097972,10.688634464652338
63231247,20260207,1000.0,379.36,0.032276759999998496,0.0,149.06855582779136,0.0,4.811449999999999,0.0,8390,0,0.007620345140781108,0.0,0.004811449999999999,0.0,-0.6070525204876862,-1.0
63231700,20260207,1000.0,24.0,1.532146019999999,0.0,12.629044325683795,0.0,19.349539999999998,0.0,40279,0,0.009755855353985515,0.0,0.01934954,0.0,-0.4737898197631752,-1.0
63233770,20260207,1000.0,84.69,0.00178839,0.0,294.3038151633592,0.0,0.52633,0.0,2739,0,0.038523206751054855,0.0,0.00052633,0.0,2.4750716160510002,-1.0
63234573,20260207,229.51535,15.4,1.8101369199999988,0.0,11.342014945477171,0.0,20.5306,0.0,29614,0,0.006837366087920207,0.0,0.08945196911666256,0.0,-0.2635055230209629,-1.0
63236174,20260207,23.102310231023104,7.91,1.8509005299999988,0.0,3.41908703219184,0.0,6.32839,0.0,2346,0,0.001385133140461711,0.0,0.2739288814285714,0.0,-0.5677513233638635,-1.0
63245295,20260207,1000.0,84.69,0.00070822,0.0,120.48515997853775,0.0,0.08533,0.0,2241,0,0.3863793103448276,0.0,8.533e-05,0.0,0.4226609986838795,-1.0
63246122,20260207,1000.0,84.69,1.1978429299999975,0.2909296814,28.621331846905893,80.44222041958895,34.28386,23.40311,17587,17,0.010030226987567012,0.0005024527609162,0.03428386,0.02340311,-0.6620459104155639,-0.0501568296063774
63246165,20260207,1000.0,84.69,0.6329608899999981,0.0,29.164582348839996,0.0,18.46004,0.0,8752,0,0.0062778853740764655,0.0,0.01846004,0.0,-0.6556313337012635,-1.0
63252365,20260207,45.90532,2.5,16.153913609999996,5.0527701652427846,1.3372103207626356,9.08517676985703,21.60118,45.90531921386719,111546,21,0.034644842687206884,0.0103243578800341,0.47055940357239634,1.0,-0.4651158716949458,2.6340707079428123
63259521,20260207,6.334726973267452,3.86,9.433348259999999,0.0,0.6430908552081803,0.0,6.0665,0.0,1845,0,0.05125,0.0,0.9576576899999999,0.0,-0.8333961515004714,-1.0
63273998,20260207,11.750881316098708,13.0,0.5521018899999983,0.6679015560660175,4.917769797890038,17.593705980527595,2.71511,11.75088119506836,2729,4,0.002720566244641611,0.0024242424242424,0.231055861,0.9999999188423214,-0.6217100155469202,0.3533619985021227
63274135,20260207,5.00167,10.0,1.413662929999999,0.0,3.538092351335833,0.0,5.00167,0.0,7991,0,0.01040630290402396,0.0,1.0,0.0,-0.6461907648664167,-1.0
63276032,20260207,2662.6699100000005,1.0,2759.05372097,4452.669006437901,0.7121862597547318,0.4154020495905774,1964.9601499999999,1849.6478318381464,272728,646,0.2127031664326938,0.0328926680660853,0.7379661078605119,0.6946590775831728,-0.2878137402452682,-0.5845979504094225
63277194,20260207,72.20216606498195,4.15,6.394276399999999,0.0,1.3477177808578937,0.0,8.61768,0.0,1620,0,0.17608695652173914,0.0,0.11935486799999999,0.0,-0.675248727504122,-1.0
63281072,20260207,277.77777777777777,34.1,0.1704646299999994,0.5779149796,4.037025158826218,76.83405818045318,0.68817,44.40363,74545,38,0.0063686458778299876,0.0003191886986954,0.002477412,0.1598530719026628,-0.8816121654303162,1.253198287934338
63287123,20260207,307.8781,3.79,94.91277078999994,2.2817596239,2.770039034912471,14.246976505553327,262.91208,32.50819,27674,19,0.6122566371681416,0.421875,0.8539486244718283,0.1055878565224933,-0.26911898814974383,2.75909674114815
63298743,20260207,6.849315068493151,28.08,0.3764911899999997,0.0,13.412026985279534,0.0,5.04951,0.0,14493,0,0.02115457597431032,0.0,0.7372284599999999,0.0,-0.5223637113504439,-1.0
63299682,20260207,97.50139,69.3,0.524341599999999,0.0,59.81119941656367,0.0,31.3615,0.0,14714,0,0.009649157321791594,0.0,0.32165182465603825,0.0,-0.1369235293425156,-1.0
63302969,20260207,1000.0,20.0,4.725168639999996,0.0,15.126380759184936,0.0,71.4747,0.0,28237,0,0.0008841939797027114,0.0,0.0714747,0.0,-0.24368096204075318,-1.0
63304451,20260207,884.4620500000002,28.53,3.3237044899999986,0.0,18.87653074717242,0.0,62.74001,0.0,19981,0,0.002316154309825196,0.0,0.07093578520412491,0.0,-0.33836204881975396,-1.0
63305006,20260207,1000.0,12.0,8.843033169999998,38.42046396302473,8.440567683633377,26.027795367973404,74.64022,999.9999999999994,49568,491,0.01529215770963164,0.068359555684306,0.07464022,0.9999999999999994,-0.2966193596972186,1.168982947331117
63311767,20260207,1000.0,12.0,0.9559277099999997,0.0,6.866314190222608,0.0,6.5637,0.0,2665,0,0.009579439252336449,0.0,0.0065637,0.0,-0.42780715081478266,-1.0
63316232,20260207,126.52847,36.0,2.6108107399999985,0.0,32.71654995566628,0.0,85.41672,0.0,184079,0,0.08173297220495515,0.0,0.6750790553303933,0.0,-0.09120694567593664,-1.0
63317909,20260207,114.94252873563218,11.5,1.4736124399999986,0.0,5.083527932215343,0.0,7.491149999999999,0.0,26542,0,0.006626388715516165,0.0,0.06517300499999999,0.0,-0.5579540928508397,-1.0
63320611,20260207,1000.0,84.69,0.0047769099999996,0.0,0.0,0.0,0.0,0.0,1904,0,0.0966497461928934,0.0,0.0,0.0,-1.0,-1.0
63322976,20260207,94.94436,3.45,34.85537662,6.189786779032436,1.8235132184321237,15.338871414509937,63.559239999999996,94.94435882568357,2681385,48,0.12720284066111312,0.0093517108974386,0.6694367100899937,0.9999999999999996,-0.4714454439327178,3.446049623914716
63324168,20260207,50.0,3.0,0.9346518599999998,7.554445967807432,1.7914691786950494,6.618618174575889,1.6743999999999999,49.99999999999999,18881,38,0.030409083588339506,0.0822688758716432,0.033488,0.9999999999999996,-0.4028436071016502,1.2062060581919631
63333258,20260207,41.27358490566038,3.44,0.2636811899999995,7.455965856780169,2.44753901482317,5.535645083462346,0.64537,41.27358627319335,7570,21,0.000604608442154866,0.059156862745098,0.01563639314285714,0.9999999999999996,-0.28850610034210167,0.6091991254021027
63333434,20260207,1000.0,22.2,0.7047265799999984,0.0,11.988763074609755,0.0,8.448799999999999,0.0,17261,0,0.013412852591498952,0.0,0.0084488,0.0,-0.4599656272698308,-1.0
63333682,20260207,273.87567,3.79,46.25782208,9.234684771399998,3.609786464032334,12.267108356933951,166.98086,113.28289099999998,10298,16,0.635679012345679,0.3160919540229885,0.6096958521361171,0.4136288938203712,-0.04754974563790659,2.2367040845394235
63334016,20260207,133.70215,3.79,45.665018149999995,11.20365554467812,2.4448922725326896,11.933795712526573,111.64605,133.7021484375,9951,24,0.3827307692307692,0.3636363636363636,0.8350355622553565,1.0,-0.3549096906246202,2.1487587948923976
63335323,20260207,15.89825119236884,13.0,0.1714528099999994,0.8995730338282355,5.1501634764691415,17.673088523744465,0.8830100000000001,15.898251533508304,1585,10,0.0023960695389266817,0.0564630802633898,0.05554132900000001,0.9999999400138904,-0.6038335787331429,0.3594683479803434
63336283,20260207,1000.0,12.0,0.1539623499999997,1.9958267737,7.6086783554550985,18.880772427643464,1.1714499999999999,37.68277,11296,11,0.061026472177201516,0.0080939451431254,0.0011714499999999999,0.03768277,-0.3659434703787418,0.573397702303622
63336654,20260207,370.3703703703704,22.0,5.149750259999998,0.0,11.6326184718713,0.0,59.90508,0.0,94138,0,0.0008275467999349482,0.0,0.16174371599999998,0.0,-0.4712446149149409,-1.0
63338096,20260207,44.41921000000001,1.97,64.86024656000001,12.563025086506665,0.6848887007992897,3.535709328369528,44.42205,44.419208526611335,4549,24,0.0015275865542832196,0.0047704233750745,1.0000639363014334,1.0000000000000002,-0.652340761015589,0.7947762827515568
63339310,20260207,12.987012987012989,1.94,5.341698699999999,0.931468912264226,0.8382239904321075,13.942493141394356,4.47754,12.987012863159176,1751,28,0.0032211184694628404,0.0616123921844745,0.34477058,0.999999926567082,-0.5679257781277796,6.186851922762573
63339821,20260207,10.85282,2.0,2.33709963,0.0,1.3221173630496872,0.0,3.0899199999999993,0.0,45365,0,0.0212233918128655,0.0,0.2847112547706494,0.0,-0.3389413184751564,-1.0
63339996,20260207,162.68000999999998,2.0,55.59990414000002,0.0,2.0165099514864013,0.0,112.11776,0.0,140241,0,0.7688651315789473,0.0,0.6891919910749945,0.0,0.008254975743200665,-1.0
63342003,20260207,98.41694,64.62,1.109429919999999,0.3890443084425834,48.36653404840573,252.9703781179591,53.65928,98.41693878173834,716237,84,0.06920498574810377,0.0102112335254376,0.5452240234252356,1.0000000000000009,-0.25152376898165074,2.914737966044725
63344858,20260207,179.59183673469389,8.8,1.1729856499999987,9.165693887140067,3.45213089350241,19.593914576334356,4.049300000000001,179.59184265136702,1350,249,0.0032782904322486645,0.1464757464757465,0.02254723863636364,0.999999999999999,-0.6077123984656352,1.2265811535963296
63346965,20260207,139.99414000000007,12.0,22.4187794,6.467464910288204,5.402917698543392,21.64590313530722,121.12682000000001,139.99414062499997,130044,35,0.010297415431394907,0.0061146051712089,0.8652277873916718,0.9999999999999998,-0.5497568584547173,0.8038252612756015
63350356,20260207,7.170259999999998,1.0,22.22256703,30.540631457751616,0.2762840130805536,0.2347777166194624,6.13974,7.170259952545166,1467,4,0.035264423076923075,0.0416666666666666,0.8562785728829919,0.9999998669958696,-0.7237159869194464,-0.7652222833805375
63352392,20260207,72.20216606498195,4.15,1.33522697,0.0,1.8795306388995427,0.0,2.5096000000000003,0.0,40758,0,0.004318362416960681,0.0,0.034757960000000004,0.0,-0.5471010508675801,-1.0
63352636,20260207,507.4560800000001,4.15,0.3064362899999994,98.42975668228716,12.11534051662095,5.155514929164529,3.71258,507.4560852050783,26494,166,0.0027641971058040417,0.4770114942528735,0.007316061717104659,1.0000000000000004,1.919359160631554,0.242292725467533
63354033,20260207,4.67689,2.06,2.139330179999999,0.0,1.234563988621897,0.0,2.64114,0.0,162457,0,0.045727756354322066,0.0,0.5647214281285213,0.0,-0.40069709290199174,-1.0
63355127,20260207,1.6891891891891893,1.9,0.2513404999999994,0.4065602381572881,0.5325444964102495,4.154821062846701,0.13385,1.6891891956329346,2255,6,0.02185077519379845,0.2625,0.0792392,0.9999994354251256,-0.7197134229419739,1.1867479552541238
63355311,20260207,1.6891891891891893,1.9,0.41941804999999976,0.2700571370014633,0.8393534803759644,6.254909459083553,0.35204,1.6891891956329346,7857,2,0.0046269359872799015,0.04,0.20840768,0.9999994354251256,-0.5582350103284398,2.292057651353854
63359739,20260207,1000.0,3.32,7.14293801,163.98166533200768,1.9924504426715586,6.098242702177073,14.231950000000001,1000.0000000000016,453747,1145,0.002442170631755371,0.0020293646404922,0.014231950000000002,1.0000000000000016,-0.3998643244965185,0.8368201279512185
63359921,20260207,1000.0,86.31,0.4171241699999992,0.0,50.863847088985615,0.0,21.21654,0.0,6267,0,0.005875128902221805,0.0,0.02121654,0.0,-0.4106841954699848,-1.0
63360454,20260207,1000.0,22.01,0.0619317599999995,0.2427358833,7.273650869925279,23.4408134546564,0.45047,5.6899500000000005,1797,5,0.004085019322573312,0.0009780907668231,0.00045046999999999996,0.00568995,-0.6695297196762708,0.0650074153064764
63363585,20260207,2928.89804,300.0,2.8451989899999983,0.0,287.7728457228225,0.0,818.77101,0.0,17123,0,0.011131842413210245,0.0,0.27954916791845713,0.0,-0.04075718092392492,-1.0
63370394,20260207,159.52762,8.3,8.540620879999997,4.0654541104745086,6.998756980300479,39.23979334987259,59.77373,159.52761840820318,8011,49,0.0009915708432869997,0.0165914003407305,0.3746920439231777,1.0000000000000004,-0.15677626743367729,3.72768583712507
63371100,20260207,1.32579105532968,26.0,0.023680179999999697,0.0517418700532259,0.0,25.622679993515877,0.0,1.3257910013198853,22269,6,0.011053807207386081,0.0017814931984886,0.0,0.9999992806757404,-1.0,-0.0145123079416971
63372853,20260207,209.44123,2.5,75.19263075000002,0.0,1.8230887605963961,0.0,137.08284,0.0,8056,0,0.019634413843529125,0.0,0.6545169735681938,0.0,-0.27076449576144157,-1.0
63372872,20260207,4.077471967380224,52.0,0.0248075999999995,0.0597560064,27.101775262420126,54.37103020609144,0.67233,3.2490499999999995,220997,2,0.0040673570838310235,2.564891445482492e-06,0.1648889325,0.7968293719155942,-0.47881201418422836,0.0455967347325276
63373937,20260207,40.68809,1.15,50.05249349,25.402987289484745,0.8240208853578935,1.601704918114634,41.2443,40.68809127807617,3242,16,0.0014676324128564961,0.0285714285714285,1.013670093631822,1.0,-0.28346009968878816,0.3927869141924016
63374999,20260207,500.0,10.0,0.4245971199999996,10.476328134372364,2.197824610774564,47.72664103875109,0.93319,499.9999999999998,15243,418,0.0021201752555810556,0.0342108423159512,0.00186638,0.9999999999999996,-0.7802175389225436,3.772664103875109
63375302,20260207,1000.0,393.19,0.0245535699999987,0.0,63.32032368409491,0.0,1.5547399999999998,0.0,90164,0,0.03656137220712866,0.0,0.0015547399999999998,0.0,-0.8389574412266464,-1.0
63375453,20260207,1000.0,386.54,0.8522436399999993,0.0,123.31840927554482,0.0,105.09733,0.0,36666,0,0.0002457879008482518,0.0,0.10509733,0.0,-0.6809685691634894,-1.0
63377282,20260207,1000.0,28.0,0.0134913799999999,0.0,0.0,0.0,0.0,0.0,6494,0,0.06069158878504673,0.0,0.0,0.0,-1.0,-1.0
63377702,20260207,23.80952380952381,25.93,0.00267095,0.0,0.0,0.0,0.0,0.0,1387,0,0.0034086999262718113,0.0,0.0,0.0,-1.0,-1.0
63378800,20260207,376.11769,28.6,27.498617760000002,9.488323714590358,13.593646533890364,39.64005102005915,373.80649000000005,376.1176757812499,265565,31,0.02248530980644506,0.0079966211547972,0.9938551148710928,0.9999999999999996,-0.524697673640197,0.3860157514453181
63378942,20260207,12.07632,5.6,2.8356733399999987,0.0,4.281226553408302,0.0,12.140160000000002,0.0,29652,0,0.006126066566121934,0.0,1.005286378631901,0.0,-0.23549525831994608,-1.0
63379069,20260207,1000.0,116.0,0.0457642999999987,0.0,22.245724287272587,0.0,1.01806,0.0,25447,0,0.019813906408160088,0.0,0.0010180599999999999,0.0,-0.8082265147648914,-1.0
63380156,20260207,34.70317,2.0,19.27245353,10.116831084837097,1.4694444563540736,3.430240858537092,28.319799999999997,34.70317077636719,2817,17,0.010479910714285714,0.0479651162790697,0.8160580142966766,1.0,-0.2652777718229632,0.7151204292685458
63380247,20260207,6.73505,5.45,1.3374114599999993,0.0,3.8597695282198363,0.0,5.1621,0.0,3746,0,0.006459734436971892,0.0,0.7664531072523588,0.0,-0.29178540766608513,-1.0
63381071,20260207,1000.0,19.41,20.43495700999999,38.51601695607035,8.9418617279489,25.96322395374712,182.72656,1000.0,10808951,4933,0.3924533802919178,0.066128272878897,0.18272656,1.0,-0.5393167579624472,0.3376210282252392
63382374,20260207,1000.0,83.45,0.1044110699999986,0.0,13.333260544116811,0.0,1.39214,0.0,262873,0,0.007438103753671332,0.0,0.0013921399999999998,0.0,-0.8402245590878753,-1.0
63383639,20260207,1000.0,23.0,10.404426669999998,26.315909918542804,16.561577630879686,37.99982463443355,172.31372,1000.0000000000016,64988,407,0.0025482792018100046,0.0079741379310344,0.17231371999999998,1.0000000000000018,-0.2799314073530571,0.6521662884536327
63385982,20260207,166.66666666666666,44.0,5.198072819999998,0.0,13.756742638322644,0.0,71.50855,0.0,1176471,0,0.02329082875028211,0.0,0.4290513,0.0,-0.68734675821994,-1.0
63386669,20260207,1000.0,8.55,0.0704290999999995,7.8824083809,5.999366739032629,36.37631923746408,0.4225299999999999,286.73304,96791,816,0.008226330103688595,0.0048704936072624,0.0004225299999999999,0.2867330399999999,-0.2983196796453066,3.2545401667806946
63387460,20260207,1000.0,20.0,1.3358856599999989,0.0,9.48619360132963,0.0,12.672469999999999,0.0,14065,0,0.0023212252240357796,0.0,0.012672469999999998,0.0,-0.5256903199335186,-1.0
63392724,20260207,1000.0,12.0,0.5881267999999983,12.903432527699998,3.039599623754614,17.67817143478243,1.7876699999999999,228.10911,5190,53,0.013175932977913175,0.0131586030533612,0.0017876699999999999,0.2281091099999999,-0.746700031353782,0.4731809528985359
63393176,20260207,10.416666666666666,9.38,0.007641369999999899,0.2494256883053417,0.0,41.76243951812522,0.0,10.416666984558104,1698,24,0.0019171276956079938,0.0615165165165165,0.0,0.9999999084472768,-1.0,3.4522856085929177
63395435,20260207,166.66666666666666,34.0,0.5034334099999986,0.0,7.193126097848789,0.0,3.62126,0.0,76757,0,0.020294273174342976,0.0,0.02172756,0.0,-0.7884374677103297,-1.0
63396395,20260207,35.40957,45.67,1.5490944399999982,0.0,18.730530076655647,0.0,29.01536,0.0,224889,0,0.17834179222839017,0.0,0.8194214163007345,0.0,-0.5898723434058322,-1.0
63400025,20260207,37.5,12.3,0.173732089999999,1.8490094079299584,5.323599111712783,20.28111893755252,0.9248799999999999,37.49999999999999,9486,57,0.001108656779215315,0.0113673125919783,0.024663466666666665,0.9999999999999998,-0.5671870640883917,0.6488714327687197
63400463,20260207,37.93626707132018,175.0,0.1020145199999998,0.014615091,57.58729247562025,8.281283962996673,5.87474,0.12104,1272,1,0.23127272727272727,0.0035714285714285,0.1548581464,0.0031906143342753,-0.6709297572821701,-0.9526783773543048
63400580,20260207,62.5,12.3,2.7837648,0.0,10.22704576191207,0.0,28.46969,0.0,308398,0,0.023964224382435447,0.0,0.45551504,0.0,-0.16853286488519761,-1.0
63400626,20260207,10.53743,3.2,3.917679739999998,0.0,2.6897119466942456,0.0,10.53743,0.0,45662,0,0.013993870671161509,0.0,1.0,0.0,-0.1594650166580483,-1.0
63400716,20260207,72.28915662650603,20.0,0.3840823499999987,0.0428804562,8.020701810432087,40.47670377387977,3.08061,1.7357,2073,2,0.007148275862068966,0.0007314941480468,0.042615105,0.0240105175215333,-0.5989649094783956,1.0238351886939885
63400779,20260207,2.2580645161290325,3.08,0.023360919999999702,0.2817521107956448,0.0,8.014337453317,0.0,2.25806450843811,27613,12,0.012522334588000544,0.0909090909090909,0.0,0.9999995776586936,-1.0,1.6020576791682617
63402273,20260207,1.6937669376693767,48.0,0.0148208899999999,0.0347099310462194,0.0,48.79635609040954,0.0,1.693766951560974,142431,3,0.10401738114365004,0.0006376343172788,0.0,0.9999994369510052,-1.0,0.016590751883532
63402334,20260207,7.225870000000001,2.4,1.5575263699999984,0.0,0.6297678285857857,0.0,0.9808800000000001,0.0,147004,0,0.009981531274613651,0.0,0.13574559188028568,0.0,-0.737596738089256,-1.0
63403274,20260207,10.1010101010101,9.3,0.23528397999999978,0.6225822926741006,10.156790105301697,16.224351731613698,2.38973,10.101010322570804,16599,18,0.0008686346438645057,0.012401900699773,0.23658327000000004,0.9999999055862538,0.09212796831201037,0.7445539138566071
63403381,20260207,11.363636363636363,9.8,2.176854729999999,0.0,3.2080000120173393,0.0,6.98335,0.0,160225,0,0.004290205024808082,0.0,0.6145348,0.0,-0.6726530599982307,-1.0
63405128,20260207,1000.0,86.31,0.6356251999999994,0.193321664,20.628367157249293,90.55130752801958,13.111910000000002,17.50562,23871,2,0.004416384525725703,2.661210317460317e-05,0.013111910000000001,0.01750562,-0.7609967888164836,0.0491404250886058
63406536,20260207,19.62989,98.0,0.19507661999999798,0.0089564349585086,25.23746823171352,2191.4633522678373,4.92324,19.62989044189453,8533,1,0.2922260273972603,0.0454545454545454,0.2508032393457121,0.9999998807907104,-0.7424748139621069,21.361870941508545
63406884,20260207,988.0561600000004,23.0,31.67529463999999,27.894000093481225,22.184647624796344,35.421815215123694,702.7052500000002,988.0561523437502,160685,197,0.0039596116409157,0.0204505346205751,0.7111997054904247,1.0000000000000002,-0.035450103269724156,0.5400789223966823
63407342,20260207,402.38432,1.91,101.78377334999979,157.08393148137276,1.4890730124420202,2.5615879454064663,151.56347,402.3843078613277,223543,1103,0.009349078027828545,0.0220913697450379,0.376663459450905,0.999999999999999,-0.22038062175810458,0.341145544592685
63407584,20260207,8.733624454148472,1.18,10.17999462000001,0.0,0.6641172468517467,0.0,6.7607099999999996,0.0,1088,0,0.0017212466381901599,0.0,0.7741012949999999,0.0,-0.43718877385445193,-1.0
63411075,20260207,850.2778400000001,260.5,1.4200786899999966,0.0,87.53609280623758,0.0,124.30813999999998,0.0,1511725,0,0.06434213942481624,0.0,0.1461970830616966,0.0,-0.6639689335653068,-1.0
63412723,20260207,1017.58415,1.26,1235.2938429400003,412.08631340753135,0.7762061921380209,2.4693471535046734,958.8427300000001,1017.5841674804692,68367,299,0.0038366396363534333,0.038489424152914,0.9422736488181347,1.0000000000000009,-0.3839633395729993,0.9597993430117272
63413074,20260207,35.0,2.4,4.243047229999998,0.0,2.5008371165361747,0.0,10.61117,0.0,4758,0,0.0006743675147048402,0.0,0.3031762857142857,0.0,0.042015465223406157,-1.0
63414046,20260207,1912.7930200000008,303.8,9.382286910000001,0.0143198724,201.46342657517386,333.9028423994617,1890.18767,4.78178,401134,1,0.006066518860419886,7.842399146746973e-07,0.9881820198193735,0.0024998941747077,-0.3368550803977161,0.09908774133002
63415176,20260207,391.68223000000006,5.0,167.08847776,50.79615081062496,2.359302839339004,7.710864041812259,394.21232,391.6822204589847,61727,210,0.006827830319119518,0.0364583333333333,1.0064595475776368,1.0000000000000009,-0.5281394321321992,0.5421728083624519
63417058,20260207,4.0387200000000005,17.27,0.07157956999999951,0.1009346915023525,15.816663888872311,40.01280489395842,1.13215,4.03872013092041,12348,2,0.05119402985074627,0.0378787878787878,0.2803239640282069,0.99999976386725,-0.08415379913883547,1.316896574022428
63417588,20260207,250.18294000000003,52.0,7.085179469999998,5.58411391801218,23.712244793708813,44.80261264235045,168.00551000000002,250.18293762207023,524464,137,0.03980419092144109,0.0028353040270612,0.6715306407383334,0.9999999999999996,-0.5439952924286767,-0.1384112953394145
63418375,20260207,111.04177,7.1,8.529634269999999,0.0,3.6520018343060805,0.0,31.150240000000004,0.0,1367,0,0.001835145657135186,0.0,0.2805272286275696,0.0,-0.4856335444639323,-1.0
63418435,20260207,1.7391304347826086,17.27,0.0111358899999997,0.062944494798605,88.58384915799515,27.629147778309484,0.98646,1.7391303777694709,2594,7,0.0029215001689379435,0.005620221115173,0.5672145000000001,0.999999451637551,4.129348532599604,0.5998348028930649
63419441,20260207,37.5,7.5,0.2326952199999996,4.035542519484993,1.0109361077550298,9.292428595785696,0.23523999999999998,37.50000000000001,35384,138,0.0060163569278900925,0.0190713436327974,0.006273066666666666,1.0000000000000002,-0.865208518965996,0.2389904794380929
63421324,20260207,1000.0,1.4,0.8615201099999998,151.33090676287992,1.1642096201329535,6.608035429001051,1.00299,1000.0000000000008,5298,432,0.0007478192135053496,0.0235890125205612,0.00100299,1.0000000000000009,-0.16842169990503317,3.720025386810876
63423264,20260207,2919.6333800000007,6.1,570.78606884,344.2423183148082,3.4091879886884024,8.481331715962732,1945.9170099999997,2919.6333007812527,79940,469,0.0045280753130965265,0.0106349206349206,0.666493616400563,1.0000000000000009,-0.4411167231658356,0.3903822702557242
63423338,20260207,1000.0,15.5,0.887547869999999,39.18818002667919,14.683433356670683,25.517897840657707,13.032250000000001,1000.0000000000002,6657,170,0.020295731707317074,0.0673455346320797,0.01303225,1.0000000000000002,-0.05268171892447206,0.646315989719852
63423732,20260207,114.94252873563218,11.5,0.3046941499999983,6.26912613971868,5.677857615579458,18.33469400273704,1.73001,114.94252777099608,4741,108,0.002625138427464009,0.0438720254869878,0.015051087000000001,1.0,-0.5062732508191775,0.5943212176293077
63425723,20260207,243.00836,27.5,14.681358509999999,7.181997878903822,16.26848086553538,33.83575602193581,238.84340000000003,243.00836181640625,111832,18,0.021381565110987898,0.0052925610114672,0.982860836557228,1.0,-0.40841887761689527,0.230391128070393
63425781,20260207,21.27659574468085,27.5,0.7513968699999993,0.0,11.601911517145403,0.0,8.71764,0.0,50204,0,0.012421198475926567,0.0,0.40972907999999997,0.0,-0.5781123084674399,-1.0
63426601,20260207,7170.80575,339.26,20.49040154,0.0129100979,129.28927404513905,465.9200980886374,2649.1891399999995,6.0155400000000006,5034386,2,0.02410306742356816,4.6276129904876294e-07,0.36944092928469013,0.0008388931846455,-0.6189079937359575,0.3733422291961688
63426622,20260207,2070.2722899999994,414.17,8.96231607,0.0,232.0046306958688,0.0,2079.29883,0.0,466821,0,0.00901856953529796,0.0,1.0043600738142522,0.0,-0.4398323618420726,-1.0
63427727,20260207,1000.0,86.19,0.0043750299999998,0.0815158346,10.687926711360182,42.26415337280528,0.046759999999999996,3.44524,7488,4,0.17577464788732394,0.009057486631016,4.675999999999999e-05,0.00344524,-0.8759957453143036,-0.5096397241485482
63428201,20260207,1000.0,3.83,0.0820921599999999,102.02136915116446,0.0,9.801867966665275,0.0,1000.0,4074,320,0.004803678811460913,0.3781122598380051,0.0,1.0,-1.0,1.5592345070285574
63428371,20260207,52.63157894736842,10.0,3.9220124899999997,0.0,4.672942793203599,0.0,18.32734,0.0,6159,0,0.008650280898876404,0.0,0.34821946000000004,0.0,-0.5327057206796402,-1.0
63428584,20260207,32.25806451612903,8.0,1.651971029999999,0.0,5.9712245680240565,0.0,9.86429,0.0,1789,0,0.001184846678587986,0.0,0.30579299000000004,0.0,-0.25359692899699293,-1.0
63430523,20260207,1000.0,321.87,0.0062351199999998,0.0,128.7032166181285,0.0,0.8024799999999996,0.0,1586,0,0.010510271703114646,0.0,0.0008024799999999996,0.0,-0.6001391349982027,-1.0
63437499,20260207,1000.0,23.0,1.5970414799999997,24.037823092476213,31.52378359014195,41.60110316777793,50.34479,1000.0000000000008,10556,270,0.0006314907872696817,0.03903990746096,0.05034479,1.0000000000000009,0.37059928652791085,0.8087436159903447
63449407,20260207,4.716981132075472,3.36,0.00020804,0.5770097096069633,0.0,8.174858552202759,0.0,4.716980934143066,2619,1,0.004398723547195163,0.0625,0.0,0.9999998211860656,-1.0,1.4329936926886768
63450741,20260207,77.27272727272727,21.92,0.8908534999999991,0.1975452596347499,2.565438649564718,391.1626983430656,2.28543,77.2727279663086,1595,3,0.11557971014492753,0.0833333333333333,0.02957615294117647,1.0,-0.882963565257084,16.845013548430614
63451974,20260207,68.71583000000001,2.5,35.654098270000006,14.037857673581543,1.3379210894288027,4.8950363114293065,47.70237,68.71582794189449,10076,50,0.0029741137577850587,0.0391163793103448,0.6941976834158882,0.9999999999999992,-0.46483156422847893,0.9580145245717226
63454972,20260207,67.95027999999999,5.05,7.864903899999998,1.3524954023161802,2.4337741749139497,50.24063584899264,19.1414,67.95027923583984,7264,16,0.01486088379705401,0.0434213624894869,0.2816971467961575,1.0,-0.5180645198190199,8.948640386423778
63456215,20260207,279.7433699999999,1.62,19.505223919999995,64.42599326302843,1.1436213237791943,4.3420886380651575,22.30659,279.7433776855468,3619,177,0.0016377047696624128,0.0339637076665004,0.07973947693559282,0.9999999999999996,-0.29406091124741096,1.6803016205459775
63456596,20260207,351.75879396984925,550.0,0.17648230999999917,0.0,39.548326401666166,0.0,6.97958,0.0,1246,0,0.0016505497416876408,0.0,0.01984194885714286,0.0,-0.9280939519969706,-1.0
63458242,20260207,51.78524999999999,52.0,1.8017747599999996,0.0,26.885108547086105,0.0,48.44091,0.0,5749211,0,0.027824089870109002,0.0,0.9354190623778008,0.0,-0.4829786817868057,-1.0
63459526,20260207,1000.0,11.82,7.652120039999999,33.15284698738521,7.4657741516558875,30.163321123437218,57.129000000000005,999.9999999999992,19060,196,0.007965563356736878,0.0231506182637775,0.057129000000000006,0.9999999999999992,-0.3683778213489097,1.551888485804719
63461105,20260207,0.8063703255720189,33.0,0.0147580499999998,0.0040823036,0.0,33.47289679856281,0.0,0.13668,6950,1,0.03683094859565448,0.0003611412062116,0.0,0.1695000736125793,-1.0,0.0143302060170547
63461403,20260207,7.76066,25.0,0.1303049099999993,0.2677222743241528,28.85992553926034,28.987618618889183,3.76059,7.760660171508788,108803,42,0.03164441729924672,0.0098623933254938,0.48457089989768914,0.9999998771142944,0.15439702157041368,0.1595047447555674
63461553,20260207,3.4076200000000005,2.84,0.47569255999999926,0.8269812453376815,0.7092185759642752,4.120547898539327,0.33737,3.4076199531555176,133743,5,0.10012952010181927,0.8333333333333334,0.09900458384444273,0.9999997201348558,-0.7502751493083537,0.4508971912221238
63463244,20260207,1000.0,36.49,2.4433357199999985,0.0,46.379062472839415,0.0,113.31962,0.0,10343,0,0.007451192277213458,0.0,0.11331962,0.0,0.2710074670550675,-1.0
63463364,20260207,117.6470588235294,5.0,4.04439071,0.0,2.421155793822897,0.0,9.7921,0.0,3884,0,0.020792291220556744,0.0,0.08323285,0.0,-0.5157688412354207,-1.0
63464061,20260207,346.15384615384613,6.1,49.97379218,38.00520341076943,3.0249067242189027,9.108064131691384,151.16606000000002,346.1538391113281,5947,67,0.0024273469387755104,0.0399609375,0.4367019511111112,1.0,-0.504113651767393,0.4931252908339193
63465917,20260207,1000.0,310.7,0.7894095599999976,0.0,140.38786153033203,0.0,110.82352,0.0,260708,0,0.004393639109097773,0.0,0.11082352000000001,0.0,-0.5481562229471129,-1.0
63466342,20260207,80.63901,2.78,8.29725483,0.0,2.439680402102342,0.0,20.24265,0.0,75031,0,0.15825986078886312,0.0,0.2510280074122934,0.0,-0.12241712154592002,-1.0
63467432,20260207,4.3478260869565215,2.19,0.3906337299999991,0.674485568648528,0.9827364370199185,6.446126885432396,0.38389,4.34782600402832,11977,16,0.009260805690868321,0.4303751803751803,0.0882947,0.9999997806549512,-0.5512619009041467,1.9434368570810905
63468715,20260207,1000.0,86.19,0.0005304000000000001,0.0,0.0,0.0,0.0,0.0,2420,0,0.6914285714285714,0.0,0.0,0.0,-1.0,-1.0
63471673,20260207,166.66666666666666,5.0,5.7088477399999995,0.0,2.4998091821590607,0.0,14.271030000000001,0.0,1675,0,0.0019364161849710982,0.0,0.08562618000000001,0.0,-0.5000381635681879,-1.0
63471771,20260207,33.333333333333336,11.0,2.1988669999999995,0.0,11.77652400076949,0.0,25.89501,0.0,1281,0,0.0014328859060402685,0.0,0.7768502999999999,0.0,0.07059309097904451,-1.0
63472525,20260207,1025.55606,1.74,871.8579168499999,331.06051766891744,1.171362145439696,3.0977901998004844,1021.26136,1025.5560302734375,87878,503,0.016773811796144303,0.0268223750866528,0.9958123205863559,1.0000000000000002,-0.32680336468982984,0.7803391855297971
63473865,20260207,8.695652173913043,1.88,1.9025181299999996,0.0,1.3132542395272735,0.0,2.49849,0.0,58806,0,0.010723194748358863,0.0,0.28732635,0.0,-0.3014605108897481,-1.0
63474208,20260207,1000.0,82.0,0.00130291,0.0,8.28913739245228,0.0,0.0108,0.0,2552,0,0.0004302235409150679,0.0,1.08e-05,0.0,-0.8989129586286307,-1.0
63474289,20260207,1000.0,73.77,1.35e-05,4.977669876633186,0.0,200.8971715454967,0.0,1000.0,180632,51,0.23122375832053252,0.0547282484627173,0.0,1.0000000000000002,-1.0,1.7232910490362463
63480295,20260207,1000.0,5.38,0.0906517399999994,47.04491020205067,2.795533764713195,21.25628414314893,0.25342000000000003,999.9999999999992,239305,3191,0.045338372930165585,0.2816713354923734,0.00025342,0.9999999999999992,-0.48038405860349537,2.95098209869794
63481146,20260207,1000.0,327.97,1.778907409999998,0.0,173.24472778490497,0.0,308.18633,0.0,360066,0,0.019118785542475748,0.0,0.30818633,0.0,-0.471766540278364,-1.0
63483455,20260207,26154.11694,96.0,360.67545835999977,326.26319208437405,62.10609896180354,80.16263477423944,22400.145709999997,26154.11718749984,35031774,13834,0.7995949502304168,0.1480979366348126,0.8564672919903217,0.999999999999994,-0.3530614691478798,-0.1649725544350058
63488641,20260207,1884.9242100000013,20.6,28.056852819999996,63.02519854689544,19.022322048164778,29.90746888367113,533.70649,1884.924194335939,92500,567,0.006170286568119964,0.0135095482543353,0.28314480081933885,1.0000000000000009,-0.0765863083415157,0.4518188509634072
63494257,20260207,83.03227000000001,11.0,14.871869980000005,5.259264364076039,5.067624992778478,15.787808104536383,75.36506,83.03227233886717,51983,27,0.002313429846774158,0.0061363636363636,0.9076598772983081,0.9999999999999998,-0.5393068188383201,0.4352552822305803
63494470,20260207,58.7649,10.5,0.40920028999999974,4.1000500137497,6.277219402752627,14.332724156467537,2.5686400000000003,58.76490020751953,1300,9,0.00012331391929578268,0.0076335877862595,0.04371044620172927,1.0,-0.40216958069022596,0.3650213482350035
63501118,20260207,1000.0,15.36,0.4264734999999989,2.6441925188,7.775231051870769,16.226906122768312,3.31593,42.90708000000001,16886,28,0.04375745011661052,0.0090857738879696,0.00331593,0.04290708,-0.49380006172716345,0.0564392243143187
63510498,20260207,2.93115,8.3,0.1458485999999991,0.0449850271787231,3.0990355752472274,65.1568974499384,0.45199,2.931149959564209,1655,20,0.00024791407642644217,0.0046497500776995,0.1542022755573751,0.9999996746416868,-0.6266222198497317,6.850228428027247
63517708,20260207,2000.0,15.0,0.34900786999999933,1.0790867986,0.0,38.16538381161527,0.0,41.1838,2029,35,0.013954607977991747,0.0173458092487313,0.0,0.0205919,-1.0,1.544358920774351
63518080,20260207,1000.0,9.0,3.2433980099999986,0.0,3.1579781354062075,0.0,10.24258,0.0,9056,0,0.0022488763068365244,0.0,0.01024258,0.0,-0.6491135405104215,-1.0
63520550,20260207,1000.0,25.3,0.8662697799999988,0.0,11.146215905165263,0.0,9.65563,0.0,31832,0,0.007775470822443147,0.0,0.00965563,0.0,-0.559438106515207,-1.0
63523189,20260207,1000.0,18.66,0.5611918599999988,0.6328571973000001,10.00761130070563,17.37122609283139,5.61619,10.993522829999998,27816,17,0.027983903420523138,0.001349363541146,0.005616189999999999,0.0109935228299999,-0.4636864254712953,-0.0690661181735998
63524267,20260207,38.46153846153846,2.76,0.0967084699999996,2.2399832005784,6.345256004980769,17.170451564897903,0.61364,38.46154022216796,30200,16,0.039989406779661014,0.2280732860520094,0.01595464,0.9999999999999998,1.2990057989060757,5.221178124720174
63529958,20260207,164.5273,5.57,50.97008587000001,11.074710442850018,3.073191801157936,14.856125039705102,156.64085,164.52729797363276,35747,73,0.0038173702252170478,0.0175611144312587,0.9520660097138894,0.9999999999999996,-0.44825999979211206,1.6671677884839151
63530218,20260207,83.33333333333333,2.47,14.201148289999999,11.591461979584723,1.4361697789158148,7.189199156589144,20.39526,83.33333587646479,6160,83,0.0015419660066584896,0.0383903792784458,0.24474312,0.9999999999999992,-0.4185547453782127,1.910606912273689
63530858,20260207,731.0965000000001,13.27,20.323064679999995,18.334456857699998,11.184759955209671,6.444551002401813,227.30859999999998,118.15734876533428,13044,41,1.344742268041237,0.5260416666666666,0.31091463302040145,0.1616166255996778,-0.1571394155832953,-0.514351862841768
63531248,20260207,34.41965,2.1,22.040185029999993,60.07239321899735,1.5493454321513018,0.5729695225067164,34.147859999999994,34.41965103149414,2961,53,0.0002115634690407122,0.0012933690592398,0.992103638473953,1.0,-0.2622164608803325,-0.7271573578442769
63531465,20260207,12.32902,1.45,3.698970939999999,0.0,0.494091472911112,0.0,1.8276299999999999,0.0,37700,0,0.015354539160184092,0.0,0.14823805947269125,0.0,-0.6592472600613021,-1.0
63532364,20260207,72.20216606498195,4.15,9.028390819999998,0.0,4.069692011848463,0.0,36.74276999999999,0.0,187643,0,0.025304160204976063,0.0,0.5088873644999998,0.0,-0.01935132244615348,-1.0
63532391,20260207,238.66007,4.15,4.7765663499999995,0.0,2.805858647812984,0.0,13.40237,0.0,67630,0,0.009047491638795986,0.0,0.056156733717542276,0.0,-0.3238894824547027,-1.0
63533300,20260207,2094.1917699999995,3.61,88.02355833999997,325.6371069072148,2.606760443763265,6.431059604507153,229.45632999999998,2094.191650390625,889339,1008,0.07179963508364012,0.058379567871329,0.10956796473323932,1.0000000000000002,-0.27790569424840295,0.78145700592505
63533681,20260207,7.475240000000001,1.97,11.235353969999998,2.647848283607299,0.43910766079762414,2.8231366025397047,4.933529999999999,7.475240230560302,10962,11,0.0008309896524276996,0.0001844368806693,0.6599828232939676,0.9999998724222678,-0.7771027102550131,0.4330642444362476
63533738,20260207,74.38692,3.79,7.22517268,4.863563375960785,3.456444725415199,15.294732703021504,24.973409999999998,74.3869171142578,2051,11,0.1289937106918239,0.1397849462365591,0.335723135196349,0.9999999999999998,-0.08800930727831165,3.035549566481663
63533809,20260207,2000.0,18.0,6.488862299999999,0.0,9.62495074059439,0.0,62.454980000000006,0.0,1746866,0,0.06095455100580979,0.0,0.031227490000000004,0.0,-0.4652805144114228,-1.0
63533942,20260207,1000.0,1.98,2.8360440499999995,0.0,1.7843305360507362,0.0,5.06044,0.0,1437,0,0.0070268948655256725,0.0,0.00506044,0.0,-0.09882296159053726,-1.0
63534270,20260207,2000.0,15.0,0.971887609999999,0.011767971,13.00418882796542,20.95085458193414,12.63861,0.24657,620602,2,0.09342757354048113,3.649795639773765e-05,0.006319305,0.000123285,-0.1330540781356387,0.3967236387956094
63535088,20260207,1582.6044799999995,2.13,769.19871332,466.0711653574725,1.7369839897849193,3.395628407043864,1336.08585,1582.6044921875,78492,748,0.008242360600651056,0.0328343795267986,0.8442323188671881,1.0,-0.1845145587864228,0.5941916547432429
63535386,20260207,117.61521,4.62,53.19435337000005,5.398163148214796,2.211046897814746,21.78800204245594,117.61521,117.61521148681642,18871,40,0.01845935635332094,0.047585560243788,1.0,1.0000000000000002,-0.5214184203864186,3.7160178749267
63535808,20260207,9.097779999999998,3.82,2.5308014499999993,0.0,2.793494527198095,0.0,7.069780000000001,0.0,1234,0,0.003295060080106809,0.0,0.7770884765294392,0.0,-0.26871871015756676,-1.0
63536636,20260207,208.86075949367088,5.6,1.6327292399999997,0.0,5.438880974533169,0.0,8.88022,0.0,5207,0,0.0026184250226289852,0.0,0.04251741696969697,0.0,-0.028771254547648333,-1.0
63537092,20260207,714.2857142857143,50.0,3.451404789999997,0.0,53.77970458226088,0.0,185.61552999999998,0.0,392553,0,0.028821382945918562,0.0,0.25986174199999995,0.0,0.07559409164521753,-1.0
63537243,20260207,2.684563758389262,2.14,0.8432210599999994,0.7014358215539507,0.6256840881085208,3.8272354582855073,0.52759,2.6845638751983643,7458,6,0.03288359788359788,0.2,0.196527275,0.9999996447564587,-0.7076242578932146,0.7884276965756896
63537321,20260207,1.8461538461538465,2.49,0.08482196999999969,0.2269182165609949,7.764615700389914,8.135731663904952,0.6586099999999999,1.846153855323792,3041,12,0.0032302953048650948,0.3673093401885175,0.3567470833333332,0.9999994834266814,2.1183195583895236,2.267362101504
63537589,20260207,4.265840000000001,3.12,0.46447200999999905,0.1869130165655885,0.8152052047226717,22.822472770849995,0.37864000000000003,4.26584005355835,22902,10,0.14198388096714198,0.325,0.08876094743356525,0.99999977643932,-0.7387162805376053,6.3148953871709415
63537852,20260207,12.032870000000004,2.37,6.560137069999999,0.0,1.4343435052645936,0.0,9.40949,0.0,151575,0,0.10128633478115603,0.0,0.7819821871257644,0.0,-0.3947917699305512,-1.0
63537981,20260207,1000.0,3.26,0.0229827299999998,55.23049526739602,0.7888531954210904,18.105939065956264,0.01813,999.9999999999972,12517,2049,0.0040982908781350275,0.2946234899838489,1.813e-05,0.9999999999999972,-0.7580204922021195,4.5539690548843685
63538339,20260207,1011.98769,3.6,104.41202985000001,191.5944975525694,1.929018526786164,5.281924473529552,201.41273999999999,1011.9876708984384,18666,228,0.0026352496046984416,0.0129729729729729,0.19902686760942712,1.000000000000001,-0.4641615203371767,0.4672012815146582
63539511,20260207,354.54545454545456,2.69,14.27960337,0.0,1.5852604174957556,0.0,22.63689,0.0,2912,0,0.0026429479034307496,0.0,0.06384763846153846,0.0,-0.4106838596670053,-1.0
63541222,20260207,468.76926,17.6,0.7891167299999984,13.9622336801,174.5205554062962,8.16918983102088,137.71709,114.06014556699996,25442,169,0.041194948186528496,0.0211499051453044,0.2937843876537468,0.2433183148491396,8.915940648085012,-0.5358414969341783
63541909,20260207,312.5,26.0,23.84098275999999,8.782921542853058,10.391828746911944,35.58041169955344,247.75140999999996,312.50000000000057,6515232,1011,0.08059416130628402,0.0129598365240105,0.7928045119999999,1.0000000000000018,-0.6003142789649252,0.3684773730597476
63543019,20260207,7.1144300000000005,2.32,3.098336459999999,0.0,2.2962096246964743,0.0,7.1144300000000005,0.0,98680,0,0.49538152610441766,0.0,1.0,0.0,-0.010254472113588608,-1.0
63548375,20260207,1000.0,18.08,0.18686605999999947,0.0,13.590536451616773,0.0,2.5396099999999997,0.0,2795,0,0.008013188073394495,0.0,0.00253961,0.0,-0.24831103696809878,-1.0
63552128,20260207,86.28540000000001,4.15,12.18227423,0.0,3.2091774706339042,0.0,39.095079999999996,0.0,92113,0,0.011114288472212167,0.0,0.45309032582569,0.0,-0.2267042239436376,-1.0
63554448,20260207,316.32612000000006,8.2,39.77014,7.472759134357718,5.836267863276317,42.33055860918939,232.10918999999998,316.3261108398433,228834,877,0.008870772665953389,0.0106864593399463,0.733765488603976,0.9999999999999988,-0.2882600166736198,4.162263365099145
63557880,20260207,197.3684210526316,25.75,12.6591705,11.307936438675751,13.65377376029496,17.45397200261018,172.84545000000003,197.36842346191403,29478,9,0.06263918402039949,0.0107495776299003,0.8757502800000001,1.0,-0.4697563588234967,-0.322175844558828
63558513,20260207,1000.0,30.39,0.0284800699999999,0.0,24.025924093585534,0.0,0.6842600000000001,0.0,3497,0,0.053389312977099236,0.0,0.0006842600000000001,0.0,-0.20941348820054184,-1.0
63559263,20260207,4.53857,4.5,0.6646629899999998,0.4394228748584608,4.291573388191812,10.32845547747595,2.8524499999999997,4.538569927215576,2305,6,0.0985042735042735,0.0418060200668896,0.6284909123358238,0.9999997898734334,-0.04631702484626407,1.295212328327989
63559570,20260207,1000.0,33.45,5.341683049999997,0.0,23.87749119633747,0.0,127.54599,0.0,187286,0,0.010673634778247638,0.0,0.12754599,0.0,-0.28617365631278124,-1.0
63559834,20260207,315.59441000000004,15.4,13.990619959999998,15.781836782564534,22.228635392080225,19.99731753265019,310.99239,315.5944213867189,138984,83,0.02254111388627591,0.0153988868274582,0.98541792929729,1.0000000000000004,0.44341788260261195,0.2985271446752587
63560316,20260207,4.545454545454546,2.83,0.0950478999999996,0.1128195775346816,0.0,40.28923270409971,0.0,4.545454502105713,7375,2,0.007341961174713788,0.0092592592592592,0.0,0.9999997901916924,-1.0,13.23647837111548
63560778,20260207,65.36903000000001,10.0,0.10663860999999959,4.350314798918603,14.370404865554848,15.026273225894526,1.53244,65.36903381347656,3387,26,0.0012009786539961705,0.0165664642272204,0.023442905608359186,1.0,0.4370404865554848,0.5026273225894526
63561739,20260207,1000.0,8.37,0.6205552399999996,3.430296434,2.245634087305428,32.033779027687665,1.39354,109.88539,152808,250,0.010491308049323043,0.0023563918887266,0.00139354,0.10988539,-0.7317044101188258,2.8272137951825
63563441,20260207,32.60413000000001,2.5,19.86996271,7.197048361909688,1.4766222980999242,4.530207888223861,29.340429999999998,32.60412979125977,2810,14,0.0009405857740585774,0.0227272727272727,0.8998991845511592,1.0000000000000002,-0.40935108076003035,0.8120831552895442
63568994,20260207,1000.0,1.56,9.99827321,0.4994650026,0.7065810117025199,2.677499555602386,7.064590000000001,1.33732,75557,1,0.004441028836093902,5.199559077390237e-06,0.007064590000000001,0.00133732,-0.5470634540368463,0.716345931931082
63570480,20260207,1000.0,300.0,0.06755915999999869,0.0,170.27876012668338,0.0,11.50389,0.0,3633,0,0.0013534758959839058,0.0,0.011503890000000001,0.0,-0.4324041329110554,-1.0
63572499,20260207,1000.0,18.54,5.736335839999997,0.0,11.17819489453045,0.0,64.12188,0.0,29393,0,0.0075328036904151715,0.0,0.06412188,0.0,-0.3970768665301807,-1.0
63572763,20260207,16.345940000000002,1.35,15.402690830000001,0.0,1.061239245818193,0.0,16.34594,0.0,4061,0,0.010608672936259143,0.0,0.9999999999999998,0.0,-0.21389685494948676,-1.0
63573065,20260207,2.7549400000000004,5.0,0.45875361999999986,0.5252358171715268,6.005271413444107,5.245138845739564,2.75494,2.7549400329589844,78890,3,0.005231883385172462,0.0028873917228103,0.9999999999999999,0.9999996538313084,0.2010542826888214,0.0490277691479127
63574325,20260207,1000.0,300.0,0.21468064999999903,0.0,333.8551005877816,0.0,71.67223000000001,0.0,1650,0,0.0012172630025820731,0.0,0.07167223000000002,0.0,0.11285033529260526,-1.0
63574326,20260207,1000.0,11.0,0.2076069899999985,2.016579364599999,3.3728151446153385,82.23892928407818,0.7002200000000001,165.84140999999994,2116,13,0.0024742750233863425,0.0010040899833144,0.0007002200000000001,0.1658414099999999,-0.6933804413986056,6.476266298552562
63576343,20260207,1000.0,18.08,0.0782647799999994,0.0,10.709542657629733,0.0,0.8381799999999999,0.0,1868,0,0.005077466702908399,0.0,0.0008381799999999999,0.0,-0.40765803884791296,-1.0
63576544,20260207,0.8063703255720189,33.0,0.012353309999999802,0.0050669345,14.293335146612757,46.206200968066966,0.17657,0.23417,12911,1,0.0519975835682642,0.0003974562798092,0.21896887125,0.2903997090858773,-0.5668686319208256,0.4001879081232414
63577289,20260207,1000.0,10.01,0.00039359999999999997,11.845091817299998,0.0,37.630603396284975,0.0,445.7379900000001,4114,169,0.04968599033816425,0.1166978694186726,0.0,0.4457379900000001,-1.0,2.759300952632295
63577520,20260207,151.5151515151515,52.0,0.1348435899999989,0.0,12.359949775884887,0.0,1.66666,0.0,118256,0,0.008404056483764827,0.0,0.010999956000000002,0.0,-0.7623086581560599,-1.0
63578117,20260207,23.45548,52.0,0.4015116299999989,0.4047474559,38.00402992062781,33.6964349120819,15.25906,13.63858,2123830,27,0.026811803692599022,2.384642841645249e-05,0.6505541562142407,0.5814666148921547,-0.26915327075715756,-0.3519916363061173
63578431,20260207,57.67297,52.0,1.7675212699999978,0.0,15.274260320499586,0.0,26.997580000000003,0.0,4603726,0,0.06034064873990112,0.0,0.4681149592261332,0.0,-0.7062642246057772,-1.0
63580443,20260207,130.7283,3.79,31.344804149999995,33.06342438004768,4.145986345236106,3.953864443846824,129.95513,130.72830200195315,6367,30,0.2829777777777778,0.3956521739130434,0.9940856723448558,1.0000000000000002,0.09392779557680898,0.0432360115153348
63581835,20260207,208.86075949367088,4.7,0.8883164599999998,29.97509201876033,6.65968747218756,6.967810355720538,5.91591,208.86076354980463,4506,70,0.001673848439821694,0.1149037224798248,0.02832466,1.0,0.4169547813165021,0.482512901805837
63583264,20260207,41.66666666666666,2.37,3.1465289999999992,0.0,1.0070239301783015,0.0,3.1686300000000003,0.0,1618,0,0.003867112810707457,0.0,0.07604712000000002,0.0,-0.5750953881104214,-1.0
63585050,20260207,67.94634,20.0,0.3353909899999996,2.7501036733572795,17.5320750268217,24.70682048087792,5.8801000000000005,67.94634246826172,2035,13,0.0022062012142237642,0.0067397163013968,0.08654034934037654,1.0,-0.12339624865891494,0.2353410240438959
63585415,20260207,1000.0,229.83,0.00066909,0.9548854833,283.1158737987416,527.8136499096887,0.18943,504.00212,131415,3,0.6986443381180223,0.0023879142300194,0.00018942999999999998,0.50400212,0.2318490788789173,1.296539379996517
63585819,20260207,104.16666666666669,20.0,1.9629655399999975,0.0,19.71715713358883,0.0,38.704100000000004,0.0,36527,0,0.001641928581703107,0.0,0.37155935999999995,0.0,-0.014142143320558454,-1.0
63585859,20260207,106.96745000000004,20.0,5.668696339999999,0.0,18.016849708340526,0.0,102.13204999999999,0.0,113001,0,0.006919883159113038,0.0,0.9547955943607139,0.0,-0.09915751458297369,-1.0
63592846,20260207,1000.0,22.0,0.1877847999999994,0.0006305742,11.101803766865086,17.986801867460702,2.08475,0.01136,5571,1,0.0018148944487881157,0.0001093613298337,0.0020847500000000002,1.136e-05,-0.49537255605158703,-0.1824180969336044
63592988,20260207,70.92198581560284,1.65,32.41290016,7.149474690248758,1.3753918896469397,9.91988678801289,44.580439999999996,70.921989440918,57186,43,0.006098929226568833,0.0089753601613913,0.6285842039999999,1.0000000000000004,-0.16642915778973347,5.012052685667513
63596498,20260207,524.1248999999999,24.0,1.3448374800000003,12.132331003282689,28.736528074752943,43.2006705543397,38.64596000000001,524.1248779296876,10764,76,0.000396654014813723,0.0385296212502094,0.0737342568536622,1.0000000000000002,0.1973553364480393,0.8000279397641542
63596870,20260207,280.8988764044944,3.0,4.416675419999999,0.0,1.6782804474230533,0.0,7.41242,0.0,1258,0,0.000632446835252124,0.0,0.0263882152,0.0,-0.44057318419231556,-1.0
63597112,20260207,1707.9102600000006,7.91,27.67185854000001,140.13007256687715,4.238905378561535,12.188035265001208,117.29838999999998,1707.9102783203125,75380,526,0.001408377022043025,0.0037906631498537,0.06867948085281714,1.0,-0.4641080431654191,0.5408388748564553
63598203,20260207,181.8181818181818,2.55,70.36833114999999,33.43073963796993,1.390405007494625,5.438652354085926,97.84047999999999,181.8181762695312,28852,117,0.006100820434745835,0.0336787564766839,0.53812264,0.9999999999999996,-0.4547431343158333,1.132804884621956
63598374,20260207,5.076142131979696,2.43,0.0002938,0.6243455654787018,0.0,8.130327916842448,0.0,5.076142311096191,4492,5,0.03452728670253651,0.4166666666666667,0.0,0.9999998121262016,-1.0,2.3458138656318006
63599572,20260207,147.05882352941177,2.54,26.270447849999996,33.29423473091015,1.6296433256275835,4.416945438255174,42.81146,147.05882263183597,4837,49,0.0017515208574739281,0.0218068535825545,0.29111792799999997,1.0000000000000002,-0.3584081395166994,0.7389549230673383
63599957,20260207,1000.0,36.05,0.07052639999999971,0.0,18.042179949635955,0.0,1.27245,0.0,1402,0,0.0015661304736371761,0.0,0.00127245,0.0,-0.49952344106418983,-1.0
63600227,20260207,33.333333333333336,2.5,2.023867249999999,0.0,1.6398358143302143,0.0,3.3188099999999996,0.0,2678,0,0.006910967741935484,0.0,0.09956429999999998,0.0,-0.3440656742679143,-1.0
63601569,20260207,115.99468999999996,2.63,66.05690421,27.2562280016166,1.4745648644135878,4.255713067810174,97.40519,115.99468994140643,31414,169,0.005856122886490315,0.0123538011695906,0.8397383535401495,1.0000000000000016,-0.4393289488921719,0.6181417804671269
63601844,20260207,1000.0,79.04,0.0006831699999999,0.0,144.07834067657305,0.0,0.09843,0.0,11917,0,0.21433453237410072,0.0,9.843e-05,0.0,0.8228535004627155,-1.0
63604272,20260207,70.0,8.5,13.107625269999993,5.906089918190338,4.387274492170468,11.852171083991443,57.50675000000001,70.0,26513,14,0.0016779954937849674,0.0029914529914529,0.8215250000000002,1.0,-0.4838500597446509,0.3943730687048757
63610006,20260207,2000.0,18.0,0.529217199999999,4.669066741299999,15.002176799998214,37.430033077939655,7.9394100000000005,174.76335999999998,64840,298,0.043287268843046935,0.0176645365592414,0.0039697050000000005,0.0873816799999999,-0.16654573333343256,1.0794462821077586
63611224,20260207,1000.0,6.6,1.2335434099999987,0.0,5.162696301056812,0.0,6.36841,0.0,25822,0,0.012463558258519162,0.0,0.00636841,0.0,-0.21777328771866483,-1.0
63612668,20260207,2000.0,15.0,0.4373678399999993,7.334314410700002,1.6438565761945396,144.21584848353942,0.71897,1057.7245199999998,112188,658,0.07312475557293703,0.0278356595238171,0.000359485,0.5288622599999999,-0.8904095615870307,8.614389898902628
63613810,20260207,67.22689075630252,4.0,10.665219319999999,7.593083053519106,4.513010802294501,8.85370030018405,48.13225,67.22689056396484,7724,46,0.00571682332913922,0.0116959064327485,0.7159672187499999,1.0,0.12825270057362514,1.2134250750460125
63614842,20260207,1000.0,10.01,0.0895118499999998,17.9778516594,11.244991584913086,14.963919501216912,1.0065600000000001,269.01914,1927,78,0.013135650988411724,0.0867250060875472,0.00100656,0.26901914,0.12337578270859999,0.4948970188873264
63615321,20260207,121.09166,2.17,35.639077019999995,21.435383418487696,1.0431768471202683,5.649148024677303,37.17786,121.0916595458984,1087679,204,0.0806871559769143,0.0221633962594717,0.30702246546128775,0.9999999999999998,-0.5192733423408902,1.6032939290607089
63615646,20260207,81.49904000000001,20.0,0.30864491999999943,1.3389987445,14.896049479771152,25.361722539148705,4.59759,33.959340000000005,3548,10,0.0016356260372487553,0.0004560452994105,0.056412811733733303,0.4166839332492187,-0.2551975260114424,0.2680861269574352
63616549,20260207,743.5570799999998,2.0,360.4157111799999,245.8286803455829,0.9672894082741249,3.0246961575073885,348.6263,743.557067871093,24195,256,0.004942092039953429,0.0114377624877133,0.46886286120764276,0.9999999999999988,-0.5163552958629376,0.5123480787536943
63616775,20260207,1000.0,69.33,0.0978666399999997,0.5857998344,1.5294282096534677,41.482477615262326,0.14967999999999998,24.30047,77497,5,0.04828774378465948,0.0005142439542038,0.00014968,0.0243004699999999,-0.9779398787010893,-0.4016662841528837
63617797,20260207,1000.0,42.0,0.5115784799999996,0.0,33.68474373667949,0.0,17.232390000000002,0.0,7869,0,0.005602705589177644,0.0,0.017232390000000004,0.0,-0.19798229198382158,-1.0
63618506,20260207,7.20164609053498,5.02,0.4629729899999988,0.7751892626019106,0.31919788668449184,9.29016613779465,0.14778,7.201646327972412,62768,5,0.008383822193727627,0.0472490910338204,0.02052030857142857,0.9999998675755312,-0.9364147636086669,0.8506307117714401
63619732,20260207,330.87964000000005,2.2,108.96754836999996,49.07101405280001,1.26041451839998,2.5875356330693,137.34428000000003,126.97300000000004,9613,27,0.004368949688678817,0.0094405594405594,0.41508833846651916,0.3837437701203365,-0.42708430981819095,0.1761525349936258
63621161,20260207,1000.0,100.0,0.7172931699999964,0.0,50.74114953583092,0.0,36.396280000000004,0.0,13786,0,0.01804214108101034,0.0,0.03639628,0.0,-0.4925885046416908,-1.0
63621861,20260207,1000.0,23.0,1.069345609999999,0.0822100279999999,30.21282333594658,25.92097498160466,32.30795,2.13099,5607,1,0.001464503996238834,2.1735350373848025e-05,0.032307949999999995,0.00213099,0.3136010146063731,0.1269989122436809
63622918,20260207,1350.15143,4.28,332.02644047,120.88950926717196,3.261464534171169,11.168475132986377,1082.89246,1350.1514892578114,431052,905,0.04836325284983395,0.0564697456507151,0.8020525964261654,0.9999999999999992,-0.23797557612823153,1.609456678855275
63623050,20260207,85.65348999999999,25.0,2.660454639999999,2.217284129099966,16.851288996229613,38.62989339307386,44.83209,85.6534881591797,38445,14,0.01309033334468317,0.0033939393939393,0.5234122976191631,1.0000000000000002,-0.3259484401508155,0.5451957357229543
63623138,20260207,37.101850000000006,25.0,0.3890167799999993,0.0179898012,17.54309929767043,19.02083160142973,6.824559999999999,0.3422,22824,1,0.011059211163872469,4.409171075837743e-05,0.1839412320409898,0.0092232601040486,-0.29827602809318277,-0.2391667359428106
63623552,20260207,23.47515,25.0,0.7338591299999992,0.1694316461,6.39203057949283,23.57597778200549,4.690849999999999,3.9945403,32235,4,0.005635982166273276,9.099185433598212e-05,0.19982193936992945,0.1701603661441012,-0.7443187768202868,-0.0569608887197802
63623668,20260207,23.80952380952381,25.0,0.22626095999999962,0.0,8.588755214333059,0.0,1.9433000000000002,0.0,26480,0,0.014940194087113518,0.0,0.08161860000000001,0.0,-0.6564497914266777,-1.0
63623744,20260207,91.2677,25.0,0.8465259399999996,0.0,23.216075339640522,0.0,19.653010000000002,0.0,5636,0,0.002809431234734061,0.0,0.21533368321980284,0.0,-0.07135698641437913,-1.0
63624347,20260207,166.66666666666666,35.0,1.5245267499999986,0.0,15.194721903043039,0.0,23.164759999999998,0.0,7431,0,0.03205780845556514,0.0,0.13898855999999998,0.0,-0.5658650884844846,-1.0
63624431,20260207,1000.0,38.5,10.820987509999997,10.863786060100002,20.817467887457166,41.5336006982492,225.26556000000002,451.212193825,137793,858,0.20260696956329952,0.0976919359790188,0.22526556000000003,0.451212193825,-0.45928654837773597,0.0787948233311479
63624433,20260207,1045.55126,38.5,37.189085069999976,40.06491624960001,19.284177834708974,24.86542417921448,717.16093,996.2311621164312,495721,2667,0.28145176858002613,0.117583976046007,0.6859165661566895,0.952828609316375,-0.49911226403353315,-0.3541448265139096
63624751,20260207,434.7826086956522,42.0,0.7637385299999984,0.1645153665,26.10380282896038,31.26321173644447,19.93648,5.1433100000000005,16639,17,0.0169889728405146,0.0014581807318464,0.045853904,0.0118296126028877,-0.37848088502475286,-0.2556378157989411
63625403,20260207,119.04761904761904,24.0,3.80856712,0.0,25.47873962636111,0.0,97.03749000000002,0.0,44188,0,0.001990020175817841,0.0,0.8151149160000002,0.0,0.061614151098379644,-1.0
63626085,20260207,1000.0,96.08,0.0130614599999997,0.0,39.61272323308511,0.0,0.5174,0.0,3202,0,0.25616,0.0,0.0005174,0.0,-0.5877110404549842,-1.0
63627097,20260207,1000.0,30.0,0.6938685999999983,0.7388424875999999,1.2967584928904436,178.24216117513765,0.8997799999999999,131.69306,52608,11,0.688586387434555,0.0078678478322646,0.0008997799999999999,0.13169306,-0.9567747169036519,4.9414053725045886
63631007,20260207,10.416666666666666,10.4,0.0313070299999997,0.2340482836520664,2.5974996670077224,44.50629722944735,0.08132,10.416666984558104,7460,14,0.0013101510361784334,0.0094914624583506,0.0078067200000000005,0.9999999084472766,-0.7502404166338729,3.2794518136469866
63631199,20260207,206.74242000000004,4.15,1.1974355599999988,31.6156109807,5.085860319698545,4.219471382728122,6.08999,133.40117,29067,27,0.002988310767048083,0.0002493486492056,0.02945689617060688,0.6452530270983154,0.2255085107707337,0.0167400688588512
63631324,20260207,133.48968,2.35,7.976898749999997,0.0,0.8591459180800061,0.0,6.85332,0.0,188214,0,0.009959835532060136,0.0,0.05133969906887184,0.0,-0.6344059923063804,-1.0
63631326,20260207,80.87560000000002,2.15,0.30823821999999973,3.379362286899254,0.4089369579152128,23.932201381158887,0.12605,80.87560272216797,7201,86,0.0021875569597180873,0.2481336598184424,0.0015585664897694728,1.0,-0.8097967637603662,10.131255962604463
63632757,20260207,1000.0,86.31,0.012578059999999,0.0,9.92601402760123,0.0,0.12485,0.0,6899,0,0.011775046936337259,0.0,0.00012485,0.0,-0.8849957823241661,-1.0
63634169,20260207,1000.0,12.0,7.828716789999996,34.58993510795803,2.8161843877354014,28.910143021915957,22.047109999999996,1000.0000000000014,33681,720,0.002161490922392715,0.021607032127083,0.022047109999999995,1.000000000000001,-0.7653179676887166,1.4091785851596628
63634530,20260207,119.04761904761904,89.0,0.8656309699999982,0.2701390226,12.191003286308048,123.9842200264923,10.55291,33.4931,108408,6,0.043526860997350036,0.0002207690289145,0.08864444400000002,0.2813420314141225,-0.8630224349853028,0.3930811238931718
63634590,20260207,5.076142131979696,2.07,0.00055329,0.9472093303680754,0.0,5.359044499782492,0.0,5.076142311096191,6458,16,0.0067453519949864215,0.1095890410958904,0.0,0.9999998121262016,-1.0,1.5889104698603436
63634742,20260207,5.076142131979696,2.07,0.025372929999999898,0.0218383001029564,0.0,232.43154712677887,0.0,5.076142311096191,10968,2,0.011801162040025823,0.1428571428571428,0.0,0.9999998121262016,-1.0,111.28577518003048
63635613,20260207,1.2315270935960592,6.48,0.04878384999999941,0.0697160297670353,0.7307746313585425,17.664652297837016,0.03565,1.2315270900726325,13284,12,0.020436923076923078,0.2246666666666666,0.0289478,0.9999992256170528,-0.8872261371360274,1.7260265811484854
63636525,20260207,1000.0,20.0,3.5062172199999977,0.0,10.43995500084847,0.0,36.604749999999996,0.0,22037,0,0.004973032744341389,0.0,0.03660475,0.0,-0.47800224995757656,-1.0
63636832,20260207,27.027027027027028,1.03,29.272086110000004,12.610432273212542,0.5428858039117048,2.143227480338726,15.8914,27.02702713012695,2199,10,0.007295952222959522,0.2469135802469135,0.5879818,0.9999999294281056,-0.47292640396921864,1.0808034367679515
63636929,20260207,35.30304,2.32,3.0551764899999982,0.0,2.4468635525537197,0.0,7.4756,0.0,143036,0,0.16013882669055082,0.0,0.2117551349685466,0.0,0.05468256575591373,-1.0
63638721,20260207,1000.0,30.2,1.7043895799999988,0.0,17.99136791249335,0.0,30.664299999999997,0.0,60229,0,0.011499131298088857,0.0,0.0306643,0.0,-0.40425934064591557,-1.0
63638728,20260207,1000.0,30.2,4.311500569999999,0.0,21.958619386196673,0.0,94.67459999999998,0.0,381242,0,0.023354263276220113,0.0,0.09467459999999998,0.0,-0.27289339780805716,-1.0
63638938,20260207,1000.0,36.08,0.10309321999999971,0.0,13.866188290558817,0.0,1.42951,0.0,3419,0,0.005704989154013016,0.0,0.0014295100000000002,0.0,-0.6156821427228709,-1.0
63638951,20260207,2.47032,2.53,7.284128580000001,0.0,0.24201384978846704,0.0,1.7628599999999999,0.0,19284,0,0.008461605967529618,0.0,0.7136160497425434,0.0,-0.904342351862266,-1.0
63639183,20260207,1000.0,34.1,0.039602299999999896,0.0,14.820856364403117,0.0,0.58694,0.0,1549,0,0.02073627844712182,0.0,0.00058694,0.0,-0.5653707811025479,-1.0
63639342,20260207,6.451612903225806,2.04,0.6874497099999993,1.098141743625774,2.2969971141598142,5.875022156108627,1.5790699999999998,6.451612949371338,10334,13,0.07397279885468862,0.5722222222222223,0.24475584999999997,0.999999852180504,0.1259789775293207,1.8799128754747965
63639367,20260207,6.451612903225806,2.08,2.3760846399999984,0.0,1.86910008390947,0.0,4.44114,0.0,51864,0,0.21574043261231282,0.0,0.6883767000000001,0.0,-0.10139419042813945,-1.0
63639383,20260207,481.31553,2.49,167.08888093999997,144.02173466185076,1.471916195837801,3.341964454381505,245.94083000000003,481.3155212402344,27485,251,0.0030282830731261224,0.0086118163727441,0.5109763028007844,1.0,-0.4088689976555016,0.3421543942095273
63639547,20260207,1000.0,35.0,0.0711344499999999,0.0,16.6570487295537,0.0,1.1848899999999998,0.0,9561,0,0.03293489493627282,0.0,0.0011848899999999999,0.0,-0.5240843220127515,-1.0
63639568,20260207,1000.0,35.0,5.76262225,0.0,29.411028980773466,0.0,169.48465,0.0,439392,0,0.03191979949874687,0.0,0.16948465,0.0,-0.15968488626361527,-1.0
63639572,20260207,1000.0,35.0,1.8767961799999995,0.0,19.813589987166328,0.0,37.18607,0.0,146818,0,0.018123441550425872,0.0,0.03718607,0.0,-0.4338974289381049,-1.0
63639592,20260207,10.834120000000002,6.06,2.02456432,0.0,0.9281256127244205,0.0,1.8790499999999999,0.0,37450,0,0.10160065111231688,0.0,0.17343817495098812,0.0,-0.8468439582963003,-1.0
63639615,20260207,2473.59103,2.49,1856.1068889899996,498.8297454985682,1.2703519845686562,4.958788207431455,2357.90907,2473.5910644531223,320781,1297,0.004372726095461392,0.0367797186932849,0.9532331906944214,0.9999999999999988,-0.48981848009290924,0.9914812001763896
63640115,20260207,4.3478260869565215,2.41,0.1585456099999995,1.020827483645287,3.495397948893077,4.2591150949301735,0.55418,4.347826004028321,8107,24,0.009292755616689592,0.4885645604395604,0.1274614,0.9999997806549512,0.4503725929016916,0.767267611304721
63645350,20260207,12.57633,2.45,0.7774871499999998,3.323343481901964,1.7448905747188237,3.784239116174631,1.35663,12.576330184936529,2949,42,0.003492420653718617,0.1645870469399881,0.10787169229815056,0.9999999241691157,-0.28779976542088836,0.5445873642950882
63645523,20260207,111.24086,12.3,20.94655676999999,6.093112219901264,5.061078112457719,18.256818143805,106.01216,111.2408599853515,924647,472,0.07352940708696482,0.027090627331688,0.9529965877646037,0.9999999999999994,-0.588530234759535,0.4842941350161268
63645554,20260207,62.5,12.3,0.309572549999999,3.5153869274392564,6.603298645180287,17.778976684808544,2.0442,62.49999999999997,49582,314,0.009984293193717278,0.0766754103857676,0.0327072,0.9999999999999996,-0.46314645161135887,0.44544523651315
63645608,20260207,62.5,12.3,3.618889709999998,0.0,5.432796126854059,0.0,19.66069,0.0,182073,0,0.0726925380285064,0.0,0.31457103999999997,0.0,-0.5583092579793448,-1.0
63645835,20260207,62.5,12.3,2.190383879999999,0.0,4.473608525643462,0.0,9.79892,0.0,425060,0,0.03458021477383664,0.0,0.15678272000000001,0.0,-0.6362919897850844,-1.0
63646194,20260207,576.4705882352941,1.72,124.39169135000002,132.89211457075217,1.3190589999964653,4.337883993936216,164.07997999999998,576.4705810546876,15197,328,0.005929379633242294,0.0369998051821546,0.28462853673469385,1.0000000000000002,-0.2331052325601946,1.5220255359188877
63648944,20260207,26.5748031496063,68.0,0.0985532899999986,0.0,154.52239088111838,0.0,15.22869,0.0,2386,0,0.0018899009900990099,0.0,0.5730499644444444,0.0,1.2723881011929175,-1.0
63650409,20260207,3.00871,3.45,0.0439259699999998,0.5697529064520723,0.0,5.280718347799219,0.0,3.0087099075317383,2765,1,0.09469178082191781,0.3333333333333333,0.0,0.999999701976776,-1.0,0.5306429782065143
63650940,20260207,2000.0,15.0,3.231039879999998,0.0,12.081098175736543,0.0,39.03451,0.0,98586,0,0.006995983479754183,0.0,0.019517254999999997,0.0,-0.19459345495089717,-1.0
63650951,20260207,2000.0,15.0,3.228901949999999,0.0,7.154506503364095,0.0,23.101200000000002,0.0,177265,0,0.0223244420935973,0.0,0.011550600000000001,0.0,-0.523032899775727,-1.0
63652241,20260207,117.5,8.5,11.386904179999998,10.039481248308064,5.165096594322971,11.703790802538856,58.81446,117.50000000000004,8317,39,0.0018191561495220806,0.0212607493857493,0.5005485957446808,1.0000000000000002,-0.39234157713847395,0.3769165650045713
63652316,20260207,188.16694,10.0,23.739062800000003,11.615438491516564,4.659807378747908,16.199726798849255,110.61946,188.1669464111328,12354,45,0.0032140069722670275,0.0257883352938944,0.5878793586163436,1.0,-0.5340192621252091,0.6199726798849255
63653084,20260207,1000.0,1.23,6.040023199999999,0.0,0.9943090947067886,0.0,6.00565,0.0,52051,0,0.023910606826220773,0.0,0.00600565,0.0,-0.19161862218960274,-1.0
63654692,20260207,1000.0,1.73,2.86550017,0.0,1.028455705867224,0.0,2.94704,0.0,2084,0,0.003602420051858254,0.0,0.0029470399999999997,0.0,-0.4055169330247261,-1.0
63654752,20260207,1000.0,1.4,0.9703912699999997,175.65828301868248,1.638483412984538,5.692871278952281,1.5899699999999999,1000.0,3670,323,0.005662706372473384,0.160388644793246,0.0015899699999999998,1.0,0.17034529498895581,3.066336697072359
63654992,20260207,500.0,1.34,4.735577859999999,0.0,1.0693457376709672,0.0,5.063969999999999,0.0,83981,0,0.04990551461849299,0.0,0.010127939999999998,0.0,-0.20198079278286035,-1.0
63655156,20260207,1000.0,1.26,16.85680374,4.1178568900000005,1.433514939885039,12.308960472650018,24.16448,50.68655000000001,202830,9,0.05356803296006761,0.0002922751931421,0.024164480000000002,0.05068655,0.137710269750031,8.769016322075093
63656523,20260207,8.51284,48.0,0.08668503999999919,0.0,37.584916613063,0.0,3.25805,0.0,2767,0,0.007919290211791642,0.0,0.38272186485356235,0.0,-0.21698090389452082,-1.0
63657517,20260207,1000.0,22.0,2.9143161699999984,0.0,14.092887526338647,0.0,41.07113,0.0,12712,0,0.0003755136283206754,0.0,0.04107113,0.0,-0.3594142033482433,-1.0
63659280,20260207,31.392510000000005,7.5,1.428892689999999,0.0,1.6754722147819245,0.0,2.39407,0.0,104913,0,0.003650277825135433,0.0,0.07626245878395833,0.0,-0.7766037046957434,-1.0
63661292,20260207,1000.0,300.0,1.0850393199999973,0.0,148.59921389761288,0.0,161.23599000000002,0.0,83196,0,0.008652730109204369,0.0,0.16123599000000002,0.0,-0.5046692870079571,-1.0
63663934,20260207,2.1367521367521367,21.0,0.01623013,0.025109241,22.84085216815885,39.52490937860771,0.37071,0.99248,1186,1,0.0030201171377641964,0.0001736111111111,0.17349228,0.4644804344651397,0.08765962705518335,0.8821385418384624
63664633,20260207,12.5,7.5,0.2143855199999996,0.2741202631408062,3.3663187700363406,45.600256823489104,0.7216899999999999,12.5,2078,26,0.0005883851969306566,0.0165299895191031,0.057735199999999993,0.9999999237060604,-0.551157497328488,5.08003424313188
63665246,20260207,1000.0,30.0,0.4747129299999995,0.0,15.489656032752272,0.0,7.353139999999999,0.0,76393,0,0.03200242972644632,0.0,0.007353139999999999,0.0,-0.48367813224159095,-1.0
63665437,20260207,1000.0,30.2,13.408579269999993,23.61866847741066,15.393079001426534,42.33938753224092,206.39932000000002,1000.0000000000002,574208,1094,0.058646512102951694,0.0181404353427243,0.20639932000000002,1.0000000000000002,-0.49029539730375715,0.4019664391597818
63665441,20260207,1000.0,30.2,3.5299054999999977,0.0,13.333334277645685,0.0,47.06541,0.0,221445,0,0.039142538975501115,0.0,0.04706541,0.0,-0.5584988649786197,-1.0
63665444,20260207,1000.0,30.2,3.5630725699999983,0.0,15.767801215454904,0.0,56.18182,0.0,321322,0,0.015549920392568682,0.0,0.05618182,0.0,-0.4778873769716919,-1.0
63666595,20260207,1000.0,20.0,1.5735898499999985,0.0,7.530774299287715,0.0,11.850349999999999,0.0,27333,0,0.0013065300210800036,0.0,0.011850349999999999,0.0,-0.6234612850356143,-1.0
63670871,20260207,3.5461400000000003,1.3,4.315747939999999,0.0,0.4677497453662691,0.0,2.01869,0.0,418402,0,0.08361016745933415,0.0,0.569264044848765,0.0,-0.6401925035644084,-1.0
63675336,20260207,1000.0,36.05,4.888550489999998,0.0,23.228668750028607,0.0,113.55452,0.0,171703,0,0.004073444075935073,0.0,0.11355451999999999,0.0,-0.3556541262127986,-1.0
63675362,20260207,1000.0,34.86,1.4007500399999986,0.0,28.292264050194166,0.0,39.63039,0.0,24330,0,0.00813848469643753,0.0,0.03963039,0.0,-0.18840321141152705,-1.0
63675427,20260207,1000.0,34.85,0.1049685599999992,0.0,18.840784326278413,0.0,1.97769,0.0,2304,0,0.0032089136490250697,0.0,0.00197769,0.0,-0.4593749117280226,-1.0
63676199,20260207,1000.0,82.32,0.00042779,0.0,0.0,0.0,0.0,0.0,1147,0,0.08077464788732394,0.0,0.0,0.0,-1.0,-1.0
63677098,20260207,1000.0,82.32,1.3251689699999991,0.0,16.193716036076527,0.0,21.45941,0.0,23460,0,0.010019218449711723,0.0,0.021459409999999998,0.0,-0.8032833328950859,-1.0
63679958,20260207,22.0820189274448,72.6,0.613100849999999,0.1272957196,12.155912033069294,147.052257582292,7.4528,18.71927,5073,1,0.004921420256111758,9.46969696969697e-05,0.33750537142857134,0.8477154059114965,-0.8325631951367866,1.0255132324101914
63681662,20260207,29.743270000000003,6.51,2.485760659999999,0.0,1.338310664229436,0.0,3.32672,0.0,224413,0,0.02954201990416513,0.0,0.11184782305375299,0.0,-0.7944223250031589,-1.0
63681685,20260207,52.66818000000001,6.51,7.81831669,1.7622836954318717,3.241294898224441,29.88630537101871,25.341469999999997,52.66817855834962,450248,24,0.0474564694970277,0.0038961038961038,0.48115332635378694,1.0000000000000002,-0.5021052383679814,3.590830156722132
63683340,20260207,85.97987,6.85,0.4298652799999994,8.506489623048257,10.509874163365803,10.1075610927337,4.51783,85.97987365722659,6907,34,0.006296836539338135,0.0139403396506639,0.0525452062209445,1.0000000000000002,0.5342881990315042,0.4755563844457987
63683627,20260207,71.41286,1.1,133.8593769,31.13192342933506,0.5489452565948707,2.293878658794796,73.48147,71.41285705566405,8350,29,0.008425832492431886,0.0255731922398589,1.0289669115618671,0.9999999999999998,-0.5009588576410267,1.0853441900693783
63684003,20260207,1044.4733200000005,250.0,3.149361279999999,0.0,172.59930877158692,0.0,543.57758,0.0,9378,0,0.09934322033898305,0.0,0.5204322308587066,0.0,-0.3096027649136523,-1.0
63684378,20260207,64.88098000000002,8.26,6.50553055,0.0,9.468754243264604,0.0,61.599270000000004,0.0,65042,0,0.07503691739732349,0.0,0.9494195371278298,0.0,0.1463382861095162,-1.0
63686060,20260207,1000.0,38.46,0.033940119999999796,0.0,13.901836528568634,0.0,0.47183,0.0,1848,0,0.0033363423000541616,0.0,0.00047183,0.0,-0.6385377917688863,-1.0
63693341,20260207,1000.0,82.32,0.0232848699999989,0.0,38.02168532613845,0.0,0.8853299999999996,0.0,2180,0,0.00798242402050531,0.0,0.0008853299999999996,0.0,-0.5381233560964717,-1.0
63695352,20260207,244.34484,1.0,278.00997194,84.26376119910927,0.812903107118669,2.899761736209382,225.99517,244.3448333740236,56566,214,0.007163245406308964,0.0247066942719116,0.9249025680264007,1.0000000000000009,-0.18709689288133102,1.8997617362093824
63696056,20260207,714.2857142857143,50.0,0.9845240299999984,0.045337283,41.3467713936856,91.86320531811934,40.70689,4.16492,154975,2,0.010802135682770254,1.5413314901317502e-05,0.056989646,0.0058308880711778,-0.173064572126288,0.8372641063623868
63697940,20260207,1000.0,9.0,1.7965915899999985,0.0,1.928485037603901,0.0,3.4646999999999997,0.0,175194,0,0.02677251749747853,0.0,0.0034647,0.0,-0.7857238847106777,-1.0
63698176,20260207,35.2112676056338,8.2,0.1558657799999998,3.0865728936129546,4.483344580189449,11.407881551620962,0.6988000000000001,35.21126937866211,1698,19,0.00019187091087833485,0.0041455616375181,0.019845920000000003,1.0,-0.45325066095250616,0.3912050996307654
63698780,20260207,1000.0,9.0,0.8726999999999979,58.0646992745516,3.309774263779084,17.222167603925037,2.8884399999999997,999.9999999999998,458486,2893,0.03698392340020489,0.118120790471518,0.0028884399999999995,0.9999999999999998,-0.6322473040245462,0.913574178213893
63698963,20260207,1000.0,9.5,0.1341763499999994,51.51004897760268,1.7842935807987108,19.413687240350495,0.23941,1000.0000000000016,25039,2695,0.0066331991098866165,0.3505474624267954,0.00023941,1.0000000000000016,-0.81217962307382,1.0435460253000524
63699826,20260207,1000.0,9.0,0.0031029999999999,46.13598896247982,0.0,21.675052400810102,0.0,999.9999999999992,1482,2416,0.00023699865668777586,0.1779717684496692,0.0,0.9999999999999992,-1.0,1.408339155645567
63699827,20260207,1000.0,9.0,0.0366265999999998,44.18647248066176,0.0,22.63136026090994,0.0,999.9999999999995,8919,2393,0.002628414817434356,0.2699928988431537,0.0,0.9999999999999996,-1.0,1.5145955845455488
63699925,20260207,1000.0,9.0,0.413970999999999,55.03984619125286,2.090943568510843,18.16865509319448,0.8655900000000001,1000.000000000002,127476,2491,0.016399634637403352,0.1593271287176625,0.0008655900000000001,1.000000000000002,-0.7676729368321286,1.0187394547993864
63701114,20260207,166.66666666666666,34.0,0.10341095999999951,0.4215703105,16.52697160919895,86.31799435507364,1.70907,36.38919,24190,17,0.0056870812272246385,0.0024064648237941,0.010254420000000002,0.2183351333369405,-0.5139125997294427,1.5387645398551069
63701115,20260207,166.66666666666666,34.0,1.0170834799999982,0.0626369712,21.73359457180451,42.08629285873167,22.10488,2.6362,317627,1,0.0073764160539528745,2.594599082549764e-06,0.13262928000000002,0.0158171995172973,-0.36077663024104384,0.2378321429038725
63701441,20260207,1000.0,36.05,0.2813880899999992,0.0,29.27586594016834,0.0,8.23788,0.0,5351,0,0.0011830120268836223,0.0,0.008237880000000001,0.0,-0.18790940526578798,-1.0
63704769,20260207,1000.0,7.57,1.558786249999999,0.0,3.203665672570568,0.0,4.99383,0.0,7522,0,0.006137902896776826,0.0,0.00499383,0.0,-0.576794495036913,-1.0
63705909,20260207,162.73909999999995,2.0,63.65937559000001,41.446893627174326,1.6774542478669003,3.926448692682293,106.78568999999999,162.73910522460938,9465,96,0.003376257401726475,0.0424778761061946,0.6561772186278529,1.0,-0.16127287606654983,0.9632243463411464
63707085,20260207,662.23531,1.5,429.30605014,388.53352796317495,0.891995814815842,1.7044482423294562,382.9392,662.2352905273444,179555,236,0.049763039742808046,0.0210041092290856,0.5782524643695003,1.000000000000001,-0.4053361234561053,0.1362988282196374
63707198,20260207,1000.0,31.53,0.28251825999999913,0.7467653683000001,39.9191188562468,42.31530950159957,11.27788,31.59965,8643,1,0.0017044647787331387,1.331628848407372e-05,0.01127788,0.03159965,0.2660678355929843,0.3420649724096634
63707818,20260207,5.59174,15.0,0.0957549899999994,0.0945774569898272,21.719285856538782,59.12276758733353,2.0797299999999996,5.591740131378174,2019,2,0.06641447368421052,0.0636363636363636,0.3719289523475698,0.999999829449486,0.44795239043591883,2.9415178391555683
63708107,20260207,17.33141,5.0,1.7003743199999994,0.0,4.742097022495613,0.0,8.06334,0.0,18142,0,0.015942003514938487,0.0,0.4652443165328152,0.0,-0.05158059550087746,-1.0
63708168,20260207,1000.0,10.01,0.08658829999999959,24.3011896981,6.560008684776147,16.17868708098898,0.5680199999999997,393.16136,1442,114,0.008593563766388557,0.0598417581630002,0.0005680199999999997,0.39316136,-0.34465447704533997,0.6162524186871287
63711027,20260207,1000.0,29.95,0.0126712699999998,0.0,238.15844820606355,0.0,3.0177699999999996,0.0,1269,0,0.003895027624309392,0.0,0.0030177699999999995,0.0,6.951868053624827,-1.0
63711593,20260207,132.71462,3.93,7.46426473,0.0,1.8850912325560027,0.0,14.07082,0.0,8992,0,0.0031473573678683932,0.0,0.10602313445195412,0.0,-0.5203330197058518,-1.0
63712035,20260207,59.29753,27.0,3.042648139999999,0.0,19.37017600727241,0.0,58.93663,0.0,50946,0,0.0514034910705277,0.0,0.9939137431188112,0.0,-0.2825860738047256,-1.0
63712496,20260207,2000.0,20.0,16.819040249999993,20.034215783677958,10.369814650987594,99.82920827877926,174.41033,2000.0000000000016,528273,975,0.027510493370689386,0.0235870031269879,0.08720516499999999,1.0000000000000009,-0.4815092674506203,3.991460413938963
63713068,20260207,7500.0,120.0,2.623684459999997,0.0,53.54639711514706,0.0,140.48885,0.0,682511,0,0.057855114479227594,0.0,0.01873184666666667,0.0,-0.5537800240404411,-1.0
63713425,20260207,1000.0,30.45,1.0893592299999995,15.966398768014963,20.33258578990515,62.63152711504016,22.149490000000004,1000.0000000000002,35785,224,0.020940370998888173,0.0514841480358721,0.022149490000000004,1.0000000000000002,-0.3322631924497488,1.056864549943417
63713531,20260207,1000.0,31.5,0.7566933199999988,0.0,21.502885739760497,0.0,16.27109,0.0,33282,0,0.003938651613590372,0.0,0.016271090000000002,0.0,-0.3173687066742699,-1.0
63715009,20260207,1000.0,86.31,0.0051365599999996,0.0,21.30998177768945,0.0,0.10946,0.0,6310,0,0.13228511530398324,0.0,0.00010946,0.0,-0.753099504371574,-1.0
63716161,20260207,41.27358490566038,3.72,0.9929988299999999,9.197896613852604,1.2684506385571475,4.48728481289385,1.25957,41.27358627319336,42793,14,0.0029517095815198274,0.0004093867805241,0.030517581714285716,1.0,-0.6590186455491539,0.2062593490275518
63719668,20260207,1000.0,84.69,0.0002581,0.0,216.1565284773344,0.0,0.055790000000000006,0.0,1498,0,0.5548148148148148,0.0,5.5790000000000006e-05,0.0,1.552326466847732,-1.0
63721302,20260207,1000.0,50.24,0.8255604899999986,0.2772708552,15.980779312730942,64.2922808993417,13.193099999999998,17.826439999999998,13876,1,0.019640481245576786,0.0001693766937669,0.013193099999999998,0.01782644,-0.6819112397943683,0.2797030006250539
63731046,20260207,22.96911,1.0,27.71091917,8.487843313782099,0.9539611384893661,2.7061182603921723,26.43514,22.9691104888916,1050,7,0.034653465346534656,0.0549450549450549,1.150899621273963,0.9999999169602812,-0.046038861510633855,1.7061182603921723
63735016,20260207,23.80952380952381,3.03,2.225991839999999,0.0,1.6612100428903647,0.0,3.6978400000000002,0.0,18663,0,0.00972081879264545,0.0,0.15530928,0.0,-0.45174586043222287,-1.0
63736256,20260207,500.0,13.0,10.698062729999997,3.7431343770880527,6.3182336564967985,133.5778564303414,67.59286,499.9999999999998,29176,83,0.04695204377212745,0.0329573478930249,0.13518572,0.9999999999999996,-0.5139820264233232,9.275219725410876
63736484,20260207,32.25806451612903,8.5,1.3407742899999984,0.0,2.678325521889299,0.0,3.59103,0.0,2282,0,0.002973677352097993,0.0,0.11132193,0.0,-0.6849028797777296,-1.0
63740865,20260207,1000.0,32.3,0.2595279799999977,0.0,14.968135612969492,0.0,3.88465,0.0,11269,0,0.02029353502611201,0.0,0.0038846500000000003,0.0,-0.5365902287006349,-1.0
63741668,20260207,29.41176470588235,4.71,0.34192043999999966,0.5664357248026959,0.0,51.92418297938276,0.0,29.411764144897457,1648,9,0.001961904761904762,0.0211114117364117,0.0,0.9999999351501492,-1.0,10.024242581494963
63751749,20260207,419.55009,1.0,617.8506275100001,477.3134581811767,0.6493419964900926,0.8789822940786849,401.19636,419.55007934570335,23624,177,0.005607804970683884,0.0323510448666894,0.956253781282707,1.0000000000000004,-0.3506580035099074,-0.1210177059213151
63761622,20260207,1000.0,40.0,18.74194842,6.962039386500001,43.66644447311951,52.20387616606652,818.3942499999999,363.4454941999999,48158,62,0.0031624846498860644,0.0003323350266012,0.81839425,0.3634454941999999,0.09166111182798779,0.305096904151663
63762250,20260207,1000.0,80.06,0.0012215399999999,0.0,26.80223324655982,0.0,0.03274,0.0,31157,0,0.02060920756713851,0.0,3.274e-05,0.0,-0.6652231670427202,-1.0
63768177,20260207,1000.0,95.0,0.36684069999999724,0.0331089451,46.32155047136298,414.2513664270618,16.99263,13.71584,352894,12,0.007251450211958007,2.024605824792485e-05,0.016992629999999998,0.01371584,-0.5124047318803897,3.3605406992322293
63769208,20260207,72.71365000000002,12.0,0.19943325999999917,4.937807176102032,3.179610061029954,14.725896788857074,0.63412,72.71365356445312,1139,16,7.967597968577304e-05,0.0046002522068095,0.008720783511761546,1.0,-0.7350324949141704,0.2271580657380895
63769423,20260207,161.29032258064515,10.57,3.8894000799999984,0.0,6.894304892388446,0.0,26.81471,0.0,80688,0,0.01269018448327383,0.0,0.16625120200000001,0.0,-0.3477478815148112,-1.0
63769539,20260207,9.615384615384617,5.2,0.5843076499999994,1.4006222589014723,3.459958123088072,6.865075954174477,2.02168,9.615385055541992,4073,8,0.026345407503234154,0.0635943004364057,0.21025471999999995,0.9999999008178856,-0.33462343786767845,0.3202069626892253
63774452,20260207,7.523130000000001,2.17,0.514190739999999,0.3584627759195288,1.3174099556907644,20.987141366612786,0.6774,7.523129940032959,87780,2,0.0464321608040201,0.064516129032258,0.09004230951744818,0.9999998732343848,-0.3928986379305233,8.67149337729788
63774454,20260207,44.39334000000001,2.28,15.67621129,8.401532238892779,1.5965707234353053,5.283957082850707,25.02818,44.39334106445313,298579,55,0.04470013174441583,0.0053705692803437,0.5637823150950119,1.0000000000000002,-0.2997496827038134,1.3175250654191364
63775060,20260207,2944.59903,40.0,46.15729392,13.80063362761031,29.309820509512225,213.3669356916835,1352.8619999999999,2944.599121093749,90473,379,0.03990340934150752,0.0249328670522795,0.4594384451726183,0.9999999999999996,-0.26725448726219436,4.334173392292088
63775265,20260207,1000.0,35.0,0.25472956999999946,0.0,22.000547482571466,0.0,5.60419,0.0,90912,0,0.11241746012118214,0.0,0.00560419,0.0,-0.37141292906938667,-1.0
63775313,20260207,10.31746,35.0,0.0838143999999999,0.0,20.138782834453295,0.0,1.68792,0.0,4648,0,0.002767819924968737,0.0,0.16359840503379708,0.0,-0.42460620472990585,-1.0
63775347,20260207,1000.0,3.0,0.1893895099999993,38.60944873625285,2.7002551514072866,25.900395028449125,0.5113999999999999,999.9999999999994,17561,1018,0.004448751076658053,0.2377582262227774,0.0005113999999999999,0.9999999999999994,-0.09991494953090448,7.633465009483042
63777240,20260207,1000.0,31.86,1.0178924899999986,0.0,17.526408903950184,0.0,17.84,0.0,45926,0,0.003431256817536572,0.0,0.017839999999999998,0.0,-0.44989300364249263,-1.0
63778195,20260207,172.21994,11.9,1.6319999099999987,0.0,0.6056985628142595,0.0,0.9885,0.0,275730,0,0.014598544010589014,0.0,0.00573975348034612,0.0,-0.9491009611080454,-1.0
63778231,20260207,86.95652173913044,11.9,1.2184025999999986,1.622200331825354,3.4808527164994603,53.604024589672925,4.24108,86.95652008056643,161388,80,0.10263800559654032,0.0086994345367551,0.048772420000000004,1.0000000000000002,-0.7074913683613898,3.504540025883914
63778991,20260207,1000.0,35.43,0.5420475799999995,0.0,23.998188498507847,0.0,13.00816,0.0,24893,0,0.005960539233292627,0.0,0.01300816,0.0,-0.3226590883853275,-1.0
63781958,20260207,23.102310231023104,9.0,0.8184073199999986,1.8875078278642312,5.7609455399299305,12.239577288125837,4.714799999999999,23.102310180664062,2239,10,0.0004908365485794458,0.0048685491723466,0.20408348571428567,0.9999999174390588,-0.3598949400077855,0.3599530320139819
63782676,20260207,1000.0,7.35,2.1781402499999993,0.0,13.303652049035872,0.0,28.97722,0.0,6436,0,0.005100649865271834,0.0,0.028977219999999998,0.0,0.8100206869436561,-1.0
63783298,20260207,1000.0,300.0,0.1415983799999996,0.0837922622999999,34.3548421952286,1513.5691882472513,4.86459,126.8269,267372,55,0.030204017080499763,0.0007347109162728,0.004864589999999999,0.1268269,-0.8854838593492381,4.045230627490838
63786660,20260207,72.20216606498195,3.82,1.0599790199999997,5.052888804,3.8277550059434207,4.657750497817902,4.05734,23.5351,27811,5,0.0030885325278191145,4.662270072500153e-05,0.056194159,0.3259611456936105,0.0020301062679112104,0.2193064343495779
63786819,20260207,72.20216606498195,3.82,1.0274569299999996,15.413151633777964,0.0,4.68445135215607,0.0,72.20216369628906,10096,18,0.0014038210183820463,0.308748273901389,0.0,1.0,-1.0,0.2262961869162754
63786866,20260207,72.20216606498195,3.82,2.75334863,0.0,2.45339436001608,0.0,6.755050000000001,0.0,53379,0,0.0069606321801609135,0.0,0.0935574425,0.0,-0.35775016753505756,-1.0
63788574,20260207,1000.0,7.7,1.7564915299999986,0.0,6.797379774441616,0.0,11.93954,0.0,43077,0,0.033110684089162186,0.0,0.011939539999999998,0.0,-0.11722340591667327,-1.0
63789710,20260207,2299.103779999999,7.8,86.36392502000001,92.58501537156906,5.588769730975342,24.83235246768971,482.66809,2299.103759765625,102528,1277,0.006346203840106959,0.0218013648507343,0.20993749573148898,1.0,-0.28349106013136643,2.1836348539050707
63789859,20260207,1000.0,86.31,4.594512219999999,0.0,11.325663641395215,0.0,52.0359,0.0,74167,0,0.05780297716467929,0.0,0.052035899999999996,0.0,-0.8687792417866388,-1.0
63791228,20260207,6.381039197812215,4.4,2.6715754899999995,0.0,1.4288871919542878,0.0,3.81738,0.0,4453,0,0.00455410104315811,0.0,0.5982379800000001,0.0,-0.6752529109194801,-1.0
63792158,20260207,846.3299899999997,34.0,17.75001759,9.1903955887,11.334654119630088,47.59859226726561,201.19031,437.44994,18890,40,0.0061321214088621975,0.0009235460741817,0.23772088000804517,0.5168786775449578,-0.6666278200108797,0.3999585960960473
63792540,20260207,0.8063703255720189,33.0,0.0018740500000000002,0.0,0.0,0.0,0.0,0.0,1371,0,0.010976781425140112,0.0,0.0,0.0,-1.0,-1.0
63792692,20260207,1000.0,113.9,0.1488420799999985,0.0,39.639529358902124,0.0,5.900029999999999,0.0,1172,0,0.007051744885679904,0.0,0.005900029999999999,0.0,-0.6519795490877777,-1.0
63793115,20260207,13.157894736842104,19.23,0.8729048300000002,0.0,2.003803782366515,0.0,1.74913,0.0,1025,0,0.08686440677966102,0.0,0.13293388,0.0,-0.8957980352383508,-1.0
63793364,20260207,56.66666666666666,32.0,0.6381336399999991,0.0,17.258782972168678,0.0,11.01341,0.0,106341,0,0.0077744310330962185,0.0,0.1943542941176471,0.0,-0.4606630321197288,-1.0
63793392,20260207,5.12241,52.0,0.23949078999999848,0.2807627239668129,16.914178620397156,18.244557196292654,4.050789999999999,5.122409820556641,2134035,8,0.03358003924425695,0.0002590795763095,0.790797690930636,0.9999998138231472,-0.6747273342231317,-0.6491431308405259
63793948,20260207,1000.0,15.05,1.001926469999999,0.0,7.307871604589912,0.0,7.321949999999999,0.0,29248,0,0.009765283296050215,0.0,0.007321949999999999,0.0,-0.5144271359076471,-1.0
63795480,20260207,1038.25801,1.7,945.8515169700004,225.79521505153176,1.008024803992824,4.598228761426324,953.4417899999999,1038.2580566406243,87881,295,0.007716237455110588,0.0787009658978908,0.9183091108538617,0.9999999999999992,-0.4070442329453977,1.7048403720291088
63795874,20260207,40.54054054054054,17.0,0.485676569999999,0.0,8.577560165193903,0.0,4.16592,0.0,2382,0,0.0022972321342463113,0.0,0.10275936,0.0,-0.4954376373415351,-1.0
63796033,20260207,72.20216606498195,3.82,0.016032539999999998,14.920439228388584,0.0,4.839144327585765,0.0,72.20216369628906,1094,14,0.0001674344572154456,0.5,0.0,1.0,-1.0,0.2667917309301666
63797111,20260207,322.0524500000001,3.93,137.49512894999992,25.612319839065208,1.9699917522059982,12.574122499105446,270.86427000000003,322.0524597167971,316892,292,0.01681436871567665,0.0238669886022634,0.8410563869332464,1.0000000000000009,-0.4987298340442753,2.199522210054528
63798182,20260207,1000.0,15.4,2.7928968899999975,0.0,7.1213835609949845,0.0,19.88929,0.0,23253,0,0.006334586466165413,0.0,0.01988929,0.0,-0.5375724960392868,-1.0
63798620,20260207,1000.0,15.0,1.3629326299999986,0.0,9.287869203043448,0.0,12.658739999999998,0.0,30468,0,0.017411280644608264,0.0,0.012658739999999998,0.0,-0.3808087197971035,-1.0
63800765,20260207,199.22996,2.25,100.40840010999989,35.37191326826144,1.4375852004599796,5.632433791934362,144.34563000000003,199.2299652099609,308909,327,0.047207806100617394,0.0526966216395047,0.7245176880023467,1.0,-0.3610732442400091,1.5033039075263832
63801044,20260207,750.0,12.0,10.220424519999998,18.055912754499087,8.865229602028315,41.53763748528752,90.60641000000001,749.9999999999998,520350,261,0.05984336185481645,0.0267496181184939,0.12080854666666668,0.9999999999999996,-0.26123086649764043,2.4614697904406264
63801794,20260207,10.37795,4.66,0.3577827899999998,1.1694510711255188,3.8538186814407727,8.874198413854245,1.37883,10.37794971466064,20449,12,0.31077507598784193,0.3,0.13286149962179428,0.9999999081057184,-0.17300028295262393,0.9043344859297484
63804346,20260207,1000.0,68.63,2.3593407299999996,0.0,48.18304476098289,0.0,113.68022000000002,0.0,51870,0,0.009968099008378814,0.0,0.11368022000000003,0.0,-0.2979302817866401,-1.0
63805495,20260207,896.1630500000002,18.02,2.5270412799999984,0.0,9.404361609795316,0.0,23.76521,0.0,14689,0,0.007788854128002546,0.0,0.026518846096142877,0.0,-0.4781153379691833,-1.0
63807604,20260207,1000.0,22.0,0.16320020999999948,0.0,10.508993830338854,0.0,1.7150699999999999,0.0,14590,0,0.024063994722084776,0.0,0.00171507,0.0,-0.5223184622573248,-1.0
63808209,20260207,1000.0,189.69,0.11222384999999949,0.1157549316,17.345154349988963,79.30893797929575,1.94654,9.18048,32932,1,0.008086631961496907,0.0021186440677966,0.0019465399999999999,0.00918048,-0.9085605232221573,-0.5819023830536686
63809133,20260207,1000.0,57.6,0.0702853799999989,0.0,7.162513740410991,0.0,0.50342,0.0,10175,0,0.04368827823100043,0.0,0.00050342,0.0,-0.8756508031178647,-1.0
63811082,20260207,1000.0,27.67,0.020046869999999897,0.0,20.929451829637344,0.0,0.41956999999999983,0.0,1634,0,0.003588842521414452,0.0,0.0004195699999999998,0.0,-0.24360492122741806,-1.0
63815076,20260207,72.20216606498195,3.82,5.78055757,0.0,1.496078863548106,0.0,8.64817,0.0,137529,0,0.01988102810223199,0.0,0.1197771545,0.0,-0.6083563184429042,-1.0
63817404,20260207,2.752688172043011,1.93,0.1186623199999996,0.8396943194292567,0.0,3.278198777326019,0.0,2.75268816947937,41986,7,0.001464646640829127,0.2058823529411764,0.0,0.999999653548122,-1.0,0.698548635449969
63818001,20260207,280.7395600000003,5.0,35.34906767,27.4212170619225,2.420431305253716,10.238041299052291,85.55999000000001,280.73956298828125,43338,138,0.010312678469446031,0.0232829850844339,0.3047664176719516,1.0,-0.5159137389492569,1.0476082598104586
63818646,20260207,1000.0,7.5,3.0791252999999967,0.0,2.1578530760018135,0.0,6.644299999999999,0.0,814754,0,0.052729084825617896,0.0,0.0066443,0.0,-0.7122862565330915,-1.0
63819872,20260207,126.29789,6.79,24.185790499999996,11.878006681741702,4.716534280738106,10.632918675714588,114.07310999999999,126.29788970947266,9801,1,0.009385234128124103,0.0003249918752031,0.903206775663473,1.0,-0.3053705035731803,0.5659674131740063
63820079,20260207,68.4931506849315,2.7,26.974521619999997,16.70375244228493,2.0078888057033137,4.100464547705971,54.161840000000005,68.49314880371094,5876,39,0.0024855124571718625,0.0033104150751209,0.7907628640000001,1.0,-0.2563374793691431,0.5186905464033935
63820271,20260207,68.4931506849315,2.7,3.1490065699999983,0.0,1.4951318440723362,0.0,4.70818,0.0,55247,0,0.0037335108395956103,0.0,0.06873942799999999,0.0,-0.44624746515839403,-1.0
63820716,20260207,371.34914,7.1,35.57215952,33.80569940826134,4.3508932853228135,10.984808689855717,154.77067,371.34915161132807,6115,74,0.0017293552036199095,0.0120580087990875,0.4167793952612897,1.0,-0.3871981288277727,0.5471561742822574
63821686,20260207,1000.0,24.0,0.09226331999999911,0.0,6.854294859539047,0.0,0.6324000000000001,0.0,1604,0,0.0003157356009605921,0.0,0.0006324000000000001,0.0,-0.7144043808525398,-1.0
63821754,20260207,1000.0,80.0,0.0509125599999998,0.0,0.0,0.0,0.0,0.0,1008,0,0.0003950772125107784,0.0,0.0,0.0,-1.0,-1.0
63821933,20260207,1000.0,86.31,0.0005317900000000001,0.0,0.0,0.0,0.0,0.0,1104,0,0.06814814814814815,0.0,0.0,0.0,-1.0,-1.0
63822517,20260207,1000.0,25.0,0.32362780999999885,0.0,4.927728553365069,0.0,1.59475,0.0,2689,0,4.2486964765365774e-05,0.0,0.0015947499999999998,0.0,-0.8028908578653972,-1.0
63822518,20260207,1000.0,25.0,0.12756324999999918,0.0,9.43359470693956,0.0,1.2033800000000001,0.0,1706,0,0.002953601108033241,0.0,0.0012033800000000002,0.0,-0.6226562117224176,-1.0
63822723,20260207,1000.0,7.57,1.3844797899999994,0.0,5.685550671707532,0.0,7.87153,0.0,6464,0,0.01990760702186634,0.0,0.00787153,0.0,-0.24893650307694423,-1.0
63823693,20260207,16.79295,1.89,5.189166969999999,0.0,1.4393948090670132,0.0,7.46926,0.0,14048,0,0.010583892111805921,0.0,0.4447854605652967,0.0,-0.2384154449380882,-1.0
63824197,20260207,1000.0,10.01,3.470039719999999,0.0,8.684750732478651,0.0,30.136430000000004,0.0,32672,0,0.004807746074723723,0.0,0.030136430000000006,0.0,-0.13239253421791694,-1.0
63824247,20260207,1.1217500000000002,18.58,0.1343322499999995,0.0383238511999999,8.75433858957923,26.703300024815235,1.17599,1.0234,43501,1,0.22331108829568788,0.0003787878787878,1.048353019835079,0.9123237196795004,-0.5288300005608595,0.4372066810799463
63825190,20260207,83.33333333333333,16.0,0.4254814299999992,0.2938929713,10.541541143170475,20.31841610627826,4.4852300000000005,5.97146,1972,5,0.00206600314300681,0.0011637995763582,0.05382276000000001,0.0716575178131861,-0.3411536785518453,0.2699010066423912
63825455,20260207,137.20322999999996,35.0,1.6012345599999986,0.0,32.92780540534926,0.0,52.725139999999996,0.0,177198,0,0.017557916014347714,0.0,0.38428497638138703,0.0,-0.05920555984716397,-1.0
63826134,20260207,1000.0,7.35,43.93083675,84.57731083652267,6.009085861538934,11.823501814917858,263.98417,999.9999999999994,306930,186,0.026005727648613843,0.0157387036723641,0.26398417,0.9999999999999994,-0.18243729774980483,0.6086397235822717
63827381,20260207,15.45503,10.0,0.8057040099999992,1.321702183434415,9.282527959616345,11.69326868164503,7.47897,15.45503044128418,13098,13,0.005142520612485277,0.0048327137546468,0.4839181806829233,0.999999938293602,-0.07174720403836546,0.1693268681645029
63827404,20260207,10.638297872340424,10.0,0.020658699999999704,0.7097361233910123,6.485887301718013,14.989068042319465,0.13399,10.63829803466797,1424,7,0.04127536231884058,0.1696969696969697,0.012595060000000002,0.999999910354624,-0.3514112698281987,0.4989068042319465
63833627,20260207,1000.0,45.0,0.1808049099999991,0.0,15.492886780563724,0.0,2.80119,0.0,11048,0,0.005345978902545244,0.0,0.0028011900000000003,0.0,-0.6557136270985839,-1.0
63834572,20260207,1000.0,13.88,0.520016749999998,4.4179435223,5.830235276075263,14.511513142909164,3.0318199999999997,64.11106,8303,30,0.003331995665957703,0.0012391004897343,0.0030318199999999997,0.06411106,-0.5799542308303125,0.0454980564309369
63835004,20260207,26.35564,6.0,0.5641522499999997,3.03870078693387,3.3944560178568834,8.673322444704418,1.91499,26.35564041137696,2386,13,0.0004980483019183,0.0089928810720268,0.07265959012947514,0.9999999276303494,-0.4342573303571861,0.4455537407840697
63835415,20260207,1700.05321,30.2,49.63370162,38.50860976153648,34.0422252391338,44.1473527358279,1689.64165,1700.053222656249,1559686,678,0.05997454414015335,0.0227028624353232,0.9938757446303695,0.9999999999999996,0.12722600129582118,0.4618328351171509
63835646,20260207,8.167650000000002,2.16,3.4143821599999997,0.0,0.6635168220302559,0.0,2.2655000000000003,0.0,1164,0,0.18476190476190477,0.0,0.27737476507930675,0.0,-0.6928162860971038,-1.0
63837148,20260207,750.0,800.0,0.6018965999999984,0.0072448111,588.2991696580458,9223.069588441243,354.09527,66.82862,46328,4,0.014694240040598832,0.0001244251846291,0.4721270266666667,0.0891048266666666,-0.26462603792744277,10.528836985551555
63837272,20260207,98.75586,1.18,70.72898577000001,62.39436510913905,1.0467772044796282,1.582768854518982,74.03749,98.755859375,13400,65,0.006857727737973388,0.0344627235931583,0.74970224551738,1.0,-0.11290067416980658,0.3413295973512875
63837886,20260207,132.86555999999993,2.15,61.89113417000001,26.0385508380845,1.5391900839680477,5.10264762939844,95.26222000000001,132.86555480957028,9704,71,0.0007980853846090583,0.0395997153745959,0.7169820380842113,0.9999999999999998,-0.2840976353636987,1.3733243735165537
63839772,20260207,21.73913043478261,32.0,0.00565656,0.0763026319914308,27.960456531885104,284.9029522288401,0.15816,21.7391300201416,20151,4,0.34863321799307956,0.0535714285714285,0.00727536,0.9999999122619688,-0.1262357333785905,7.903217257151253
63840064,20260207,1000.0,40.0,0.1193747299999997,0.0,19.089299720300986,0.0,2.2787800000000002,0.0,3614,0,0.014946236559139785,0.0,0.00227878,0.0,-0.5227675069924753,-1.0
63840552,20260207,1000.0,62.32,0.5946225499999989,0.6898003114999999,10.568199944653985,66.928547728631,6.28409,46.16740000000001,413262,27,0.011731132798528434,6.0431906730099096e-05,0.00628409,0.0461674,-0.8304204116711492,0.073949744165187
63840776,20260207,1000.0,120.0,2.8582393999999973,0.0,78.71762246367474,0.0,224.99381000000002,0.0,52475,0,0.03344700108356173,0.0,0.22499381000000002,0.0,-0.3440198128027105,-1.0
63840924,20260207,8.088235294117647,1.74,2.048446409999999,0.0,0.3984580685222808,0.0,0.8162199999999997,0.0,1406,0,0.000976049982644915,0.0,0.10091447272727269,0.0,-0.7710011100446662,-1.0
63843847,20260207,1000.0,300.0,0.8526294699999981,0.0,363.9800885606273,0.0,310.34015,0.0,7746,0,0.007241959611069559,0.0,0.31034015,0.0,0.2132669618687576,-1.0
63847388,20260207,66.11570247933884,566.0,0.10638380999999891,0.0,165.44359522374864,0.0,17.600520000000003,0.0,5656,0,0.08126436781609195,0.0,0.2662078650000001,0.0,-0.7076968282265925,-1.0
63848165,20260207,36.14132,1.05,31.217929419999997,20.61733737174316,1.1255720879901971,1.7529575652905511,35.13803,36.14131927490235,85555,14,0.0425540910221338,0.0116666666666666,0.9722398075111811,1.0000000000000002,0.07197341713352104,0.6694834713311681
63848591,20260207,354.54545454545456,2.7,15.07816122,55.965206102094086,1.2602451799490706,6.335104595021889,19.00218,354.5454406738279,6421,430,0.0018034490506684642,0.0447975679742486,0.0535958923076923,0.9999999999999992,-0.5332425259447887,1.3463349937555251
63848648,20260207,1000.0,19.0,0.1148203099999997,0.0,5.431965825558227,0.0,0.6236999999999999,0.0,1028,0,0.0030668257756563248,0.0,0.0006236999999999999,0.0,-0.714107061812725,-1.0
63851682,20260207,1000.0,26.66,0.057909639999999304,0.0,9.536408791351604,0.0,0.5522499999999999,0.0,2004,0,0.021973684210526315,0.0,0.0005522499999999999,0.0,-0.6422952441353487,-1.0
63856317,20260207,208.3333333333333,20.0,1.0764064999999994,0.0,21.7667210296482,0.0,23.42984,0.0,20309,0,0.007146778336911004,0.0,0.11246323200000002,0.0,0.08833605148240994,-1.0
63862766,20260207,4.545454545454546,2.97,0.00097594,0.2847970213970647,0.0,15.96027416134486,0.0,4.545454502105713,5024,21,0.013483628556092324,0.2093606876215571,0.0,0.9999997901916924,-1.0,4.373829632188
63864374,20260207,2.05838,6.0,0.0151464699999999,0.089755962570611,11.000582974118794,22.932815790365403,0.16662,2.058379888534546,1236,1,0.08643356643356644,0.1666666666666666,0.08094715261516337,0.9999995231628418,0.8334304956864657,2.8221359650609004
63864918,20260207,11.45841,5.19,0.2422437999999994,0.5855851785003594,0.7143216874900428,19.567419252287717,0.17304,11.458410263061523,14949,12,0.021441480206540447,0.0355029585798816,0.01510157168402946,0.9999999167708072,-0.8623657634893945,2.7702156139796235
63865915,20260207,49.263179999999984,8.5,8.131456029999999,3.553055252894469,4.07247851772495,13.865015432536657,33.11518,49.26317977905268,20478,30,0.002728072045188106,0.0130434782608695,0.6722095487948608,0.9999999999999988,-0.5208848802676529,0.631178286180783
63866050,20260207,15.1697,17.6,0.36975308999999745,0.7375941023340371,6.154620641574668,20.566432207699677,2.27569,15.169699668884276,281826,11,0.08785647484257124,0.0076495613419405,0.15001549140721307,0.9999999371329508,-0.6503056453650757,0.1685472592008108
63866696,20260207,4.3478260869565215,2.54,0.8407386899999991,0.6434059551361162,0.36164625657943766,6.757505447090659,0.30405,4.34782600402832,8583,6,0.49045714285714287,0.6333333333333333,0.06993150000000001,0.9999997806549512,-0.8576195840238434,1.660435255345752
63867023,20260207,34.770514603616135,1100.0,0.0538456399999992,0.0535100971999999,218.2925117056864,132.831886691346,11.754100000000001,7.107980000000001,1655,1,0.0034827441077441078,0.0002834467120181,0.338047916,0.2044254998715288,-0.8015522620857397,-0.8792437393715037
63867737,20260207,1000.0,86.31,0.056081989999999304,0.0,14.151067035959489,0.0,0.7936199999999999,0.0,11505,0,0.10100965759438103,0.0,0.0007936199999999999,0.0,-0.8360437141008054,-1.0
63869005,20260207,1000.0,220.68,0.168519159999998,0.0,80.42147848351583,0.0,13.55256,0.0,33289,0,0.020847319639278557,0.0,0.01355256,0.0,-0.6355742319942186,-1.0
63869176,20260207,9.995780000000002,13.5,0.5404916199999992,0.6758939363686713,12.86043990839305,14.788955284756916,6.95096,9.995779991149902,1270,2,0.002455055093756041,0.0094260578131545,0.6953894543497355,0.9999999045923154,-0.04737482160051488,0.095478169241253
63871771,20260207,1000.0,34.86,0.0277688099999997,0.0,61.88705961832785,0.0,1.71853,0.0,1753,0,0.0063193943763518385,0.0,0.0017185299999999998,0.0,0.7753029150409595,-1.0
63872859,20260207,1000.0,1.02,1.87255238,0.0,0.9822208551517261,0.0,1.83926,0.0,8381,0,0.0032792080757492762,0.0,0.00183926,0.0,-0.03703837730222935,-1.0
63873690,20260207,5339.06705,1.0,2656.2347215300006,2864.611015185091,0.5232151619490466,1.8638017044427475,1389.78228,5339.066894531244,72743,1624,0.05629827412738952,0.3299285262391654,0.2603043316341195,0.9999999999999988,-0.4767848380509534,0.8638017044427475
63874819,20260207,1000.0,33.66,0.9448800599999992,0.0,13.054323529697527,0.0,12.33477,0.0,4311,0,0.0022930851063829786,0.0,0.01233477,0.0,-0.6121710181313865,-1.0
63874908,20260207,1000.0,53.49,9.167999999999999e-05,0.0,0.0,0.0,0.0,0.0,9777,0,0.06255278310940499,0.0,0.0,0.0,-1.0,-1.0
63875138,20260207,1238.53337,53.47,10.592815259999995,0.2792283097,32.13774729797375,50.48974269623387,340.42922,14.098216,19238,10,0.0013424326794922788,5.741900422133814e-05,0.2748647943171688,0.0113829928619617,-0.39895740980037864,-0.0557370199444717
63875140,20260207,1133.601050000001,53.47,34.681602780000006,0.0,32.250395032060275,0.0,1118.49539,0.0,79437,0,0.003742438518797701,0.0,0.9866746241986978,0.0,-0.3968506633241018,-1.0
63877699,20260207,29.96146,9.0,0.3320364199999993,1.425292566316693,2.186717951000681,21.021255425261707,0.72607,29.96146011352539,1703,11,0.0008784236859751379,0.0035464769371369,0.024233465258368586,0.9999999363399346,-0.7570313387777021,1.3356950472513007
63882142,20260207,1000.0,24.0,0.1685235099999997,0.0,6.389256905460858,0.0,1.07674,0.0,2222,0,0.00010528909485495503,0.0,0.00107674,0.0,-0.7337809622724643,-1.0
63882670,20260207,241.69816,26.88,8.43129418,6.008184245396322,15.586514619752005,40.228148104912734,131.41449,241.6981658935547,18967,14,0.020368341924398625,0.0119155844155844,0.543713241342011,1.0,-0.4201445453961307,0.4965829375333005
63882681,20260207,117.4279,26.88,1.9953992999999992,0.0,28.544818072252518,0.0,56.958310000000004,0.0,3797,0,0.02480078380143697,0.0,0.4850492089188345,0.0,0.06193519614034669,-1.0
63883442,20260207,21.30237,69.3,0.27093459000000014,5.4862797171,78.17403455202965,1.6539492723581328,21.180049999999998,9.07403,17550,2,0.058695652173913045,0.0011622199122199,0.9942579159032539,0.4259633626268268,0.12805244663823456,-0.9761334891843676
63883962,20260207,83.33333333333333,54.0,0.2335484499999973,0.8866063040782161,4.35305821982553,93.99125801597638,1.01665,83.33333587646484,273998,4,0.17760938614118105,0.0232558139534883,0.012199800000000002,1.0,-0.9193878107439717,0.7405788521477108
63885852,20260207,1000.0,16.0,0.0638222699999996,4.4792106136,8.720780379638699,17.91726243884643,0.5565800000000001,80.25520999999999,1762,61,0.005830575777630708,0.0247786035367047,0.0005565800000000001,0.08025521,-0.45495122627258133,0.1198289024279017
63886292,20260207,1000.0,18.66,0.5595576999999992,1.671191548,11.649504599793746,18.84700738864233,6.518569999999999,31.4969783,46331,16,0.033857790119848,0.0008678836823248,0.006518569999999999,0.0314969783,-0.3756964308792205,0.0100218404479868
63886464,20260207,1.45776,5.0,0.11513623999999979,0.0599363290736393,12.661174274928577,24.321403688109136,1.45776,1.457759976387024,21711,3,0.01826602725896012,0.0375,1.0,0.9999993457951186,1.5322348549857154,3.864280737621827
63886585,20260207,1.252086811352254,5.0,0.0933090099999999,0.0951631868800566,0.0,13.157121388445177,0.0,1.2520867586135864,28100,1,0.0070295692199929954,0.0142857142857142,0.0,0.999999225139618,-1.0,1.6314242776890349
63886628,20260207,2.4251000000000005,5.0,0.7721016299999993,0.295450722122722,3.034626413105749,8.208109503292018,2.3430400000000002,2.425100088119507,76994,3,0.06573941256830601,0.0625,0.9661622201146344,0.9999996067486262,-0.3930747173788502,0.6416219006584036
63886978,20260207,1000.0,49.88,0.0735668199999987,0.0,19.847262665424783,0.0,1.4600999999999995,0.0,14148,0,0.013237275449101797,0.0,0.0014600999999999995,0.0,-0.6020997861783324,-1.0
63887215,20260207,1000.0,23.0,1.560293929999999,25.05581606406409,30.942458386670793,39.91089164816077,48.27933,999.9999999999995,37800,255,0.0019295558958652374,0.0380199791262859,0.04827933,0.9999999999999996,0.34532427768133883,0.7352561586156857
63887366,20260207,19.94432,5.05,2.068721169999999,0.0,4.993128194265061,0.0,10.32939,0.0,1654,0,0.005743055555555556,0.0,0.5179113652408305,0.0,-0.0112617437098888,-1.0
63887879,20260207,62.70501,4.92,6.102116979999998,0.0,3.8811923923490577,0.0,23.68349,0.0,6013,0,0.003711041165216318,0.0,0.37769693362619666,0.0,-0.21113975765263054,-1.0
63888748,20260207,501.68523,23.75,10.793845939999999,1.6070895857823342,17.44843043405528,312.1698590842017,188.33567,501.6852416992184,49571,237,0.0034248543930799577,0.0093239254483116,0.375406048928329,0.9999999999999992,-0.265329244881883,12.143994066703227
63889490,20260207,1000.0,43.64,39.765324199999995,6.630537941772525,10.256614983161638,150.81730290429033,407.85762000000005,999.9999999999995,145560,190,0.004459039695133532,0.0015203749067604,0.40785762000000003,0.9999999999999996,-0.764972158955966,2.455941911403068
63890282,20260207,42.79496,8.01,0.0635166,1.0453457238870936,0.0,40.93853172738778,0.0,42.794960021972656,4495,22,0.0031823008849557522,0.0290933834001054,0.0,1.0,-1.0,4.110927660123505
63890317,20260207,2.10644,8.01,0.0179027199999998,0.0476719483838322,0.0,44.18522744453614,0.0,2.10644006729126,1135,2,0.0011656567731334086,0.0083333333333333,0.0,0.999999547258002,-1.0,4.516257950307727
63891398,20260207,62.135140000000014,6.0,30.61322343999998,5.901009189425839,2.0021648527189546,10.529576711572789,61.29272000000001,62.13513946533203,6389,4,0.004364369150898285,0.0150375939849624,0.9864421324229735,1.0,-0.6663058578801743,0.7549294519287978
63892216,20260207,41.66666666666666,12.54,0.9331463899999988,0.0,1.5654885617678933,0.0,1.4608299999999996,0.0,10184,0,0.10184,0.0,0.03505992,0.0,-0.8751604017728953,-1.0
63893095,20260207,68.18181818181819,3.3,2.794432129999999,0.0,2.135432074351365,0.0,5.96732,0.0,3366,0,0.00829064039408867,0.0,0.08752069333333333,0.0,-0.3528993714086773,-1.0
63893625,20260207,4.926108374384237,8.0,0.5488183999999994,0.0872540908847038,2.9332289150655333,56.45640054171436,1.60981,4.926108360290527,3342,4,0.002368029476369305,0.0038610038610038,0.32679143,0.9999998064041506,-0.6333463856168083,6.057050067714295
63893649,20260207,36.47676,4.76,2.2019377899999992,0.0,3.5351589110971218,0.0,7.7842,0.0,1170,0,0.0005691215098745014,0.0,0.2134016288727398,0.0,-0.2573195564922013,-1.0
63893761,20260207,1000.0,8.0,0.3891586299999991,71.1053416197809,3.910487607585635,14.063640834237525,1.5217999999999998,1000.0000000000005,7556,830,0.008974937641050005,0.3393342224993074,0.0015217999999999998,1.0000000000000004,-0.5111890490517956,0.7579551042796906
63894784,20260207,164.65190000000004,1.76,86.79048194,53.8000520435667,1.8498518087616,3.0604412436505206,160.54953,164.65190124511724,6483,113,0.040493441599000625,0.1451684871849789,0.9750845875449963,1.0000000000000004,0.05105216406909093,0.7388870796783182
63895029,20260207,47.59944,35.0,0.2917635099999993,0.0,16.175771946258845,0.0,4.7195,0.0,5460,0,0.0020953258116509325,0.0,0.0991503261382907,0.0,-0.5378350872497473,-1.0
63895426,20260207,2.45433,6.5,1.2508153499999992,0.0,1.7856352658288062,0.0,2.2335,0.0,1785,0,0.009365162644281217,0.0,0.9100243243573601,0.0,-0.7252868821801837,-1.0
63898532,20260207,267.88898000000006,15.0,9.249863719999997,0.0,12.405392498042128,0.0,114.74819000000001,0.0,7874,0,0.032244062244062247,0.0,0.4283423304683902,0.0,-0.17297383346385817,-1.0
63898540,20260207,3.4482758620689653,30.55,0.021502789999999904,0.0,9.295072871938984,0.0,0.19987,0.0,1679,0,0.009353760445682452,0.0,0.0579623,0.0,-0.6957422955175455,-1.0
63898679,20260207,123.20089999999996,35.0,0.28454898999999845,3.319503446361057,200.90347184152827,37.11424376968482,57.16688,123.20089721679692,5693097,479,0.08041029313310905,0.0024993941747521,0.4640134934079217,1.0000000000000004,4.7400991954722365,0.0604069648481376
63900408,20260207,1000.0,29.65,0.03737436999999989,1.0694659052,9.444172570668105,73.49699146164846,0.3529699999999999,78.6026,8240,12,0.034723978086809944,0.0050287331306816,0.00035296999999999987,0.0786026,-0.6814781595052916,1.4788193054719387
63900451,20260207,1000.0,26.66,1.9168452099999986,0.0,18.320049953329317,0.0,35.1167,0.0,18849,0,0.00824937634032124,0.0,0.0351167,0.0,-0.312826333333484,-1.0
63901210,20260207,1000.0,32.0,0.0043710799999999,0.0,65.74347758448862,0.0,0.2873699999999999,0.0,1978,0,0.1345578231292517,0.0,0.0002873699999999999,0.0,1.0544836745152693,-1.0
63902267,20260207,3714.17456,37.05,76.44841712,35.02597988329999,42.664741048597925,19.721689546583196,3261.6519200000002,690.7715210450001,177994,88,0.1316815861507731,0.0062681477581813,0.8781633354356938,0.1859825136875879,0.15154496757349334,-0.4677006760406114
63904068,20260207,1000.0,31.0,10.719261939999999,22.775919328779626,24.147337890317477,43.90601940841885,258.84164,999.9999999999995,386134,302,0.010210701120671874,0.0058441393792214,0.25884164,0.9999999999999996,-0.22105361644137173,0.4163232067231887
63904287,20260207,89.5,18.0,0.8540667899999981,1.5534699533999998,9.683083450651463,25.43463534578632,8.27,39.51196722,5394,39,0.0016505002906887793,0.0012810996949195,0.0924022346368715,0.4414744940782123,-0.46205091940825205,0.4130352969881288
63904455,20260207,1000.0,31.0,0.0949249999999998,0.0,7.0172241243086795,0.0,0.66611,0.0,6930,0,0.027326498422712935,0.0,0.00066611,0.0,-0.7736379314739136,-1.0
63904753,20260207,1000.0,31.0,0.014054859999999999,0.0,16.400021060330733,0.0,0.23049999999999998,0.0,1045,0,0.0044,0.0,0.0002305,0.0,-0.47096706256997634,-1.0
63904780,20260207,14.441160000000002,14.49,0.8215916299999995,0.6538584912482631,7.424807869573847,22.086029789759863,6.100160000000001,14.441160202026367,1901,10,0.0035314880178339216,0.0077765723328758,0.4224148198621163,0.9999999339613826,-0.4875908992702659,0.5242256824449576
63904784,20260207,1000.0,31.0,4.666134619999999,0.0,23.000272975407643,0.0,107.32236999999999,0.0,103750,0,0.01361798755676896,0.0,0.10732236999999999,0.0,-0.2580557104707212,-1.0
63905155,20260207,1000.0,30.0,14.311155770000001,21.1052310317,21.206393451197822,38.88685129844991,303.48799999999994,820.7160196359999,166365,271,0.02275512576766834,0.0038752896955524,0.3034879999999999,0.8207160196359999,-0.2931202182934059,0.296228376614997
63906670,20260207,1000.0,23.0,17.948181940000005,25.396317072885815,12.11571794441036,39.37578656599212,217.45511,1000.0000000000002,325285,242,0.03253728506696808,0.0113034368291461,0.21745510999999998,1.0000000000000002,-0.4732296545908539,0.7119907202605268
63908540,20260207,2454.46509,27.5,1.1214555399999993,43.76932603517678,13.619782020070105,56.07728640465509,15.27398,2454.4650878906214,32502,836,0.0012139570323004751,0.0272924919658988,0.006222936338442686,0.9999999999999986,-0.5047351992701781,1.039174051078367
63909258,20260207,1000.0,8.49,0.0785548699999998,33.4735182996,6.25409984129566,14.96459919605722,0.49129,500.9178,1031,110,0.0007925282496733031,0.0403872864477793,0.00049129,0.5009178,-0.2633569091524547,0.7626147938148092
63910609,20260207,1000.0,70.33,0.0031436599999998998,0.0,0.0,0.0,0.0,0.0,41369,0,0.0006665377705810797,0.0,0.0,0.0,-1.0,-1.0
63910919,20260207,1000.0,24.92,0.06174905,0.5863736951999999,3.6930122811606005,52.575085951628566,0.22804,30.8287,6068,3,0.15598971722365038,0.0267857142857142,0.00022804,0.0308287,-0.8518052856677126,1.109754646495468
63918879,20260207,1000.0,12.0,0.4190223499999993,51.09853085455935,4.2963340738268565,19.570033887593464,1.80026,1000.0000000000006,11307,276,0.0011343298555377206,0.017482515375908,0.00180026,1.0000000000000009,-0.6419721605144286,0.6308361572994553
63920345,20260207,23.28086,2.28,12.20284938,7.638369770318527,1.6407045089660854,3.047883063145425,20.02127,23.280860900878917,278446,39,0.09462262548000136,0.0079809502276246,0.859988419671782,0.9999999180722536,-0.2803927592254011,0.3367908339435603
63920538,20260207,10.416666666666666,10.85,0.00861161,0.3874570551760267,0.0,26.88463136951868,0.0,10.416666984558104,2611,39,0.0012296317227088632,0.0300323405707887,0.0,0.9999999084472768,-1.0,1.4778461220548749
63920617,20260207,1000.0,15.88,0.1938224499999986,0.8789774214,8.242079284417317,17.896741964318714,1.5974999999999997,15.73085,7700,30,0.0025787006028131277,0.0008471423181891,0.0015974999999999997,0.01573085,-0.4809773750366929,0.1269988561299704
63920896,20260207,1000.0,50.18,0.0971002699999994,0.05181241,7.959607115407658,52.67767552840084,0.77288,2.72941,1021,2,0.25525,0.0535714285714285,0.00077288,0.00272941,-0.8413788936746183,0.0497743166208677
63921353,20260207,1000.0,1.02,1.6859938299999995,0.0,0.3282692914718438,0.0,0.5534600000000001,0.0,2735,0,0.0044616639477977164,0.0,0.0005534600000000001,0.0,-0.678167361302114,-1.0
63921753,20260207,1000.0,30.0,2.4290685599999984,0.0,16.183087891105068,0.0,39.30983,0.0,143425,0,0.013452862221305094,0.0,0.03930983,0.0,-0.46056373696316444,-1.0
63924789,20260207,7.319470000000001,2.53,4.274365819999999,0.0,1.5365250136685777,0.0,6.56767,0.0,2115,0,0.19766355140186917,0.0,0.8972876451437056,0.0,-0.3926778602100483,-1.0
63924884,20260207,6.451612903225806,2.04,0.0624872099999997,0.7030137271286505,0.30022143731493356,9.177066568323404,0.01876,6.451612949371338,2086,19,0.008091543832428239,0.3789682539682539,0.0029078,0.999999852180504,-0.8528326287671893,3.498562127416632
63925060,20260207,1000.0,27.0,11.430697669999997,24.8208234662441,21.086104012057213,40.28875033381681,241.02888,1000.0000000000005,267126,178,0.005584881518371238,0.0056144033096879,0.24102887999999997,1.0000000000000004,-0.21903318473862174,0.4921759382895114
63927660,20260207,1000.0,34.85,0.036444949999999796,0.0,14.201693238706678,0.0,0.51758,0.0,1033,0,0.00500484496124031,0.0,0.00051758,0.0,-0.592490868329794,-1.0
63929252,20260207,5.68214,4.3,4.09207596,0.0,1.3836791045296237,0.0,5.66212,0.0,1100,0,0.0019593872461702885,0.0,0.9964766795608696,0.0,-0.6782141617372968,-1.0
63929254,20260207,1000.0,13.88,0.0339334199999993,1.4613300190999998,12.170008210195391,19.78923982453361,0.41296999999999995,28.91863,1419,21,0.0027054337464251666,0.0056571132779216,0.00041296999999999997,0.0289186299999999,-0.12319825574961164,0.425737727764472
63929630,20260207,1000.0,74.77,0.00039294000000000004,0.0003294396,40.10790451468417,517.9463962551703,0.01576,0.1711499999999999,6281,2,0.00520898988223586,9.861556471725964e-05,1.5759999999999998e-05,0.0001711499999999,-0.4635829274483861,5.927195660148537
63930210,20260207,1000.0,74.77,0.00016069,0.0,0.0,0.0,0.0,0.0,3109,0,0.020360183366077277,0.0,0.0,0.0,-1.0,-1.0
63930260,20260207,1000.0,50.18,0.40955222999999735,1.5337071225999994,13.81657719212037,67.7645560250487,5.6586099999999995,103.93104999999991,1565171,760,0.04548474465939571,0.0012188596470287,0.00565861,0.1039310499999999,-0.724659681304895,0.3504295658216482
63930481,20260207,154.00257,5.0,2.6122427199999994,0.0,3.2410196553251387,0.0,8.466330000000001,0.0,2812,0,0.0011808180062148315,0.0,0.05497525138703855,0.0,-0.3517960689349723,-1.0
63931270,20260207,17.857142857142858,1.05,9.997431630000001,0.0,0.7097622932181032,0.0,7.0958000000000006,0.0,9372,0,0.002013535288430551,0.0,0.3973648,0.0,-0.32403591122085407,-1.0
63932875,20260207,77.90089,1.0,57.15022754,221.7986918701952,0.5269629062967681,0.3512233797574047,30.11605,77.90088653564455,2937,44,0.008738470693246058,0.0167695473251028,0.3865944278685391,1.0000000000000002,-0.4730370937032319,-0.6487766202425953
63934713,20260207,29.41176470588235,60.0,0.37391975999999916,0.0,69.66021266166852,0.0,26.04733,0.0,1596,0,0.0013581822823589482,0.0,0.88560922,0.0,0.16100354436114206,-1.0
63935338,20260207,45.15721,1.18,43.847514660000016,14.559829836470472,0.807353855161468,3.1014928546146305,35.400459999999995,45.15721130371092,5753,39,0.004228281640452742,0.0831390831390831,0.7839381573839481,0.9999999999999996,-0.3158018176597729,1.6283838919312306
63937480,20260207,27.785550000000004,6.0,15.92798474,2.7741545380742663,1.7353620342556908,10.015858441414656,27.640819999999998,27.78554916381836,3633,16,0.00724571200638213,0.0068031564047854,0.9947911774285553,0.9999999313546588,-0.7107729942907182,0.6693097402357759
63937984,20260207,500.0,1.36,79.24994016,138.10906439228032,1.2026851983429938,3.620327156510813,95.31272999999999,500.00000000000006,26547,632,0.004116707502403623,0.0310578889044965,0.19062545999999997,1.0000000000000002,-0.1156726482772105,1.6620052341400895
63939449,20260207,1000.0,16.0,0.49055693999999916,7.091224684099998,8.767035280348917,17.250200814265188,4.30073,122.32506707000002,22070,65,0.06103429203539823,0.0168716460824525,0.00430073,0.12232506707,-0.45206029497819267,0.0781375508915742
63939968,20260207,1000.0,30.87,0.3124397999999979,0.0,14.360974498127415,0.0,4.48694,0.0,6805,0,0.0015755597230904586,0.0,0.00448694,0.0,-0.5347918853862191,-1.0
63939971,20260207,1000.0,30.87,0.6990634299999976,0.0004519215,9.678549484415202,3.752712776938144,6.7659199999999995,0.0016996842999999,27337,1,0.006456084831022837,5.032206119162641e-05,0.00676592,1.69968429999999e-06,-0.6864739396043018,-0.8784349635595495
63940373,20260207,12.25487,2.1,9.113452929999998,3.7348425468574025,1.344701080274302,3.2812272484734906,12.25487,12.254870414733888,22502,4,0.0036067255445671512,0.0002595717066839,1.0,0.9999999221799816,-0.3596661522503324,0.5624892368971791
63942050,20260207,5.754020000000001,2.0,6.880595539999999,0.0,0.8362677280693642,0.0,5.75402,0.0,91254,0,0.4581024096385542,0.0,0.9999999999999999,0.0,-0.5818661359653179,-1.0
63942675,20260207,7.03731,2.08,2.40745589,0.0,1.3539936551028562,0.0,3.25968,0.0,17441,0,0.28405537459283386,0.0,0.46319971693729567,0.0,-0.3490415119697807,-1.0
63942969,20260207,2.16213,4.82,0.041122969999999995,0.1547400739775547,0.0,13.972567604965697,0.0,2.162130117416382,4559,4,0.007320166987797046,0.0396025345622119,0.0,0.999999558919286,-1.0,1.89887284384672
63942976,20260207,0.7507507507507507,4.82,0.09498938999999951,0.053707202551546,0.6256488224632278,13.978326297273933,0.05943,0.7507507801055908,5076,2,0.04691312384473198,0.0833333333333333,0.07916076,0.999998650314298,-0.8701973397379195,1.900067593245713
63944090,20260207,62.5,12.3,0.4719705399999988,3.224435109797847,11.561039381822463,19.383234113427168,5.4564699999999995,62.50000000000002,43158,197,0.03490053372149442,0.1073187107016774,0.08730352,1.0000000000000004,-0.06007809903882423,0.5758726677116512
63944100,20260207,62.5,12.3,0.9815158599999985,0.0,5.455744749758816,0.0,5.354900000000001,0.0,96004,0,0.10538309549945116,0.0,0.08567840000000002,0.0,-0.5564435162797711,-1.0
63944555,20260207,62.5,12.3,5.6211897599999965,0.0,3.901996007336357,0.0,21.93386,0.0,406986,0,0.03228177325835032,0.0,0.35094176,0.0,-0.6827645522490766,-1.0
63945621,20260207,1000.0,58.11,0.2096483799999982,0.3562408321999999,6.230289020120312,114.55799491029003,1.3061699999999994,40.81034999999999,2361143,256,0.03424353349818351,0.0002747448124548,0.0013061699999999993,0.0408103499999999,-0.8927845634121441,0.9713989624340666
63947774,20260207,1000.0,23.0,2.054224199999999,0.0,17.894969789568258,0.0,36.76028,0.0,52648,0,0.003672996693130921,0.0,0.03676028,0.0,-0.22195783523616272,-1.0
63948300,20260207,1000.0,10.01,3.0623741299999985,0.0,8.330928527011823,0.0,25.51242,0.0,56224,0,0.011217877094972068,0.0,0.025512419999999997,0.0,-0.16773940789092678,-1.0
63949306,20260207,37.5,7.5,0.0449652199999997,3.1647374959746437,2.641597216693275,11.849320266966055,0.11878,37.500000000000014,11375,117,0.0014147482059127148,0.0229498469655339,0.0031674666666666666,1.0000000000000004,-0.64778703777423,0.5799093689288074
63950119,20260207,1127.6450100000006,1.49,1214.6769155400002,464.0745374275084,0.9169166761557043,2.4298790951820206,1113.75752,1127.645019531248,164069,736,0.009557064884984826,0.0359339908212088,0.9876845196166828,0.9999999999999982,-0.38461968043241324,0.6307913286104581
63950135,20260207,53.81452,18.5,3.5856543599999995,0.0,8.411530217876328,0.0,30.16084,0.0,7274,0,0.03225720620842572,0.0,0.5604591474568573,0.0,-0.5453226909256039,-1.0
63950199,20260207,1000.0,1.86,1.0834072399999997,216.7821864726,0.5502547684654573,2.922018872422639,0.59615,633.4416429999999,1021,157,0.0457847533632287,0.7679365079365079,0.0005961499999999999,0.6334416429999998,-0.7041641029755606,0.5709778763170001
63950835,20260207,527.83917,20.0,24.541372159999995,4.080369746966585,11.635914574713011,129.3605912540389,285.56131000000005,527.8391723632817,161162,272,0.003977383784637558,0.0033527657808365,0.5410006044075889,1.0000000000000009,-0.41820427126434945,5.468029562701945
63950950,20260207,1000.0,28.0,7.32668608,22.169232669483478,29.1030730226127,45.10755829041248,213.22908,1000.0000000000008,1077648,205,0.029497368183348523,0.0050497807324796,0.21322908000000002,1.0000000000000009,0.03939546509331076,0.6109842246575885
63951234,20260207,1000.0,24.0,0.6132488499999987,0.0,11.454615854558904,0.0,7.02453,0.0,14776,0,0.009395307433076875,0.0,0.00702453,0.0,-0.522724339393379,-1.0
63952722,20260207,1000.0,6.0,1.3205693899999993,0.0,3.1496035206449866,0.0,4.15927,0.0,1816,0,0.0033642089662838087,0.0,0.0041592700000000005,0.0,-0.4750660798925022,-1.0
63953184,20260207,10.20408163265306,8.1,0.3724572899999989,0.5837289900771621,0.9627949556310229,17.48082454011057,0.3586,10.204081535339355,33825,6,0.017681651855723995,0.0217589628306173,0.0351428,0.9999999065399248,-0.8811364252307379,1.1581263847963814
63953504,20260207,24.7436,9.2,9.367659570000002,0.2853370275528448,2.004393932090766,86.7168006225682,18.77648,24.743600845336918,74031,8,0.43598939929328623,0.102,0.7588418823453337,0.9999999229154845,-0.7821310943379602,8.425739393520143
63953718,20260207,1000.0,22.5,1.6580488599999996,0.0,14.751356603568368,0.0,24.45847,0.0,59318,0,0.051919474835886215,0.0,0.02445847,0.0,-0.34438415095251695,-1.0
63954015,20260207,94.20293,24.75,2.3120213599999984,0.0,12.572846645326848,0.0,29.068689999999997,0.0,164558,0,0.006749103854451198,0.0,0.3085752215987337,0.0,-0.4920061961484102,-1.0
63955161,20260207,1.6937669376693767,48.0,0.0079552899999997,0.0086740359330231,0.0,195.24610210700536,0.0,1.693766951560974,54366,1,0.023151215773112466,0.0015527950310559,0.0,0.999999463558197,-1.0,3.067627127229278
63955360,20260207,7.352941176470588,28.8,0.1154856199999987,0.0044389244,11.840868153108719,225.15023003544832,1.36745,0.9996499999999998,5736,1,0.02527985896870868,0.0002572016460905,0.1859732,0.1359523849601014,-0.588858744683725,6.817716527774052
63956425,20260207,1000.0,50.67,3.5357482699999983,0.0,22.787402792111113,0.0,80.57052,0.0,115361,0,0.012660893805698232,0.0,0.08057052,0.0,-0.5502782160625397,-1.0
63956511,20260207,1000.0,62.32,0.0303930099999996,0.0,35.69965594062629,0.0,1.08502,0.0,2560,0,0.024334600760456272,0.0,0.0010850200000000001,0.0,-0.4271557134045845,-1.0
63956533,20260207,1000.0,50.98,0.6826960299999986,0.1931310382,12.415393714827985,32.737292367062075,8.47594,6.322620000000001,257667,52,0.015725785779676534,0.0002079445451979,0.00847594,0.00632262,-0.7564654037891725,-0.3578404734990314
63956557,20260207,1000.0,56.65,0.5328230999999984,0.0,6.460343029421979,0.0,3.44222,0.0,125185,0,0.06415466612002255,0.0,0.0034422199999999997,0.0,-0.8859604054824011,-1.0
63957528,20260207,1000.0,31.75,0.2811193099999993,0.0,16.54905883199561,0.0,4.65226,0.0,1630,0,0.007588454376163873,0.0,0.00465226,0.0,-0.4787698005670674,-1.0
63957691,20260207,1000.0,18.0,0.45442549999999754,0.0,4.975799113386048,0.0,2.2611299999999996,0.0,4119,0,0.007485008177357805,0.0,0.0022611299999999997,0.0,-0.7235667159229973,-1.0
63957756,20260207,1000.0,9.68,0.47714719999999844,44.41961135339999,2.629062897152082,20.28227622515577,1.2544499999999998,900.930847566,94937,3392,0.013725169871331502,0.0393679386598955,0.0012544499999999998,0.900930847566,-0.728402593269413,1.0952764034843132
63958669,20260207,1000.0,30.0,0.1985908899999999,0.0,10.174233067790777,0.0,2.02051,0.0,4651,0,0.06721098265895954,0.0,0.0020205099999999997,0.0,-0.6608588977403075,-1.0
63958692,20260207,1000.0,30.0,1.691604149999999,0.0,15.538381127759719,0.0,26.284790000000005,0.0,49548,0,0.07745505705799594,0.0,0.026284790000000006,0.0,-0.4820539624080094,-1.0
63959180,20260207,1000.0,32.0,0.32588063999999994,0.0,20.57093664723379,0.0,6.703670000000001,0.0,5152,0,0.0058658772628942275,0.0,0.006703670000000001,0.0,-0.35715822977394407,-1.0
63959271,20260207,1000.0,27.5,0.0977212099999997,0.0,17.257154306623963,0.0,1.6863899999999996,0.0,1525,0,0.0009710901681100356,0.0,0.0016863899999999996,0.0,-0.37246711612276495,-1.0
63959420,20260207,1000.0,50.04,6.681808069999999,0.0,50.039463345435486,0.0,334.35409,0.0,7356,0,0.02111366245694604,0.0,0.33435409,0.0,-1.072451168091783e-05,-1.0
63959507,20260207,1000.0,23.0,0.051848519999999496,0.0164382060999999,5.004192983714917,38.80783513018916,0.25946,0.6379699999999999,2454,1,0.00048314695227594896,2.905625290562529e-05,0.00025946000000000004,0.00063797,-0.782426392012395,0.6872971795734418
63959710,20260207,6.746300000000001,9.0,1.0116520099999995,0.0,5.871090000602088,0.0,5.939500000000001,0.0,53675,0,0.012660691119235758,0.0,0.8804085202259017,0.0,-0.347656666599768,-1.0
63962980,20260207,1000.0,35.11,0.2067030599999997,0.0,6.737103940309361,0.0,1.3925800000000002,0.0,3055,0,0.01724040632054176,0.0,0.0013925800000000002,0.0,-0.8081143850666659,-1.0
63965437,20260207,4.044489383215369,16.0,0.1824611799999992,0.1225775026004055,13.728344845736562,32.99509537069618,2.50489,4.04448938369751,396776,4,0.07502618890044437,0.0012111181887221,0.6193340525,0.9999997642040808,-0.1419784471414649,1.062193460668511
63965582,20260207,1000.0,2.13,0.6573798499999994,81.43955963124485,1.6206611748139235,12.279044634437062,1.0653899999999998,999.9999999999987,1179,1381,0.0005254010695187166,0.2892279242428793,0.0010653899999999998,0.9999999999999988,-0.23912620900754764,4.764809377796706
63965642,20260207,37.3331,22.0,0.9439896899999968,0.0476958796,13.074009314656859,15.466839889458932,12.341729999999998,0.73772,1575375,1,0.17698655222388243,7.475182394450424e-06,0.3305841197221768,0.0197604809818438,-0.4057268493337791,-0.2969618232064121
63966360,20260207,1000.0,5.63,29.11323841,22.31488350677885,1.621798967708862,44.81313805125082,47.215819999999994,999.9999999999987,213733,903,0.08134152839092708,0.1306039070751772,0.04721581999999999,0.9999999999999988,-0.7119362401938079,6.959704643043502
63967286,20260207,1000.0,30.2,4.732072439999998,0.0,31.444605273202473,0.0,148.79815000000002,0.0,323845,0,0.011683900249664468,0.0,0.14879815000000002,0.0,0.04121209513915477,-1.0
63967297,20260207,4146.95498,29.2,1.1171749499999986,82.8249925596037,17.162262723488407,50.06888500559559,19.17325,4146.955078124993,95124,1351,0.001393331565864812,0.028287269681742,0.004623452651998647,0.9999999999999982,-0.41225127659286276,0.7146877978559116
63967300,20260207,1000.0,29.2,14.951385440000003,21.3268569205955,33.738626565699704,46.88923252188465,504.43920999999983,999.9999999999998,891913,432,0.0644394592915303,0.0204463318975208,0.5044392099999998,0.9999999999999998,0.15543241663355153,0.6057955923547891
63967610,20260207,1000.0,22.05,0.0052082899999996,0.0059791495,0.0,116.97533648615304,0.0,0.69953,40457,4,0.025202142901638323,0.0003725985343632,0.0,0.00069953,-1.0,4.305004105829931
63969691,20260207,9.090909090909092,10.0,0.4199205699999999,0.5885102442226455,5.370348968615662,15.44729874485143,2.2551200000000002,9.090909004211426,1146,2,0.019965156794425086,0.0277777777777777,0.2480632,0.9999998950958352,-0.46296510313843375,0.544729874485143
63972226,20260207,1000.0,29.07,0.0710429399999995,0.0,10.738575852857515,0.0,0.7628999999999999,0.0,6577,0,0.011975600873998543,0.0,0.0007629,0.0,-0.6305959458941344,-1.0
63972231,20260207,1000.0,29.07,0.3966301899999991,0.0,10.763376333001803,0.0,4.269079999999999,0.0,20039,0,0.014682737397420868,0.0,0.004269079999999999,0.0,-0.6297428162022084,-1.0
63974967,20260207,16.666666666666668,7.15,0.1509424199999995,0.8928817441479383,11.898510703618015,18.66613073230403,1.79599,16.66666603088379,35391,12,0.006478545800688291,0.0118708967781087,0.10775939999999999,0.9999998855590908,0.6641273711353867,1.610647620046611
63978528,20260207,393.5711200000004,27.0,10.207987429999996,10.68894903530033,27.258615070610453,36.82037100531479,278.25559999999996,393.5711059570308,924894,176,0.02102476205197917,0.0096969696969696,0.7070020788110664,0.9999999999999988,0.009578335948535308,0.3637174446412885
63978909,20260207,256.4102564102564,23.0,3.3194661199999986,0.0,17.62936504982314,0.0,58.52008,0.0,12451,0,0.0015538499937601399,0.0,0.228228312,0.0,-0.23350586739899395,-1.0
63979077,20260207,1037.65783,23.0,53.559527910000014,28.46859776736108,18.315889969165337,36.44920655890255,980.9904200000001,1037.6578369140625,294519,175,0.006092240289760939,0.0120772946859903,0.9453891173355286,1.0,-0.20365695786237667,0.5847481112566324
63981277,20260207,178.83799999999994,23.0,2.607651879999999,0.0,26.61892506909321,0.0,69.41289,0.0,22083,0,0.0005758023764265991,0.0,0.38813277938693136,0.0,0.15734456822144385,-1.0
63982060,20260207,144.41286,32.0,0.33754527999999956,0.0026328288,44.74125663970185,693.4125710828281,15.102200000000002,1.82633,12379,1,0.0036130406864748115,2.6812526812526813e-05,0.10457655917900942,0.0126465886572415,0.3981642699906829,20.669142846338374
63982405,20260207,33.76623376623377,29.2,0.037326949999999796,0.1033616448,13.783874653568073,34.06501455930238,0.51451,3.5210500000000007,2196,1,0.0017188478396994364,9.663703131039817e-05,0.015237411538461539,0.1042772451041708,-0.5279494981654769,0.16661005716608
63984594,20260207,1000.0,86.31,0.0028417199999998003,0.0,67.3676505778238,0.0,0.19144,0.0,6994,0,0.03509282488710487,0.0,0.00019144,0.0,-0.21946876864993867,-1.0
63985166,20260207,50.0,46.0,0.0192897799999996,0.3593258095089907,10.526299418656107,139.14909401923975,0.20305,50.0,4693,5,0.0284251968503937,0.0180437590890807,0.004061,1.0,-0.7711674039422585,2.024980304766081
63985726,20260207,4994.14603,1.0,6089.890448690001,2828.726619990513,0.7498611984033832,1.76551030383593,4566.572550000001,4994.1459960937445,160888,1496,0.11837833860643072,0.306655993088399,0.914385066549606,0.9999999999999988,-0.25013880159661683,0.7655103038359301
63985744,20260207,1000.0,86.31,0.0857126599999991,0.0142722037,6.0222142213297944,129.17282193625527,0.51618,1.84371,77376,7,0.03762875066867675,0.000347709118295,0.00051618,0.00184371,-0.9302257650176133,0.4966148255138461
63986072,20260207,1000.0,89.8,0.006625789999999401,0.0109046802,17.934465173211155,182.3590976012665,0.11882999999999999,1.98875,54611,10,0.0010150724626905897,1.1833886739070828e-05,0.00011882999999999999,0.00198875,-0.8002843521914126,1.0307248485967273
63986203,20260207,1000.0,82.32,0.2016738699999988,1.3946243770999995,18.910630316163527,83.78289390013141,3.8137799999999995,116.84575,3668213,1068,0.1538370210695833,0.002657334337319,0.0038137799999999997,0.11684575,-0.7702790292011233,0.0177708237455104
63986210,20260207,1000.0,82.32,0.997752289999999,0.0,1.8725790145768566,0.0,1.86837,0.0,14745,0,0.5102076124567474,0.0,0.00186837,0.0,-0.9772524415138866,-1.0
63986783,20260207,1000.0,30.49,0.029515359999999397,0.0039853355,7.6346688639408296,94.61571912349072,0.22534,0.37717,16219,2,1.0265189873417722,0.0043831168831168,0.00022534,0.00037717,-0.7496008899986609,2.1031721821499008
63987649,20260207,5.076142131979696,2.07,1.5329025399999994,0.0,0.7985439178670813,0.0,1.22409,0.0,48582,0,0.03132705700283724,0.0,0.24114572999999992,0.0,-0.6142299913685596,-1.0
63987864,20260207,138.91400000000002,3.0,7.335207660000001,0.0,3.962146860338511,0.0,29.06317,0.0,1273,0,0.08056962025316455,0.0,0.2092169975668399,0.0,0.32071562011283694,-1.0
63990159,20260207,1000.0,82.32,1.1119273199999975,7.28376555089099,5.475798544099099,137.2916049701886,6.08869,999.999999999999,3475783,1330,0.24096718731584896,0.0641698418686926,0.00608869,0.999999999999999,-0.9334815531572025,0.6677794640324889
63992188,20260207,221.95962,49.74,0.7805867899999986,0.0,15.255946106902503,0.0,11.90859,0.0,1284,0,0.00801498127340824,0.0,0.05365205617129819,0.0,-0.6932861659247587,-1.0
63993604,20260207,23.71317,4.5,6.438650769999999,0.0,3.4845048755455337,0.0,22.43551,0.0,31270,0,0.007909047221589903,0.0,0.9461202361388207,0.0,-0.22566558321210362,-1.0
63993656,20260207,1000.0,69.53,0.0997669799999984,0.0,27.10325600714829,0.0,2.70401,0.0,8407,0,0.013529127775989701,0.0,0.0027040099999999997,0.0,-0.6101933552833555,-1.0
63993812,20260207,82.3529411764706,2.06,7.230964519999999,0.0,1.849822380265254,0.0,13.375999999999998,0.0,1675,0,0.0027773171944951085,0.0,0.1624228571428571,0.0,-0.10202797074502234,-1.0
63994945,20260207,1000.0,24.0,41.13260980999996,27.84305523030472,17.640384195208465,35.915597473512555,725.59504,1000.0000000000005,466873,181,0.009917494588503198,0.0037534735183111,0.7255950400000001,1.0000000000000004,-0.26498399186631394,0.4964832280630231
63995216,20260207,200.0,188.17,1.0175264299999978,0.0289593379999999,97.2230667266306,607.4055489269497,98.92704,17.59067,929667,1,0.17165195716395865,1.827485380116959e-05,0.49463520000000005,0.08795335,-0.4833232357621799,2.227961709292257
63995643,20260207,10.638297872340424,10.0,0.44644648999999925,0.8144808424439318,3.960429837851346,13.061430568846966,1.7681199999999997,10.638298034667969,8027,5,0.005293109132871744,0.0549301242236024,0.16620328,0.9999999103546235,-0.6039570162148654,0.3061430568846965
63995756,20260207,18.64382,10.0,3.707415939999999,0.0,7.095586366821309,0.0,26.30629,0.0,132542,0,0.1252641527265854,0.0,1.4109924897365453,0.0,-0.2904413633178691,-1.0
63996213,20260207,148.11337000000006,14.0,1.8977082499999993,0.0,5.1224733833559535,0.0,9.720960000000002,0.0,10651,0,0.0005621856146777369,0.0,0.06563188724961155,0.0,-0.6341090440460034,-1.0
63996594,20260207,50.0,120.0,0.17424366999999868,0.0,63.45699674484636,0.0,11.05698,0.0,1837,0,0.003122556518782934,0.0,0.2211396,0.0,-0.471191693792947,-1.0
63996813,20260207,2738.002499999999,2.3,826.7561539400001,433.1022810278215,1.3900978354052935,6.3218379468856245,1149.2719399999999,2738.002441406242,49542,985,0.010018807255960686,0.1771122602631726,0.41974831651906824,0.999999999999997,-0.39560963678030714,1.7486252512827347
63996824,20260207,1000.0,27.5,6.685708749999997,24.18469639656043,19.060368132249263,41.34846029300413,127.43207000000001,999.9999999999992,247667,314,0.040129461898666494,0.0161480582877349,0.12743207,0.9999999999999992,-0.306895704281845,0.5035803742910593
63997152,20260207,69.34492,12.0,2.785368799999998,0.0,9.052226764369594,0.0,25.21379,0.0,33819,0,0.0018811220318053633,0.0,0.3635996695936775,0.0,-0.24564776963586712,-1.0
63997228,20260207,3.88989,3.37,0.707181539999999,0.1947718305617426,5.500553648501636,19.97141975244613,3.8898900000000003,3.8898899555206303,29994,4,0.055792410714285715,0.5,1.0000000000000002,0.999999754832632,0.6322117651340167,4.92623751651341
63998445,20260207,312.5,26.0,13.295130829999998,8.586498647268954,11.01057461350307,36.39434144732007,146.38702999999998,312.4999999999996,5212422,960,0.07173311167412794,0.0238558333246383,0.4684384959999999,0.9999999999999988,-0.5765163610191126,0.399782363358464
63999590,20260207,40.26390000000001,45.0,1.131787849999998,0.0689847695988631,24.45908038330686,583.6551652748318,27.682489999999998,40.26390075683593,16471,4,0.014351311318288752,0.0014063640657877,0.687526295266976,0.9999999999999998,-0.4564648803709587,11.970114783885151
64000136,20260207,1000.0,90.69,1.6932441799999993,0.0,77.56852883439414,0.0,131.34246000000002,0.0,15096,0,0.002574922817132038,0.0,0.13134246000000002,0.0,-0.14468487336647762,-1.0
64000141,20260207,1000.0,90.69,0.011348739999999899,0.0,26.224937746393216,0.0,0.2976199999999999,0.0,6385,0,0.005409641616538168,0.0,0.0002976199999999999,0.0,-0.7108287821546675,-1.0
64001234,20260207,1778.9946199999997,62.32,59.295215089999886,19.59886390439999,28.365778038701492,80.50314891684297,1681.9549100000002,1577.77034,2258570,6393,0.11300703989272544,0.0163818531208903,0.9454524994572499,0.8868887597316888,-0.5448366810221198,0.2917706885600145
64001556,20260207,1000.0,56.65,2.0478831699999986,0.0,18.462752443050753,0.0,37.80956,0.0,69330,0,0.0988592613717382,0.0,0.03780956,0.0,-0.6740908659655648,-1.0
64001859,20260207,1000.0,49.88,0.1730114699999995,0.0,7.538055135882052,0.0,1.3041699999999998,0.0,9581,0,0.018760524769923636,0.0,0.00130417,0.0,-0.8488762001627496,-1.0
64002001,20260207,1000.0,62.32,0.2421834799999985,0.5477278376999999,25.8219099007085,47.37221817451882,6.253640000000001,25.947130000000005,62783,161,0.048771071234366505,0.0078662601877534,0.00625364,0.02594713,-0.5856561312466544,-0.2398552887275902
64002534,20260207,1000.0,74.77,0.1737820499999994,0.2657591046,23.455126694615547,154.71927233731225,4.07608,41.11820999999999,25589,6,0.0073459838089223175,0.0039969439012498,0.00407608,0.0411182099999999,-0.6863029731895741,1.0692694835323324
64002649,20260207,59.33854,2.0,24.471188329999997,11.461021581638011,1.5503991669046997,5.177421011158541,37.940110000000004,59.338539123535135,2433,74,0.003844816687737042,0.0725190839694656,0.6393839484422772,0.9999999999999996,-0.22480041654765015,1.5887105055792703
64003385,20260207,7.6923076923076925,28.01,0.054841079999999195,0.0,22.938279114853657,0.0,1.2579600000000002,0.0,3262,0,0.002949367088607595,0.0,0.1635348,0.0,-0.18106822153325042,-1.0
64003833,20260207,2.6184865147944487,23.0,0.026782669999999204,0.0708575856201163,87.92737990648692,36.95369278829597,2.35493,2.6184864044189453,19370,11,0.02690651479372135,0.018030868521973,0.899347767,0.999999635791896,2.822929561151605,0.606682295143303
64003921,20260207,896.7005099999998,2.57,225.29017244999997,0.0,1.9243652543087217,0.0,433.54058,0.0,27229,0,0.002557818400435869,0.0,0.483484257190843,0.0,-0.2512197454051666,-1.0
64004668,20260207,1000.0,32.0,0.5324289999999983,0.0,43.09333263214452,0.0,22.944139999999997,0.0,118155,0,0.025785648814979703,0.0,0.02294414,0.0,0.34666664475451614,-1.0
64004784,20260207,16.216216216216218,1.18,1.51071968,0.2951253408,1.5725749994863374,1.6280823958225283,2.37572,0.48049,1092,1,0.006019845644983462,0.0003654970760233,0.1465027333333333,0.0296302116744956,0.33269067753079445,0.3797309052477071
64005031,20260207,1000.0,8.49,1.23163432,0.0,6.591412619940631,0.0,8.118209999999998,0.0,12273,0,0.011165393013100437,0.0,0.008118209999999997,0.0,-0.2236263109610564,-1.0
64005326,20260207,1000.0,24.56,0.027129089999999703,0.0419157201,0.0,22.505816241094685,0.0,0.94337,1242,2,0.07305882352941176,0.0044642857142857,0.0,0.00094337,-1.0,-0.0836393839379457
64005450,20260207,1000.0,23.0,0.0635592799999993,0.0,6.056078671753428,0.0,0.38492,0.0,1573,0,0.011373825018076645,0.0,0.00038491999999999997,0.0,-0.7366922316628944,-1.0
64005575,20260207,1000.0,6.38,2.129111579999998,0.0,2.8943386799859523,0.0,6.162369999999999,0.0,515162,0,0.0924024250251112,0.0,0.0061623699999999995,0.0,-0.5463418996887222,-1.0
64005608,20260207,341.5910099999999,25.0,3.260798799999999,0.0,10.870968181170825,0.0,35.44804,0.0,2483646,0,0.03214597179707875,0.0,0.10377333993655163,0.0,-0.565161272753167,-1.0
64005639,20260207,1000.0,24.0,0.0684589599999995,2.8765779741,1.7655833509594767,53.363374126735735,0.1208699999999999,153.50395999999998,1772,3,0.00010772560367677456,1.5197572588442272e-05,0.00012086999999999989,0.1535039599999999,-0.9264340270433551,1.2234739219473223
64006623,20260207,5.426270000000001,23.0,0.7075432399999988,0.3311057175464191,7.255146696052115,16.388281241459346,5.13333,5.426270008087158,304971,9,0.005848451259550183,0.0001381902357149,0.9460144814025103,0.999999824248674,-0.684558839302082,-0.2874660329800284
64007498,20260207,151.5151515151515,52.0,2.582542039999999,0.0,20.00568013986716,0.0,51.66551,0.0,2099736,0,0.010943751426775535,0.0,0.340992366,0.0,-0.6152753819256316,-1.0
64007547,20260207,41.66666666666666,6.5,0.0681534699999993,1.207638970166139,0.0,34.50255785463959,0.0,41.66666793823244,3976,64,0.01602579604997985,0.2264591730108971,0.0,1.0000000000000004,-1.0,4.308085823790706
64008712,20260207,1000.0,30.0,3.5522793399999983,0.0,22.84602989583585,0.0,81.15548000000001,0.0,232695,0,0.018681058428734285,0.0,0.08115548000000002,0.0,-0.23846567013880496,-1.0
64008942,20260207,622.48078,32.4,18.868238960000006,4.251255456193014,26.4995583880394,146.42277649916497,500.0,622.4807739257817,218760,622,0.02131208230228163,0.0193983410110516,0.8032376517713528,1.0000000000000009,-0.18211239543088267,3.519221284054955
64009066,20260207,1000.0,32.66,0.0194871499999997,0.0,18.601488673305514,0.0,0.36249,0.0,1287,0,0.04784386617100372,0.0,0.00036249,0.0,-0.43045043866180294,-1.0
64009550,20260207,1000.0,49.88,1.2629517299999993,0.0,8.9324395636245,0.0,11.28124,0.0,17244,0,0.0561328125,0.0,0.01128124,0.0,-0.820921420135836,-1.0
64009920,20260207,650.6762800000001,2.3,108.41929587999999,0.0,1.5695649802812575,0.0,170.17113,0.0,12907,0,0.02348435225618632,0.0,0.2615296349822372,0.0,-0.31758044335597496,-1.0
64010195,20260207,1000.0,74.77,0.8510355300000001,3.606808923900001,3.2668318795103652,61.662481442747136,2.78019,222.40485,55563,53,0.4206131718395155,0.0036519188451765,0.00278019,0.22240485,-0.9563082535841867,-0.1753044775819815
64010536,20260207,1000.0,23.0,0.0528086599999999,0.0,27.82365619578309,0.0,1.46933,0.0,2753,0,0.008030921820303384,0.0,0.00146933,0.0,0.20972418242535176,-1.0
64011512,20260207,2.76675,16.0,0.2824856699999984,0.0671781121256744,2.1968193997238985,41.18467794124639,0.6205699999999998,2.7667500972747803,1011639,4,0.16545459005936902,0.002020202020202,0.22429565374536906,0.9999996553089532,-0.8626987875172564,1.5740423713278997
64011906,20260207,1000.0,49.88,1.2094083999999978,0.0,3.834354052774901,0.0,4.637300000000001,0.0,86260,0,0.9051416579223505,0.0,0.0046373000000000004,0.0,-0.9231284271697093,-1.0
64012844,20260207,1000.0,33.75,0.0253990099999997,0.0,39.24286812753771,0.0,0.9967299999999999,0.0,1932,0,0.01932,0.0,0.00099673,0.0,0.1627516482233396,-1.0
64014502,20260207,1000.0,64.61,2.4498727499999977,0.0,2.6086742668573324,0.0,6.39092,0.0,156560,0,0.7364063969896519,0.0,0.0063909200000000005,0.0,-0.9596242955137388,-1.0
64014589,20260207,1000.0,43.12,3.8417100199999994,0.0,1.8932532549658712,0.0,7.2733300000000005,0.0,226633,0,0.4300436432637571,0.0,0.007273330000000001,0.0,-0.9560933846250957,-1.0
64014727,20260207,1000.0,43.12,0.11994653999999959,0.0,9.042611816897793,0.0,1.08463,0.0,476200,0,0.12059665206270419,0.0,0.00108463,0.0,-0.7902919337454128,-1.0
64014794,20260207,2172.01885,288.0,8.338364969999994,0.0,231.43574033315574,0.0,1929.7956700000004,0.0,92767,0,0.02794691811773212,0.0,0.8884801667352015,0.0,-0.1964036793987648,-1.0
64017299,20260207,1000.0,29.2,11.781729349999996,20.14617081737009,23.01896452917585,49.63722185362267,271.20320999999996,1000.0,695731,309,0.09208637759423972,0.016422953822701,0.27120321,1.0000000000000002,-0.21167929694603252,0.6999048135855556
64017952,20260207,1000.0,45.04,6.04706318,0.0,20.935810695465563,0.0,126.60017,0.0,91636,0,0.04819142782014199,0.0,0.12660017,0.0,-0.5351729419301606,-1.0
64018079,20260207,1000.0,43.12,0.0151912799999996,0.187434123,22.66102658893846,44.81027816755561,0.34425,8.39902,13490,118,0.06728179551122195,0.1136934798209784,0.00034425,0.00839902,-0.47446598819716,0.0391994266590989
64018092,20260207,27.77777777777778,35.0,0.705890379999999,0.0171551094,14.566723518742407,80.69428608330044,10.28251,1.3844,44519,1,0.03589373538660002,6.944444444444444e-05,0.37017036,0.0498383950569218,-0.5838078994645026,1.305551030951441
64018462,20260207,1000.0,64.61,0.00239328,0.0,0.0,0.0,0.0,0.0,12102,0,0.716094674556213,0.0,0.0,0.0,-1.0,-1.0
64018532,20260207,1000.0,43.12,0.0075473099999993,0.0014425413999999,5.2535274157287395,48.08313776106457,0.03965,0.06941,17162,2,0.3730869565217391,0.0061111111111111,3.9649999999999995e-05,6.941e-05,-0.8781649486148251,0.1151006250491775
64018637,20260207,1000.0,32.2,0.2057294599999997,0.0,2.7760730038371797,0.0,0.5711200000000001,0.0,7475,0,0.1465686274509804,0.0,0.00057112,0.0,-0.913786552675864,-1.0
64018926,20260207,1000.0,14.0,0.05026751,6.790247362400001,11.246429353671983,17.882177293406507,0.56533,121.4244250827,2468,64,0.009636860601327606,0.0139822425497095,0.00056533,0.1214244250827,-0.19668361759485833,0.2772983781004647
64019380,20260207,1000.0,39.33,0.025509199999999798,0.0,7.321672181017102,0.0,0.18677,0.0,3554,0,0.034238921001926784,0.0,0.00018677,0.0,-0.8138400157381871,-1.0
64019817,20260207,248.75621890547265,600.0,0.0269656999999989,0.0,21.850350630616823,0.0,0.58921,0.0,1030,0,0.0033594259621656884,0.0,0.0023686242,0.0,-0.9635827489489719,-1.0
64020441,20260207,193.69960000000003,2.61,10.769538549999998,0.0,1.0929456211473425,0.0,11.77052,0.0,1050,0,0.0030585493737256045,0.0,0.06076687819696064,0.0,-0.5812468884492941,-1.0
64020537,20260207,40000.0,1.56,1525.4624940200001,12544.129166928691,1.2181481926199602,3.1887426751206505,1858.23938,39999.99999999991,845119,7884,0.04100310027121309,0.0822142974919854,0.0464559845,0.9999999999999978,-0.219135773961564,1.0440658923609225
64020651,20260207,1000.0,7.0,3.29447241,0.0,6.385538375171883,0.0,21.03698,0.0,46180,0,0.06013803880713635,0.0,0.02103698,0.0,-0.0877802321183024,-1.0
64020690,20260207,1000.0,28.88,1.5438875499999989,0.0,30.17993117439158,0.0,46.59442000000001,0.0,69804,0,0.009062629829663481,0.0,0.046594420000000004,0.0,0.045011467257326215,-1.0
64020711,20260207,1000.0,28.88,1.0800372399999991,0.0,33.37977494183444,0.0,36.0514,0.0,53771,0,0.0032712793463646707,0.0,0.036051400000000004,0.0,0.15580938164246683,-1.0
64021638,20260207,380.56766,3.0,151.39981512,66.3671123367806,1.5370415731059843,5.734280705256964,232.70781,380.5676574707031,53398,427,0.012248371410221122,0.0427427427427427,0.6114755257974364,1.0,-0.4876528089646719,0.9114269017523212
64021741,20260207,1000.0,23.81,2.003387719999999,0.0,17.910936381301177,0.0,35.88255,0.0,26675,0,0.005235011284466687,0.0,0.03588255,0.0,-0.2477557168710131,-1.0
64021769,20260207,502.20883,2.57,116.80017328000002,148.83393463513664,1.7394896282640169,3.374289805910019,203.17269,502.20883178710943,9418,125,0.0017058503894222061,0.0051357902954106,0.40455817951269396,1.0000000000000002,-0.3231557866676977,0.3129532659763056
64023756,20260207,1000.0,166.08,2.9452991699999984,0.0,11.11577402169302,0.0,32.73928,0.0,153461,0,0.52411543715847,0.0,0.03273928,0.0,-0.9330697614300757,-1.0
64024405,20260207,0.4539,22.5,0.0289970499999996,0.0,9.141274715876394,0.0,0.2650699999999999,0.0,1239,0,0.015372208436724566,0.0,0.5839832562238376,0.0,-0.5937211237388269,-1.0
64024543,20260207,33.333333333333336,3.62,12.361320649999998,3.545927019302125,1.168799063553133,9.400453669763971,14.4479,33.333332061767564,11659,20,0.009005174944002471,0.0166755840913144,0.43343699999999996,0.9999999999999996,-0.6771273305101843,1.59681048810645
64024748,20260207,106.53732000000002,2.5,57.40553908,29.888169445922763,1.522462664764858,3.5645314319525467,87.39778999999999,106.53732299804686,6898,36,0.008261077844311378,0.0439343282896173,0.8203490570252749,1.0,-0.3910149340940568,0.4258125727810187
64025102,20260207,282.86702,11.54,27.54282164,10.092573852864843,4.565515895342378,28.027241713428104,125.74719000000002,282.8670349121091,116351,132,0.13538631603444262,0.0269357011867567,0.44454524956638636,0.999999999999999,-0.6043747057762238,1.4287037960204334
64026285,20260207,1000.0,27.12,1.8919629599999992,0.0,21.427496656699887,0.0,40.54003,0.0,3076,0,0.005333795734350616,0.0,0.040540030000000005,0.0,-0.2099005657559039,-1.0
64026292,20260207,1000.0,27.12,0.0242268099999998,0.0443147734999999,0.0,71.66793557151836,0.0,3.1760200000000003,1669,3,0.32725490196078433,0.0694444444444444,0.0,0.00317602,-1.0,1.642622911273634
64026424,20260207,1000.0,26.25,0.0670519899999999,0.0,8.490724883780496,0.0,0.56932,0.0,4038,0,0.029367272727272728,0.0,0.00056932,0.0,-0.6765438139512193,-1.0
64027513,20260207,1000.0,16.17,0.7005172699999995,7.332197032399205,1.1556745774447506,136.38475060019422,0.8095699999999997,1000.0000000000005,6708,26,0.004238862559241706,0.0094359217377398,0.0008095699999999997,1.0000000000000004,-0.9285297107331633,7.434431042467422
64029184,20260207,9.71446,12.0,0.37187876999999925,0.7874847659433164,1.31978493959201,12.336045669711895,0.4908,9.714460372924805,21846,13,0.002001484209658357,0.0009040841125972,0.05052262297647012,0.9999999018294186,-0.8900179217006658,0.0280038058093247
64029548,20260207,1000.0,26.3,2.3800731099999988,0.0,20.342488554899905,0.0,48.41661,0.0,91557,0,0.003833772302641772,0.0,0.04841661,0.0,-0.2265213477224371,-1.0
64029570,20260207,1000.0,26.5,0.18796249999999898,0.0,24.148433863137722,0.0,4.539,0.0,14283,0,0.009091082680924194,0.0,0.004539,0.0,-0.08873834478725577,-1.0
64029589,20260207,1000.0,30.0,3.040580139999999,0.0,23.005876108892835,0.0,69.95121,0.0,129753,0,0.007055052605823342,0.0,0.06995121,0.0,-0.2331374630369055,-1.0
64029718,20260207,1000.0,2.75,337.58636083,139.0468788872473,2.0149579157392052,7.191819052760455,680.22231,999.9999999999995,1576390,213,0.033443795016495,0.0425943529936489,0.68022231,0.9999999999999996,-0.267288030640289,1.6152069282765291
64030368,20260207,1000.0,20.04,0.1709647999999997,0.4706813145999999,9.089473388674174,22.140984856965357,1.5539799999999997,10.42137,8809,2,0.011753168779186125,0.0005527804426213,0.0015539799999999997,0.01042137,-0.5464334636390132,0.1048395132462359
64031354,20260207,1000.0,102.01,0.0032945899999997997,0.0,87.33104877997489,0.0,0.28772,0.0,6695,0,0.04237341772151899,0.0,0.00028772,0.0,-0.1438971789042752,-1.0
64032557,20260207,67.92190000000001,30.55,2.619258649999999,0.0,26.48915944211925,0.0,69.38195999999999,0.0,128477,0,0.06437368473794969,0.0,1.0214961595597294,0.0,-0.13292440451328158,-1.0
64033273,20260207,1172.770339999999,25.52,1.0628980399999992,26.825600204945324,17.330335842937497,43.71832626535817,18.42038,1172.770385742185,45303,473,0.0013085486181717348,0.0279550827423167,0.01570672396097604,0.999999999999998,-0.32091160490056825,0.7131005282587376
64035082,20260207,1857.1991,86.3,6.387757870000003,0.2430868653,63.26328709137495,94.33864570614584,404.11055999999996,22.93258,93297,17,0.004279404074967663,0.0003054722944955,0.21759140417416742,0.0123479383772041,-0.26693757715672134,0.0931476520292461
64036941,20260207,54.87098999999999,26.53,0.980953379999999,0.0,19.523894193626226,0.0,19.15203,0.0,38575,0,0.012848910798747585,0.0,0.3490374421893974,0.0,-0.2640823899877035,-1.0
64037275,20260207,172.63347,27.0,4.064382159999998,0.0,28.75051001601681,0.0,116.85306,0.0,243669,0,0.0034903448246225953,0.0,0.676885310826458,0.0,0.06483370429691894,-1.0
64037396,20260207,1000.0,20.15,1.8310180599999986,0.0,10.025613838019714,0.0,18.357079999999996,0.0,40967,0,0.04860821072615092,0.0,0.018357079999999998,0.0,-0.5024509261528678,-1.0
64037536,20260207,15.426750000000004,12.1,2.6784263699999986,0.0,4.468728404880514,0.0,11.969159999999999,0.0,20875,0,0.016412453809261734,0.0,0.7758704847100002,0.0,-0.6306836029024369,-1.0
64040144,20260207,500.0,1.6,21.039017819999998,112.21189740950588,0.6015523209438491,4.45585545817344,12.65607,500.0000000000002,2695,161,0.012216681776971895,0.4286111111111111,0.02531214,1.0000000000000004,-0.6240297994100943,1.784909619860013
64040948,20260207,208.86075949367088,12.0,14.615005989999997,4.672078256000001,6.131463104518373,15.566169156185214,89.61137,72.72637600999998,6534,43,0.44448979591836735,0.3502673796791444,0.42904837757575753,0.3482050662553368,-0.4890447412901356,0.2971807630154345
64048356,20260207,1062.3138600000002,50.18,47.016990050000004,0.0900498815,22.246369427045014,65.00758129724693,1045.9573299999997,5.8539900000000005,124130,2,0.009849867483455269,1.6832461715851066e-05,0.984602921400272,0.0055106031422095,-0.5566686044829611,0.2954878617356598
64048419,20260207,793.6428571428571,2.67,3.1898601900000005,0.0,1.0692443545621348,0.0,3.4107399999999997,0.0,2208,0,0.01645305514157973,0.0,0.004297575375753758,0.0,-0.5995339496021966,-1.0
64049764,20260207,500.0,18.0,2.6773620199999986,0.0,10.952893101845083,0.0,29.32486,0.0,531162,0,0.03510955997541097,0.0,0.05864972,0.0,-0.3915059387863843,-1.0
64053215,20260207,1000.0,22.98,2.220473769999999,0.0,11.984730628004675,0.0,26.611779999999996,0.0,42559,0,0.0010053599986771268,0.0,0.026611779999999995,0.0,-0.4784712520450533,-1.0
64055756,20260207,145.76475000000008,12.0,18.89065399,6.696927392860188,7.020497017742476,21.765912176159443,132.62178,145.76475524902344,30880,19,0.0020010238399180928,0.0083333333333333,0.9098343735368114,1.0,-0.4149585818547937,0.8138260146799535
64055857,20260207,1000.0,38.0,0.07085108999999959,0.0,39.02593453396434,0.0,2.7650299999999994,0.0,2465,0,0.006653171390013495,0.0,0.0027650299999999995,0.0,0.026998277209587866,-1.0
64058792,20260207,6.172839506172839,12.1,0.0019256899999998997,0.225379653919881,0.0,27.388507106583265,0.0,6.172839641571045,1023,7,0.012598522167487684,0.1147186147186147,0.0,0.999999845504788,-1.0,1.2635129126546785
64059274,20260207,4187.775039999999,10.0,6.103125859999999,0.0,5.705325565742143,0.0,34.820319999999995,0.0,26122,0,0.00385263188944442,0.0,0.00831475417552515,0.0,-0.4294674434257857,-1.0
64059312,20260207,2.48044,13.0,0.0393387199999998,0.0361464430449648,0.0,68.62006527727105,0.0,2.4804399013519287,6263,1,0.017158904109589042,0.0204081632653061,0.0,0.9999996423721312,-1.0,4.278466559790081
64059848,20260207,33.373839999999994,14.0,3.2924306599999986,0.0,7.6870259736920366,0.0,25.309000000000005,0.0,174403,0,0.03015944109153164,0.0,0.7583484549575359,0.0,-0.4509267161648545,-1.0
64060132,20260207,1000.0,114.63,0.00028414,0.0,0.0,0.0,0.0,0.0,3555,0,0.1615909090909091,0.0,0.0,0.0,-1.0,-1.0
64061252,20260207,1000.0,62.0,0.13465896999999957,0.0,37.05568221708524,0.0,4.989879999999999,0.0,1678,0,0.0049352941176470586,0.0,0.0049898799999999995,0.0,-0.4023277061760445,-1.0
64062292,20260207,1321.44021,800.0,2.2271656199999987,0.0,543.0586702393514,0.0,1209.4815999999998,0.0,38700,0,387.0,0.0,0.9152753116238228,0.0,-0.32117666220081076,-1.0
64062322,20260207,7.8125,14.49,0.3224895099999992,0.3502595101437966,2.866480835299115,22.30482676106605,0.92441,7.8125,4665,2,0.009024956471271038,0.0123717008797653,0.11832448,0.9999998779297024,-0.8021752356591363,0.5393255426769983
64062508,20260207,3.7593984962406015,12.0,0.07950597999999971,0.0262495062562026,0.0,143.2124174557541,0.0,3.759398460388184,2481,2,0.009631211180124223,0.037037037037037,0.0,0.9999997463226936,-1.0,10.934368121312842
64070901,20260207,16.666666666666668,7.15,0.18408316999999957,0.5749178755384211,2.875548047113711,28.989596167416103,0.52934,16.66666603088379,22140,4,0.014451697127937337,0.0097126436781609,0.0317604,0.9999998855590908,-0.5978254479561245,3.0544889203846024
64073068,20260207,1013.3127800000002,12.92,44.13809028,49.88659110965164,13.419031413517695,20.312327668093733,592.29042,1013.3128051757834,539831,330,0.024098737545087675,0.0117071094082588,0.5845089805341248,1.0000000000000022,0.03862472240849034,0.5721615749340034
64073560,20260207,62.5,1.39,27.034988699999996,15.534581614705536,0.7600576507731258,4.023281574416779,20.54815,62.500000000000014,4967,28,0.0009770827185993903,0.039296179435123,0.3287704,1.0000000000000002,-0.4531959346955929,1.8944472056274664
64073567,20260207,1000.0,5.38,0.0058745699999998,41.69334406260394,6.220029721324497,23.98464307669405,0.03654,999.9999999999995,13883,2315,0.00218760833254546,0.1503379374299746,3.6540000000000006e-05,0.9999999999999996,0.1561393534060404,3.4581120012088515
64074041,20260207,1000.0,5.38,0.0044572,44.791828322467936,0.0,22.32550032285445,0.0,999.9999999999994,5315,2303,0.0008910758294633427,0.209206378108948,0.0,0.9999999999999994,-1.0,3.1497211613302145
64075202,20260207,16.138539999999995,8.3,0.23027221999999897,0.1743870789492756,3.809968914183413,92.54382733718036,0.87733,16.138540267944336,1729,85,6.995128898095254e-05,0.0048790403592293,0.05436241444393361,0.999999881814069,-0.5409676007007936,10.149858459098024
64081848,20260207,1000.0,96.08,0.0024119499999999,0.0123606574,0.0,35.36338096540356,0.0,0.43715,8472,6,0.03788908765652952,0.0032147645188755,0.0,0.00043715,-1.0,-0.6319381734860301
64082498,20260207,130.62899000000007,2.5,71.42236495999998,30.818504219601397,1.823401816404933,4.238654068817775,130.23167,130.62898254394528,25097,127,0.005292381012631534,0.0285650022492127,0.9969584086962621,0.9999999999999998,-0.2706392734380268,0.6954616275271099
64083791,20260207,125.47337,14.0,1.6046278199999997,0.0,7.512720301708345,0.0,12.055120000000002,0.0,6230,0,0.0017661233167965982,0.0,0.09607711979043841,0.0,-0.4633771213065468,-1.0
64084611,20260207,1000.0,56.65,0.09727164999999979,0.5148075301999999,5.814849444827976,140.822161536126,0.56562,72.49645,11884,5,0.7569426751592356,0.0298850574712643,0.00056562,0.0724964499999999,-0.8973548200383411,1.4858280272383664
64085364,20260207,1000.0,49.13,0.0128713099999998,0.0491351771,0.0,49.95097593784925,0.0,2.4544,1318,3,0.5990909090909091,0.125,0.0,0.0024544,-1.0,0.0167102554831169
64085968,20260207,1000.0,50.24,0.08074559999999971,0.1494995501,5.200902587880968,188.19121388637623,0.41995,28.134690000000003,16865,11,0.8108173076923076,0.0260441999572434,0.00041995,0.02813469,-0.8964788497635158,2.745844100300583
64086199,20260207,1000.0,32.2,0.021028999999999798,0.0,31.227352703409878,0.0,0.65668,0.0,4888,0,0.9584313725490196,0.0,0.0006566800000000001,0.0,-0.03020643778230202,-1.0
64087348,20260207,1000.0,23.0,7.090138969999995,25.661913067894623,14.252329951157503,38.96825456410877,101.05099999999993,1000.0000000000016,28037,824,0.004352219807513194,0.054388035652722,0.10105099999999993,1.0000000000000018,-0.3803334803844564,0.6942719375699464
64087378,20260207,1000.0,23.0,8.417212959999997,26.74747667844498,11.556155281118139,37.386702851830826,97.27062000000001,1000.0000000000002,132932,227,0.0016094767977547816,0.0117775241257652,0.09727062,1.0000000000000002,-0.4975584660383418,0.6255088196448185
64087380,20260207,1000.0,23.0,5.341132769999998,0.0,9.887792023563573,0.0,52.812009999999994,0.0,40541,0,0.0082201585595815,0.0,0.05281200999999999,0.0,-0.5700959989754968,-1.0
64089175,20260207,1000.0,73.7,0.17912126999999922,2.4961940563,20.788318439234025,175.49354121761868,3.72363,438.06611,12349,7,0.00033690086128109083,1.1736828356284855e-05,0.00372363,0.43806611,-0.7179332640538124,1.3811879034522043
64089368,20260207,1000.0,85.14,0.13389580999999962,0.0,22.593761522485345,0.0,3.0252099999999995,0.0,1806,0,0.03248201438848921,0.0,0.0030252099999999995,0.0,-0.7346281240018165,-1.0
64090050,20260207,1000.0,64.77,20.956791710000005,0.0,21.97250401550133,0.0,460.47319000000005,0.0,59704,0,0.009745364324889006,0.0,0.46047319000000003,0.0,-0.6607610928593279,-1.0
64094719,20260207,72.20216606498195,3.4,0.29324328,14.607462231693628,0.0,4.942827002270521,0.0,72.20216369628906,11408,14,0.00128044537230341,0.4666666666666667,0.0,1.0,-1.0,0.4537726069494003
64096983,20260207,1000.0,30.2,4.301334859999997,0.0,15.664290782513046,0.0,67.37736,0.0,366253,0,0.011189857870873917,0.0,0.06737736,0.0,-0.48131487475122364,-1.0
64096986,20260207,1000.0,30.2,1.7647528099999983,0.0,17.569310457706557,0.0,31.00549,0.0,208944,0,0.016340217875827984,0.0,0.03100549,0.0,-0.41823475305607427,-1.0
64096993,20260207,1000.0,30.2,0.007004280000000001,0.0,21.237015082206877,0.0,0.14875,0.0,1569,0,0.004303346132748217,0.0,0.00014874999999999998,0.0,-0.2967875800593749,-1.0
64097468,20260207,15.625,21.06,0.01136528,0.07578481,15.553510340264385,22.161932425080632,0.17677,1.6795600000000002,1350,1,0.028421052631578948,0.0007836990595611,0.01131328,0.1074918334392191,-0.2614667454765249,0.0523235036601146
64099890,20260207,1000.0,30.66,10.770363810000001,23.67190367063136,17.179383469684296,42.244171473056575,185.02821,1000.0,177015,159,0.003985738120917497,0.0023695976154992,0.18502821,1.0000000000000002,-0.43968090444604385,0.3778268650781562
64100045,20260207,1000.0,78.48,9.415157989999997,7.8826388905311155,14.21527393827621,126.86105338913592,133.83905,1000.0000000000005,1045565,866,0.021621926227389378,0.0012327938774618,0.13383905,1.0000000000000004,-0.8188675594001502,0.616476146314129
64101329,20260207,1000.0,33.75,4.079179259999999,0.0,28.256752805710242,0.0,115.26436000000001,0.0,311871,0,0.036705820043547346,0.0,0.11526436000000001,0.0,-0.16276287983080764,-1.0
64101372,20260207,416.6666666666667,160.0,0.7412095499999974,0.0067385877999999,49.9585710950434,50.1499513071111,37.02977,0.33799,120200,1,0.0036913287555124254,1.8595379420121688e-06,0.08887144799999999,0.0008111760198041,-0.6877589306559788,-0.6865628043305556
64101541,20260207,72.20216606498195,3.4,3.3380556999999995,0.0,3.9490653196709693,0.0,13.1822,0.0,49177,0,0.006359533416097662,0.0,0.18257347,0.0,0.1614897999032263,-1.0
64101656,20260207,1000.0,23.72,0.0067011299999999,0.0286856973,0.0,48.36388049453153,0.0,1.3874000000000004,13262,11,0.6907291666666666,0.0618055555555555,0.0,0.0013874,-1.0,1.0389494896529106
64101730,20260207,1000.0,30.0,0.9053556099999988,0.0,21.816410901789215,0.0,19.75161,0.0,127759,0,0.0038298210378008932,0.0,0.01975161,0.0,-0.27278630327369285,-1.0
64101770,20260207,72.20216606498195,3.4,4.905490569999999,0.0,1.4534876580141916,0.0,7.13007,0.0,40501,0,0.0052632194513391635,0.0,0.0987514695,0.0,-0.572503629995826,-1.0
64102348,20260207,88.35518000000002,30.0,2.656512339999998,0.0,25.802266741964413,0.0,68.54404000000001,0.0,95603,0,0.06496975874957527,0.0,0.775778398052044,0.0,-0.13992444193451956,-1.0
64102891,20260207,1000.0,1.19,4.1478693699999996,0.0,0.9946311303434324,0.0,4.1256,0.0,5381,0,0.014104849279161205,0.0,0.0041256,0.0,-0.16417552071980465,-1.0
64104000,20260207,1000.0,42.0,0.0751657799999997,0.0156222231999999,0.0,96.59978486385576,0.0,1.5092,5927,1,0.750253164556962,0.0384615384615384,0.0,0.0015092,-1.0,1.299994877710852
64104600,20260207,1000.0,3.32,1.9686378299999996,0.0,1.252144992052703,0.0,2.46502,0.0,101155,0,0.04687224873731523,0.0,0.00246502,0.0,-0.6228478939600292,-1.0
64105048,20260207,11.616680000000002,2.37,4.914132839999999,0.0,0.9571739619476793,0.0,4.70368,0.0,204118,0,0.09910565158283162,0.0,0.4049074262181621,0.0,-0.5961291299798821,-1.0
64105429,20260207,243.90243902439025,23.0,4.475637399999998,0.0,22.946007645748967,0.0,102.69801,0.0,16314,0,0.00044002103815187925,0.0,0.421061841,0.0,-0.002347493663088391,-1.0
64105743,20260207,250.0,2.0,10.7845097,0.0,1.5314947512171093,0.0,16.51642,0.0,1068,0,0.01706070287539936,0.0,0.06606568,0.0,-0.23425262439144534,-1.0
64106409,20260207,1000.0,42.0,0.0010545499999999,0.0003761164,0.0,64.91364469962059,0.0,0.02448,4593,1,0.9772340425531915,0.0357142857142857,0.0,2.448e-05,-1.0,0.5455629690385855
64107218,20260207,2941.176470588235,1.0,3.578357160000001,0.0,0.6744827003238546,0.0,2.41354,0.0,6855,0,0.0591458153580673,0.0,0.0008206035999999999,0.0,-0.3255172996761454,-1.0
64107502,20260207,44.82459000000001,33.6,2.6897931699999997,0.0,16.434334242881583,0.0,44.20496,0.0,108486,0,0.031283811061768266,0.0,0.986176560677967,0.0,-0.5108829094380481,-1.0
64109107,20260207,1000.0,35.2,4.07243594,0.0,26.159171456482138,0.0,106.53155000000001,0.0,262638,0,0.010757856276829307,0.0,0.10653155000000002,0.0,-0.25684171998630295,-1.0
64110035,20260207,228.48797,91.53,7.419097219999999,0.0,26.11490107956828,0.0,193.74899000000002,0.0,25890,0,0.010469912649627952,0.0,0.8479614484736331,0.0,-0.7146847910022038,-1.0
64110204,20260207,1000.0,36.3,0.1696203099999998,0.0,24.23377247689268,0.0,4.110539999999999,0.0,2833,0,0.026014692378328742,0.0,0.004110539999999999,0.0,-0.33240296206907216,-1.0
64110714,20260207,1000.0,36.3,0.1641843199999998,0.0,52.67926925055943,0.0,8.649109999999999,0.0,2834,0,0.05162112932604736,0.0,0.008649109999999998,0.0,0.4512195385829045,-1.0
64111322,20260207,23.80952380952381,8.81,0.11075783999999969,1.7206715638758856,3.904915444360429,13.83733607194903,0.43250000000000005,23.80952453613281,1304,12,0.02015455950540958,0.2218253968253968,0.018165,0.9999999198913664,-0.5567632866787255,0.5706396609401135
64111471,20260207,1000.0,38.5,2.0190682599999996,0.0,20.884593569907345,0.0,42.16742000000001,0.0,28334,0,0.11388263665594855,0.0,0.042167420000000004,0.0,-0.45754302415825077,-1.0
64111607,20260207,1000.0,182.73,0.1834367599999988,0.0,77.35074474712752,0.0,14.18897,0.0,3688,0,0.0034078728515985956,0.0,0.014188969999999999,0.0,-0.5766937845612241,-1.0
64112092,20260207,27.03299,14.96,1.4194985899999988,0.0,5.689149715886654,0.0,8.07574,0.0,100189,0,0.013510936699301453,0.0,0.29873646977267404,0.0,-0.6197092435904643,-1.0
64112353,20260207,13.764770000000002,3.15,1.3811626599999993,0.0,3.1148177724410835,0.0,4.30207,0.0,1321,0,0.007314507198228129,0.0,0.31254209115008813,0.0,-0.011168961129814739,-1.0
64113058,20260207,1000.0,18.66,1.8662625299999995,0.0,10.210674915066747,0.0,19.055799999999998,0.0,122937,0,0.006077926315581308,0.0,0.019055799999999998,0.0,-0.45280413102536193,-1.0
64113541,20260207,65.18745999999999,15.0,8.433780029999998,2.4976746321203724,7.209028428975994,26.0992504449776,60.79936,65.18746185302733,269827,18,0.04162134230051366,0.0002465685871619,0.9326849059619751,0.9999999999999998,-0.5193981047349338,0.7399500296651731
64114179,20260207,200.0,270.0,0.0522963199999992,0.0,82.62799370969249,0.0,4.32114,0.0,3209,0,0.011239929947460595,0.0,0.0216057,0.0,-0.6939703936678057,-1.0
64114440,20260207,609.6625099999999,1.0,111.51835625000001,163.18015813613684,2.586153882625937,3.736131523885011,288.40362999999996,609.6625366210935,11209,178,0.005964137490688518,0.0333239469202588,0.4730545593167604,0.9999999999999996,1.5861538826259372,2.736131523885011
64114731,20260207,814.7297199999998,1.0,1020.60950375,496.3135682556998,0.7809207410586979,1.641562485486626,797.01513,814.7297363281252,25262,279,0.018622926649465535,0.0918185506138771,0.9782570961078972,1.0000000000000002,-0.2190792589413021,0.641562485486626
64115407,20260207,17.81497,1.0,39.86770361,10.61839981970613,0.44141092680306493,1.6777451067224387,17.598039999999997,17.814970016479492,10906,4,0.00822535636171657,0.0060150375939849,0.987823162205718,0.9999998929356364,-0.5585890731969351,0.6777451067224387
64115681,20260207,6.819940000000001,1.8,8.570856709999997,0.0,0.7909804386404218,0.0,6.779380000000001,0.0,20773,0,0.03970374617737003,0.0,0.9940527336017618,0.0,-0.5605664229775434,-1.0
64115785,20260207,50.0,17.88,0.3712790499999995,1.2613282102945391,10.885639790340997,39.6407215435249,4.0416099999999995,50.0,2740,26,0.019912790697674418,0.0647285107468173,0.08083219999999999,1.0,-0.39118345691605155,1.2170426959810503
64116760,20260207,1000.0,9.0,0.1684579899999996,54.1060971626829,4.504149669600128,18.482205037096985,0.75876,1000.0000000000016,143384,1206,0.016324244321739626,0.0828330519891513,0.00075876,1.0000000000000016,-0.49953892559998575,1.05357833745522
64117220,20260207,230.21069000000008,20.91,0.46890148999999876,9.23087645111719,7.614157933258025,24.93919939664166,3.570289999999999,230.2106933593749,41787,122,0.0005780387600116197,0.0005845233516812,0.015508793271068333,0.9999999999999996,-0.6358604527375407,0.1926924714792963
64117240,20260207,46.206500000000005,3.0,17.648889509999997,6.747905751129116,2.516745882217266,6.847531050921595,44.41777,46.20650100708008,11820,78,0.03323025021085184,0.0715437788018433,0.9612883468776037,1.0,-0.16108470592757795,1.2825103503071984
64117651,20260207,1000.0,1.0,151.93433550000003,319.7885447513289,0.48836360626331227,3.127066348328849,74.1992,1000.0000000000013,1331088,3177,0.02246615109892892,0.0532593318133185,0.0741992,1.000000000000001,-0.5116363937366877,2.127066348328849
64117807,20260207,1000.0,1.0,2.9893909799999987,0.0,0.5779136993314942,0.0,1.7276099999999999,0.0,30216,0,0.001591807061352214,0.0,0.0017276099999999999,0.0,-0.42208630066850583,-1.0
64118118,20260207,11.77282,260.0,0.09289077999999928,0.0,68.46610610870152,0.0,6.35987,0.0,1267,0,0.0006213525575008582,0.0,0.5402163627745944,0.0,-0.7366688226588403,-1.0
64119370,20260207,1000.0,9.0,0.0704013999999996,51.458521815349286,3.5968034726582347,19.43312682309871,0.25322,1000.0000000000013,26653,1466,0.00498904966025869,0.1350545224721308,0.00025322,1.000000000000001,-0.6003551697046405,1.1592363136776345
64119491,20260207,1000.0,48.12,0.6322206899999991,0.0,1.9215600172781464,0.0,1.21485,0.0,39529,0,0.7416322701688556,0.0,0.00121485,0.0,-0.9600673313117593,-1.0
64119946,20260207,1000.0,9.0,0.0419825599999997,50.2996024392303,0.0,19.880872444812702,0.0,999.9999999999998,18374,1295,0.002513611863525678,0.0975925739200252,0.0,0.9999999999999998,-1.0,1.2089858272014111
64120353,20260207,1000.0,9.0,2.8814119499999995,0.0,4.086940779155165,0.0,11.77616,0.0,353560,0,0.034720953755806305,0.0,0.01177616,0.0,-0.5458954689827595,-1.0
64120849,20260207,461.8883900000001,23.0,0.41029630999999944,0.0,24.531514797196238,0.0,10.065190000000001,0.0,3888,0,0.00017780948591655576,0.0,0.02179138990698597,0.0,0.06658759987809729,-1.0
64120867,20260207,1000.0,9.0,1.4720825399999993,0.0,6.463190576256685,0.0,9.51435,0.0,261822,0,0.02192281606644952,0.0,0.00951435,0.0,-0.28186771374925723,-1.0
64121070,20260207,1000.0,9.0,0.1155681899999996,53.015403676687626,2.601927052764269,18.86244207883464,0.3007,999.9999999999994,52642,1289,0.004484903217011995,0.0906151035090518,0.00030070000000000004,0.9999999999999994,-0.7108969941373035,1.0958268976482932
64121242,20260207,102.05589,25.0,2.0770634899999996,0.0,10.938341610347216,0.0,22.719630000000002,0.0,1917,0,0.012171428571428571,0.0,0.22261948820396354,0.0,-0.5624663355861114,-1.0
64121508,20260207,41.66666666666666,2.76,9.175178890000002,0.0,1.8963717447475288,0.0,17.399549999999998,0.0,2646,0,0.0016637323943661973,0.0,0.41758920000000005,0.0,-0.31290878813495326,-1.0
64122408,20260207,1250.0,20.52,5.311701329999998,0.0,15.25805668746063,0.0,81.04624,0.0,22400,0,0.0022831515645703802,0.0,0.064836992,0.0,-0.2564299859911973,-1.0
64123385,20260207,1000.0,9.0,0.022308909999999498,51.96372315016551,8.713558842633027,19.24419422114908,0.19439,1000.0,33796,1432,0.004005309440849511,0.1057455336052106,0.00019439000000000001,1.0,-0.03182679526299697,1.1382438023498975
64124337,20260207,1000.0,86.31,0.004610299999999901,0.0,44.62399410016798,0.0,0.20573,0.0,8424,0,0.8022857142857143,0.0,0.00020573,0.0,-0.48298002432895404,-1.0
64124603,20260207,80.0,2.98,17.45758461,0.0,1.727849566469894,0.0,30.16408,0.0,3176,0,0.009110728628800918,0.0,0.37705099999999997,0.0,-0.4201847092382906,-1.0
64125620,20260207,1000.0,7.5,6.036810639999998,0.0,1.7993938600664807,0.0,10.862599999999999,0.0,1887451,0,0.07749747485115993,0.0,0.010862599999999998,0.0,-0.7600808186578026,-1.0
64126239,20260207,2000.0,15.0,3.911537169999999,0.0,13.837268482354729,0.0,54.12499,0.0,97883,0,0.012722321869557306,0.0,0.027062495,0.0,-0.07751543450968476,-1.0
64126497,20260207,333.3333333333333,100.0,0.0058877799999997,0.0,14.440077584421347,0.0,0.08502,0.0,3018,0,0.005361520696393675,0.0,0.00025506,0.0,-0.8555992241557866,-1.0
64126534,20260207,333.3333333333333,6.0,10.337520489999998,9.558227092519498,1.4352861514860227,34.873968300331136,14.8373,333.3333435058595,16174,103,0.004599198111866238,0.0231199204459405,0.04451190000000001,1.0000000000000004,-0.7607856414189963,4.812328050055189
64127954,20260207,1000.0,23.0,0.1228576899999998,0.0,14.88160814353585,0.0,1.82832,0.0,1741,0,0.00762593079281647,0.0,0.00182832,0.0,-0.3529735589767022,-1.0
64128713,20260207,1000.0,31.0,0.0069835,0.0,52.124292976301284,0.0,0.36401,0.0,1099,0,0.01338611449451888,0.0,0.00036401,0.0,0.6814288056871382,-1.0
64129362,20260207,1000.0,24.0,0.004000269999999999,0.0,0.0,0.0,0.0,0.0,1641,0,8.793316864842273e-05,0.0,0.0,0.0,-1.0,-1.0
64129574,20260207,1000.0,52.0,0.187514989999999,0.0,17.762739928151973,0.0,3.33078,0.0,4361,0,0.0021086988056670374,0.0,0.0033307799999999998,0.0,-0.658408847535539,-1.0
64129661,20260207,1143.8391200000003,24.0,39.60234387999999,31.52301815187253,18.662002740025706,36.28583625880831,739.0590500000001,1143.839111328125,279466,422,0.004291428843445907,0.0030273200972758,0.6461215017720323,1.0,-0.22241655249892892,0.5119098441170129
64131561,20260207,35.86777000000001,16.1,3.1311329399999996,0.0,11.277767720715175,0.0,35.31219,0.0,6708,0,0.00688211757463835,0.0,0.9845103277956783,0.0,-0.2995175328748339,-1.0
64131665,20260207,1.7391304347826086,22.76,0.2491980899999987,0.0178872057001179,3.9116672202423586,97.22218130340478,0.97478,1.7391303777694702,6644,2,0.5777391304347826,0.2857142857142857,0.5604985,0.9999994516375508,-0.8281341291633411,3.2716247946268653
64131892,20260207,1000.0,17.11,2.0047574999999993,0.0,13.698769053114907,0.0,27.462709999999998,0.0,8892,0,0.0195385629531971,0.0,0.027462709999999998,0.0,-0.1993705988828225,-1.0
64132598,20260207,1000.0,46.2,0.0002398,0.0,0.0,0.0,0.0,0.0,1629,0,0.3973170731707317,0.0,0.0,0.0,-1.0,-1.0
64133904,20260207,403.0409099999999,72.0,1.1640107599999991,0.0029170168,82.9976004689167,63.84815879058681,96.61010000000002,0.18631,113553,1,0.14058808963724154,5.8582308142940827e-05,0.23970296216331996,0.0004622607503911,0.1527444509571764,-0.1132200167974054
64136664,20260207,185.32,8.0,74.34889722,15.284507728819587,2.302170528414463,12.12469504988342,171.16384,185.32000732421875,235029,46,0.01282678338508893,0.0092929292929292,0.9236123462119576,1.0,-0.7122286839481922,0.5155868812354274
64137600,20260207,1.6937669376693767,48.0,0.0020586699999998,0.0293248171106334,0.0,57.756854486650255,0.0,1.693766951560974,16158,2,0.02172650262202501,0.0017748828232699,0.0,0.9999994369510052,-1.0,0.2032678018052136
64138592,20260207,1000.0,49.74,18.243956569999998,4.5305205662,17.530388146500613,59.22145300039737,319.82363999999995,268.30407,30667,10,0.01318160326670965,0.0001275799218109,0.31982363999999996,0.2683040699999999,-0.6475595467128948,0.1906202453152557
64139850,20260207,7.1035,25.0,0.3611226499999981,0.2830878967306067,6.717191513741972,25.092824096642754,2.4257299999999997,7.10349988937378,230642,9,0.002977047606017033,0.0001273982528715,0.3414837756035756,0.9999998657458714,-0.731312339450321,0.0037129638657101
64141744,20260207,22.66524,52.0,1.8591009699999965,0.0,9.803582642420995,0.0,18.22585,0.0,3393963,0,0.04758968383503559,0.0,0.8041322306756955,0.0,-0.8114695645688271,-1.0
64141830,20260207,1000.0,25.0,11.687656009999998,24.225223686724128,9.752832381657338,41.27928689751308,113.98774999999999,1000.0000000000016,66955,217,0.0002839430833110338,0.0034609250398724,0.11398774999999998,1.0000000000000018,-0.6098867047337064,0.6511714759005233
64142018,20260207,1000.0,30.39,0.0372140799999999,0.0,13.861420193647175,0.0,0.5158400000000001,0.0,2052,0,0.08240963855421687,0.0,0.00051584,0.0,-0.5438821917194084,-1.0
64142306,20260207,175.43859649122808,52.0,2.36834849,0.0,15.233370491012494,0.0,36.077929999999995,0.0,111536,0,1.5888319088319087,0.0,0.20564420099999994,0.0,-0.707050567480529,-1.0
64142416,20260207,111.11111111111111,3.54,0.2609288899999992,4.625536908062188,0.30912636772417285,24.02123098122045,0.08066,111.11111450195308,9221,70,0.10256952169076752,0.722311348781937,0.0007259399999999999,0.9999999999999994,-0.9126761673095557,5.785658542393443
64142620,20260207,10.989010989010987,2.07,1.1625168399999988,2.123529744538849,2.319630913905731,5.174877189375683,2.6966099999999997,10.989010810852047,24136,5,0.015620995404828166,0.096045197740113,0.24539151,0.9999999132156432,0.12059464439890404,1.4999407518187116
64142626,20260207,161.11706,1.78,76.34240495000002,0.0,1.212263486598479,0.0,92.54710999999999,0.0,10826,0,0.022102899142507147,0.0,0.5744091283691496,0.0,-0.3189530974165849,-1.0
64143069,20260207,111.11111111111111,3.21,0.0741430599999993,5.720356724555538,0.710248538433678,19.423805267455755,0.05266,111.11111450195308,12899,395,0.05717641843971631,0.5781125083193743,0.00047393999999999995,0.9999999999999996,-0.7787387730736205,5.051029606425948
64143979,20260207,1000.0,42.15,4.223347889999998,0.0,15.487166035947855,0.0,65.40769,0.0,761577,0,0.059412797228983336,0.0,0.06540769,0.0,-0.6325702008078801,-1.0
64144354,20260207,1000.0,9.5,1.822783599999998,0.0,7.64773723002556,0.0,13.940170000000002,0.0,2155,0,0.0033328178162697186,0.0,0.013940170000000002,0.0,-0.19497502841836215,-1.0
64147740,20260207,395.34744,44.2,9.090574709999999,12.862687471206256,27.82972673022562,30.735988320945268,252.98820999999998,395.3474426269528,374432,169,0.047910125011195986,0.0074308909876017,0.639913616235886,0.9999999999999992,-0.3703681735243073,-0.3046156608504723
64149693,20260207,1000.0,10.54,17.888053,41.7468518143737,4.0528999997931585,23.95390149399941,72.49849,999.9999999999995,19056,608,0.001783217764801662,0.046701859673202,0.07249849,0.9999999999999996,-0.6154743833213322,1.2726661841266362
64150026,20260207,34.930139720558884,9.0,0.8520002499999999,2.8995987507663257,5.433308264874336,12.046538988611458,4.62918,34.93014144897461,4230,22,0.00021615158204562178,0.0019934351130392,0.13252681028571428,1.0,-0.39629908168062933,0.3385043320679397
64150905,20260207,6.079800000000001,48.47,0.060453279999999894,0.008413248,20.284259183290008,26.881784325824484,1.22625,0.2261899999999999,3003,1,0.1716,0.0217391304347826,0.20169248988453564,0.0372035198070754,-0.5815089914732823,-0.4453933639609154
64154779,20260207,1000.0,57.19,0.1264945299999996,0.0272278337,5.794796027938933,82.62711597522446,0.7330099999999999,2.24984,80140,4,0.0199397875146177,0.0001119402832946,0.00073301,0.00224984,-0.8986746629141645,0.4447826186279322
64157057,20260207,319.6986600000001,3.0,9.951795829999998,0.0,20.23582612023905,0.0,201.38281,0.0,32315,0,0.09315364658402998,0.0,0.6299144638266546,0.0,5.745275373413016,-1.0
64159965,20260207,26.795370000000005,23.65,1.7152680999999992,0.0,17.50349114520349,0.0,30.02318,0.0,7744,0,0.05669106881405564,0.0,1.1204614827113786,0.0,-0.2598946661647572,-1.0
64160337,20260207,51.72413793103448,27.5,0.1239159599999997,0.0,14.69705758644814,0.0,1.8212,0.0,9791,0,0.005988012965567855,0.0,0.03520986666666667,0.0,-0.4655615423109767,-1.0
64162199,20260207,209.54995,1.0,7.434174840000001,16.967170853,13.057420909406536,6.5893428185105565,97.07115,111.802512,16762,21,0.037026728517782194,0.0072272158836983,0.4632363310036581,0.5335363149373927,12.057420909406536,5.5893428185105565
64162266,20260207,1000.0,2.09,74.27437595999999,257.0460223319997,0.8667137107239858,3.890353902532087,64.37462,999.9999999999987,2371583,2389,0.14983276683387878,0.0483418039787418,0.06437462,0.9999999999999988,-0.5853044446296719,0.861413426937073
64162417,20260207,74.44531,33.92,2.2298108899999995,0.0,13.796174437016948,0.0,30.762860000000003,0.0,3387,0,0.05359177215189873,0.0,0.41322764321889455,0.0,-0.593273159286057,-1.0
64163843,20260207,118.75,1.9,14.027698139999998,0.0,0.6696565542149597,0.0,9.39374,0.0,1759,0,0.01556637168141593,0.0,0.07910517894736842,0.0,-0.6475491819921264,-1.0
64163937,20260207,1042.1109400000005,153.91,3.5673118999999938,0.0,46.746834780552895,0.0,166.76053999999993,0.0,34657,0,0.030830886931767637,0.0,0.16002186868895155,0.0,-0.6962716212036067,-1.0
64164134,20260207,1000.0,130.83,3.903415790000001,0.0,101.09311721567842,0.0,394.60847000000007,0.0,23145,0,0.3094251336898396,0.0,0.39460847000000004,0.0,-0.22729406699015203,-1.0
64164423,20260207,1000.0,1.03,3.5592245899999986,0.0,0.901227196792322,0.0,3.2076700000000002,0.0,7933,0,0.004614355514192647,0.0,0.00320767,0.0,-0.1250221390365806,-1.0
64165844,20260207,1000.0,4.75,46.44669738,87.77230092904678,2.7559875560736797,11.39311580102318,128.00652,1000.0000000000002,13710,354,0.006478899862955437,0.0455729837212074,0.12800651999999998,1.0000000000000002,-0.4197920934581727,1.3985506949522484
64166008,20260207,1000.0,148.94,0.013172819999999698,0.0,26.522794663557843,0.0,0.34938,0.0,1978,0,0.019819639278557115,0.0,0.00034938000000000005,0.0,-0.8219229578114822,-1.0
64166181,20260207,35.08771929824562,61.67,0.0473679299999997,0.0566333400113833,13.973589303986978,619.5484745928088,0.6618999999999997,35.08771896362305,1359,2,0.00880181347150259,0.0053418803418803,0.01886414999999999,1.0,-0.7734135024487275,9.046189281464745
64166966,20260207,217.3913043478261,310.89,0.9970065499999987,0.0,131.17459459017613,0.0,130.78193,0.0,30008,0,0.007783974475370289,0.0,0.601596878,0.0,-0.578067501076985,-1.0
64166994,20260207,1000.0,12.96,0.00038174,0.156023996,17.786975428301986,45.55693114710928,0.00679,7.10802,3287,43,0.004676340873523972,0.0062292068381339,6.79e-06,0.00710802,0.37245180773935066,2.515195294214137
64167055,20260207,81.25,32.44,3.1723724999999994,0.0,17.222387976191325,0.0,54.63583,0.0,164691,0,0.03537253806997573,0.0,0.6724409846153846,0.0,-0.46910024734305406,-1.0
64167205,20260207,1000.0,10.0,0.7703270299999996,78.31080689962982,7.99997891804472,12.76962946521622,6.162599999999999,1000.0,33173,657,0.0040760582416907295,0.0594481718131798,0.006162599999999999,1.0000000000000002,-0.20000210819552802,0.2769629465216219
64167208,20260207,23.184850000000004,11.0,3.0764840899999992,0.0,5.404780104031029,0.0,16.62772,0.0,123190,0,0.21431802366040362,0.0,0.7171804001319826,0.0,-0.5086563541789973,-1.0
64168025,20260207,1000.0,3.32,4.545049579999997,0.0,1.339050299204878,0.0,6.086050000000001,0.0,97159,0,0.04426579798624083,0.0,0.006086050000000001,0.0,-0.5966715966250367,-1.0
64168581,20260207,760.80663,1.0,160.28754673999998,216.240333167278,4.7084945483893925,3.518338258007224,754.7130399999999,760.8066406250007,3993,118,0.11919402985074627,0.2308001063264221,0.9919906192194984,1.0000000000000009,3.7084945483893925,2.518338258007224
64169222,20260207,159.72876999999997,1.0,167.88089781000002,153.32537711599952,0.9001820455537151,1.0417634509505014,151.12337000000002,159.72877502441412,8423,100,0.0013296604416941607,0.0266696266696266,0.9461249216406039,1.0000000000000004,-0.09981795444628494,0.0417634509505013
64169441,20260207,1000.0,42.0,1.0633208999999995,0.0,37.191528916623405,0.0,39.546530000000004,0.0,4423,0,0.0005336438111554842,0.0,0.03954653,0.0,-0.11448740674706179,-1.0
64169699,20260207,8.33142,3.52,0.0316775799999998,1.4191832608436303,0.44384703629507327,5.870569576223028,0.01406,8.331419944763182,5372,36,0.010257781172426962,0.1728973943879124,0.0016875874700831312,0.9999998855328124,-0.873907091961627,0.6677754568276478
64169776,20260207,2.2580645161290325,3.34,0.1861151899999996,0.0930714915900592,0.12830763571742881,24.261352305725588,0.02388,2.2580645084381104,25496,4,0.9768582375478927,0.6666666666666666,0.010575428571428569,0.999999577658694,-0.9615845402043626,6.263878122511751
64170247,20260207,4.545454545454546,2.5,0.048011749999999805,0.3320463328841853,0.0,13.689176367187146,0.0,4.545454502105713,4025,7,0.34698275862068967,0.75,0.0,0.9999997901916924,-1.0,4.475670546874858
64170496,20260207,1000.0,28.6,0.64915827,0.0,24.26086322523473,0.0,15.749139999999999,0.0,33079,0,0.09464663805436338,0.0,0.01574914,0.0,-0.1517180690477368,-1.0
64170856,20260207,81.9672131147541,8.64,0.8303172599999996,5.5334686409609,3.7580093180286305,14.812987476238405,3.1203399999999997,81.96721649169922,16098,48,0.04203133159268929,0.1095459678081629,0.038068147999999996,1.0,-0.5650452178207603,0.7144660749563876
64170903,20260207,348.6739,8.64,6.852928969999999,0.0,7.300951201891708,0.0,50.0329,0.0,7766,0,0.002764192916889126,0.0,0.14349482424695395,0.0,-0.15498249978105236,-1.0
64170958,20260207,1000.0,12.96,0.0136183,0.3880882047,10.197308034042427,21.45200098115484,0.13887,8.32529,1341,7,0.05881578947368421,0.0488591269841269,0.00013887,0.00832529,-0.21317067638561524,0.6552469844145199
64171280,20260207,1000.0,300.0,0.051407669999999406,0.0,148.17574887171676,0.0,7.617369999999999,0.0,3070,0,0.0016820996109802202,0.0,0.007617369999999999,0.0,-0.5060808370942774,-1.0
64171740,20260207,164.78868999999997,1.0,266.06601492,109.2819296548808,0.6179224732983423,1.5079226300409685,164.40817,164.7886962890626,10036,62,0.015017207840790064,0.0523112249820123,0.9976908609444012,1.0000000000000004,-0.38207752670165773,0.5079226300409685
64172255,20260207,102.14761,1.0,17.230847659999995,0.0,8.564760881879913,0.0,147.57809,0.0,9059,0,0.0030282466989804448,0.0,1.444753235048769,0.0,7.564760881879913,-1.0
64172315,20260207,4.587155963302752,41.08,0.0078272599999998,0.0879469821883273,31.71224668658079,52.157601627704274,0.24822,4.587155818939209,116261,31,0.34642729439809294,0.1855753910187624,0.05411196,0.9999997920990356,-0.22803683820397294,0.2696591845883367
64172392,20260207,129.05163000000002,1.0,40.188840209999995,0.0,2.6813473451066776,0.0,107.76023999999998,0.0,1255,0,0.005158240854911632,0.0,0.8350164968857811,0.0,1.6813473451066776,-1.0
64173658,20260207,31.25,14.4,0.0010938100000000002,0.0130659929,11.821065815818102,92.02576363227382,0.01293,1.2025,1071,7,0.013819354838709677,0.0286416799574694,0.00041376,0.0384799976513673,-0.1790926516792985,5.390678199314173
64175878,20260207,1000.0,8.0,1.2714167699999979,0.0,2.969553406158081,0.0,3.775539999999999,0.0,53765,0,0.04790181753385602,0.0,0.003775539999999999,0.0,-0.6288058242302399,-1.0
64176266,20260207,1000.0,12.0,0.1550569299999994,57.44808272830066,4.834804868121682,17.40702100229272,0.74967,1000.0000000000002,8914,391,0.003950540684275838,0.1107600544479,0.0007496699999999999,1.0000000000000002,-0.5970995943231932,0.4505850835243932
64176572,20260207,115.27819,57.19,4.017932179999998,0.0,19.016809288204573,0.0,76.40825000000001,0.0,59357,0,0.019336417239469654,0.0,0.6628161840500794,0.0,-0.6674801663192067,-1.0
64176703,20260207,26.5748031496063,68.0,0.28773572999999897,0.1975969156,45.826634043676286,119.15520428698288,13.185960000000001,23.54482,22304,1,0.03959524232203089,0.0001251251251251,0.49618279111111113,0.88598281774204,-0.32607891112240756,0.7522824159850423
64176991,20260207,7419.014340000004,115.14,69.78420315999998,2.5251860726,60.470247117743284,533.8314600399241,4219.86801,1348.02430184,815514,32,0.039633463579634924,0.0013073223570717,0.5687909224340437,0.1816985751394777,-0.4748111245636331,3.63636844597654
64177035,20260207,237.66124999999988,12.0,24.485487429999996,9.712269965146458,4.2817244418646245,24.470204315312632,104.84011000000001,237.6612548828124,980620,164,0.018343952380774225,0.0026409017713365,0.44113253633059685,0.9999999999999996,-0.6431896298446146,1.0391836929427194
64177389,20260207,7.387790000000001,3.93,4.293720529999998,0.0,0.8169255487152075,0.0,3.50765,0.0,24634,0,0.005196279030522918,0.0,0.4747901605216174,0.0,-0.7921309036348073,-1.0
64177756,20260207,2484.690520000001,136.93,37.05894947999999,0.0,60.52643859239802,0.0,2243.04623,0.0,147512,0,0.042254941277570894,0.0,0.9027467251736442,0.0,-0.5579753261345357,-1.0
64177878,20260207,1000.0,32.0,0.00361909,0.0,45.48380946591546,0.0,0.16461,0.0,1510,0,0.028761904761904763,0.0,0.00016461,0.0,0.42136904580985823,-1.0
64178557,20260207,1000.0,31.31,0.0886122099999985,0.0,10.052790693291762,0.0,0.8908,0.0,3427,0,0.0014999781152886594,0.0,0.0008908000000000001,0.0,-0.6789271576719335,-1.0
64178983,20260207,4.433497536945813,3.12,2.1055268100000006,0.0,0.5951052221462807,0.0,1.2530100000000002,0.0,66908,0,0.17050968399592253,0.0,0.2826233666666667,0.0,-0.809261146747987,-1.0
64179227,20260207,56.35257,15.02,0.2565519399999994,1.5181538043227023,9.946562867542555,37.11911948611776,2.5518099999999997,56.352569580078125,15383,21,0.00022105791076347823,0.0006502151853319,0.045282939180945954,1.0,-0.3377787704698698,1.471312806580595
64179291,20260207,1000.0,12.93,0.060736689999999496,1.3493690872,0.0,16.722172970961648,0.0,22.5644,2521,25,0.7002777777777778,0.6842105263157895,0.0,0.0225644,-1.0,0.2932848086838705
64179450,20260207,1000.0,30.0,0.0473905999999994,0.0,5.531476706351119,0.0,0.26214000000000004,0.0,1223,0,0.01828101644245142,0.0,0.00026214000000000006,0.0,-0.8156174431216293,-1.0
64179691,20260207,1000.0,12.7,0.12804487999999942,2.1144108563,0.0,28.17897081993391,0.0,59.58195,9051,84,0.5728481012658228,0.6208181818181818,0.0,0.05958195,-1.0,1.2188166333180783
64179851,20260207,1000.0,10.01,0.3255854799999997,62.7373609381328,5.419129870287833,15.939465242196984,1.7643900000000001,999.9999999999995,5984,235,0.00380831158913002,0.1256354295714973,0.0017643900000000002,0.9999999999999996,-0.4586283845866301,0.5923541336399646
64180437,20260207,1000.0,36.3,0.07243698999999988,0.0,9.931251974992351,0.0,0.7193900000000001,0.0,6046,0,1.7782352941176471,0.0,0.0007193900000000001,0.0,-0.7264117913225248,-1.0
64180551,20260207,1000.0,86.31,0.0109129999999997,0.0,40.275817831944664,0.0,0.43953000000000003,0.0,5354,0,0.36924137931034484,0.0,0.00043953000000000004,0.0,-0.5333586162444136,-1.0
64180824,20260207,1000.0,11.0,0.4633129199999991,5.234050204900001,6.137903514540466,24.80052160714008,2.84377,129.80720000000002,1778,76,0.007061159650516282,0.019374554376847,0.0028437700000000002,0.1298072,-0.44200877140541217,1.2545928733763707
64180855,20260207,1000.0,82.32,5.140177499999998,0.0,5.405344465244636,0.0,27.78443,0.0,277447,0,0.49385368458526163,0.0,0.02778443,0.0,-0.9343374093143265,-1.0
64181008,20260207,1000.0,30.8,0.1026293999999999,0.0,14.458040288650244,0.0,1.48382,0.0,1024,0,0.014566145092460882,0.0,0.0014838199999999998,0.0,-0.5305831075113558,-1.0
64182141,20260207,1000.0,30.45,0.22106836999999901,0.0,19.310134688196317,0.0,4.268859999999999,0.0,7010,0,0.008311595921271045,0.0,0.004268859999999999,0.0,-0.3658412253465905,-1.0
64182450,20260207,1000.0,30.2,3.893210929999998,0.0,20.506184081837056,0.0,79.8349,0.0,237555,0,0.022238188405118747,0.0,0.0798349,0.0,-0.3209872820583756,-1.0
64182863,20260207,43.47826086956522,19.85,0.05433192999999931,0.9364386565,12.836466512417445,18.6176586382104,0.6974299999999999,17.43431386,5513,11,0.025992456388495993,0.0105217503986713,0.016040889999999995,0.4009892264282625,-0.3533266240595746,-0.062082706275902
64183074,20260207,250.0,12.0,3.24779411,0.0,9.685964976394395,0.0,31.458020000000005,0.0,1405,0,0.0030683555361432626,0.0,0.12583208,0.0,-0.19283625196713375,-1.0
64183342,20260207,25.0,32.0,0.13441108999999982,0.005219824,16.096811654455024,133.14181822639492,2.16359,0.69511,5578,2,0.042353834472285495,0.0066905615292712,0.0865436,0.0278043978786927,-0.4969746357982805,3.160681819574841
64184353,20260207,0.8375209380234506,3.05,0.0757191399999994,0.0182904479061418,0.5608885679367244,45.787570305568,0.04247,0.837520956993103,3052,3,0.872,0.625,0.05070918,0.9999987901464116,-0.816102108873205,14.012318367675778
64185135,20260207,250.0,28.0,0.7614459199999998,0.0,50.63039801959937,0.0,38.552310000000006,0.0,26135,0,0.0095701050935589,0.0,0.15420924000000003,0.0,0.8082285006999774,-1.0
64185273,20260207,1000.0,10.57,0.2491786699999995,2.5927739586,2.0164246000670967,19.310256693868396,0.5024500000000001,50.06715,1365,37,0.003414207103551776,0.0221232257413876,0.0005024500000000001,0.05006715,-0.8092313528791772,0.8268928336226907
64186013,20260207,82.85864999999998,10.0,0.7175463199999993,3.3086873892519577,6.5986262740501616,25.04274820097295,4.73482,82.85865020751956,1590,56,0.0001596561869282752,0.0025739718441693,0.05714333989269679,1.0000000000000004,-0.34013737259498383,1.504274820097295
64188498,20260207,1000.0,26.98,0.00055345,0.0064114358999999,0.0,52.30929481883789,0.0,0.33543,20762,4,0.020013495276653172,0.0001771297320029,0.0,0.00033543,-1.0,0.938817483556638
64188787,20260207,125.0,1.2,5.286193009999999,0.0,1.1586466836177822,0.0,6.12483,0.0,1668,0,0.004547437295528899,0.0,0.04899864,0.0,-0.03446109698518145,-1.0
64189196,20260207,96.95803,32.41,4.22056063,0.0,14.630236457472718,0.0,61.74780000000001,0.0,9290,0,0.004811227924801906,0.0,0.6368508106033096,0.0,-0.5485888164926652,-1.0
64190160,20260207,111.11111111111111,2.0,24.95588943,25.02583905302001,1.1133123537003906,4.439855535980088,27.783699999999996,111.11111450195312,4183,76,0.008793357157872609,0.0404331241540543,0.2500533,1.0,-0.4433438231498047,1.2199277679900438
64190436,20260207,111.11111111111111,2.0,74.29364426,32.54356882241011,0.9990722724576709,3.414226377385309,74.22471999999999,111.11111450195314,9285,45,0.010572762468685949,0.0462812022414671,0.6680224799999999,1.0000000000000002,-0.5004638637711645,0.7071131886926547
64190638,20260207,105.33542000000004,1.76,53.76335006000001,33.69092692262784,1.9592421209326698,3.126521743273964,105.33542,105.33541870117185,10150,88,0.0603807257584771,0.121111446692842,0.9999999999999996,0.9999999999999998,0.11320575052992603,0.7764328183041748
64191414,20260207,17.857142857142858,12.0,0.0007293699999999,0.5530139912704631,0.0,32.290523193730586,0.0,17.85714340209961,1305,3,0.09525547445255475,0.0857142857142857,0.0,0.9999998931884913,-1.0,1.690876932810882
64192256,20260207,3.605769230769231,102.0,0.0016613199999999,0.0033758703794837,0.0,1067.7842949840656,0.0,3.605769157409668,9450,4,0.010175514159577905,0.0142758160931369,0.0,0.9999997355143876,-1.0,9.468473480235938
64192383,20260207,89.25466,25.49,9.178e-05,0.0,0.0,0.0,0.0,0.0,1309,0,0.010123743232791957,0.0,0.0,0.0,-1.0,-1.0
64192413,20260207,1000.0,58.55,0.032132519999999,0.0,23.139174891979312,0.0,0.74352,0.0,11300,0,0.022893030794165315,0.0,0.00074352,0.0,-0.6047963297697813,-1.0
64193332,20260207,61.98347107438016,6.9,3.1744756999999995,0.0,4.3376296753508,0.0,13.7697,0.0,2731,0,0.01029788838612368,0.0,0.22215116000000001,0.0,-0.3713580180651015,-1.0
64193931,20260207,720.20164,1.8,843.9225962099988,147.25316069962642,0.7151252409999752,4.8909079563625895,603.5103500000001,720.2016601562498,54048,486,0.005119781749978686,0.0912415695362955,0.8379741401310891,0.9999999999999996,-0.6027081994444582,1.7171711588485594
64194238,20260207,81.57952999999999,21.79,4.458517339999998,0.0,15.61224611049736,0.0,69.60747,0.0,403900,0,0.030068638982773253,0.0,0.8532467642311743,0.0,-0.2835132578936503,-1.0
64196351,20260207,1000.0,10.57,3.1800113399999996,0.0,3.4789813045132094,0.0,11.063199999999998,0.0,3105,0,0.0174732695554305,0.0,0.011063199999999999,0.0,-0.6708626958833293,-1.0
64196611,20260207,500.0,1.2,8.82136257,0.0,1.7005377435699256,0.0,15.001059999999999,0.0,31102,0,0.016978927830549186,0.0,0.030002119999999997,0.0,0.41711478630827137,-1.0
64197886,20260207,1000.0,14.01,0.038668239999999895,1.3801249624,0.0,392.99459236084,0.0,542.38204,1783,23,0.3793617021276596,0.4365079365079364,0.0,0.54238204,-1.0,27.05100542044785
64198178,20260207,1000.0,8.0,0.1262313699999998,54.6989552987,5.840465804973845,13.359108609122892,0.7372500000000001,730.7292980000001,1104,119,0.010855457227138644,0.1244032330056399,0.0007372500000000001,0.7307292980000001,-0.2699417743782694,0.6698885761403617
64199262,20260207,461.9958,1900.0,0.0820379699999994,0.0,339.63797495233246,0.0,27.86321,0.0,3331,0,0.0009554816132178304,0.0,0.06031052663249319,0.0,-0.8212431710777197,-1.0
64199904,20260207,1000.0,14.08,67.29315,0.0,5.938134267752364,0.0,399.59576,0.0,13269,0,0.00487651598676957,0.0,0.39959575999999997,0.0,-0.5782575093925878,-1.0
64200053,20260207,1000.0,114.63,0.2773137199999996,0.0,16.58396129841685,0.0,4.59896,0.0,4266,0,0.1807627118644068,0.0,0.00459896,0.0,-0.8553261685560773,-1.0
64200059,20260207,1000.0,114.63,0.0552799799999998,0.3120634687999999,26.932715966974037,205.6352017477743,1.48884,64.17144,2877,2,0.35518518518518516,0.048,0.00148884,0.06417144,-0.7650465326094912,0.7939039228376391
64200276,20260207,1000.0,16.91,0.0016089999999997998,0.6011804388,0.0,78.969004922645,0.0,47.474700000000006,5823,220,0.09331730769230769,0.2476821959441747,0.0,0.0474747,-1.0,3.6699589376241386
64200313,20260207,1000.0,86.47,0.7092845299999994,0.0,36.23528910182212,0.0,25.701130000000003,0.0,3816,0,0.01737704918032787,0.0,0.025701130000000003,0.0,-0.5809495882754467,-1.0
64200567,20260207,1000.0,10.57,0.0177245,15.02422219486943,17.66537843098536,66.55918159825306,0.31311,1000.0,1558,93,0.0010981110797857344,0.0183739080848543,0.00031311,1.0000000000000002,0.6712751590336197,5.296989926200745
64200673,20260207,1000.0,10.57,0.3103161699999992,19.228199303444708,1.7392261576314292,52.006947307536166,0.53971,1000.0,109142,505,0.055119438412201405,0.0918608229442666,0.00053971,1.0,-0.8354563710850115,3.9202411361470766
64200712,20260207,1000.0,160.82,0.3984430099999988,0.0,56.78746880262768,0.0,22.62657,0.0,41762,0,0.027455131155085136,0.0,0.022626570000000002,0.0,-0.6468880188867823,-1.0
64200779,20260207,1000.0,10.57,0.0643217299999998,13.067994401655357,0.0,76.52283072224893,0.0,1000.0,6309,93,0.006850906721685308,0.0295290663606702,0.0,1.0,-1.0,6.239624686055539
64200992,20260207,1000.0,10.57,0.017003289999999997,14.627571181800002,0.0,34.943629991857016,0.0,511.14047,4000,293,0.0020105554159336515,0.015591803284511,0.0,0.51114047,-1.0,2.30592535484819
64201906,20260207,56.696800000000025,11.0,10.726451249999997,3.749055652330932,3.8076889595708563,15.122951048681278,40.84299,56.6968002319336,197235,48,0.004238677732838765,0.0106498129381424,0.7203755767521268,1.0,-0.6538464582208312,0.374813731698298
64201946,20260207,160.0,75.0,0.4564786899999994,0.2943757114999999,29.87920421871176,90.96368345021072,13.63922,26.77759,15305,1,0.028538131642737274,2.9892685259916896e-05,0.085245125,0.1673599374999999,-0.6016106104171765,0.2128491126694761
64202035,20260207,1000.0,100.04,0.0396214399999994,0.0,48.46694113086322,0.0,1.92033,0.0,3133,0,0.011039464411557435,0.0,0.00192033,0.0,-0.515524378939792,-1.0
64202122,20260207,5.524861878453039,84.77,0.0140492399999998,0.0,32.09212740333331,0.0,0.45087,0.0,1844,0,0.0045307125307125305,0.0,0.08160747,0.0,-0.6214211701859937,-1.0
64203094,20260207,137.93103448275863,26.6,0.0356458999999998,0.0,10.486760048140233,0.0,0.37380999999999986,0.0,3258,0,0.043790322580645163,0.0,0.0027101224999999986,0.0,-0.605760900445856,-1.0
64203381,20260207,1000.0,46.06,8.86759621,1.8273711133,23.37587268196101,317.5844247792375,207.2878,580.3449214600001,7833,18,0.0031326987681970886,0.0011755337895544,0.2072878,0.5803449214600002,-0.49249082323141535,5.895015529969054
64206422,20260207,70.27027027027027,20.7,0.0865666899999999,0.3867009126999999,8.043625094132638,19.29395680488446,0.6963100000000001,7.46101,7980,5,0.014169034090909092,0.0014770723104056,0.009909026923076924,0.1061759099806578,-0.6114190775781334,-0.0679248263880417
64207947,20260207,43.54540999999999,34.69,0.4057536099999998,0.0,16.098858615207398,0.0,6.53217,0.0,32508,0,0.011378368918445922,0.0,0.15000823278503983,0.0,-0.5359222076907639,-1.0
64209682,20260207,91.66666666666669,19.44,0.0688815899999996,0.4760431452,11.315214994311315,20.529209525083346,0.7794099999999998,9.77281,4702,6,0.00446067735508965,0.0048725025201339,0.008502654545454541,0.1066124756850496,-0.4179416155189653,0.0560292675464439
64210201,20260207,72.20216606498195,3.4,0.9287681399999996,14.787995608643506,4.886838603227714,4.882484464061027,4.53874,72.20216369628906,1569,16,0.0002135972554998911,0.5,0.06286154899999999,1.0,0.437305471537563,0.4360248020914793
64210247,20260207,72.20216606498195,3.4,10.805448110000002,0.0,1.5694453230778593,0.0,16.95856,0.0,114966,0,0.015569399114313187,0.0,0.23487605599999997,0.0,-0.5383984343888649,-1.0
64210997,20260207,1000.0,29.6,14.719852320000005,27.332430156005994,21.984303440348636,36.58657344794083,323.60569999999996,999.9999999999995,567575,266,0.02156194202788436,0.0050596313697144,0.32360569999999994,0.9999999999999996,-0.25728704593416774,0.2360328708253955
64211273,20260207,1000.0,56.52,0.04730716999999959,1.0410434701,9.283159402686818,415.2593596299245,0.43916,432.30346,4029,11,0.09615751789976133,0.0137728937728937,0.00043916,0.43230346,-0.8357544337811957,6.347122368483348
64211279,20260207,1000.0,29.6,22.07498266,29.10591784306705,12.382329092166996,34.357273013499004,273.3397,1000.0,227820,224,0.04386552680221811,0.0186121129270831,0.2733397,1.0,-0.5816780712105745,0.1607186679297287
64211664,20260207,74.95335,25.49,0.4076202799999996,0.0,14.515322937318047,0.0,5.916739999999999,0.0,20267,0,0.01857653528872594,0.0,0.07893896670395652,0.0,-0.4305483351385623,-1.0
64212391,20260207,91.66666666666669,19.44,1.6268780499999997,0.0,9.714870761210406,0.0,15.80491,0.0,36594,0,0.03395879732739421,0.0,0.17241719999999996,0.0,-0.500263849731975,-1.0
64212826,20260207,1000.0,79.63,0.0321803499999998,0.0,36.03783053944432,0.0,1.15971,0.0,1279,0,0.004777736271946208,0.0,0.00115971,0.0,-0.5474340005093015,-1.0
64213114,20260207,75.75757575757575,30.26,0.0279668399999995,0.0,14.767131359853577,0.0,0.41299,0.0,1800,0,0.04774535809018567,0.0,0.005451468000000001,0.0,-0.5119916933293597,-1.0
64213169,20260207,31.25,48.29,0.32624695999999975,0.0,20.86312160579214,0.0,6.8065299999999995,0.0,14638,0,0.065818345323741,0.0,0.21780896,0.0,-0.5679618636199598,-1.0
64213358,20260207,1000.0,1.03,0.4438352199999998,446.2139941819816,0.49869859359065755,2.241077175520157,0.22133999999999998,1000.0,3813,331,0.031101141924959216,0.8296950967521597,0.00022134,1.0,-0.5158266081644101,1.1758031434663925
64213628,20260207,4.545454545454546,2.5,0.00124408,0.2382933821053083,0.0,19.07495452451313,0.0,4.545454502105713,3523,4,0.2429655172413793,0.6666666666666666,0.0,0.9999997901916924,-1.0,6.629981809805253
64213821,20260207,1000.0,18.5,0.2002999399999995,0.2477374051,12.075839862957553,28.613730669407623,2.41879,7.08872,9066,2,0.0199779638607316,0.0003587293503259,0.00241879,0.00708872,-0.34725189929959177,0.546688144292304
64215562,20260207,250.0,1.0,0.1290475899999997,67.75457976436738,0.7006717444316488,3.689787423664153,0.09042,249.9999999999999,3186,191,0.009409332545776727,0.508058585323702,0.00036168,0.9999999999999996,-0.2993282555683512,2.689787423664153
64215857,20260207,1000.0,32.86,0.0351784899999996,0.2613044902999999,0.0,45.61886543721046,0.0,11.92046,1101,6,0.15728571428571428,0.1558333333333333,0.0,0.01192046,-1.0,0.3882795066911714
64217599,20260207,4.044489383215369,17.6,0.1622412699999998,0.1407656567093365,0.0,28.731870730217125,0.0,4.04448938369751,32190,1,0.014040214594146639,0.0095238095238095,0.0,0.9999997615814208,-1.0,0.6324926197426484
64218012,20260207,833.3333333333334,5.0,4.91152224,0.0,4.351946088306829,0.0,21.374679999999998,0.0,22309,0,0.0484767492394611,0.0,0.025649615999999997,0.0,-0.12961078233863416,-1.0
64218299,20260207,833.3333333333334,5.0,4.2027202599999995,0.0,4.71227414027314,0.0,19.804370000000002,0.0,25249,0,0.0408229587712207,0.0,0.023765244,0.0,-0.05754517194537208,-1.0
64218618,20260207,1000.0,72.88,0.2470997599999992,0.0,24.602452062276466,0.0,6.07926,0.0,1453,0,0.001372697213037317,0.0,0.0060792599999999995,0.0,-0.6624251912420901,-1.0
64218716,20260207,1000.0,86.0,0.022980879999999898,0.0,0.0,0.0,0.0,0.0,1256,0,0.031321695760598504,0.0,0.0,0.0,-1.0,-1.0
64218859,20260207,833.3333333333334,5.0,3.2512190699999994,0.0,3.7780197936646585,0.0,12.28317,0.0,7956,0,0.02911086717892426,0.0,0.014739803999999999,0.0,-0.24439604126706832,-1.0
64219175,20260207,100.0,12.0,0.0515070499999997,6.200970247973956,0.0,16.126505994149383,0.0,100.0,1005,41,0.0017197125256673512,0.0488822527493901,0.0,1.0,-1.0,0.3438754995124486
64220364,20260207,46.8393,21.41,1.4290032399999988,0.0,14.2031378459296,0.0,20.29633,0.0,8950,0,0.0033808030823858273,0.0,0.4333183886181049,0.0,-0.3366119642256142,-1.0
64221144,20260207,50.0,2.7,5.916374259999998,0.0,1.839430624525772,0.0,10.88276,0.0,1484,0,0.002312607137291569,0.0,0.2176552,0.0,-0.31872939832378816,-1.0
64221740,20260207,1000.0,86.31,4.467350830000002,0.0,40.48765518601545,0.0,180.87256,0.0,2108109,0,0.04235642657226039,0.0,0.18087256,0.0,-0.5309042383731265,-1.0
64223277,20260207,320.82551,6.0,74.70335081,32.91197844185689,4.2342341617915435,9.74798556419432,316.31147999999996,320.82550048828114,8811,48,0.00046424751437107133,0.0013813744675952,0.985929953014023,0.9999999999999996,-0.2942943063680761,0.6246642606990532
64223652,20260207,62.5,2.3,6.484282639999999,0.0,1.1662091891787125,0.0,7.56203,0.0,1612,0,0.002448359659781288,0.0,0.12099248,0.0,-0.492952526444038,-1.0
64223859,20260207,254.73218000000003,17.2,24.39700391,0.2907716353428239,9.584076834293546,876.0527875466795,233.82276000000005,254.732177734375,61947,15,0.11044214655018719,0.0236842105263157,0.9179160638439949,1.0,-0.4427862305643287,49.93329934230558
64224268,20260207,84.22965000000002,3.0,7.046226269999998,0.0,3.588884181546445,0.0,25.288090000000004,0.0,1008,0,0.011300448430493274,0.0,0.3002278888728612,0.0,0.19629472718214838,-1.0
64224566,20260207,35.714285714285715,72.0,0.13725182999999908,0.0,33.85193479751804,0.0,4.64624,0.0,24605,0,0.018258385277530424,0.0,0.13009472,0.0,-0.5298342389233606,-1.0
64225909,20260207,140.0,2.18,60.84526391,19.03387826350916,1.1273534798281395,7.355305666375704,68.59412,139.99999999999994,7047,42,0.006342934293429343,0.036381734478039,0.489958,0.9999999999999996,-0.48286537622562414,2.373993321622638
64226179,20260207,1000.0,9.0,0.5494174299999994,52.68123056188508,2.266236802862263,18.982092300277618,1.24511,1000.0000000000008,138148,1388,0.013889525647986166,0.0762432400149906,0.00124511,1.0000000000000009,-0.7481959107930819,1.109121366697513
64226642,20260207,1000.0,25.05,2.911225099999997,0.0,20.00017793196412,0.0,58.22501999999999,0.0,145572,0,0.04301137538779731,0.0,0.05822501999999999,0.0,-0.20158970331480558,-1.0
64227028,20260207,1000.0,8.0,0.0792921999999998,24.403942989100003,11.766731153884017,18.52977281057416,0.9330099999999999,452.1995378,1988,183,0.003682845498332716,0.0332109817572257,0.0009330099999999999,0.4521995378,0.4708413942355021,1.3162216013217702
64227071,20260207,1000.0,75.77,0.17015411999999952,0.3943940727,2.604286043734946,77.99045203436691,0.44313,30.75905,7745,12,0.6245967741935484,0.0649305555555555,0.00044313,0.03075905,-0.9656290610566854,0.0293052064098737
64228142,20260207,1000.0,25.88,16.338159759999996,0.3997849842883878,11.14501159707108,2501.338314248266,182.08898000000002,999.9999999999998,160994,71,0.039788937768770696,0.0049939691171982,0.18208898,0.9999999999999998,-0.5693581299431576,95.65140631226254
64228417,20260207,80.0,141.02,0.8062058399999976,0.1094406031,41.363617509890645,129.9249974162705,33.34759,14.2192,3599302,3,0.05674527937492413,3.5663741136687637e-06,0.41684487499999995,0.17774,-0.7066826158708648,-0.078676829669882
64228755,20260207,3.289473684210526,39.44,0.026049599999999902,0.003832497,0.0,32.58121761931729,0.0,0.1249,4488,1,0.0024147207575594535,0.001025641025641,0.0,0.0379695879780738,-1.0,-0.1739041898126965
64228902,20260207,5.494505494505495,90.0,0.0390298399999999,2.389201575,29.566352308900136,1.9736961818735688,1.15397,4.71556,2742,1,0.011942508710801394,0.0002834467120181,0.21002253999999995,0.8582317849518543,-0.6714849743455541,-0.978070042423627
64228972,20260207,841.6133500000001,1.0,183.48983352,298.4103779204264,4.193353850943098,2.8203219517025566,769.4378,841.6133422851565,30279,292,0.011038643820634342,0.0501038062908689,0.9142414387794585,1.0000000000000002,3.1933538509430983,1.8203219517025568
64229089,20260207,1000.0,3.94,10.034370079999999,0.0,4.687016686153558,0.0,47.03126,0.0,29921,0,0.0248616535105941,0.0,0.047031260000000005,0.0,0.1895981436937964,-1.0
64229552,20260207,41.66666666666666,1.4,7.185961429999999,0.0,0.5687116525477927,0.0,4.086739999999999,0.0,3698,0,0.02213046080191502,0.0,0.09808175999999999,0.0,-0.5937773910372909,-1.0
64229916,20260207,1000.0,9.5,2.2696690199999994,0.0,2.840193853463269,0.0,6.4463,0.0,351420,0,0.04074009668556325,0.0,0.0064463,0.0,-0.7010322259512348,-1.0
64230568,20260207,22.402090000000005,280.0,0.15725149999999888,0.0,142.46026270019783,0.0,22.40209,0.0,4281,0,0.006787696210559696,0.0,0.9999999999999999,0.0,-0.49121334749929346,-1.0
64230865,20260207,4.664179104477612,27.0,0.07598885999999959,0.1858879900999999,4.362086758506468,22.691973589451017,0.33147,4.218188053918921,1113,4,0.0009238814642649622,0.0003943540017666,0.071067168,0.904379291064625,-0.8384412311664271,-0.1595565337240364
64233051,20260207,1000.0,56.0,0.0003873,0.0008927176,0.0,78.27976085510679,0.0,0.06996,20814,1,0.06580461587100854,0.0012254901960784,0.0,6.996e-05,-1.0,0.3978528724126212
64233843,20260207,223.26955,80.0,4.2798114699999985,1.562642452285293,30.495995189246045,142.8793920854228,130.51711,223.26954650878903,4698,4,0.47454545454545455,0.0258928571428571,0.5845719221452276,1.0,-0.6188000601344245,0.7859924010677851
64234222,20260207,1000.0,30.0,2.6940209299999993,0.0,17.866490740292804,0.0,48.1327,0.0,242210,0,0.07102099460473844,0.0,0.0481327,0.0,-0.40445030865690657,-1.0
64234606,20260207,1000.0,23.0,0.31791198999999937,0.0,10.626966287116149,0.0,3.3784399999999994,0.0,12826,0,0.01890625,0.0,0.0033784399999999995,0.0,-0.5379579875166892,-1.0
64235463,20260207,1000.0,24.0,0.0842020999999997,0.0,16.040336286149692,0.0,1.35063,0.0,1323,0,0.017005141388174806,0.0,0.00135063,0.0,-0.3316526547437628,-1.0
64238374,20260207,1000.0,50.18,0.0466440899999994,0.0288346886,4.46101531833942,40.25393726855548,0.2080799999999999,1.1607500000000002,111605,23,0.033993786360452014,0.0004636068412187,0.0002080799999999999,0.00116075,-0.9110997345886923,-0.1978091465973245
64238409,20260207,1000.0,50.18,5.557774629999997,0.0,17.388929280855,0.0,96.64375000000001,0.0,111708,0,0.022497281185805774,0.0,0.09664375000000001,0.0,-0.6534689262484057,-1.0
64238938,20260207,41.66666666666666,1.51,3.0426265499999996,0.0,0.6378469286676015,0.0,1.9407300000000003,0.0,12280,0,0.029676172063798936,0.0,0.04657752000000002,0.0,-0.5775848154519195,-1.0
64239841,20260207,41.66666666666666,1.29,12.535405400000002,17.01887899981003,0.41321758927716845,2.448261456611569,5.17985,41.666667938232415,2911,10,0.0015077433055368519,0.0204945388349514,0.12431640000000004,0.9999999999999998,-0.67967628738204,0.8978771542711917
64240263,20260207,41.66666666666666,1.29,18.52793197,0.0,0.7015828869108266,0.0,12.99888,0.0,13181,0,0.017579354494531876,0.0,0.31197312000000005,0.0,-0.4561372969683515,-1.0
64240994,20260207,1000.0,50.18,15.073859659999997,0.008864934,16.101787164973516,54.817687566814726,242.71608,0.48601,27151,1,0.0081188326057054,1.564064064064064e-05,0.24271608,0.00048601,-0.6791194267641787,0.0924210289644138
64241021,20260207,1000.0,64.69,0.10863394999999901,0.0,23.93772849095539,0.0,2.6004499999999995,0.0,2381,0,0.0038218298555377206,0.0,0.0026004499999999994,0.0,-0.6299624595616726,-1.0
64241038,20260207,33.76623376623377,29.2,0.0358887899999995,0.0,12.741861734541802,0.0,0.45729000000000003,0.0,1137,0,0.03404191616766467,0.0,0.013542819230769231,0.0,-0.5636348721047327,-1.0
64241684,20260207,1000.0,45.34,0.8573661299999993,2.273031578,3.215709022701891,56.15300072483166,2.75704,127.63759999999998,33414,22,0.8149756097560975,0.0954059281361913,0.00275704,0.1276376,-0.9290756721944885,0.2384869990263241
64242045,20260207,25.0,1.67,5.946180449999998,0.0,0.9144222994443435,0.0,5.43732,0.0,32066,0,0.010450057031122699,0.0,0.2174928,0.0,-0.45244173685967454,-1.0
64242210,20260207,83.33333333333333,10.11,1.8413342199999982,0.0,2.6173955535350912,0.0,4.819500000000001,0.0,13308,0,0.6247887323943662,0.0,0.05783400000000001,0.0,-0.7411082538540957,-1.0
64243018,20260207,1000.0,23.0,6.0448736499999995,31.14750198170465,20.18627965863274,32.10530232832398,122.02351000000002,1000.0000000000005,51905,208,0.0026836494116187206,0.0143789676443249,0.12202351000000002,1.0000000000000004,-0.12233566701596789,0.3958827099271295
64243086,20260207,1000.0,24.0,12.515210269999994,0.0,28.36371761574887,0.0,354.97789,0.0,187263,0,0.08778090282660667,0.0,0.35497789,0.0,0.18182156732286966,-1.0
64243116,20260207,463.68224000000015,15.2,14.17871752,18.539030235212596,16.137763494987805,25.01113704883647,228.81279,463.6822509765623,86142,110,0.026415013339057374,0.0321992521862736,0.49346895408372754,0.9999999999999996,0.06169496677551354,0.6454695633345318
64243513,20260207,2.0408163265306123,14.0,0.0091062599999999,0.045095392077346,10.682761089624178,45.25453618479304,0.09728,2.040816307067871,1934,3,0.035682656826568265,0.0879629629629629,0.0476672,0.9999995326997988,-0.2369456364554159,2.23246687034236
64243585,20260207,1000.0,30.39,0.026553789999999897,0.0,45.76559504311832,0.0,1.21525,0.0,2688,0,0.1452972972972973,0.0,0.00121525,0.0,0.5059425812148179,-1.0
64243604,20260207,1000.0,38.5,0.0999368999999999,0.0,15.235413545947509,0.0,1.52258,0.0,7150,0,0.7222222222222222,0.0,0.00152258,0.0,-0.6042749728325323,-1.0
64244911,20260207,1000.0,30.0,6.121857509999996,0.0,22.903491264042835,0.0,140.21190999999993,0.0,757362,0,0.03837425644247626,0.0,0.14021190999999994,0.0,-0.23655029119857218,-1.0
64245196,20260207,307.34167,250.0,1.720286059999999,0.0,178.65730423927297,0.0,307.34167,0.0,21473,0,0.01194869511991542,0.0,1.0,0.0,-0.2853707830429081,-1.0
64245999,20260207,18.21862,43.2,0.311210269999999,0.0306924285,3.5169469182363535,71.0953486346434,1.09451,2.18216,84199,32,0.0032244586904406304,8.345009655251258e-05,0.06007644925905475,0.1197763461544702,-0.9185891917074918,0.6457256337744071
64246040,20260207,1000.0,51.84,0.8383808299999977,0.0,19.414983522464418,0.0,16.27715,0.0,21442,0,0.006571656246168935,0.0,0.016277149999999997,0.0,-0.6254825709401154,-1.0
64247345,20260207,1000.0,25.0,0.0607088999999998,0.0,6.714995659615004,0.0,0.40766,0.0,2410,0,0.0017018572134736248,0.0,0.00040766,0.0,-0.7314001736153998,-1.0
64247673,20260207,6.11573,14.0,0.1481014399999997,0.064651938266686,0.0,94.5932230269363,0.0,6.115729808807373,2012,3,0.004583143507972665,0.0207792207792207,0.0,0.999999844062083,-1.0,5.756658787638307
64248486,20260207,1000.0,24.0,4.042825229999998,0.0,14.888192433685793,0.0,60.19036,0.0,44498,0,0.002013274636576284,0.0,0.06019036,0.0,-0.3796586485964253,-1.0
64248889,20260207,53.68735000000001,12.0,7.095059879999999,1.3520731310737113,7.56686355126294,39.70740212607452,53.68735,53.68735122680664,2244,2,0.0008677494199535963,0.0003318951211417,0.9999999999999999,1.0,-0.369428037394755,2.3089501771728766
64249042,20260207,833.3333333333334,4.88,0.3276775799999993,90.7227387348876,3.3559512982243156,9.185495449359998,1.0996699999999997,833.3333129882812,4519,529,0.024519804666304938,0.6328813220425489,0.0013196039999999996,1.0,-0.3123050618392796,0.882273613514524
64249960,20260207,17.857142857142858,10.8,0.8767438299999986,0.4035889865759041,2.560508466880233,44.245754344901655,2.24491,17.85714340209961,23464,11,0.008315849163595124,0.0080866501095024,0.12571496,0.9999998931884913,-0.7629158826962747,3.0968290336568085
64250556,20260207,111.11111111111111,22.0,2.886279929999999,0.0314649493812893,13.171684979287514,3531.154047048183,38.01717,111.11111450195312,1899,1,0.02944186046511628,0.0048076923076923,0.34215453,1.0,-0.4012870463960221,159.5070021385538
64251345,20260207,169.62831999999997,1.76,95.44074008000001,63.63430950364474,1.6484152351304773,2.665673990547914,157.32596999999998,169.6283264160157,9311,109,0.06575564971751413,0.1419501133786848,0.9274746693240846,1.0000000000000004,-0.0634004345849561,0.5145875028364465
64251558,20260207,9.98865,11.0,1.0368590099999995,0.4524592933717025,8.441610590816977,22.076302535910333,8.75276,9.98865032196045,110634,7,0.027351479641029443,0.0020323514020993,0.8762705670936514,0.9999999045242156,-0.23258085538027487,1.0069365941736663
64251856,20260207,1000.0,14.0,0.6012973099999992,48.5123901409,11.061649352796888,15.06707751621743,6.65134,730.939957817,36349,356,0.08878602833414753,0.0482533039054024,0.00665134,0.730939957817,-0.2098821890859366,0.0762198225869593
64252001,20260207,500.0,31.59,2.267827349999999,0.0,22.71967484650012,0.0,51.5243,0.0,5454,0,0.003928545703378233,0.0,0.10304859999999999,0.0,-0.2807953514878088,-1.0
64252871,20260207,28.571428571428573,12.78,1.1795572099999987,0.1419960928553378,4.254927151858963,201.2113609118594,5.018929999999999,28.571428298950195,2991,13,0.005420442189198985,0.0214483577364463,0.17566254999999997,0.9999999332428016,-0.6670636031409262,14.744238271989405
64253222,20260207,217.39215,14.0,24.126202079999977,9.349318527748816,8.728238257382623,23.25218966296804,210.57924,217.39215087890625,73926,65,0.014431625183016106,0.0200061557402277,0.9686607359097373,1.0,-0.3765544101869555,0.6608706902120028
64253303,20260207,1000.0,23.0,3.345938229999995,0.0,18.80376614125363,0.0,62.91624,0.0,8295,0,0.0009206846030900373,0.0,0.06291624,0.0,-0.182444950380277,-1.0
64253514,20260207,16.666666666666668,58.15,0.2790060999999992,0.0548585975,10.790767657051259,17.215948403558738,3.0106900000000003,0.94446,9019,5,0.16221223021582734,0.0102504638218923,0.1806414,0.0566675956766055,-0.8144321985029879,-0.7039389862114276
64254884,20260207,1000.0,163.18,0.0012347400000000002,0.0,96.26318091258076,0.0,0.11886,0.0,5561,0,0.09930357142857144,0.0,0.00011886,0.0,-0.41007978359737246,-1.0
64254890,20260207,1000.0,163.18,0.039122879999999804,0.0,46.19803041084933,0.0,1.8074,0.0,18356,0,0.02192022928110819,0.0,0.0018073999999999998,0.0,-0.716889138308314,-1.0
64254998,20260207,1000.0,10.57,0.4476094999999991,0.5717850738,1.3856497683807003,11.715850222583716,0.6202299999999998,6.69896,1193,22,0.013634285714285715,0.0477633477633477,0.0006202299999999998,0.0066989599999999,-0.8689073066811068,0.108405918717347
64255309,20260207,25.09375,24.0,0.5498827399999997,0.0,12.541201056792588,0.0,6.89619,0.0,11700,0,0.0070202808112324495,0.0,0.27481703611457037,0.0,-0.47744995596697554,-1.0
64255540,20260207,1000.0,2.0,73.34858521999999,266.6458134427257,1.3878901644069095,3.750293257330674,101.79978,1000.0000000000002,188516,471,0.028558703226783822,0.0509694728689098,0.10179977999999999,1.0000000000000002,-0.30605491779654526,0.8751466286653371
64255680,20260207,606.9564399999999,1.48,329.98200748000005,264.42836603515394,0.9332794607556459,2.2953529067391854,307.96542999999997,606.9564208984368,77651,239,0.022702315518652788,0.0114716329077469,0.5073929687606576,0.9999999999999988,-0.3694057697596987,0.5509141061877341
64255726,20260207,1206.6908999999998,2.0,945.9149886999992,312.8258949608929,1.240916249369504,3.857388194357159,1173.80128,1206.690917968749,1746530,462,0.046620131863438594,0.0432428874563057,0.9727439562194429,0.9999999999999994,-0.37954187531524797,0.9286940971785796
64255761,20260207,3419.8565500000004,2.0,2706.637810390003,1126.3536259332734,1.2560370238492091,3.036219144269776,3399.6372999999994,3419.8564453125023,3919395,1240,0.07816762363659209,0.0200417552062175,0.9940876906079581,1.0000000000000009,-0.37198148807539544,0.5181095721348881
64255796,20260207,1000.0,2.0,198.59441599,289.75756686022174,1.4178653946351583,3.451160939073028,281.5801500000001,999.9999999999995,558633,581,0.03837529452981706,0.0217954008328018,0.28158015000000014,0.9999999999999996,-0.29106730268242087,0.725580469536514
64256201,20260207,1000.0,16.17,0.6501424899999995,1.1898668,5.747047851002637,19.03935882624944,3.7364,22.65432,1898,15,0.005142237875914386,0.0052594070477944,0.0037364,0.02265432,-0.6445857853430651,0.1774495198773758
64256247,20260207,43.15131,16.1,2.242744929999999,0.0,16.70514533277755,0.0,37.465379999999996,0.0,3918,0,0.014048045894585873,0.0,0.8682327373143479,0.0,0.037586666632145944,-1.0
64256707,20260207,51.54639175257732,14.0,2.1488356899999976,0.0,14.493942065900827,0.0,31.145099999999996,0.0,148163,0,0.04547667280540209,0.0,0.6042149399999999,0.0,0.03528157613577333,-1.0
64256969,20260207,1000.0,61.25,0.09872948999999959,0.0,10.862711840200983,0.0,1.07247,0.0,40833,0,0.22036157582298974,0.0,0.00107247,0.0,-0.8226496026089635,-1.0
64257309,20260207,1000.0,86.0,0.05459048999999929,0.0444168632,16.58493997764101,90.68175976551704,0.90538,4.02789,34985,1,0.009163414442494565,8.673779165582444e-05,0.00090538,0.00402789,-0.8071518607251045,0.0544390670408956
64257560,20260207,1000.0,146.47,0.0033209900000000002,0.0,45.25156655093812,0.0,0.15028,0.0,3354,0,0.02130876747141042,0.0,0.00015028,0.0,-0.6910523209466913,-1.0
64257941,20260207,1000.0,49.28,0.5970098999999986,0.0,16.712419676792667,0.0,9.97748,0.0,6446,0,0.03401583113456464,0.0,0.00997748,0.0,-0.6608681072079411,-1.0
64258631,20260207,1000.0,35.4,0.0152288999999999,0.0,20.43942766713302,0.0,0.31127,0.0,3645,0,0.018446356275303645,0.0,0.00031127,0.0,-0.42261503765160957,-1.0
64259714,20260207,314.20998000000014,2.7,23.736493330000002,0.0,2.7676670301156063,0.0,65.69471,0.0,6372,0,0.016973894512519978,0.0,0.2090790050653387,0.0,0.025061863005780054,-1.0
64259874,20260207,283.0188679245283,56.1,1.1502192899999983,3.0146517894370075,35.86409162030317,93.88108005503858,41.25157,283.0188598632811,88153,108,0.016921585564833478,0.0184358741380597,0.14575554733333335,0.9999999999999994,-0.36071137931723407,0.6734595830398442
64259903,20260207,1000.0,13.2,0.06668739999999959,0.6398938235,0.7598136979399454,217.58900820362703,0.05067,139.23407999999998,2795,20,0.07615803814713897,0.0485943619872191,5.067e-05,0.1392340799999999,-0.9424383562166708,15.484016011189665
64259917,20260207,1000.0,13.2,0.1527454999999998,0.6572199160999999,4.68256020635633,268.561461870979,0.7152399999999999,176.50421,1895,18,0.09869791666666666,0.0714743589743589,0.0007152399999999999,0.17650421,-0.6452605904275508,19.345565587241488
64260084,20260207,1000.0,35.0,0.00042429,0.0066920169,0.0,20.46610699578541,0.0,0.13698,1274,7,0.5790909090909091,0.3823529411764705,0.0,0.0001369799999999,-1.0,-0.4152540858347026
64260409,20260207,1000.0,96.5,0.1718161399999999,0.0,12.445803985585993,0.0,2.13839,0.0,2748,0,0.1501639344262295,0.0,0.00213839,0.0,-0.8710279379732021,-1.0
64260426,20260207,1000.0,131.27,0.010162239999999899,0.0,0.0,0.0,0.0,0.0,1972,0,0.003095275466959661,0.0,0.0,0.0,-1.0,-1.0
64260699,20260207,27.77777777777778,35.4,1.2609714499999978,0.0,2.2823910882359826,0.0,2.87803,0.0,35568,0,0.13281553398058252,0.0,0.10360907999999999,0.0,-0.9355256754735598,-1.0
64260763,20260207,1000.0,176.43,2.947e-05,2.779672555488328,0.0,359.7544747747624,0.0,999.9999999999998,17980,9,0.25539772727272725,0.1342261904761904,0.0,0.9999999999999998,-1.0,1.0390777629054808
64261065,20260207,1000.0,121.55,0.0688723999999997,0.0,45.72397651308817,0.0,3.1491199999999995,0.0,21310,0,0.025153446647780926,0.0,0.0031491199999999996,0.0,-0.6238257794069257,-1.0
64261251,20260207,1000.0,79.04,0.30957017999999936,0.0,23.35761151154809,0.0,7.23082,0.0,1966,0,0.01323905723905724,0.0,0.00723082,0.0,-0.7044836600259605,-1.0
64261557,20260207,1236.2189999999996,41.08,3.174246849999999,0.0,18.125855586814243,0.0,57.53594,0.0,245674,0,0.0055992032199395575,0.0,0.046541866772796744,0.0,-0.5587669039237039,-1.0
64261838,20260207,1000.0,39.04,3.2300553899999986,0.0,32.512925420761924,0.0,105.01855000000002,0.0,3175,0,0.005731046931407942,0.0,0.10501855000000002,0.0,-0.16718941032884413,-1.0
64264364,20260207,171.42857142857142,20.47,1.1300918799999988,3.962181615420747,16.27196896592162,43.26619700495412,18.38882,171.42857360839838,71396,117,0.02991536076426716,0.1233799444386325,0.10726811666666666,0.9999999999999996,-0.2050821218406634,1.1136393969846172
64264474,20260207,1000.0,42.65,0.04366322999999919,0.0,14.829411383445795,0.0,0.6475,0.0,1731,0,0.017735655737704917,0.0,0.0006475,0.0,-0.6522998503295242,-1.0
64264541,20260207,283.49287999999984,40.51,0.44214112999999877,0.6320637871000001,14.859757562025543,41.012520439457326,6.570110000000001,25.92257,53294,3,0.03396036449372332,0.0001801502754106,0.023175573227800304,0.0914399301318317,-0.6331829779801149,0.0124048911070185
64265070,20260207,10.42728,14.5,1.1695604099999977,0.4229602467828972,4.689582473127669,24.65303974143436,5.48475,10.42728042602539,5985,2,0.009328241895261845,0.037037037037037,0.5260000690496467,0.999999908540464,-0.6765805190946436,0.7002096373403006
64265671,20260207,363.78365,3.0,3.2387437199999987,1.9257878183,20.569083496362605,12.774136897168216,66.61799,24.600290000000005,4342,22,0.013788504287075261,0.0054079799328685,0.1831252998863473,0.067623405460006,5.856361165454202,3.2580456323894054
64265818,20260207,103.28789000000005,3.0,8.711936509999997,0.0,11.81935266422184,0.0,102.96945,0.0,12071,0,0.023955149831315737,0.0,0.99691696674218,0.0,2.93978422140728,-1.0
64267444,20260207,72.20216606498195,3.4,0.0052856199999999996,14.96242602184679,0.0,4.825564969564493,0.0,72.20216369628905,1372,15,0.00017793225086891112,0.5005359056806002,0.0,0.9999999999999998,-1.0,0.4192837747679542
64268049,20260207,1000.0,91.46,0.0990382899999995,0.0,34.011794832079765,0.0,3.36847,0.0,11358,0,0.031169045005488474,0.0,0.0033684699999999997,0.0,-0.6281238264587823,-1.0
64269101,20260207,1000.0,2.08,48.0407577,413.74493484618375,0.7118522195997753,2.4169480115927446,34.197919999999996,1000.0000000000016,1547805,2731,0.1394695345023338,0.0338068520666998,0.03419792,1.0000000000000016,-0.6577633559616466,0.1619942789643618
64269326,20260207,1000.0,148.86,0.0331592899999998,0.0,48.72993360231807,0.0,1.6158499999999998,0.0,1214,0,0.002946601941747573,0.0,0.0016158499999999998,0.0,-0.6726458847083295,-1.0
64270053,20260207,4.464285714285714,66.55,0.0368660799999991,0.0640934916383257,1.7273330931848885,69.65163052881525,0.06368,4.464285850524902,29681,1,0.9189164086687307,0.0227272727272727,0.01426432,0.9999997615814208,-0.9740445816200619,0.0466059704707332
64272249,20260207,8.23428,6.0,0.8628780999999992,0.6553048912317707,4.745583414389592,12.565551054470887,4.09486,8.234279632568361,2611,9,0.006648841354723708,0.0349107320634499,0.4972942382333367,0.9999998841824363,-0.20906943093506802,1.094258509078481
64273314,20260207,2.22544,16.41,0.084113379999999,0.0657869379436556,0.19533158696036462,33.82747802850389,0.01643,2.22544002532959,51074,6,0.021018106995884772,0.0037960301725822,0.007382809691566612,0.9999995714672618,-0.9880967954320314,1.061394170813387
64273516,20260207,1.7391304347826086,22.76,0.0370937599999997,0.0358300195151389,15.461630204109927,48.53700512302397,0.57353,1.7391303777694702,20375,8,0.0023010898413236207,0.0006172868189043,0.32977975,0.9999994516375508,-0.3206665112429734,1.132557321393688
64273883,20260207,38.46153846153846,1.32,24.234725759999996,0.0,0.6362085609175056,0.0,15.418339999999999,0.0,2637,0,0.03642265193370166,0.0,0.40087684,0.0,-0.5180238174867382,-1.0
64273959,20260207,3.27383,2.5,0.2697672899999996,0.4708087605027172,0.05805003267816503,6.953615263807402,0.01566,3.273829936981201,4144,10,0.017209302325581394,0.1561615577405051,0.004783388263898859,0.9999997086977463,-0.9767799869287339,1.781446105522961
64274214,20260207,79.67623999999999,1.6,40.99543987,28.180246091903435,0.9381767855635404,2.827379006075641,38.46097,79.6762390136719,3973,49,0.009967385850476669,0.0863685580666712,0.48271567533809334,1.0000000000000004,-0.41363950902278723,0.767111852465257
64274224,20260207,20.75117,2.6,11.859701890000004,2.858676437393854,1.5895610340674418,7.259010384756788,18.85172,20.75116920471191,47499,33,0.0851236559139785,0.0321926357395465,0.9084654021917801,0.9999999080847716,-0.38863037151252244,1.7919271734675817
64274496,20260207,1.4749262536873156,4.87,0.6346609699999999,0.2109492248176901,0.19281160459575766,6.991821101713939,0.12236999999999999,1.4749262332916258,11921,6,0.06405695862439549,0.1582417582417582,0.08296686,0.9999993534092224,-0.9604082947441976,0.4356922517486403
64274858,20260207,1000.0,30.8,0.0925168099999999,0.0,50.51319862844391,0.0,4.67332,0.0,1243,0,0.06718918918918919,0.0,0.004673320000000001,0.0,0.6400389165079191,-1.0
64274912,20260207,1000.0,69.46,0.0025896699999999996,0.0,0.0,0.0,0.0,0.0,1941,0,0.3235,0.0,0.0,0.0,-1.0,-1.0
64275253,20260207,17.857142857142858,36.0,0.0047236899999999,0.0630672027999999,0.0,187.75610330218572,0.0,11.84144,29358,50,0.006165056698866023,0.000686029671657,0.0,0.6631205489342508,-1.0,4.215447313949604
64275363,20260207,1659.0334900000007,43.2,67.53984965,3.487056923799999,24.175472827692328,51.65168978143146,1632.8078,180.11243413000005,126053,42,0.019687783088120452,0.0004018249196781,0.9841921877056258,0.1085646792877241,-0.440382573433048,0.1956409460469862
64275616,20260207,1000.0,37.4,0.040250760000000003,0.0,30.24588852483779,0.0,1.21742,0.0,2249,0,0.28833333333333333,0.0,0.0012174199999999999,0.0,-0.1912864030792035,-1.0
64275625,20260207,1000.0,37.4,0.0367623399999999,0.0,15.191633612006237,0.0,0.5584799999999999,0.0,1157,0,0.2966666666666667,0.0,0.0005584799999999999,0.0,-0.5938065879142718,-1.0
64277034,20260207,21.53507,48.0,0.0150192099999998,0.4806508819766973,0.0,44.80388244970104,0.0,21.535070419311523,93407,11,0.03147454257505813,0.0015430844338444,0.0,0.9999999114305907,-1.0,-0.0665857822978949
64277064,20260207,1000.0,10.01,0.2871622799999993,53.723742638,3.543153369586014,16.461800650345065,1.01746,884.389557959,5193,375,0.012181562280084447,0.0824248061070853,0.00101746,0.884389557959,-0.6460386244169817,0.6445354919021741
64277259,20260207,6.227130000000001,48.0,0.004693449999999999,0.1802420238129436,0.0,34.548521238085655,0.0,6.227129936218262,18015,3,0.006248699271592092,0.0010364145658263,0.0,0.999999846851731,-1.0,-0.2802391408732155
64277308,20260207,1000.0,10.01,0.0255705699999998,4.1882742924,3.227538533556375,13.53879094406588,0.08252999999999999,56.7041836,1079,47,0.020093109869646183,0.0618168040162925,8.253e-05,0.0567041836,-0.6775685780662962,0.3525265369127995
64277365,20260207,1000.0,8.4,0.3410022699999993,10.9229119671,2.546053432430235,20.252963716393467,0.8682099999999999,221.22136,3623,273,0.012219224283305227,0.061499488717226,0.0008682099999999999,0.2212213599999999,-0.6968984009011626,1.411067218588407
64277430,20260207,11.11111111111111,29.66,0.2584786599999994,0.1913566525,13.298660709553381,46.24952221338522,3.4374199999999995,8.8502,12110,1,0.007286840363439437,7.233796296296296e-05,0.30936779999999997,0.7965179620190638,-0.5516297805275326,0.5593230765785245
64277460,20260207,376.40849,52.58,3.022726399999999,0.0,19.713292608950656,0.0,59.58789000000001,0.0,12033,0,0.005504574565416286,0.0,0.15830644521328416,0.0,-0.625080018848409,-1.0
64277798,20260207,10.81081081081081,46.93,0.006884909999999999,0.0,1.2621806240023472,0.0,0.00869,0.0,1940,0,0.011672683513838749,0.0,0.000803825,0.0,-0.9731050367781302,-1.0
64277822,20260207,4.587155963302752,41.08,0.0077407199999999995,0.0006083638,0.0,103.0911255312508,0.0,0.06282,1250,1,0.5681818181818182,0.1,0.0,0.0136947575838373,-1.0,1.5095209575506496
64278016,20260207,1000.0,8.39,0.0772066999999996,1.9671665024,2.689921988635715,14.701437454978567,0.20768,28.92019,1631,28,0.016954261954261956,0.0537691503165293,0.00020768,0.02892019,-0.6793895126775071,0.7522570743014115
64278103,20260207,34.95034,1.0,8.63609402,0.0,0.4151228543479891,0.0,3.58504,0.0,1317,0,0.004391463821273758,0.0,0.1025752539174154,0.0,-0.5848771456520109,-1.0
64278221,20260207,131.12874,1.0,29.110290070000005,0.0,3.399350187237759,0.0,98.95607,0.0,22930,0,0.03133798004646713,0.0,0.7546482182319452,0.0,2.399350187237759,-1.0
64278923,20260207,285.51958,1.0,41.16057128000001,22.835808353480854,4.540073040502268,12.503151864054022,186.87199999999999,285.5195922851564,14070,116,0.006094602789569436,0.0301993723390181,0.6544980207662114,1.0000000000000009,3.540073040502268,11.503151864054022
64279071,20260207,908.5176,1.0,363.02720205,150.3888672928214,2.3590500248024044,6.041122514174584,856.3993300000001,908.5175781249995,34428,237,0.03479684657368102,0.1631290051765728,0.94263372553267,0.9999999999999996,1.3590500248024044,5.041122514174584
64279494,20260207,2330.69918,1.0,45.67883813999999,0.0,10.02593867638158,0.0,457.97322999999994,0.0,19741,0,0.0148943715104874,0.0,0.1964960703337099,0.0,9.02593867638158,-1.0
64279763,20260207,367.6441400000002,3.0,100.87297744000001,46.133892060169934,3.445501152245952,7.969068078472942,347.55796,367.6441345214846,18790,418,0.0223610615256456,0.1549979605381831,0.945365156643051,1.0000000000000009,0.148500384081984,1.656356026157647
64280314,20260207,148.10778000000005,1.0,8.279366869999999,0.0,2.70656686095129,0.0,22.40866,0.0,1579,0,0.004259509036957108,0.0,0.1512996818938208,0.0,1.7065668609512898,-1.0
64280330,20260207,818.6775700000001,1.0,26.509144259999996,0.0,3.460084908829117,0.0,91.72389,0.0,1318,0,0.002494794624266515,0.0,0.11203909006570192,0.0,2.460084908829117,-1.0
64281525,20260207,22.689660000000003,3.15,3.3950834399999987,0.0,1.4608683667580202,0.0,4.959769999999999,0.0,3435,0,0.05252293577981652,0.0,0.21859164042123144,0.0,-0.5362322645212634,-1.0
64282585,20260207,1000.0,75.77,0.9813882999999991,0.213620783,13.241506954994279,53.06106821512672,12.99506,11.335,69049,1,0.46781165311653117,0.0004208754208754,0.012995060000000001,0.011335,-0.8252407687080074,-0.2997087162998805
64282626,20260207,24.252223120452708,2.1,11.260596589999999,0.0,1.0874530405320206,0.0,12.245370000000001,0.0,4456,0,0.0002377585811319144,0.0,0.5049174230000001,0.0,-0.48216521879427593,-1.0
64282700,20260207,1000.0,75.77,1.0443456899999999,0.0,41.684396667544064,0.0,43.532920000000004,0.0,5778,0,0.04410687022900763,0.0,0.04353292,0.0,-0.44985618757365625,-1.0
64283544,20260207,43.87046,90.0,0.38279185999999876,0.0,111.76436719422439,0.0,42.782489999999996,0.0,24992,0,0.05808040901696491,0.0,0.9752003968045923,0.0,0.2418263021580488,-1.0
64284543,20260207,50.53480999999999,39.0,1.0065213999999978,0.0,35.35973502401447,0.0,35.59033,0.0,22256,0,0.04059832178037213,0.0,0.7042735492623798,0.0,-0.09334012758937259,-1.0
64284846,20260207,48.1084,20.0,0.7217396999999988,0.1167722732538299,13.20391548365708,411.9812444832887,9.529789999999998,48.1083984375,17441,1,0.0561345349211458,0.0014903129657228,0.19808993855542895,1.0,-0.33980422581714603,19.599062224164435
64284892,20260207,39.037420000000026,39.0,0.3397447199999992,0.0038395604,42.37252016749527,72.12749472707159,14.39584,0.27701,56968,1,0.05185508829419261,9.512937595129375e-05,0.36877027221573533,0.0070960122774144,0.08647487608962223,0.8494229417197844
64284934,20260207,1000.0,28.6,0.1691272599999999,0.0,11.384149426887191,0.0,1.9253699999999998,0.0,29263,0,0.16895496535796767,0.0,0.0019253699999999998,0.0,-0.6019528172417066,-1.0
64285482,20260207,1000.0,15.05,0.3025239099999994,9.0561311759,4.0481758945929345,20.445443221636623,1.22467,185.15663621,2872,51,0.005589723627870767,0.0057776523581654,0.00122467,0.18515663621,-0.7310182129838583,0.3585011935231287
64285951,20260207,64.51612903225806,9.5,0.2308861099999996,1.5312936692284285,2.757593343315459,42.13175284711644,0.6366899999999998,64.51612854003906,7739,18,0.018027020731423246,0.0249399001088626,0.009868694999999997,1.0,-0.7097270164931095,3.434921352328046
64286119,20260207,1000.0,86.31,0.5850025299999988,0.001858944,20.02481937984101,79.56153518600559,11.714569999999998,0.14798,161608,1,0.03876979176662508,1.231284475965327e-05,0.011714569999999999,0.00014798,-0.7679895796565751,-0.0781886521084281
64287339,20260207,31.51393999999999,9.5,3.4181501899999986,0.0,8.02072421516388,0.0,27.416040000000002,0.0,1032,0,0.00018701072774717308,0.0,0.8699654819422773,0.0,-0.15571324050906535,-1.0
64287527,20260207,500.0,14.85,12.79967503,22.118401015699703,13.407891184562363,22.60561136582556,171.61665,500.0000000000002,84430,131,0.020606252898250067,0.0144231729343436,0.34323329999999996,1.0000000000000004,-0.0971117047432752,0.5222633525338838
64287886,20260207,31.746031746031747,2.66,18.354473369999997,7.637967209511599,1.2150552919950108,4.156344977707767,22.301699999999997,31.74603080749512,4361,8,0.0076055109870945235,0.0173160173160173,0.7025035499999999,0.99999993991852,-0.5432122962424771,0.5625356554865624
64287936,20260207,83.33333333333333,2.1,10.671996870000001,0.0,0.578496234135421,0.0,6.17371,0.0,2186,0,0.000713469760762427,0.0,0.07408452,0.0,-0.7245256027926567,-1.0
64288087,20260207,1712.0154800000005,942.48,2.094577309999999,0.0,567.8516874605122,0.0,1189.40926,0.0,118965,0,0.08652,0.0,0.6947421176355248,0.0,-0.3974920555762328,-1.0
64288096,20260207,63.048920000000045,2.59,30.43196622,15.240672402528428,0.9891733508897146,4.13688542576305,30.10249,63.04891967773441,14465,174,0.004192389067617309,0.0081437798371244,0.4774465605437806,1.0000000000000009,-0.6180797873012684,0.597253113071963
64288123,20260207,1000.0,96.08,0.0197546899999999,0.0030910808,0.0,177.0555284325041,0.0,0.5474700000000001,3280,1,0.13279352226720648,0.0238095238095238,0.0,0.00054747,-1.0,0.8427927254189201
64288346,20260207,1000.0,96.08,0.0739912399999992,0.0,34.341632874378476,0.0,2.5409800000000002,0.0,71858,0,0.013404592683791296,0.0,0.0025409800000000004,0.0,-0.6425725137970599,-1.0
64288373,20260207,93.75,72.0,0.10889775999999961,0.0171753594,35.616159597773304,14.712663732455434,3.8785199999999995,0.25271,7912,2,0.03192897497982244,0.0008225108225108,0.04137087999999999,0.0026955733333333,-0.505331116697593,-0.7956574481603412
64288469,20260207,1000.0,48.4,0.0222398099999995,0.0710934403,11.540566218866338,140.03936113693547,0.25666,9.95602,36100,28,0.10284900284900285,0.0062609573347626,0.00025666,0.00995602,-0.7615585491969765,1.893375138884202
64288538,20260207,1000.0,81.44,0.103964159999999,0.0347639742,24.59693802171849,135.2309359688809,2.5572,4.701299999999999,1402072,65,0.15079934606780243,0.0002837269532591,0.0025572,0.0047012999999999,-0.6979747295957947,0.6604976905075083
64288593,20260207,6.666666666666667,42.48,0.0149318499999999,0.0,11.833764737792114,0.0,0.1767,0.0,1538,0,0.04090425531914894,0.0,0.026504999999999997,0.0,-0.7214273837619558,-1.0
64288685,20260207,1000.0,48.4,0.0020412599999999,0.0,5.839530486072614,0.0,0.01192,0.0,8469,0,0.0071197982345523325,0.0,1.192e-05,0.0,-0.8793485436761858,-1.0
64289306,20260207,1875.4841000000013,48.47,33.886855819999965,2.465589070900001,39.37990107693624,51.030024246720366,1334.46103,125.81912110050004,127531,72,0.014373577079999098,0.000459695924995,0.7115288420733608,0.0670862093846924,-0.18754072463510948,0.0528166486804991
64290009,20260207,1000.0,81.44,0.22693637999999983,0.0,73.24299435815453,0.0,16.6215,0.0,3351,0,0.009110929853181076,0.0,0.0166215,0.0,-0.10065085513071544,-1.0
64290316,20260207,29.29814,46.01,2.8079208299999987,0.0,10.03276150061539,0.0,28.1712,0.0,168312,0,0.3561404993652137,0.0,0.9615354421816538,0.0,-0.7819438926186615,-1.0
64290705,20260207,1000.0,80.0,0.010007419999999899,0.0,60.744927263970744,0.0,0.6079,0.0,10077,0,0.007677714285714286,0.0,0.0006079,0.0,-0.2406884092003657,-1.0
64290708,20260207,1000.0,80.0,0.0028080099999999,0.0,21.381690236146643,0.0,0.060039999999999996,0.0,13154,0,0.013032795006440107,0.0,6.0039999999999994e-05,0.0,-0.7327288720481671,-1.0
64291686,20260207,149.58566000000005,14.0,0.3031502899999988,0.1309579759999999,1.991487456601154,16.675374737200144,0.6037199999999999,2.18379,2018,5,0.001978043520878259,0.0005363682292263,0.00403594836563879,0.0145989258496624,-0.8577508959570604,0.191098195514296
64292377,20260207,500.0,14.85,6.535399799999999,0.0,11.858767997636505,0.0,77.50179,0.0,82898,0,0.0449921302578019,0.0,0.15500358,0.0,-0.2014297644689222,-1.0
64293134,20260207,37.5,7.5,0.42062227999999935,3.106881794862264,2.63264703904891,12.069975752549263,1.1073499999999998,37.50000000000001,59369,126,0.010632365056055016,0.0117741112499557,0.029529333333333328,1.0000000000000002,-0.6489803947934786,0.6093301003399018
64294249,20260207,1000.0,16.12,0.0075479599999997,0.6039784081,8.69241490415988,50.97605909587963,0.06561,30.788490000000003,10597,54,0.04617429193899782,0.0324445133012551,6.561e-05,0.03078849,-0.46076830619355585,2.162286379775638
64294584,20260207,1000.0,16.12,0.010801759999999801,0.5954883103999999,16.105708699323372,39.52079338618469,0.17397,23.53421,1943,21,0.018845780795344325,0.0254319853901622,0.00017397000000000002,0.02353421,-0.0008865571139347728,1.4516619930935526
64295073,20260207,1000.0,46.11,0.5205999499999986,0.0109553349,8.156877464164204,33.001911980620456,4.2464699999999995,0.36158,42468,5,0.010845016471309277,8.386975150204961e-05,0.00424647,0.00036158,-0.8230995995626935,-0.2842786479336627
64295359,20260207,1000.0,16.12,0.0141792999999997,1.0851292788,8.638649298625644,59.23956897699647,0.12249,64.28265,13127,97,0.03294102885821832,0.0318506616240412,0.00012249,0.06428265,-0.4641036415244638,2.674911035538982
64296593,20260207,1000.0,150.25,0.0549204399999998,0.0842025181999999,31.35608527535479,155.62128851760974,1.72209,13.10386,11352,1,0.02329093147312269,0.0001104728236853,0.00172209,0.01310386,-0.791307252743063,0.0357490084366704
64296663,20260207,1000.0,142.02,0.00066519,0.0,37.50808039808175,0.0,0.02495,0.0,5388,0,0.029883527454242928,0.0,2.495e-05,0.0,-0.7358957865224494,-1.0
64297425,20260207,16.129032258064516,30.0,0.06589823999999969,0.0210492028,0.5097252976710783,53.342478961770375,0.03359,1.1228699999999998,20530,15,0.01651117902525334,0.0007997089540415,0.00208258,0.0696179322984312,-0.9830091567442973,0.7780826320590125
64297686,20260207,72.98465,13.5,7.2654793999999985,2.519952584703041,5.7479813376113915,28.96269601997604,41.76184,72.98464965820312,7319,11,0.011315708101422387,0.0350949251551661,0.5722003188341658,1.0,-0.5742236046213784,1.1453848903685953
64297824,20260207,1000.0,33.0,0.00205724,0.0,14.995819641850245,0.0,0.03085,0.0,1078,0,0.006382474837181764,0.0,3.085e-05,0.0,-0.545581222974235,-1.0
64297828,20260207,1000.0,33.0,3.462e-05,0.0,0.0,0.0,0.0,0.0,1020,0,0.007981220657276996,0.0,0.0,0.0,-1.0,-1.0
64297900,20260207,1000.0,33.75,0.0617128899999995,0.0,38.60765554813621,0.0,2.38259,0.0,11004,0,0.03144,0.0,0.00238259,0.0,0.14393053475959133,-1.0
64298103,20260207,1000.0,142.02,0.0007886299999999,0.0,0.0,0.0,0.0,0.0,1761,0,0.012696467195385724,0.0,0.0,0.0,-1.0,-1.0
64298522,20260207,1000.0,18.66,0.3327590199999992,19.2331849579,16.21981576938174,19.09677527612816,5.39729,367.291830082,28618,302,0.026962502355379687,0.011066325591701,0.00539729,0.367291830082,-0.13077085908993896,0.023407043530958
64298582,20260207,300.0,1.65,53.73150039,80.92921001407935,0.9656210904852419,3.7069433427172407,51.88427,300.0000000000002,6656,205,0.010524984187223276,0.123697448796263,0.17294756666666666,1.0000000000000009,-0.4147750966756109,1.2466323613825032
64300236,20260207,1000.0,69.46,0.0026122100000000002,0.0,22.080919987290454,0.0,0.05768,0.0,8585,0,0.01765734265734266,0.0,5.7680000000000003e-05,0.0,-0.6821059604478771,-1.0
64300269,20260207,3.38267,15.0,0.0333015799999996,0.0395033750613926,101.57686211885564,85.62772909159519,3.38267,3.3826699256896973,3055,3,0.006665939341042985,0.0054021608643457,1.0,0.9999997180706164,5.7717908079237095,4.708515272773012
64300626,20260207,124.2748,33.41,3.2618417499999994,0.0,37.82700678228796,0.0,123.38571,0.0,96612,0,0.05384683981718872,0.0,0.992845774042686,0.0,0.13220612937108542,-1.0
64301193,20260207,1000.0,3.42,9.928241279999998,0.0,1.860995263805676,0.0,18.476409999999998,0.0,115018,0,0.030119674234687196,0.0,0.01847641,0.0,-0.4558493380685158,-1.0
64302336,20260207,336.33232000000004,1.51,504.9833824899996,67.53953654959008,0.6660265103013773,4.9797839622644045,336.33232000000004,336.3323059082032,26034,80,0.010646111065674327,0.3010204081632653,1.0,1.0000000000000002,-0.5589228408600151,2.297870194513474
64303588,20260207,1000.0,31.0,0.016442449999999803,0.0,20.38017448737894,0.0,0.33509999999999984,0.0,1900,0,0.014492753623188406,0.0,0.00033509999999999985,0.0,-0.3425750165361632,-1.0
64305805,20260207,1000.0,182.33,0.00023547,0.0,97.12489913789443,0.0,0.02287,0.0,2240,0,0.0010689572894297303,0.0,2.2870000000000003e-05,0.0,-0.46731256985743197,-1.0
64306710,20260207,1000.0,121.55,0.0146294599999999,0.0,29.9888034144803,0.0,0.43872,0.0,2496,0,0.003601211946328091,0.0,0.00043872,0.0,-0.7532801035419144,-1.0
64308626,20260207,1000.0,56.21,0.027933749999999702,0.0,4.5801226115362725,0.0,0.12794,0.0,1425,0,0.008352872215709262,0.0,0.00012794,0.0,-0.9185176550162556,-1.0
64310320,20260207,10.869565217391305,50.4,0.07476015999999999,0.0909834541456044,0.8957979758202765,119.46617817452636,0.06697,10.8695650100708,2982,1,0.041359223300970874,0.1428571428571428,0.00616124,0.9999999403953552,-0.9822262306384865,1.3703606063024427
64310659,20260207,11.363636363636363,36.0,0.44079624999999767,0.0071474374,5.492061241446614,83.11746564361046,2.4208799999999995,0.59416,55028,4,0.03378023327194598,0.0001436986645281,0.21303743999999997,0.0522860772076222,-0.8474427432931496,1.3088184901002906
64312120,20260207,22.371364653243848,20.0,0.0240902799999997,0.0118042807999999,7.66035097973134,8.558881547315675,0.18454,0.10104,1194,1,0.02417004048582996,0.001058201058201,0.008248938,0.0045164876269914,-0.616982451013433,-0.5720559226342162
64312289,20260207,16.666666666666668,7.15,0.03751136,0.5510037803969959,0.0,30.247770298608927,0.0,16.66666603088379,2427,3,0.006325254104769351,0.0189638318670576,0.0,0.9999998855590908,-1.0,3.2304573279945563
64312520,20260207,500.0,1.87,14.819218549999997,0.0,0.8621905370307129,0.0,12.77699,0.0,2305,0,0.0003892529046203729,0.0,0.02555398,0.0,-0.5389355416948061,-1.0
64313364,20260207,28.82184,14.0,0.8467107599999993,0.8453180272088634,6.343606640832111,34.09581395727121,5.3712,28.821840286254886,2769,6,0.006105843439911797,0.0154202279202279,0.18635867800251474,0.9999999338228064,-0.5468852399405635,1.4354152826622293
64313400,20260207,500.0,1.05,21.488906529999998,173.9879408981275,0.4705595413095223,2.873762368502279,10.111809999999998,499.9999999999998,2270,305,0.0035810064678971445,0.1112990244355242,0.020223619999999998,0.9999999999999996,-0.5518480558956931,1.73691666572251
64313710,20260207,3.56287,14.0,0.10209126999999911,0.1659712997012971,0.2856267729846073,21.46665456854498,0.02916,3.5628700256347656,6444,4,0.07128318584070796,0.0552584670231729,0.008184413127619024,0.99999973232982,-0.9795980876439566,0.5333324691817841
64313873,20260207,37.76841,14.5,0.058672329999999696,0.2203764421897815,2.781208791264994,171.38056124854666,0.16318,37.76840972900391,2457,4,0.03540345821325649,0.0784313725490196,0.00432054195556551,1.0,-0.8081924971541383,10.819349051623908
64315646,20260207,1000.0,8.39,5.908616819999999,0.0,2.321692270442408,0.0,13.717989999999999,0.0,5380,0,0.0016883198393271826,0.0,0.01371799,0.0,-0.7232786328435746,-1.0
64316387,20260207,1000.0,79.04,0.7306345299999994,0.0316632532,6.388488099515367,82.8688421427858,4.66765,2.62398,11747,2,0.022097441685477802,0.0015440041173443,0.00466765,0.00262398,-0.9191739865952002,0.0484418165853826
64316397,20260207,8.95743,14.5,0.2817284699999998,0.0956212474377672,21.47298070372513,93.67516583098424,6.04955,8.957429885864258,1110,1,0.008460365853658537,0.05,0.6753667067451267,0.9999998807907104,0.4808952209465608,5.46035626420581
64319351,20260207,6.45712,1.3,3.6792115499999998,0.0,1.5482773748087413,0.0,5.69644,0.0,2480,0,0.005968712394705174,0.0,0.8821951582129495,0.0,0.19098259600672401,-1.0
64319847,20260207,10000.0,268.0,40.71449001999993,3.3631006143000004,65.25707969557921,72.17975551729673,2656.9087199999994,242.7478523,2577175,131,0.22335635790057548,0.0048356377445414,0.26569087199999997,0.02427478523,-0.7565034339717194,-0.7306725540399377
64321572,20260207,4933.305690000001,1.0,4041.43899848,2112.702702478394,0.7567647541260137,2.33506856215037,3058.41859,4933.305664062492,107475,1571,0.10128640090472152,0.3500894288166226,0.6199531880214785,0.9999999999999984,-0.24323524587398626,1.33506856215037
64321933,20260207,50.13335000000003,26.93,1.425379699999999,1.343777257304947,33.43966523446351,37.30775527865799,47.66422,50.13335037231446,66805,19,0.04123001913225946,0.0502645502645502,0.950748753075547,1.0000000000000002,0.24172540788947314,0.3853603734080786
64322228,20260207,70.37037037037037,27.0,1.58311936,0.0,12.335380700543007,0.0,19.52838,0.0,80365,0,0.0852588584765542,0.0,0.27750855789473683,0.0,-0.5431340481280368,-1.0
64322287,20260207,72.20216606498195,3.4,22.97907131,14.049951151026146,1.7013389911448082,5.138961536677956,39.09519,72.20216369628908,29656,19,0.0036958201440642057,0.0375494071146245,0.5414683815,1.0000000000000002,-0.4996061790750564,0.5114592330982268
64324670,20260207,1000.0,8.39,4.789910639999999,0.0,2.115461176954233,0.0,10.13287,0.0,5060,0,0.0012384052473139334,0.0,0.01013287,0.0,-0.7478592160960391,-1.0
64325123,20260207,146.2962962962963,27.0,0.00340678,0.0,19.85746071070043,0.0,0.06765,0.0,1045,0,0.06741935483870967,0.0,0.0004624177215189873,0.0,-0.2645384921962804,-1.0
64325724,20260207,1000.0,67.37,0.04887855,0.2060051956,38.91686639640497,20.71821183614926,1.9022000000000001,4.268079999999999,3509,5,0.816046511627907,0.1592592592592592,0.0019022000000000002,0.00426808,-0.42234130330406755,-0.6924712632997424
64325857,20260207,1000.0,58.15,0.4888900399999988,0.130665278,9.944240222198045,159.21950420903548,4.8616399999999995,20.80462,32356,17,0.03378863826232247,0.0069220755135581,0.0048616399999999995,0.02080462,-0.8289898500051927,1.7380825456758913
64326105,20260207,27.51538,48.47,2.9213346499999995,0.0,8.051806046938172,0.0,23.52202,0.0,121481,0,0.09831741663968922,0.0,0.8548680774170664,0.0,-0.8338806262236813,-1.0
64326658,20260207,1000.0,76.48,0.09384180999999919,0.0,2.29631120712614,0.0,0.21549000000000001,0.0,3056,0,0.020373333333333334,0.0,0.00021549,0.0,-0.9699750103670746,-1.0
64327104,20260207,4.464285714285714,66.55,0.39735206999999895,0.0359216459942269,0.05284985680331313,124.27497270781062,0.021,4.464285850524902,41588,1,0.7534057971014493,0.0625,0.004704,0.9999997615814208,-0.9992058624071627,0.8673924419080563
64328400,20260207,1000.0,300.0,1.0646864999999983,0.0,289.89371988843715,0.0,308.64593,0.0,8998,0,0.007311880383552739,0.0,0.30864593,0.0,-0.033687600371876174,-1.0
64329429,20260207,29.27974,2.6,9.278404769999998,0.0,2.9739972208606296,0.0,27.593950000000003,0.0,45730,0,0.1421510724277277,0.0,0.9424246936618974,0.0,0.14384508494639595,-1.0
64329733,20260207,9.54238,30.63,0.07121741000000001,0.0785260127053526,6.223759049928942,121.51716975089184,0.44324,9.542380332946776,2133,2,0.02669586983729662,0.1169590643274853,0.046449627870615094,0.9999999000590852,-0.7968083888367959,2.967259976505025
64329848,20260207,3.886010362694301,2.17,0.1599893299999996,0.1493958725628997,2.891755343934506,26.011323675904816,0.46265,3.886010408401489,7868,8,0.03297569153394803,0.3866666666666666,0.11905526666666666,0.9999997545878724,0.3326061492785743,10.986784682666231
64330332,20260207,2.2222222222222223,39.44,0.0206249999999999,0.0044028646,0.0,53.2963706468178,0.0,0.23471,8855,2,0.7767543859649123,0.0310077519379844,0.0,0.1056194496367217,-1.0,0.3513279032095402
64330383,20260207,3.83043,48.47,0.20456177999999892,0.0777783490541279,14.937003383525585,49.24739120864969,3.05554,3.830430030822754,405234,1,0.36259305654974944,0.1428571428571428,0.7977015635320317,0.9999997615814208,-0.6918299281302747,0.0160385799126927
64331321,20260207,1000.0,46.01,0.0516835,0.0,1.4453355519653275,0.0,0.0747,0.0,1305,0,0.03625,0.0,7.47e-05,0.0,-0.9685864909375065,-1.0
64331689,20260207,16.34884,2.54,5.623942929999998,0.0,1.6838079827385455,0.0,9.469640000000002,0.0,67274,0,0.38245594087549745,0.0,0.5792239694070039,0.0,-0.3370834713627774,-1.0
64331738,20260207,9.726480000000002,39.44,1.047348069999999,0.0,9.28676939271966,0.0,9.72648,0.0,1593,0,0.008144171779141104,0.0,0.9999999999999998,0.0,-0.7645342446064994,-1.0
64332826,20260207,1000.0,55.94,0.4100570199999973,0.0,10.292446645590967,0.0,4.22049,0.0,97061,0,0.01457131704973653,0.0,0.0042204899999999995,0.0,-0.8160091768753849,-1.0
64332866,20260207,128.2051282051282,23.0,2.8191928399999986,0.0,16.53453404769573,0.0,46.614039999999996,0.0,29765,0,0.007353195484078164,0.0,0.36358951199999995,0.0,-0.281107215317577,-1.0
64333168,20260207,1000.0,11.98,0.4383652399999971,22.22081830493047,0.9315747754087498,45.00284108687716,0.40837,999.9999999999984,22439,3939,0.001033774227283826,0.0905131870061154,0.00040837,0.9999999999999984,-0.922239167328151,2.756497730088928
64333572,20260207,45.45454545454545,1.87,1.1935525299999994,2.573284413721172,1.2449473003086013,17.664011860095997,1.48591,45.45454406738282,43109,51,0.092767376802238,0.0834821574058986,0.03269002,1.0000000000000002,-0.33425278058363567,8.445995623023519
64333829,20260207,1000.0,32.4,0.1015229899999997,0.0,13.938714767955553,0.0,1.4150999999999998,0.0,1273,0,0.09571428571428571,0.0,0.0014150999999999999,0.0,-0.5697927540754459,-1.0
64333955,20260207,1000.0,3.52,5.891019679999999,0.0,2.1134218991439533,0.0,12.450210000000002,0.0,49397,0,0.01920642326684552,0.0,0.012450210000000001,0.0,-0.3995960513795587,-1.0
64334266,20260207,3.18025,48.0,0.014133299999999701,0.0,14.89673324701269,0.0,0.21054,0.0,1242,0,0.011930835734870316,0.0,0.06620234258313026,0.0,-0.6896513906872356,-1.0
64334450,20260207,1000.0,17.05,0.16154832999999869,0.2529341319,8.248058026969456,50.50994575577976,1.3324599999999998,12.775739792,15108,41,0.026720905553590378,0.0071680840942757,0.0013324599999999997,0.012775739792,-0.5162429309695333,1.9624602941910612
64334757,20260207,1000.0,9.5,0.01185847,48.832729835705535,0.0,20.478068354694983,0.0,999.9999999999994,11534,1298,0.0010162025004184984,0.0852014991362601,0.0,0.9999999999999994,-1.0,1.155586142599472
64335030,20260207,23.05754,41.08,1.5679240899999989,0.0,13.845581006412125,0.0,21.70882,0.0,80306,0,0.13417878028404345,0.0,0.9415063358883905,0.0,-0.6629605402528694,-1.0
64335100,20260207,1000.0,9.0,0.10060932999999989,53.73112741480032,4.072584520739781,18.61118553625141,0.40974,999.9999999999987,26057,1645,0.0017954371627999918,0.0823440254940723,0.00040974,0.9999999999999988,-0.547490608806691,1.0679095040279345
64335156,20260207,294.11764705882354,2.39,4.105828419999999,0.0,0.6907448899191946,0.0,2.83608,0.0,6434,0,0.0027916865535644554,0.0,0.009642672,0.0,-0.71098540170745,-1.0
64335303,20260207,1000.0,5.55,0.0630221699999996,30.649628803799995,0.2705397164204296,11.7698708003734,0.01705,360.7421828699999,4310,273,0.03489878542510121,0.1526474180640847,1.7049999999999998e-05,0.3607421828699999,-0.9512541051494721,1.1206973686274735
64337049,20260207,377.0536200000001,1.68,643.2280633900001,228.3487355943869,0.5572734313096401,1.651218329508525,358.45391000000006,377.0536193847658,29053,94,0.01457971596326592,0.0041413340382412,0.950670915187076,1.0000000000000004,-0.6682896242204522,-0.0171319160345192
64337173,20260207,1000.0,50.0,0.0091939599999998,0.0,21.06274119095626,0.0,0.19365,0.0,4589,0,0.09911447084233262,0.0,0.00019365,0.0,-0.5787451761808748,-1.0
64337334,20260207,10.416666666666666,41.08,0.0392302699999997,0.0772981114999999,4.800884623022005,48.36640328006877,0.18834,3.73868,7363,7,0.44896341463414635,0.0422413793103448,0.018080640000000002,0.3589132361873491,-0.8831332857102725,0.1773710108139743
64337357,20260207,53.10449999999998,41.77,8.366232929999999,1.7734957115175929,3.2647465386790278,29.943387812347652,27.313629999999996,53.10449981689453,188396,6,0.05297230423168846,0.0002425153529831,0.5143373913698464,1.0,-0.9218399200699299,-0.2831365218052766
64337490,20260207,40.0,93.96,0.032838479999999406,0.0687373441,12.221333021504261,37.509923082363,0.40132999999999996,2.57837,12989,4,0.13544316996871741,0.0128906249999999,0.010033249999999999,0.06445925,-0.8699304701840755,-0.6007883839096195
64337926,20260207,182.01762,1.0,58.044686819999995,48.40520622379783,2.293833204973437,3.760290149359808,133.14483,182.0176239013672,9463,56,0.00877097043284827,0.0303978457920885,0.7314941817171328,1.0,1.2938332049734371,2.7602901493598075
64339571,20260207,192.88928000000004,1.0,22.06659899,0.0,8.037718004499794,0.0,177.36509999999998,0.0,28596,0,0.025937414965986394,0.0,0.9195176631899914,0.0,7.037718004499794,-1.0
64340004,20260207,1000.0,46.01,0.0509443099999997,0.0758292674,16.1197590074339,99.72600993360076,0.82121,7.5622500000000015,9731,2,0.2756657223796034,0.0049435028248587,0.00082121,0.00756225,-0.6496466201383634,1.1674856242480636
64340433,20260207,6.666666666666667,42.48,0.0154323599999996,0.0,0.0,0.0,0.0,0.0,1610,0,0.006948640483383686,0.0,0.0,0.0,-1.0,-1.0
64340578,20260207,170.38144000000003,1.0,62.611087510000004,45.42969310949563,2.638711873094568,3.7504421402954495,165.21262000000002,170.3814392089844,18598,117,0.016979822879576372,0.095849700849183,0.9696632450107241,1.0000000000000002,1.638711873094568,2.7504421402954504
64340747,20260207,166.66666666666666,3.51,123.33174859,30.094320057044587,0.5481618542906285,5.538143606463453,67.60576,166.66667175292994,8121770,1019,0.12690245796490943,0.0206702797249865,0.40563456000000003,1.0000000000000016,-0.8438285315411315,0.5778186955870952
64340988,20260207,299.78013000000004,3.51,103.91702236,23.84619400380502,0.8185853296037418,12.571402724911664,85.06495000000001,299.7801208496094,66715,820,0.1213,0.2259436886807849,0.28375779942453155,1.0,-0.7667848063807003,2.5815962276548228
64341120,20260207,465.08062,1.0,6.480922269999999,40.463690701,71.76148711933249,9.164648410511573,465.08061999999995,370.8355078309999,2575,95,0.009272596326971552,0.0626499797604471,0.9999999999999999,0.7973574600841014,70.76148711933249,8.164648410511573
64341465,20260207,4.30407,13.0,0.716388269999999,0.0851639388912468,6.008012945270595,50.53805065692935,4.30407,4.304069995880127,1314,1,0.009977220956719818,0.0027173913043478,1.0,0.9999997615814208,-0.5378451580561081,2.8875423582253346
64343041,20260207,1000.0,8.01,0.38945017999999954,108.26914426361076,10.776628733359438,9.23624175258082,4.19696,999.9999999999995,8214,328,0.01154949381327334,0.116222701538076,0.00419696,0.9999999999999996,0.3453968456129136,0.1530888250511524
64343632,20260207,1016.6666666666666,1.8,36.63088083999999,278.827460080834,0.6298278793996921,3.646221513012954,23.071150000000003,1016.6666870117188,3502,443,0.005900589721988206,0.1447184071355276,0.02269293442622951,1.0000000000000002,-0.6500956225557266,1.025678672002689
64344108,20260207,51.07379,1.26,53.05406530999997,19.65714459084701,0.9595707643237722,2.598230311103145,50.90913,51.07379150390625,9039,51,0.009559010152284265,0.0511772599077708,0.9967760371807143,1.0,-0.23843590133033954,1.0620875641021783
64345690,20260207,1000.0,10.57,1.6606583499999985,0.0,2.7788798340128205,0.0,4.61477,0.0,2239,0,0.003711254765456655,0.0,0.00461477,0.0,-0.7370974613043689,-1.0
64347079,20260207,45.45454545454545,16.0,0.5146366499999981,0.7478510465715866,3.5692366643533964,60.780129272577696,1.8368599999999997,45.454544067382834,24720,25,0.022186322024771138,0.0174350350495054,0.040410919999999996,1.0000000000000004,-0.7769227084779127,2.798758079536106
64347573,20260207,1000.0,29.98,0.0034014999999999003,0.0,13.305894458327598,0.0,0.04526,0.0,1230,0,0.008161911081619112,0.0,4.5260000000000004e-05,0.0,-0.5561743009230288,-1.0
64348023,20260207,83.33333333333333,2.0,3.6624313799999992,0.0,1.3603504019780435,0.0,4.982189999999999,0.0,5329,0,0.053611670020120725,0.0,0.05978628,0.0,-0.31982479901097827,-1.0
64349849,20260207,82.42704000000005,2.5,55.3961432,16.112385684435864,1.3588158967716728,5.115756077261973,75.27316,82.42704010009767,5391,12,0.013948253557567918,0.0375,0.9132095487111992,1.0000000000000002,-0.4564736412913309,1.0463024309047892
64350561,20260207,1000.0,1.0,150.19925780000005,341.52223225262907,0.5822726508838978,2.92806705576994,87.45692,1000.0000000000005,2474552,3555,0.0637802366610736,0.048843239146294,0.08745692,1.0000000000000004,-0.4177273491161022,1.92806705576994
64354510,20260207,1000.0,4.75,0.7790191499999997,88.32115078529999,0.8858447189648679,10.78356891561188,0.69009,952.4172269829996,2625,780,0.0030544565976262507,0.1545509080701168,0.00069009,0.9524172269829996,-0.8135063749547647,1.2702250348656587
64354560,20260207,1000.0,10.0,2.4120214999999985,0.0,5.05597897862851,0.0,12.195129999999999,0.0,29162,0,0.001261534069033539,0.0,0.012195129999999998,0.0,-0.49440210213714897,-1.0
64354939,20260207,475.21125,850.0,0.9187315999999973,0.0,515.0582716432104,0.0,473.20030999999994,0.0,30699,0,0.056588018433179725,0.0,0.9957683240874452,0.0,-0.39404909218445827,-1.0
64355215,20260207,1000.0,75.47,0.0034155599999999,0.0,42.1804916324129,0.0,0.14407,0.0,6490,0,0.4702898550724638,0.0,0.00014407,0.0,-0.44109591052851593,-1.0
64355482,20260207,71.01867,52.0,1.769471429999998,0.0,25.128085848778046,0.0,44.46343,0.0,5344558,0,0.031197839261510298,0.0,0.626080860145649,0.0,-0.5167675798311915,-1.0
64355555,20260207,26.31578947368421,3.26,1.0140940999999992,0.0,1.1852055938398622,0.0,1.2019099999999998,0.0,1608,0,0.028817204301075268,0.0,0.04567258,0.0,-0.6364400018896127,-1.0
64355932,20260207,1000.0,59.08,0.5550062099999994,0.0,5.675954508689197,0.0,3.1501900000000003,0.0,17561,0,0.1356061776061776,0.0,0.00315019,0.0,-0.9039276488035004,-1.0
64356924,20260207,289.6551724137931,1.4,93.63447074000001,97.7802557848562,0.6825761868988377,2.962307437196532,63.91266,289.65518188476614,8551,121,0.006604618830617131,0.0355603789727177,0.22065085000000004,1.0000000000000018,-0.5124455807865445,1.1159339197459484
64359341,20260207,1000.0,65.73,0.0042773199999998,0.0,0.0,0.0,0.0,0.0,27012,0,0.04992053224912216,0.0,0.0,0.0,-1.0,-1.0
64364407,20260207,62.5,2.0,4.538046429999998,0.0,0.8006550959858737,0.0,3.6334099999999996,0.0,1243,0,0.002587965854674162,0.0,0.058134559999999995,0.0,-0.5996724520070631,-1.0
64365263,20260207,41.66666666666666,2.8,7.127283669999999,0.0,0.5786566370803649,0.0,4.12425,0.0,2368,0,0.032438356164383564,0.0,0.09898200000000003,0.0,-0.7933369153284411,-1.0
