ad_id,period,budget_real,target_CPA_real,conversion_real,conversion_model,CPA_real,CPA_model,spend_real,spend_model,total_win_real,total_win_model,win_rate_real,win_rate_model,budget_used_real,budget_used_model,CPA_violation_real,CPA_violation_model
40094971,20260207,12.32876712328767,1.53,5.453421629999999,2.686089096334893,1.5977326880555174,4.589856028893915,8.71311,12.328766822814943,1266,14,0.00809462915601023,0.7,0.7067300333333334,0.9999999226464208,0.0442697307552401,1.999905957334584
46573939,20260207,432.71963,80.19,3.0510733199999986,1.1412508668322616,28.255768039032258,379.1622582058529,86.21042,432.7196350097656,78283,559,0.016314056475982077,0.0364414255281058,0.19922927924485423,1.0,-0.647639755093749,3.728298374637183
49311445,20260207,431.8523599999999,1.8,279.38898144000007,81.03844380217524,1.1955223798678374,5.328981287970614,334.01577999999995,431.8523559570313,25292,125,0.001249592395332062,0.9124087591240876,0.7734490092864145,1.0000000000000002,-0.3358209000734237,1.96054523841134
49847522,20260207,937.1593,1.84,756.1369726700001,236.2950429645652,1.1993375443575636,3.9660556820580193,906.86346,937.1593017578132,43366,160,0.005254064794397732,0.8938547486033519,0.9676726891575423,1.0000000000000009,-0.34818611719697634,1.1554650054954416
51225207,20260207,105.26315789473684,2.7,4.752202259999999,9.422496160180163,3.2378546110114437,11.171471735795542,15.38694,105.26316070556643,73031,53,0.024762986572629864,0.5096153846153846,0.14617593,1.0000000000000004,0.1992054114857198,3.137582051296391
51225953,20260207,54.45402,1.07,16.520339259999997,21.07128292251163,0.5183937124545469,2.5842763855353468,8.56404,54.45402145385742,1187,19,0.0007935552881401257,1.0,0.1572710334333443,1.0,-0.5155198949022927,1.415211456871462
51711872,20260207,117.17214,1.34,105.96849434999996,36.27983663245961,0.566520930284408,3.2296765827853267,60.033370000000005,117.17214202880864,45749,185,0.02908206725573708,0.9736842105263158,0.5123519123231854,1.0000000000000004,-0.5772231863549194,1.4102063450268736
51867779,20260207,240.31079,6.1,60.62360383999997,23.588884893403662,3.105365865362584,10.187458284446784,188.25847,240.31079101562503,9295,48,0.005096781268849043,0.5797872340425532,0.7833958267125666,1.0000000000000002,-0.4909236286290845,0.670075154707797
52697878,20260207,256.73525,1.7,146.14289968,55.136078148337,1.186323867800787,4.65639312724886,173.37281000000002,256.7352600097656,17489,151,0.025940373776327498,0.7426242236024845,0.6752980356222996,0.9999999999999998,-0.30216243070541937,1.739054703906208
53375682,20260207,125.0,2.2,2.064560029999999,5.74795959970842,0.611452310253241,21.74684356854168,1.26238,125.0,5055,133,0.0009694122159363314,0.2681451612903225,0.01009904,1.0000000000000002,-0.7220671317030724,8.884928680541613
53854143,20260207,571.02984,1.09,366.8150784600001,242.44419936128037,0.7371172721011375,2.355304211610264,270.38573,571.0298461914061,23132,152,0.012759666832147389,0.9587542087542088,0.47350543011902846,0.9999999999999998,-0.32374562192556194,1.1608294857658696
54547571,20260207,31.747280000000007,6.5,5.582730409999998,2.491647324939531,2.2236090744707844,12.74147711901521,12.413809999999998,31.74728012084961,1179,5,0.0020264695771742866,0.2023809523809523,0.3910196401077508,0.9999999399208842,-0.6579062962352639,0.960227249079263
55113470,20260207,420.4162162162162,3.33,34.42696216,50.673433868552486,2.352422488618438,8.2965804536166,80.98676,420.4162292480464,17313,420,0.001576675439634996,0.4204204204204204,0.1926347197757692,0.9999999999999988,-0.2935668202347033,1.4914656587688726
55199224,20260207,78.07889,6.5,6.828174149999999,8.291778656696874,6.8187481715005775,9.41642098224264,46.5596,78.07888793945312,41439,66,0.009419024889191954,0.2,0.5963148297830566,1.0,0.04903818023085808,0.4486801511142525
55273179,20260207,148.7603305785124,4.1,10.458111869999998,15.90623254178655,2.030104502984247,9.352329060766891,21.23106,148.76033020019543,12559,272,0.003642507033266626,0.7497323509037093,0.14271990333333334,1.0000000000000009,-0.5048525602477446,1.2810559215378867
55954706,20260207,1000.0,33.01,0.7130576899999979,1.9284083953,6.659937991833472,26.90932232879274,4.74892,51.89218999999999,4075,51,0.21335078534031413,0.2511688311688311,0.00474892,0.0518921899999999,-0.7982448351459112,-0.1848129749452561
56069198,20260207,355.11819,6.0,32.74950241,36.96087739826429,2.545594707251004,9.607947915998515,83.36695999999999,355.118194580078,6120,52,0.0018228933964793137,0.2386842105263158,0.23475834904429982,0.9999999999999996,-0.575734215458166,0.6013246526664195
56094571,20260207,305.08474576271186,6.1,0.9921379099999985,19.897140035187487,2.440678836675038,15.333094678020332,2.42149,305.08474731445324,1618,220,0.007816425120772947,0.8745801910507792,0.007937106111111111,1.0000000000000004,-0.5998887152991741,1.5136221176619702
56864799,20260207,6.76347,5.22,1.48259931,0.7985576603606772,3.4828560658105254,8.469597173772167,5.163679999999999,6.76347017288208,3353,16,0.011482876712328767,0.4210526315789473,0.7634660906309926,0.9999998589963204,-0.33278619428917133,0.6225282594237822
57374168,20260207,122.44897959183672,13.0,0.7889959199999992,2.0393018835433083,2.6231187608676128,60.0445295433571,2.06963,122.4489822387695,1041,29,0.003721844833750447,0.2667724867724867,0.016901978333333335,0.9999999999999998,-0.7982216337794145,3.618809964873623
57521810,20260207,626.15678,4.5,311.66268919000015,28.868807410909387,2.0498868557555228,21.6897348308905,638.8732500000002,626.156799316406,840623,965,0.04613256575878476,0.2850728141025861,1.0203087635655725,0.9999999999999996,-0.5444695876098838,3.8199410735312234
57579039,20260207,69.34497,5.0,24.49807011,6.831703774397097,2.8512694953667923,10.150463609464849,69.8506,69.344970703125,3000,1,0.006489292667099286,1.0,1.0072915166017087,1.0,-0.42974610092664156,1.0300927218929696
57654377,20260207,2386.38826,430.5,4.378679559999998,3.382723037,505.21757751097016,258.67120295039314,2212.18588,875.0132959000001,339592,194,0.0321610743339868,0.0014822546717362,0.9270016606601977,0.3666684665620013,0.17355999421828144,-0.3991377399526292
57699816,20260207,73.77049180327869,11.1,1.9700780999999987,3.0417707107326266,5.268613462583035,24.25247506031376,10.37958,73.77049255371094,5093,52,0.030082693443591258,0.5605413105413105,0.14070097333333334,1.0,-0.5253501385060328,1.1849075880033924
57813819,20260207,1.3888888888888888,2.63,0.7436829199999995,0.0154140614147182,0.3781853696465157,90.0994682110624,0.28125,1.3888888359069824,25133,3,0.04126251846987358,0.5,0.2025,0.9999993133549376,-0.8562032815032259,33.258351441256735
57950075,20260207,3.5460992907801416,3.69,1.4694264899999996,0.4924421854805388,0.6567936583203969,7.2010320997400505,0.9651099999999999,3.5460991859436035,1541,9,0.011215429403202328,0.6428571428571429,0.27216102,0.9999997310639072,-0.8220071386665592,0.9514991837599924
57950895,20260207,56.60377358490566,2.13,18.751780509999996,7.357494742034888,0.7874580225661997,7.693347982660058,14.76624,56.60377502441408,9230,53,0.013494152046783626,0.7466329966329966,0.26087024,1.0000000000000002,-0.6303013978562443,2.6119002672821017
57951243,20260207,373.1092299999999,2.23,167.37513349,76.70716603174591,1.463428496770306,4.864072509126754,244.94154,373.1092224121094,46360,158,0.02010058966354492,0.8390379278445883,0.6564874849115903,1.0,-0.34375403732273274,1.1811984159299085
58134130,20260207,8.695652173913043,2.0,4.70832877,1.7868313181469482,1.4064332215271367,4.8665182064059325,6.62195,8.69565200805664,305049,5,0.07139323160456844,1.0,0.76152425,0.9999998903274636,-0.29678338923643166,1.4332591032029662
58283047,20260207,420.4162162162162,3.33,11.93555118,22.37483020580111,2.88911081524096,18.78969389226256,34.48313,420.4162292480469,5696,210,0.004605805773429288,0.766561435640383,0.0820214079997943,1.0,-0.13239915458229426,4.6425508476741815
58417305,20260207,1.0332357499569484,52.0,0.00749337,0.0236591750785071,0.0,43.66982851635473,0.0,1.033235788345337,37048,2,0.0031913720625732205,0.000637937535757,0.0,0.9999990770030937,-1.0,-0.1601956054547167
58419221,20260207,46.08294930875576,52.0,0.949742499999999,0.892249084022744,16.274147992745416,51.648020456635045,15.456249999999997,46.08295059204102,1948710,72,0.047577437760475794,0.0211190587834715,0.33540062499999995,1.0000000000000002,-0.6870356155241267,-0.0067688373724029
58432699,20260207,116.6156,35.0,8.019357389999996,2.249595898296392,12.629938419542125,51.83844300027703,101.28399,116.61560058593751,35909,68,0.06658446133877248,0.1424758792405851,0.8685286531133056,1.0000000000000002,-0.6391446165845107,0.4810983714364866
58435300,20260207,48.31349,57.2,1.7800080499999984,0.1675520884200587,25.441873703885797,288.3473666577021,45.286739999999995,48.31349182128906,920418,83,0.08910576504187037,0.0081661633585817,0.9373518659074307,1.0,-0.5552119981838147,4.041037811393277
58492787,20260207,23.529411764705884,2.9,9.26852865,3.899141985725662,1.434778971093756,6.034508455334052,13.29829,23.52941131591797,1815,14,0.003260869565217391,0.8333333333333334,0.565177325,0.999999918937688,-0.5052486306573255,1.0808649161680377
58588021,20260207,11.049723756906078,1.2,0.6890549199999997,2.8584424740013445,0.47925062344812824,3.865643566397111,0.33022999999999997,11.049723625183104,1261,6,0.04945098039215686,0.875,0.029885814999999996,0.9999999136924808,-0.6006244804598931,2.221369510658536
58803527,20260207,159.76764999999995,7.1,11.840051959999998,12.615741125612558,3.329771704819444,12.664150299536008,39.42467,159.7676544189453,1901,33,0.005489460005775339,0.5266955266955268,0.2467625329658414,1.0,-0.5310180697437402,0.7836831647382099
58804408,20260207,32.35294117647059,13.15,1.0830477099999998,0.5957289962519093,3.7412940931291017,54.30805869985466,4.052,32.35293960571289,1005,15,0.003298326222513948,0.3740079365079365,0.12524363636363636,1.0,-0.7154909434882814,3.1298905152306364
58963446,20260207,1893.68373,9.9,161.07246772000005,122.92834921937906,9.923410081346454,15.404776135373403,1598.3881499999998,1893.6837158203143,695806,532,0.06913262061839281,0.0709511149108631,0.8440628837213486,1.000000000000001,0.0023646546814599274,0.5560380534297794
59168672,20260207,114.30078,2.51,41.728572589999985,19.722884173464585,1.6602583242112292,5.795337763451654,69.28021000000001,114.30078125,9493,64,0.005189700415482178,0.460431654676259,0.606121935475856,1.0000000000000002,-0.33854250031425126,1.3088995161239183
59180301,20260207,127.4666,11.1,19.235940279999994,7.0197610608703735,6.929982005537815,18.158250579641116,133.30472,127.46659851074216,3447,34,0.0012346872985170858,0.0626484626484626,1.0458011745822042,0.9999999999999998,-0.375677296798395,0.6358783743786519
59183637,20260207,42.81511,27.0,3.814563589999999,0.4443099857071658,12.195476337569723,96.3629318883149,46.52042,42.81510925292967,6777,26,0.01574581784386617,0.0493811854665887,1.0865421109510172,0.9999999999999996,-0.5483156912011213,2.5689974773449964
59191554,20260207,38.46153846153846,2.13,19.65786732,7.060269593395303,1.1910707107163443,5.447601435863906,23.41391,38.46154022216797,5187,19,0.007145612343297975,0.7432432432432432,0.6087616600000001,1.0,-0.44081187290312474,1.5575592221476438
59250609,20260207,59.70149253731344,6.1,4.1823460699999995,3.2582125884908635,3.2753626244037726,18.323382027641344,13.698700000000002,59.70149230957031,21619,13,0.01802334305960817,0.325,0.229453225,1.0,-0.46305530747479134,2.0038331662474094
59262247,20260207,107.01659,1.61,75.86964482,9.594071788713476,0.6698374576626889,11.154448028537564,50.82033,107.0165863037109,987523,59,0.02368569633126103,0.8082191780821918,0.47488272612685567,0.9999999999999996,-0.5839518896505038,5.928228527595317
59265523,20260207,41.27358490566038,3.61,2.889063029999999,5.667451710585055,4.352888763385685,7.282563857322886,12.575769999999999,41.27358627319335,25608,18,0.003269913425441173,0.8181818181818182,0.3046929417142857,0.9999999999999996,0.20578636104866635,1.0173307670219682
59289693,20260207,12.224938875305623,8.5,0.5073364399999993,0.579546278973883,9.40238000645096,21.093946585269684,4.77017,12.224939346313477,3439,4,0.011097128105840594,0.1185185185185185,0.39019990600000004,0.99999992198945,0.10616235370011291,1.48164077473761
59335998,20260207,1000.0,22.43,3.7110197099999986,24.40574354347055,12.892259739574387,40.97395997154847,47.84343,999.9999999999998,26442,501,0.005514034282854402,0.0769427729028816,0.04784343,0.9999999999999998,-0.42522248151696895,0.8267480790935887
59469459,20260207,28.457570000000004,1.45,9.77569584,2.399722444645782,1.0808499131863334,11.858686960703093,10.56606,28.45756912231445,28262,63,0.010530983343890897,0.7325581395348837,0.37129171605305716,0.9999999329757048,-0.2545862667680459,7.178404531535431
59764696,20260207,91.22524,4.15,9.140238239999999,16.91838650465488,1.7727765485465075,5.392076673361844,16.2036,91.22524261474608,219836,60,0.026650018184022305,1.0,0.17762189499309622,1.0,-0.5728249280610826,0.299295554084666
59789974,20260207,7.079646017699115,270.0,0.048692969999999405,0.0275646715035144,121.2910200384177,256.8283565895373,5.90602,7.079646110534668,1389,6,0.0012187417741510924,0.0020691135192212,0.8342253249999999,0.9999998652935228,-0.5507739998577122,-0.0487838644831952
59790006,20260207,10.658120000000002,1.49,13.266189650000001,1.8369119555722588,0.7818567556811612,5.802191183312831,10.37226,10.658120155334474,2973,11,0.0012820733968692051,0.8846153846153846,0.9731791347817438,0.9999999105213476,-0.4752639223616368,2.8940880175677277
59870194,20260207,41.35039,1.2,3.6109786800000006,15.322006330035848,1.7014611673088027,2.69875809985288,6.143940000000001,41.35039138793944,4932,39,0.030844277673545965,0.9285714285714286,0.1485823954743837,0.9999999999999996,0.41788430609066896,1.2489649938448937
60033250,20260207,48.95666000000001,1.24,42.918783,15.60214107016992,1.1454211085155888,3.1378166539046304,49.16008000000001,48.956661224365234,7396,43,0.014157733537519143,0.8438461538461539,1.0041551037182683,1.0,-0.0762732995842026,1.5304972820741352
60083626,20260207,1000.0,36.35,1.2863628299999987,21.56922785018737,26.165386013213734,46.3623436398985,33.65818,1000.0,487559,421,0.04779568469448774,0.0403710922128134,0.03365818,1.0,-0.2801819528689482,0.2754427946649176
60222062,20260207,4.57056,2.5,3.512663129999998,0.7904660527398856,0.9781638240954807,5.78210054757224,3.4359599999999992,4.570559978485107,4250,12,0.004315597075548335,0.6,0.7517590842260027,0.9999997913441412,-0.6087344703618077,1.312840219028896
60280132,20260207,5.154639175257732,2.4,1.06686943,0.560225495511129,0.0,9.200991537140164,0.0,5.15463924407959,5581,6,0.010383255813953489,0.6666666666666666,0.0,0.9999998149872192,-1.0,2.8337463214690097
60300280,20260207,125.0,6.5,24.164395879999994,0.8421623411787229,4.042689520777707,148.4272633204924,97.68914999999998,125.0,24478,5,0.6244387755102041,1.0,0.7815131999999999,1.0,-0.3780477660341989,21.834963587768065
60363119,20260207,139.53488372093022,8.1,17.93302123,9.165885219240243,3.403725407846405,15.223283188798172,61.03908,139.53488159179685,2481,34,0.006539272535582499,0.5404118993135011,0.43744674,0.9999999999999998,-0.579786986685629,0.87941758911818
60491784,20260207,521.94218,19.24,26.77029479,44.24246134099609,19.48326135709318,11.797313532962823,521.57265,521.9421997070312,11239,329,0.009902202643171806,0.2055167306014009,0.9992920097011511,1.0,0.012643521678439818,-0.3868340086639614
60504423,20260207,65.78731,2.35,8.57009342,10.89398799654741,1.523455971848671,6.038863061097963,13.05616,65.78730773925781,3657,62,0.005028877887788779,0.7045454545454546,0.1984601589577078,1.0,-0.3517208630431187,1.5697290664537975
60505342,20260207,1287.7824600000004,483.0,2.494942609999998,5.655697311700001,425.03862243147984,68.15501265380195,1060.44697,385.4641899999999,472777,167,0.04588063467417148,0.0013563002362247,0.8234674744676983,0.2993239920322394,-0.1200028521087374,-0.8588923133461658
60537191,20260207,62.5,9.0,0.7605926099999993,2.0157746138347057,3.653309226867196,31.005435114428877,2.77868,62.50000000000001,2857,10,0.25508928571428574,0.7,0.04445888,1.0000000000000002,-0.5940767525703117,2.4450483460476526
60547769,20260207,21.234762092017306,54.68,0.0717451299999981,0.2869923198805857,8.100201365584192,73.99044061585813,0.58115,21.23476219177245,569049,52,0.03380315072887336,0.0049549471358736,0.027367860185185184,0.999999910178016,-0.8518617160646637,0.3531536247788664
60580455,20260207,27.1370420624152,15.0,0.16572462999999932,0.9951368403380152,6.578744511301694,27.269632305460348,1.0902599999999996,27.13704299926758,1484,10,0.005051055139550714,0.0399148277197057,0.040176080999999975,0.9999999297142104,-0.5614170325798872,0.8179754870306899
60619154,20260207,346.15384615384613,8.8,0.7949493999999991,15.56462412550658,3.9788192808246707,22.2397800345392,3.16296,346.1538391113284,2190,409,0.0075647668393782385,0.8089758407173897,0.00913744,1.0000000000000009,-0.5478614453608329,1.5272476764210183
60656113,20260207,304.366,3.0,115.27257251999998,39.20035215375203,1.6945611235153861,7.764368757614644,195.33642,304.3659973144529,46205,150,0.008842385271940903,0.6802721088435374,0.6417813421998515,0.9999999999999992,-0.43514629216153794,1.5881229192048814
60726038,20260207,47.8357,9.0,11.819992299999997,4.040807784998321,3.9694002169527645,11.838150116472148,46.918279999999996,47.83570098876955,31724,18,0.0001872077460716115,0.0017477424992717,0.980821436709403,1.0000000000000004,-0.5589555314496928,0.3153500129413498
60739866,20260207,99.7291,1.09,77.94989387999999,25.16297164021105,0.49769112014088107,3.963327565242008,38.794970000000006,99.72910308837896,22631,51,0.014751971840166873,0.9107142857142856,0.38900351050997156,1.0000000000000004,-0.5434026420725862,2.6360802237382908
60762511,20260207,2000.0,33.74,0.6070166399999992,20.5508207571,17.502535021115754,58.32841402489747,10.62433,1198.6968399999996,88047,998,0.00562198298980921,0.0044215300828203,0.005312165000000001,0.5993484199999998,-0.4812526668311869,0.7287614440790986
60762714,20260207,122.44897959183672,18.6,1.0652595699999985,3.1333137392966512,7.856141578714014,39.07969432597001,8.368829999999999,122.44898223876956,1905,148,0.005614500442086649,0.3950480567095634,0.068345445,1.0000000000000002,-0.5776267968433327,1.101058791638693
60844239,20260207,194.44444444444449,5.0,21.136006599999998,18.42429326347749,4.264975958135819,10.553698283818171,90.14456,194.44444274902347,35519,50,0.024398268992993542,0.0708168151666208,0.4636005942857142,1.0000000000000002,-0.14700480837283614,1.1107396567636347
60848391,20260207,41.73037999999999,16.0,3.2187120799999978,1.9024227657482156,6.117872462826813,21.93537620970084,19.69167,41.73038101196288,17991,13,0.0030296039337195206,0.0265982992909003,0.4718785211157915,0.9999999999999998,-0.6176329710733242,0.3709610131063023
60882731,20260207,92.20477000000002,37.0,2.940335039999998,1.7195447478452115,22.973970340468426,53.62158759937729,67.55117,92.20477294921876,305221,33,0.08228755526798232,0.0084960876508953,0.7326212082086424,1.0,-0.3790818826900425,0.4492320972804673
60906649,20260207,4.077471967380224,52.0,0.2873187599999986,0.0969646792436779,10.01208553176275,42.05066952448652,2.87666,4.077471733093262,684928,29,0.00945419410051486,0.0006062506532873,0.7055008650000001,0.9999997661114152,-0.8074598936199471,-0.1913332783752593
61011193,20260207,1128.4313299999994,3.5,79.66752448,156.48999279407576,2.3493236575586893,7.210884524022404,187.1648,1128.431274414063,34621,473,0.0036072183960740595,0.6488340192043895,0.16586281772236872,1.0000000000000004,-0.32876466926894593,1.0602527211492585
61012951,20260207,119.05549000000002,2.3,25.964335379999998,24.115904093088226,1.5891668088597923,4.936803662432215,41.26166,119.05548858642568,7512,77,0.002485277575597168,0.8850574712643678,0.3465750298453267,0.999999999999999,-0.3090579091913946,1.1464364194705563
61087629,20260207,57.142857142857146,1.67,0.5514060199999995,7.814877232471227,0.4873722633641182,7.312059752955436,0.26874,57.142856597900376,5071,24,0.0024530766253869967,0.7741935483870968,0.004702949999999999,0.9999999999999998,-0.7081603213388513,3.3784790065026167
61098328,20260207,175.43859649122808,52.0,0.2929606599999988,0.6979431508,13.9853931241144,129.46481447896386,4.09717,90.35921,12796,22,0.3797032640949555,0.1754716981132075,0.023353869,0.5150474907127991,-0.7310501322285692,1.489707970749305
61112285,20260207,131.01449000000002,1.96,36.45122326,28.7080376128542,1.0054381368379899,4.563686764408447,36.64945,131.01449584960938,5231,65,0.000506928965985076,0.935,0.279735852118342,1.0,-0.4870213587561276,1.328411569176834
61136703,20260207,28.116213683224,52.0,0.1347540599999996,0.290316692049162,16.376129965954323,96.84636387949608,2.20675,28.116212844848636,5691,9,0.47425,0.4117647058823529,0.07848674166666665,0.9999999321619696,-0.6850744237316477,0.8624300746056939
61185244,20260207,445.2629400000001,1.3,301.10735144999995,156.57850929343016,0.7926854952248961,2.8437040218271097,238.68343000000004,445.2629394531248,13593,96,0.007295121558525197,0.9320388349514565,0.5360505188237763,0.9999999999999996,-0.39024192675007996,1.1874647124104272
61185698,20260207,7.1040600000000005,52.0,0.42989980999999794,0.0257404456923414,16.52492007381914,275.97751338217347,7.1040600000000005,7.104060173034668,1136270,4,0.017067287111402173,0.0002244157022918,1.0,0.9999998657564596,-0.6822130755034781,4.307259872734106
61186486,20260207,21.234762092017306,54.68,0.006260219999999799,0.551438111529005,8.807997163039282,38.50790005245311,0.05514,21.234762191772468,209741,46,0.01405591781207487,0.0080915599171532,0.002596685555555555,0.9999999101780168,-0.8389173891177892,-0.2957589642001499
61188825,20260207,23.36448598130841,52.0,0.0494918399999988,0.5044858966884329,0.0,46.31336680438235,0.0,23.364486694335938,332981,48,0.005326945966007986,0.0007618362165763,0.0,0.9999999183654876,-1.0,-0.1093583306849548
61218808,20260207,804.4937299999997,4.0,165.45907342999993,70.05810457666357,4.1432715401372615,11.483235333826716,685.54187,804.4937133789056,599199,476,0.2709346174715138,0.6805475226527857,0.8521407245771826,0.9999999999999992,0.03581788503431538,1.870808833456679
61325277,20260207,159.26296000000002,2.64,114.76722292000011,34.60113813218373,1.382764747306128,4.602824031413985,158.69607000000002,159.2629547119141,8885,45,0.009974180511899416,0.9574468085106383,0.9964405408514321,1.0000000000000002,-0.4762254745052546,0.7434938820129539
61328223,20260207,1666.6666666666667,48.86,9.830470329999999,23.04330088325854,19.741280273006026,72.32759586365664,194.06607000000002,1666.6666259765616,3080441,2528,0.034758816248097284,0.0050865735958483,0.11643964200000001,0.9999999999999994,-0.595962335796029,0.4803028031140301
61361730,20260207,372.3404255319149,1.5,75.30825108,104.81412601354845,0.44157166742159853,3.5523877762761407,33.25399,372.3404235839843,6373,74,0.0029048726013036147,0.8808848553601816,0.08931071600000001,1.0,-0.7056188883856009,1.368258517517427
61404169,20260207,8.771929824561404,1.68,1.3943859299999994,2.0951702335664173,0.33074774356049347,4.186736434889913,0.46119,8.771929740905763,6830,15,0.015572275421796625,0.6833333333333333,0.052575659999999996,0.9999998912811388,-0.8031263431187539,1.4921050985750164
61471905,20260207,1000.0,28.73,7.482276129999999,19.95000465293598,15.36913206650127,50.12529907994452,114.99609000000001,1000.0,207203,497,0.011154639175257731,0.0336676904004343,0.11499609000000001,1.0,-0.46504935375909257,0.7447023974453845
61521770,20260207,101.2775,3.79,34.56488058000001,4.39839574100487,4.1200177061337895,23.026002950964465,142.40792,101.2774963378906,5436,6,0.5490909090909091,0.75,1.406116067240996,1.0,0.08707591190865156,5.075462581193923
61619011,20260207,162.85718,1.46,52.408485999999996,38.49694692994324,0.7158806304765225,4.230391926932559,37.51822,162.85717773437494,4171,44,0.008682348043297252,0.9166666666666666,0.23037498254605662,0.9999999999999996,-0.5096708010434777,1.897528641370283
61630077,20260207,1000.0,30.15,0.45239702999999837,18.39030871396643,12.688986928141459,54.37646323272927,5.740459999999999,999.9999999999994,8913,430,0.0014324515444698017,0.0482832718575574,0.0057404599999999984,0.9999999999999994,-0.5791380786686082,0.8035311416491474
61642024,20260207,20.98801,12.13,2.5296678399999997,1.0512338595806927,7.168751451573975,19.965101247561048,18.13456,20.988010406494148,191357,70,0.02518949017336475,0.3022624897624897,0.8640438040576501,0.999999909121998,-0.40900647555037306,0.6459275399175259
61652353,20260207,1000.0,2.76,53.638024000000044,157.0108840480155,0.8649744442487286,6.368985180194291,46.395520000000005,1000.0,1590250,2085,0.07337606009431263,0.8477445107943897,0.04639552,1.0000000000000002,-0.6866034622287215,1.30760333413091
61709401,20260207,15.873015873015872,8.1,1.6325031599999984,0.8216396374429662,2.87170041373764,19.318683473526924,4.68806,15.87301540374756,2118,35,0.005498442367601246,0.432843137254902,0.29534778000000006,0.99999993991852,-0.6454690847237481,1.3850225387300037
61709841,20260207,197.8021978021978,3.6,0.3534913699999999,11.553001283586552,3.192298584262468,17.121281158093616,1.12845,197.80220031738295,9560,99,0.0032396895862279304,0.4419642857142857,0.005704941666666666,1.0000000000000009,-0.11325039326042563,3.755911558792413
61777401,20260207,4432.506930000003,300.0,11.881192509999998,1.5433195319,227.87231228862566,392.2180956504127,2707.39481,605.31824,694307,13,0.013002977751142408,4.055213183362907e-05,0.6108044167231562,0.1365634081130462,-0.24042562570458112,0.3073936521680423
61795733,20260207,47.716910000000006,13.34,2.913293729999999,2.2814821038828854,3.5670965453936576,20.91486508697257,10.392,47.71691131591797,177887,35,0.006695107584955795,0.0735294117647058,0.21778442904203138,1.0,-0.7326014583662926,0.5678309481064882
61831943,20260207,104.30993,5.6,47.090962860000005,10.583410417410771,1.9429874532830904,9.855983555778876,91.49715,104.30992889404295,9182,23,0.0035209755349336607,0.2613636363636363,0.8771662486975115,1.0,-0.6530379547708767,0.7599970935045143
61861065,20260207,125.0,2.8,12.378150309999999,3.0964143586207395,1.112624233434438,40.36926107215786,13.77223,124.99999999999996,251668,65,0.031950538289660775,0.2968036529680365,0.11017784,0.9999999999999996,-0.6026342023448436,13.417593485586533
61869045,20260207,593.0689100000001,13.49,11.021867570000008,28.8184616394548,13.759977520760566,20.5794776810699,151.66065,593.0689086914067,185192,261,0.012635744599555137,0.0570770219739427,0.255721801367062,1.0000000000000009,0.020013159433696526,0.5255358065409441
61879187,20260207,66.1471,54.0,1.5291670999999987,0.92365498837112,43.25694686996604,71.61443566517477,66.1471,66.147102355957,840301,251,0.011986183739433828,0.0058353752110088,1.0,0.9999999999999996,-0.19894542833396217,0.326193253058792
61894872,20260207,59.70149253731344,5.1,1.1046315399999997,4.0596331141662745,8.226643610049376,14.7061263726303,9.087409999999998,59.70149230957031,5999,16,0.004337358108596631,0.3636363636363636,0.15221411749999994,1.0,0.6130673745194856,1.883554244632836
61914746,20260207,20.83333333333333,11.0,0.3186287699999997,1.1185438173757327,2.3789753825431417,18.625390458644485,0.75801,20.83333396911621,17018,33,0.002918138482115299,0.421875,0.036384480000000004,0.9999999084472768,-0.7837295106778961,0.6932173144222259
61917856,20260207,183.66036000000005,3.5,39.25839492,25.317470995618176,1.1879578901541092,7.254292792188923,46.63732,183.66035461425784,11011,44,0.005503023639362287,0.5945945945945946,0.25393242178116165,1.0000000000000002,-0.6605834599559687,1.0726550834825497
61992618,20260207,83.12442,4.0,9.788109599999999,8.237962045021076,3.4120040911679212,10.090409450944918,33.39707,83.12442016601564,4399,20,0.04470528455284553,0.8651515151515152,0.40177206649983244,1.0000000000000002,-0.1469989772080197,1.5226023627362295
62110977,20260207,118.0,9.1,6.754455839999997,5.00610863969479,3.73756533435268,23.57119769498179,25.24522,117.99999999999996,438721,50,0.03988590286742913,0.1618122977346278,0.21394254237288135,0.9999999999999996,-0.5892785346865187,1.5902413963607818
62112649,20260207,170.84410000000003,9.0,18.034290420000005,14.995120438482411,3.997236282723675,11.39331226179378,72.08732,170.84410095214844,78439,57,0.036973367900070706,0.1179653679653679,0.4219479630844729,1.0,-0.555862635252925,0.2659235846437532
62164374,20260207,8.309009999999999,2.51,5.170598479999997,1.8290379865929915,1.577384132909892,4.542828016738676,8.156020000000002,8.309009552001957,47991,29,0.09854414784394251,0.8055555555555556,0.9815874574708663,0.9999998852240816,-0.3715601064104015,0.8098916470116128
62243266,20260207,1.32579105532968,26.0,0.0029903999999998996,0.0312957184300185,0.0,42.36198131393349,0.0,1.3257910013198853,1780,8,0.016808309726156753,0.0312374733359453,0.0,0.9999992806757404,-1.0,0.6293069736128263
62326550,20260207,40.32258064516129,2.3,0.6950244499999997,6.367356910404814,4.5268767163514925,6.332702325242697,3.1462900000000005,40.32258224487305,8543,20,0.009443953128454566,0.5,0.07802799200000002,1.0,0.9682072679789099,1.75334889414461
62326559,20260207,40.32258064516129,2.3,0.8333575799999995,5.849126778403911,0.0,6.893776948035169,0.0,40.32258224487305,6016,19,0.01201517874975035,0.8690476190476191,0.0,1.0,-1.0,1.9972943873727405
62338437,20260207,151.5151515151515,52.0,0.869796189999997,2.031662452663248,13.602577403793918,74.57689499652234,11.83147,151.51515197753906,841481,562,0.02165416881111683,0.0387566822686762,0.07808770200000001,1.0,-0.7384119730039631,0.4341710576254296
62367731,20260207,72.79249000000002,15.0,2.2769717699999985,3.2482326116132363,11.811376124351344,22.4098685014198,26.894170000000003,72.79248809814453,33383,9,0.008282184235988786,0.02344904714537,0.3694635257016211,1.0,-0.2125749250432437,0.4939912334279865
62465463,20260207,469.2045099999999,4.78,106.12060824999999,25.24047977736466,4.069732798577321,18.58936453824575,431.88252,469.20449829101614,4881766,384,0.08436022610039037,0.3232323232323232,0.920456881371409,1.000000000000001,-0.14859146473277812,2.8889882264233364
62516634,20260207,17.806910000000002,12.0,1.0020338499999992,0.8706505245863696,10.48906681146551,20.45239577294366,10.5104,17.80690956115722,74440,59,0.0067361638976363705,0.184022428006417,0.5902427765401184,0.9999998928871724,-0.1259110990445409,0.7043663144119717
62537183,20260207,1000.0,19.0,5.247883999999996,29.29223423842175,16.335054280925426,34.13873990361552,85.72447,1000.0000000000013,58807,731,0.001917755058781327,0.0320790693392041,0.08572447,1.000000000000001,-0.14026030100392492,0.7967757844008166
62543564,20260207,1000.0,32.62,0.4121149299999988,7.321739512563597,32.585885689703204,136.57954666435796,13.42913,1000.0,2011,444,0.0027315946753599567,0.2153261788371447,0.013429130000000001,1.0,-0.00104580963509483,3.186988078986625
62658588,20260207,4.545454545454546,2.01,0.2017653299999995,0.3160944969255367,0.0,14.380003974484,0.0,4.545454502105713,10142,1,0.011223992917220009,0.5,0.0,0.9999997615814208,-1.0,6.154230867020926
62665519,20260207,354.54545454545456,2.61,25.28079539,44.45539991592398,1.5743673957245692,7.975306337791447,39.80126,354.5454406738282,15789,546,0.008859772178890073,0.8933134575633273,0.1122599641025641,1.0000000000000002,-0.3967941012549543,2.055673049174064
62676303,20260207,416.91595,2.04,56.357969910000016,86.6296013993543,1.4724080752467967,4.81262689707267,82.98193,416.9159545898437,6661,116,0.005170780934637478,0.9424403183023872,0.19903755181350102,0.9999999999999998,-0.27823133566333497,1.359130876012927
62681129,20260207,48.53814999999999,48.0,2.193455649999998,0.4416268183955081,14.018943122921144,109.90736716654082,30.74993,48.53815078735352,8052,28,0.004581768521679754,0.0141321221191584,0.6335208490640869,1.0,-0.7079386849391428,1.2897368159696003
62693338,20260207,49.58663000000001,1.83,5.146988039999998,8.915668101809759,1.5020648853110607,5.561739809840737,7.731109999999999,49.58663177490234,62999,39,0.07116118829775217,0.9583333333333331,0.15591118009027832,1.0,-0.1791995162234641,2.039202010607834
62695450,20260207,4.3478260869565215,2.44,0.3593056899999997,0.2218792038873767,1.0693401487741547,19.595375918417737,0.38422,4.34782600402832,5850,5,0.2611607142857143,1.0,0.08837060000000001,0.9999997806549512,-0.56174584066633,7.030891581510834
62699077,20260207,44.67285000000001,60.0,1.0580723799999983,0.0121213498049287,34.75645021562708,3685.164368407896,36.77484,44.6728515625,3010,1,0.0035927428980663642,0.0555555555555555,0.8232033550579376,1.0,-0.4207258297395486,60.419406140131606
62708257,20260207,392.89094,1.85,310.1368070499999,82.48022766434902,1.2143733070008726,4.763455879525253,376.62185999999997,392.8909301757806,27589,158,0.001176899680489376,0.9693251533742332,0.9585913587114021,0.9999999999999984,-0.34358199621574453,1.574840982776357
62715156,20260207,100.03554,1.47,80.51573367,20.191754905203386,0.9892120008052085,4.954276299167598,79.64713,100.03553771972652,9468,36,0.004812932086213908,0.972972972972973,0.7961883346658598,0.9999999999999996,-0.3270666661189057,2.3702559202338795
62719771,20260207,19.466780000000004,160.0,0.13359869999999863,0.1383105048079462,88.12675572442039,140.7459179617277,11.773620000000001,19.466779708862305,3794,8,0.013492176386913229,0.0192950861847182,0.6048057254461189,0.9999999020203406,-0.44920777672237255,-0.1203380127392017
62753184,20260207,165.83097,21.6,9.966304629999998,2.837099359745657,16.084771231802094,58.45086253826849,160.30572999999998,165.8309631347655,8657,38,0.019388577827547594,0.0774214349602823,0.9666814950186927,0.9999999999999992,-0.25533466519434755,1.7060584030550523
62759058,20260207,1000.0,31.5,32.574883729999996,28.66929748975503,15.366511025763225,34.88051862717708,500.56231,1000.0000000000002,4262135,926,0.06937102557466915,0.0204953425386622,0.5005623100000001,1.0000000000000002,-0.5121742531503739,0.1073180516564153
62766768,20260207,34.31616,50.63,0.9474606899999991,0.0553090708016351,23.51535027801525,620.4323696809164,22.279870000000003,34.316158294677734,8028,37,0.023577092511013215,0.0909242404622895,0.6492530049982282,1.0,-0.5355451258539354,11.254243661701995
62782340,20260207,292.4077699999999,25.0,8.833024349999995,4.805795744731737,11.462082067055556,60.84480709664903,101.24485000000001,292.4077758789064,2683616,451,0.043072863583616484,0.0287690377766139,0.3462454161187305,1.0000000000000009,-0.5415167173177777,1.4337922838659611
62824285,20260207,288.6240099999998,10.0,43.15919143000001,20.59885732573676,6.145476344944583,14.01165146501762,265.23379,288.6240234374999,76092,83,0.004326629479896969,0.0113020556284844,0.9189595487915234,0.9999999999999996,-0.38545236550554174,0.4011651465017621
62854671,20260207,363.6363636363636,57.4,2.284162339999999,3.243499505176832,17.06687362685439,112.11231567828516,38.983509999999995,363.6363525390624,6537,123,0.0011314190767952646,0.025788209056301,0.1072046525,0.9999999999999996,-0.7026677068492265,0.9531761794072268
62863799,20260207,26.5748031496063,65.54,0.30854336999999954,0.2659661385773572,27.733702396522126,99.91761591611925,8.55705,26.574802398681637,6960,33,0.0034383954154727794,0.0308555342102332,0.3219986222222222,0.9999999282271802,-0.5768431126560555,0.5245287537438432
62867831,20260207,23.834820000000004,2.71,5.408050499999998,1.8462489839569096,1.1625594102717793,12.90985511215444,6.287179999999999,23.834819793701165,12435,53,0.013547227366815557,0.6973684210526315,0.2637813081869298,0.9999999199763832,-0.5710112877225907,3.7637841071699256
62868116,20260207,1000.0,16.0,12.598702109999998,40.34654958852583,11.973630194832825,24.785266284557945,150.8522,1000.0000000000008,280295,579,0.013983078327588013,0.0404824352225753,0.15085220000000002,1.0000000000000009,-0.2516481128229484,0.5490791427848716
62875385,20260207,15.734370000000002,6.34,10.746493319999997,0.3381829653805062,1.2864261474272245,46.5260681828157,13.82457,15.734370231628416,175064,16,0.032017264713413075,0.6153846153846154,0.8786224043288672,0.9999999393891053,-0.7970936675982295,6.3384963821845455
62904543,20260207,1000.0,299.26,0.0049137499999999,0.0066526747,0.0,761.3552252562031,0.0,5.06581,5909,19,0.045003808073115006,0.0325438027255029,0.0,0.00506581,-1.0,1.544126179279626
62941923,20260207,1000000.0,41.96,1.279913989999998,6.367411902000001,7.1795996229403,526.2628996303152,9.18927,3350.9331769500004,17538,70,0.07611979166666667,0.0285142002558667,9.18927e-06,0.00335093317695,-0.8288941939242064,11.5420140875327
62957523,20260207,1233.7502500000005,4.1,419.77348746999985,155.13056862236485,2.471231201980418,7.9529795264978995,1037.3573399999998,1233.7502441406243,68128,300,0.007876160418039515,0.8624072432943402,0.8408163159440084,0.9999999999999996,-0.3972606824438004,0.9397511491431668
62974470,20260207,256.19916000000006,9.0,43.75084866,21.83806871916816,4.557627248549926,11.731767551321967,199.40006,256.1991577148438,205148,25,0.02219039686746206,0.0957854406130268,0.7783009905262763,1.0000000000000002,-0.4935969723833416,0.303529727924663
62987009,20260207,225.48274,23.0,5.1095899299999985,8.554510737046988,23.910811175408757,26.358341567651745,122.17444,225.48274230957037,27461,42,0.0008659306839215834,0.0145914147815288,0.5418349981022937,1.0000000000000002,0.03960048588733724,0.1460148507674672
62991598,20260207,53.40617000000002,7.91,10.574299029999999,4.690573200878914,3.636666590466187,11.38584906755131,38.455200000000005,53.40616989135742,16144,11,0.003839421613394216,0.125,0.7200516344834312,1.0,-0.5402444259840472,0.4394246886460288
63007107,20260207,10.31706,3.0,1.3720628999999993,0.4171663561908427,1.721641187149657,24.73122673064879,2.3622,10.317060470581051,4996,23,0.004669158878504673,0.6571428571428571,0.22896057597804026,0.9999999075633768,-0.42611960428344764,7.243742243549597
63017961,20260207,35.714285714285715,1.45,5.081967689999999,6.219665698991953,0.5707789141807788,5.742154448563551,2.90068,35.71428680419922,3460,9,0.008777270421106037,0.75,0.08121903999999999,1.0,-0.6063593695304974,2.960106386021354
63024390,20260207,1000.0,84.69,2.7926086299999984,5.639181497948124,34.97746477994665,177.33066811791608,97.67837,1000.0,5840,229,0.008940600122473974,0.1165945644370284,0.09767837,1.0,-0.5869941577524306,1.0938795962440115
63029536,20260207,1000.0,14.88,0.013316019999999897,30.613475078666127,7.059917302617503,32.6653529128918,0.09401,1000.0,4213,430,0.023483835005574136,0.7044404232754913,9.401e-05,1.0,-0.5255431920283936,1.1952521950043764
63038827,20260207,0.206347241137386,26.0,0.0021923399999999,0.0079483792077293,0.0,25.95765488166473,0.0,0.2063472419977188,1267,1,0.0018668041844703109,0.0714285714285714,0.0,0.9999951720237732,-1.0,-0.0016286583975103
63038979,20260207,1000.0,2.25,255.66614177999998,208.41788397528703,1.6327005097108018,4.798052720468663,417.42624000000006,1000.0000000000008,23412,307,0.0043872273442770405,0.8252688172043011,0.41742624000000006,1.0000000000000009,-0.27435532901742143,1.13246787576385
63041128,20260207,86.78675999999997,10.0,5.560731969999999,5.27907993920739,4.811032098711279,16.43974764211171,26.752860000000002,86.78675842285156,646006,150,0.012517385634592617,0.0675675675675675,0.3082596930683898,1.0,-0.5188967901288721,0.6439747642111708
63049540,20260207,42.85714285714285,2.7,1.63084324,9.35248491380232,0.8899874398719032,4.582433354842204,1.4514299999999998,42.85714340209961,1052,51,0.013715775749674055,0.6058139534883721,0.0338667,1.0,-0.6703750222696655,0.6971975088568593
63050276,20260207,4.545454545454546,2.32,0.0025585199999999995,0.1661553621429967,0.0,27.356487849642644,0.0,4.545454502105713,3088,2,0.013304610081861267,0.1818181818181818,0.0,0.9999997901916924,-1.0,10.791589929662154
63053963,20260207,24.875621890547265,6.0,3.1709264699999995,2.399253790025755,4.788862228016281,10.368061741115568,15.18513,24.875621795654297,10146,6,0.005146596327483007,0.1153846153846153,0.610442226,0.9999999233245904,-0.20185629533061977,0.728010290185928
63099926,20260207,1000.0,55.51,2.9197034499999988,3.787531413500001,16.960105999806252,222.432092461352,49.51848,842.46876,226734,1907,0.03606222066705899,0.0536386321906825,0.04951848,0.8424687599999999,-0.6944675553989146,3.007063577500904
63115257,20260207,1000.0,9.5,0.0012530799999999,38.09815253399636,0.0,26.247991234212076,0.0,1000.000000000002,2395,1704,0.0025427327741798494,0.7235638776018072,0.0,1.000000000000002,-1.0,1.762946445706534
63116306,20260207,1000.0,24.5,1.437166389999999,22.607986297475662,8.31511930918452,44.23215507165717,11.950210000000002,999.9999999999992,7103,854,0.0011041676382346998,0.0582373001275914,0.011950210000000003,0.9999999999999992,-0.6606073751353256,0.8053940845574354
63117307,20260207,44.70852000000001,22.1,2.0507180199999993,3.239410646951878,14.176146947789542,13.801431819880635,29.07128,44.7085189819336,2705,10,0.01020754716981132,0.02454363763631,0.6502402674031705,1.0,-0.3585453869778488,-0.3755008334093616
63118770,20260207,299.31642000000005,5.2,17.39955433,14.447134467696053,4.548526272511716,20.71804524289778,79.14233,299.31640625,126908,148,0.006458323791494277,0.2638146167557932,0.2644102518665698,1.0,-0.1252834091323623,2.9842396159290727
63118785,20260207,70.0,9.0,7.83276084,4.636635370232379,6.856636005753496,15.097151126494689,53.70639,70.0,22254,11,0.010747090355918289,0.083951345145375,0.7672341428571429,1.0,-0.23815155491627818,0.6774612362771875
63119851,20260207,20.0,2.42,0.5738863799999998,2.8100235473690205,0.1583588723607625,7.117375547030601,0.09088,20.0,1674,33,0.013212312549329124,0.56375,0.004544,0.9999999046325776,-0.9345624494377014,1.9410641829112445
63120136,20260207,305.25518000000005,25.0,15.297062569999998,6.046865743659782,14.424013041086754,50.48154704390427,220.64503000000002,305.25518798828153,27467,128,0.0039039470130903817,0.0420524392864818,0.7228215750507493,1.0000000000000009,-0.42303947835652983,1.019261881756171
63125663,20260207,470.4109,20.0,5.02379563,4.279056677945039,10.15245717708465,109.93329000832348,51.00387,470.4108886718752,27821,157,0.008420654378159146,0.0403747581028735,0.10842408201000443,1.0000000000000004,-0.4923771411457675,4.496664500416174
63129888,20260207,2000.0,12.0,0.38690968999999886,29.44249685000073,7.344840600916479,67.92901914060769,2.84179,2000.0,56786,723,0.022986560880829017,0.3724489048804138,0.001420895,1.0000000000000002,-0.3879299499236268,4.660751595050641
63136165,20260207,6.385696040868455,52.0,0.0732189399999996,0.16713285704916,3.570797392040932,38.207075735812126,0.26145,6.385695934295654,30719,7,0.005860167874856925,0.0015335696114889,0.040943070000000005,0.9999998506546218,-0.9313308193838282,-0.2652485435420745
63140934,20260207,114.94252873563218,11.5,0.0972153599999998,6.010489075416185,4.004614085675358,19.123653201113907,0.38931,114.9425277709961,2265,56,0.0013238646326494828,0.1966401414677276,0.003386997,1.0,-0.6517726882021428,0.6629263653142528
63154710,20260207,1000.0,23.61,0.0218982999999998,23.42951218314361,9.924971344807675,42.681211179387695,0.21733999999999992,1000.0000000000008,1561,333,0.01018929503916449,0.6868870627746588,0.00021733999999999992,1.0000000000000009,-0.579628490266511,0.8077598507420011
63156076,20260207,1000.0,9.0,1.9238692299999978,43.67279754297272,2.616685126774446,22.897547978658377,5.03416,999.9999999999995,424013,2346,0.050271266820795545,0.3833212905779311,0.00503416,0.9999999999999996,-0.7092572081361728,1.5441719976287085
63161144,20260207,60.10060000000001,32.0,3.0264052499999985,0.6328594294035774,18.78458279835459,94.9665967469783,56.849759999999996,60.10060119628907,182407,41,0.00641853280222951,0.0018180899220654,0.9459100241927699,1.0000000000000002,-0.412981787551419,1.967706148343072
63163299,20260207,309.54889000000003,3.72,99.73916304,42.82085449443064,2.0701145237923786,7.228928184314687,206.47149000000002,309.548889160156,54211,172,0.007639656144306652,0.9885057471264368,0.667007689803055,0.9999999999999992,-0.4435176011310811,0.9432602496552596
63196383,20260207,1000.0,8.0,1.4307406499999988,40.95220135468038,2.846455784981019,24.418711143766124,4.07254,999.9999999999992,137689,1320,0.013906575093424906,0.3265187720302144,0.00407254,0.9999999999999992,-0.6441930268773726,2.052338892970765
63204884,20260207,184.27386,3.4,78.66949489,11.834553977643951,2.3226391659879133,15.57083177983424,182.72084999999998,184.27386474609392,306129,94,0.023265617875056998,0.5875,0.9915722718349742,1.0000000000000009,-0.31687083353296663,3.5796562773777008
63205388,20260207,51.54639175257732,14.5,0.08118716999999921,2.138379147244347,5.323378065770789,24.105344692744755,0.43219,51.54639053344727,2201,8,0.008658536585365854,0.0702786377708978,0.008384486,1.0,-0.6328704782227041,0.6624375650168797
63224395,20260207,45.16711833785005,14.0,0.3635722799999984,2.060279830239893,5.830257466273307,21.922796838939004,2.11972,45.16711807250975,24101,53,0.00990221455277538,0.1151368760064412,0.0469306008,0.9999999999999996,-0.5835530381233353,0.5659140599242145
63234573,20260207,229.51535,15.4,1.8101369199999988,11.08856396105088,11.342014945477171,20.69838172459472,20.5306,229.51535034179688,29614,72,0.006837366087920207,0.0375471007778458,0.08945196911666256,1.0,-0.2635055230209629,0.3440507946304812
63236174,20260207,23.102310231023104,7.91,1.8509005299999988,1.4108220917804468,3.41908703219184,16.37505815949549,6.32839,23.102310180664062,2346,6,0.001385133140461711,0.1666666666666666,0.2739288814285714,0.9999999174390588,-0.5677513233638635,1.0701717415143654
63273998,20260207,11.750881316098708,13.0,0.5521018899999983,0.6067625398553222,4.917769797890038,19.366491925125,2.71511,11.75088119506836,2729,7,0.002720566244641611,0.0514705882352941,0.231055861,0.9999999188423214,-0.6217100155469202,0.4897301480865385
63281072,20260207,277.77777777777777,34.1,0.1704646299999994,2.736104534701933,4.037025158826218,101.5230470729465,0.68817,277.7777709960938,74545,146,0.0063686458778299876,0.0123849704165742,0.002477412,1.0000000000000002,-0.8816121654303162,1.977215589906656
63298743,20260207,6.849315068493151,28.08,0.3764911899999997,0.207160487415582,13.412026985279534,33.06268579126936,5.04951,6.849315166473389,14493,6,0.02115457597431032,0.015,0.7372284599999999,0.9999998607635712,-0.5223637113504439,0.1774460783868008
63299682,20260207,97.50139,69.3,0.524341599999999,0.1680896908,59.81119941656367,572.0829344940737,31.3615,96.161815654,14714,129,0.009649157321791594,0.0128793958027613,0.32165182465603825,0.9862609864769216,-0.1369235293425156,7.255164636382547
63316232,20260207,126.52847,36.0,2.6108107399999985,2.985172705935682,32.71654995566628,42.3856315794297,85.41672,126.52847290039062,184079,50,0.08173297220495515,0.0258586544591234,0.6750790553303933,1.0,-0.09120694567593664,0.1773786549841583
63336283,20260207,1000.0,12.0,0.1539623499999997,28.772808928281748,7.6086783554550985,34.75503444024309,1.1714499999999999,1000.0000000000005,11296,208,0.061026472177201516,0.5452304207799563,0.0011714499999999999,1.0000000000000004,-0.3659434703787418,1.8962528700202568
63338096,20260207,44.41921000000001,1.97,64.86024656000001,6.100843212431288,0.6848887007992897,7.280829829435938,44.42205,44.41920852661133,4549,6,0.0015275865542832196,0.5,1.0000639363014334,1.0,-0.652340761015589,2.695852651622713
63350356,20260207,7.170259999999998,1.0,22.22256703,5.652150042281863,0.2762840130805536,1.268589586319763,6.13974,7.170259952545166,1467,4,0.035264423076923075,1.0,0.8562785728829919,0.9999998669958696,-0.7237159869194464,0.2685895863197629
63355127,20260207,1.6891891891891893,1.9,0.2513404999999994,0.2274201862544473,0.5325444964102495,7.427580620140667,0.13385,1.6891891956329343,2255,6,0.02185077519379845,0.4285714285714285,0.0792392,0.9999994354251256,-0.7197134229419739,2.909253007023432
63355311,20260207,1.6891891891891893,1.9,0.41941804999999976,0.0083183286227078,0.8393534803759644,203.0439320574786,0.35204,1.6891891956329346,7857,1,0.0046269359872799015,1.0,0.20840768,0.999999463558197,-0.5582350103284398,105.86522873965484
63359739,20260207,1000.0,3.32,7.14293801,108.24351147333007,1.9924504426715586,9.2384289566212,14.231950000000001,1000.0000000000008,453747,1555,0.002442170631755371,0.7179132040627886,0.014231950000000002,1.0000000000000009,-0.3998643244965185,1.7826593802360704
63360454,20260207,1000.0,22.01,0.0619317599999995,30.729618737899997,7.273650869925279,28.34919167338624,0.45047,871.15988,1797,492,0.004085019322573312,0.090693317670439,0.00045046999999999996,0.87115988,-0.6695297196762708,0.2880141471414447
63363585,20260207,2928.89804,300.0,2.8451989899999983,0.4474171612,287.7728457228225,373.4598290597955,818.77101,167.09271,17123,4,0.011131842413210245,0.0002632428940568,0.27954916791845713,0.0570496865705307,-0.04075718092392492,0.2448660968659849
63381071,20260207,1000.0,19.41,20.43495700999999,41.31461534272701,8.9418617279489,24.204508924988243,182.72656,1000.0000000000008,10808951,5649,0.3924533802919178,0.3651041016846595,0.18272656,1.0000000000000009,-0.5393167579624472,0.2470123191791459
63382374,20260207,1000.0,83.45,0.1044110699999986,1.742684961987973,13.333260544116811,573.8268522340344,1.39214,999.9999999999984,262873,4206,0.007438103753671332,0.0471403154214375,0.0013921399999999998,0.9999999999999986,-0.8402245590878753,5.876295664695308
63400626,20260207,10.53743,3.2,3.917679739999998,0.8010470509432668,2.6897119466942456,13.154553958607176,10.53743,10.537429809570312,45662,4,0.013993870671161509,1.0,1.0,0.9999999094965046,-0.1594650166580483,3.1107980508090782
63405128,20260207,1000.0,86.31,0.6356251999999994,2.9944359899999995,20.628367157249293,271.5018581372788,13.111910000000002,812.9952068599999,23871,1732,0.004416384525725703,0.0848916001827675,0.013111910000000001,0.8129952068599999,-0.7609967888164836,2.145659434794477
63412723,20260207,1017.58415,1.26,1235.2938429400003,301.6763631613625,0.7762061921380209,3.3730987520659004,958.8427300000001,1017.58416748047,68367,251,0.0038366396363534333,0.8964285714285715,0.9422736488181347,1.000000000000001,-0.3839633395729993,1.6770625219018716
63415176,20260207,391.68223000000006,5.0,167.08847776,45.2752278017354,2.359302839339004,8.651137295720774,394.21232,391.6822204589844,61727,206,0.006827830319119518,0.5192426108374384,1.0064595475776368,1.0000000000000002,-0.5281394321321992,0.7302274591441549
63417588,20260207,250.18294000000003,52.0,7.085179469999998,5.466948807581677,23.712244793708813,45.76280127450803,168.00551000000002,250.1829376220702,524464,143,0.03980419092144109,0.0108822338304383,0.6715306407383334,0.9999999999999996,-0.5439952924286767,-0.119946129336384
63418435,20260207,1.7391304347826086,17.27,0.0111358899999997,0.0256867925435837,88.58384915799515,67.70260133558516,0.98646,1.7391303777694702,2594,4,0.0029215001689379435,0.1138887094574711,0.5672145000000001,0.9999994516375508,4.129348532599604,2.920243169718601
63425723,20260207,243.00836,27.5,14.681358509999999,7.885602531199138,16.26848086553538,30.81671058593695,238.84340000000003,243.00836181640625,111832,42,0.021381565110987898,0.1274509803921568,0.982860836557228,1.0,-0.40841887761689527,0.1206076576704345
63426601,20260207,7170.80575,339.26,20.49040154,0.4384815374999999,129.28927404513905,790.4170642143305,2649.1891399999995,346.58408,5034386,2043,0.02410306742356816,0.0007660794354215,0.36944092928469013,0.0483326555252995,-0.6189079937359575,1.3298268038145244
63451974,20260207,68.71583000000001,2.5,35.654098270000006,10.507570659244708,1.3379210894288027,6.539648757135754,47.70237,68.71582794189452,10076,44,0.0029741137577850587,0.7586206896551724,0.6941976834158882,0.9999999999999998,-0.46483156422847893,1.6158595028543017
63463364,20260207,117.6470588235294,5.0,4.04439071,9.092229466257884,2.421155793822897,12.939295480486232,9.7921,117.64705657958989,3884,35,0.020792291220556744,0.738095238095238,0.08323285,1.0000000000000002,-0.5157688412354207,1.5878590960972463
63464061,20260207,346.15384615384613,6.1,49.97379218,37.38448583904284,3.0249067242189027,9.259290908597388,151.16606000000002,346.153839111328,5947,50,0.0024273469387755104,0.4239316239316239,0.4367019511111112,0.9999999999999996,-0.504113651767393,0.5179165661241298
63466342,20260207,80.63901,2.78,8.29725483,8.89308661638832,2.439680402102342,9.0676052060655,20.24265,80.63900756835936,75031,82,0.15825986078886312,0.9927536231884058,0.2510280074122934,0.9999999999999998,-0.12241712154592002,2.2617285249583823
63472525,20260207,1025.55606,1.74,871.8579168499999,281.9571250847223,1.171362145439696,3.637276505525453,1021.26136,1025.5560302734382,87878,406,0.016773811796144303,0.9159257411750594,0.9958123205863559,1.0000000000000009,-0.32680336468982984,1.0903887848218112
63474289,20260207,1000.0,73.77,1.35e-05,2.573194044371532,0.0,388.62192051369993,0.0,1000.0000000000002,180632,11,0.23122375832053252,0.0652958152958153,0.0,1.0000000000000002,-1.0,4.268021393494617
63494257,20260207,83.03227000000001,11.0,14.871869980000005,5.711058312210835,5.067624992778478,14.538856593790856,75.36506,83.03227233886717,51983,17,0.002313429846774158,0.0196952557246674,0.9076598772983081,0.9999999999999998,-0.5393068188383201,0.3217142357991687
63494470,20260207,58.7649,10.5,0.40920028999999974,4.299447348354648,6.277219402752627,13.668009345898575,2.5686400000000003,58.76490020751952,1300,8,0.00012331391929578268,0.0161290322580645,0.04371044620172927,1.0,-0.40216958069022596,0.3017151757998643
63510498,20260207,2.93115,8.3,0.1458485999999991,0.0423972938270855,3.0990355752472274,69.13367720688056,0.45199,2.931149959564209,1655,34,0.00024791407642644217,0.0174710805783779,0.1542022755573751,0.9999996746416868,-0.6266222198497317,7.329358508214639
63520550,20260207,1000.0,25.3,0.8662697799999988,25.99865779635024,11.146215905165263,38.46352259295703,9.65563,999.9999999999984,31832,497,0.007775470822443147,0.1018540257720597,0.00965563,0.9999999999999984,-0.559438106515207,0.5202973815356474
63523189,20260207,1000.0,18.66,0.5611918599999988,33.64340572218823,10.00761130070563,29.72350595341133,5.61619,1000.0000000000005,27816,732,0.027983903420523138,0.2903700674382822,0.005616189999999999,1.0000000000000004,-0.4636864254712953,0.5928995818043148
63533300,20260207,2094.1917699999995,3.61,88.02355833999997,275.59506052950525,2.606760443763265,7.598799625683516,229.45632999999998,2094.19165039063,889339,999,0.07179963508364012,0.9823008849557522,0.10956796473323932,1.0000000000000024,-0.27790569424840295,1.1049307054015332
63533738,20260207,74.38692,3.79,7.22517268,2.439773726054431,3.456444725415199,30.48925637267965,24.973409999999998,74.38691711425781,2051,8,0.1289937106918239,0.75,0.335723135196349,1.0,-0.08800930727831165,7.044658754501064
63535808,20260207,9.097779999999998,3.82,2.5308014499999993,1.2631944971268787,2.793494527198095,7.2021949479347525,7.069780000000001,9.097780227661133,1234,10,0.003295060080106809,0.5,0.7770884765294392,0.9999998951750656,-0.26871871015756676,0.8853913805754466
63536636,20260207,208.86075949367088,5.6,1.6327292399999997,29.1534839493302,5.438880974533169,7.164178276209933,8.88022,208.86076354980463,5207,28,0.0026184250226289852,0.4666666666666667,0.04251741696969697,1.0,-0.028771254547648333,0.2793175711098506
63541909,20260207,312.5,26.0,23.84098275999999,9.714697277169858,10.391828746911944,32.16775149202462,247.75140999999996,312.49999999999966,6515232,1296,0.08059416130628402,0.0668035025402826,0.7928045119999999,0.9999999999999988,-0.6003142789649252,0.2372212112317162
63543019,20260207,7.1144300000000005,2.32,3.098336459999999,1.1813577802251634,2.2962096246964743,6.022243259036111,7.1144300000000005,7.114429950714112,98680,16,0.49538152610441766,1.0,1.0,0.9999998659521292,-0.010254472113588608,1.5957945828983169
63548375,20260207,1000.0,18.08,0.18686605999999947,10.505411513,13.590536451616773,46.9109658045467,2.5396099999999997,492.81904716,2795,222,0.008013188073394495,0.206052538926916,0.00253961,0.4928190471599999,-0.24831103696809878,1.594633075359596
63552128,20260207,86.28540000000001,4.15,12.18227423,16.55042653791104,3.2091774706339042,5.213484678445702,39.095079999999996,86.28540039062503,92113,39,0.011114288472212167,0.951219512195122,0.45309032582569,1.0000000000000002,-0.2267042239436376,0.2562613394311528
63558513,20260207,1000.0,30.39,0.0284800699999999,14.4407619486,24.025924093585534,51.3569388622157,0.6842600000000001,741.633379875,3497,316,0.053389312977099236,0.389117094337487,0.0006842600000000001,0.741633379875,-0.20941348820054184,0.6899289204891891
63563441,20260207,32.60413000000001,2.5,19.86996271,4.765602360348677,1.4766222980999242,6.841553382838448,29.340429999999998,32.604129791259766,2810,17,0.0009405857740585774,0.8666666666666667,0.8998991845511592,1.0,-0.40935108076003035,1.7366213531353794
63577520,20260207,151.5151515151515,52.0,0.1348435899999989,1.8885927146174664,12.359949775884887,80.22644087229123,1.66666,151.51515197753903,118256,574,0.008404056483764827,0.0317030875162295,0.010999956000000002,0.9999999999999998,-0.7623086581560599,0.5428161706209853
63592988,20260207,70.92198581560284,1.65,32.41290016,5.045290997572675,1.3753918896469397,14.05706339197791,44.580439999999996,70.92198944091795,57186,20,0.006098929226568833,0.9523809523809524,0.6285842039999999,0.9999999999999998,-0.16642915778973347,7.519432481876976
63599957,20260207,1000.0,36.05,0.07052639999999971,10.186930128779172,18.042179949635955,98.16499074730103,1.27245,1000.0000000000005,1402,271,0.0015661304736371761,0.3102628898843647,0.00127245,1.0000000000000004,-0.49952344106418983,1.7230233793287937
63604272,20260207,70.0,8.5,13.107625269999993,5.978260309057811,4.387274492170468,11.709090048295693,57.50675000000001,70.0,26513,20,0.0016779954937849674,0.0287769784172661,0.8215250000000002,1.0,-0.4838500597446509,0.3775400056818462
63612668,20260207,2000.0,15.0,0.4373678399999993,14.661783241712676,1.6438565761945396,136.40904592703072,0.71897,1999.9999999999995,112188,1176,0.07312475557293703,0.1929472417321804,0.000359485,0.9999999999999998,-0.8904095615870307,8.093936395135382
63614842,20260207,1000.0,10.01,0.0895118499999998,53.256499111240345,11.244991584913086,18.777050649427476,1.0065600000000001,999.9999999999998,1927,365,0.013135650988411724,0.8719796724042084,0.00100656,0.9999999999999998,0.12337578270859999,0.8758291928156087
63618506,20260207,7.20164609053498,5.02,0.4629729899999988,0.2830744944562307,0.31919788668449184,25.440726834395534,0.14778,7.201646327972413,62768,7,0.008383822193727627,0.3888888888888889,0.02052030857142857,0.9999998675755312,-0.9364147636086669,4.067873890648916
63619732,20260207,330.87964000000005,2.2,108.96754836999996,75.80558024429531,1.26041451839998,4.364845348333436,137.34428000000003,330.8796386718747,9613,145,0.004368949688678817,0.9177215189873418,0.41508833846651916,0.9999999999999992,-0.42708430981819095,0.9840205698763468
63623744,20260207,91.2677,25.0,0.8465259399999996,2.954123805543998,23.216075339640522,30.895004850177845,19.653010000000002,91.2677001953125,5636,15,0.002809431234734061,0.0118961776586174,0.21533368321980284,1.0,-0.07135698641437913,0.2358001940071138
63624433,20260207,1045.55126,38.5,37.189085069999976,29.604972716299155,19.284177834708974,35.31674371849268,717.16093,1045.551269531249,495721,1650,0.28145176858002613,0.4242796952358904,0.6859165661566895,0.9999999999999992,-0.49911226403353315,-0.0826819813378524
63635613,20260207,1.2315270935960592,6.48,0.04878384999999941,0.0551086576422242,0.7307746313585425,22.34684704571732,0.03565,1.2315270900726318,13284,7,0.020436923076923078,0.3333333333333333,0.0289478,0.9999992256170526,-0.8872261371360274,2.448587496904434
63636525,20260207,1000.0,20.0,3.5062172199999977,23.152293310308284,10.43995500084847,43.19226365202015,36.604749999999996,1000.0000000000016,22037,653,0.004973032744341389,0.0966055860273761,0.03660475,1.0000000000000016,-0.47800224995757656,1.1596131826010077
63638938,20260207,1000.0,36.08,0.10309321999999971,8.75714187773917,13.866188290558817,114.19249565312217,1.42951,999.9999999999998,3419,292,0.005704989154013016,0.1532999763338361,0.0014295100000000002,0.9999999999999998,-0.6156821427228709,2.164980317568462
63638951,20260207,2.47032,2.53,7.284128580000001,0.1012337817149365,0.24201384978846704,24.401889790205423,1.7628599999999999,2.470319986343384,19284,6,0.008461605967529618,0.3333333333333333,0.7136160497425434,0.9999996139471996,-0.904342351862266,8.645015836423534
63639183,20260207,1000.0,34.1,0.039602299999999896,11.883983026699998,14.820856364403117,52.84454090387963,0.58694,628.0036800000001,1549,159,0.02073627844712182,0.2465277777777778,0.00058694,0.6280036800000002,-0.5653707811025479,0.5496933509831093
63639342,20260207,6.451612903225806,2.04,0.6874497099999993,0.8312099101636631,2.2969971141598142,7.761703883435593,1.5790699999999998,6.451612949371338,10334,14,0.07397279885468862,0.75,0.24475584999999997,0.999999852180504,0.1259789775293207,2.8047568767527205
63640115,20260207,4.3478260869565215,2.41,0.1585456099999995,0.7782573880419007,3.495397948893077,5.586609885397389,0.55418,4.34782600402832,8107,16,0.009292755616689592,0.84375,0.1274614,0.9999997806549512,0.4503725929016916,1.3180953055741382
63645523,20260207,111.24086,12.3,20.94655676999999,6.633422901009781,5.061078112457719,16.76974992784914,106.01216,111.24085998535152,924647,331,0.07352940708696482,0.2911065679359112,0.9529965877646037,0.9999999999999998,-0.588530234759535,0.3633942819351478
63645835,20260207,62.5,12.3,2.190383879999999,2.498359423509545,4.473608525643462,25.01640652480549,9.79892,62.49999999999999,425060,254,0.03458021477383664,0.2359982527515508,0.15678272000000001,0.9999999999999998,-0.6362919897850844,1.033854157469804
63648944,20260207,26.5748031496063,68.0,0.0985532899999986,0.0701235774509114,154.52239088111838,378.9655975793154,15.22869,26.57480239868164,2386,78,0.0018899009900990099,0.0243048200267717,0.5730499644444444,0.9999999282271804,1.2723881011929175,4.573023493813461
63654752,20260207,1000.0,1.4,0.9703912699999997,127.33468423158769,1.638483412984538,7.853319762649647,1.5899699999999999,999.9999999999995,3670,387,0.005662706372473384,0.9062289236155956,0.0015899699999999998,0.9999999999999996,0.17034529498895581,4.609514211707777
63663934,20260207,2.1367521367521367,21.0,0.01623013,0.0710403927705761,22.84085216815885,30.07756527946439,0.37071,2.136752128601074,1186,1,0.0030201171377641964,0.0072463768115942,0.17349228,0.9999995827674866,0.08765962705518335,0.4322650133078281
63670871,20260207,3.5461400000000003,1.3,4.315747939999999,0.6000556158310716,0.4677497453662691,5.909675623873034,2.01869,3.54613995552063,418402,4,0.08361016745933415,1.0,0.569264044848765,0.9999997310669992,-0.6401925035644084,3.545904492798963
63675427,20260207,1000.0,34.85,0.1049685599999992,12.821195577143548,18.840784326278413,77.99584024651087,1.97769,1000.0,2304,383,0.0032089136490250697,0.2220318386395864,0.00197769,1.0000000000000002,-0.4593749117280226,1.238044294447502
63693341,20260207,1000.0,82.32,0.0232848699999989,0.293671726,38.02168532613845,175.48909529991562,0.8853299999999996,51.53636100000001,2180,333,0.00798242402050531,0.1267625031287195,0.0008853299999999996,0.051536361,-0.5381233560964717,1.131791738951492
63695352,20260207,244.34484,1.0,278.00997194,54.87169820432274,0.812903107118669,4.453021082218904,225.99517,244.3448333740234,56566,566,0.007163245406308964,0.4814882430261428,0.9249025680264007,1.0,-0.18709689288133102,3.453021082218904
63698963,20260207,1000.0,9.5,0.1341763499999994,43.61035432239707,1.7842935807987108,22.930333692705023,0.23941,999.9999999999992,25039,2123,0.0066331991098866165,0.6306801991914819,0.00023941,0.9999999999999992,-0.81217962307382,1.413719336074213
63701114,20260207,166.66666666666666,34.0,0.10341095999999951,2.082630407152292,16.52697160919895,80.02696549209499,1.70907,166.6666717529297,24190,130,0.0056870812272246385,0.136196549238636,0.010254420000000002,1.0,-0.5139125997294427,1.3537342791792644
63701115,20260207,166.66666666666666,34.0,1.0170834799999982,2.543365286736896,21.73359457180451,65.52995241859588,22.10488,166.6666717529297,317627,254,0.0073764160539528745,0.0107449402424499,0.13262928000000002,1.0,-0.36077663024104384,0.9273515417234084
63704769,20260207,1000.0,7.57,1.558786249999999,91.46864731563426,3.203665672570568,10.93270774647574,4.99383,999.9999999999995,7522,132,0.006137902896776826,0.5175385753540478,0.00499383,0.9999999999999996,-0.576794495036913,0.4442149932047298
63708107,20260207,17.33141,5.0,1.7003743199999994,3.2515947567672456,4.742097022495613,5.330124268453556,8.06334,17.331409454345703,18142,16,0.015942003514938487,0.16,0.4652443165328152,0.9999998899484528,-0.05158059550087746,0.0660248536907111
63711027,20260207,1000.0,29.95,0.0126712699999998,0.7338389958999999,238.15844820606355,156.46822699433085,3.0177699999999996,114.822643056,1269,399,0.003895027624309392,0.0777817130061031,0.0030177699999999995,0.114822643056,6.951868053624827,4.224314624657599
63711593,20260207,132.71462,3.93,7.46426473,8.643063676621997,1.8850912325560027,15.355041276867254,14.07082,132.7146148681641,8992,62,0.0031473573678683932,0.5636363636363636,0.10602313445195412,1.0000000000000002,-0.5203330197058518,2.907135118584693
63712035,20260207,59.29753,27.0,3.042648139999999,1.4515380798749922,19.37017600727241,40.85148787935937,58.93663,59.29753112792969,50946,15,0.0514034910705277,0.0826376004947433,0.9939137431188112,1.0,-0.2825860738047256,0.5130180696059026
63716161,20260207,41.27358490566038,3.72,0.9929988299999999,6.711782205589012,1.2684506385571475,6.149421846466102,1.25957,41.27358627319335,42793,17,0.0029517095815198274,0.85,0.030517581714285716,0.9999999999999998,-0.6590186455491539,0.6530703761213384
63719668,20260207,1000.0,84.69,0.0002581,0.0006627486,216.1565284773344,3786.0870817655946,0.055790000000000006,2.5130099999999995,1498,4,0.5548148148148148,0.2352941176470588,5.5790000000000006e-05,0.0025130099999999,1.552326466847732,43.705242326389616
63761622,20260207,1000.0,40.0,18.74194842,16.16214844834096,43.66644447311951,61.87295837080932,818.3942499999999,999.9999999999992,48158,193,0.0031624846498860644,0.0273992049971607,0.81839425,0.9999999999999992,0.09166111182798779,0.5468239592702331
63768177,20260207,1000.0,95.0,0.36684069999999724,1.6045385398657752,46.32155047136298,623.2317591149254,16.99263,1000.0,352894,1492,0.007251450211958007,0.0166028009580574,0.016992629999999998,1.0,-0.5124047318803897,5.560334306472899
63777240,20260207,1000.0,31.86,1.0178924899999986,19.21729725969633,17.526408903950184,52.03645103938775,17.84,999.9999999999998,45926,109,0.003431256817536572,0.0042405185938004,0.017839999999999998,0.9999999999999998,-0.44989300364249263,0.6332846843223443
63782676,20260207,1000.0,7.35,2.1781402499999993,63.368243872824486,13.303652049035872,15.78077477144787,28.97722,999.9999999999994,6436,166,0.005100649865271834,0.3698840248635246,0.028977219999999998,0.9999999999999994,0.8100206869436561,1.1470442144497908
63786819,20260207,72.20216606498195,3.82,1.0274569299999996,14.197007356714924,0.0,5.085730872457984,0.0,72.20216369628908,10096,23,0.0014038210183820463,1.0,0.0,1.0000000000000002,-1.0,0.331343183595479
63793115,20260207,13.157894736842104,19.23,0.8729048300000002,0.0055779525,2.003803782366515,47.93731439728157,1.74913,0.26744,1025,2,0.08686440677966102,0.0169491525423728,0.13293388,0.0203254379840797,-0.8957980352383508,1.4928401216023512
63798620,20260207,1000.0,15.0,1.3629326299999986,41.84868012086816,9.287869203043448,23.895615661382045,12.658739999999998,1000.0000000000005,30468,249,0.017411280644608264,0.0995418528027973,0.012658739999999998,1.0000000000000004,-0.3808087197971035,0.5930410440921363
63800765,20260207,199.22996,2.25,100.40840010999989,25.093820143483804,1.4375852004599796,7.939403252728441,144.34563000000003,199.22996520996105,308909,205,0.047207806100617394,0.7976653696498055,0.7245176880023467,1.0000000000000009,-0.3610732442400091,2.528623667879307
63801044,20260207,750.0,12.0,10.220424519999998,10.764039441119056,8.865229602028315,69.67643833211278,90.60641000000001,750.0,520350,124,0.05984336185481645,0.1477899357740631,0.12080854666666668,1.0,-0.26123086649764043,4.806369861009398
63807604,20260207,1000.0,22.0,0.16320020999999948,20.190631535162872,10.508993830338854,49.52791836800833,1.7150699999999999,1000.0,14590,575,0.024063994722084776,0.2882863543633083,0.00171507,1.0,-0.5223184622573248,1.2512690167276512
63820271,20260207,68.4931506849315,2.7,3.1490065699999983,3.633711847442015,1.4951318440723362,18.849356478987406,4.70818,68.49314880371092,55247,113,0.0037335108395956103,0.6420454545454546,0.06873942799999999,0.9999999999999998,-0.44624746515839403,5.981243017072518
63825455,20260207,137.20322999999996,35.0,1.6012345599999986,3.655362407594674,32.92780540534926,37.53477192622191,52.725139999999996,137.20323181152344,177198,61,0.017557916014347714,0.0225413947814082,0.38428497638138703,1.0,-0.05920555984716397,0.0724220550349116
63827404,20260207,10.638297872340424,10.0,0.020658699999999704,0.555351302582143,6.485887301718013,19.15594476732081,0.13399,10.638298034667969,1424,10,0.04127536231884058,0.5166666666666667,0.012595060000000002,0.9999999103546235,-0.3514112698281987,0.9155944767320816
63835415,20260207,1700.05321,30.2,49.63370162,34.39598087777219,34.0422252391338,49.42592506001058,1689.64165,1700.05322265625,1559686,680,0.05997454414015335,0.1048170481733211,0.9938757446303695,1.0,0.12722600129582118,0.6366199937539276
63839772,20260207,21.73913043478261,32.0,0.00565656,0.388876552925612,27.960456531885104,55.90224958111701,0.15816,21.7391300201416,20151,13,0.34863321799307956,0.2127551020408163,0.00727536,0.9999999122619688,-0.1262357333785905,0.7469452994099066
63840064,20260207,1000.0,40.0,0.1193747299999997,11.155604171195842,19.089299720300986,89.64103557394037,2.2787800000000002,999.9999999999995,3614,479,0.014946236559139785,0.4504750215702305,0.00227878,0.9999999999999996,-0.5227675069924753,1.241025889348509
63840552,20260207,1000.0,62.32,0.5946225499999989,5.220256629695486,10.568199944653985,191.56142683676947,6.28409,999.9999999999994,413262,3321,0.011731132798528434,0.056233337389753,0.00628409,0.9999999999999994,-0.8304204116711492,2.0738354906102314
63843847,20260207,1000.0,300.0,0.8526294699999981,1.6929978736,363.9800885606273,290.2184464867443,310.34015,491.3395029999999,7746,130,0.007241959611069559,0.0080979580045651,0.31034015,0.4913395029999999,0.2132669618687576,-0.0326051783775189
63847388,20260207,66.11570247933884,566.0,0.10638380999999891,0.0,165.44359522374864,0.0,17.600520000000003,0.0,5656,0,0.08126436781609195,0.0,0.2662078650000001,0.0,-0.7076968282265925,-1.0
63848648,20260207,1000.0,19.0,0.1148203099999997,18.4432961691,5.431965825558227,36.72674097421452,0.6236999999999999,677.3621978399998,1028,447,0.0030668257756563248,0.1386352586496148,0.0006236999999999999,0.6773621978399998,-0.714107061812725,0.9329863670639222
63867023,20260207,34.770514603616135,1100.0,0.0538456399999992,0.0437370579298689,218.2925117056864,794.9716354038106,11.754100000000001,34.77051544189453,1655,17,0.0034827441077441078,0.0204448701575138,0.338047916,1.0,-0.8015522620857397,-0.2772985132692631
63874819,20260207,1000.0,33.66,0.9448800599999992,15.37414278189002,13.054323529697527,65.04427265588275,12.33477,999.9999999999987,4311,196,0.0022930851063829786,0.0882669327288486,0.01233477,0.9999999999999988,-0.6121710181313865,0.9323907590832496
63886292,20260207,1000.0,18.66,0.5595576999999992,28.516701011938377,11.649504599793746,35.06716869227566,6.518569999999999,999.9999999999995,46331,457,0.033857790119848,0.1863289798770314,0.006518569999999999,0.9999999999999996,-0.3756964308792205,0.8792695058429489
63890282,20260207,42.79496,8.01,0.0635166,1.0003342162924287,0.0,42.78061926139605,0.0,42.794960021972656,4495,12,0.0031823008849557522,0.2307692307692307,0.0,1.0,-1.0,4.3409011284595245
63892216,20260207,41.66666666666666,12.54,0.9331463899999988,0.5878239445398843,1.5654885617678933,70.88278291906566,1.4608299999999996,41.66666793823243,10184,58,0.10184,0.3068499068499069,0.03505992,1.0000000000000002,-0.8751604017728953,4.65253454024663
63893649,20260207,36.47676,4.76,2.2019377899999992,4.671107536156688,3.5351589110971218,7.809015907446737,7.7842,36.47676086425782,1170,11,0.0005691215098745014,0.3666666666666666,0.2134016288727398,1.0000000000000002,-0.2573195564922013,0.6405494815031008
63893761,20260207,1000.0,8.0,0.3891586299999991,59.86445916070293,3.910487607585635,16.70440186574061,1.5217999999999998,1000.0000000000005,7556,789,0.008974937641050005,0.6111522159434786,0.0015217999999999998,1.0000000000000004,-0.5111890490517956,1.0880502332175763
63895426,20260207,2.45433,6.5,1.2508153499999992,0.0722494960167115,1.7856352658288062,33.96973173625121,2.2335,2.4543299674987797,1785,1,0.009365162644281217,0.0769230769230769,0.9100243243573601,0.9999995827674866,-0.7252868821801837,4.226112574807879
63898679,20260207,123.20089999999996,35.0,0.28454898999999845,3.4270226892738016,200.90347184152827,35.94982363337662,57.16688,123.20089721679685,5693097,900,0.08041029313310905,0.0482417924863134,0.4640134934079217,0.9999999999999998,4.7400991954722365,0.0271378180964747
63904068,20260207,1000.0,31.0,10.719261939999999,18.695500645356454,24.147337890317477,53.48880275958664,258.84164,999.9999999999987,386134,325,0.010210701120671874,0.0384558132423109,0.25884164,0.9999999999999988,-0.22105361644137173,0.7254452503092464
63904287,20260207,89.5,18.0,0.8540667899999981,3.021969997020007,9.683083450651463,29.616432483388092,8.27,89.50000000000004,5394,54,0.0016505002906887793,0.1068233419825879,0.0924022346368715,1.0000000000000004,-0.46205091940825205,0.6453573601882275
63904753,20260207,1000.0,31.0,0.014054859999999999,5.117019865899999,16.400021060330733,67.50586187794346,0.23049999999999998,345.4289038,1045,214,0.0044,0.1674169577350192,0.0002305,0.3454289038,-0.47096706256997634,1.1776084476755957
63904784,20260207,1000.0,31.0,4.666134619999999,32.579378980340046,23.000272975407643,30.694261235279704,107.32236999999999,999.9999999999992,103750,193,0.01361798755676896,0.0461074018927595,0.10732236999999999,0.9999999999999992,-0.2580557104707212,-0.0098625407974288
63905155,20260207,1000.0,30.0,14.311155770000001,19.079260327673765,21.206393451197822,52.41293060699034,303.48799999999994,999.9999999999995,166365,391,0.02275512576766834,0.0963250874729318,0.3034879999999999,0.9999999999999996,-0.2931202182934059,0.7470976868996781
63909258,20260207,1000.0,8.49,0.0785548699999998,49.46972665887653,6.25409984129566,20.21438255928151,0.49129,999.9999999999998,1031,158,0.0007925282496733031,0.3702211100758892,0.00049129,0.9999999999999998,-0.2633569091524547,1.3809638520896217
63918879,20260207,1000.0,12.0,0.4190223499999993,53.307337414718,4.2963340738268565,18.75914329506093,1.80026,1000.000000000001,11307,440,0.0011343298555377206,0.1244730890577222,0.00180026,1.000000000000001,-0.6419721605144286,0.5632619412550776
63920538,20260207,10.416666666666666,10.85,0.00861161,0.2625775693810905,0.0,39.670666989734364,0.0,10.416666984558102,2611,34,0.0012296317227088632,0.2052469135802469,0.0,0.9999999084472764,-1.0,2.656282543315508
63921753,20260207,1000.0,30.0,2.4290685599999984,21.72735728053068,16.183087891105068,46.02492337488047,39.30983,999.9999999999992,143425,253,0.013452862221305094,0.05074207781789,0.03930983,0.9999999999999992,-0.46056373696316444,0.5341641124960155
63924789,20260207,7.319470000000001,2.53,4.274365819999999,0.6100599058812526,1.5365250136685777,11.997933088612267,6.56767,7.319469928741455,2115,5,0.19766355140186917,1.0,0.8972876451437056,0.9999998697072052,-0.3926778602100483,3.7422660965571497
63930260,20260207,1000.0,50.18,0.40955222999999735,6.906720633085845,13.81657719212037,144.78649251037103,5.6586099999999995,1000.0000000000014,1565171,2994,0.04548474465939571,0.0326659347864372,0.00565861,1.000000000000001,-0.724659681304895,1.885342599239425
63931270,20260207,17.857142857142858,1.05,9.997431630000001,3.578448338897819,0.7097622932181032,4.990190362063279,7.0958000000000006,17.85714340209961,9372,18,0.002013535288430551,0.72,0.3973648,0.9999998931884913,-0.32403591122085407,3.752562465412492
63934713,20260207,29.41176470588235,60.0,0.37391975999999916,0.3143723554299273,69.66021266166852,93.55679683691656,26.04733,29.411764144897464,1596,13,0.0013581822823589482,0.0182969663750968,0.88560922,0.9999999351501496,0.16100354436114206,0.5592799472819426
63935338,20260207,45.15721,1.18,43.847514660000016,12.71019365312302,0.807353855161468,3.552833968016012,35.400459999999995,45.15721130371095,5753,27,0.004228281640452742,0.627906976744186,0.7839381573839481,1.0000000000000002,-0.3158018176597729,2.0108763779175955
63937480,20260207,27.785550000000004,6.0,15.92798474,2.75417496745168,1.7353620342556908,10.08851630839228,27.640819999999998,27.78554916381836,3633,2,0.00724571200638213,0.5384615384615384,0.9947911774285553,0.9999999313546588,-0.7107729942907182,0.6814193847320468
63939449,20260207,1000.0,16.0,0.49055693999999916,34.935191623194925,8.767035280348917,28.62443069330777,4.30073,1000.0,22070,498,0.06103429203539823,0.6798816940489616,0.00430073,1.0,-0.45206029497819267,0.7890269183317355
63939968,20260207,1000.0,30.87,0.3124397999999979,18.408466365097183,14.360974498127415,54.322827651367625,4.48694,1000.0,6805,486,0.0015755597230904586,0.0835373830429586,0.00448694,1.0,-0.5347918853862191,0.7597287390522998
63939971,20260207,1000.0,30.87,0.6990634299999976,19.62411827401005,9.678549484415202,50.95770088007914,6.7659199999999995,1000.0,27337,489,0.006456084831022837,0.0911918207479717,0.00676592,1.0,-0.6864739396043018,0.6507191284334471
63942675,20260207,7.03731,2.08,2.40745589,1.0410411087297005,1.3539936551028562,6.759870772211765,3.25968,7.037310123443604,17441,11,0.28405537459283386,1.0,0.46319971693729567,0.9999998644831376,-0.3490415119697807,2.2499379904626715
63942976,20260207,0.7507507507507507,4.82,0.09498938999999951,0.0624430680006286,0.6256488224632278,12.022771804329489,0.05943,0.7507507801055908,5076,2,0.04691312384473198,0.3333333333333333,0.07916076,0.999998650314298,-0.8701973397379195,1.494350907914061
63948300,20260207,1000.0,10.01,3.0623741299999985,63.972956993537146,8.330928527011823,15.631604843112386,25.51242,1000.0000000000005,56224,474,0.011217877094972068,0.2775688779506836,0.025512419999999997,1.0000000000000004,-0.16773940789092678,0.5615988497193581
63950119,20260207,1127.6450100000006,1.49,1214.6769155400002,297.9782610681145,0.9169166761557043,3.78431974099333,1113.75752,1127.6450195312495,164069,474,0.009557064884984826,0.93781903713342,0.9876845196166828,0.9999999999999996,-0.38461968043241324,1.53981189045087
63950135,20260207,53.81452,18.5,3.5856543599999995,4.064253848274273,8.411530217876328,13.240931929355025,30.16084,53.81452178955078,7274,20,0.03225720620842572,0.109032679738562,0.5604591474568573,1.0,-0.5453226909256039,-0.2842739497645932
63951234,20260207,1000.0,24.0,0.6132488499999987,23.509439958400005,11.454615854558904,33.460147835584095,7.02453,786.6293700000001,14776,306,0.009395307433076875,0.0306243254659878,0.00702453,0.7866293700000001,-0.522724339393379,0.3941728264826706
63953718,20260207,1000.0,22.5,1.6580488599999996,21.993274576321262,14.751356603568368,45.46844313980385,24.45847,1000.0000000000005,59318,221,0.051919474835886215,0.4360405174819943,0.02445847,1.0000000000000004,-0.34438415095251695,1.0208196951023931
63956425,20260207,1000.0,50.67,3.5357482699999983,8.444593613117991,22.787402792111113,118.41894677177052,80.57052,999.9999999999994,115361,450,0.012660893805698232,0.1008050403486811,0.08057052,0.9999999999999994,-0.5502782160625397,1.3370623850613688
63957691,20260207,1000.0,18.0,0.45442549999999754,12.7251561254,4.975799113386048,46.19920409827712,2.2611299999999996,587.8921312189999,4119,314,0.007485008177357805,0.1137747686401211,0.0022611299999999997,0.5878921312189999,-0.7235667159229973,1.5666224499042842
63958692,20260207,1000.0,30.0,1.691604149999999,16.113287905375493,15.538381127759719,62.06057657579732,26.284790000000005,1000.0000000000013,49548,276,0.07745505705799594,0.354626944818691,0.026284790000000006,1.000000000000001,-0.4820539624080094,1.0686858858599106
63967286,20260207,1000.0,30.2,4.732072439999998,23.921480878012005,31.444605273202473,41.80343028494293,148.79815000000002,1000.0000000000005,323845,815,0.011683900249664468,0.0353448011935335,0.14879815000000002,1.0000000000000004,0.04121209513915477,0.384219510889644
63967300,20260207,1000.0,29.2,14.951385440000003,19.409033312450468,33.738626565699704,51.52239848216056,504.43920999999983,1000.0000000000002,891913,452,0.0644394592915303,0.0836133317968053,0.5044392099999998,1.0000000000000002,0.15543241663355153,0.764465655341784
63972226,20260207,1000.0,29.07,0.0710429399999995,17.385279466100002,10.738575852857515,34.40355773070677,0.7628999999999999,598.1155001800003,6577,142,0.011975600873998543,0.0289950307468937,0.0007629,0.5981155001800003,-0.6305959458941344,0.1834729305770226
63972231,20260207,1000.0,29.07,0.3966301899999991,23.1542988526,10.763376333001803,35.01526510675124,4.269079999999999,810.7539477,20039,263,0.014682737397420868,0.0208738116289782,0.004269079999999999,0.8107539477,-0.6297428162022084,0.2045154961933331
63982060,20260207,144.41286,32.0,0.33754527999999956,2.621112903046234,44.74125663970185,55.09598681988936,15.102200000000002,144.41285705566406,12379,34,0.0036130406864748115,0.02583684600871,0.10457655917900942,1.0,0.3981642699906829,0.7217495881215423
63985166,20260207,50.0,46.0,0.0192897799999996,0.6294496519957218,10.526299418656107,79.43434460107581,0.20305,50.00000000000001,4693,34,0.0284251968503937,0.1481797442323758,0.004061,1.0000000000000002,-0.7711674039422585,0.7268335782842567
63985726,20260207,4994.14603,1.0,6089.890448690001,2962.581105329936,0.7498611984033832,1.6857415263410416,4566.572550000001,4994.145996093758,160888,1605,0.11837833860643072,0.7531302067245197,0.914385066549606,1.0000000000000016,-0.25013880159661683,0.6857415263410416
63985744,20260207,1000.0,86.31,0.0857126599999991,3.039516155392421,6.0222142213297944,328.9996235835999,0.51618,1000.0000000000008,77376,1422,0.03762875066867675,0.2380499903097067,0.00051618,1.0000000000000009,-0.9302257650176133,2.811836784727633
63990159,20260207,1000.0,82.32,1.1119273199999975,7.803246583691925,5.475798544099099,128.1517713329907,6.08869,999.9999999999998,3475783,3020,0.24096718731584896,0.0690141263124828,0.00608869,0.9999999999999998,-0.9334815531572025,0.5567513582127492
63992188,20260207,221.95962,49.74,0.7805867899999986,2.2796364600376435,15.255946106902503,97.36619490384903,11.90859,221.95962524414065,1284,45,0.00801498127340824,0.2204192468898351,0.05365205617129819,1.0,-0.6932861659247587,0.9575028471701952
63993604,20260207,23.71317,4.5,6.438650769999999,0.2735651027607351,3.4845048755455337,86.68167897482631,22.43551,23.713169097900384,31270,14,0.007909047221589903,0.4242424242424242,0.9461202361388207,0.9999999195658548,-0.22566558321210362,18.26259532773918
63994945,20260207,1000.0,24.0,41.13260980999996,25.392017672281806,17.640384195208465,39.382453711394376,725.59504,1000.0,466873,199,0.009917494588503198,0.0185921019183518,0.7255950400000001,1.0,-0.26498399186631394,0.640935571308099
63997152,20260207,69.34492,12.0,2.785368799999998,3.8142290721891143,9.052226764369594,18.180580611269708,25.21379,69.34491729736328,33819,29,0.0018811220318053633,0.0139083055525683,0.3635996695936775,1.0,-0.24564776963586712,0.5150483842724757
63997228,20260207,3.88989,3.37,0.707181539999999,0.228393732712094,5.500553648501636,17.031434610289725,3.8898900000000003,3.889889955520629,29994,7,0.055792410714285715,1.0,1.0000000000000002,0.9999997548326318,0.6322117651340167,4.053838334912648
63999590,20260207,40.26390000000001,45.0,1.131787849999998,0.3143020893793101,24.45908038330686,128.1053292742035,27.682489999999998,40.26390075683593,16471,134,0.014351311318288752,0.0577835866983396,0.687526295266976,0.9999999999999998,-0.4564648803709587,1.8467850949823004
64000136,20260207,1000.0,90.69,1.6932441799999993,4.261621770810379,77.56852883439414,234.6523974034995,131.34246000000002,999.9999999999998,15096,430,0.002574922817132038,0.0469275124434874,0.13134246000000002,0.9999999999999998,-0.14468487336647762,1.5874119647874712
64002001,20260207,1000.0,62.32,0.2421834799999985,5.770705198995823,25.8219099007085,173.28901619944077,6.253640000000001,1000.0000000000005,62783,1894,0.048771071234366505,0.3764244567658018,0.00625364,1.0000000000000004,-0.5856561312466544,1.7806324943520937
64004668,20260207,1000.0,32.0,0.5324289999999983,18.9533587662,43.09333263214452,46.90928367341677,22.944139999999997,889.0885298369999,118155,498,0.025785648814979703,0.0084820285166437,0.02294414,0.8890885298369999,0.34666664475451614,0.4659151147942741
64005450,20260207,1000.0,23.0,0.0635592799999993,5.555189038600002,6.056078671753428,46.14407043122536,0.38492,256.3390804,1573,138,0.011373825018076645,0.254845804705952,0.00038491999999999997,0.2563390804,-0.7366922316628944,1.006263931792407
64005608,20260207,341.5910099999999,25.0,3.260798799999999,11.491071661492256,10.870968181170825,29.72664201860584,35.44804,341.5910034179685,2483646,1818,0.03214597179707875,0.0941227108387501,0.10377333993655163,0.9999999999999992,-0.565161272753167,0.1890656807442336
64007547,20260207,41.66666666666666,6.5,0.0681534699999993,1.227903734957924,0.0,33.93314379528001,0.0,41.66666793823242,3976,38,0.01602579604997985,0.5481719367588933,0.0,1.0,-1.0,4.2204836608123095
64009920,20260207,650.6762800000001,2.3,108.41929587999999,136.91364929568255,1.5695649802812575,4.752457246783145,170.17113,650.6762695312498,12907,228,0.02348435225618632,0.9160175417985388,0.2615296349822372,0.9999999999999996,-0.31758044335597496,1.0662858023092738
64012844,20260207,1000.0,33.75,0.0253990099999997,10.171083787,39.24286812753771,61.1092623664312,0.9967299999999999,621.5474888,1932,137,0.01932,0.2160244968719742,0.00099673,0.6215474888,0.1627516482233396,0.8106448108572208
64019817,20260207,248.75621890547265,600.0,0.0269656999999989,0.0035262999999999,21.850350630616823,782.918946502991,0.58921,2.76159,1030,1,0.0033594259621656884,0.0002893518518518,0.0023686242,0.0111015915018615,-0.9635827489489719,0.3048649108383184
64020537,20260207,40000.0,1.56,1525.4624940200001,12118.616328465994,1.2181481926199602,3.300706855677995,1858.23938,39999.99999999971,845119,7546,0.04100310027121309,0.7238861618170992,0.0464559845,0.9999999999999928,-0.219135773961564,1.115837805607183
64020711,20260207,1000.0,28.88,1.0800372399999991,23.65067551887991,33.37977494183444,42.2820885991028,36.0514,1000.0000000000008,53771,265,0.0032712793463646707,0.0020009178457664,0.036051400000000004,1.0000000000000009,0.15580938164246683,0.4640612821257591
64021638,20260207,380.56766,3.0,151.39981512,53.98817182165666,1.5370415731059843,7.049093117632663,232.70781,380.5676574707027,53398,539,0.012248371410221122,0.8666536219906488,0.6114755257974364,0.999999999999999,-0.4876528089646719,1.3496977058775543
64026285,20260207,1000.0,27.12,1.8919629599999992,20.953640906186514,21.427496656699887,47.7244005828291,40.54003,1000.0,3076,365,0.005333795734350616,0.1594345689775797,0.040540030000000005,1.0,-0.2099005657559039,0.7597492295718573
64029548,20260207,1000.0,26.3,2.3800731099999988,31.08520702177663,20.342488554899905,32.16964156390571,48.41661,1000.0000000000006,91557,150,0.003833772302641772,0.0094683206147068,0.04841661,1.0000000000000009,-0.2265213477224371,0.2231803230843434
64029589,20260207,1000.0,30.0,3.040580139999999,23.50831620255186,23.005876108892835,42.53813624275282,69.95121,1000.0000000000008,129753,235,0.007055052605823342,0.01130868134857,0.06995121,1.0000000000000009,-0.2331374630369055,0.4179378747584273
64033273,20260207,1172.770339999999,25.52,1.0628980399999992,41.50217105795602,17.330335842937497,28.258048376467205,18.42038,1172.7703857421866,45303,484,0.0013085486181717348,0.0085089759573528,0.01570672396097604,0.9999999999999992,-0.32091160490056825,0.1072902770215494
64040144,20260207,500.0,1.6,21.039017819999998,81.03199597532428,0.6015523209438491,6.17040204688846,12.65607,500.00000000000034,2695,149,0.012216681776971895,0.9855072463768116,0.02531214,1.0000000000000009,-0.6240297994100943,2.8565012218389407
64040948,20260207,208.86075949367088,12.0,14.615005989999997,5.950453576132087,6.131463104518373,35.099967721385134,89.61137,208.86076354980477,6534,24,0.44448979591836735,0.55,0.42904837757575753,1.0000000000000002,-0.4890447412901356,1.924997310115428
64048356,20260207,1062.3138600000002,50.18,47.016990050000004,16.152919151853315,22.246369427045014,65.76605547397276,1045.9573299999997,1062.3138427734375,124130,211,0.009849867483455269,0.0418539194570455,0.984602921400272,1.0,-0.5566686044829611,0.3106029309288259
64048419,20260207,793.6428571428571,2.67,3.1898601900000005,79.02462250326286,1.0692443545621348,10.042982150595266,3.4107399999999997,793.64288330078,2208,926,0.01645305514157973,0.9971497130396336,0.004297575375753758,0.9999999999999984,-0.5995339496021966,2.761416428322834
64055756,20260207,145.76475000000008,12.0,18.89065399,9.885806229677724,7.020497017742476,14.74485106400111,132.62178,145.76475524902344,30880,16,0.0020010238399180928,0.0066170388751033,0.9098343735368114,1.0,-0.4149585818547937,0.2287375886667592
64059312,20260207,2.48044,13.0,0.0393387199999998,0.0295188506634156,0.0,84.0261669895902,0.0,2.4804399013519287,6263,2,0.017158904109589042,0.3888888888888889,0.0,0.999999615522251,-1.0,5.463551306891554
64059848,20260207,33.373839999999994,14.0,3.2924306599999986,1.1767836838837975,7.6870259736920366,28.360192641092183,25.309000000000005,33.373840332031264,174403,19,0.03015944109153164,0.0816165650620138,0.7583484549575359,1.0000000000000004,-0.4509267161648545,1.0257280457922988
64060132,20260207,1000.0,114.63,0.00028414,0.0184224789,0.0,363.1431412229099,0.0,6.690360000000001,3555,30,0.1615909090909091,0.0905757575757575,0.0,0.00669036,-1.0,2.167959085090896
64062292,20260207,1321.44021,800.0,2.2271656199999987,0.0,543.0586702393514,0.0,1209.4815999999998,0.0,38700,0,387.0,0.0,0.9152753116238228,0.0,-0.32117666220081076,-1.0
64073068,20260207,1013.3127800000002,12.92,44.13809028,51.17398020908741,13.419031413517695,19.8013283554307,592.29042,1013.3128051757805,539831,241,0.024098737545087675,0.0547976352887676,0.5845089805341248,0.9999999999999992,0.03862472240849034,0.5326105447756808
64081848,20260207,1000.0,96.08,0.0024119499999999,0.244835042,0.0,248.76043372731863,0.0,60.90552,8472,146,0.03788908765652952,0.0990919995553932,0.0,0.06090552,-1.0,1.5890968878699068
64083791,20260207,125.47337,14.0,1.6046278199999997,5.7341279070919855,7.512720301708345,21.88185432279002,12.055120000000002,125.47337341308598,6230,125,0.0017661233167965982,0.0522055818924255,0.09607711979043841,1.0000000000000004,-0.4633771213065468,0.5629895944850014
64086199,20260207,1000.0,32.2,0.021028999999999798,0.0805338632,31.227352703409878,43.12827838763871,0.65668,3.4733300000000003,4888,27,0.9584313725490196,0.5105169340463458,0.0006566800000000001,0.00347333,-0.03020643778230202,0.3393874958312778
64087380,20260207,1000.0,23.0,5.341132769999998,30.90909363304449,9.887792023563573,32.352937278561186,52.812009999999994,1000.0000000000008,40541,236,0.0082201585595815,0.0440515626017161,0.05281200999999999,1.0000000000000009,-0.5700959989754968,0.4066494468939646
64096983,20260207,1000.0,30.2,4.301334859999997,25.45284472062402,15.664290782513046,39.28833777473123,67.37736,999.999999999999,366253,920,0.011189857870873917,0.0331973245697202,0.06737736,0.999999999999999,-0.48131487475122364,0.3009383040461614
64097468,20260207,15.625,21.06,0.01136528,0.592497838608645,15.553510340264385,26.37135970880875,0.17677,15.625,1350,9,0.028421052631578948,0.1145833333333333,0.01131328,0.9999999389648476,-0.2614667454765249,0.252201347462318
64099890,20260207,1000.0,30.66,10.770363810000001,29.761337795521737,17.179383469684296,33.600638965558666,185.02821,1000.0000000000005,177015,209,0.003985738120917497,0.0041369742187978,0.18502821,1.0000000000000004,-0.43968090444604385,0.0959112567769554
64101372,20260207,416.6666666666667,160.0,0.7412095499999974,0.8756786659248066,49.9585710950434,475.8208654463818,37.02977,416.66665649414,120200,821,0.0036913287555124254,0.0029139424629948,0.08887144799999999,0.9999999999999984,-0.6877589306559788,1.9738804090398865
64101770,20260207,72.20216606498195,3.4,4.905490569999999,13.505338014789272,1.4534876580141916,5.346194095329468,7.13007,72.2021636962891,40501,23,0.0052632194513391635,0.92,0.0987514695,1.0000000000000009,-0.572503629995826,0.5724099839331667
64104000,20260207,1000.0,42.0,0.0751657799999997,2.3464837348,0.0,165.51281337575057,0.0,388.37329,5927,67,0.750253164556962,0.720814479638009,0.0,0.3883732899999999,-1.0,2.940781270851204
64105048,20260207,11.616680000000002,2.37,4.914132839999999,1.7064513167513409,0.9571739619476793,6.807503515468241,4.70368,11.616680145263675,204118,24,0.09910565158283162,0.5853658536585366,0.4049074262181621,0.9999999179047524,-0.5961291299798821,1.872364491216992
64106409,20260207,1000.0,42.0,0.0010545499999999,0.0080509312,0.0,138.9964683255118,0.0,1.11919,4593,13,0.9772340425531915,0.3571428571428571,0.0,0.00111919,-1.0,2.309439722035996
64107218,20260207,2941.176470588235,1.0,3.578357160000001,884.6107846012001,0.6744827003238546,2.251776664768147,2.41354,1991.945924419001,6855,1156,0.0591458153580673,0.998495966596252,0.0008206035999999999,0.6772616043816361,-0.3255172996761454,1.2517766647681472
64110035,20260207,228.48797,91.53,7.419097219999999,1.2560421836708984,26.11490107956828,181.9109239591924,193.74899000000002,228.48797607421875,25890,43,0.010469912649627952,0.0100768470099222,0.8479614484736331,1.0,-0.7146847910022038,0.9874459345053412
64113541,20260207,65.18745999999999,15.0,8.433780029999998,3.122998183233162,7.209028428975994,20.87335219394467,60.79936,65.18746185302733,269827,37,0.04162134230051366,0.1424319727891156,0.9326849059619751,0.9999999999999998,-0.5193981047349338,0.3915568129296446
64114731,20260207,814.7297199999998,1.0,1020.60950375,364.2382703950459,0.7809207410586979,2.236804312758461,797.01513,814.7297363281256,25262,267,0.018622926649465535,0.8040540540540541,0.9782570961078972,1.0000000000000009,-0.2190792589413021,1.2368043127584611
64115407,20260207,17.81497,1.0,39.86770361,11.040101407759762,0.44141092680306493,1.613659851919297,17.598039999999997,17.814970016479492,10906,8,0.00822535636171657,0.4444444444444444,0.987823162205718,0.9999998929356364,-0.5585890731969351,0.6136598519192971
64115681,20260207,6.819940000000001,1.8,8.570856709999997,0.172497539933466,0.7909804386404218,39.53621922139136,6.779380000000001,6.819940090179445,20773,14,0.03970374617737003,0.8928571428571428,0.9940527336017618,0.9999998601638476,-0.5605664229775434,20.964566815968624
64117220,20260207,230.21069000000008,20.91,0.46890148999999876,8.718639433482076,7.614157933258025,26.404425680327407,3.570289999999999,230.210693359375,41787,135,0.0005780387600116197,0.006029094553668,0.015508793271068333,1.0,-0.6358604527375407,0.2627654649933106
64118118,20260207,11.77282,260.0,0.09289077999999928,0.0347970918880088,68.46610610870152,338.31798911865343,6.35987,11.772820472717283,1267,4,0.0006213525575008582,0.001360544217687,0.5402163627745944,0.9999999189935632,-0.7366688226588403,0.3012230350717439
64119946,20260207,1000.0,9.0,0.0419825599999997,33.48238524617662,0.0,29.86644956089981,0.0,999.9999999999994,18374,848,0.002513611863525678,0.2439726184698662,0.0,0.9999999999999994,-1.0,2.3184943956555344
64120867,20260207,1000.0,9.0,1.4720825399999993,38.37188604271348,6.463190576256685,26.06074595411104,9.51435,1000.0000000000008,261822,1106,0.02192281606644952,0.2677750185974831,0.00951435,1.0000000000000009,-0.28186771374925723,1.895638439345671
64125620,20260207,1000.0,7.5,6.036810639999998,44.87019485784109,1.7993938600664807,22.286508469190235,10.862599999999999,1000.0,1887451,1820,0.07749747485115993,0.5150283912854605,0.010862599999999998,1.0,-0.7600808186578026,1.971534462558698
64126534,20260207,333.3333333333333,6.0,10.337520489999998,9.41047700540838,1.4352861514860227,35.4215102903685,14.8373,333.3333435058594,16174,87,0.004599198111866238,0.1593406593406593,0.04451190000000001,1.0,-0.7607856414189963,4.90358504839475
64129362,20260207,1000.0,24.0,0.004000269999999999,24.9110057774,0.0,37.61059953827318,0.0,936.9179000000004,1641,238,8.793316864842273e-05,0.0011338871538463,0.0,0.9369179000000004,-1.0,0.5671083140947157
64129661,20260207,1143.8391200000003,24.0,39.60234387999999,25.05525634970189,18.662002740025706,45.6526586561577,739.0590500000001,1143.8391113281268,279466,374,0.004291428843445907,0.0669892119544219,0.6461215017720323,1.0000000000000016,-0.22241655249892892,0.9021941106732374
64131561,20260207,35.86777000000001,16.1,3.1311329399999996,1.3915429454331845,11.277767720715175,25.775521690417104,35.31219,35.86777114868164,6708,4,0.00688211757463835,0.2321428571428571,0.9845103277956783,1.0,-0.2995175328748339,0.600964042217254
64138592,20260207,1000.0,49.74,18.243956569999998,9.781635016012428,17.530388146500613,102.23238713473,319.82363999999995,1000.0000000000005,30667,258,0.01318160326670965,0.2267839755223434,0.31982363999999996,1.0000000000000004,-0.6475595467128948,1.0553354178712857
64141830,20260207,1000.0,25.0,11.687656009999998,30.651021799645505,9.752832381657338,32.625338688912095,113.98774999999999,1000.0000000000013,66955,610,0.0002839430833110338,0.002119783731923,0.11398774999999998,1.000000000000001,-0.6098867047337064,0.3050135475564838
64142416,20260207,111.11111111111111,3.54,0.2609288899999992,3.557473922895566,0.30912636772417285,31.23314061523039,0.08066,111.11111450195312,9221,75,0.10256952169076752,0.9609375,0.0007259399999999999,1.0,-0.9126761673095557,7.822921172824328
64150905,20260207,6.079800000000001,48.47,0.060453279999999894,0.0631227702930666,20.284259183290008,96.31554168437484,1.22625,6.079800128936768,3003,24,0.1716,0.4374458874458874,0.20169248988453564,0.9999998431405396,-0.5815089914732823,0.9871165516545382
64157057,20260207,319.6986600000001,3.0,9.951795829999998,17.66699307376887,20.23582612023905,18.095815739717004,201.38281,319.6986694335938,32315,161,0.09315364658402998,0.2064402183127087,0.6299144638266546,1.0000000000000002,5.745275373413016,5.031938579905668
64162199,20260207,209.54995,1.0,7.434174840000001,19.747385770392427,13.057420909406536,10.611528487889457,97.07115,209.54995727539065,16762,74,0.037026728517782194,0.1019196378935008,0.4632363310036581,1.0,12.057420909406536,9.611528487889457
64162266,20260207,1000.0,2.09,74.27437595999999,166.49035133142866,0.8667137107239858,6.006354037916396,64.37462,1000.0,2371583,1526,0.14983276683387878,0.9595625792846388,0.06437462,1.0,-0.5853044446296719,1.873853724680019
64165844,20260207,1000.0,4.75,46.44669738,103.6696920259636,2.7559875560736797,9.646020652820436,128.00652,999.9999999999998,13710,301,0.006478899862955437,0.4753462084857434,0.12800651999999998,0.9999999999999998,-0.4197920934581727,1.03074119006746
64166008,20260207,1000.0,148.94,0.013172819999999698,0.1002873104,26.522794663557843,290.4518969740266,0.34938,29.12893,1978,10,0.019819639278557115,0.0916926646970632,0.00034938000000000005,0.02912893,-0.8219229578114822,0.9501268444539732
64166181,20260207,35.08771929824562,61.67,0.0473679299999997,0.1089734734053776,13.973589303986978,321.98108297435044,0.6618999999999997,35.08771896362305,1359,1,0.00880181347150259,0.3333333333333333,0.01886414999999999,1.0,-0.7734135024487275,4.221032796081515
64167205,20260207,1000.0,10.0,0.7703270299999996,61.96912754439364,7.99997891804472,16.137067334803913,6.162599999999999,999.9999999999992,33173,520,0.0040760582416907295,0.3392996720730857,0.006162599999999999,0.9999999999999992,-0.20000210819552802,0.6137067334803913
64169776,20260207,2.2580645161290325,3.34,0.1861151899999996,0.1411028813403074,0.12830763571742881,16.002851849214697,0.02388,2.2580645084381104,25496,2,0.9768582375478927,1.0,0.010575428571428569,0.999999577658694,-0.9615845402043626,3.791273131872146
64173658,20260207,31.25,14.4,0.0010938100000000002,0.2716749775,11.821065815818102,63.06078350265621,0.01293,17.1321,1071,124,0.013819354838709677,0.2941420539402193,0.00041376,0.5482271665388693,-0.1790926516792985,3.379221192583092
64177035,20260207,237.66124999999988,12.0,24.485487429999996,17.11197884737299,4.2817244418646245,13.888588988684337,104.84011000000001,237.6612548828128,980620,224,0.018343952380774225,0.0402443406395975,0.44113253633059685,1.000000000000001,-0.6431896298446146,0.1573824157236947
64178557,20260207,1000.0,31.31,0.0886122099999985,8.780481928821057,10.052790693291762,113.88895213469412,0.8908,1000.0000000000002,3427,370,0.0014999781152886594,0.1392657467962504,0.0008908000000000001,1.0000000000000002,-0.6789271576719335,2.6374626022775067
64178983,20260207,4.433497536945813,3.12,2.1055268100000006,0.7027245308431442,0.5951052221462807,6.309002924050081,1.2530100000000002,4.433497428894043,66908,9,0.17050968399592253,0.8333333333333333,0.2826233666666667,0.9999997848935008,-0.809261146747987,1.0221163959817108
64179291,20260207,1000.0,12.93,0.060736689999999496,2.840086181,0.0,22.835379996034,0.0,64.85446999999999,2521,35,0.7002777777777778,0.9912280701754388,0.0,0.06485447,-1.0,0.7660772975305473
64179851,20260207,1000.0,10.01,0.3255854799999997,64.52967368705549,5.419129870287833,15.496746339565822,1.7643900000000001,1000.0000000000005,5984,299,0.00380831158913002,0.428308481369742,0.0017643900000000002,1.0000000000000004,-0.4586283845866301,0.5481264720507286
64180551,20260207,1000.0,86.31,0.0109129999999997,0.043474047,40.275817831944664,117.09199532320226,0.43953000000000003,5.090579999999999,5354,41,0.36924137931034484,0.3588803088803088,0.00043953000000000004,0.0050905799999999,-0.5333586162444136,0.3566446371836745
64181008,20260207,1000.0,30.8,0.1026293999999999,0.118873672,14.458040288650244,25.47876641039228,1.48382,3.02878,1024,1,0.014566145092460882,0.0040650406504065,0.0014838199999999998,0.00302878,-0.5305831075113558,-0.1727673038467292
64185135,20260207,250.0,28.0,0.7614459199999998,7.165504674160644,50.63039801959937,34.889372972171245,38.552310000000006,250.00000000000009,26135,120,0.0095701050935589,0.0493866845823574,0.15420924000000003,1.0000000000000004,0.8082285006999774,0.2460490347204016
64186013,20260207,82.85864999999998,10.0,0.7175463199999993,5.324677293340479,6.5986262740501616,15.561250021649204,4.73482,82.85865020751956,1590,29,0.0001596561869282752,0.0475811993409668,0.05714333989269679,1.0000000000000004,-0.34013737259498383,0.5561250021649202
64188498,20260207,1000.0,26.98,0.00055345,3.140455825457167,0.0,318.42501125753483,0.0,1000.0000000000005,20762,2269,0.020013495276653172,0.489393604034321,0.0,1.0000000000000004,-1.0,10.80226155152637
64189196,20260207,96.95803,32.41,4.22056063,1.8945346789616224,14.630236457472718,51.17772749142704,61.74780000000001,96.9580307006836,9290,36,0.004811227924801906,0.013671210161181,0.6368508106033096,1.0,-0.5485888164926652,0.5790721299714384
64190160,20260207,111.11111111111111,2.0,24.95588943,23.52483026028393,1.1133123537003906,4.723141827144058,27.783699999999996,111.11111450195312,4183,41,0.008793357157872609,0.9444444444444444,0.2500533,1.0,-0.4433438231498047,1.361570913572029
64192256,20260207,3.605769230769231,102.0,0.0016613199999999,0.0026059533600253,0.0,1383.1352768714469,0.0,3.605769157409668,9450,1,0.010175514159577905,0.002008032128514,0.0,0.9999997615814208,-1.0,12.56014977324948
64192383,20260207,89.25466,25.49,9.178e-05,1.0422423040112765,0.0,85.63706882696647,0.0,89.25466156005862,1309,50,0.010123743232791957,0.084297520661157,0.0,1.0000000000000002,-1.0,2.359633958255224
64192413,20260207,1000.0,58.55,0.032132519999999,2.5499426369,23.139174891979312,185.55507950764772,0.74352,473.154994285,11300,190,0.022893030794165315,0.0607875621802556,0.00074352,0.4731549942849999,-0.6047963297697813,2.169173047404524
64199262,20260207,461.9958,1900.0,0.0820379699999994,0.0,339.63797495233246,0.0,27.86321,0.0,3331,0,0.0009554816132178304,0.0,0.06031052663249319,0.0,-0.8212431710777197,-1.0
64200673,20260207,1000.0,10.57,0.3103161699999992,16.796589072885048,1.7392261576314292,59.53589363440575,0.53971,999.9999999999998,109142,428,0.055119438412201405,0.2275700937458838,0.00053971,0.9999999999999998,-0.8354563710850115,4.6325350381569566
64200712,20260207,1000.0,160.82,0.3984430099999988,3.293654341622471,56.78746880262768,303.61403859196577,22.62657,999.9999999999992,41762,180,0.027455131155085136,0.0903811300378808,0.022626570000000002,0.9999999999999992,-0.6468880188867823,0.88791210523868
64200992,20260207,1000.0,10.57,0.017003289999999997,23.225699212296988,0.0,43.05575250086731,0.0,1000.0000000000005,4000,608,0.0020105554159336515,0.1651205332325101,0.0,1.0000000000000004,-1.0,3.073392028757606
64203381,20260207,1000.0,46.06,8.86759621,20.6752979147561,23.37587268196101,48.36689443393214,207.2878,1000.0,7833,154,0.0031326987681970886,0.025899764547595,0.2072878,1.0000000000000002,-0.49249082323141535,0.05008452001434
64206422,20260207,70.27027027027027,20.7,0.0865666899999999,2.7006200950508057,8.043625094132638,26.020040882465068,0.6963100000000001,70.27027130126955,7980,18,0.014169034090909092,0.0393013100436681,0.009909026923076924,1.0000000000000002,-0.6114190775781334,0.2570067595867158
64210247,20260207,72.20216606498195,3.4,10.805448110000002,13.000402112674092,1.5694453230778593,5.553840374834162,16.95856,72.20216369628908,114966,28,0.015569399114313187,1.0,0.23487605599999997,1.0000000000000002,-0.5383984343888649,0.6334824173685704
64210997,20260207,1000.0,29.6,14.719852320000005,29.76931404484368,21.984303440348636,33.591636169445856,323.60569999999996,999.9999999999995,567575,271,0.02156194202788436,0.0219648206148835,0.32360569999999994,0.9999999999999996,-0.25728704593416774,0.1348525586666878
64212391,20260207,91.66666666666669,19.44,1.6268780499999997,3.314410209156316,9.714870761210406,27.65699798211488,15.80491,91.66666412353516,36594,39,0.03395879732739421,0.1013939297632289,0.17241719999999996,1.0000000000000002,-0.500263849731975,0.4226850423003651
64213169,20260207,31.25,48.29,0.32624695999999975,0.6545265633760319,20.86312160579214,47.74436058706759,6.8065299999999995,31.25,14638,13,0.065818345323741,0.085752688172043,0.21780896,0.9999999389648476,-0.5679618636199598,-0.0112992403834125
64215562,20260207,250.0,1.0,0.1290475899999997,51.01984316205629,0.7006717444316488,4.9000541672749,0.09042,249.9999999999999,3186,218,0.009409332545776727,0.9404881569852822,0.00036168,0.9999999999999996,-0.2993282555683512,3.9000541672749
64217599,20260207,4.044489383215369,17.6,0.1622412699999998,0.1541143913549922,0.0,26.243254149621947,0.0,4.04448938369751,32190,3,0.014040214594146639,0.1,0.0,0.9999997642040808,-1.0,0.4910939534553832
64218618,20260207,1000.0,72.88,0.2470997599999992,4.790803734310071,24.602452062276466,208.73319942229105,6.07926,1000.0,1453,525,0.001372697213037317,0.1141225243427716,0.0060792599999999995,1.0000000000000002,-0.6624251912420901,1.864067059394706
64218716,20260207,1000.0,86.0,0.022980879999999898,0.0434979026,0.0,190.54572654897277,0.0,8.28853,1256,19,0.031321695760598504,0.0942791005291005,0.0,0.00828853,-1.0,1.21564798312759
64221144,20260207,50.0,2.7,5.916374259999998,7.448834610780305,1.839430624525772,6.712458511990471,10.88276,50.0,1484,19,0.002312607137291569,0.7037037037037037,0.2176552,1.0,-0.31872939832378816,1.486095701275626
64223277,20260207,320.82551,6.0,74.70335081,29.58420901549959,4.2342341617915435,10.844484281317504,316.31147999999996,320.8255004882812,8811,15,0.00046424751437107133,0.0131810193321616,0.985929953014023,0.9999999999999998,-0.2942943063680761,0.8074140468862506
64223652,20260207,62.5,2.3,6.484282639999999,6.021334166799004,1.1662091891787125,10.379757689726077,7.56203,62.50000000000001,1612,26,0.002448359659781288,0.7916666666666666,0.12099248,1.0000000000000002,-0.492952526444038,3.512938219530322
64224566,20260207,35.714285714285715,72.0,0.13725182999999908,0.3030207902651683,33.85193479751804,117.86045740455285,4.64624,35.71428680419922,24605,51,0.018258385277530424,0.0219970358859247,0.13009472,1.0,-0.5298342389233606,0.6369507972854562
64226642,20260207,1000.0,25.05,2.911225099999997,4.466364661177004,20.00017793196412,223.8956851858998,58.22501999999999,999.9999999999998,145572,666,0.04301137538779731,0.1138756182211032,0.05822501999999999,0.9999999999999998,-0.20158970331480558,7.937951776647338
64227028,20260207,1000.0,8.0,0.0792921999999998,47.49401761113586,11.766731153884017,21.055282943893317,0.9330099999999999,1000.0000000000005,1988,473,0.003682845498332716,0.3816942481622076,0.0009330099999999999,1.0000000000000004,0.4708413942355021,1.6319103679866642
64228142,20260207,1000.0,25.88,16.338159759999996,2.0213755306003,11.14501159707108,494.7123828053079,182.08898000000002,1000.0000000000008,160994,602,0.039788937768770696,0.0787949095858751,0.18208898,1.0000000000000009,-0.5693581299431576,18.115625921475257
64229089,20260207,1000.0,3.94,10.034370079999999,153.1625149446361,4.687016686153558,6.5290126231765,47.03126,1000.0000000000008,29921,210,0.0248616535105941,0.9444444444444444,0.047031260000000005,1.0000000000000009,0.1895981436937964,0.6571097787705374
64229552,20260207,41.66666666666666,1.4,7.185961429999999,13.155103989219446,0.5687116525477927,3.167338304968154,4.086739999999999,41.66666793823242,3698,23,0.02213046080191502,0.6908496732026143,0.09808175999999999,1.0,-0.5937773910372909,1.2623845420768605
64230865,20260207,4.664179104477612,27.0,0.07598885999999959,0.0344463363568567,4.362086758506468,135.40028978685777,0.33147,4.664179325103761,1113,12,0.0009238814642649622,0.0253164556962025,0.071067168,0.9999997955322782,-0.8384412311664271,4.014825547661399
64233051,20260207,1000.0,56.0,0.0003873,0.3664768962999999,0.0,192.80235101043945,0.0,70.65780000000002,20814,318,0.06580461587100854,0.1043702323916595,0.0,0.0706578,-1.0,2.4428991251864187
64233843,20260207,223.26955,80.0,4.2798114699999985,7.224869570452056,30.495995189246045,30.90291297700288,130.51711,223.26954650878903,4698,4,0.47454545454545455,0.3,0.5845719221452276,1.0,-0.6188000601344245,-0.613713587787464
64238938,20260207,41.66666666666666,1.51,3.0426265499999996,8.342373598732335,0.6378469286676015,4.994581272407005,1.9407300000000003,41.666667938232415,12280,31,0.029676172063798936,0.7973684210526315,0.04657752000000002,0.9999999999999998,-0.5775848154519195,2.30766973771616
64240263,20260207,41.66666666666666,1.29,18.52793197,3.0061756583785417,0.7015828869108266,13.860352425431447,12.99888,41.66666793823243,13181,65,0.017579354494531876,0.6701030927835051,0.31197312000000005,1.0000000000000002,-0.4561372969683515,9.744459562248103
64240994,20260207,1000.0,50.18,15.073859659999997,15.1624119521167,16.101787164973516,65.95256329965592,242.71608,999.9999999999994,27151,128,0.0081188326057054,0.0590396134550077,0.24271608,0.9999999999999994,-0.6791194267641787,0.3143197070258545
64243018,20260207,1000.0,23.0,6.0448736499999995,36.56519295061875,20.18627965863274,27.348412300246498,122.02351000000002,1000.0000000000008,51905,223,0.0026836494116187206,0.0205139741562213,0.12202351000000002,1.0000000000000009,-0.12233566701596789,0.1890614043585433
64243604,20260207,1000.0,38.5,0.0999368999999999,0.0,15.235413545947509,0.0,1.52258,0.0,7150,0,0.7222222222222222,0.0,0.00152258,0.0,-0.6042749728325323,-1.0
64251345,20260207,169.62831999999997,1.76,95.44074008000001,27.944084275892862,1.6484152351304773,6.07027658058117,157.32596999999998,169.62832641601557,9311,87,0.06575564971751413,0.7444674156134603,0.9274746693240846,0.9999999999999996,-0.0634004345849561,2.449020803109997
64251856,20260207,1000.0,14.0,0.6012973099999992,56.142497796583854,11.061649352796888,17.811818523133628,6.65134,999.9999999999995,36349,626,0.08878602833414753,0.5328513480088733,0.00665134,0.9999999999999996,-0.2098821890859366,0.272272751652402
64254884,20260207,1000.0,163.18,0.0012347400000000002,0.0137934246,96.26318091258076,414.2514215489641,0.11886,5.71436,5561,36,0.09930357142857144,0.1150024454226135,0.00011886,0.00571436,-0.41007978359737246,1.5386164979920742
64254890,20260207,1000.0,163.18,0.039122879999999804,0.9186614528000002,46.19803041084933,314.07314864735685,1.8074,288.52720909499993,18356,554,0.02192022928110819,0.0404940584529839,0.0018073999999999998,0.2885272090949999,-0.716889138308314,0.924703779533695
64255796,20260207,1000.0,2.0,198.59441599,184.53499834193897,1.4178653946351583,5.419026220316203,281.5801500000001,1000.0000000000006,558633,279,0.03837529452981706,0.7655060882800608,0.28158015000000014,1.0000000000000009,-0.29106730268242087,1.7095131101581016
64256969,20260207,1000.0,61.25,0.09872948999999959,0.6641808008,10.862711840200983,112.08131555296298,1.07247,74.44237,40833,109,0.22036157582298974,0.1826011740784468,0.00107247,0.07444237,-0.8226496026089635,0.8298990294361303
64259874,20260207,283.0188679245283,56.1,1.1502192899999983,3.841682019096458,35.86409162030317,73.67053930697426,41.25157,283.01885986328114,88153,112,0.016921585564833478,0.0244062040149258,0.14575554733333335,0.9999999999999996,-0.36071137931723407,0.3132003798709273
64260084,20260207,1000.0,35.0,0.00042429,0.0264776171,0.0,30.677206325854527,0.0,0.8122900000000001,1274,20,0.5790909090909091,0.9215686274509804,0.0,0.00081229,-1.0,-0.1235083906898706
64265671,20260207,363.78365,3.0,3.2387437199999987,10.254970708088807,20.569083496362605,35.47388244881559,66.61799,363.783660888672,4342,95,0.013788504287075261,0.1243250065442579,0.1831252998863473,1.0000000000000002,5.856361165454202,10.82462748293853
64267444,20260207,72.20216606498195,3.4,0.0052856199999999996,13.5890999796003,0.0,5.313240648125113,0.0,72.2021636962891,1372,21,0.00017793225086891112,0.9545454545454546,0.0,1.0000000000000009,-1.0,0.5627177938508031
64268049,20260207,1000.0,91.46,0.0990382899999995,0.9736702060999995,34.011794832079765,191.22878322117828,3.36847,186.19396000000003,11358,187,0.031169045005488474,0.068226124086063,0.0033684699999999997,0.18619396,-0.6281238264587823,1.0908461090685009
64269101,20260207,1000.0,2.08,48.0407577,198.7681639787949,0.7118522195997753,5.030986728215172,34.197919999999996,1000.0000000000008,1547805,1572,0.1394695345023338,0.9721605999392016,0.03419792,1.0000000000000009,-0.6577633559616466,1.418743708053208
64273516,20260207,1.7391304347826086,22.76,0.0370937599999997,0.0840815804906654,15.461630204109927,20.683599000182248,0.57353,1.7391303777694702,20375,2,0.0023010898413236207,0.0043103448275862,0.32977975,0.9999994516375508,-0.3206665112429734,-0.0912302815386042
64273959,20260207,3.27383,2.5,0.2697672899999996,0.3727168258052812,0.05805003267816503,8.783668797991826,0.01566,3.273829936981201,4144,13,0.017209302325581394,0.65,0.004783388263898859,0.9999997086977463,-0.9767799869287339,2.5134675191967304
64274214,20260207,79.67623999999999,1.6,40.99543987,25.234335801363777,0.9381767855635404,3.157453260644672,38.46097,79.6762390136719,3973,34,0.009967385850476669,0.9714285714285714,0.48271567533809334,1.0000000000000004,-0.41363950902278723,0.9734082584968454
64274912,20260207,1000.0,69.46,0.0025896699999999996,0.0239857829,0.0,274.11470839634774,0.0,6.57513,1941,21,0.3235,0.3017241379310345,0.0,0.0065751299999999,-1.0,2.946367866532615
64277430,20260207,11.11111111111111,29.66,0.2584786599999994,0.2926492601478893,13.298660709553381,37.96719907797422,3.4374199999999995,11.11111068725586,12110,4,0.007286840363439437,0.0025396825396825,0.30936779999999997,0.9999999141693156,-0.5516297805275326,0.2800808925589705
64277460,20260207,376.40849,52.58,3.022726399999999,5.170005691465383,19.713292608950656,72.80618773754703,59.58789000000001,376.4084777832031,12033,136,0.005504574565416286,0.0065518075202514,0.15830644521328416,1.0,-0.625080018848409,0.384674499850367
64279494,20260207,2330.69918,1.0,45.67883813999999,170.4822655921361,10.02593867638158,13.671212058237057,457.97322999999994,2330.6992187499955,19741,1342,0.0148943715104874,0.267907919776372,0.1964960703337099,0.999999999999998,9.02593867638158,12.671212058237057
64280314,20260207,148.10778000000005,1.0,8.279366869999999,38.4082269885688,2.70656686095129,3.8561469920254807,22.40866,148.10777282714844,1579,36,0.004259509036957108,0.4901185770750987,0.1512996818938208,1.0,1.7065668609512898,2.8561469920254807
64282626,20260207,24.252223120452708,2.1,11.260596589999999,4.825370195082439,1.0874530405320206,5.025981004989094,12.245370000000001,24.252223968505863,4456,10,0.0002377585811319144,0.6666666666666666,0.5049174230000001,0.9999999213536672,-0.48216521879427593,1.3933243967782358
64284934,20260207,1000.0,28.6,0.1691272599999999,16.6854918987,11.384149426887191,35.295552251613984,1.9253699999999998,588.92368645,29263,183,0.16895496535796767,0.0684075859508446,0.0019253699999999998,0.58892368645,-0.6019528172417066,0.2341102021272133
64286119,20260207,1000.0,86.31,0.5850025299999988,3.988637264055656,20.02481937984101,250.7121312583504,11.714569999999998,1000.0000000000006,161608,3681,0.03876979176662508,0.1939102784361955,0.011714569999999999,1.0000000000000009,-0.7679895796565751,1.9047866799920607
64287339,20260207,31.51393999999999,9.5,3.4181501899999986,0.4861939332321684,8.02072421516388,64.81750149401218,27.416040000000002,31.513940811157227,1032,10,0.00018701072774717308,0.0132100396301188,0.8699654819422773,0.9999999394760392,-0.15571324050906535,5.822894894106545
64288469,20260207,1000.0,48.4,0.0222398099999995,1.3185185581999994,11.540566218866338,316.0612957223861,0.25666,416.733,36100,490,0.10284900284900285,0.1298586220859682,0.00025666,0.4167329999999999,-0.7615585491969765,5.530191854506284
64288593,20260207,6.666666666666667,42.48,0.0149318499999999,0.0285263820988567,11.833764737792114,233.6935960200891,0.1767,6.666666507720948,1538,15,0.04090425531914894,0.1041912546795132,0.026504999999999997,0.9999998569488696,-0.7214273837619558,4.501261735837262
64293134,20260207,37.5,7.5,0.42062227999999935,2.5389713809657395,2.63264703904891,14.769754992662133,1.1073499999999998,37.49999999999999,59369,128,0.010632365056055016,0.3160493827160494,0.029529333333333328,0.9999999999999998,-0.6489803947934786,0.969300665688284
64295359,20260207,1000.0,16.12,0.0141792999999997,7.722459171624698,8.638649298625644,129.4924127513647,0.12249,1000.0,13127,984,0.03294102885821832,0.7360386606394376,0.00012249,1.0000000000000002,-0.4641036415244638,7.033027668100471
64297824,20260207,1000.0,33.0,0.00205724,0.7840726592,14.995819641850245,385.0570369983422,0.03085,301.91308,1078,336,0.006382474837181764,0.109099070975646,3.085e-05,0.30191308,-0.545581222974235,10.668395060555824
64300269,20260207,3.38267,15.0,0.0333015799999996,0.0706949683999202,101.57686211885564,47.84813055469108,3.38267,3.3826699256896973,3055,2,0.006665939341042985,0.0141672053436759,1.0,0.9999997180706164,5.7717908079237095,2.1898753703127385
64321933,20260207,50.13335000000003,26.93,1.425379699999999,1.6413107530831526,33.43966523446351,30.54468493151319,47.66422,50.13335037231446,66805,27,0.04123001913225946,0.1095848595848595,0.950748753075547,1.0000000000000002,0.24172540788947314,0.1342251981201309
64324670,20260207,1000.0,8.39,4.789910639999999,63.59900610174675,2.115461176954233,15.723515909614497,10.13287,1000.0000000000005,5060,484,0.0012384052473139334,0.1867522384538091,0.01013287,1.0000000000000004,-0.7478592160960391,0.8740781008582649
64325724,20260207,1000.0,67.37,0.04887855,0.7482952482999999,38.91686639640497,119.77502253100631,1.9022000000000001,89.62719999999999,3509,14,0.816046511627907,0.5018518518518519,0.0019022000000000002,0.0896271999999999,-0.42234130330406755,0.7778687494128537
64326105,20260207,27.51538,48.47,2.9213346499999995,0.2651384576483173,8.051806046938172,103.77701268391208,23.52202,27.515380859374996,121481,75,0.09831741663968922,0.0914810453451238,0.8548680774170664,0.9999999306806432,-0.8338806262236813,1.1410565312630014
64326658,20260207,1000.0,76.48,0.09384180999999919,1.3434441635000005,2.29631120712614,189.08482973596264,0.21549000000000001,254.02510000000004,3056,210,0.020373333333333334,0.1319314698408275,0.00021549,0.2540251,-0.9699750103670746,1.4723433765228833
64329848,20260207,3.886010362694301,2.17,0.1599893299999996,0.3677853543449113,2.891755343934506,10.565945045250851,0.46265,3.886010408401489,7868,10,0.03297569153394803,0.8888888888888888,0.11905526666666666,0.9999997545878724,0.3326061492785743,3.869098928003725
64330332,20260207,2.2222222222222223,39.44,0.0206249999999999,0.0079603229964499,0.0,279.1272668094171,0.0,2.222222328186035,8855,6,0.7767543859649123,0.3208333333333333,0.0,0.9999995708467624,-1.0,6.077263603665305
64330383,20260207,3.83043,48.47,0.20456177999999892,0.034826569921285,14.937003383525585,109.98269587800802,3.05554,3.830430030822754,405234,3,0.36259305654974944,0.1666666666666666,0.7977015635320317,0.9999997510268896,-0.6918299281302747,1.2690879535408557
64332866,20260207,128.2051282051282,23.0,2.8191928399999986,4.13221742647772,16.53453404769573,31.02573742953092,46.614039999999996,128.20512390136716,29765,21,0.007353195484078164,0.0112903225806451,0.36358951199999995,0.9999999999999998,-0.281107215317577,0.3489451056317791
64333168,20260207,1000.0,11.98,0.4383652399999971,20.420200308015072,0.9315747754087498,48.97111369844793,0.40837,1000.0000000000014,22439,4627,0.001033774227283826,0.343272621148652,0.00040837,1.000000000000001,-0.922239167328151,3.087739196132424
64333572,20260207,45.45454545454545,1.87,1.1935525299999994,3.0151366229008087,1.2449473003086013,15.075445884175537,1.48591,45.454544067382805,43109,57,0.092767376802238,0.7412263662263663,0.03269002,1.0,-0.33425278058363567,7.061735746381916
64334450,20260207,1000.0,17.05,0.16154832999999869,1.129114443862713,8.248058026969456,885.6490321122453,1.3324599999999998,1000.0,15108,842,0.026720905553590378,0.4369669469355892,0.0013324599999999997,1.0,-0.5162429309695333,50.94422708167422
64334757,20260207,1000.0,9.5,0.01185847,31.122789156993548,0.0,32.13079530966449,0.0,1000.0000000000006,11534,1238,0.0010162025004184984,0.2465023056365559,0.0,1.0000000000000009,-1.0,2.382188979964684
64335100,20260207,1000.0,9.0,0.10060932999999989,35.03454688288295,4.072584520739781,28.543254028649088,0.40974,999.999999999998,26057,1442,0.0017954371627999918,0.3376142536231516,0.00040974,0.999999999999998,-0.547490608806691,2.1714726698498987
64335303,20260207,1000.0,5.55,0.0630221699999996,57.4343053949,0.2705397164204296,13.727785091037711,0.01705,788.445815042,4310,580,0.03489878542510121,0.3966388720210852,1.7049999999999998e-05,0.7884458150420001,-0.9512541051494721,1.4734747061729463
64337334,20260207,10.416666666666666,41.08,0.0392302699999997,0.1833686759199198,4.800884623022005,56.8069225857563,0.18834,10.416666984558104,7363,31,0.44896341463414635,0.676923076923077,0.018080640000000002,0.9999999084472768,-0.8831332857102725,0.3828364180551896
64339571,20260207,192.88928000000004,1.0,22.06659899,21.465143627276294,8.037718004499794,8.986162710567216,177.36509999999998,192.8892822265625,28596,64,0.025937414965986394,0.4370634592408786,0.9195176631899914,1.0,7.037718004499794,7.986162710567216
64340433,20260207,6.666666666666667,42.48,0.0154323599999996,0.0514557255823633,0.0,129.55870068043993,0.0,6.666666507720947,1610,31,0.006948640483383686,0.1093833244998953,0.0,0.9999998569488696,-1.0,2.0498752842881838
64340578,20260207,170.38144000000003,1.0,62.611087510000004,40.84380730743238,2.638711873094568,4.171536550326526,165.21262000000002,170.38143920898438,18598,41,0.016979822879576372,0.3796296296296296,0.9696632450107241,1.0,1.638711873094568,3.1715365503265263
64341465,20260207,4.30407,13.0,0.716388269999999,0.0396628941239622,6.008012945270595,108.51355094960014,4.30407,4.304069995880127,1314,1,0.009977220956719818,0.037037037037037,1.0,0.9999997615814208,-0.5378451580561081,7.3471962268923185
64343632,20260207,1016.6666666666666,1.8,36.63088083999999,223.339064635106,0.6298278793996921,4.552122057646471,23.071150000000003,1016.6666870117188,3502,375,0.005900589721988206,0.987263004375304,0.02269293442622951,1.0,-0.6500956225557266,1.5289567656869596
64345690,20260207,1000.0,10.57,1.6606583499999985,11.1511322587,2.7788798340128205,36.56663287077753,4.61477,407.759395964,2239,885,0.003711254765456655,0.1374884007174882,0.00461477,0.4077593959639999,-0.7370974613043689,2.4594734083751213
64347079,20260207,45.45454545454545,16.0,0.5146366499999981,2.377710655625479,3.5692366643533964,19.116928648535204,1.8368599999999997,45.45454406738279,24720,150,0.022186322024771138,0.1813025775708513,0.040410919999999996,0.9999999999999996,-0.7769227084779127,0.1948080405334502
64349849,20260207,82.42704000000005,2.5,55.3961432,12.37128534353156,1.3588158967716728,6.662770370940078,75.27316,82.42704010009768,5391,29,0.013948253557567918,0.86,0.9132095487111992,1.0000000000000004,-0.4564736412913309,1.665108148376031
64354560,20260207,1000.0,10.0,2.4120214999999985,10.413245998936478,5.05597897862851,96.03152600741456,12.195129999999999,1000.0,29162,344,0.001261534069033539,0.1080596246399419,0.012195129999999998,1.0,-0.49440210213714897,8.603152600741456
64355215,20260207,1000.0,75.47,0.0034155599999999,0.0107022397,42.1804916324129,415.6975013836232,0.14407,4.4493100000000005,6490,16,0.4702898550724638,0.3142857142857143,0.00014407,0.00444931,-0.44109591052851593,4.50811573684708
64355555,20260207,26.31578947368421,3.26,1.0140940999999992,3.490902382653896,1.1852055938398622,7.538389720882362,1.2019099999999998,26.3157901763916,1608,64,0.028817204301075268,0.8916666666666666,0.04567258,0.9999999275207592,-0.6364400018896127,1.3123894916978611
64364407,20260207,62.5,2.0,4.538046429999998,10.251963350194067,0.8006550959858737,6.096392639018189,3.6334099999999996,62.5,1243,52,0.002587965854674162,0.899047619047619,0.058134559999999995,1.0,-0.5996724520070631,2.048196319509094
