ad_id,period,budget,target_CPA,conversion,CPA,budget_used,win_rate,spend,total_win,trajectory_length,CPA_violation
39801836,20260207,10.45719,1.15,3.74633019,1.0395319692843197,0.37241649047210573,0.020152542372881357,3.89443,1189,72,-0.09605915714406978
40094971,20260207,12.32876712328767,1.53,5.453421629999999,1.5977326880555174,0.7067300333333334,0.00809462915601023,8.71311,1266,72,0.0442697307552401
43248022,20260207,6.674759999999999,1.18,7.7514149399999965,0.7036341161217725,0.8171320017498758,0.0017424456368257553,5.45416,1234,72,-0.4036999015917182
46398308,20260207,19.791010000000004,1.49,24.211410569999995,0.5822147354547961,0.7122547055455986,0.028636436726161764,14.09624,17809,72,-0.6092518553994657
48623756,20260207,146.44096,1.33,36.671605389999996,0.8267388263363945,0.20703114756964172,0.010991220617388841,30.317839999999997,3881,72,-0.3783918598974478
49311445,20260207,431.8523599999999,1.8,279.38898144000007,1.1955223798678374,0.7734490092864145,0.001249592395332062,334.01577999999995,25292,72,-0.3358209000734237
49847522,20260207,937.1593,1.84,756.1369726700001,1.1993375443575636,0.9676726891575423,0.005254064794397732,906.86346,43366,72,-0.34818611719697634
49902302,20260207,13.933519999999998,5.21,2.9056562999999986,2.7783705870511954,0.5793934339635642,0.013377313024335098,8.07299,89933,72,-0.46672349576752487
49990380,20260207,24.52830188679245,1.48,8.081450539999999,0.6440873422706117,0.21221036923076925,0.0027495668399306946,5.205159999999999,2063,72,-0.5648058498171542
50103278,20260207,969.91004,1.21,753.3561821700011,0.6609873148789418,0.513407284659101,0.008279768686716683,497.95888,38515,72,-0.45372949183558525
50250900,20260207,29.41176470588235,1.1,1.5846344299999995,1.1556040720382432,0.062261140000000006,0.020882800608828005,1.83121,5488,72,0.05054915639840284
51225207,20260207,105.26315789473684,2.7,4.752202259999999,3.2378546110114437,0.14617593,0.024762986572629864,15.38694,73031,72,0.1992054114857198
51225953,20260207,54.45402,1.07,16.520339259999997,0.5183937124545469,0.1572710334333443,0.0007935552881401257,8.56404,1187,72,-0.5155198949022927
51316356,20260207,1083.6785099999995,6.0,160.74719046,3.742855152107397,0.5551955164267309,0.005450919945194754,601.65345,22279,72,-0.37619080798210053
51711872,20260207,117.17214,1.34,105.96849434999996,0.566520930284408,0.5123519123231854,0.02908206725573708,60.033370000000005,45749,72,-0.5772231863549194
51815043,20260207,131.59317,7.1,23.005162579999997,4.60826780212218,0.8056189390376416,0.04486819103559192,106.01395,898324,72,-0.3509481968842
51865028,20260207,10.87915,6.1,1.495436169999999,4.134726793454517,0.5683550645041202,0.00098258057786586,6.1832199999999995,2826,72,-0.3221759354992595
51867779,20260207,240.31079,6.1,60.62360383999997,3.105365865362584,0.7833958267125666,0.005096781268849043,188.25847,9295,72,-0.4909236286290845
51981983,20260207,9.803921568627452,7.0,1.8845103699999983,1.7240287194599002,0.33139289999999993,0.028914285714285715,3.24895,3036,72,-0.7537101829342999
52099940,20260207,736.6481200000002,5.0,182.11165715999994,2.6855808553227716,0.6639202174302703,0.017040194963024256,489.07558,527210,72,-0.46288382893544566
52158782,20260207,402.12405,1.34,294.7058680499997,0.8504043766019618,0.6232384260528561,0.02709133721650762,250.61916000000002,131160,72,-0.36536986820749123
52697878,20260207,256.73525,1.7,146.14289968,1.186323867800787,0.6752980356222996,0.025940373776327498,173.37281000000002,17489,72,-0.30216243070541937
52880899,20260207,73.77049180327869,8.0,2.412286369999999,4.581989160764526,0.14983050444444446,0.007554305008441193,11.05307,6712,72,-0.4272513549044342
52881127,20260207,73.77049180327869,8.1,4.142867119999997,3.102274253005732,0.1742202022222222,0.002931950104977152,12.85231,4748,72,-0.6170031786412677
52896858,20260207,237.28813559322035,6.1,3.673954739999999,2.1277970343205705,0.03294488357142857,0.023086904761904763,7.817430000000001,19393,72,-0.6511808140458081
53225658,20260207,121.21212121212122,5.1,4.512303389999997,4.225841738004238,0.15731331,0.0030085156839495526,19.06828,2791,72,-0.17140358078348267
53375682,20260207,125.0,2.2,2.064560029999999,0.611452310253241,0.01009904,0.0009694122159363314,1.26238,5055,72,-0.7220671317030724
53566239,20260207,136.80566000000002,1.01,212.6730757199995,0.582330553976907,0.9052697819666233,0.016136547068750458,123.84603000000001,43985,72,-0.42343509507236926
53572696,20260207,22.93577981651376,1.09,42.93508533,0.11696890693008435,0.218962252,0.007998548125373645,5.02207,18731,66,-0.8926890762109319
53577684,20260207,121.21212121212122,5.0,14.218412060000002,4.192357047218675,0.49177144500000003,0.006814386379373549,59.60866000000001,16730,72,-0.16152859055626506
53730651,20260207,61.29961,2.47,50.53852638000001,1.183268177436716,0.9755466633474503,0.06955152450791201,59.80063,180208,72,-0.5209440577179288
53763548,20260207,488.9979699999999,2.04,373.1346906,1.2708799582195698,0.9697574000153828,0.006987205387205387,474.2094000000001,31128,72,-0.3770196283237403
53841870,20260207,200.65753,1.98,20.968288079999997,1.1407717172111649,0.11920823504605083,0.0010842730874733313,23.920029999999997,1423,72,-0.42385266807516925
53849804,20260207,55.55555555555556,2.48,0.252236679999999,2.2162121702521707,0.01006218,0.005107913669064748,0.55901,1420,72,-0.10636606038218925
53854143,20260207,571.02984,1.09,366.8150784600001,0.7371172721011375,0.47350543011902846,0.012759666832147389,270.38573,23132,66,-0.32374562192556194
53919091,20260207,88.28998999999999,2.0,52.92278080999999,0.7699551946503245,0.4615264992101597,0.03235420861602391,40.74817,252269,72,-0.6150224026748378
54113091,20260207,148.7603305785124,4.6,7.872438679999999,3.7364266900837904,0.197732755,0.031389775051124745,29.41479,115122,72,-0.1877333282426542
54547571,20260207,31.747280000000007,6.5,5.582730409999998,2.2236090744707844,0.3910196401077508,0.0020264695771742866,12.413809999999998,1179,72,-0.6579062962352639
54801379,20260207,897.71512,5.26,164.4773952400001,3.0362670157275753,0.5562981828801102,0.03595698758960919,499.39729000000005,46647,72,-0.42276292476662064
54805715,20260207,112.67605633802818,5.1,1.7525278699999993,1.720651666441117,0.026762473749999998,0.02838380362468456,3.01549,24745,72,-0.6626173203056633
54852798,20260207,100.0,5.0,32.09324778,2.5229902113696268,0.8097095,0.006027787934186472,80.97095,32972,72,-0.49540195772607465
54858966,20260207,83.33333333333333,1.76,0.2659736899999991,0.4945225973290834,0.0015783600000000002,0.01026457399103139,0.13153,2289,72,-0.7190212515175662
55104462,20260207,55.912310000000005,6.5,8.178498529999999,3.226703520603311,0.4719817514246862,0.010754867022059906,26.38959,36516,72,-0.5035840737533368
55113470,20260207,420.4162162162162,3.33,34.42696216,2.352422488618438,0.1926347197757692,0.001576675439634996,80.98676,17313,72,-0.2935668202347033
55199224,20260207,78.07889,6.5,6.828174149999999,6.8187481715005775,0.5963148297830566,0.009419024889191954,46.5596,41439,72,0.04903818023085808
55242717,20260207,498.5705128205128,3.59,22.04998385,2.2690588047754967,0.10035232472324725,0.0036784426820475847,50.03271000000001,5102,72,-0.36795019365585047
55272899,20260207,18.072289156626507,2.35,6.395341979999998,1.2834419215843096,0.4541787666666666,0.007769808173477898,8.20805,4658,72,-0.4538545014534853
55273179,20260207,148.7603305785124,4.1,10.458111869999998,2.030104502984247,0.14271990333333334,0.003642507033266626,21.23106,12559,72,-0.5048525602477446
55397530,20260207,472.23607,4.1,128.75972898999999,2.5972748826302112,0.7081721012967096,0.005869101803307023,334.42441,20374,72,-0.3665183213097045
55642709,20260207,64.70373000000001,5.6,4.8911279799999985,2.948667476903764,0.22289765984124868,0.006827630316597378,14.42231,4270,72,-0.47345223626718497
55644105,20260207,390.48067,1.47,288.6824965200002,1.0924418134168066,0.8076426164706182,0.011736823061150646,315.36883,48655,72,-0.25684230379809075
55659771,20260207,110.68761999999998,1.52,65.45479549000001,1.1798455624507824,0.6976981707620059,0.024638615541228367,77.22655,14522,72,-0.22378581417711682
55774064,20260207,28.10267,9.1,2.3739160499999987,5.885098590575689,0.49713176719507435,0.029310187894155126,13.97073,90164,72,-0.3532858691675067
55775102,20260207,530.4762099999999,3.15,118.12668964,2.353077707054248,0.5239844403201418,0.004552988081073747,277.96128,21812,72,-0.25299120410976256
55968571,20260207,246.66494000000003,4.1,98.12811453,2.34502487999654,0.93289654378932,0.002897244780657841,230.11287000000002,15626,72,-0.4280427121959658
56069198,20260207,355.11819,6.0,32.74950241,2.545594707251004,0.23475834904429982,0.0018228933964793137,83.36695999999999,6120,72,-0.575734215458166
56094571,20260207,305.08474576271186,6.1,0.9921379099999985,2.440678836675038,0.007937106111111111,0.007816425120772947,2.42149,1618,72,-0.5998887152991741
56096389,20260207,23.9461,3.1,14.66979494,1.54519746817947,0.9466146888219793,0.00853829043533524,22.66773,2687,72,-0.5015492038130742
56107853,20260207,1000.0,2.71,7.084875049999999,2.0602141741370588,0.014596360000000001,0.0008503720587249447,14.59636,2537,72,-0.23977336747710007
56227729,20260207,125.0,1.4,142.70105870999998,0.6140845820778705,0.70104416,0.015198256118760519,87.63052,330480,72,-0.5613681556586638
56235388,20260207,53.333333333333336,4.5,1.4775688199999997,1.2219261638182108,0.03385275,0.05954285714285714,1.80548,1042,72,-0.728460852484842
56718065,20260207,49.68944099378882,8.1,2.8348115399999987,3.167385158873738,0.18070116750000004,0.0030881307746979387,8.978940000000001,2607,72,-0.608964795200773
56771422,20260207,642.4210000000002,1.81,106.68609073999998,1.2758754122102722,0.21188311091947484,0.0032126117419666585,136.11816,13297,72,-0.29509645734239104
56864799,20260207,6.76347,5.22,1.48259931,3.4828560658105254,0.7634660906309926,0.011482876712328767,5.163679999999999,3353,72,-0.33278619428917133
56938464,20260207,749.1658900000002,1.65,690.0003460000001,1.080412037938311,0.995086255195094,0.006792177614952764,745.4846799999999,40046,72,-0.34520482549193265
56963719,20260207,31.25,7.0,2.4867073999999993,1.7048045137920131,0.1356592,0.030130483602431563,4.23935,77818,72,-0.7564564980297125
57222417,20260207,5.555555555555555,1.52,0.3850852599999995,0.0,0.0,0.07616279069767441,0.0,4585,72,-1.0
57240198,20260207,36.39775,4.14,14.118849459999996,1.2265425769331777,0.4757813326373196,0.003749607500112143,17.31737,8359,72,-0.7037336770692807
57326971,20260207,40.0,4.1,0.9091355399999992,11.27634939890262,0.25629325,0.0029473867595818815,10.251729999999998,8459,72,1.750329121683566
57339315,20260207,166.66666666666666,6.0,0.7559882799999987,5.09047574123769,0.023090040000000003,0.010458333333333333,3.8483400000000003,4267,72,-0.15158737646038492
57424010,20260207,5.589919999999999,7.1,0.9023937399999991,6.194546518019957,1.0000000000000002,0.01645357399086206,5.58992,43574,72,-0.1275286594338089
57429522,20260207,6.862745098039215,6.0,4.830433759999999,1.3065203485990875,0.9196116000000001,0.0012989493791786056,6.31106,1224,72,-0.7822466085668188
57521810,20260207,626.15678,4.5,311.66268919000015,2.0498868557555228,1.0203087635655725,0.04613256575878476,638.8732500000002,840623,72,-0.5444695876098838
57574306,20260207,21.73913043478261,1.94,0.1508106599999999,1.378284532406397,0.009561559999999998,0.1273449920508744,0.20786,8010,72,-0.28954405546062006
57575512,20260207,5.524861878453039,1.87,3.953474889999998,0.8566438624832146,0.6129963199999999,0.0026078150891554663,3.38672,18413,72,-0.5419016778164628
57579039,20260207,69.34497,5.0,24.49807011,2.8512694953667923,1.0072915166017087,0.006489292667099286,69.8506,3000,72,-0.42974610092664156
57611618,20260207,143.08837,5.6,37.39685122999999,3.830063368680039,1.0010059517765142,0.01273807508717289,143.23231,37627,72,-0.3160601127357073
57655917,20260207,1468.0747299999998,8.5,19.981865049999996,3.354199912385056,0.045653786302826696,0.011986332231901473,67.02317,159610,72,-0.6053882456017581
57664872,20260207,118.42105263157896,6.1,0.385075829999999,0.773509986331785,0.0025152622222222223,0.020181830517674196,0.29786,29746,72,-0.8731950842079041
57724669,20260207,420.4162162162162,3.33,20.021833800000003,1.8702108095613095,0.08906661673759594,0.006686807653575025,37.445049999999995,13280,72,-0.43837513226387104
57813819,20260207,1.3888888888888888,2.63,0.7436829199999995,0.3781853696465157,0.2025,0.04126251846987358,0.28125,25133,72,-0.8562032815032259
57813830,20260207,1.3888888888888888,2.63,0.5706688599999996,1.2017477175817872,0.493776,0.029307542836954602,0.6858,16591,72,-0.5430617043415258
57847622,20260207,168.90041,1.57,10.618402929999998,0.9005704589513067,0.05661691407380242,0.0006158696794534945,9.562619999999999,1758,72,-0.4263882427061741
57855436,20260207,247.62652,1.18,72.07211233,1.227383063159903,0.35723189099455105,0.08080210387902696,88.46009000000001,49160,72,0.04015513827110427
57863659,20260207,66.66666666666667,5.0,9.79001151,1.3871485223616453,0.20370299999999997,0.002747660979636764,13.5802,1997,72,-0.7225702955276709
57922732,20260207,90.9090909090909,6.8,5.4587086299999985,6.808914437332774,0.40884667999999996,0.34640304182509507,37.16788,45552,72,0.0013109466665844568
57950075,20260207,3.5460992907801416,3.69,1.4694264899999996,0.6567936583203969,0.27216102,0.011215429403202328,0.9651099999999999,1541,72,-0.8220071386665592
57950895,20260207,56.60377358490566,2.13,18.751780509999996,0.7874580225661997,0.26087024,0.013494152046783626,14.76624,9230,72,-0.6303013978562443
57951243,20260207,373.1092299999999,2.23,167.37513349,1.463428496770306,0.6564874849115903,0.02010058966354492,244.94154,46360,72,-0.34375403732273274
57999311,20260207,1210.1338899999996,2.2,396.0926555,1.352627377863612,0.44273263845209737,0.00438768317009884,535.76577,29254,72,-0.38516937369835824
58085427,20260207,79.19066,1.9,23.327134010000005,1.3871228238380577,0.40860374190592685,0.014334763948497854,32.357600000000005,5678,72,-0.2699353558747064
58112502,20260207,101.010101010101,2.4,28.534833840000005,1.327708800143481,0.37507090500000007,0.014779865771812081,37.88595,11011,72,-0.4467879999402163
58114863,20260207,203.00614,2.08,69.89706244000001,1.434260131977014,0.49383023587365393,0.006518412322669912,100.25057000000001,39102,72,-0.31045185962643557
58134130,20260207,8.695652173913043,2.0,4.70832877,1.4064332215271367,0.76152425,0.07139323160456844,6.62195,305049,72,-0.29678338923643166
58240026,20260207,50.0,2.23,29.819801929999997,1.1137411334240879,0.6642308,0.007303617500137235,33.21154,26610,72,-0.5005645141596019
58283047,20260207,420.4162162162162,3.33,11.93555118,2.88911081524096,0.0820214079997943,0.004605805773429288,34.48313,5696,72,-0.13239915458229426
58492787,20260207,23.529411764705884,2.9,9.26852865,1.434778971093756,0.565177325,0.003260869565217391,13.29829,1815,72,-0.5052486306573255
58511427,20260207,758.94134,2.46,105.6421092,1.6723872832330766,0.23279074506601527,0.003926271581894541,176.67452,12621,72,-0.3201677710434648
58588021,20260207,11.049723756906078,1.2,0.6890549199999997,0.47925062344812824,0.029885814999999996,0.04945098039215686,0.33022999999999997,1261,72,-0.6006244804598931
58685108,20260207,72.20216606498195,4.15,2.4162877099999993,0.893610471577493,0.029905196999999998,0.004396943889531419,2.15922,62729,72,-0.7846721755234957
58706858,20260207,4537.1946,1.35,4585.603338600001,0.8081044011825379,0.8167263180644709,0.007567705637295346,3705.64624,334790,72,-0.4014041472721942
58729786,20260207,38.08811,4.36,24.699788530000014,1.8660062592851672,1.2100878725670559,0.007764022233451238,46.089960000000005,9219,72,-0.5720169130079892
58732112,20260207,510.68414,1.1,412.9147775900001,0.6438584774119708,0.5205931791811667,0.006674964234620887,265.85868,23329,39,-0.41467411144366295
58772389,20260207,376.45701,2.05,336.02838544,1.1243684949569894,1.0036198555580091,0.004024058653589377,377.81973,33151,72,-0.45152756343561484
58803527,20260207,159.76764999999995,7.1,11.840051959999998,3.329771704819444,0.2467625329658414,0.005489460005775339,39.42467,1901,72,-0.5310180697437402
58886517,20260207,125.0,7.74,1.4361195099999997,2.9673435743519705,0.03409168,0.0023351701782820095,4.26146,10806,72,-0.6166222772155078
58958928,20260207,51.95611,9.9,0.371641709999999,11.182867498914508,0.07999097699962525,0.002318732525629077,4.15602,2488,72,0.12958257564793005
58963446,20260207,1893.68373,9.9,161.07246772000005,9.923410081346454,0.8440628837213486,0.06913262061839281,1598.3881499999998,695806,72,0.0023646546814599274
59027737,20260207,156.4159300000001,8.2,0.7732744199999991,5.620229879064154,0.027784765912269912,0.0014127471447869335,4.345979999999999,5752,72,-0.31460611230924945
59090324,20260207,15.0,2.14,6.879392809999999,0.825138229023442,0.37842999999999993,0.007908378541289934,5.676449999999999,1312,72,-0.6144213883068028
59168672,20260207,114.30078,2.51,41.728572589999985,1.6602583242112292,0.606121935475856,0.005189700415482178,69.28021000000001,9493,72,-0.33854250031425126
59191554,20260207,38.46153846153846,2.13,19.65786732,1.1910707107163443,0.6087616600000001,0.007145612343297975,23.41391,5187,72,-0.44081187290312474
59250609,20260207,59.70149253731344,6.1,4.1823460699999995,3.2753626244037726,0.229453225,0.01802334305960817,13.698700000000002,21619,72,-0.46305530747479134
59252315,20260207,40.94131000000001,1.5,4.90639966,0.9706445316360552,0.11632187636399519,0.004943009515842309,4.762370000000001,4727,72,-0.35290364557596315
59262247,20260207,107.01659,1.61,75.86964482,0.6698374576626889,0.47488272612685567,0.02368569633126103,50.82033,987523,72,-0.5839518896505038
59265523,20260207,41.27358490566038,3.61,2.889063029999999,4.352888763385685,0.3046929417142857,0.003269913425441173,12.575769999999999,25608,72,0.20578636104866635
59289693,20260207,12.224938875305623,8.5,0.5073364399999993,9.40238000645096,0.39019990600000004,0.011097128105840594,4.77017,3439,72,0.10616235370011291
59313228,20260207,34.48846999999999,8.56,2.0856091599999984,3.623718261766747,0.21913584453007054,0.0032282058911038383,7.55766,2170,72,-0.5766684273636978
59370907,20260207,40.81632653061224,1.39,8.33626761,1.3111851144135713,0.26779455500000005,0.003647558944692786,10.93039,8323,72,-0.056701356536998974
59397478,20260207,1428.6078200000013,2.5,414.76037126000006,2.107125970943225,0.6117510612534651,0.01472693211405347,873.95235,46381,72,-0.15714961162271007
59437197,20260207,152.54237288135593,5.0,16.1510875,2.8022422638723246,0.29669959333333334,0.0067107121242687105,45.25926,6653,72,-0.4395515472255351
59469459,20260207,28.457570000000004,1.45,9.77569584,1.0808499131863334,0.37129171605305716,0.010530983343890897,10.56606,28262,72,-0.2545862667680459
59469464,20260207,74.94802000000001,1.45,77.39415861,0.7098819986771091,0.7330509865370691,0.038720227141279775,54.94072,147284,72,-0.5104262078088903
59473467,20260207,1000.0,9.99,0.2418420399999997,3.8170782879601948,0.0009231299999999998,0.007703289882060832,0.9231299999999998,1241,72,-0.6179100812852658
59506934,20260207,32.65375000000002,1.62,16.70791339,0.9128279303343932,0.46706580408069487,0.0026943457390437007,15.251449999999998,4322,72,-0.43652596892938694
59718544,20260207,379.8454299999999,4.15,77.63524532,2.7436655751138166,0.5607679681706321,0.3459153439153439,213.00515000000001,32689,72,-0.33887576503281536
59764696,20260207,91.22524,4.15,9.140238239999999,1.7727765485465075,0.17762189499309622,0.026650018184022305,16.2036,219836,72,-0.5728249280610826
59770476,20260207,861.0274499999999,3.68,196.11851326999997,2.345526499921545,0.534246811759602,0.013706576109402964,460.0011700000001,59736,72,-0.3626286684995802
59790006,20260207,10.658120000000002,1.49,13.266189650000001,0.7818567556811612,0.9731791347817438,0.0012820733968692051,10.37226,2973,72,-0.4752639223616368
59818654,20260207,106.38297872340424,1.5,6.133863259999998,0.5175221333512415,0.029839454000000005,0.005147566117286316,3.17441,1343,72,-0.6549852444325056
59870194,20260207,41.35039,1.2,3.6109786800000006,1.7014611673088027,0.1485823954743837,0.030844277673545965,6.143940000000001,4932,72,0.41788430609066896
59873387,20260207,1000.0,5.3,0.1523252999999997,3.5814142496354906,0.00054554,0.054940711462450595,0.5455399999999999,1390,72,-0.3242614623329263
59941171,20260207,6.730769230769231,6.6,3.2012895599999984,2.0334399241285763,0.9671450285714285,0.2803260869565217,6.50963,2579,72,-0.6919030417987007
59942526,20260207,81.56946999999998,1.36,71.78132998,0.7364183697171446,0.6480499382918634,0.010508858506593317,52.86108999999999,12990,72,-0.4585159046197467
59985139,20260207,83.23513,1.16,22.090751589999996,0.5260599646261289,0.13961725055274138,0.013782961460446247,11.62106,1359,72,-0.5465000304947164
59999397,20260207,869.5652173913044,6.5,1.2908136399999992,3.574706570345819,0.005306422,0.00042812847829543646,4.61428,1077,72,-0.4500451430237202
60033250,20260207,48.95666000000001,1.24,42.918783,1.1454211085155888,1.0041551037182683,0.014157733537519143,49.16008000000001,7396,72,-0.0762732995842026
60081691,20260207,71.94244604316546,3.08,5.718500619999999,1.269079166419676,0.10087549700000001,0.004916776934326903,7.25723,14120,72,-0.5879613096040013
60140024,20260207,353.31129000000004,2.21,162.60997909000002,1.163488126981961,0.5354903320525081,0.0016713875897979846,189.19477999999998,27733,72,-0.4735347841710584
60144222,20260207,258.71110000000004,2.07,162.68881801000003,1.4376479149637897,0.9040556821875828,0.017348368358106953,233.88924,20308,72,-0.30548409905130924
60163679,20260207,26.848240000000004,1.81,10.12757828,1.3256644015789332,0.5000614565424027,0.005957292797683677,13.42577,1646,72,-0.2675887284094292
60190295,20260207,30.120481927710845,3.0,5.84173005,2.608386534396604,0.505884668,0.011012570737396863,15.237490000000001,25493,72,-0.1305378218677986
60222062,20260207,4.57056,2.5,3.512663129999998,0.9781638240954807,0.7517590842260027,0.004315597075548335,3.4359599999999992,4250,72,-0.6087344703618077
60257685,20260207,166.66666666666666,1.14,50.54195902,0.6235717928450016,0.18909924000000003,0.0007531812449845237,31.516540000000003,3942,72,-0.4530071992587704
60279269,20260207,5340.28227,2.29,1368.993826169999,1.5528944100117579,0.39808810705431114,0.004502734937053476,2125.9028599999997,162415,72,-0.32188017030054245
60280132,20260207,5.154639175257732,2.4,1.06686943,0.0,0.0,0.010383255813953489,0.0,5581,72,-1.0
60299590,20260207,833.3333333333334,5.11,75.82956043,4.817436998559692,0.438364956,0.0235578028627953,365.30413,1012161,72,-0.057253033549962556
60300280,20260207,125.0,6.5,24.164395879999994,4.042689520777707,0.7815131999999999,0.6244387755102041,97.68914999999998,24478,72,-0.3780477660341989
60363119,20260207,139.53488372093022,8.1,17.93302123,3.403725407846405,0.43744674,0.006539272535582499,61.03908,2481,72,-0.579786986685629
60371761,20260207,2164.6189100000006,2.47,1172.7072273100002,1.7740084153587783,0.9610894926534664,0.011056549520766772,2080.39249,207642,72,-0.2817779694903732
60374272,20260207,402.23784,1.94,310.88509954999984,1.2579067011125917,0.9722219321782355,0.00856758298570257,391.06444999999997,48059,72,-0.3515944839625816
60504423,20260207,65.78731,2.35,8.57009342,1.523455971848671,0.1984601589577078,0.005028877887788779,13.05616,3657,72,-0.3517208630431187
60518154,20260207,2168.27759,1.63,1459.57807851,1.1712830064871975,0.7884502463542962,0.005647001669199531,1709.5789999999997,135999,72,-0.2814214684127622
60518258,20260207,19.23076923076923,2.22,8.53345646,1.9034069109201268,0.8446172800000001,0.013472144063027575,16.24264,2394,72,-0.14260949958552854
60537191,20260207,62.5,9.0,0.7605926099999993,3.653309226867196,0.04445888,0.25508928571428574,2.77868,2857,72,-0.5940767525703117
60548432,20260207,148.91858999999997,1.73,121.73846705000003,1.2188282273922386,0.9963717760153384,0.003180258162490509,148.37828,20942,72,-0.29547501306807017
60566933,20260207,14.03152,5.9,1.1282154199999987,7.5285799586040145,0.6053414027845879,0.27265625,8.493860000000002,1745,72,0.2760305014583075
60619154,20260207,346.15384615384613,8.8,0.7949493999999991,3.9788192808246707,0.00913744,0.0075647668393782385,3.16296,2190,72,-0.5478614453608329
60632826,20260207,103.90999000000002,7.7,23.06585713,3.268534942148061,0.7255467929503215,0.021213075337760477,75.39156,74110,72,-0.5755149425781739
60656113,20260207,304.366,3.0,115.27257251999998,1.6945611235153861,0.6417813421998515,0.008842385271940903,195.33642,46205,72,-0.43514629216153794
60666367,20260207,144.92753623188406,1.95,23.86429345,1.062162181885171,0.17489947499999997,0.010040668271075302,25.347749999999998,143938,72,-0.4553014451870918
60679832,20260207,84.40433999999999,1.33,104.07477300999997,0.622716227243396,0.7678402556077093,0.005226171845890156,64.80905,56104,72,-0.5317923103433113
60726038,20260207,47.8357,9.0,11.819992299999997,3.9694002169527645,0.980821436709403,0.0001872077460716115,46.918279999999996,31724,72,-0.5589555314496928
60739483,20260207,14.583333333333334,1.78,5.456920499999997,0.40989418848964376,0.15337782857142856,0.5357833505687694,2.23676,207241,72,-0.7697223660170541
60739866,20260207,99.7291,1.09,77.94989387999999,0.49769112014088107,0.38900351050997156,0.014751971840166873,38.794970000000006,22631,42,-0.5434026420725862
60741109,20260207,612.09021,1.82,352.99568687,0.8441795214051535,0.48684282991554473,0.0017224080267558529,297.99173,24102,72,-0.5361650981290366
60758778,20260207,502.08629,1.73,414.21884197000014,1.0995104129835436,0.9070909504420047,0.009321188520217646,455.43793000000005,34947,72,-0.364444847986391
60765488,20260207,117.6470588235294,8.1,0.40429785999999945,6.290189119477415,0.021616435,0.005104047890535918,2.54311,3581,72,-0.22343344203982524
60828716,20260207,23.92696,1.88,28.880292099999956,0.8284874653328054,1.0000000000000002,0.004836441893830703,23.926960000000005,3371,72,-0.5593151780144652
60844239,20260207,194.44444444444449,5.0,21.136006599999998,4.264975958135819,0.4636005942857142,0.024398268992993542,90.14456,35519,72,-0.14700480837283614
60858118,20260207,119.63921,2.64,81.71889277,1.522887006683559,1.0401994463186441,0.01317471185667009,124.44864000000001,23090,72,-0.42314886110471256
60862222,20260207,166.66666666666666,7.6,1.2565122099999995,3.240740493878688,0.02443218,0.017338689303218635,4.07203,34315,72,-0.5735867771212253
60906442,20260207,142.7203,2.47,166.35510802000022,0.8585150266791298,1.000687078152162,0.020072926982983703,142.81836,22295,72,-0.6524230661218099
60908226,20260207,470.27303,2.33,380.7916222499998,1.2054486579503527,0.9760813840419467,0.009801235914213013,459.0247499999999,134816,72,-0.4826400609655139
60912674,20260207,6.021550000000003,2.3,3.3704286399999983,0.6195206079188791,0.34676287666796735,0.0064806290755657844,2.08805,3379,72,-0.7306432139483134
60916277,20260207,262.21178,1.31,260.5422288999996,0.7796023733179953,0.7746385002229881,0.049662072032014226,203.11934000000008,22338,72,-0.40488368449007994
60930313,20260207,64.68921,1.84,3.2921591299999995,1.1474384593310958,0.05839536454379331,0.010312241521918942,3.7775499999999997,4987,72,-0.37639214166788276
60949070,20260207,66.13085000000001,9.0,4.899742599999998,7.56743833849558,0.5606838563242419,0.004128815952002823,37.0785,11699,72,-0.15917351794493553
60961963,20260207,27.77777777777778,2.08,0.4487938799999991,0.16782760050114798,0.00271152,0.031157742402315485,0.07532,6459,72,-0.9193136536052173
60972908,20260207,1000.0,2.2,34.42934963000001,1.5905987359192524,0.054763280000000004,0.009444275736410568,54.76328,3110,72,-0.27700057458215804
61011193,20260207,1128.4313299999994,3.5,79.66752448,2.3493236575586893,0.16586281772236872,0.0036072183960740595,187.1648,34621,72,-0.32876466926894593
61011487,20260207,420.4162162162162,3.33,1.3659385899999992,4.202246017516793,0.01365316031731746,0.03440809968847352,5.74001,4418,72,0.26193574099603395
61012951,20260207,119.05549000000002,2.3,25.964335379999998,1.5891668088597923,0.3465750298453267,0.002485277575597168,41.26166,7512,72,-0.3090579091913946
61019035,20260207,115.3846153846154,2.33,9.77133559,1.4269789294996469,0.12084357999999999,0.00909697821503865,13.94349,2589,72,-0.3875626912018683
61034097,20260207,2664.894420000001,2.82,1171.39858301,1.5425399997983218,0.6780490650732794,0.002572639256184943,1806.9291699999999,150689,72,-0.4530000000715171
61042371,20260207,220.99027000000007,1.82,197.71575504,1.240848206306908,1.1101630854607305,0.002402116823173643,245.33524,18111,72,-0.3182152712599407
61076126,20260207,40.32258064516129,2.5,2.2049169599999994,2.2142194416246865,0.12107781600000002,0.07186723900045991,4.88217,46879,72,-0.11431222335012539
61087629,20260207,57.142857142857146,1.67,0.5514060199999995,0.4873722633641182,0.004702949999999999,0.0024530766253869967,0.26874,5071,72,-0.7081603213388513
61095720,20260207,7.352941176470588,1.35,0.6012119099999996,1.2261733138320572,0.10025784,0.017003546099290782,0.73719,2877,72,-0.09172347123551325
61100993,20260207,118.66019,5.1,35.57482887999999,3.314711938538495,0.9937647158663744,0.005963890506697728,117.92031,8192,72,-0.3500564826395108
61106509,20260207,50.0,1.11,29.731472540000006,0.6189720329270982,0.368059,0.005610632183908046,18.40295,18744,72,-0.44236753790351513
61112285,20260207,131.01449000000002,1.96,36.45122326,1.0054381368379899,0.279735852118342,0.000506928965985076,36.64945,5231,72,-0.4870213587561276
61145915,20260207,7.368421052631579,8.1,0.01351633,0.0,0.0,0.008582863729508197,0.0,26806,72,-1.0
61154489,20260207,5.9523809523809526,6.1,0.023762619999999898,0.0,0.0,0.006707217371398672,0.0,20510,72,-1.0
61185226,20260207,280.8988764044944,3.0,3.1697488299999996,1.8745428482420168,0.0211529148,0.0033821551337617694,5.9418299999999995,2263,72,-0.37515238391932776
61185244,20260207,445.2629400000001,1.3,301.10735144999995,0.7926854952248961,0.5360505188237763,0.007295121558525197,238.68343000000004,13593,72,-0.39024192675007996
61185812,20260207,498.5705128205128,3.59,18.21317155,1.8193399161169161,0.06646191290484334,0.030691446120494986,33.13595,67957,72,-0.4932200790760679
61190600,20260207,992.44652,6.1,135.64135211999996,3.1525223931835877,0.43086694485059,0.0025239119433198383,427.6124,19949,72,-0.4831930502977725
61191979,20260207,346.15384615384613,6.0,20.44772062,1.9336790997294055,0.11422473111111112,0.0035624166581187814,39.53933,6946,72,-0.677720150045099
61194572,20260207,309.0961200000001,3.13,146.59471051999998,2.1085080007564794,0.9999999999999997,0.008944627192982457,309.09612,16315,72,-0.3263552713238085
61218808,20260207,804.4937299999997,4.0,165.45907342999993,4.1432715401372615,0.8521407245771826,0.2709346174715138,685.54187,599199,72,0.03581788503431538
61218812,20260207,1560.8154700000005,4.0,64.79945852,3.0986670967015355,0.1286455406544631,0.25519817968291253,200.79194999999999,521523,72,-0.22533322582461612
61218892,20260207,119.60393,4.0,0.6590469999999994,2.8258530878677877,0.015571143857898316,0.011575757575757576,1.86237,2101,72,-0.2935367280330531
61245888,20260207,128.2051282051282,3.76,7.244865859999999,2.092156058221346,0.118227642,0.0017333908852199562,15.15739,4819,72,-0.44357551643049303
61275566,20260207,729.8732500000002,1.8,380.58487383000016,1.1486562132662985,0.5989549281330694,0.011720184280716339,437.16117999999994,33835,72,-0.3618576592965008
61292982,20260207,9.42855,2.24,0.6256063999999997,1.4892590612883763,0.09881583064203933,0.1099672131147541,0.9316899999999999,20124,72,-0.33515220478197494
61325277,20260207,159.26296000000002,2.64,114.76722292000011,1.382764747306128,0.9964405408514321,0.009974180511899416,158.69607000000002,8885,72,-0.4762254745052546
61361730,20260207,372.3404255319149,1.5,75.30825108,0.44157166742159853,0.08931071600000001,0.0029048726013036147,33.25399,6373,72,-0.7056188883856009
61380657,20260207,27.354690000000005,7.1,9.962235880000001,2.362850095454676,0.8605204445745865,0.01990355836381776,23.539270000000002,17955,72,-0.6672042119077921
61390918,20260207,14.285714285714286,1.45,3.180523099999999,0.3972837046836731,0.0884499,0.0026764606551840596,1.26357,9510,72,-0.726011238149191
61400136,20260207,267.85714285714283,2.25,0.5897171499999989,1.7456165214120056,0.0038431680000000005,0.007076754495193505,1.02942,14208,72,-0.2241704349279975
61404169,20260207,8.771929824561404,1.68,1.3943859299999994,0.33074774356049347,0.052575659999999996,0.015572275421796625,0.46119,6830,72,-0.8031263431187539
61404245,20260207,8.771929824561404,1.51,0.9756359899999988,0.5204400054983628,0.057884639999999994,0.010368203096867123,0.50776,11517,72,-0.655337744703071
61444303,20260207,1000.0,1.05,76.79421796,0.6856417240608619,0.05265332,0.004015424164524422,52.65332,2343,72,-0.34700788184679826
61445437,20260207,67.55288000000002,5.6,23.472981179999998,2.877899465857281,0.9999999999999998,0.001667632570269487,67.55288,3453,72,-0.4860893810969141
61446523,20260207,280.8988764044944,3.0,5.3362700499999995,1.898284739169076,0.036061945600000006,0.002981837052413077,10.129760000000001,2873,72,-0.3672384202769747
61462330,20260207,7.462686567164179,5.1,0.03346303,0.0,0.0,0.0009484396200814112,0.0,1398,72,-1.0
61515335,20260207,4.7828800000000005,2.04,2.1967934799999984,2.187465523613992,1.0047105509651089,0.01808546795987731,4.80541,43633,72,0.0722870213794079
61521770,20260207,101.2775,3.79,34.56488058000001,4.1200177061337895,1.406116067240996,0.5490909090909091,142.40792,5436,72,0.08707591190865156
61547249,20260207,70.0,8.7,1.840172769999998,4.046842840740442,0.10638414285714286,0.0038398520763245074,7.44689,14952,72,-0.5348456504896043
61552681,20260207,1.5432098765432098,3.88,0.1298749999999998,1.3054090471607336,0.10986192,0.02909830007390983,0.16954,3937,72,-0.6635543692884707
61619011,20260207,162.85718,1.46,52.408485999999996,0.7158806304765225,0.23037498254605662,0.008682348043297252,37.51822,4171,72,-0.5096708010434777
61627716,20260207,498.5705128205128,3.59,13.355976779999999,1.9288458211889765,0.051670965966802526,0.006199378533951403,25.76162,12170,72,-0.4627170414515386
61652353,20260207,1000.0,2.76,53.638024000000044,0.8649744442487286,0.04639552,0.07337606009431263,46.395520000000005,1590250,72,-0.6866034622287215
61663854,20260207,141.18399000000002,3.6,47.95950828,2.476000781882912,0.8410853100270079,0.004582588487665355,118.74778,5127,72,-0.3122220050325244
61697828,20260207,82.3529411764706,1.9,5.539783079999999,1.4736587844880022,0.09913124999999999,0.003538088790707618,8.16375,4965,72,-0.2243901134273672
61709401,20260207,15.873015873015872,8.1,1.6325031599999984,2.87170041373764,0.29534778000000006,0.005498442367601246,4.68806,2118,72,-0.6454690847237481
61709841,20260207,197.8021978021978,3.6,0.3534913699999999,3.192298584262468,0.005704941666666666,0.0032396895862279304,1.12845,9560,72,-0.11325039326042563
61768085,20260207,40.32258064516129,2.3,2.802410779999999,1.792842090052195,0.12460214400000001,0.02418747441670078,5.02428,23636,72,-0.2205034391077412
61798105,20260207,45.45454545454545,8.0,10.374591689999999,2.458500610157507,0.56113068,0.04744751049790042,25.50594,15819,72,-0.6926874237303116
61831943,20260207,104.30993,5.6,47.090962860000005,1.9429874532830904,0.8771662486975115,0.0035209755349336607,91.49715,9182,72,-0.6530379547708767
61834352,20260207,139.53488372093022,8.1,21.142283720000002,4.583750331016748,0.694528475,0.003429709943471411,96.91095,3701,72,-0.4341048974053398
61861065,20260207,125.0,2.8,12.378150309999999,1.112624233434438,0.11017784,0.031950538289660775,13.77223,251668,72,-0.6026342023448436
61880373,20260207,461.1956700000001,1.01,559.35460876,0.583894375562631,0.7081679886543599,0.010199048711874445,326.60401,110215,48,-0.42188675686868216
61894872,20260207,59.70149253731344,5.1,1.1046315399999997,8.226643610049376,0.15221411749999994,0.004337358108596631,9.087409999999998,5999,72,0.6130673745194856
61917856,20260207,183.66036000000005,3.5,39.25839492,1.1879578901541092,0.25393242178116165,0.005503023639362287,46.63732,11011,72,-0.6605834599559687
61921752,20260207,50.0,2.83,5.9115299199999995,1.2549610845917871,0.1483748,0.0029458166300271563,7.41874,2278,72,-0.5565508535011353
61927008,20260207,347.65362000000005,1.0,307.94050145,0.7964333981570192,0.7054553322355739,0.04114760493056639,245.2541,52743,72,-0.2035666018429808
61939692,20260207,1000.0,1.29,9.942765969999998,1.21084414903512,0.012039139999999999,0.031182364729458917,12.039139999999998,3112,30,-0.061361124778976726
61944621,20260207,147.54098360655738,7.1,9.787200359999998,2.3385574176597324,0.15512930333333333,0.002781121751025992,22.887929999999997,2033,72,-0.6706257158225729
61974075,20260207,127.96638000000002,1.28,79.44294961,0.9657286187966856,0.5995350497529115,0.006751501738855517,76.72032999999999,4271,72,-0.2455245165650894
61981383,20260207,103.8961038961039,4.0,30.162857709999994,2.3545835969134377,0.6835768362500001,0.0017016843971631205,71.02097,3839,72,-0.4113541007716406
61991620,20260207,42.08653000000001,1.92,10.99126112,1.0846980951354197,0.28327828404955213,0.005161419959812458,11.9222,3853,72,-0.4350530754503022
61992618,20260207,83.12442,4.0,9.788109599999999,3.4120040911679212,0.40177206649983244,0.04470528455284553,33.39707,4399,72,-0.1469989772080197
62034028,20260207,313.8476000000001,2.57,108.55843762000006,1.8011911767231996,0.6230237223416712,0.0038723726827923645,195.53449999999998,28096,72,-0.2991474020532297
62054606,20260207,13.043478260869565,6.2,1.0990061199999988,1.5146321478173406,0.12761856666666668,0.009777533918595371,1.66459,39204,72,-0.7557044922875258
62086487,20260207,49.43966,8.0,0.5063748299999995,1.34088418257282,0.013733710951895704,0.0007080998471726949,0.67899,2641,72,-0.8323894771783975
62097829,20260207,17.931050000000003,1.97,1.8195641399999993,1.8374510282446,0.1864564540280686,0.0009055384511283283,3.34336,5353,72,-0.06728374200781728
62103297,20260207,2.336448598130841,2.96,0.5465646999999999,0.3559322437032616,0.08326312000000001,0.07833171677982541,0.19454000000000002,8076,72,-0.8797526203705197
62103431,20260207,2.336448598130841,3.01,0.2243449599999997,0.934186353016356,0.08970024,0.20627777777777778,0.20958,3713,72,-0.6896390853766259
62110322,20260207,50.68064999999999,1.96,13.75778575,2.069432575659931,0.5617688407705901,0.07342016119612195,28.47081,62855,72,0.05583294676527105
62110977,20260207,118.0,9.1,6.754455839999997,3.73756533435268,0.21394254237288135,0.03988590286742913,25.24522,438721,72,-0.5892785346865187
62112393,20260207,11.67876,9.0,0.2765422499999996,8.383818385798204,0.19852107586764348,0.001233193838482771,2.31848,1385,72,-0.06846462380019958
62112636,20260207,118.0,8.1,1.758430279999998,2.913416618371702,0.04341559322033898,0.0010908084163898117,5.12304,1379,72,-0.6403189360034935
62112649,20260207,170.84410000000003,9.0,18.034290420000005,3.997236282723675,0.4219479630844729,0.036973367900070706,72.08732,78439,72,-0.555862635252925
62123023,20260207,237.2979400000001,2.34,220.11151707,1.07469006233223,0.9968550928002152,0.0008044280130623848,236.55166,19017,72,-0.5407307425930641
62141661,20260207,4.433497536945813,2.7,0.6754590699999994,0.8644491219875108,0.1317018888888889,0.2657703081232493,0.5839000000000001,9488,72,-0.6798336585231441
62141774,20260207,3.886010362694301,2.03,0.0389869299999996,0.0,0.0,0.009994963485268194,0.0,3969,72,-1.0
62145770,20260207,1.3192612137203166,2.27,0.7477690899999994,1.034811428217768,0.5865404000000001,0.02167273795534665,0.7738,36887,72,-0.5441359347058291
62150859,20260207,1.2315270935960592,5.6,0.0136458099999996,0.0,0.0,0.17020958083832335,0.0,11370,72,-1.0
62161066,20260207,25.074780000000008,1.94,27.253421699999997,0.9091779473694491,0.9881725781841354,0.011391542900387854,24.77821,72252,72,-0.5313515735209025
62164374,20260207,8.309009999999999,2.51,5.170598479999997,1.577384132909892,0.9815874574708663,0.09854414784394251,8.156020000000002,47991,72,-0.3715601064104015
62204387,20260207,89.88764044943821,7.0,4.121756329999999,5.0488938049377605,0.23151469874999997,0.011280746395250212,20.810309999999998,1330,72,-0.2787294564374628
62243688,20260207,1032.14053,5.5,297.12176547,3.4096952082841963,0.9815472123742685,0.0071972569318519,1013.0946599999999,65490,72,-0.38005541667560067
62254595,20260207,6.25,6.78,0.00105222,0.0,0.0,0.002160541722508288,0.0,3063,72,-1.0
62256963,20260207,29.98952,9.0,0.21673147999999937,1.8715786003952963,0.013525724986595317,0.002596944016435542,0.40563,4045,72,-0.7920468221783004
62259395,20260207,359.21541,2.06,279.33086143,1.201357087011651,0.9341918544084731,0.010578337806939059,335.57610999999997,42563,72,-0.4168169480525966
62269771,20260207,313.4800300000003,1.5,218.52118453999998,1.281411459440188,0.8932484471179863,0.14471619365609348,280.01555,138696,72,-0.14572569370654134
62285840,20260207,23.80952380952381,1.19,0.6947140099999998,0.7779172324450462,0.02269806,0.0005787858253278591,0.54043,2904,72,-0.346288039962146
62326550,20260207,40.32258064516129,2.3,0.6950244499999997,4.5268767163514925,0.07802799200000002,0.009443953128454566,3.1462900000000005,8543,72,0.9682072679789099
62326559,20260207,40.32258064516129,2.3,0.8333575799999995,0.0,0.0,0.01201517874975035,0.0,6016,72,-1.0
62326943,20260207,120.62792,2.1,65.14375743000001,0.8276395487001923,0.44695747054247476,0.017821930902635532,53.91555,13051,72,-0.6058859291903845
62370833,20260207,248.92276000000004,8.02,32.929337829999994,7.4122094789781565,0.9805417150283885,0.0036212390137501872,244.07914999999997,16934,72,-0.07578435424212507
62371800,20260207,264.7058823529412,1.58,27.10017516,0.8880702747457814,0.09091924888888887,0.014819503047351149,24.06686,9483,72,-0.4379302058571004
62390621,20260207,27.77777777777778,2.99,6.15675128,1.2665624523977845,0.28072475999999996,0.013303903345724908,7.797909999999999,2863,72,-0.5764005175927143
62408382,20260207,15.62024,6.06,5.834387239999998,2.512819152538803,0.9385745673561994,0.3100652952733156,14.66076,536599,72,-0.5853433741685143
62425774,20260207,14.70207,2.61,0.512991599999999,0.9221008687081835,0.03217438088650102,0.02187328829651269,0.47303000000000006,23960,72,-0.6467046480045273
62440154,20260207,11.11111111111111,6.81,0.0114356,3.1498128650879704,0.0032418,0.039243293624209946,0.036019999999999996,134734,72,-0.537472413349784
62456302,20260207,10.454783063251435,9.0,1.3220808099999997,4.990753931297135,0.631115917,0.0013423572341951782,6.598179999999999,4304,72,-0.4454717854114294
62465463,20260207,469.2045099999999,4.78,106.12060824999999,4.069732798577321,0.920456881371409,0.08436022610039037,431.88252,4881766,72,-0.14859146473277812
62469263,20260207,1466.2635899999996,7.6,182.21347595999993,4.836374946238639,0.6010192819423419,0.007028242609618315,881.2526900000001,474263,72,-0.3636348754949159
62474596,20260207,1000.0,2.77,0.7771889399999993,0.1782320782897401,0.00013852,0.0033319144973995396,0.13852,25049,72,-0.9356562894260867
62497963,20260207,479.75704,1.0,508.4812406699999,0.8405779128386582,0.8909053215769381,0.11075869133747358,427.4181,172994,72,-0.15942208716134176
62522391,20260207,551.4975700000001,4.91,104.57649042999999,3.847171752902743,0.7295113195149707,0.08061819550162216,402.32372000000004,4134875,72,-0.21646196478559204
62524259,20260207,100.0,6.5,2.4040944999999994,3.2069704414697515,0.0770986,0.006929355797314015,7.70986,54331,72,-0.5066199320815767
62527634,20260207,156.86274509803923,7.1,7.121498639999998,3.71790704996891,0.16879132124999996,0.0040422778257118205,26.477069999999998,2811,72,-0.4763511197226887
62529276,20260207,107.15096,6.71,4.973098589999998,3.0067732882005873,0.13955059292049274,0.008479882648784577,14.95298,141631,72,-0.5518966783605682
62537340,20260207,1000.0,2.56,23.62376996000001,1.2114840285212456,0.028619819999999997,0.011972450249466245,28.619819999999997,1048631,72,-0.5267640513588885
62552000,20260207,28.349000000000004,1.04,43.49290014,0.6384642070456329,0.9795287311721752,0.051896213387600844,27.768659999999997,71404,72,-0.3860921086099684
62559786,20260207,10.454783063251435,7.8,0.6594465799999987,6.573587810554736,0.4146360545000001,0.0021246069182389938,4.33493,3243,72,-0.157232331980162
62621349,20260207,1.25,3.15,0.6255034799999991,0.817645331085929,0.409152,0.12818934911242605,0.51144,21664,72,-0.7404300536235146
62626344,20260207,999.4573299999998,4.41,231.98193855999997,3.9039427621894944,0.9061359427920751,0.13283627782558885,905.6442099999999,4846691,72,-0.11475220812029607
62630587,20260207,7.25892,1.96,1.5839314599999992,2.1626882769283475,0.47190904432064273,0.06058538163001294,3.42555,18733,72,0.10341238618793243
62640299,20260207,179.92026000000004,5.5,68.36117978,2.558909172763841,0.9722643242067345,0.006127680552132118,174.93005,12430,72,-0.5347437867702107
62644097,20260207,48.88049,9.4,6.693235189999998,5.857136181105869,0.8020212154174395,0.0026967326277036355,39.20319,11134,72,-0.37690040626533317
62658588,20260207,4.545454545454546,2.01,0.2017653299999995,0.0,0.0,0.011223992917220009,0.0,10142,72,-1.0
62665519,20260207,354.54545454545456,2.61,25.28079539,1.5743673957245692,0.1122599641025641,0.008859772178890073,39.80126,15789,72,-0.3967941012549543
62676303,20260207,416.91595,2.04,56.357969910000016,1.4724080752467967,0.19903755181350102,0.005170780934637478,82.98193,6661,72,-0.27823133566333497
62693338,20260207,49.58663000000001,1.83,5.146988039999998,1.5020648853110607,0.15591118009027832,0.07116118829775217,7.731109999999999,62999,72,-0.1791995162234641
62694436,20260207,89.88764044943821,7.1,18.698880709999997,1.8978055719143634,0.394791095,0.004319354115272483,35.48684,1926,72,-0.7327034405754418
62695450,20260207,4.3478260869565215,2.44,0.3593056899999997,1.0693401487741547,0.08837060000000001,0.2611607142857143,0.38422,5850,72,-0.56174584066633
62708257,20260207,392.89094,1.85,310.1368070499999,1.2143733070008726,0.9585913587114021,0.001176899680489376,376.62185999999997,27589,72,-0.34358199621574453
62715156,20260207,100.03554,1.47,80.51573367,0.9892120008052085,0.7961883346658598,0.004812932086213908,79.64713,9468,72,-0.3270666661189057
62719226,20260207,1000.0,1.5,0.9098026499999986,0.6072086072732377,0.0005524400000000001,0.0022071501014198783,0.55244,5223,72,-0.5951942618178415
62746245,20260207,272.72727272727275,7.1,2.0544277699999984,3.1640635387244616,0.023834579999999998,0.029068069680797504,6.50034,57735,72,-0.5543572480669772
62750176,20260207,147.54098360655738,7.1,13.391760140000002,3.9217234665913003,0.35596062000000006,0.0029860752965446104,52.51878000000001,2316,72,-0.44764458217023934
62789285,20260207,245.01463,1.42,284.54943309000004,0.8472182755104991,0.9839227967734007,0.01341540626099191,241.07547999999997,15256,72,-0.40336741161232453
62805482,20260207,23.43981,9.5,2.5961909499999987,9.028538521020579,1.0,0.005712489522212909,23.43981,2726,72,-0.04962752410309696
62805489,20260207,153.19595999999993,9.0,2.0544968399999988,3.3657973404330006,0.0451383966000148,0.0005653330146114082,6.91502,3784,72,-0.6260225177296665
62835645,20260207,40.17131,2.0,8.572203199999999,2.020647387360113,0.4311883281874552,0.00723866797714438,17.3214,43453,72,0.01032369368005659
62859145,20260207,41.66666666666666,1.85,27.633851930000002,0.8610153249815143,0.5710360800000002,0.011595076613916101,23.79317,4616,72,-0.5345863108208031
62859279,20260207,41.48365,1.48,13.259566359999997,1.0155596068829509,0.32460692345056424,0.025848068446979518,13.465879999999999,49848,72,-0.3138110764304386
62860871,20260207,55.55555555555556,2.59,20.898627779999998,1.6524099267918542,0.6215958,0.016188825685334748,34.533100000000005,292851,72,-0.36200388926955435
62863090,20260207,5.154639175257732,1.96,0.878517069999999,1.077349584112237,0.18361517999999996,0.13687753446877535,0.9464699999999999,16877,72,-0.45033184484069544
62867831,20260207,23.834820000000004,2.71,5.408050499999998,1.1625594102717793,0.2637813081869298,0.013547227366815557,6.287179999999999,12435,72,-0.5710112877225907
62875385,20260207,15.734370000000002,6.34,10.746493319999997,1.2864261474272245,0.8786224043288672,0.032017264713413075,13.82457,175064,72,-0.7970936675982295
62885425,20260207,587.5,6.1,12.843121099999998,3.289800794605916,0.07191712340425531,0.0036883991429445973,42.25131,2410,72,-0.460688394326899
62888101,20260207,70.0,8.5,1.910867519999999,3.7311639479852605,0.10185371428571428,0.001985940866862129,7.12976,5622,72,-0.5610395355311458
62896186,20260207,3.886010362694301,1.84,0.1361367799999993,2.6488800454954338,0.09279697333333332,0.18964197530864196,0.36061,15361,72,0.43960872037795307
62896511,20260207,1000.0,1.0,572.3367657900001,0.5633462137539886,0.32242374999999995,0.00437467718053786,322.4237499999999,25409,51,-0.43665378624601137
62905440,20260207,2570.3447100000008,5.1,306.9945056899999,2.7067632957545396,0.32328794529664456,0.006862781261527112,830.96146,74420,72,-0.4692620988716589
62905524,20260207,9.39662,6.92,0.7781126999999994,5.856349600771203,0.4849509717323888,0.008394911437092945,4.5569,13792,72,-0.15370670509086656
62926061,20260207,694.6908400000003,4.04,113.74578940999999,3.539709839708607,0.5795773699851863,0.021483759467290194,402.62709,126795,72,-0.123834198091929
62932631,20260207,405.3672800000001,5.0,151.14995084000003,2.3348014209648547,0.8705811677745671,0.007008725375550958,352.90512,77916,72,-0.533039715807029
62951533,20260207,4.62962962962963,3.3,0.4917026799999982,2.1750542421286045,0.23100768,0.001283762806581807,1.06948,2481,72,-0.34089265390042284
62952235,20260207,114.07776999999996,5.5,25.500999999999998,4.349893337516176,0.9723772650885447,0.03554313225814985,110.92662999999999,403084,72,-0.20911030226978625
62957523,20260207,1233.7502500000005,4.1,419.77348746999985,2.471231201980418,0.8408163159440084,0.007876160418039515,1037.3573399999998,68128,72,-0.3972606824438004
62974470,20260207,256.19916000000006,9.0,43.75084866,4.557627248549926,0.7783009905262763,0.02219039686746206,199.40006,205148,72,-0.4935969723833416
62991598,20260207,53.40617000000002,7.91,10.574299029999999,3.636666590466187,0.7200516344834312,0.003839421613394216,38.455200000000005,16144,72,-0.5402444259840472
63007107,20260207,10.31706,3.0,1.3720628999999993,1.721641187149657,0.22896057597804026,0.004669158878504673,2.3622,4996,72,-0.42611960428344764
63014188,20260207,392.33176,5.5,58.82476267000001,3.468668648009013,0.5200792563926,0.0037035141589901056,204.04361,23881,72,-0.3693329730892703
63014342,20260207,16.374660000000002,3.71,10.03253646,1.6321555436440447,0.9999999999999998,0.07819662058371736,16.37466,50906,72,-0.5600658912010662
63017961,20260207,35.714285714285715,1.45,5.081967689999999,0.5707789141807788,0.08121903999999999,0.008777270421106037,2.90068,3460,72,-0.6063593695304974
63031379,20260207,10.454783063251435,8.0,0.3179932499999987,3.7103617765471593,0.11285456550000002,0.009423897581792318,1.17987,2650,72,-0.536204777931605
63038979,20260207,1000.0,2.25,255.66614177999998,1.6327005097108018,0.41742624000000006,0.0043872273442770405,417.42624000000006,23412,72,-0.27435532901742143
63049514,20260207,6.738544474393531,1.35,3.2368360099999984,0.6516178124204695,0.313002312,0.0018683946248386017,2.10918,3907,72,-0.5173201389478005
63049540,20260207,42.85714285714285,2.7,1.63084324,0.8899874398719032,0.0338667,0.013715775749674055,1.4514299999999998,1052,72,-0.6703750222696655
63049739,20260207,2000.0,2.71,182.5504879,2.4596120512477686,0.22450169,0.007533751715754898,449.00338,110322,72,-0.09239407703034368
63050276,20260207,4.545454545454546,2.32,0.0025585199999999995,0.0,0.0,0.013304610081861267,0.0,3088,72,-1.0
63052095,20260207,14.06198,2.43,13.194284979999995,0.5511545347870759,0.5171455228922243,0.04620042879867211,7.27209,334006,72,-0.7731874342440017
63053963,20260207,24.875621890547265,6.0,3.1709264699999995,4.788862228016281,0.610442226,0.005146596327483007,15.18513,10146,72,-0.20185629533061977
63055893,20260207,13.28341,3.03,3.9203477099999997,2.5349460647713826,0.7481414787317413,0.07720596355604638,9.93787,13982,72,-0.1633841370391476
63056684,20260207,1319.2388100000005,9.52,51.22440965999999,10.603609170027088,0.4117250158824541,0.10832012678288432,543.16362,129865,72,0.11382449264990425
63064394,20260207,11.11111111111111,6.35,0.0083857599999998,1.5216271393410146,0.0011484000000000002,0.02161135341420199,0.01276,63425,72,-0.7603736788439347
63088516,20260207,1000.0,3.98,0.22627416999999958,0.9415126790654028,0.00021304,0.050502232142857144,0.21304,9050,72,-0.7634390253604515
63089129,20260207,1000.0,3.32,25.49643398999998,1.52297611561012,0.038830460000000004,0.00801911327131405,38.83046,1039747,72,-0.5412722543343012
63115257,20260207,1000.0,9.5,0.0012530799999999,0.0,0.0,0.0025427327741798494,0.0,2395,72,-1.0
63115262,20260207,1000.0,9.5,0.015624509999999897,0.0,0.0,0.0027850141438063285,0.0,8467,72,-1.0
63118770,20260207,299.31642000000005,5.2,17.39955433,4.548526272511716,0.2644102518665698,0.006458323791494277,79.14233,126908,72,-0.1252834091323623
63118785,20260207,70.0,9.0,7.83276084,6.856636005753496,0.7672341428571429,0.010747090355918289,53.70639,22254,72,-0.23815155491627818
63119851,20260207,20.0,2.42,0.5738863799999998,0.1583588723607625,0.004544,0.013212312549329124,0.09088,1674,72,-0.9345624494377014
63129337,20260207,1848.98638,6.1,501.9724976299999,3.499209634577844,0.9499837419029553,0.008111990618586924,1756.5069999999996,143884,72,-0.42635907629871406
63135763,20260207,84.18721000000001,2.1,35.578376250000005,1.3908939984297342,0.5878060337193737,0.00028126177099946305,49.485749999999996,7019,72,-0.33766952455726945
63136956,20260207,1000.0,1.2,205.14129334999998,0.7065947456648421,0.14495176,0.002855490558064014,144.95176,25676,72,-0.4111710452792982
63138541,20260207,887.555370000001,1.17,184.95327466999998,0.7450620717360669,0.15525980086177593,0.005813028057325759,137.80167,20159,72,-0.3631948104819941
63139989,20260207,582.36534,2.31,317.78170979000004,1.4538725035664046,0.7933406373394406,0.050493836369474056,462.01409,1556932,72,-0.37061796382406725
63153776,20260207,131.89886999999993,8.5,21.567000660000005,4.5428148097436925,0.7428031036202211,0.005814691562927594,97.97489000000002,347190,72,-0.46555119885368323
63155109,20260207,107.97988,3.79,18.7744043,3.21094022674264,0.5582844692918718,0.401625,60.28349,6426,72,-0.1527862198568232
63155864,20260207,1000.0,9.0,0.0059480099999998995,35.45219325455128,0.00021087,0.0005500264087241997,0.21087,5311,72,2.939132583839031
63156076,20260207,1000.0,9.0,1.9238692299999978,2.616685126774446,0.00503416,0.050271266820795545,5.03416,424013,72,-0.7092572081361728
63158529,20260207,1000.0,7.66,0.00066175,0.0,0.0,0.003409059038003085,0.0,2431,72,-1.0
63163299,20260207,309.54889000000003,3.72,99.73916304,2.0701145237923786,0.667007689803055,0.007639656144306652,206.47149000000002,54211,72,-0.4435176011310811
63169453,20260207,1000.0,3.98,0.05765783000000001,0.0,0.0,0.07481049562682215,0.0,2566,72,-1.0
63178103,20260207,24.0051,8.5,0.8585304199999988,6.398736575927044,0.22884761988077534,0.002830196588003521,5.49351,6752,72,-0.24720746165564186
63195753,20260207,72.20216606498195,4.15,10.571041659999999,2.0553631987105425,0.30092352050000004,0.14025806451612904,21.727330000000002,2174,72,-0.5047317593468573
63196383,20260207,1000.0,8.0,1.4307406499999988,2.846455784981019,0.00407254,0.013906575093424906,4.07254,137689,72,-0.6441930268773726
63196659,20260207,131.08508,4.15,41.06715432,2.443052401883589,0.7653747474540962,0.08316880331809398,100.32921,705837,72,-0.4113126742449184
63201724,20260207,38.30118,1.53,55.162574809999946,0.6882927443248557,0.9913010512992032,0.01245576973857935,37.96800000000002,4717,72,-0.5501354612255845
63204129,20260207,11.47175,3.76,0.7570996899999991,7.1063693078516605,0.4689981912088391,0.013768789467664357,5.38023,228723,72,0.8899918371945906
63204861,20260207,111.72721,3.6,60.63759065,1.8356304860869337,0.9962497944771019,0.022839164359426126,111.30821,9074,72,-0.4901026427536295
63204884,20260207,184.27386,3.4,78.66949489,2.3226391659879133,0.9915722718349742,0.023265617875056998,182.72084999999998,306129,72,-0.31687083353296663
63219307,20260207,33.47138,1.09,8.01462566,0.7191227943140142,0.17219188452940987,0.0012850776827652655,5.7635,1067,72,-0.34025431714310633
63225492,20260207,135.48968000000002,4.48,8.7729203,3.8448781986541016,0.24895482814632075,0.003021043871121151,33.73081,2541,72,-0.14176825922899525
63231083,20260207,5.645161290322581,7.02,0.1406970999999993,3.9112391086952236,0.09748171428571428,0.0014747884681649375,0.5503,3852,72,-0.4428434318097972
63236174,20260207,23.102310231023104,7.91,1.8509005299999988,3.41908703219184,0.2739288814285714,0.001385133140461711,6.32839,2346,72,-0.5677513233638635
63252365,20260207,45.90532,2.5,16.153913609999996,1.3372103207626356,0.47055940357239634,0.034644842687206884,21.60118,111546,72,-0.4651158716949458
63259521,20260207,6.334726973267452,3.86,9.433348259999999,0.6430908552081803,0.9576576899999999,0.05125,6.0665,1845,72,-0.8333961515004714
63276032,20260207,2662.6699100000005,1.0,2759.05372097,0.7121862597547318,0.7379661078605119,0.2127031664326938,1964.9601499999999,272728,72,-0.2878137402452682
63277194,20260207,72.20216606498195,4.15,6.394276399999999,1.3477177808578937,0.11935486799999999,0.17608695652173914,8.61768,1620,72,-0.675248727504122
63287123,20260207,307.8781,3.79,94.91277078999994,2.770039034912471,0.8539486244718283,0.6122566371681416,262.91208,27674,72,-0.26911898814974383
63322976,20260207,94.94436,3.45,34.85537662,1.8235132184321237,0.6694367100899937,0.12720284066111312,63.559239999999996,2681385,72,-0.4714454439327178
63324168,20260207,50.0,3.0,0.9346518599999998,1.7914691786950494,0.033488,0.030409083588339506,1.6743999999999999,18881,72,-0.4028436071016502
63333258,20260207,41.27358490566038,3.44,0.2636811899999995,2.44753901482317,0.01563639314285714,0.000604608442154866,0.64537,7570,72,-0.28850610034210167
63333682,20260207,273.87567,3.79,46.25782208,3.609786464032334,0.6096958521361171,0.635679012345679,166.98086,10298,72,-0.04754974563790659
63334016,20260207,133.70215,3.79,45.665018149999995,2.4448922725326896,0.8350355622553565,0.3827307692307692,111.64605,9951,72,-0.3549096906246202
63338096,20260207,44.41921000000001,1.97,64.86024656000001,0.6848887007992897,1.0000639363014334,0.0015275865542832196,44.42205,4549,72,-0.652340761015589
63339310,20260207,12.987012987012989,1.94,5.341698699999999,0.8382239904321075,0.34477058,0.0032211184694628404,4.47754,1751,72,-0.5679257781277796
63339821,20260207,10.85282,2.0,2.33709963,1.3221173630496872,0.2847112547706494,0.0212233918128655,3.0899199999999993,45365,72,-0.3389413184751564
63339996,20260207,162.68000999999998,2.0,55.59990414000002,2.0165099514864013,0.6891919910749945,0.7688651315789473,112.11776,140241,72,0.008254975743200665
63344858,20260207,179.59183673469389,8.8,1.1729856499999987,3.45213089350241,0.02254723863636364,0.0032782904322486645,4.049300000000001,1350,72,-0.6077123984656352
63350356,20260207,7.170259999999998,1.0,22.22256703,0.2762840130805536,0.8562785728829919,0.035264423076923075,6.13974,1467,72,-0.7237159869194464
63352392,20260207,72.20216606498195,4.15,1.33522697,1.8795306388995427,0.034757960000000004,0.004318362416960681,2.5096000000000003,40758,72,-0.5471010508675801
63352636,20260207,507.4560800000001,4.15,0.3064362899999994,12.11534051662095,0.007316061717104659,0.0027641971058040417,3.71258,26494,72,1.919359160631554
63354033,20260207,4.67689,2.06,2.139330179999999,1.234563988621897,0.5647214281285213,0.045727756354322066,2.64114,162457,72,-0.40069709290199174
63355127,20260207,1.6891891891891893,1.9,0.2513404999999994,0.5325444964102495,0.0792392,0.02185077519379845,0.13385,2255,72,-0.7197134229419739
63355311,20260207,1.6891891891891893,1.9,0.41941804999999976,0.8393534803759644,0.20840768,0.0046269359872799015,0.35204,7857,72,-0.5582350103284398
63359739,20260207,1000.0,3.32,7.14293801,1.9924504426715586,0.014231950000000002,0.002442170631755371,14.231950000000001,453747,72,-0.3998643244965185
63370394,20260207,159.52762,8.3,8.540620879999997,6.998756980300479,0.3746920439231777,0.0009915708432869997,59.77373,8011,72,-0.15677626743367729
63372853,20260207,209.44123,2.5,75.19263075000002,1.8230887605963961,0.6545169735681938,0.019634413843529125,137.08284,8056,72,-0.27076449576144157
63373937,20260207,40.68809,1.15,50.05249349,0.8240208853578935,1.013670093631822,0.0014676324128564961,41.2443,3242,72,-0.28346009968878816
63378942,20260207,12.07632,5.6,2.8356733399999987,4.281226553408302,1.005286378631901,0.006126066566121934,12.140160000000002,29652,72,-0.23549525831994608
63380156,20260207,34.70317,2.0,19.27245353,1.4694444563540736,0.8160580142966766,0.010479910714285714,28.319799999999997,2817,72,-0.2652777718229632
63380247,20260207,6.73505,5.45,1.3374114599999993,3.8597695282198363,0.7664531072523588,0.006459734436971892,5.1621,3746,72,-0.29178540766608513
63386669,20260207,1000.0,8.55,0.0704290999999995,5.999366739032629,0.0004225299999999999,0.008226330103688595,0.4225299999999999,96791,72,-0.2983196796453066
63393176,20260207,10.416666666666666,9.38,0.007641369999999899,0.0,0.0,0.0019171276956079938,0.0,1698,72,-1.0
63400626,20260207,10.53743,3.2,3.917679739999998,2.6897119466942456,1.0,0.013993870671161509,10.53743,45662,72,-0.1594650166580483
63400779,20260207,2.2580645161290325,3.08,0.023360919999999702,0.0,0.0,0.012522334588000544,0.0,27613,72,-1.0
63402334,20260207,7.225870000000001,2.4,1.5575263699999984,0.6297678285857857,0.13574559188028568,0.009981531274613651,0.9808800000000001,147004,72,-0.737596738089256
63403274,20260207,10.1010101010101,9.3,0.23528397999999978,10.156790105301697,0.23658327000000004,0.0008686346438645057,2.38973,16599,72,0.09212796831201037
63403381,20260207,11.363636363636363,9.8,2.176854729999999,3.2080000120173393,0.6145348,0.004290205024808082,6.98335,160225,72,-0.6726530599982307
63407342,20260207,402.38432,1.91,101.78377334999979,1.4890730124420202,0.376663459450905,0.009349078027828545,151.56347,223543,72,-0.22038062175810458
63407584,20260207,8.733624454148472,1.18,10.17999462000001,0.6641172468517467,0.7741012949999999,0.0017212466381901599,6.7607099999999996,1088,72,-0.43718877385445193
63412723,20260207,1017.58415,1.26,1235.2938429400003,0.7762061921380209,0.9422736488181347,0.0038366396363534333,958.8427300000001,68367,72,-0.3839633395729993
63413074,20260207,35.0,2.4,4.243047229999998,2.5008371165361747,0.3031762857142857,0.0006743675147048402,10.61117,4758,72,0.042015465223406157
63415176,20260207,391.68223000000006,5.0,167.08847776,2.359302839339004,1.0064595475776368,0.006827830319119518,394.21232,61727,72,-0.5281394321321992
63418375,20260207,111.04177,7.1,8.529634269999999,3.6520018343060805,0.2805272286275696,0.001835145657135186,31.150240000000004,1367,72,-0.4856335444639323
63419441,20260207,37.5,7.5,0.2326952199999996,1.0109361077550298,0.006273066666666666,0.0060163569278900925,0.23523999999999998,35384,72,-0.865208518965996
63421324,20260207,1000.0,1.4,0.8615201099999998,1.1642096201329535,0.00100299,0.0007478192135053496,1.00299,5298,72,-0.16842169990503317
63423264,20260207,2919.6333800000007,6.1,570.78606884,3.4091879886884024,0.666493616400563,0.0045280753130965265,1945.9170099999997,79940,72,-0.4411167231658356
63428201,20260207,1000.0,3.83,0.0820921599999999,0.0,0.0,0.004803678811460913,0.0,4074,72,-1.0
63428584,20260207,32.25806451612903,8.0,1.651971029999999,5.9712245680240565,0.30579299000000004,0.001184846678587986,9.86429,1789,72,-0.25359692899699293
63449407,20260207,4.716981132075472,3.36,0.00020804,0.0,0.0,0.004398723547195163,0.0,2619,72,-1.0
63451974,20260207,68.71583000000001,2.5,35.654098270000006,1.3379210894288027,0.6941976834158882,0.0029741137577850587,47.70237,10076,72,-0.46483156422847893
63454972,20260207,67.95027999999999,5.05,7.864903899999998,2.4337741749139497,0.2816971467961575,0.01486088379705401,19.1414,7264,72,-0.5180645198190199
63456215,20260207,279.7433699999999,1.62,19.505223919999995,1.1436213237791943,0.07973947693559282,0.0016377047696624128,22.30659,3619,72,-0.29406091124741096
63461553,20260207,3.4076200000000005,2.84,0.47569255999999926,0.7092185759642752,0.09900458384444273,0.10012952010181927,0.33737,133743,72,-0.7502751493083537
63463364,20260207,117.6470588235294,5.0,4.04439071,2.421155793822897,0.08323285,0.020792291220556744,9.7921,3884,72,-0.5157688412354207
63464061,20260207,346.15384615384613,6.1,49.97379218,3.0249067242189027,0.4367019511111112,0.0024273469387755104,151.16606000000002,5947,72,-0.504113651767393
63466342,20260207,80.63901,2.78,8.29725483,2.439680402102342,0.2510280074122934,0.15825986078886312,20.24265,75031,72,-0.12241712154592002
63467432,20260207,4.3478260869565215,2.19,0.3906337299999991,0.9827364370199185,0.0882947,0.009260805690868321,0.38389,11977,72,-0.5512619009041467
63471673,20260207,166.66666666666666,5.0,5.7088477399999995,2.4998091821590607,0.08562618000000001,0.0019364161849710982,14.271030000000001,1675,72,-0.5000381635681879
63472525,20260207,1025.55606,1.74,871.8579168499999,1.171362145439696,0.9958123205863559,0.016773811796144303,1021.26136,87878,72,-0.32680336468982984
63473865,20260207,8.695652173913043,1.88,1.9025181299999996,1.3132542395272735,0.28732635,0.010723194748358863,2.49849,58806,72,-0.3014605108897481
63480295,20260207,1000.0,5.38,0.0906517399999994,2.795533764713195,0.00025342,0.045338372930165585,0.25342000000000003,239305,72,-0.48038405860349537
63510498,20260207,2.93115,8.3,0.1458485999999991,3.0990355752472274,0.1542022755573751,0.00024791407642644217,0.45199,1655,72,-0.6266222198497317
63518080,20260207,1000.0,9.0,3.2433980099999986,3.1579781354062075,0.01024258,0.0022488763068365244,10.24258,9056,72,-0.6491135405104215
63524267,20260207,38.46153846153846,2.76,0.0967084699999996,6.345256004980769,0.01595464,0.039989406779661014,0.61364,30200,72,1.2990057989060757
63529958,20260207,164.5273,5.57,50.97008587000001,3.073191801157936,0.9520660097138894,0.0038173702252170478,156.64085,35747,72,-0.44825999979211206
63530218,20260207,83.33333333333333,2.47,14.201148289999999,1.4361697789158148,0.24474312,0.0015419660066584896,20.39526,6160,72,-0.4185547453782127
63531248,20260207,34.41965,2.1,22.040185029999993,1.5493454321513018,0.992103638473953,0.0002115634690407122,34.147859999999994,2961,72,-0.2622164608803325
63531465,20260207,12.32902,1.45,3.698970939999999,0.494091472911112,0.14823805947269125,0.015354539160184092,1.8276299999999999,37700,72,-0.6592472600613021
63532364,20260207,72.20216606498195,4.15,9.028390819999998,4.069692011848463,0.5088873644999998,0.025304160204976063,36.74276999999999,187643,72,-0.01935132244615348
63532391,20260207,238.66007,4.15,4.7765663499999995,2.805858647812984,0.056156733717542276,0.009047491638795986,13.40237,67630,72,-0.3238894824547027
63533300,20260207,2094.1917699999995,3.61,88.02355833999997,2.606760443763265,0.10956796473323932,0.07179963508364012,229.45632999999998,889339,72,-0.27790569424840295
63533681,20260207,7.475240000000001,1.97,11.235353969999998,0.43910766079762414,0.6599828232939676,0.0008309896524276996,4.933529999999999,10962,72,-0.7771027102550131
63533738,20260207,74.38692,3.79,7.22517268,3.456444725415199,0.335723135196349,0.1289937106918239,24.973409999999998,2051,72,-0.08800930727831165
63533942,20260207,1000.0,1.98,2.8360440499999995,1.7843305360507362,0.00506044,0.0070268948655256725,5.06044,1437,72,-0.09882296159053726
63535088,20260207,1582.6044799999995,2.13,769.19871332,1.7369839897849193,0.8442323188671881,0.008242360600651056,1336.08585,78492,72,-0.1845145587864228
63535386,20260207,117.61521,4.62,53.19435337000005,2.211046897814746,1.0,0.01845935635332094,117.61521,18871,72,-0.5214184203864186
63535808,20260207,9.097779999999998,3.82,2.5308014499999993,2.793494527198095,0.7770884765294392,0.003295060080106809,7.069780000000001,1234,72,-0.26871871015756676
63536636,20260207,208.86075949367088,5.6,1.6327292399999997,5.438880974533169,0.04251741696969697,0.0026184250226289852,8.88022,5207,72,-0.028771254547648333
63537243,20260207,2.684563758389262,2.14,0.8432210599999994,0.6256840881085208,0.196527275,0.03288359788359788,0.52759,7458,72,-0.7076242578932146
63537321,20260207,1.8461538461538465,2.49,0.08482196999999969,7.764615700389914,0.3567470833333332,0.0032302953048650948,0.6586099999999999,3041,72,2.1183195583895236
63537589,20260207,4.265840000000001,3.12,0.46447200999999905,0.8152052047226717,0.08876094743356525,0.14198388096714198,0.37864000000000003,22902,72,-0.7387162805376053
63537852,20260207,12.032870000000004,2.37,6.560137069999999,1.4343435052645936,0.7819821871257644,0.10128633478115603,9.40949,151575,72,-0.3947917699305512
63537981,20260207,1000.0,3.26,0.0229827299999998,0.7888531954210904,1.813e-05,0.0040982908781350275,0.01813,12517,72,-0.7580204922021195
63538339,20260207,1011.98769,3.6,104.41202985000001,1.929018526786164,0.19902686760942712,0.0026352496046984416,201.41273999999999,18666,72,-0.4641615203371767
63539511,20260207,354.54545454545456,2.69,14.27960337,1.5852604174957556,0.06384763846153846,0.0026429479034307496,22.63689,2912,72,-0.4106838596670053
63543019,20260207,7.1144300000000005,2.32,3.098336459999999,2.2962096246964743,1.0,0.49538152610441766,7.1144300000000005,98680,72,-0.010254472113588608
63552128,20260207,86.28540000000001,4.15,12.18227423,3.2091774706339042,0.45309032582569,0.011114288472212167,39.095079999999996,92113,72,-0.2267042239436376
63554448,20260207,316.32612000000006,8.2,39.77014,5.836267863276317,0.733765488603976,0.008870772665953389,232.10918999999998,228834,72,-0.2882600166736198
63559263,20260207,4.53857,4.5,0.6646629899999998,4.291573388191812,0.6284909123358238,0.0985042735042735,2.8524499999999997,2305,72,-0.04631702484626407
63560316,20260207,4.545454545454546,2.83,0.0950478999999996,0.0,0.0,0.007341961174713788,0.0,7375,72,-1.0
63561739,20260207,1000.0,8.37,0.6205552399999996,2.245634087305428,0.00139354,0.010491308049323043,1.39354,152808,72,-0.7317044101188258
63563441,20260207,32.60413000000001,2.5,19.86996271,1.4766222980999242,0.8998991845511592,0.0009405857740585774,29.340429999999998,2810,72,-0.40935108076003035
63568994,20260207,1000.0,1.56,9.99827321,0.7065810117025199,0.007064590000000001,0.004441028836093902,7.064590000000001,75557,72,-0.5470634540368463
63572763,20260207,16.345940000000002,1.35,15.402690830000001,1.061239245818193,0.9999999999999998,0.010608672936259143,16.34594,4061,72,-0.21389685494948676
63573065,20260207,2.7549400000000004,5.0,0.45875361999999986,6.005271413444107,0.9999999999999999,0.005231883385172462,2.75494,78890,72,0.2010542826888214
63580443,20260207,130.7283,3.79,31.344804149999995,4.145986345236106,0.9940856723448558,0.2829777777777778,129.95513,6367,72,0.09392779557680898
63581835,20260207,208.86075949367088,4.7,0.8883164599999998,6.65968747218756,0.02832466,0.001673848439821694,5.91591,4506,72,0.4169547813165021
63583264,20260207,41.66666666666666,2.37,3.1465289999999992,1.0070239301783015,0.07604712000000002,0.003867112810707457,3.1686300000000003,1618,72,-0.5750953881104214
63592988,20260207,70.92198581560284,1.65,32.41290016,1.3753918896469397,0.6285842039999999,0.006098929226568833,44.580439999999996,57186,72,-0.16642915778973347
63596870,20260207,280.8988764044944,3.0,4.416675419999999,1.6782804474230533,0.0263882152,0.000632446835252124,7.41242,1258,72,-0.44057318419231556
63597112,20260207,1707.9102600000006,7.91,27.67185854000001,4.238905378561535,0.06867948085281714,0.001408377022043025,117.29838999999998,75380,72,-0.4641080431654191
63598203,20260207,181.8181818181818,2.55,70.36833114999999,1.390405007494625,0.53812264,0.006100820434745835,97.84047999999999,28852,72,-0.4547431343158333
63598374,20260207,5.076142131979696,2.43,0.0002938,0.0,0.0,0.03452728670253651,0.0,4492,72,-1.0
63599572,20260207,147.05882352941177,2.54,26.270447849999996,1.6296433256275835,0.29111792799999997,0.0017515208574739281,42.81146,4837,72,-0.3584081395166994
63600227,20260207,33.333333333333336,2.5,2.023867249999999,1.6398358143302143,0.09956429999999998,0.006910967741935484,3.3188099999999996,2678,72,-0.3440656742679143
63601569,20260207,115.99468999999996,2.63,66.05690421,1.4745648644135878,0.8397383535401495,0.005856122886490315,97.40519,31414,72,-0.4393289488921719
63604272,20260207,70.0,8.5,13.107625269999993,4.387274492170468,0.8215250000000002,0.0016779954937849674,57.50675000000001,26513,72,-0.4838500597446509
63611224,20260207,1000.0,6.6,1.2335434099999987,5.162696301056812,0.00636841,0.012463558258519162,6.36841,25822,72,-0.21777328771866483
63613810,20260207,67.22689075630252,4.0,10.665219319999999,4.513010802294501,0.7159672187499999,0.00571682332913922,48.13225,7724,72,0.12825270057362514
63615321,20260207,121.09166,2.17,35.639077019999995,1.0431768471202683,0.30702246546128775,0.0806871559769143,37.17786,1087679,72,-0.5192733423408902
63616549,20260207,743.5570799999998,2.0,360.4157111799999,0.9672894082741249,0.46886286120764276,0.004942092039953429,348.6263,24195,72,-0.5163552958629376
63618506,20260207,7.20164609053498,5.02,0.4629729899999988,0.31919788668449184,0.02052030857142857,0.008383822193727627,0.14778,62768,72,-0.9364147636086669
63619732,20260207,330.87964000000005,2.2,108.96754836999996,1.26041451839998,0.41508833846651916,0.004368949688678817,137.34428000000003,9613,72,-0.42708430981819095
63622918,20260207,1350.15143,4.28,332.02644047,3.261464534171169,0.8020525964261654,0.04836325284983395,1082.89246,431052,72,-0.23797557612823153
63631199,20260207,206.74242000000004,4.15,1.1974355599999988,5.085860319698545,0.02945689617060688,0.002988310767048083,6.08999,29067,72,0.2255085107707337
63631324,20260207,133.48968,2.35,7.976898749999997,0.8591459180800061,0.05133969906887184,0.009959835532060136,6.85332,188214,72,-0.6344059923063804
63631326,20260207,80.87560000000002,2.15,0.30823821999999973,0.4089369579152128,0.0015585664897694728,0.0021875569597180873,0.12605,7201,72,-0.8097967637603662
63634590,20260207,5.076142131979696,2.07,0.00055329,0.0,0.0,0.0067453519949864215,0.0,6458,72,-1.0
63634742,20260207,5.076142131979696,2.07,0.025372929999999898,0.0,0.0,0.011801162040025823,0.0,10968,72,-1.0
63635613,20260207,1.2315270935960592,6.48,0.04878384999999941,0.7307746313585425,0.0289478,0.020436923076923078,0.03565,13284,72,-0.8872261371360274
63636832,20260207,27.027027027027028,1.03,29.272086110000004,0.5428858039117048,0.5879818,0.007295952222959522,15.8914,2199,72,-0.47292640396921864
63636929,20260207,35.30304,2.32,3.0551764899999982,2.4468635525537197,0.2117551349685466,0.16013882669055082,7.4756,143036,72,0.05468256575591373
63638951,20260207,2.47032,2.53,7.284128580000001,0.24201384978846704,0.7136160497425434,0.008461605967529618,1.7628599999999999,19284,72,-0.904342351862266
63639342,20260207,6.451612903225806,2.04,0.6874497099999993,2.2969971141598142,0.24475584999999997,0.07397279885468862,1.5790699999999998,10334,72,0.1259789775293207
63639367,20260207,6.451612903225806,2.08,2.3760846399999984,1.86910008390947,0.6883767000000001,0.21574043261231282,4.44114,51864,72,-0.10139419042813945
63639383,20260207,481.31553,2.49,167.08888093999997,1.471916195837801,0.5109763028007844,0.0030282830731261224,245.94083000000003,27485,72,-0.4088689976555016
63639592,20260207,10.834120000000002,6.06,2.02456432,0.9281256127244205,0.17343817495098812,0.10160065111231688,1.8790499999999999,37450,72,-0.8468439582963003
63639615,20260207,2473.59103,2.49,1856.1068889899996,1.2703519845686562,0.9532331906944214,0.004372726095461392,2357.90907,320781,72,-0.48981848009290924
63640115,20260207,4.3478260869565215,2.41,0.1585456099999995,3.495397948893077,0.1274614,0.009292755616689592,0.55418,8107,72,0.4503725929016916
63645350,20260207,12.57633,2.45,0.7774871499999998,1.7448905747188237,0.10787169229815056,0.003492420653718617,1.35663,2949,72,-0.28779976542088836
63646194,20260207,576.4705882352941,1.72,124.39169135000002,1.3190589999964653,0.28462853673469385,0.005929379633242294,164.07997999999998,15197,72,-0.2331052325601946
63650409,20260207,3.00871,3.45,0.0439259699999998,0.0,0.0,0.09469178082191781,0.0,2765,72,-1.0
63652241,20260207,117.5,8.5,11.386904179999998,5.165096594322971,0.5005485957446808,0.0018191561495220806,58.81446,8317,72,-0.39234157713847395
63653084,20260207,1000.0,1.23,6.040023199999999,0.9943090947067886,0.00600565,0.023910606826220773,6.00565,52051,72,-0.19161862218960274
63654692,20260207,1000.0,1.73,2.86550017,1.028455705867224,0.0029470399999999997,0.003602420051858254,2.94704,2084,72,-0.4055169330247261
63654752,20260207,1000.0,1.4,0.9703912699999997,1.638483412984538,0.0015899699999999998,0.005662706372473384,1.5899699999999999,3670,72,0.17034529498895581
63654992,20260207,500.0,1.34,4.735577859999999,1.0693457376709672,0.010127939999999998,0.04990551461849299,5.063969999999999,83981,72,-0.20198079278286035
63655156,20260207,1000.0,1.26,16.85680374,1.433514939885039,0.024164480000000002,0.05356803296006761,24.16448,202830,72,0.137710269750031
63659280,20260207,31.392510000000005,7.5,1.428892689999999,1.6754722147819245,0.07626245878395833,0.003650277825135433,2.39407,104913,72,-0.7766037046957434
63664633,20260207,12.5,7.5,0.2143855199999996,3.3663187700363406,0.057735199999999993,0.0005883851969306566,0.7216899999999999,2078,72,-0.551157497328488
63670871,20260207,3.5461400000000003,1.3,4.315747939999999,0.4677497453662691,0.569264044848765,0.08361016745933415,2.01869,418402,72,-0.6401925035644084
63681662,20260207,29.743270000000003,6.51,2.485760659999999,1.338310664229436,0.11184782305375299,0.02954201990416513,3.32672,224413,72,-0.7944223250031589
63681685,20260207,52.66818000000001,6.51,7.81831669,3.241294898224441,0.48115332635378694,0.0474564694970277,25.341469999999997,450248,72,-0.5021052383679814
63683340,20260207,85.97987,6.85,0.4298652799999994,10.509874163365803,0.0525452062209445,0.006296836539338135,4.51783,6907,72,0.5342881990315042
63683627,20260207,71.41286,1.1,133.8593769,0.5489452565948707,1.0289669115618671,0.008425832492431886,73.48147,8350,72,-0.5009588576410267
63684378,20260207,64.88098000000002,8.26,6.50553055,9.468754243264604,0.9494195371278298,0.07503691739732349,61.599270000000004,65042,72,0.1463382861095162
63695352,20260207,244.34484,1.0,278.00997194,0.812903107118669,0.9249025680264007,0.007163245406308964,225.99517,56566,72,-0.18709689288133102
63697940,20260207,1000.0,9.0,1.7965915899999985,1.928485037603901,0.0034647,0.02677251749747853,3.4646999999999997,175194,72,-0.7857238847106777
63698176,20260207,35.2112676056338,8.2,0.1558657799999998,4.483344580189449,0.019845920000000003,0.00019187091087833485,0.6988000000000001,1698,72,-0.45325066095250616
63698780,20260207,1000.0,9.0,0.8726999999999979,3.309774263779084,0.0028884399999999995,0.03698392340020489,2.8884399999999997,458486,72,-0.6322473040245462
63698963,20260207,1000.0,9.5,0.1341763499999994,1.7842935807987108,0.00023941,0.0066331991098866165,0.23941,25039,72,-0.81217962307382
63699826,20260207,1000.0,9.0,0.0031029999999999,0.0,0.0,0.00023699865668777586,0.0,1482,72,-1.0
63699827,20260207,1000.0,9.0,0.0366265999999998,0.0,0.0,0.002628414817434356,0.0,8919,72,-1.0
63699925,20260207,1000.0,9.0,0.413970999999999,2.090943568510843,0.0008655900000000001,0.016399634637403352,0.8655900000000001,127476,72,-0.7676729368321286
63704769,20260207,1000.0,7.57,1.558786249999999,3.203665672570568,0.00499383,0.006137902896776826,4.99383,7522,72,-0.576794495036913
63705909,20260207,162.73909999999995,2.0,63.65937559000001,1.6774542478669003,0.6561772186278529,0.003376257401726475,106.78568999999999,9465,72,-0.16127287606654983
63707085,20260207,662.23531,1.5,429.30605014,0.891995814815842,0.5782524643695003,0.049763039742808046,382.9392,179555,72,-0.4053361234561053
63708107,20260207,17.33141,5.0,1.7003743199999994,4.742097022495613,0.4652443165328152,0.015942003514938487,8.06334,18142,72,-0.05158059550087746
63711593,20260207,132.71462,3.93,7.46426473,1.8850912325560027,0.10602313445195412,0.0031473573678683932,14.07082,8992,72,-0.5203330197058518
63716161,20260207,41.27358490566038,3.72,0.9929988299999999,1.2684506385571475,0.030517581714285716,0.0029517095815198274,1.25957,42793,72,-0.6590186455491539
63731046,20260207,22.96911,1.0,27.71091917,0.9539611384893661,1.150899621273963,0.034653465346534656,26.43514,1050,72,-0.046038861510633855
63735016,20260207,23.80952380952381,3.03,2.225991839999999,1.6612100428903647,0.15530928,0.00972081879264545,3.6978400000000002,18663,72,-0.45174586043222287
63736484,20260207,32.25806451612903,8.5,1.3407742899999984,2.678325521889299,0.11132193,0.002973677352097993,3.59103,2282,72,-0.6849028797777296
63741668,20260207,29.41176470588235,4.71,0.34192043999999966,0.0,0.0,0.001961904761904762,0.0,1648,72,-1.0
63751749,20260207,419.55009,1.0,617.8506275100001,0.6493419964900926,0.956253781282707,0.005607804970683884,401.19636,23624,72,-0.3506580035099074
63769539,20260207,9.615384615384617,5.2,0.5843076499999994,3.459958123088072,0.21025471999999995,0.026345407503234154,2.02168,4073,72,-0.33462343786767845
63774452,20260207,7.523130000000001,2.17,0.514190739999999,1.3174099556907644,0.09004230951744818,0.0464321608040201,0.6774,87780,72,-0.3928986379305233
63774454,20260207,44.39334000000001,2.28,15.67621129,1.5965707234353053,0.5637823150950119,0.04470013174441583,25.02818,298579,72,-0.2997496827038134
63775347,20260207,1000.0,3.0,0.1893895099999993,2.7002551514072866,0.0005113999999999999,0.004448751076658053,0.5113999999999999,17561,72,-0.09991494953090448
63781958,20260207,23.102310231023104,9.0,0.8184073199999986,5.7609455399299305,0.20408348571428567,0.0004908365485794458,4.714799999999999,2239,72,-0.3598949400077855
63782676,20260207,1000.0,7.35,2.1781402499999993,13.303652049035872,0.028977219999999998,0.005100649865271834,28.97722,6436,72,0.8100206869436561
63786660,20260207,72.20216606498195,3.82,1.0599790199999997,3.8277550059434207,0.056194159,0.0030885325278191145,4.05734,27811,72,0.0020301062679112104
63786819,20260207,72.20216606498195,3.82,1.0274569299999996,0.0,0.0,0.0014038210183820463,0.0,10096,72,-1.0
63786866,20260207,72.20216606498195,3.82,2.75334863,2.45339436001608,0.0935574425,0.0069606321801609135,6.755050000000001,53379,72,-0.35775016753505756
63788574,20260207,1000.0,7.7,1.7564915299999986,6.797379774441616,0.011939539999999998,0.033110684089162186,11.93954,43077,72,-0.11722340591667327
63789710,20260207,2299.103779999999,7.8,86.36392502000001,5.588769730975342,0.20993749573148898,0.006346203840106959,482.66809,102528,72,-0.28349106013136643
63791228,20260207,6.381039197812215,4.4,2.6715754899999995,1.4288871919542878,0.5982379800000001,0.00455410104315811,3.81738,4453,72,-0.6752529109194801
63795480,20260207,1038.25801,1.7,945.8515169700004,1.008024803992824,0.9183091108538617,0.007716237455110588,953.4417899999999,87881,72,-0.4070442329453977
63796033,20260207,72.20216606498195,3.82,0.016032539999999998,0.0,0.0,0.0001674344572154456,0.0,1094,72,-1.0
63797111,20260207,322.0524500000001,3.93,137.49512894999992,1.9699917522059982,0.8410563869332464,0.01681436871567665,270.86427000000003,316892,72,-0.4987298340442753
63800765,20260207,199.22996,2.25,100.40840010999989,1.4375852004599796,0.7245176880023467,0.047207806100617394,144.34563000000003,308909,72,-0.3610732442400091
63801794,20260207,10.37795,4.66,0.3577827899999998,3.8538186814407727,0.13286149962179428,0.31077507598784193,1.37883,20449,72,-0.17300028295262393
63815076,20260207,72.20216606498195,3.82,5.78055757,1.496078863548106,0.1197771545,0.01988102810223199,8.64817,137529,72,-0.6083563184429042
63817404,20260207,2.752688172043011,1.93,0.1186623199999996,0.0,0.0,0.001464646640829127,0.0,41986,72,-1.0
63818001,20260207,280.7395600000003,5.0,35.34906767,2.420431305253716,0.3047664176719516,0.010312678469446031,85.55999000000001,43338,72,-0.5159137389492569
63818646,20260207,1000.0,7.5,3.0791252999999967,2.1578530760018135,0.0066443,0.052729084825617896,6.644299999999999,814754,72,-0.7122862565330915
63819872,20260207,126.29789,6.79,24.185790499999996,4.716534280738106,0.903206775663473,0.009385234128124103,114.07310999999999,9801,72,-0.3053705035731803
63820079,20260207,68.4931506849315,2.7,26.974521619999997,2.0078888057033137,0.7907628640000001,0.0024855124571718625,54.161840000000005,5876,72,-0.2563374793691431
63820271,20260207,68.4931506849315,2.7,3.1490065699999983,1.4951318440723362,0.06873942799999999,0.0037335108395956103,4.70818,55247,72,-0.44624746515839403
63820716,20260207,371.34914,7.1,35.57215952,4.3508932853228135,0.4167793952612897,0.0017293552036199095,154.77067,6115,72,-0.3871981288277727
63822723,20260207,1000.0,7.57,1.3844797899999994,5.685550671707532,0.00787153,0.01990760702186634,7.87153,6464,72,-0.24893650307694423
63823693,20260207,16.79295,1.89,5.189166969999999,1.4393948090670132,0.4447854605652967,0.010583892111805921,7.46926,14048,72,-0.2384154449380882
63826134,20260207,1000.0,7.35,43.93083675,6.009085861538934,0.26398417,0.026005727648613843,263.98417,306930,72,-0.18243729774980483
63835004,20260207,26.35564,6.0,0.5641522499999997,3.3944560178568834,0.07265959012947514,0.0004980483019183,1.91499,2386,72,-0.4342573303571861
63835646,20260207,8.167650000000002,2.16,3.4143821599999997,0.6635168220302559,0.27737476507930675,0.18476190476190477,2.2655000000000003,1164,72,-0.6928162860971038
63837272,20260207,98.75586,1.18,70.72898577000001,1.0467772044796282,0.74970224551738,0.006857727737973388,74.03749,13400,72,-0.11290067416980658
63837886,20260207,132.86555999999993,2.15,61.89113417000001,1.5391900839680477,0.7169820380842113,0.0007980853846090583,95.26222000000001,9704,72,-0.2840976353636987
63840924,20260207,8.088235294117647,1.74,2.048446409999999,0.3984580685222808,0.10091447272727269,0.000976049982644915,0.8162199999999997,1406,72,-0.7710011100446662
63848165,20260207,36.14132,1.05,31.217929419999997,1.1255720879901971,0.9722398075111811,0.0425540910221338,35.13803,85555,72,0.07197341713352104
63848591,20260207,354.54545454545456,2.7,15.07816122,1.2602451799490706,0.0535958923076923,0.0018034490506684642,19.00218,6421,72,-0.5332425259447887
63862766,20260207,4.545454545454546,2.97,0.00097594,0.0,0.0,0.013483628556092324,0.0,5024,72,-1.0
63864374,20260207,2.05838,6.0,0.0151464699999999,11.000582974118794,0.08094715261516337,0.08643356643356644,0.16662,1236,72,0.8334304956864657
63864918,20260207,11.45841,5.19,0.2422437999999994,0.7143216874900428,0.01510157168402946,0.021441480206540447,0.17304,14949,72,-0.8623657634893945
63865915,20260207,49.263179999999984,8.5,8.131456029999999,4.07247851772495,0.6722095487948608,0.002728072045188106,33.11518,20478,72,-0.5208848802676529
63866696,20260207,4.3478260869565215,2.54,0.8407386899999991,0.36164625657943766,0.06993150000000001,0.49045714285714287,0.30405,8583,72,-0.8576195840238434
63872859,20260207,1000.0,1.02,1.87255238,0.9822208551517261,0.00183926,0.0032792080757492762,1.83926,8381,72,-0.03703837730222935
63873690,20260207,5339.06705,1.0,2656.2347215300006,0.5232151619490466,0.2603043316341195,0.05629827412738952,1389.78228,72743,72,-0.4767848380509534
63877699,20260207,29.96146,9.0,0.3320364199999993,2.186717951000681,0.024233465258368586,0.0008784236859751379,0.72607,1703,72,-0.7570313387777021
63886464,20260207,1.45776,5.0,0.11513623999999979,12.661174274928577,1.0,0.01826602725896012,1.45776,21711,72,1.5322348549857154
63886585,20260207,1.252086811352254,5.0,0.0933090099999999,0.0,0.0,0.0070295692199929954,0.0,28100,72,-1.0
63886628,20260207,2.4251000000000005,5.0,0.7721016299999993,3.034626413105749,0.9661622201146344,0.06573941256830601,2.3430400000000002,76994,72,-0.3930747173788502
63887366,20260207,19.94432,5.05,2.068721169999999,4.993128194265061,0.5179113652408305,0.005743055555555556,10.32939,1654,72,-0.0112617437098888
63887879,20260207,62.70501,4.92,6.102116979999998,3.8811923923490577,0.37769693362619666,0.003711041165216318,23.68349,6013,72,-0.21113975765263054
63890282,20260207,42.79496,8.01,0.0635166,0.0,0.0,0.0031823008849557522,0.0,4495,72,-1.0
63890317,20260207,2.10644,8.01,0.0179027199999998,0.0,0.0,0.0011656567731334086,0.0,1135,72,-1.0
63891398,20260207,62.135140000000014,6.0,30.61322343999998,2.0021648527189546,0.9864421324229735,0.004364369150898285,61.29272000000001,6389,72,-0.6663058578801743
63893095,20260207,68.18181818181819,3.3,2.794432129999999,2.135432074351365,0.08752069333333333,0.00829064039408867,5.96732,3366,72,-0.3528993714086773
63893625,20260207,4.926108374384237,8.0,0.5488183999999994,2.9332289150655333,0.32679143,0.002368029476369305,1.60981,3342,72,-0.6333463856168083
63893649,20260207,36.47676,4.76,2.2019377899999992,3.5351589110971218,0.2134016288727398,0.0005691215098745014,7.7842,1170,72,-0.2573195564922013
63893761,20260207,1000.0,8.0,0.3891586299999991,3.910487607585635,0.0015217999999999998,0.008974937641050005,1.5217999999999998,7556,72,-0.5111890490517956
63894784,20260207,164.65190000000004,1.76,86.79048194,1.8498518087616,0.9750845875449963,0.040493441599000625,160.54953,6483,72,0.05105216406909093
63895426,20260207,2.45433,6.5,1.2508153499999992,1.7856352658288062,0.9100243243573601,0.009365162644281217,2.2335,1785,72,-0.7252868821801837
63909258,20260207,1000.0,8.49,0.0785548699999998,6.25409984129566,0.00049129,0.0007925282496733031,0.49129,1031,72,-0.2633569091524547
63920345,20260207,23.28086,2.28,12.20284938,1.6407045089660854,0.859988419671782,0.09462262548000136,20.02127,278446,72,-0.2803927592254011
63921353,20260207,1000.0,1.02,1.6859938299999995,0.3282692914718438,0.0005534600000000001,0.0044616639477977164,0.5534600000000001,2735,72,-0.678167361302114
63924789,20260207,7.319470000000001,2.53,4.274365819999999,1.5365250136685777,0.8972876451437056,0.19766355140186917,6.56767,2115,72,-0.3926778602100483
63924884,20260207,6.451612903225806,2.04,0.0624872099999997,0.30022143731493356,0.0029078,0.008091543832428239,0.01876,2086,72,-0.8528326287671893
63929252,20260207,5.68214,4.3,4.09207596,1.3836791045296237,0.9964766795608696,0.0019593872461702885,5.66212,1100,72,-0.6782141617372968
63930481,20260207,154.00257,5.0,2.6122427199999994,3.2410196553251387,0.05497525138703855,0.0011808180062148315,8.466330000000001,2812,72,-0.3517960689349723
63931270,20260207,17.857142857142858,1.05,9.997431630000001,0.7097622932181032,0.3973648,0.002013535288430551,7.0958000000000006,9372,72,-0.32403591122085407
63932875,20260207,77.90089,1.0,57.15022754,0.5269629062967681,0.3865944278685391,0.008738470693246058,30.11605,2937,72,-0.4730370937032319
63935338,20260207,45.15721,1.18,43.847514660000016,0.807353855161468,0.7839381573839481,0.004228281640452742,35.400459999999995,5753,72,-0.3158018176597729
63937480,20260207,27.785550000000004,6.0,15.92798474,1.7353620342556908,0.9947911774285553,0.00724571200638213,27.640819999999998,3633,72,-0.7107729942907182
63937984,20260207,500.0,1.36,79.24994016,1.2026851983429938,0.19062545999999997,0.004116707502403623,95.31272999999999,26547,72,-0.1156726482772105
63940373,20260207,12.25487,2.1,9.113452929999998,1.344701080274302,1.0,0.0036067255445671512,12.25487,22502,72,-0.3596661522503324
63942050,20260207,5.754020000000001,2.0,6.880595539999999,0.8362677280693642,0.9999999999999999,0.4581024096385542,5.75402,91254,72,-0.5818661359653179
63942675,20260207,7.03731,2.08,2.40745589,1.3539936551028562,0.46319971693729567,0.28405537459283386,3.25968,17441,72,-0.3490415119697807
63942969,20260207,2.16213,4.82,0.041122969999999995,0.0,0.0,0.007320166987797046,0.0,4559,72,-1.0
63942976,20260207,0.7507507507507507,4.82,0.09498938999999951,0.6256488224632278,0.07916076,0.04691312384473198,0.05943,5076,72,-0.8701973397379195
63949306,20260207,37.5,7.5,0.0449652199999997,2.641597216693275,0.0031674666666666666,0.0014147482059127148,0.11878,11375,72,-0.64778703777423
63950119,20260207,1127.6450100000006,1.49,1214.6769155400002,0.9169166761557043,0.9876845196166828,0.009557064884984826,1113.75752,164069,72,-0.38461968043241324
63950199,20260207,1000.0,1.86,1.0834072399999997,0.5502547684654573,0.0005961499999999999,0.0457847533632287,0.59615,1021,72,-0.7041641029755606
63952722,20260207,1000.0,6.0,1.3205693899999993,3.1496035206449866,0.0041592700000000005,0.0033642089662838087,4.15927,1816,72,-0.4750660798925022
63953184,20260207,10.20408163265306,8.1,0.3724572899999989,0.9627949556310229,0.0351428,0.017681651855723995,0.3586,33825,72,-0.8811364252307379
63953504,20260207,24.7436,9.2,9.367659570000002,2.004393932090766,0.7588418823453337,0.43598939929328623,18.77648,74031,72,-0.7821310943379602
63957756,20260207,1000.0,9.68,0.47714719999999844,2.629062897152082,0.0012544499999999998,0.013725169871331502,1.2544499999999998,94937,72,-0.728402593269413
63959710,20260207,6.746300000000001,9.0,1.0116520099999995,5.871090000602088,0.8804085202259017,0.012660691119235758,5.939500000000001,53675,72,-0.347656666599768
63965582,20260207,1000.0,2.13,0.6573798499999994,1.6206611748139235,0.0010653899999999998,0.0005254010695187166,1.0653899999999998,1179,72,-0.23912620900754764
63966360,20260207,1000.0,5.63,29.11323841,1.621798967708862,0.04721581999999999,0.08134152839092708,47.215819999999994,213733,72,-0.7119362401938079
63974967,20260207,16.666666666666668,7.15,0.1509424199999995,11.898510703618015,0.10775939999999999,0.006478545800688291,1.79599,35391,72,0.6641273711353867
63985726,20260207,4994.14603,1.0,6089.890448690001,0.7498611984033832,0.914385066549606,0.11837833860643072,4566.572550000001,160888,72,-0.25013880159661683
63987649,20260207,5.076142131979696,2.07,1.5329025399999994,0.7985439178670813,0.24114572999999992,0.03132705700283724,1.22409,48582,72,-0.6142299913685596
63987864,20260207,138.91400000000002,3.0,7.335207660000001,3.962146860338511,0.2092169975668399,0.08056962025316455,29.06317,1273,72,0.32071562011283694
63993604,20260207,23.71317,4.5,6.438650769999999,3.4845048755455337,0.9461202361388207,0.007909047221589903,22.43551,31270,72,-0.22566558321210362
63993812,20260207,82.3529411764706,2.06,7.230964519999999,1.849822380265254,0.1624228571428571,0.0027773171944951085,13.375999999999998,1675,72,-0.10202797074502234
63996813,20260207,2738.002499999999,2.3,826.7561539400001,1.3900978354052935,0.41974831651906824,0.010018807255960686,1149.2719399999999,49542,72,-0.39560963678030714
63997228,20260207,3.88989,3.37,0.707181539999999,5.500553648501636,1.0000000000000002,0.055792410714285715,3.8898900000000003,29994,72,0.6322117651340167
64002649,20260207,59.33854,2.0,24.471188329999997,1.5503991669046997,0.6393839484422772,0.003844816687737042,37.940110000000004,2433,72,-0.22480041654765015
64003921,20260207,896.7005099999998,2.57,225.29017244999997,1.9243652543087217,0.483484257190843,0.002557818400435869,433.54058,27229,72,-0.2512197454051666
64004784,20260207,16.216216216216218,1.18,1.51071968,1.5725749994863374,0.1465027333333333,0.006019845644983462,2.37572,1092,72,0.33269067753079445
64005031,20260207,1000.0,8.49,1.23163432,6.591412619940631,0.008118209999999997,0.011165393013100437,8.118209999999998,12273,72,-0.2236263109610564
64005575,20260207,1000.0,6.38,2.129111579999998,2.8943386799859523,0.0061623699999999995,0.0924024250251112,6.162369999999999,515162,72,-0.5463418996887222
64007547,20260207,41.66666666666666,6.5,0.0681534699999993,0.0,0.0,0.01602579604997985,0.0,3976,72,-1.0
64009920,20260207,650.6762800000001,2.3,108.41929587999999,1.5695649802812575,0.2615296349822372,0.02348435225618632,170.17113,12907,72,-0.31758044335597496
64020441,20260207,193.69960000000003,2.61,10.769538549999998,1.0929456211473425,0.06076687819696064,0.0030585493737256045,11.77052,1050,72,-0.5812468884492941
64020537,20260207,40000.0,1.56,1525.4624940200001,1.2181481926199602,0.0464559845,0.04100310027121309,1858.23938,845119,72,-0.219135773961564
64020651,20260207,1000.0,7.0,3.29447241,6.385538375171883,0.02103698,0.06013803880713635,21.03698,46180,72,-0.0877802321183024
64021638,20260207,380.56766,3.0,151.39981512,1.5370415731059843,0.6114755257974364,0.012248371410221122,232.70781,53398,72,-0.4876528089646719
64021769,20260207,502.20883,2.57,116.80017328000002,1.7394896282640169,0.40455817951269396,0.0017058503894222061,203.17269,9418,72,-0.3231557866676977
64024543,20260207,33.333333333333336,3.62,12.361320649999998,1.168799063553133,0.43343699999999996,0.009005174944002471,14.4479,11659,72,-0.6771273305101843
64024748,20260207,106.53732000000002,2.5,57.40553908,1.522462664764858,0.8203490570252749,0.008261077844311378,87.39778999999999,6898,72,-0.3910149340940568
64029718,20260207,1000.0,2.75,337.58636083,2.0149579157392052,0.68022231,0.033443795016495,680.22231,1576390,72,-0.267288030640289
64040144,20260207,500.0,1.6,21.039017819999998,0.6015523209438491,0.02531214,0.012216681776971895,12.65607,2695,72,-0.6240297994100943
64048419,20260207,793.6428571428571,2.67,3.1898601900000005,1.0692443545621348,0.004297575375753758,0.01645305514157973,3.4107399999999997,2208,72,-0.5995339496021966
64070901,20260207,16.666666666666668,7.15,0.18408316999999957,2.875548047113711,0.0317604,0.014451697127937337,0.52934,22140,72,-0.5978254479561245
64073560,20260207,62.5,1.39,27.034988699999996,0.7600576507731258,0.3287704,0.0009770827185993903,20.54815,4967,72,-0.4531959346955929
64073567,20260207,1000.0,5.38,0.0058745699999998,6.220029721324497,3.6540000000000006e-05,0.00218760833254546,0.03654,13883,72,0.1561393534060404
64074041,20260207,1000.0,5.38,0.0044572,0.0,0.0,0.0008910758294633427,0.0,5315,72,-1.0
64075202,20260207,16.138539999999995,8.3,0.23027221999999897,3.809968914183413,0.05436241444393361,6.995128898095254e-05,0.87733,1729,72,-0.5409676007007936
64082498,20260207,130.62899000000007,2.5,71.42236495999998,1.823401816404933,0.9969584086962621,0.005292381012631534,130.23167,25097,72,-0.2706392734380268
64094719,20260207,72.20216606498195,3.4,0.29324328,0.0,0.0,0.00128044537230341,0.0,11408,72,-1.0
64101541,20260207,72.20216606498195,3.4,3.3380556999999995,3.9490653196709693,0.18257347,0.006359533416097662,13.1822,49177,72,0.1614897999032263
64101770,20260207,72.20216606498195,3.4,4.905490569999999,1.4534876580141916,0.0987514695,0.0052632194513391635,7.13007,40501,72,-0.572503629995826
64102891,20260207,1000.0,1.19,4.1478693699999996,0.9946311303434324,0.0041256,0.014104849279161205,4.1256,5381,72,-0.16417552071980465
64104600,20260207,1000.0,3.32,1.9686378299999996,1.252144992052703,0.00246502,0.04687224873731523,2.46502,101155,72,-0.6228478939600292
64105048,20260207,11.616680000000002,2.37,4.914132839999999,0.9571739619476793,0.4049074262181621,0.09910565158283162,4.70368,204118,72,-0.5961291299798821
64105743,20260207,250.0,2.0,10.7845097,1.5314947512171093,0.06606568,0.01706070287539936,16.51642,1068,72,-0.23425262439144534
64107218,20260207,2941.176470588235,1.0,3.578357160000001,0.6744827003238546,0.0008206035999999999,0.0591458153580673,2.41354,6855,72,-0.3255172996761454
64111322,20260207,23.80952380952381,8.81,0.11075783999999969,3.904915444360429,0.018165,0.02015455950540958,0.43250000000000005,1304,72,-0.5567632866787255
64112353,20260207,13.764770000000002,3.15,1.3811626599999993,3.1148177724410835,0.31254209115008813,0.007314507198228129,4.30207,1321,72,-0.011168961129814739
64114440,20260207,609.6625099999999,1.0,111.51835625000001,2.586153882625937,0.4730545593167604,0.005964137490688518,288.40362999999996,11209,72,1.5861538826259372
64114731,20260207,814.7297199999998,1.0,1020.60950375,0.7809207410586979,0.9782570961078972,0.018622926649465535,797.01513,25262,72,-0.2190792589413021
64115407,20260207,17.81497,1.0,39.86770361,0.44141092680306493,0.987823162205718,0.00822535636171657,17.598039999999997,10906,72,-0.5585890731969351
64115681,20260207,6.819940000000001,1.8,8.570856709999997,0.7909804386404218,0.9940527336017618,0.03970374617737003,6.779380000000001,20773,72,-0.5605664229775434
64116760,20260207,1000.0,9.0,0.1684579899999996,4.504149669600128,0.00075876,0.016324244321739626,0.75876,143384,72,-0.49953892559998575
64117240,20260207,46.206500000000005,3.0,17.648889509999997,2.516745882217266,0.9612883468776037,0.03323025021085184,44.41777,11820,72,-0.16108470592757795
64117651,20260207,1000.0,1.0,151.93433550000003,0.48836360626331227,0.0741992,0.02246615109892892,74.1992,1331088,72,-0.5116363937366877
64117807,20260207,1000.0,1.0,2.9893909799999987,0.5779136993314942,0.0017276099999999999,0.001591807061352214,1.7276099999999999,30216,72,-0.42208630066850583
64119370,20260207,1000.0,9.0,0.0704013999999996,3.5968034726582347,0.00025322,0.00498904966025869,0.25322,26653,72,-0.6003551697046405
64119946,20260207,1000.0,9.0,0.0419825599999997,0.0,0.0,0.002513611863525678,0.0,18374,72,-1.0
64120353,20260207,1000.0,9.0,2.8814119499999995,4.086940779155165,0.01177616,0.034720953755806305,11.77616,353560,72,-0.5458954689827595
64120867,20260207,1000.0,9.0,1.4720825399999993,6.463190576256685,0.00951435,0.02192281606644952,9.51435,261822,72,-0.28186771374925723
64121070,20260207,1000.0,9.0,0.1155681899999996,2.601927052764269,0.00030070000000000004,0.004484903217011995,0.3007,52642,72,-0.7108969941373035
64121508,20260207,41.66666666666666,2.76,9.175178890000002,1.8963717447475288,0.41758920000000005,0.0016637323943661973,17.399549999999998,2646,72,-0.31290878813495326
64123385,20260207,1000.0,9.0,0.022308909999999498,8.713558842633027,0.00019439000000000001,0.004005309440849511,0.19439,33796,72,-0.03182679526299697
64124603,20260207,80.0,2.98,17.45758461,1.727849566469894,0.37705099999999997,0.009110728628800918,30.16408,3176,72,-0.4201847092382906
64125620,20260207,1000.0,7.5,6.036810639999998,1.7993938600664807,0.010862599999999998,0.07749747485115993,10.862599999999999,1887451,72,-0.7600808186578026
64126534,20260207,333.3333333333333,6.0,10.337520489999998,1.4352861514860227,0.04451190000000001,0.004599198111866238,14.8373,16174,72,-0.7607856414189963
64136664,20260207,185.32,8.0,74.34889722,2.302170528414463,0.9236123462119576,0.01282678338508893,171.16384,235029,72,-0.7122286839481922
64142416,20260207,111.11111111111111,3.54,0.2609288899999992,0.30912636772417285,0.0007259399999999999,0.10256952169076752,0.08066,9221,72,-0.9126761673095557
64142620,20260207,10.989010989010987,2.07,1.1625168399999988,2.319630913905731,0.24539151,0.015620995404828166,2.6966099999999997,24136,72,0.12059464439890404
64142626,20260207,161.11706,1.78,76.34240495000002,1.212263486598479,0.5744091283691496,0.022102899142507147,92.54710999999999,10826,72,-0.3189530974165849
64143069,20260207,111.11111111111111,3.21,0.0741430599999993,0.710248538433678,0.00047393999999999995,0.05717641843971631,0.05266,12899,72,-0.7787387730736205
64144354,20260207,1000.0,9.5,1.822783599999998,7.64773723002556,0.013940170000000002,0.0033328178162697186,13.940170000000002,2155,72,-0.19497502841836215
64150026,20260207,34.930139720558884,9.0,0.8520002499999999,5.433308264874336,0.13252681028571428,0.00021615158204562178,4.62918,4230,72,-0.39629908168062933
64157057,20260207,319.6986600000001,3.0,9.951795829999998,20.23582612023905,0.6299144638266546,0.09315364658402998,201.38281,32315,72,5.745275373413016
64162199,20260207,209.54995,1.0,7.434174840000001,13.057420909406536,0.4632363310036581,0.037026728517782194,97.07115,16762,72,12.057420909406536
64162266,20260207,1000.0,2.09,74.27437595999999,0.8667137107239858,0.06437462,0.14983276683387878,64.37462,2371583,72,-0.5853044446296719
64163843,20260207,118.75,1.9,14.027698139999998,0.6696565542149597,0.07910517894736842,0.01556637168141593,9.39374,1759,72,-0.6475491819921264
64164423,20260207,1000.0,1.03,3.5592245899999986,0.901227196792322,0.00320767,0.004614355514192647,3.2076700000000002,7933,72,-0.1250221390365806
64165844,20260207,1000.0,4.75,46.44669738,2.7559875560736797,0.12800651999999998,0.006478899862955437,128.00652,13710,72,-0.4197920934581727
64168025,20260207,1000.0,3.32,4.545049579999997,1.339050299204878,0.006086050000000001,0.04426579798624083,6.086050000000001,97159,72,-0.5966715966250367
64168581,20260207,760.80663,1.0,160.28754673999998,4.7084945483893925,0.9919906192194984,0.11919402985074627,754.7130399999999,3993,72,3.7084945483893925
64169222,20260207,159.72876999999997,1.0,167.88089781000002,0.9001820455537151,0.9461249216406039,0.0013296604416941607,151.12337000000002,8423,72,-0.09981795444628494
64169699,20260207,8.33142,3.52,0.0316775799999998,0.44384703629507327,0.0016875874700831312,0.010257781172426962,0.01406,5372,72,-0.873907091961627
64169776,20260207,2.2580645161290325,3.34,0.1861151899999996,0.12830763571742881,0.010575428571428569,0.9768582375478927,0.02388,25496,72,-0.9615845402043626
64170247,20260207,4.545454545454546,2.5,0.048011749999999805,0.0,0.0,0.34698275862068967,0.0,4025,72,-1.0
64170856,20260207,81.9672131147541,8.64,0.8303172599999996,3.7580093180286305,0.038068147999999996,0.04203133159268929,3.1203399999999997,16098,72,-0.5650452178207603
64170903,20260207,348.6739,8.64,6.852928969999999,7.300951201891708,0.14349482424695395,0.002764192916889126,50.0329,7766,72,-0.15498249978105236
64171740,20260207,164.78868999999997,1.0,266.06601492,0.6179224732983423,0.9976908609444012,0.015017207840790064,164.40817,10036,72,-0.38207752670165773
64172255,20260207,102.14761,1.0,17.230847659999995,8.564760881879913,1.444753235048769,0.0030282466989804448,147.57809,9059,72,7.564760881879913
64172392,20260207,129.05163000000002,1.0,40.188840209999995,2.6813473451066776,0.8350164968857811,0.005158240854911632,107.76023999999998,1255,72,1.6813473451066776
64175878,20260207,1000.0,8.0,1.2714167699999979,2.969553406158081,0.003775539999999999,0.04790181753385602,3.775539999999999,53765,72,-0.6288058242302399
64177389,20260207,7.387790000000001,3.93,4.293720529999998,0.8169255487152075,0.4747901605216174,0.005196279030522918,3.50765,24634,72,-0.7921309036348073
64178983,20260207,4.433497536945813,3.12,2.1055268100000006,0.5951052221462807,0.2826233666666667,0.17050968399592253,1.2530100000000002,66908,72,-0.809261146747987
64184353,20260207,0.8375209380234506,3.05,0.0757191399999994,0.5608885679367244,0.05070918,0.872,0.04247,3052,72,-0.816102108873205
64188787,20260207,125.0,1.2,5.286193009999999,1.1586466836177822,0.04899864,0.004547437295528899,6.12483,1668,72,-0.03446109698518145
64190160,20260207,111.11111111111111,2.0,24.95588943,1.1133123537003906,0.2500533,0.008793357157872609,27.783699999999996,4183,72,-0.4433438231498047
64190436,20260207,111.11111111111111,2.0,74.29364426,0.9990722724576709,0.6680224799999999,0.010572762468685949,74.22471999999999,9285,72,-0.5004638637711645
64190638,20260207,105.33542000000004,1.76,53.76335006000001,1.9592421209326698,0.9999999999999996,0.0603807257584771,105.33542,10150,72,0.11320575052992603
64193332,20260207,61.98347107438016,6.9,3.1744756999999995,4.3376296753508,0.22215116000000001,0.01029788838612368,13.7697,2731,72,-0.3713580180651015
64193931,20260207,720.20164,1.8,843.9225962099988,0.7151252409999752,0.8379741401310891,0.005119781749978686,603.5103500000001,54048,72,-0.6027081994444582
64196611,20260207,500.0,1.2,8.82136257,1.7005377435699256,0.030002119999999997,0.016978927830549186,15.001059999999999,31102,72,0.41711478630827137
64198178,20260207,1000.0,8.0,0.1262313699999998,5.840465804973845,0.0007372500000000001,0.010855457227138644,0.7372500000000001,1104,72,-0.2699417743782694
64210201,20260207,72.20216606498195,3.4,0.9287681399999996,4.886838603227714,0.06286154899999999,0.0002135972554998911,4.53874,1569,72,0.437305471537563
64210247,20260207,72.20216606498195,3.4,10.805448110000002,1.5694453230778593,0.23487605599999997,0.015569399114313187,16.95856,114966,72,-0.5383984343888649
64213358,20260207,1000.0,1.03,0.4438352199999998,0.49869859359065755,0.00022134,0.031101141924959216,0.22133999999999998,3813,72,-0.5158266081644101
64213628,20260207,4.545454545454546,2.5,0.00124408,0.0,0.0,0.2429655172413793,0.0,3523,72,-1.0
64215562,20260207,250.0,1.0,0.1290475899999997,0.7006717444316488,0.00036168,0.009409332545776727,0.09042,3186,72,-0.2993282555683512
64218012,20260207,833.3333333333334,5.0,4.91152224,4.351946088306829,0.025649615999999997,0.0484767492394611,21.374679999999998,22309,72,-0.12961078233863416
64218299,20260207,833.3333333333334,5.0,4.2027202599999995,4.71227414027314,0.023765244,0.0408229587712207,19.804370000000002,25249,72,-0.05754517194537208
64218859,20260207,833.3333333333334,5.0,3.2512190699999994,3.7780197936646585,0.014739803999999999,0.02911086717892426,12.28317,7956,72,-0.24439604126706832
64221144,20260207,50.0,2.7,5.916374259999998,1.839430624525772,0.2176552,0.002312607137291569,10.88276,1484,72,-0.31872939832378816
64223277,20260207,320.82551,6.0,74.70335081,4.2342341617915435,0.985929953014023,0.00046424751437107133,316.31147999999996,8811,72,-0.2942943063680761
64223652,20260207,62.5,2.3,6.484282639999999,1.1662091891787125,0.12099248,0.002448359659781288,7.56203,1612,72,-0.492952526444038
64224268,20260207,84.22965000000002,3.0,7.046226269999998,3.588884181546445,0.3002278888728612,0.011300448430493274,25.288090000000004,1008,72,0.19629472718214838
64225909,20260207,140.0,2.18,60.84526391,1.1273534798281395,0.489958,0.006342934293429343,68.59412,7047,72,-0.48286537622562414
64226179,20260207,1000.0,9.0,0.5494174299999994,2.266236802862263,0.00124511,0.013889525647986166,1.24511,138148,72,-0.7481959107930819
64227028,20260207,1000.0,8.0,0.0792921999999998,11.766731153884017,0.0009330099999999999,0.003682845498332716,0.9330099999999999,1988,72,0.4708413942355021
64228972,20260207,841.6133500000001,1.0,183.48983352,4.193353850943098,0.9142414387794585,0.011038643820634342,769.4378,30279,72,3.1933538509430983
64229089,20260207,1000.0,3.94,10.034370079999999,4.687016686153558,0.047031260000000005,0.0248616535105941,47.03126,29921,72,0.1895981436937964
64229552,20260207,41.66666666666666,1.4,7.185961429999999,0.5687116525477927,0.09808175999999999,0.02213046080191502,4.086739999999999,3698,72,-0.5937773910372909
64229916,20260207,1000.0,9.5,2.2696690199999994,2.840193853463269,0.0064463,0.04074009668556325,6.4463,351420,72,-0.7010322259512348
64238938,20260207,41.66666666666666,1.51,3.0426265499999996,0.6378469286676015,0.04657752000000002,0.029676172063798936,1.9407300000000003,12280,72,-0.5775848154519195
64239841,20260207,41.66666666666666,1.29,12.535405400000002,0.41321758927716845,0.12431640000000004,0.0015077433055368519,5.17985,2911,72,-0.67967628738204
64240263,20260207,41.66666666666666,1.29,18.52793197,0.7015828869108266,0.31197312000000005,0.017579354494531876,12.99888,13181,72,-0.4561372969683515
64242045,20260207,25.0,1.67,5.946180449999998,0.9144222994443435,0.2174928,0.010450057031122699,5.43732,32066,72,-0.45244173685967454
64249042,20260207,833.3333333333334,4.88,0.3276775799999993,3.3559512982243156,0.0013196039999999996,0.024519804666304938,1.0996699999999997,4519,72,-0.3123050618392796
64251345,20260207,169.62831999999997,1.76,95.44074008000001,1.6484152351304773,0.9274746693240846,0.06575564971751413,157.32596999999998,9311,72,-0.0634004345849561
64255540,20260207,1000.0,2.0,73.34858521999999,1.3878901644069095,0.10179977999999999,0.028558703226783822,101.79978,188516,72,-0.30605491779654526
64255680,20260207,606.9564399999999,1.48,329.98200748000005,0.9332794607556459,0.5073929687606576,0.022702315518652788,307.96542999999997,77651,72,-0.3694057697596987
64255726,20260207,1206.6908999999998,2.0,945.9149886999992,1.240916249369504,0.9727439562194429,0.046620131863438594,1173.80128,1746530,72,-0.37954187531524797
64255761,20260207,3419.8565500000004,2.0,2706.637810390003,1.2560370238492091,0.9940876906079581,0.07816762363659209,3399.6372999999994,3919395,72,-0.37198148807539544
64255796,20260207,1000.0,2.0,198.59441599,1.4178653946351583,0.28158015000000014,0.03837529452981706,281.5801500000001,558633,72,-0.29106730268242087
64259714,20260207,314.20998000000014,2.7,23.736493330000002,2.7676670301156063,0.2090790050653387,0.016973894512519978,65.69471,6372,72,0.025061863005780054
64265671,20260207,363.78365,3.0,3.2387437199999987,20.569083496362605,0.1831252998863473,0.013788504287075261,66.61799,4342,72,5.856361165454202
64265818,20260207,103.28789000000005,3.0,8.711936509999997,11.81935266422184,0.99691696674218,0.023955149831315737,102.96945,12071,72,2.93978422140728
64267444,20260207,72.20216606498195,3.4,0.0052856199999999996,0.0,0.0,0.00017793225086891112,0.0,1372,72,-1.0
64269101,20260207,1000.0,2.08,48.0407577,0.7118522195997753,0.03419792,0.1394695345023338,34.197919999999996,1547805,72,-0.6577633559616466
64272249,20260207,8.23428,6.0,0.8628780999999992,4.745583414389592,0.4972942382333367,0.006648841354723708,4.09486,2611,72,-0.20906943093506802
64273883,20260207,38.46153846153846,1.32,24.234725759999996,0.6362085609175056,0.40087684,0.03642265193370166,15.418339999999999,2637,72,-0.5180238174867382
64273959,20260207,3.27383,2.5,0.2697672899999996,0.05805003267816503,0.004783388263898859,0.017209302325581394,0.01566,4144,72,-0.9767799869287339
64274214,20260207,79.67623999999999,1.6,40.99543987,0.9381767855635404,0.48271567533809334,0.009967385850476669,38.46097,3973,72,-0.41363950902278723
64274224,20260207,20.75117,2.6,11.859701890000004,1.5895610340674418,0.9084654021917801,0.0851236559139785,18.85172,47499,72,-0.38863037151252244
64274496,20260207,1.4749262536873156,4.87,0.6346609699999999,0.19281160459575766,0.08296686,0.06405695862439549,0.12236999999999999,11921,72,-0.9604082947441976
64277365,20260207,1000.0,8.4,0.3410022699999993,2.546053432430235,0.0008682099999999999,0.012219224283305227,0.8682099999999999,3623,72,-0.6968984009011626
64278016,20260207,1000.0,8.39,0.0772066999999996,2.689921988635715,0.00020768,0.016954261954261956,0.20768,1631,72,-0.6793895126775071
64278103,20260207,34.95034,1.0,8.63609402,0.4151228543479891,0.1025752539174154,0.004391463821273758,3.58504,1317,72,-0.5848771456520109
64278221,20260207,131.12874,1.0,29.110290070000005,3.399350187237759,0.7546482182319452,0.03133798004646713,98.95607,22930,72,2.399350187237759
64278923,20260207,285.51958,1.0,41.16057128000001,4.540073040502268,0.6544980207662114,0.006094602789569436,186.87199999999999,14070,72,3.540073040502268
64279071,20260207,908.5176,1.0,363.02720205,2.3590500248024044,0.94263372553267,0.03479684657368102,856.3993300000001,34428,72,1.3590500248024044
64279494,20260207,2330.69918,1.0,45.67883813999999,10.02593867638158,0.1964960703337099,0.0148943715104874,457.97322999999994,19741,72,9.02593867638158
64279763,20260207,367.6441400000002,3.0,100.87297744000001,3.445501152245952,0.945365156643051,0.0223610615256456,347.55796,18790,72,0.148500384081984
64280314,20260207,148.10778000000005,1.0,8.279366869999999,2.70656686095129,0.1512996818938208,0.004259509036957108,22.40866,1579,72,1.7065668609512898
64280330,20260207,818.6775700000001,1.0,26.509144259999996,3.460084908829117,0.11203909006570192,0.002494794624266515,91.72389,1318,72,2.460084908829117
64281525,20260207,22.689660000000003,3.15,3.3950834399999987,1.4608683667580202,0.21859164042123144,0.05252293577981652,4.959769999999999,3435,72,-0.5362322645212634
64282626,20260207,24.252223120452708,2.1,11.260596589999999,1.0874530405320206,0.5049174230000001,0.0002377585811319144,12.245370000000001,4456,72,-0.48216521879427593
64285951,20260207,64.51612903225806,9.5,0.2308861099999996,2.757593343315459,0.009868694999999997,0.018027020731423246,0.6366899999999998,7739,72,-0.7097270164931095
64287339,20260207,31.51393999999999,9.5,3.4181501899999986,8.02072421516388,0.8699654819422773,0.00018701072774717308,27.416040000000002,1032,72,-0.15571324050906535
64287886,20260207,31.746031746031747,2.66,18.354473369999997,1.2150552919950108,0.7025035499999999,0.0076055109870945235,22.301699999999997,4361,72,-0.5432122962424771
64287936,20260207,83.33333333333333,2.1,10.671996870000001,0.578496234135421,0.07408452,0.000713469760762427,6.17371,2186,72,-0.7245256027926567
64288096,20260207,63.048920000000045,2.59,30.43196622,0.9891733508897146,0.4774465605437806,0.004192389067617309,30.10249,14465,72,-0.6180797873012684
64293134,20260207,37.5,7.5,0.42062227999999935,2.63264703904891,0.029529333333333328,0.010632365056055016,1.1073499999999998,59369,72,-0.6489803947934786
64298582,20260207,300.0,1.65,53.73150039,0.9656210904852419,0.17294756666666666,0.010524984187223276,51.88427,6656,72,-0.4147750966756109
64301193,20260207,1000.0,3.42,9.928241279999998,1.860995263805676,0.01847641,0.030119674234687196,18.476409999999998,115018,72,-0.4558493380685158
64302336,20260207,336.33232000000004,1.51,504.9833824899996,0.6660265103013773,1.0,0.010646111065674327,336.33232000000004,26034,72,-0.5589228408600151
64312289,20260207,16.666666666666668,7.15,0.03751136,0.0,0.0,0.006325254104769351,0.0,2427,72,-1.0
64312520,20260207,500.0,1.87,14.819218549999997,0.8621905370307129,0.02555398,0.0003892529046203729,12.77699,2305,72,-0.5389355416948061
64313400,20260207,500.0,1.05,21.488906529999998,0.4705595413095223,0.020223619999999998,0.0035810064678971445,10.111809999999998,2270,72,-0.5518480558956931
64315646,20260207,1000.0,8.39,5.908616819999999,2.321692270442408,0.01371799,0.0016883198393271826,13.717989999999999,5380,72,-0.7232786328435746
64319351,20260207,6.45712,1.3,3.6792115499999998,1.5482773748087413,0.8821951582129495,0.005968712394705174,5.69644,2480,72,0.19098259600672401
64321572,20260207,4933.305690000001,1.0,4041.43899848,0.7567647541260137,0.6199531880214785,0.10128640090472152,3058.41859,107475,72,-0.24323524587398626
64322287,20260207,72.20216606498195,3.4,22.97907131,1.7013389911448082,0.5414683815,0.0036958201440642057,39.09519,29656,72,-0.4996061790750564
64324670,20260207,1000.0,8.39,4.789910639999999,2.115461176954233,0.01013287,0.0012384052473139334,10.13287,5060,72,-0.7478592160960391
64329429,20260207,29.27974,2.6,9.278404769999998,2.9739972208606296,0.9424246936618974,0.1421510724277277,27.593950000000003,45730,72,0.14384508494639595
64329848,20260207,3.886010362694301,2.17,0.1599893299999996,2.891755343934506,0.11905526666666666,0.03297569153394803,0.46265,7868,72,0.3326061492785743
64331689,20260207,16.34884,2.54,5.623942929999998,1.6838079827385455,0.5792239694070039,0.38245594087549745,9.469640000000002,67274,72,-0.3370834713627774
64333572,20260207,45.45454545454545,1.87,1.1935525299999994,1.2449473003086013,0.03269002,0.092767376802238,1.48591,43109,72,-0.33425278058363567
64333955,20260207,1000.0,3.52,5.891019679999999,2.1134218991439533,0.012450210000000001,0.01920642326684552,12.450210000000002,49397,72,-0.3995960513795587
64334757,20260207,1000.0,9.5,0.01185847,0.0,0.0,0.0010162025004184984,0.0,11534,72,-1.0
64335100,20260207,1000.0,9.0,0.10060932999999989,4.072584520739781,0.00040974,0.0017954371627999918,0.40974,26057,72,-0.547490608806691
64335156,20260207,294.11764705882354,2.39,4.105828419999999,0.6907448899191946,0.009642672,0.0027916865535644554,2.83608,6434,72,-0.71098540170745
64335303,20260207,1000.0,5.55,0.0630221699999996,0.2705397164204296,1.7049999999999998e-05,0.03489878542510121,0.01705,4310,72,-0.9512541051494721
64337049,20260207,377.0536200000001,1.68,643.2280633900001,0.5572734313096401,0.950670915187076,0.01457971596326592,358.45391000000006,29053,72,-0.6682896242204522
64337926,20260207,182.01762,1.0,58.044686819999995,2.293833204973437,0.7314941817171328,0.00877097043284827,133.14483,9463,72,1.2938332049734371
64339571,20260207,192.88928000000004,1.0,22.06659899,8.037718004499794,0.9195176631899914,0.025937414965986394,177.36509999999998,28596,72,7.037718004499794
64340578,20260207,170.38144000000003,1.0,62.611087510000004,2.638711873094568,0.9696632450107241,0.016979822879576372,165.21262000000002,18598,72,1.638711873094568
64340747,20260207,166.66666666666666,3.51,123.33174859,0.5481618542906285,0.40563456000000003,0.12690245796490943,67.60576,8121770,72,-0.8438285315411315
64340988,20260207,299.78013000000004,3.51,103.91702236,0.8185853296037418,0.28375779942453155,0.1213,85.06495000000001,66715,72,-0.7667848063807003
64341120,20260207,465.08062,1.0,6.480922269999999,71.76148711933249,0.9999999999999999,0.009272596326971552,465.08061999999995,2575,72,70.76148711933249
64343041,20260207,1000.0,8.01,0.38945017999999954,10.776628733359438,0.00419696,0.01154949381327334,4.19696,8214,72,0.3453968456129136
64343632,20260207,1016.6666666666666,1.8,36.63088083999999,0.6298278793996921,0.02269293442622951,0.005900589721988206,23.071150000000003,3502,72,-0.6500956225557266
64344108,20260207,51.07379,1.26,53.05406530999997,0.9595707643237722,0.9967760371807143,0.009559010152284265,50.90913,9039,72,-0.23843590133033954
64348023,20260207,83.33333333333333,2.0,3.6624313799999992,1.3603504019780435,0.05978628,0.053611670020120725,4.982189999999999,5329,72,-0.31982479901097827
64349849,20260207,82.42704000000005,2.5,55.3961432,1.3588158967716728,0.9132095487111992,0.013948253557567918,75.27316,5391,72,-0.4564736412913309
64350561,20260207,1000.0,1.0,150.19925780000005,0.5822726508838978,0.08745692,0.0637802366610736,87.45692,2474552,72,-0.4177273491161022
64354510,20260207,1000.0,4.75,0.7790191499999997,0.8858447189648679,0.00069009,0.0030544565976262507,0.69009,2625,72,-0.8135063749547647
64355555,20260207,26.31578947368421,3.26,1.0140940999999992,1.1852055938398622,0.04567258,0.028817204301075268,1.2019099999999998,1608,72,-0.6364400018896127
64356924,20260207,289.6551724137931,1.4,93.63447074000001,0.6825761868988377,0.22065085000000004,0.006604618830617131,63.91266,8551,72,-0.5124455807865445
64364407,20260207,62.5,2.0,4.538046429999998,0.8006550959858737,0.058134559999999995,0.002587965854674162,3.6334099999999996,1243,72,-0.5996724520070631
64365263,20260207,41.66666666666666,2.8,7.127283669999999,0.5786566370803649,0.09898200000000003,0.032438356164383564,4.12425,2368,72,-0.7933369153284411
