ad_id,period,budget_real,target_CPA_real,conversion_real,conversion_model,CPA_real,CPA_model,spend_real,spend_model,total_win_real,total_win_model,win_rate_real,win_rate_model,budget_used_real,budget_used_model,CPA_violation_real,CPA_violation_model
39801836,20260207,10.45719,1.15,3.74633019,4.840326794256917,1.0395319692843197,2.160430037887941,3.89443,10.457189559936529,1189,26,0.020152542372881357,0.0416296296296296,0.37241649047210573,0.9999999088020524,-0.09605915714406978,0.8786348545026837
40094971,20260207,12.32876712328767,1.53,5.453421629999999,2.2261668849259078,1.5977326880555174,5.53811188558462,8.71311,12.32876682281494,1266,15,0.00809462915601023,0.1342592592592592,0.7067300333333334,0.9999999226464208,0.0442697307552401,2.619681038656552
43248022,20260207,6.674759999999999,1.18,7.7514149399999965,3.0183156886672213,0.7036341161217725,2.21141800324288,5.45416,6.674759864807128,1234,10,0.0017424456368257553,0.0037383177570093,0.8171320017498758,0.9999998571223234,-0.4036999015917182,0.8740831369003833
46398308,20260207,19.791010000000004,1.49,24.211410569999995,0.0,0.5822147354547961,0.0,14.09624,0.0,17809,0,0.028636436726161764,0.0,0.7122547055455986,0.0,-0.6092518553994657,-1.0
48623756,20260207,146.44096,1.33,36.671605389999996,0.0,0.8267388263363945,0.0,30.317839999999997,0.0,3881,0,0.010991220617388841,0.0,0.20703114756964172,0.0,-0.3783918598974478,-1.0
49311445,20260207,431.8523599999999,1.8,279.38898144000007,143.55318320812972,1.1955223798678374,3.008309138799125,334.01577999999995,431.8523559570309,25292,188,0.001249592395332062,0.0043518518518518,0.7734490092864145,0.9999999999999992,-0.3358209000734237,0.67128289916228
49847522,20260207,937.1593,1.84,756.1369726700001,415.7893907889615,1.1993375443575636,2.2539278785483745,906.86346,937.159301757813,43366,181,0.005254064794397732,0.0261736209857855,0.9676726891575423,1.0000000000000004,-0.34818611719697634,0.2249607813374441
49902302,20260207,13.933519999999998,5.21,2.9056562999999986,0.7415046615277298,2.7783705870511954,18.790848189035128,8.07299,13.933520317077637,89933,3,0.013377313024335098,0.0003095975232198,0.5793934339635642,0.999999931555398,-0.46672349576752487,2.606688685499208
49990380,20260207,24.52830188679245,1.48,8.081450539999999,6.302496532013548,0.6440873422706117,3.891838293378477,5.205159999999999,24.52830123901367,2063,41,0.0027495668399306946,0.0294907908992416,0.21221036923076925,0.9999999222388672,-0.5648058498171542,1.6296204346097616
50103278,20260207,969.91004,1.21,753.3561821700011,395.0749548384052,0.6609873148789418,2.455002575704656,497.95888,969.9100341796878,38515,350,0.008279768686716683,0.0712131524196053,0.513407284659101,1.0000000000000004,-0.45372949183558525,1.0289276845514106
50250900,20260207,29.41176470588235,1.1,1.5846344299999995,4.636435758099999,1.1556040720382432,1.826943931716906,1.83121,8.470509999999999,5488,11,0.020882800608828005,0.0052498704201977,0.062261140000000006,0.2879973268165285,0.05054915639840284,0.6608580837445124
51225207,20260207,105.26315789473684,2.7,4.752202259999999,18.039617102962023,3.2378546110114437,5.83511026146849,15.38694,105.26316070556643,73031,50,0.024762986572629864,0.0052892991930246,0.14617593,1.0000000000000004,0.1992054114857198,1.1611519105247172
51225953,20260207,54.45402,1.07,16.520339259999997,19.24296655820153,0.5183937124545469,2.829814127636909,8.56404,54.45402145385741,1187,10,0.0007935552881401257,0.0336700336700336,0.1572710334333443,0.9999999999999998,-0.5155198949022927,1.6446859709510366
51316356,20260207,1083.6785099999995,6.0,160.74719046,135.0267065926007,3.742855152107397,8.025660153593634,601.65345,1083.6784667968743,22279,139,0.005450919945194754,0.0091579223403557,0.5551955164267309,0.9999999999999996,-0.37619080798210053,0.337610025598939
51711872,20260207,117.17214,1.34,105.96849434999996,43.71424971503758,0.566520930284408,2.6804106238175023,60.033370000000005,117.17214202880857,45749,183,0.02908206725573708,0.1668420139781078,0.5123519123231854,0.9999999999999998,-0.5772231863549194,1.0003063858582637
51815043,20260207,131.59317,7.1,23.005162579999997,7.061142380081961,4.60826780212218,18.63624105654235,106.01395,131.59317016601565,898324,38,0.04486819103559192,0.0050473459967377,0.8056189390376416,1.0000000000000002,-0.3509481968842,1.6248227192767537
51865028,20260207,10.87915,6.1,1.495436169999999,0.997179198979453,4.134726793454517,10.909914177757518,6.1832199999999995,10.879150390624996,2826,33,0.00098258057786586,0.0052083333333333,0.5683550645041202,0.9999999123392728,-0.3221759354992595,0.7885105489054386
51867779,20260207,240.31079,6.1,60.62360383999997,28.79053834732695,3.105365865362584,8.346866591019127,188.25847,240.31079101562497,9295,62,0.005096781268849043,0.0222800249395994,0.7833958267125666,1.0,-0.4909236286290845,0.3683388068055876
51981983,20260207,9.803921568627452,7.0,1.8845103699999983,0.8163186950969872,1.7240287194599002,12.00990464692772,3.24895,9.803921699523926,3036,13,0.028914285714285715,0.0255102040816326,0.33139289999999993,0.9999999027252304,-0.7537101829342999,0.715700663846817
52099940,20260207,736.6481200000002,5.0,182.11165715999994,93.59903855430542,2.6855808553227716,7.870253111911714,489.07558,736.6481323242199,527210,922,0.017040194963024256,0.0116303904345147,0.6639202174302703,1.0000000000000016,-0.46288382893544566,0.574050622382343
52158782,20260207,402.12405,1.34,294.7058680499997,155.64824042916027,0.8504043766019618,2.5835438310306613,250.61916000000002,402.124053955078,131160,376,0.02709133721650762,0.0537491526190331,0.6232384260528561,0.9999999999999996,-0.36536986820749123,0.9280177363254676
52697878,20260207,256.73525,1.7,146.14289968,54.826764379740624,1.186323867800787,4.682662897064388,173.37281000000002,256.7352600097657,17489,136,0.025940373776327498,0.0565255928433191,0.6752980356222996,1.0000000000000002,-0.30216243070541937,1.7545075092466085
52880899,20260207,73.77049180327869,8.0,2.412286369999999,6.195202307867543,4.581989160764526,11.907679036138614,11.05307,73.77049255371094,6712,64,0.007554305008441193,0.0960156802262065,0.14983050444444446,1.0,-0.4272513549044342,0.4884598795173267
52881127,20260207,73.77049180327869,8.1,4.142867119999997,6.026429643123627,3.102274253005732,12.241158477097173,12.85231,73.77049255371094,4748,166,0.002931950104977152,0.0379832238392798,0.1742202022222222,1.0,-0.6170031786412677,0.5112540618024071
52896858,20260207,237.28813559322035,6.1,3.673954739999999,6.920476558721256,2.1277970343205705,34.28782619413804,7.817430000000001,237.2881317138672,19393,38,0.023086904761904763,0.0292908789924987,0.03294488357142857,1.0,-0.6511808140458081,4.620955201671165
53225658,20260207,121.21212121212122,5.1,4.512303389999997,13.552944511773134,4.225841738004238,8.943599747439274,19.06828,121.21212005615244,2791,338,0.0030085156839495526,0.0390704626677233,0.15731331,1.0000000000000009,-0.17140358078348267,0.7536470420941349
53375682,20260207,125.0,2.2,2.064560029999999,4.862059105130097,0.611452310253241,25.709266709415814,1.26238,124.99999999999996,5055,146,0.0009694122159363314,0.0144370413792604,0.01009904,0.9999999999999998,-0.7220671317030724,10.686030069173857
53566239,20260207,136.80566000000002,1.01,212.6730757199995,79.35839304422704,0.582330553976907,1.7238965796895689,123.84603000000001,136.80566406250003,43985,74,0.016136547068750458,0.0372500523450586,0.9052697819666233,1.0000000000000002,-0.42343509507236926,0.7068283128387642
53572696,20260207,22.93577981651376,1.09,42.93508533,6.514051620279375,0.11696890693008435,3.520969342515003,5.02207,22.935779571533203,18731,8,0.007998548125373645,0.0203788748564867,0.218962252,0.9999999168396057,-0.8926890762109319,2.230247004306309
53577684,20260207,121.21212121212122,5.0,14.218412060000002,10.20062366315578,4.192357047218675,11.88281346082318,59.60866000000001,121.2121200561524,16730,153,0.006814386379373549,0.0100988478606033,0.49177144500000003,1.0000000000000009,-0.16152859055626506,1.376562692164636
53730651,20260207,61.29961,2.47,50.53852638000001,11.960895838745309,1.183268177436716,5.125001157051177,59.80063,61.29961013793945,180208,32,0.06955152450791201,0.012012012012012,0.9755466633474503,1.0,-0.5209440577179288,1.074899229833131
53763548,20260207,488.9979699999999,2.04,373.1346906,140.5088106244658,1.2708799582195698,3.4801942288800904,474.2094000000001,488.9979553222657,31128,162,0.006987205387205387,0.0140634852252922,0.9697574000153828,1.0000000000000002,-0.3770196283237403,0.7059775950774368
53841870,20260207,200.65753,1.98,20.968288079999997,68.29611919061689,1.1407717172111649,2.938051695736726,23.920029999999997,200.65753173828125,1423,55,0.0010842730874733313,0.0114583333333333,0.11920823504605083,1.0,-0.42385266807516925,0.4838644785021504
53849804,20260207,55.55555555555556,2.48,0.252236679999999,3.7933928078204455,2.2162121702521707,14.645344002102672,0.55901,55.55555725097658,1420,36,0.005107913669064748,0.1985087045570916,0.01006218,1.0000000000000002,-0.10636606038218925,4.905380600591321
53854143,20260207,571.02984,1.09,366.8150784600001,325.7163234048395,0.7371172721011375,1.7531508352699616,270.38573,571.0298461914061,23132,130,0.012759666832147389,0.014367816091954,0.47350543011902846,0.9999999999999998,-0.32374562192556194,0.6083952124623665
53919091,20260207,88.28998999999999,2.0,52.92278080999999,8.968254319803897,0.7699551946503245,9.844723431453714,40.74817,88.28999328613284,252269,51,0.03235420861602391,0.0207406976317041,0.4615264992101597,1.0000000000000002,-0.6150224026748378,3.922361715726857
54113091,20260207,148.7603305785124,4.6,7.872438679999999,10.52764609137613,3.7364266900837904,14.130444239725174,29.41479,148.7603302001953,115122,59,0.031389775051124745,0.0016326029563084,0.197732755,1.0,-0.1877333282426542,2.071835767973535
54547571,20260207,31.747280000000007,6.5,5.582730409999998,2.9930489511729657,2.2236090744707844,10.606999762368805,12.413809999999998,31.74728012084961,1179,11,0.0020264695771742866,0.0140388519748984,0.3910196401077508,0.999999939920884,-0.6579062962352639,0.6318461172875082
54801379,20260207,897.71512,5.26,164.4773952400001,0.0,3.0362670157275753,0.0,499.39729000000005,0.0,46647,0,0.03595698758960919,0.0,0.5562981828801102,0.0,-0.42276292476662064,-1.0
54805715,20260207,112.67605633802818,5.1,1.7525278699999993,8.339865219521545,1.720651666441117,13.510535174348076,3.01549,112.67605590820314,24745,37,0.02838380362468456,0.0310891855252315,0.026762473749999998,1.0000000000000002,-0.6626173203056633,1.6491245935271146
54852798,20260207,100.0,5.0,32.09324778,11.395943256584331,2.5229902113696268,8.775051698083038,80.97095,99.99999999999996,32972,155,0.006027787934186472,0.0141262560492362,0.8097095,0.9999999999999996,-0.49540195772607465,0.7550103396166076
54858966,20260207,83.33333333333333,1.76,0.2659736899999991,8.98103261325335,0.4945225973290834,9.2788134935259,0.13153,83.33333587646484,2289,74,0.01026457399103139,0.3489232538313606,0.0015783600000000002,1.0,-0.7190212515175662,4.272053149888703
55104462,20260207,55.912310000000005,6.5,8.178498529999999,5.316592981789834,3.226703520603311,10.516566009265231,26.38959,55.91231155395508,36516,17,0.010754867022059906,0.0036363636363636,0.4719817514246862,1.0,-0.5035840737533368,0.6179332321946512
55113470,20260207,420.4162162162162,3.33,34.42696216,40.12648933000175,2.352422488618438,10.477273885419034,80.98676,420.41622924804665,17313,284,0.001576675439634996,0.0079431729904187,0.1926347197757692,0.9999999999999994,-0.2935668202347033,2.146328566205662
55199224,20260207,78.07889,6.5,6.828174149999999,8.276729645138367,6.8187481715005775,9.433542214559743,46.5596,78.0788879394531,41439,21,0.009419024889191954,0.0034584980237154,0.5963148297830566,0.9999999999999996,0.04903818023085808,0.4513141868553454
55242717,20260207,498.5705128205128,3.59,22.04998385,72.0588005831994,2.2690588047754967,6.918940020774492,50.03271000000001,498.57052612304665,5102,208,0.0036784426820475847,0.0349228357484166,0.10035232472324725,0.9999999999999996,-0.36795019365585047,0.9272813889120838
55272899,20260207,18.072289156626507,2.35,6.395341979999998,4.637054373894288,1.2834419215843096,3.897363101361056,8.20805,18.072288513183597,4658,32,0.007769808173477898,0.0503086419753086,0.4541787666666666,0.9999998944600496,-0.4538545014534853,0.6584524508610241
55273179,20260207,148.7603305785124,4.1,10.458111869999998,19.45415732435388,2.030104502984247,7.646711192535543,21.23106,148.7603302001953,12559,340,0.003642507033266626,0.0238638186818608,0.14271990333333334,1.0,-0.5048525602477446,0.8650515537562731
55397530,20260207,472.23607,4.1,128.75972898999999,71.00641811018349,2.5972748826302112,6.650611168711205,334.42441,472.236083984375,20374,118,0.005869101803307023,0.0265008329982191,0.7081721012967096,1.0,-0.3665183213097045,0.6221003227821332
55642709,20260207,64.70373000000001,5.6,4.8911279799999985,7.104198175349994,2.948667476903764,9.107814424273975,14.42231,64.70372772216795,4270,120,0.006827630316597378,0.0973959201631993,0.22289765984124868,0.9999999999999998,-0.47345223626718497,0.6263954606034167
55644105,20260207,390.48067,1.47,288.6824965200002,79.71454806716056,1.0924418134168066,4.89848700071127,315.36883,390.4806823730468,48655,193,0.011736823061150646,0.1486327961572253,0.8076426164706182,0.9999999999999996,-0.25684230379809075,2.33230401726074
55659771,20260207,110.68761999999998,1.52,65.45479549000001,29.34739641517808,1.1798455624507824,3.771633324223372,77.22655,110.6876220703125,14522,59,0.024638615541228367,0.1670385395537525,0.6976981707620059,1.0,-0.22378581417711682,1.4813377444415354
55774064,20260207,28.10267,9.1,2.3739160499999987,1.5427767228303673,5.885098590575689,18.21563161930984,13.97073,28.10267066955566,90164,13,0.029310187894155126,0.0031460316414698,0.49713176719507435,0.9999999321292796,-0.3532858691675067,1.001717676452213
55775102,20260207,530.4762099999999,3.15,118.12668964,88.2102962061152,2.353077707054248,6.0137672481653,277.96128,530.4761962890627,21812,255,0.004552988081073747,0.0384499565047165,0.5239844403201418,1.0000000000000004,-0.25299120410976256,0.9091324019353164
55968571,20260207,246.66494000000003,4.1,98.12811453,37.923786978822605,2.34502487999654,6.504227574721921,230.11287000000002,246.66494750976568,15626,69,0.002897244780657841,0.0069346733668341,0.93289654378932,1.0000000000000002,-0.4280427121959658,0.5863970063445193
56069198,20260207,355.11819,6.0,32.74950241,38.43812385918228,2.545594707251004,9.23869714979725,83.36695999999999,355.1181945800781,6120,57,0.0018228933964793137,0.0140354860937108,0.23475834904429982,1.0,-0.575734215458166,0.5397828582995418
56094571,20260207,305.08474576271186,6.1,0.9921379099999985,23.61158562228297,2.440678836675038,12.920976137475458,2.42149,305.084747314453,1618,280,0.007816425120772947,0.53002551122652,0.007937106111111111,0.9999999999999996,-0.5998887152991741,1.118192842538044
56096389,20260207,23.9461,3.1,14.66979494,5.003801963276548,1.54519746817947,4.785580169868473,22.66773,23.946100234985348,2687,15,0.00853829043533524,0.0310314685314685,0.9466146888219793,0.9999999203482628,-0.5015492038130742,0.5437355861582486
56107853,20260207,1000.0,2.71,7.084875049999999,204.1384717922544,2.0602141741370588,4.898635648252693,14.59636,999.9999999999998,2537,649,0.0008503720587249447,0.0566565813621577,0.014596360000000001,0.9999999999999998,-0.23977336747710007,0.8076146049068885
56227729,20260207,125.0,1.4,142.70105870999998,47.09850965469253,0.6140845820778705,2.654011735454869,87.63052,125.00000000000016,330480,307,0.015198256118760519,0.0148740679084881,0.70104416,1.000000000000001,-0.5613681556586638,0.8957227004660145
56235388,20260207,53.333333333333336,4.5,1.4775688199999997,0.0,1.2219261638182108,0.0,1.80548,0.0,1042,0,0.05954285714285714,0.0,0.03385275,0.0,-0.728460852484842,-1.0
56718065,20260207,49.68944099378882,8.1,2.8348115399999987,4.259996786310124,3.167385158873738,11.664194249252793,8.978940000000001,49.689441680908175,2607,84,0.0030881307746979387,0.0127725219547539,0.18070116750000004,0.9999999999999994,-0.608964795200773,0.4400239135712672
56771422,20260207,642.4210000000002,1.81,106.68609073999998,223.3486901423554,1.2758754122102722,2.876314238610665,136.11816,642.4210205078125,13297,249,0.0032126117419666585,0.019929554884949,0.21188311091947484,1.0,-0.29509645734239104,0.5891239389729647
56864799,20260207,6.76347,5.22,1.48259931,0.7976382310926388,3.4828560658105254,8.47935997784011,5.163679999999999,6.76347017288208,3353,22,0.011482876712328767,0.0372670807453416,0.7634660906309926,0.9999998589963204,-0.33278619428917133,0.6243985284774874
56938464,20260207,749.1658900000002,1.65,690.0003460000001,222.4926143901305,1.080412037938311,3.367149477033469,745.4846799999999,749.1658935546867,40046,244,0.006792177614952764,0.237984902462329,0.995086255195094,0.9999999999999988,-0.34520482549193265,1.04069668223483
56963719,20260207,31.25,7.0,2.4867073999999993,0.8666204692531776,1.7048045137920131,36.0595728454894,4.23935,31.250000000000007,77818,60,0.030130483602431563,0.0362500986624408,0.1356592,0.9999999389648476,-0.7564564980297125,4.151367549355628
57222417,20260207,5.555555555555555,1.52,0.3850852599999995,0.1136557897880656,0.0,48.8801008192058,0.0,5.55555534362793,4585,1,0.07616279069767441,1.0,0.0,0.9999998211860656,-1.0,31.15796146879621
57240198,20260207,36.39775,4.14,14.118849459999996,1.3856805682724556,1.2265425769331777,26.26703832098284,17.31737,36.39775085449219,8359,18,0.003749607500112143,0.0121690524880708,0.4757813326373196,1.0,-0.7037336770692807,5.344695451229728
57326971,20260207,40.0,4.1,0.9091355399999992,2.7851245183709605,11.27634939890262,14.362009803923051,10.251729999999998,40.00000000000001,8459,17,0.0029473867595818815,0.087851929092805,0.25629325,1.0000000000000002,1.750329121683566,2.502929301948396
57339315,20260207,166.66666666666666,6.0,0.7559882799999987,12.337457728115004,5.09047574123769,13.508995282239468,3.8483400000000003,166.66667175292972,4267,177,0.010458333333333333,0.2780143204193837,0.023090040000000003,1.0000000000000002,-0.15158737646038492,1.251499213706578
57424010,20260207,5.589919999999999,7.1,0.9023937399999991,0.2656016421054157,6.194546518019957,21.0461763468705,5.58992,5.589920043945312,43574,4,0.01645357399086206,0.037037037037037,1.0000000000000002,0.9999998293939544,-0.1275286594338089,1.964250229515976
57429522,20260207,6.862745098039215,6.0,4.830433759999999,0.8045288362923416,1.3065203485990875,8.530131482333822,6.31106,6.86274528503418,1224,3,0.0012989493791786056,0.0050167224080267,0.9196116000000001,0.9999998610360512,-0.7822466085668188,0.4216885803889703
57521810,20260207,626.15678,4.5,311.66268919000015,61.25825839302591,2.0498868557555228,10.221589799002553,638.8732500000002,626.1567993164058,840623,437,0.04613256575878476,0.0068001140575738,1.0203087635655725,0.9999999999999992,-0.5444695876098838,1.2714643997783446
57574306,20260207,21.73913043478261,1.94,0.1508106599999999,2.221367258703927,1.378284532406397,9.78636925010599,0.20786,21.7391300201416,8010,22,0.1273449920508744,0.2669726107226107,0.009561559999999998,0.9999999122619688,-0.28954405546062006,4.044520083224864
57575512,20260207,5.524861878453039,1.87,3.953474889999998,0.7872889018255451,0.8566438624832146,7.017569766588724,3.38672,5.52486181259155,18413,23,0.0026078150891554663,0.0073015873015873,0.6129963199999999,0.999999827384976,-0.5419016778164628,2.7527110955585044
57579039,20260207,69.34497,5.0,24.49807011,8.559457321094945,2.8512694953667923,8.101560648087164,69.8506,69.34497070312501,3000,12,0.006489292667099286,0.016,1.0072915166017087,1.0000000000000002,-0.42974610092664156,0.6203121296174328
57611618,20260207,143.08837,5.6,37.39685122999999,19.558135891959,3.830063368680039,7.316052875480657,143.23231,143.08836364746097,37627,327,0.01273807508717289,0.0818725671824509,1.0010059517765142,1.0000000000000002,-0.3160601127357073,0.3064380357271958
57655917,20260207,1468.0747299999998,8.5,19.981865049999996,95.94276604229198,3.354199912385056,15.301567301932389,67.02317,1468.0747070312514,159610,1611,0.011986332231901473,0.0226298678622329,0.045653786302826696,1.0000000000000009,-0.6053882456017581,0.800184388462634
57664872,20260207,118.42105263157896,6.1,0.385075829999999,5.029855500567795,0.773509986331785,23.543624159461142,0.29786,118.42105102539064,29746,56,0.020181830517674196,0.0937107463690912,0.0025152622222222223,1.0000000000000002,-0.8731950842079041,2.859610578285622
57724669,20260207,420.4162162162162,3.33,20.021833800000003,56.934075799512456,1.8702108095613095,7.384263570804868,37.445049999999995,420.4162292480464,13280,993,0.006686807653575025,0.0634282813157875,0.08906661673759594,0.9999999999999988,-0.43837513226387104,1.2174966186145446
57813819,20260207,1.3888888888888888,2.63,0.7436829199999995,0.4395858019963584,0.3781853696465157,3.159532610168056,0.28125,1.3888888359069824,25133,1,0.04126251846987358,0.0010460251046025,0.2025,0.9999992847442628,-0.8562032815032259,0.201343145507697
57813830,20260207,1.3888888888888888,2.63,0.5706688599999996,0.3926838330965178,1.2017477175817872,3.5369047104643543,0.6858,1.3888888359069824,16591,3,0.029307542836954602,0.0034722222222222,0.493776,0.9999993133549376,-0.5430617043415258,0.3448306298709895
57847622,20260207,168.90041,1.57,10.618402929999998,54.58811809015051,0.9005704589513067,3.094087297729668,9.562619999999999,168.90040588378906,1758,123,0.0006158696794534945,0.0321401515151515,0.05661691407380242,1.0,-0.4263882427061741,0.9707561747512056
57855436,20260207,247.62652,1.18,72.07211233,132.1650821913199,1.227383063159903,1.8736153294016864,88.46009000000001,247.6265258789061,49160,51,0.08080210387902696,0.020310633213859,0.35723189099455105,0.9999999999999994,0.04015513827110427,0.587809671767473
57863659,20260207,66.66666666666667,5.0,9.79001151,9.628946803090624,1.3871485223616453,6.923566882576414,13.5802,66.66666412353516,1997,9,0.002747660979636764,0.0052941176470588,0.20370299999999997,1.0,-0.7225702955276709,0.3847133765152827
57922732,20260207,90.9090909090909,6.8,5.4587086299999985,3.854729791321085,6.808914437332774,23.583770970322277,37.16788,90.9090881347656,45552,48,0.34640304182509507,0.0910462359294395,0.40884667999999996,0.9999999999999996,0.0013109466665844568,2.468201516002255
57950075,20260207,3.5460992907801416,3.69,1.4694264899999996,0.9481591197812008,0.6567936583203969,3.739979262956037,0.9651099999999999,3.5460991859436035,1541,5,0.011215429403202328,0.0050658561296859,0.27216102,0.9999997310639072,-0.8220071386665592,0.0135444999893105
57950895,20260207,56.60377358490566,2.13,18.751780509999996,14.734779915307143,0.7874580225661997,3.841507746179757,14.76624,56.60377502441405,9230,38,0.013494152046783626,0.0444117647058823,0.26087024,0.9999999999999998,-0.6303013978562443,0.803524666564666
57951243,20260207,373.1092299999999,2.23,167.37513349,114.44688029316342,1.463428496770306,3.260108254556673,244.94154,373.1092224121097,46360,189,0.02010058966354492,0.0301761721319176,0.6564874849115903,1.0000000000000009,-0.34375403732273274,0.4619319402118986
57999311,20260207,1210.1338899999996,2.2,396.0926555,408.95382936064425,1.352627377863612,2.959096654176415,535.76577,1210.1339111328116,29254,410,0.00438768317009884,0.0087315784990203,0.44273263845209737,0.9999999999999992,-0.38516937369835824,0.3450439045635107
58085427,20260207,79.19066,1.9,23.327134010000005,25.386207075713365,1.3871228238380577,3.1194362834005336,32.357600000000005,79.19065856933591,5678,55,0.014334763948497854,0.0338660166124954,0.40860374190592685,0.9999999999999996,-0.2699353558747064,0.6418085908127898
58112502,20260207,101.010101010101,2.4,28.534833840000005,22.218947999392963,1.327708800143481,4.546124180811568,37.88595,101.01010131835936,11011,70,0.014779865771812081,0.0427043217800599,0.37507090500000007,0.9999999999999996,-0.4467879999402163,0.8942183334020128
58114863,20260207,203.00614,2.08,69.89706244000001,57.17449147519128,1.434260131977014,3.5506416453331875,100.25057000000001,203.0061340332031,39102,145,0.006518412322669912,0.0094401041666666,0.49383023587365393,1.0,-0.31045185962643557,0.7070393151778613
58134130,20260207,8.695652173913043,2.0,4.70832877,2.1407573271846108,1.4064332215271367,4.061949402524389,6.62195,8.69565200805664,305049,6,0.07139323160456844,0.0034423407917383,0.76152425,0.9999998903274636,-0.29678338923643166,1.0309747012621946
58240026,20260207,50.0,2.23,29.819801929999997,13.92159715439142,1.1137411334240879,3.5915416782970464,33.21154,50.00000000000002,26610,155,0.007303617500137235,0.0306971617525489,0.6642308,1.0000000000000004,-0.5005645141596019,0.6105567926359253
58283047,20260207,420.4162162162162,3.33,11.93555118,42.50435305610658,2.88911081524096,9.891133239975591,34.48313,420.4162292480471,5696,307,0.004605805773429288,0.0407715081301242,0.0820214079997943,1.0000000000000004,-0.13239915458229426,1.970310350328014
58492787,20260207,23.529411764705884,2.9,9.26852865,5.601384456821801,1.434778971093756,4.200641340842206,13.29829,23.529411315917965,1815,10,0.003260869565217391,0.0445070422535211,0.565177325,0.999999918937688,-0.5052486306573255,0.4484969664492312
58511427,20260207,758.94134,2.46,105.6421092,180.85943590868123,1.6723872832330766,4.196304921584186,176.67452,758.9413452148438,12621,184,0.003926271581894541,0.0300296827308112,0.23279074506601527,1.0,-0.3201677710434648,0.7058149823221581
58588021,20260207,11.049723756906078,1.2,0.6890549199999997,6.238497923850654,0.47925062344812824,1.7712151208263365,0.33022999999999997,11.049723625183104,1261,12,0.04945098039215686,0.5166666666666667,0.029885814999999996,0.9999999136924808,-0.6006244804598931,0.4760125420371447
58685108,20260207,72.20216606498195,4.15,2.4162877099999993,16.78732222173364,0.893610471577493,4.300993240114231,2.15922,72.20216369628903,62729,31,0.004396943889531419,0.00620372223334,0.029905196999999998,0.9999999999999996,-0.7846721755234957,0.0363838894643279
58706858,20260207,4537.1946,1.35,4585.603338600001,1778.375164066919,0.8081044011825379,2.551314769427753,3705.64624,4537.194824218749,334790,1386,0.007567705637295346,0.0215217391304347,0.8167263180644709,0.9999999999999998,-0.4014041472721942,0.8898627587925287
58729786,20260207,38.08811,4.36,24.699788530000014,5.542446499127397,1.8660062592851672,6.872074455091905,46.089960000000005,38.0881118774414,9219,21,0.007764022233451238,0.011705685618729,1.2100878725670559,0.9999999999999998,-0.5720169130079892,0.5761638175805807
58732112,20260207,510.68414,1.1,412.9147775900001,323.433326437503,0.6438584774119708,1.578947188629117,265.85868,510.684143066406,23329,212,0.006674964234620887,0.0218940411029639,0.5205931791811667,0.9999999999999996,-0.41467411144366295,0.435406504005781
58772389,20260207,376.45701,2.05,336.02838544,105.52097050665904,1.1243684949569894,3.5676036275752567,377.81973,376.4570007324221,33151,117,0.004024058653589377,0.01828125,1.0036198555580091,1.0000000000000009,-0.45152756343561484,0.7402944929555926
58803527,20260207,159.76764999999995,7.1,11.840051959999998,14.64709434567254,3.329771704819444,10.907804629410595,39.42467,159.76765441894534,1901,38,0.005489460005775339,0.0205140586277537,0.2467625329658414,1.0000000000000002,-0.5310180697437402,0.5363105318203644
58886517,20260207,125.0,7.74,1.4361195099999997,2.336989799021296,2.9673435743519705,53.48758756446476,4.26146,125.00000000000004,10806,77,0.0023351701782820095,0.0072371914090943,0.03409168,1.0000000000000002,-0.6166222772155078,5.91054123335428
58958928,20260207,51.95611,9.9,0.371641709999999,3.1919151720647254,11.182867498914508,16.277403694989065,4.15602,51.95610809326171,2488,46,0.002318732525629077,0.0440836986487097,0.07999097699962525,1.0,0.12958257564793005,0.6441822547671535
58963446,20260207,1893.68373,9.9,161.07246772000005,233.49536381024348,9.923410081346454,8.110155494346822,1598.3881499999998,1893.683715820312,695806,722,0.06913262061839281,0.0132328472061574,0.8440628837213486,0.9999999999999996,0.0023646546814599274,-0.1807923427424502
59027737,20260207,156.4159300000001,8.2,0.7732744199999991,10.253920307787991,5.620229879064154,15.254254384950825,4.345979999999999,156.41592407226565,5752,21,0.0014127471447869335,0.0187165775401069,0.027784765912269912,1.0000000000000002,-0.31460611230924945,0.8602749682646483
59090324,20260207,15.0,2.14,6.879392809999999,3.772346464673314,0.825138229023442,3.976303916982632,5.676449999999999,15.0,1312,13,0.007908378541289934,0.0192152704135737,0.37842999999999993,0.9999999364217164,-0.6144213883068028,0.8580858514306864
59168672,20260207,114.30078,2.51,41.728572589999985,26.33760759583198,1.6602583242112292,4.339831417651507,69.28021000000001,114.30078125000004,9493,67,0.005189700415482178,0.0847837695955975,0.606121935475856,1.0000000000000002,-0.33854250031425126,0.7290165076257744
59191554,20260207,38.46153846153846,2.13,19.65786732,9.761676019697962,1.1910707107163443,3.940054577154819,23.41391,38.46154022216797,5187,19,0.007145612343297975,0.0175925925925925,0.6087616600000001,1.0,-0.44081187290312474,0.849790781907542
59250609,20260207,59.70149253731344,6.1,4.1823460699999995,3.740184230132156,3.2753626244037726,15.962175303136211,13.698700000000002,59.70149230957033,21619,10,0.01802334305960817,0.0030424927685201,0.229453225,1.0000000000000002,-0.46305530747479134,1.6167500906047454
59252315,20260207,40.94131000000001,1.5,4.90639966,3.110848122444014,0.9706445316360552,13.160815350119949,4.762370000000001,40.941310882568345,4727,109,0.004943009515842309,0.0371798112571621,0.11632187636399519,0.9999999999999996,-0.35290364557596315,7.773876900079965
59262247,20260207,107.01659,1.61,75.86964482,18.80371546664821,0.6698374576626889,5.691246541263487,50.82033,107.01658630371092,987523,89,0.02368569633126103,0.0170658654479113,0.47488272612685567,1.0,-0.5839518896505038,2.5349357085067243
59265523,20260207,41.27358490566038,3.61,2.889063029999999,5.594233183313661,4.352888763385685,7.377879602592105,12.575769999999999,41.27358627319337,25608,14,0.003269913425441173,0.0500279017857142,0.3046929417142857,1.0000000000000002,0.20578636104866635,1.043734021326409
59289693,20260207,12.224938875305623,8.5,0.5073364399999993,0.7522100038207459,9.40238000645096,16.252008125670432,4.77017,12.224939346313477,3439,13,0.011097128105840594,0.0911111111111111,0.39019990600000004,0.99999992198945,0.10616235370011291,0.9120009559612272
59313228,20260207,34.48846999999999,8.56,2.0856091599999984,2.7416929849810936,3.623718261766747,12.579255146304682,7.55766,34.488468170166016,2170,19,0.0032282058911038383,0.0048164696474922,0.21913584453007054,1.0,-0.5766684273636978,0.4695390805679373
59370907,20260207,40.81632653061224,1.39,8.33626761,19.3548223396504,1.3111851144135713,2.108845191975524,10.93039,40.8163261413574,8323,62,0.003647558944692786,0.0163830203442879,0.26779455500000005,0.9999999999999994,-0.056701356536998974,0.5171548299846028
59397478,20260207,1428.6078200000013,2.5,414.76037126000006,269.36859633814265,2.107125970943225,5.303542440370593,873.95235,1428.6077880859366,46381,715,0.01472693211405347,0.0393084227168494,0.6117510612534651,0.9999999999999992,-0.15714961162271007,1.121416976148237
59437197,20260207,152.54237288135593,5.0,16.1510875,18.90993096116258,2.8022422638723246,8.06678596044236,45.25926,152.54237365722656,6653,35,0.0067107121242687105,0.004516129032258,0.29669959333333334,1.0,-0.4395515472255351,0.613357192088472
59469459,20260207,28.457570000000004,1.45,9.77569584,5.692890083424016,1.0808499131863334,4.998790369479284,10.56606,28.45756912231446,28262,94,0.010530983343890897,0.0246146214896214,0.37129171605305716,0.9999999329757052,-0.2545862667680459,2.447441520753422
59469464,20260207,74.94802000000001,1.45,77.39415861,24.98661212564904,0.7098819986771091,2.9995270090496438,54.94072,74.94802093505862,147284,79,0.038720227141279775,0.0098552894211576,0.7330509865370691,1.0000000000000004,-0.5104262078088903,1.068639248558095
59473467,20260207,1000.0,9.99,0.2418420399999997,57.40365257318232,3.8170782879601948,17.4204939538409,0.9231299999999998,1000.0,1241,121,0.007703289882060832,0.2706248841768121,0.0009231299999999998,1.0000000000000002,-0.6179100812852658,0.7437932285248744
59506934,20260207,32.65375000000002,1.62,16.70791339,7.498497828909352,0.9128279303343932,4.354705137433551,15.251449999999998,32.65375137329102,4322,54,0.0026943457390437007,0.0433277310924369,0.46706580408069487,1.0000000000000002,-0.43652596892938694,1.6880895830961362
59718544,20260207,379.8454299999999,4.15,77.63524532,74.66811290142853,2.7436655751138166,5.087116958227195,213.00515000000001,379.8454284667969,32689,177,0.3459153439153439,0.3498141316590932,0.5607679681706321,1.0,-0.33887576503281536,0.2258112870661978
59764696,20260207,91.22524,4.15,9.140238239999999,17.842694158120736,1.7727765485465075,5.112750165057144,16.2036,91.22524261474612,219836,49,0.026650018184022305,0.0377616169395145,0.17762189499309622,1.0000000000000002,-0.5728249280610826,0.2319879632688231
59770476,20260207,861.0274499999999,3.68,196.11851326999997,130.73153102978452,2.345526499921545,6.586226386639035,460.0011700000001,861.027465820313,59736,591,0.013706576109402964,0.0179105551548006,0.534246811759602,1.0000000000000004,-0.3626286684995802,0.789735398685138
59790006,20260207,10.658120000000002,1.49,13.266189650000001,2.94020014154268,0.7818567556811612,3.6249629335707,10.37226,10.658120155334474,2973,15,0.0012820733968692051,0.1896551724137931,0.9731791347817438,0.9999999105213476,-0.4752639223616368,1.4328610136705568
59818654,20260207,106.38297872340424,1.5,6.133863259999998,31.56828883733658,0.5175221333512415,3.3699316907835146,3.17441,106.38298034667972,1343,86,0.005147566117286316,0.0793722747840394,0.029839454000000005,1.0000000000000002,-0.6549852444325056,1.2466211271890095
59870194,20260207,41.35039,1.2,3.6109786800000006,22.788702453985746,1.7014611673088027,1.814512680435414,6.143940000000001,41.35039138793945,4932,14,0.030844277673545965,0.0350877192982456,0.1485823954743837,1.0,0.41788430609066896,0.5120938402776342
59873387,20260207,1000.0,5.3,0.1523252999999997,59.91161228091535,3.5814142496354906,16.69125475408533,0.5455399999999999,1000.0,1390,179,0.054940711462450595,0.7531718697213252,0.00054554,1.0000000000000002,-0.3242614623329263,2.149293236491569
59941171,20260207,6.730769230769231,6.6,3.2012895599999984,0.15700951741508,2.0334399241285763,42.868269388705365,6.50963,6.730769157409668,2579,2,0.2803260869565217,0.04,0.9671450285714285,0.9999998583112628,-0.6919030417987007,5.495192425475028
59942526,20260207,81.56946999999998,1.36,71.78132998,30.91259430750877,0.7364183697171446,2.6387131994313027,52.86108999999999,81.56947326660153,12990,34,0.010508858506593317,0.0604774535809018,0.6480499382918634,0.9999999999999996,-0.4585159046197467,0.9402302732912396
59985139,20260207,83.23513,1.16,22.090751589999996,51.488944675989686,0.5260599646261289,1.6165631130581253,11.62106,83.23513031005858,1359,17,0.013782961460446247,0.0354166666666666,0.13961725055274138,0.9999999999999998,-0.5465000304947164,0.3935889306673916
59999397,20260207,869.5652173913044,6.5,1.2908136399999992,82.57759909173066,3.574706570345819,10.530279950205369,4.61428,869.5652465820283,1077,405,0.00042812847829543646,0.0243959213277149,0.005306422,0.9999999999999966,-0.4500451430237202,0.6200430692623642
60033250,20260207,48.95666000000001,1.24,42.918783,13.933514791128264,1.1454211085155888,3.5135899623795512,49.16008000000001,48.956661224365234,7396,45,0.014157733537519143,0.0787628564939489,1.0041551037182683,1.0,-0.0762732995842026,1.833540270449037
60081691,20260207,71.94244604316546,3.08,5.718500619999999,15.252731730318905,1.269079166419676,4.71669209181456,7.25723,71.94244384765626,14120,94,0.004916776934326903,0.0088641898021051,0.10087549700000001,1.0000000000000002,-0.5879613096040013,0.5313935742372133
60140024,20260207,353.31129000000004,2.21,162.60997909000002,129.0085582439514,1.163488126981961,2.738665413887569,189.19477999999998,353.3112792968751,27733,231,0.0016713875897979846,0.0050551470588235,0.5354903320525081,1.0000000000000002,-0.4735347841710584,0.2392150980159567
60144222,20260207,258.71110000000004,2.07,162.68881801000003,67.85806838364644,1.4376479149637897,3.812532428902836,233.88924,258.7110900878907,20308,141,0.017348368358106953,0.0245382882882882,0.9040556821875828,1.0000000000000002,-0.30548409905130924,0.8418031651480491
60163679,20260207,26.848240000000004,1.81,10.12757828,8.844585404723983,1.3256644015789332,3.0355562906075204,13.42577,26.84823989868164,1646,17,0.005957292797683677,0.0307971014492753,0.5000614565424027,0.9999999289581548,-0.2675887284094292,0.6771029760066974
60190295,20260207,30.120481927710845,3.0,5.84173005,5.4285037993361085,2.608386534396604,5.548577850529399,15.237490000000001,30.12048149108887,25493,8,0.011012570737396863,0.0087228941920017,0.505884668,0.9999999366760286,-0.1305378218677986,0.8495259501764663
60222062,20260207,4.57056,2.5,3.512663129999998,1.1133512644133123,0.9781638240954807,4.105223588774566,3.4359599999999992,4.5705599784851065,4250,12,0.004315597075548335,0.0049261083743842,0.7517590842260027,0.9999997913441412,-0.6087344703618077,0.6420894355098262
60257685,20260207,166.66666666666666,1.14,50.54195902,83.65291042792427,0.6235717928450016,1.9923594876495172,31.516540000000003,166.66667175292966,3942,61,0.0007531812449845237,0.0219109195402298,0.18909924000000003,0.9999999999999998,-0.4530071992587704,0.7476837830266092
60279269,20260207,5340.28227,2.29,1368.993826169999,1349.772547369315,1.5528944100117579,3.9564312024379302,2125.9028599999997,5340.282226562519,162415,2075,0.004502734937053476,0.0108464079255206,0.39808810705431114,1.0000000000000036,-0.32188017030054245,0.7276992438185268
60280132,20260207,5.154639175257732,2.4,1.06686943,4.520797366828633,0.0,1.14020551810091,0.0,5.154639244079589,5581,4,0.010383255813953489,0.08789349179884,0.0,0.9999998149872192,-1.0,-0.5249143863361604
60299590,20260207,833.3333333333334,5.11,75.82956043,126.1861871039336,4.817436998559692,6.603997834548287,365.30413,833.3333129882802,1012161,315,0.0235578028627953,0.0018009357404185,0.438364956,0.9999999999999988,-0.057253033549962556,0.2923674485320189
60300280,20260207,125.0,6.5,24.164395879999994,3.805431169834506,4.042689520777707,32.847780336454164,97.68914999999998,125.0,24478,14,0.6244387755102041,0.0947802197802197,0.7815131999999999,1.0,-0.3780477660341989,4.053504667146795
60363119,20260207,139.53488372093022,8.1,17.93302123,12.781043933801724,3.403725407846405,10.91732971087304,61.03908,139.53488159179688,2481,38,0.006539272535582499,0.0142871681658407,0.43744674,1.0,-0.579786986685629,0.3478184193482858
60371761,20260207,2164.6189100000006,2.47,1172.7072273100002,593.7942266001292,1.7740084153587783,3.6454023900381625,2080.39249,2164.6188964843755,207642,1038,0.011056549520766772,0.0176982431860573,0.9610894926534664,1.0000000000000002,-0.2817779694903732,0.4758713958757664
60374272,20260207,402.23784,1.94,310.88509954999984,146.77364039425987,1.2579067011125917,2.740531952351203,391.06444999999997,402.2378540039064,48059,141,0.00856758298570257,0.0079284750337381,0.9722219321782355,1.0000000000000002,-0.3515944839625816,0.412645294597418
60504423,20260207,65.78731,2.35,8.57009342,9.341900336040334,1.523455971848671,7.042175395864592,13.05616,65.7873077392578,3657,50,0.005028877887788779,0.2017622461170848,0.1984601589577078,0.9999999999999998,-0.3517208630431187,1.9966705028295155
60518154,20260207,2168.27759,1.63,1459.57807851,724.6320712375662,1.1712830064871975,2.992246232208956,1709.5789999999997,2168.277587890625,135999,1054,0.005647001669199531,0.0257847802689235,0.7884502463542962,1.0000000000000002,-0.2814214684127622,0.8357338901609924
60518258,20260207,19.23076923076923,2.22,8.53345646,3.1857444220309628,1.9034069109201268,6.036505609674255,16.24264,19.230770111083984,2394,10,0.013472144063027575,0.1130952380952381,0.8446172800000001,0.9999999008178856,-0.14260949958552854,1.719146635981462
60537191,20260207,62.5,9.0,0.7605926099999993,1.3135409368453648,3.653309226867196,47.58127490782789,2.77868,62.5,2857,5,0.25508928571428574,0.375,0.04445888,1.0,-0.5940767525703117,4.286808323091988
60548432,20260207,148.91858999999997,1.73,121.73846705000003,48.24074163535698,1.2188282273922386,3.0869880152136164,148.37828,148.91859436035153,20942,102,0.003180258162490509,0.0033333333333333,0.9963717760153384,0.9999999999999998,-0.29547501306807017,0.7843861162885273
60566933,20260207,14.03152,5.9,1.1282154199999987,0.243608571611891,7.5285799586040145,57.59839318705424,8.493860000000002,14.031519889831545,1745,2,0.27265625,0.2142857142857142,0.6053414027845879,0.999999932033432,0.2760305014583075,8.76243936542974
60619154,20260207,346.15384615384613,8.8,0.7949493999999991,20.00703610227027,3.9788192808246707,17.30160429762231,3.16296,346.1538391113283,2190,521,0.0075647668393782385,0.5186120795812159,0.00913744,1.0000000000000004,-0.5478614453608329,0.966091354843198
60632826,20260207,103.90999000000002,7.7,23.06585713,9.27997154212576,3.268534942148061,11.197230156838122,75.39156,103.9099884033203,74110,47,0.021213075337760477,0.0030847991598844,0.7255467929503215,1.0,-0.5755149425781739,0.4541857706755904
60656113,20260207,304.366,3.0,115.27257251999998,54.60651024024105,1.6945611235153861,5.573804119721118,195.33642,304.3659973144531,46205,193,0.008842385271940903,0.0090021027193195,0.6417813421998515,1.0,-0.43514629216153794,0.8579347065737061
60666367,20260207,144.92753623188406,1.95,23.86429345,5.037439015854374,1.062162181885171,28.770076776023263,25.347749999999998,144.9275360107422,143938,32,0.010040668271075302,0.0035873862417384,0.17489947499999997,1.0,-0.4553014451870918,13.753885165386254
60679832,20260207,84.40433999999999,1.33,104.07477300999997,25.918635922067203,0.622716227243396,3.256511633121612,64.80905,84.40434265136719,56104,132,0.005226171845890156,0.0155807365439093,0.7678402556077093,1.0,-0.5317923103433113,1.4485049083031438
60726038,20260207,47.8357,9.0,11.819992299999997,4.626388255966234,3.9694002169527645,10.339748417641289,46.918279999999996,47.83570098876953,31724,9,0.0001872077460716115,0.0002962962962962,0.980821436709403,1.0,-0.5589555314496928,0.1488609352934765
60739483,20260207,14.583333333333334,1.78,5.456920499999997,1.7978505229204658,0.40989418848964376,8.111533588576014,2.23676,14.583333015441896,207241,26,0.5357833505687694,0.0290104632209895,0.15337782857142856,0.9999999346051928,-0.7697223660170541,3.557041415142705
60739866,20260207,99.7291,1.09,77.94989387999999,35.20595515602261,0.49769112014088107,2.8327338319234525,38.794970000000006,99.729103088379,22631,71,0.014751971840166873,0.0165270018621973,0.38900351050997156,1.0000000000000009,-0.5434026420725862,1.5988382983283171
60741109,20260207,612.09021,1.82,352.99568687,176.0525975810202,0.8441795214051535,3.4767462388761667,297.99173,612.0902099609375,24102,166,0.0017224080267558529,0.0164682539682539,0.48684282991554473,1.0,-0.5361650981290366,0.910300076196121
60758778,20260207,502.08629,1.73,414.21884197000014,226.45601560429407,1.0995104129835436,2.217147114215454,455.43793000000005,502.0863037109376,34947,205,0.009321188520217646,0.018020393811533,0.9070909504420047,1.0000000000000002,-0.364444847986391,0.2815879131624885
60765488,20260207,117.6470588235294,8.1,0.40429785999999945,4.8673089882997935,6.290189119477415,24.170857591234974,2.54311,117.64705657958989,3581,125,0.005104047890535918,0.1047515789607619,0.021616435,1.0000000000000002,-0.22343344203982524,1.9840563522108408
60828716,20260207,23.92696,1.88,28.880292099999956,0.0,0.8284874653328054,0.0,23.926960000000005,0.0,3371,0,0.004836441893830703,0.0,1.0000000000000002,0.0,-0.5593151780144652,-1.0
60844239,20260207,194.44444444444449,5.0,21.136006599999998,21.072969757065035,4.264975958135819,9.22719653487076,90.14456,194.44444274902335,35519,53,0.024398268992993542,0.0114141751417931,0.4636005942857142,0.9999999999999996,-0.14700480837283614,0.845439306974152
60858118,20260207,119.63921,2.64,81.71889277,31.096356646462223,1.522887006683559,3.847370644568816,124.44864000000001,119.6392135620118,23090,85,0.01317471185667009,0.0169138920780711,1.0401994463186441,1.0000000000000009,-0.42314886110471256,0.4573373074575938
60862222,20260207,166.66666666666666,7.6,1.2565122099999995,6.558727203296355,3.240740493878688,25.411431391403667,4.07203,166.66667175292957,34315,82,0.017338689303218635,0.0136319409756909,0.02443218,0.9999999999999992,-0.5735867771212253,2.3436094355625148
60906442,20260207,142.7203,2.47,166.35510802000022,3.6539694029,0.8585150266791298,7.468454035189087,142.81836,27.28951,22295,64,0.020072926982983703,0.0644369017581801,1.000687078152162,0.1912097212304767,-0.6524230661218099,2.0236655662677414
60908226,20260207,470.27303,2.33,380.7916222499998,138.80665165134624,1.2054486579503527,3.3879719148095453,459.0247499999999,470.273040771485,134816,370,0.009801235914213013,0.019669175391262,0.9760813840419467,1.000000000000001,-0.4826400609655139,0.4540652471012531
60912674,20260207,6.021550000000003,2.3,3.3704286399999983,1.6601077049612565,0.6195206079188791,3.627202339540992,2.08805,6.021550178527834,3379,16,0.0064806290755657844,0.0085613078456279,0.34676287666796735,0.9999998416231476,-0.7306432139483134,0.5770445281479715
60916277,20260207,262.21178,1.31,260.5422288999996,138.42517608961455,0.7796023733179953,1.8942492796843984,203.11934000000008,262.2117919921876,22338,115,0.049662072032014226,0.0315241228070175,0.7746385002229881,1.0000000000000004,-0.40488368449007994,0.4459918797135246
60930313,20260207,64.68921,1.84,3.2921591299999995,19.224584540027376,1.1474384593310958,3.3649208639471606,3.7775499999999997,64.68920898437501,4987,34,0.010312241521918942,0.1014133131945193,0.05839536454379331,1.0000000000000002,-0.37639214166788276,0.8287613059269927
60949070,20260207,66.13085000000001,9.0,4.899742599999998,5.6009081997992896,7.56743833849558,11.807163691919031,37.0785,66.13085174560545,11699,195,0.004128815952002823,0.0362309673421799,0.5606838563242419,0.9999999999999998,-0.15917351794493553,0.3119070768798924
60961963,20260207,27.77777777777778,2.08,0.4487938799999991,2.7205719792988354,0.16782760050114798,10.21026777699136,0.07532,27.77777862548828,6459,32,0.031157742402315485,0.2401817452127049,0.00271152,0.999999931335456,-0.9193136536052173,3.908782765145079
60972908,20260207,1000.0,2.2,34.42934963000001,185.0935129596549,1.5905987359192524,5.402674456858447,54.76328,1000.0,3110,284,0.009444275736410568,0.130473171758188,0.054763280000000004,1.0,-0.27700057458215804,1.455761063526652
61011193,20260207,1128.4313299999994,3.5,79.66752448,191.14931480814968,2.3493236575586893,5.903402110769947,187.1648,1128.431274414062,34621,569,0.0036072183960740595,0.0165889212827988,0.16586281772236872,0.9999999999999996,-0.32876466926894593,0.6866863173628419
61011487,20260207,420.4162162162162,3.33,1.3659385899999992,60.3237420903,4.202246017516793,6.478541294677083,5.74001,390.8098606599999,4418,404,0.03440809968847352,0.4609327121036493,0.01365316031731746,0.9295784355399392,0.26193574099603395,0.9455079408731408
61012951,20260207,119.05549000000002,2.3,25.964335379999998,35.49069601836584,1.5891668088597923,3.3545548154440725,41.26166,119.0554885864257,7512,79,0.002485277575597168,0.0102225672877846,0.3465750298453267,0.9999999999999992,-0.3090579091913946,0.4585021239090753
61019035,20260207,115.3846153846154,2.33,9.77133559,26.116486917302645,1.4269789294996469,4.4180754090087655,13.94349,115.38461303710936,2589,53,0.00909697821503865,0.0419742707689136,0.12084357999999999,1.0,-0.3875626912018683,0.8961697655257673
61034097,20260207,2664.894420000001,2.82,1171.39858301,616.1321207770119,1.5425399997983218,4.325199802217859,1806.9291699999999,2664.8945312500014,150689,1054,0.002572639256184943,0.0145568663036902,0.6780490650732794,1.0000000000000004,-0.4530000000715171,0.5337588314210309
61042371,20260207,220.99027000000007,1.82,197.71575504,66.41676443196788,1.240848206306908,3.3273265184668364,245.33524,220.99026489257815,18111,76,0.002402116823173643,0.0042166000887705,1.1101630854607305,1.0000000000000002,-0.3182152712599407,0.8282013310845386
61076126,20260207,40.32258064516129,2.5,2.2049169599999994,5.698517842083449,2.2142194416246865,7.07597594432637,4.88217,40.32258224487305,46879,15,0.07186723900045991,0.0605882352941176,0.12107781600000002,1.0,-0.11431222335012539,1.830390377730548
61087629,20260207,57.142857142857146,1.67,0.5514060199999995,11.952428144255556,0.4873722633641182,4.780857172063954,0.26874,57.142856597900405,5071,18,0.0024530766253869967,0.1954022988505747,0.004702949999999999,1.0000000000000002,-0.7081603213388513,1.8627887993542045
61095720,20260207,7.352941176470588,1.35,0.6012119099999996,1.0729742278065262,1.2261733138320572,6.852852559565535,0.73719,7.352941036224365,2877,6,0.017003546099290782,0.3571428571428571,0.10025784,0.9999998703003072,-0.09172347123551325,4.076186991510967
61100993,20260207,118.66019,5.1,35.57482887999999,21.628150624654303,3.314711938538495,5.486376682893019,117.92031,118.66018676757815,8192,57,0.005963890506697728,0.0212796027501909,0.9937647158663744,1.0000000000000002,-0.3500564826395108,0.0757601540167651
61106509,20260207,50.0,1.11,29.731472540000006,21.16523576397653,0.6189720329270982,2.362364312649719,18.40295,49.999999999999964,18744,137,0.005610632183908046,0.0343875502008032,0.368059,0.9999999999999992,-0.44236753790351513,1.1282561100943884
61112285,20260207,131.01449000000002,1.96,36.45122326,48.23042827975784,1.0054381368379899,2.716428151399343,36.64945,131.01449584960932,5231,77,0.000506928965985076,0.0025242591135588,0.279735852118342,0.9999999999999996,-0.4870213587561276,0.3859327033317377
61145915,20260207,7.368421052631579,8.1,0.01351633,0.194455199745913,0.0,37.89244615165907,0.0,7.368421077728271,26806,2,0.008582863729508197,0.0246913580246913,0.0,0.9999998705727884,-1.0,3.6780795514954745
61154489,20260207,5.9523809523809526,6.1,0.023762619999999898,0.4885330084340504,0.0,12.18416943605011,0.0,5.952381134033203,20510,3,0.006707217371398672,0.0517241379310344,0.0,0.9999998397827454,-1.0,0.9974048568094231
61185226,20260207,280.8988764044944,3.0,3.1697488299999996,39.737856321298025,1.8745428482420168,7.068797456161337,5.9418299999999995,280.89886474609364,2263,123,0.0033821551337617694,0.0423089455347519,0.0211529148,0.9999999999999996,-0.37515238391932776,1.3562658187204455
61185244,20260207,445.2629400000001,1.3,301.10735144999995,181.0194184018384,0.7926854952248961,2.459752334442649,238.68343000000004,445.262939453125,13593,123,0.007295121558525197,0.0661650643480925,0.5360505188237763,1.0,-0.39024192675007996,0.8921172497429464
61185812,20260207,498.5705128205128,3.59,18.21317155,79.06195293392648,1.8193399161169161,6.306073924503707,33.13595,498.570526123047,67957,327,0.030691446120494986,0.0430461233721709,0.06646191290484334,1.0000000000000002,-0.4932200790760679,0.7565665947830159
61190600,20260207,992.44652,6.1,135.64135211999996,108.68145372844955,3.1525223931835877,9.131700856257783,427.6124,992.4465332031248,19949,158,0.0025239119433198383,0.0166180853045259,0.43086694485059,0.9999999999999996,-0.4831930502977725,0.497000163774237
61191979,20260207,346.15384615384613,6.0,20.44772062,26.422535126139508,1.9336790997294055,13.100704544742085,39.53933,346.1538391113278,6946,147,0.0035624166581187814,0.0119708355927137,0.11422473111111112,0.999999999999999,-0.677720150045099,1.183450757457014
61194572,20260207,309.0961200000001,3.13,146.59471051999998,51.17321163216231,2.1085080007564794,6.040193970093389,309.09612,309.0961303710936,16315,61,0.008944627192982457,0.1535504817762882,0.9999999999999997,0.9999999999999994,-0.3263552713238085,0.9297743607821852
61218808,20260207,804.4937299999997,4.0,165.45907342999993,149.8808375613777,4.1432715401372615,5.367555460062747,685.54187,804.493713378906,599199,394,0.2709346174715138,0.0576644890168767,0.8521407245771826,0.9999999999999996,0.03581788503431538,0.3418888650156868
61218812,20260207,1560.8154700000005,4.0,64.79945852,66.2789716628109,3.0986670967015355,23.549179581102237,200.79194999999999,1560.8154296874995,521523,444,0.25519817968291253,0.118350562488445,0.1286455406544631,0.9999999999999996,-0.22533322582461612,4.887294895275558
61218892,20260207,119.60393,4.0,0.6590469999999994,8.995664494978811,2.8258530878677877,13.29572866833088,1.86237,119.60392761230466,2101,81,0.011575757575757576,0.1810262599663521,0.015571143857898316,0.9999999999999998,-0.2935367280330531,2.32393216708272
61245888,20260207,128.2051282051282,3.76,7.244865859999999,11.001952310841736,2.092156058221346,11.652942007582334,15.15739,128.20512390136722,4819,109,0.0017333908852199562,0.0246056971514242,0.118227642,1.0000000000000002,-0.44357551643049303,2.0991867120049155
61275566,20260207,729.8732500000002,1.8,380.58487383000016,208.11319563369915,1.1486562132662985,3.507097299865713,437.16117999999994,729.8732299804685,33835,259,0.011720184280716339,0.0653154846575899,0.5989549281330694,0.9999999999999996,-0.3618576592965008,0.9483874404289256
61292982,20260207,9.42855,2.24,0.6256063999999997,1.4667304307698108,1.4892590612883763,6.428272803557482,0.9316899999999999,9.428549766540527,20124,23,0.1099672131147541,0.5595238095238095,0.09881583064203933,0.9999998988525018,-0.33515220478197494,1.8697646322273545
61325277,20260207,159.26296000000002,2.64,114.76722292000011,28.920417786824448,1.382764747306128,5.506938052517794,158.69607000000002,159.26295471191406,8885,56,0.009974180511899416,0.1386507936507936,0.9964405408514321,1.0,-0.4762254745052546,1.0859613006408126
61361730,20260207,372.3404255319149,1.5,75.30825108,132.04753746049715,0.44157166742159853,2.819745282077881,33.25399,372.3404235839844,6373,92,0.0029048726013036147,0.0178710178710178,0.08931071600000001,1.0000000000000002,-0.7056188883856009,0.8798301880519208
61380657,20260207,27.354690000000005,7.1,9.962235880000001,2.762111002746801,2.362850095454676,9.90354139316391,23.539270000000002,27.35469055175781,17955,64,0.01990355836381776,0.0129794259588519,0.8605204445745865,0.999999930273439,-0.6672042119077921,0.3948650036885355
61390918,20260207,14.285714285714286,1.45,3.180523099999999,3.295048716906761,0.3972837046836731,4.335507921527163,1.26357,14.2857141494751,9510,59,0.0026764606551840596,0.0072127139364303,0.0884499,0.999999933242802,-0.726011238149191,1.9900053647948943
61400136,20260207,267.85714285714283,2.25,0.5897171499999989,25.646540528253677,1.7456165214120056,10.444181993182612,1.02942,267.8571472167971,14208,213,0.007076754495193505,0.1707593030479389,0.0038431680000000005,1.0000000000000009,-0.2241704349279975,3.641858663636716
61404169,20260207,8.771929824561404,1.68,1.3943859299999994,2.951915903238888,0.33074774356049347,2.9716045635570114,0.46119,8.771929740905762,6830,12,0.015572275421796625,0.2725829725829726,0.052575659999999996,0.9999998912811388,-0.8031263431187539,0.7688122954374456
61404245,20260207,8.771929824561404,1.51,0.9756359899999988,0.2019282676105717,0.5204400054983628,43.44060593446396,0.50776,8.771929740905762,11517,6,0.010368203096867123,0.0543478260869565,0.057884639999999994,0.9999998912811388,-0.655337744703071,27.768613383326382
61444303,20260207,1000.0,1.05,76.79421796,543.0205896402385,0.6856417240608619,1.84155079427277,52.65332,1000.0,2343,220,0.004015424164524422,0.0563514900975385,0.05265332,1.0,-0.34700788184679826,0.7538579789554624
61445437,20260207,67.55288000000002,5.6,23.472981179999998,8.103335965004904,2.877899465857281,8.336427279925564,67.55288,67.55287933349611,3453,12,0.001667632570269487,0.0056470588235294,0.9999999999999998,1.0000000000000002,-0.4860893810969141,0.4886477539096566
61446523,20260207,280.8988764044944,3.0,5.3362700499999995,52.32529418131996,1.898284739169076,5.36831877914325,10.129760000000001,280.8988647460937,2873,163,0.002981837052413077,0.0331405302413231,0.036061945600000006,1.0,-0.3672384202769747,0.7894395930477499
61462330,20260207,7.462686567164179,5.1,0.03346303,0.7054685868664055,0.0,10.578324959187071,0.0,7.462686538696289,1398,4,0.0009484396200814112,0.0377358490566037,0.0,0.9999998722076574,-1.0,1.0741814033326322
61515335,20260207,4.7828800000000005,2.04,2.1967934799999984,1.044403647025598,2.187465523613992,4.579527526067693,4.80541,4.782879829406738,43633,5,0.01808546795987731,0.0013308490817141,1.0047105509651089,0.999999800606714,0.0722870213794079,1.244866476324781
61521770,20260207,101.2775,3.79,34.56488058000001,38.9040908925,4.1200177061337895,2.5485383330362232,142.40792,99.1485695,5436,45,0.5490909090909091,0.1942634333938682,1.406116067240996,0.9789792706685014,0.08707591190865156,-0.3275624383409814
61547249,20260207,70.0,8.7,1.840172769999998,2.272354761271544,4.046842840740442,30.805035546383827,7.44689,70.0,14952,20,0.0038398520763245074,0.0064236539570709,0.10638414285714286,1.0,-0.5348456504896043,2.540808761119483
61552681,20260207,1.5432098765432098,3.88,0.1298749999999998,0.2020162772042702,1.3054090471607336,7.638999652650209,0.16954,1.5432099103927612,3937,4,0.02909830007390983,0.0141843971631205,0.10986192,0.9999993820194384,-0.6635543692884707,0.96881428539621
61619011,20260207,162.85718,1.46,52.408485999999996,65.63477536334099,0.7158806304765225,2.481263542863775,37.51822,162.85717773437503,4171,63,0.008682348043297252,0.0352565937436107,0.23037498254605662,1.0000000000000002,-0.5096708010434777,0.6994955328994283
61627716,20260207,498.5705128205128,3.59,13.355976779999999,67.27129669098079,1.9288458211889765,7.411340991417965,25.76162,498.5705261230466,12170,227,0.006199378533951403,0.0165384237903621,0.051670965966802526,0.9999999999999994,-0.4627170414515386,1.0644404369388047
61652353,20260207,1000.0,2.76,53.638024000000044,209.76205522094364,0.8649744442487286,4.767306432897935,46.395520000000005,1000.0000000000028,1590250,2642,0.07337606009431263,0.0701513457337007,0.04639552,1.0000000000000029,-0.6866034622287215,0.7272849454241332
61663854,20260207,141.18399000000002,3.6,47.95950828,23.393968402900565,2.476000781882912,6.035059208934869,118.74778,141.18399047851562,5127,45,0.004582588487665355,0.2116281866281866,0.8410853100270079,1.0,-0.3122220050325244,0.6764053802248179
61697828,20260207,82.3529411764706,1.9,5.539783079999999,25.41272571515988,1.4736587844880022,3.240618149459844,8.16375,82.35294342041014,4965,62,0.003538088790707618,0.0284664830119375,0.09913124999999999,0.9999999999999998,-0.2243901134273672,0.7055885211180227
61709401,20260207,15.873015873015872,8.1,1.6325031599999984,1.1685959934455004,2.87170041373764,13.582967860414769,4.68806,15.87301540374756,2118,34,0.005498442367601246,0.0126173708920187,0.29534778000000006,0.99999993991852,-0.6454690847237481,0.6769095334227837
61709841,20260207,197.8021978021978,3.6,0.3534913699999999,13.57723583307213,3.192298584262468,14.568663915147011,1.12845,197.80220031738284,9560,70,0.0032396895862279304,0.0763251036848848,0.005704941666666666,1.0000000000000002,-0.11325039326042563,3.046851194745783
61768085,20260207,40.32258064516129,2.3,2.802410779999999,9.63247328524391,1.792842090052195,4.186108475435398,5.02428,40.32258224487305,23636,9,0.02418747441670078,0.0039473684210526,0.12460214400000001,1.0,-0.2205034391077412,0.8200472009660918
61798105,20260207,45.45454545454545,8.0,10.374591689999999,4.550604477988847,2.458500610157507,9.988680470597856,25.50594,45.45454406738281,15819,36,0.04744751049790042,0.0245798018907262,0.56113068,1.0,-0.6926874237303116,0.248585058824732
61831943,20260207,104.30993,5.6,47.090962860000005,11.102059946602676,1.9429874532830904,9.39554641212474,91.49715,104.30992889404295,9182,26,0.0035209755349336607,0.0156187800023416,0.8771662486975115,1.0,-0.6530379547708767,0.6777761735946332
61834352,20260207,139.53488372093022,8.1,21.142283720000002,12.289490879268856,4.583750331016748,11.353999250951809,96.91095,139.5348815917969,3701,29,0.003429709943471411,0.0054409005628517,0.694528475,1.0000000000000002,-0.4341048974053398,0.4017282365722123
61861065,20260207,125.0,2.8,12.378150309999999,4.003036776742287,1.112624233434438,31.22628537913179,13.77223,124.99999999999991,251668,112,0.031950538289660775,0.0101452297966371,0.11017784,0.9999999999999992,-0.6026342023448436,10.152244968182954
61880373,20260207,461.1956700000001,1.01,559.35460876,288.2244782209639,0.583894375562631,1.600126678891027,326.60401,461.1956787109368,110215,362,0.010199048711874445,0.0087829968944099,0.7081679886543599,0.9999999999999986,-0.42188675686868216,0.5842838554454808
61894872,20260207,59.70149253731344,5.1,1.1046315399999997,4.04307866772512,8.226643610049376,14.766340813452722,9.087409999999998,59.70149230957031,5999,9,0.004337358108596631,0.1443956043956044,0.15221411749999994,1.0,0.6130673745194856,1.895360997956052
61917856,20260207,183.66036000000005,3.5,39.25839492,29.895539653392056,1.1879578901541092,6.143403015975197,46.63732,183.6603546142579,11011,41,0.005503023639362287,0.0191699432066404,0.25393242178116165,1.0000000000000004,-0.6605834599559687,0.7552580045643421
61921752,20260207,50.0,2.83,5.9115299199999995,9.211630044623142,1.2549610845917871,5.42792039301066,7.41874,50.00000000000004,2278,54,0.0029458166300271563,0.02859477124183,0.1483748,1.0000000000000009,-0.5565508535011353,0.9179931234423754
61927008,20260207,347.65362000000005,1.0,307.94050145,299.99709800789753,0.7964333981570192,1.1588566244073215,245.2541,347.65362548828114,52743,74,0.04114760493056639,0.0232266164469554,0.7054553322355739,0.9999999999999996,-0.2035666018429808,0.1588566244073215
61939692,20260207,1000.0,1.29,9.942765969999998,330.40189265141686,1.21084414903512,3.0266170358425004,12.039139999999998,1000.0000000000005,3112,255,0.031182364729458917,0.1406984072626168,0.012039139999999999,1.0000000000000004,-0.061361124778976726,1.3462148258476692
61944621,20260207,147.54098360655738,7.1,9.787200359999998,14.260374596665176,2.3385574176597324,10.346220133355024,22.887929999999997,147.5409851074219,2033,23,0.002781121751025992,0.00575,0.15512930333333333,1.0000000000000002,-0.6706257158225729,0.4572141228627876
61974075,20260207,127.96638000000002,1.28,79.44294961,71.62768776022506,0.9657286187966856,1.786549021380132,76.72032999999999,127.96637725830077,4271,47,0.006751501738855517,0.0331920903954802,0.5995350497529115,0.9999999999999998,-0.2455245165650894,0.3957414541504807
61981383,20260207,103.8961038961039,4.0,30.162857709999994,16.2598763793282,2.3545835969134377,6.389722411889804,71.02097,103.89610290527348,3839,21,0.0017016843971631205,0.0167043875322612,0.6835768362500001,1.0000000000000002,-0.4113541007716406,0.597430602972451
61991620,20260207,42.08653000000001,1.92,10.99126112,9.978428015394629,1.0846980951354197,4.217750981957728,11.9222,42.08652877807617,3853,19,0.005161419959812458,0.05,0.28327828404955213,1.0,-0.4350530754503022,1.1967453522040683
61992618,20260207,83.12442,4.0,9.788109599999999,14.439884219648842,3.4120040911679212,5.756584550471732,33.39707,83.12442016601562,4399,16,0.04470528455284553,0.0222222222222222,0.40177206649983244,1.0,-0.1469989772080197,0.4391461376179328
62034028,20260207,313.8476000000001,2.57,108.55843762000006,85.73645383895118,1.8011911767231996,3.660608498501377,195.53449999999998,313.84759521484415,28096,202,0.0038723726827923645,0.0278041643218908,0.6230237223416712,1.000000000000001,-0.2991474020532297,0.4243613204621607
62054606,20260207,13.043478260869565,6.2,1.0990061199999988,0.8834402849133076,1.5146321478173406,14.764397175942396,1.66459,13.04347801208496,39204,1,0.009777533918595371,0.0004510599909788,0.12761856666666668,0.9999999403953552,-0.7557044922875258,1.38135445647576
62086487,20260207,49.43966,8.0,0.5063748299999995,3.5303897187426,1.34088418257282,14.004019117821894,0.67899,49.43965911865234,2641,5,0.0007080998471726949,0.0212765957446808,0.013733710951895704,1.0,-0.8323894771783975,0.7505023897277368
62097829,20260207,17.931050000000003,1.97,1.8195641399999993,4.774055829486303,1.8374510282446,3.7559354627232704,3.34336,17.931049346923825,5353,32,0.0009055384511283283,0.0116535051658094,0.1864564540280686,0.9999998936287332,-0.06728374200781728,0.9065661970436416
62103297,20260207,2.336448598130841,2.96,0.5465646999999999,0.5663813037771005,0.3559322437032616,4.125214813125768,0.19454000000000002,2.3364486694335938,8076,4,0.07833171677982541,0.0555555555555555,0.08326312000000001,0.9999995918275716,-0.8797526203705197,0.3936536351223314
62103431,20260207,2.336448598130841,3.01,0.2243449599999997,0.6268849590157706,0.934186353016356,3.7270713051252367,0.20958,2.3364486694335938,3713,9,0.20627777777777778,0.2166666666666666,0.08970024,0.9999995918275716,-0.6896390853766259,0.2382296733999717
62110322,20260207,50.68064999999999,1.96,13.75778575,12.604411027549297,2.069432575659931,4.020865764538555,28.47081,50.68064880371095,62855,57,0.07342016119612195,0.0335892377194487,0.5617688407705901,1.0000000000000002,0.05583294676527105,1.0514620848374931
62110977,20260207,118.0,9.1,6.754455839999997,5.364485435994452,3.73756533435268,21.99651381504994,25.24522,118.0,438721,31,0.03988590286742913,0.0008033585570643,0.21394254237288135,1.0,-0.5892785346865187,1.417199219006771
62112393,20260207,11.67876,9.0,0.2765422499999996,0.8899932390989478,8.383818385798204,13.12228670908477,2.31848,11.678759574890137,1385,5,0.001233193838482771,0.0111607142857142,0.19852107586764348,0.999999918341136,-0.06846462380019958,0.4580318565649744
62112636,20260207,118.0,8.1,1.758430279999998,8.498665300393148,2.913416618371702,13.88453150520116,5.12304,118.00000000000004,1379,233,0.0010908084163898117,0.0329145692960973,0.04341559322033898,1.0000000000000002,-0.6403189360034935,0.7141396112726903
62112649,20260207,170.84410000000003,9.0,18.034290420000005,15.26193860934435,3.997236282723675,11.19412770101296,72.08732,170.8441009521485,78439,105,0.036973367900070706,0.0078529024814196,0.4219479630844729,1.0000000000000002,-0.555862635252925,0.2437919667792177
62123023,20260207,237.2979400000001,2.34,220.11151707,38.080133620109166,1.07469006233223,6.231541602532138,236.55166,237.2979431152346,19017,108,0.0008044280130623848,0.1006006006006006,0.9968550928002152,1.0000000000000009,-0.5407307425930641,1.6630520645742437
62141661,20260207,4.433497536945813,2.7,0.6754590699999994,0.5999488939233174,0.8644491219875108,7.389779502920807,0.5839000000000001,4.433497428894044,9488,12,0.2657703081232493,0.324074074074074,0.1317018888888889,0.9999997848935008,-0.6798336585231441,1.7369553231157804
62141774,20260207,3.886010362694301,2.03,0.0389869299999996,0.7354615157676887,0.0,5.283764060150915,0.0,3.886010408401489,3969,3,0.009994963485268194,0.6,0.0,0.9999997545878724,-1.0,1.6028394751816502
62145770,20260207,1.3192612137203166,2.27,0.7477690899999994,0.178311873634591,1.034811428217768,7.3985751358533856,0.7738,1.3192611932754517,36887,2,0.02167273795534665,0.0114942528735632,0.5865404000000001,0.9999992771153796,-0.5441359347058291,2.2592842282023344
62150859,20260207,1.2315270935960592,5.6,0.0136458099999996,0.036020827340976,0.0,34.18835692079752,0.0,1.2315270900726318,11370,3,0.17020958083832335,0.1363636363636363,0.0,0.9999992256170526,-1.0,5.105063839825317
62161066,20260207,25.074780000000008,1.94,27.253421699999997,7.57191151691819,0.9091779473694491,3.31155166603848,24.77821,25.07477951049805,72252,50,0.011391542900387854,0.0123688458434221,0.9881725781841354,0.9999999239335892,-0.5313515735209025,0.7069853445175233
62164374,20260207,8.309009999999999,2.51,5.170598479999997,0.7383346078492176,1.577384132909892,11.253702873962991,8.156020000000002,8.309009552001953,47991,36,0.09854414784394251,0.0477080287524366,0.9815874574708663,0.999999885224081,-0.3715601064104015,3.483546978773478
62204387,20260207,89.88764044943821,7.0,4.121756329999999,11.456704158567604,5.0488938049377605,7.845854515992158,20.810309999999998,89.88764190673828,1330,5,0.011280746395250212,0.0135869565217391,0.23151469874999997,1.0,-0.2787294564374628,0.1208363594274512
62243688,20260207,1032.14053,5.5,297.12176547,120.37761795258716,3.4096952082841963,8.57418938761543,1013.0946599999999,1032.1405029296868,65490,211,0.0071972569318519,0.0203203654177495,0.9815472123742685,0.9999999999999992,-0.38005541667560067,0.5589435250209873
62254595,20260207,6.25,6.78,0.00105222,0.2015424830373141,0.0,31.010677724780933,0.0,6.25,3063,22,0.002160541722508288,0.0814814814814814,0.0,0.9999998474121328,-1.0,3.5738461305530715
62256963,20260207,29.98952,9.0,0.21673147999999937,2.269929728874959,1.8715786003952963,13.211645068185115,0.40563,29.9895191192627,4045,12,0.002596944016435542,0.0967741935483871,0.013525724986595317,0.9999999363994968,-0.7920468221783004,0.4679605631316796
62259395,20260207,359.21541,2.06,279.33086143,102.1778228052106,1.201357087011651,3.5155908611714417,335.57610999999997,359.21542358398415,42563,230,0.010578337806939059,0.0181231658728805,0.9341918544084731,0.9999999999999992,-0.4168169480525966,0.7065975528270568
62269771,20260207,313.4800300000003,1.5,218.52118453999998,340.35370392713963,1.281411459440188,0.9210419541958964,280.01555,313.4800415039062,138696,77,0.14471619365609348,0.0286025145067698,0.8932484471179863,0.9999999999999998,-0.14572569370654134,-0.385972030536069
62285840,20260207,23.80952380952381,1.19,0.6947140099999998,2.842694638360445,0.7779172324450462,8.375685463768189,0.54043,23.80952453613281,2904,3,0.0005787858253278591,0.0306122448979591,0.02269806,0.9999999198913664,-0.346288039962146,6.038390807586754
62326550,20260207,40.32258064516129,2.3,0.6950244499999997,10.021617408781704,4.5268767163514925,4.023559928158843,3.1462900000000005,40.32258224487305,8543,25,0.009443953128454566,0.3191526610644257,0.07802799200000002,1.0,0.9682072679789099,0.7493739180763007
62326559,20260207,40.32258064516129,2.3,0.8333575799999995,6.7825025905635545,0.0,5.945088226856755,0.0,40.322582244873054,6016,18,0.01201517874975035,0.0371900826446281,0.0,1.0000000000000002,-1.0,1.5848210217872287
62326943,20260207,120.62792,2.1,65.14375743000001,27.816206616306367,0.8276395487001923,4.336605612168035,53.91555,120.62792205810544,13051,88,0.017821930902635532,0.0674572421884249,0.44695747054247476,0.9999999999999998,-0.6058859291903845,1.0650503852888509
62370833,20260207,248.92276000000004,8.02,32.929337829999994,21.58892364852331,7.4122094789781565,11.530113892300424,244.07914999999997,248.92276000976568,16934,81,0.0036212390137501872,0.004123478579573,0.9805417150283885,1.0000000000000002,-0.07578435424212507,0.4376699793251041
62371800,20260207,264.7058823529412,1.58,27.10017516,73.61416995621252,0.8880702747457814,3.595854821750077,24.06686,264.70587158203125,9483,309,0.014819503047351149,0.0586049914548944,0.09091924888888887,1.0,-0.4379302058571004,1.2758574203043496
62390621,20260207,27.77777777777778,2.99,6.15675128,5.980156178829079,1.2665624523977845,4.6449913931739175,7.797909999999999,27.777778625488285,2863,21,0.013303903345724908,0.0293680799351876,0.28072475999999996,0.9999999313354562,-0.5764005175927143,0.5535088221934792
62408382,20260207,15.62024,6.06,5.834387239999998,1.3876406815147493,2.512819152538803,11.256681331765536,14.66076,15.620240211486816,536599,71,0.3100652952733156,0.0115801822465685,0.9385745673561994,0.9999999389462488,-0.5853433741685143,0.8575381910981393
62425774,20260207,14.70207,2.61,0.512991599999999,1.0574741644104848,0.9221008687081835,13.90299340448537,0.47303000000000006,14.702070236206051,23960,12,0.02187328829651269,0.3819444444444444,0.03217438088650102,0.9999999351333354,-0.6467046480045273,4.326817610456236
62440154,20260207,11.11111111111111,6.81,0.0114356,0.5792935347375504,3.1498128650879704,19.180416905348075,0.036019999999999996,11.11111068725586,134734,57,0.039243293624209946,0.0974696070115917,0.0032418,0.9999999141693156,-0.537472413349784,1.8165076455961728
62456302,20260207,10.454783063251435,9.0,1.3220808099999997,0.8270630712806383,4.990753931297135,12.640838603287277,6.598179999999999,10.45478343963623,4304,3,0.0013423572341951782,0.0625,0.631115917,0.9999999087810632,-0.4454717854114294,0.404537622587475
62465463,20260207,469.2045099999999,4.78,106.12060824999999,44.0701040546162,4.069732798577321,10.646775125893829,431.88252,469.20449829101545,4881766,270,0.08436022610039037,0.0016124063760616,0.920456881371409,0.9999999999999996,-0.14859146473277812,1.227358715183132
62469263,20260207,1466.2635899999996,7.6,182.21347595999993,137.12716464887913,4.836374946238639,10.692728482109285,881.2526900000001,1466.2635498046875,474263,605,0.007028242609618315,0.0033384836110804,0.6010192819423419,1.0,-0.3636348754949159,0.4069379758270189
62474596,20260207,1000.0,2.77,0.7771889399999993,190.96529384729484,0.1782320782897401,5.236553588439458,0.13852,1000.0000000000008,25049,2200,0.0033319144973995396,0.2634706381818593,0.00013852,1.0000000000000009,-0.9356562894260867,0.89045257202057
62497963,20260207,479.75704,1.0,508.4812406699999,435.482767313386,0.8405779128386582,1.101667125472344,427.4181,479.7570495605468,172994,134,0.11075869133747358,0.0236009031080367,0.8909053215769381,1.0,-0.15942208716134176,0.101667125472344
62522391,20260207,551.4975700000001,4.91,104.57649042999999,59.04940733352988,3.847171752902743,9.33959499608728,402.32372000000004,551.4975585937501,4134875,259,0.08061819550162216,0.0015449255761354,0.7295113195149707,1.0000000000000002,-0.21646196478559204,0.9021578994569333
62524259,20260207,100.0,6.5,2.4040944999999994,0.7122153121891677,3.2069704414697515,140.406781322694,7.70986,100.00000000000004,54331,53,0.006929355797314015,0.0028295834448519,0.0770986,1.0000000000000002,-0.5066199320815767,20.601043280414466
62527634,20260207,156.86274509803923,7.1,7.121498639999998,14.796878853713324,3.71790704996891,10.601069194531412,26.477069999999998,156.86274719238278,2811,73,0.0040422778257118205,0.0169367827094863,0.16879132124999996,0.9999999999999998,-0.4763511197226887,0.4931083573134255
62529276,20260207,107.15096,6.71,4.973098589999998,8.079402317816808,3.0067732882005873,13.262237149778022,14.95298,107.15096282958986,141631,53,0.008479882648784577,0.0053763242368585,0.13955059292049274,1.0000000000000002,-0.5518966783605682,0.9764883866439604
62537340,20260207,1000.0,2.56,23.62376996000001,195.04555959385172,1.2114840285212456,5.127007233362894,28.619819999999997,999.9999999999986,1048631,2456,0.011972450249466245,0.0383005187374079,0.028619819999999997,0.9999999999999988,-0.5267640513588885,1.0027372452970464
62552000,20260207,28.349000000000004,1.04,43.49290014,15.316595396191296,0.6384642070456329,1.8508681822963973,27.768659999999997,28.349000930786133,71404,40,0.051896213387600844,0.009090909090909,0.9795287311721752,0.999999932719022,-0.3860921086099684,0.779681009794077
62559786,20260207,10.454783063251435,7.8,0.6594465799999987,1.030147489603742,6.573587810554736,10.148812084030506,4.33493,10.45478343963623,3243,4,0.0021246069182389938,0.0040201005025125,0.4146360545000001,0.9999999087810632,-0.157232331980162,0.3011297225461162
62621349,20260207,1.25,3.15,0.6255034799999991,0.3232908684204349,0.817645331085929,3.866475225954025,0.51144,1.25,21664,1,0.12818934911242605,0.0101010101010101,0.409152,0.999999225139618,-0.7404300536235146,0.2274524155222352
62626344,20260207,999.4573299999998,4.41,231.98193855999997,71.49320468064418,3.9039427621894944,13.979752717905756,905.6442099999999,999.4573364257808,4846691,394,0.13283627782558885,0.013274438607873,0.9061359427920751,0.9999999999999996,-0.11475220812029607,2.1700120638574174
62630587,20260207,7.25892,1.96,1.5839314599999992,0.4547353742400544,2.1626882769283475,15.962919625353164,3.42555,7.258920192718506,18733,5,0.06058538163001294,0.0303484878293062,0.47190904432064273,0.999999868620378,0.10341238618793243,7.144346589117856
62640299,20260207,179.92026000000004,5.5,68.36117978,22.143879996850508,2.558909172763841,8.125055296040886,174.93005,179.92025756835938,12430,38,0.006127680552132118,0.014888018904525,0.9722643242067345,1.0,-0.5347437867702107,0.4772827810983429
62644097,20260207,48.88049,9.4,6.693235189999998,4.166394508165123,5.857136181105869,11.732080944685004,39.20319,48.880489349365234,11134,8,0.0026967326277036355,0.0032,0.8020212154174395,1.0,-0.37690040626533317,0.24809376816968
62658588,20260207,4.545454545454546,2.01,0.2017653299999995,0.0598904626542471,0.0,75.89486548936999,0.0,4.545454502105713,10142,2,0.011223992917220009,0.1666666666666666,0.0,0.9999997901916924,-1.0,36.75863972610171
62665519,20260207,354.54545454545456,2.61,25.28079539,63.88136516505918,1.5743673957245692,5.550060400363693,39.80126,354.545440673828,15789,693,0.008859772178890073,0.0950440501222166,0.1122599641025641,0.9999999999999996,-0.3967941012549543,1.1264600089801629
62676303,20260207,416.91595,2.04,56.357969910000016,120.01854202550146,1.4724080752467967,3.473762837641328,82.98193,416.91595458984375,6661,108,0.005170780934637478,0.0298283722177527,0.19903755181350102,1.0,-0.27823133566333497,0.7028249522543848
62693338,20260207,49.58663000000001,1.83,5.146988039999998,8.374931383756351,1.5020648853110607,5.920839656100195,7.731109999999999,49.58663177490234,62999,64,0.07116118829775217,0.0274881516587677,0.15591118009027832,1.0,-0.1791995162234641,2.2354314301915523
62694436,20260207,89.88764044943821,7.1,18.698880709999997,8.68089344588507,1.8978055719143634,10.354652100319797,35.48684,89.88764190673828,1926,14,0.004319354115272483,0.014067359033034,0.394791095,1.0,-0.7327034405754418,0.4584017238596932
62695450,20260207,4.3478260869565215,2.44,0.3593056899999997,0.1757730204593363,1.0693401487741547,24.73531636055483,0.38422,4.34782600402832,5850,4,0.2611607142857143,0.8,0.08837060000000001,0.9999997806549512,-0.56174584066633,9.137424500199486
62708257,20260207,392.89094,1.85,310.1368070499999,144.97990089351822,1.2143733070008726,2.7099682441801023,376.62185999999997,392.890930175781,27589,165,0.001176899680489376,0.0283324624102002,0.9585913587114021,0.9999999999999994,-0.34358199621574453,0.4648476806786011
62715156,20260207,100.03554,1.47,80.51573367,41.47304595229908,0.9892120008052085,2.41206144884373,79.64713,100.03553771972658,9468,48,0.004812932086213908,0.01,0.7961883346658598,1.0000000000000002,-0.3270666661189057,0.6408580965295265
62719226,20260207,1000.0,1.5,0.9098026499999986,39.67062605996895,0.6072086072732377,25.20756726351538,0.55244,1000.0000000000005,5223,617,0.0022071501014198783,0.2586782076086008,0.0005524400000000001,1.0000000000000004,-0.5951942618178415,15.805044842343586
62746245,20260207,272.72727272727275,7.1,2.0544277699999984,13.660252040475768,3.1640635387244616,19.96502287301686,6.50034,272.7272644042968,57735,118,0.029068069680797504,0.0498740945192098,0.023834579999999998,0.9999999999999996,-0.5543572480669772,1.811975090308127
62750176,20260207,147.54098360655738,7.1,13.391760140000002,14.249148134880862,3.9217234665913003,10.354371598669877,52.51878000000001,147.54098510742185,2316,33,0.0029860752965446104,0.0092644581695676,0.35596062000000006,0.9999999999999998,-0.44764458217023934,0.4583622165845261
62789285,20260207,245.01463,1.42,284.54943309000004,0.0,0.8472182755104991,0.0,241.07547999999997,0.0,15256,0,0.01341540626099191,0.0,0.9839227967734007,0.0,-0.40336741161232453,-1.0
62805482,20260207,23.43981,9.5,2.5961909499999987,1.680147209393873,9.028538521020579,13.951036978845115,23.43981,23.43980979919433,2726,17,0.005712489522212909,0.0193102073365231,1.0,0.9999999186278172,-0.04962752410309696,0.468530208299486
62805489,20260207,153.19595999999993,9.0,2.0544968399999988,11.502332457895566,3.3657973404330006,13.318684763393128,6.91502,153.19595336914065,3784,27,0.0005653330146114082,0.0089291024170595,0.0451383966000148,1.0000000000000002,-0.6260225177296665,0.4798538625992364
62835645,20260207,40.17131,2.0,8.572203199999999,5.314231123215341,2.020647387360113,7.5591937825439395,17.3214,40.17131042480469,43453,23,0.00723866797714438,0.0029637468764025,0.4311883281874552,1.0,0.01032369368005659,2.7795968912719697
62859145,20260207,41.66666666666666,1.85,27.633851930000002,11.847580316071603,0.8610153249815143,3.516892336641768,23.79317,41.666667938232415,4616,21,0.011595076613916101,0.1120689655172413,0.5710360800000002,0.9999999999999998,-0.5345863108208031,0.9010228601718114
62859279,20260207,41.48365,1.48,13.259566359999997,5.677125273119743,1.0155596068829509,7.307156510493306,13.465879999999999,41.48365020751953,49848,127,0.025848068446979518,0.0707065938061376,0.32460692345056424,1.0,-0.3138110764304386,3.937267848866484
62860871,20260207,55.55555555555556,2.59,20.898627779999998,4.88358999973636,1.6524099267918542,11.375964378256844,34.533100000000005,55.55555725097656,292851,43,0.016188825685334748,0.0029163310034965,0.6215958,1.0,-0.36200388926955435,3.3922643842656064
62863090,20260207,5.154639175257732,1.96,0.878517069999999,0.7797585737025818,1.077349584112237,6.610549479506214,0.9464699999999999,5.15463924407959,16877,6,0.13687753446877535,0.1288600288600288,0.18361517999999996,0.9999998149872192,-0.45033184484069544,2.372729260636124
62867831,20260207,23.834820000000004,2.71,5.408050499999998,0.0,1.1625594102717793,0.0,6.287179999999999,0.0,12435,0,0.013547227366815557,0.0,0.2637813081869298,0.0,-0.5710112877225907,-1.0
62875385,20260207,15.734370000000002,6.34,10.746493319999997,1.0267789230844462,1.2864261474272245,15.323994828767574,13.82457,15.73437023162842,175064,33,0.032017264713413075,0.0110518444666001,0.8786224043288672,0.9999999393891054,-0.7970936675982295,1.4170338264917164
62885425,20260207,587.5,6.1,12.843121099999998,58.07003031191712,3.289800794605916,10.117094596424526,42.25131,587.4999999999997,2410,142,0.0036883991429445973,0.043998783069023,0.07191712340425531,0.9999999999999994,-0.460688394326899,0.6585401237041373
62888101,20260207,70.0,8.5,1.910867519999999,5.558518505901282,3.7311639479852605,12.593281345092608,7.12976,70.0,5622,7,0.001985940866862129,0.0045572916666666,0.10185371428571428,1.0,-0.5610395355311458,0.4815625111873656
62896186,20260207,3.886010362694301,1.84,0.1361367799999993,0.8239084989585046,2.6488800454954338,4.7165500741449815,0.36061,3.886010408401489,15361,4,0.18964197530864196,0.5555555555555555,0.09279697333333332,0.9999997545878724,0.43960872037795307,1.563342385100108
62896511,20260207,1000.0,1.0,572.3367657900001,561.7742241045855,0.5633462137539886,1.780074548300664,322.4237499999999,1000.0000000000006,25409,270,0.00437467718053786,0.0218164188752424,0.32242374999999995,1.0000000000000009,-0.43665378624601137,0.7800745483006639
62905440,20260207,2570.3447100000008,5.1,306.9945056899999,305.47360697014176,2.7067632957545396,8.414293934072804,830.96146,2570.3447265624977,74420,735,0.006862781261527112,0.0191266784636202,0.32328794529664456,0.9999999999999992,-0.4692620988716589,0.6498615865521306
62905524,20260207,9.39662,6.92,0.7781126999999994,0.1094694692073738,5.856349600771203,85.83702860497088,4.5569,9.396619796752931,13792,25,0.008394911437092945,0.111749667130833,0.4849509717323888,0.9999998985088,-0.15370670509086656,11.404194748353458
62926061,20260207,694.6908400000003,4.04,113.74578940999999,80.37071066681739,3.539709839708607,8.64358225187162,402.62709,694.6908569335941,126795,482,0.021483759467290194,0.038480910195392,0.5795773699851863,1.0000000000000004,-0.123834198091929,1.1395005775958145
62932631,20260207,405.3672800000001,5.0,151.14995084000003,52.75815790026074,2.3348014209648547,7.6834993392980415,352.90512,405.3672790527345,77916,254,0.007008725375550958,0.0160907660742196,0.8705811677745671,1.0000000000000002,-0.533039715807029,0.5366998678596083
62951533,20260207,4.62962962962963,3.3,0.4917026799999982,0.577123069288887,2.1750542421286045,8.021896604786331,1.06948,4.629629611968994,2481,19,0.001283762806581807,0.0357023411371237,0.23100768,0.9999997940063892,-0.34089265390042284,1.430877794151399
62952235,20260207,114.07776999999996,5.5,25.500999999999998,13.298012174228417,4.349893337516176,8.578557181725465,110.92662999999999,114.07776641845702,403084,34,0.03554313225814985,0.0032873632125241,0.9723772650885447,1.0,-0.20911030226978625,0.55973766940463
62957523,20260207,1233.7502500000005,4.1,419.77348746999985,188.29098586380996,2.471231201980418,6.552359540358618,1037.3573399999998,1233.7502441406243,68128,341,0.007876160418039515,0.0216546659611806,0.8408163159440084,0.9999999999999994,-0.3972606824438004,0.5981365104314129
62974470,20260207,256.19916000000006,9.0,43.75084866,21.596619140006258,4.557627248549926,11.862928368140908,199.40006,256.1991577148435,205148,101,0.02219039686746206,0.0033516957589433,0.7783009905262763,0.9999999999999992,-0.4935969723833416,0.3181031520156565
62991598,20260207,53.40617000000002,7.91,10.574299029999999,5.314944617113616,3.636666590466187,10.048300347494555,38.455200000000005,53.40616989135742,16144,13,0.003839421613394216,0.0054069514055349,0.7200516344834312,1.0,-0.5402444259840472,0.2703287662871484
63007107,20260207,10.31706,3.0,1.3720628999999993,0.0,1.721641187149657,0.0,2.3622,0.0,4996,0,0.004669158878504673,0.0,0.22896057597804026,0.0,-0.42611960428344764,-1.0
63014188,20260207,392.33176,5.5,58.82476267000001,62.3802065831252,3.468668648009013,6.289362792981931,204.04361,392.3317565917969,23881,113,0.0037035141589901056,0.0036866383398952,0.5200792563926,1.0000000000000002,-0.3693329730892703,0.1435205078148966
63014342,20260207,16.374660000000002,3.71,10.03253646,0.6874103321390775,1.6321555436440447,23.820760185883035,16.37466,16.37466049194336,50906,2,0.07819662058371736,0.000790513833992,0.9999999999999998,0.9999998835182928,-0.5600658912010662,5.420690011038585
63017961,20260207,35.714285714285715,1.45,5.081967689999999,9.774526263598172,0.5707789141807788,3.653812183552309,2.90068,35.71428680419921,3460,16,0.008777270421106037,0.0149027990642897,0.08121903999999999,0.9999999999999998,-0.6063593695304974,1.5198703885486384
63031379,20260207,10.454783063251435,8.0,0.3179932499999987,0.9647542505791704,3.7103617765471593,10.836720954210843,1.17987,10.45478343963623,2650,14,0.009423897581792318,0.0994230769230769,0.11285456550000002,0.9999999087810632,-0.536204777931605,0.3545901192763556
63038979,20260207,1000.0,2.25,255.66614177999998,211.4996450085986,1.6327005097108018,4.728140301281378,417.42624000000006,1000.0000000000002,23412,392,0.0043872273442770405,0.1259636884269305,0.41742624000000006,1.0000000000000002,-0.27435532901742143,1.1013956894583905
63049514,20260207,6.738544474393531,1.35,3.2368360099999984,2.337185324782655,0.6516178124204695,2.8831866730770708,2.10918,6.738544464111329,3907,20,0.0018683946248386017,0.0066666666666666,0.313002312,0.9999998584747514,-0.5173201389478005,1.1356937941912315
63049540,20260207,42.85714285714285,2.7,1.63084324,3.022934862800001,0.8899874398719032,5.066726750137914,1.4514299999999998,15.316389999999998,1052,33,0.013715775749674055,0.0718888888888889,0.0338667,0.3573824287889807,-0.6703750222696655,0.876565429872704
63049739,20260207,2000.0,2.71,182.5504879,333.9539929876789,2.4596120512477686,5.988848871422054,449.00338,1999.999999999998,110322,713,0.007533751715754898,0.0186488001634947,0.22450169,0.999999999999999,-0.09239407703034368,1.209907301520583
63050276,20260207,4.545454545454546,2.32,0.0025585199999999995,0.3089398253860039,0.0,14.713026342266115,0.0,4.545454502105711,3088,34,0.013304610081861267,0.3274028055278055,0.0,0.999999790191692,-1.0,5.341821881736379
63052095,20260207,14.06198,2.43,13.194284979999995,2.8324308981237483,0.5511545347870759,4.964631367416973,7.27209,14.06198024749756,334006,36,0.04620042879867211,0.0193339319427176,0.5171455228922243,0.9999999321806576,-0.7731874342440017,1.0430581197646622
63053963,20260207,24.875621890547265,6.0,3.1709264699999995,2.5361424481280084,4.788862228016281,9.808444318879364,15.18513,24.87562179565429,10146,13,0.005146596327483007,0.0086396701287587,0.610442226,0.99999992332459,-0.20185629533061977,0.6347407198132272
63055893,20260207,13.28341,3.03,3.9203477099999997,2.653049837086963,2.5349460647713826,5.006843399545173,9.93787,13.283410072326658,13982,25,0.07720596355604638,0.0091304194710467,0.7481414787317413,0.9999999282056156,-0.1633841370391476,0.6524235798090399
63056684,20260207,1319.2388100000005,9.52,51.22440965999999,61.89433065270654,10.603609170027088,21.31437135364176,543.16362,1319.238769531251,129865,381,0.10832012678288432,0.0376209038177547,0.4117250158824541,1.0000000000000004,0.11382449264990425,1.2389044462975465
63064394,20260207,11.11111111111111,6.35,0.0083857599999998,0.4996610930410599,1.5216271393410146,22.237249617298467,0.01276,11.11111068725586,63425,48,0.02161135341420199,0.1205574261129816,0.0011484000000000002,0.9999999141693156,-0.7603736788439347,2.501929126184008
63088516,20260207,1000.0,3.98,0.22627416999999958,122.15376753420004,0.9415126790654028,7.327818216704366,0.21304,895.1206103039997,9050,1674,0.050502232142857144,0.936012046840474,0.00021304,0.8951206103039997,-0.7634390253604515,0.8411603471324169
63089129,20260207,1000.0,3.32,25.49643398999998,177.2551919033763,1.52297611561012,5.64158366037328,38.83046,1000.0000000000016,1039747,1589,0.00801911327131405,0.0111013302034428,0.038830460000000004,1.0000000000000016,-0.5412722543343012,0.6992722210276926
63115257,20260207,1000.0,9.5,0.0012530799999999,40.57129517347661,0.0,24.64796775839142,0.0,1000.0000000000006,2395,1816,0.0025427327741798494,0.6536100118829328,0.0,1.0000000000000009,-1.0,1.594522921935939
63115262,20260207,1000.0,9.5,0.015624509999999897,40.786313318979815,0.0,24.5180280860694,0.0,1000.0000000000016,8467,1924,0.0027850141438063285,0.5013735893199865,0.0,1.0000000000000016,-1.0,1.5808450616915153
63118770,20260207,299.31642000000005,5.2,17.39955433,10.103245644643778,4.548526272511716,29.62576454655616,79.14233,299.3164062500001,126908,178,0.006458323791494277,0.0271323562808682,0.2644102518665698,1.0000000000000004,-0.1252834091323623,4.69726262177361
63118785,20260207,70.0,9.0,7.83276084,5.355149680593057,6.856636005753496,13.071527614279534,53.70639,69.99999999999999,22254,28,0.010747090355918289,0.0036786893901676,0.7672341428571429,0.9999999999999998,-0.23815155491627818,0.4523919571421704
63119851,20260207,20.0,2.42,0.5738863799999998,3.462764051064726,0.1583588723607625,5.775731158500177,0.09088,20.0,1674,45,0.013212312549329124,0.1795488721804511,0.004544,0.9999999046325776,-0.9345624494377014,1.3866656927322458
63129337,20260207,1848.98638,6.1,501.9724976299999,200.2704334165946,3.499209634577844,9.232447782476031,1756.5069999999996,1848.986328125,143884,450,0.008111990618586924,0.011947324369845,0.9499837419029553,1.0000000000000002,-0.42635907629871406,0.5135160535764213
63135763,20260207,84.18721000000001,2.1,35.578376250000005,89.23492578815868,1.3908939984297342,0.9434333966885632,49.485749999999996,84.18721008300778,7019,46,0.00028126177099946305,0.0010593220338983,0.5878060337193737,0.9999999999999996,-0.33766952455726945,-0.5507459811748738
63136956,20260207,1000.0,1.2,205.14129334999998,428.0420215857345,0.7065947456648421,2.3362192196905256,144.95176,999.9999999999992,25676,592,0.002855490558064014,0.0156912637828668,0.14495176,0.9999999999999992,-0.4111710452792982,0.9468492723812652
63138541,20260207,887.555370000001,1.17,184.95327466999998,350.96629952963724,0.7450620717360669,2.5288905446116168,137.80167,887.5553588867186,20159,394,0.005813028057325759,0.0320012995451591,0.15525980086177593,1.0,-0.3631948104819941,1.1614449892057883
63139989,20260207,582.36534,2.31,317.78170979000004,105.38075120502046,1.4538725035664046,5.526297205701363,462.01409,582.3653564453123,1556932,251,0.050493836369474056,0.0056544276583768,0.7933406373394406,0.9999999999999996,-0.37061796382406725,1.39233651194457
63153776,20260207,131.89886999999993,8.5,21.567000660000005,11.159368884482229,4.5428148097436925,11.81956204619646,97.97489000000002,131.8988647460939,347190,153,0.005814691562927594,0.0016754729065166,0.7428031036202211,1.000000000000001,-0.46555119885368323,0.3905367113172305
63155109,20260207,107.97988,3.79,18.7744043,27.7887887746,3.21094022674264,1.927198847858817,60.28349,53.554523637,6426,105,0.401625,0.3923280423280423,0.5582844692918718,0.4959676098813743,-0.1527862198568232,-0.491504256660583
63155864,20260207,1000.0,9.0,0.0059480099999998995,39.03379004923139,35.45219325455128,25.618828535992066,0.21087,1000.0000000000008,5311,1838,0.0005500264087241997,0.2458020896662212,0.00021087,1.0000000000000009,2.939132583839031,1.8465365039991184
63156076,20260207,1000.0,9.0,1.9238692299999978,65.18897096721224,2.616685126774446,15.340017948173308,5.03416,1000.0000000000024,424013,3023,0.050271266820795545,0.1250443739275768,0.00503416,1.0000000000000024,-0.7092572081361728,0.7044464386859232
63158529,20260207,1000.0,7.66,0.00066175,18.93843819143392,0.0,52.80266181873692,0.0,999.9999999999986,2431,2262,0.003409059038003085,0.3422124672160082,0.0,0.9999999999999988,-1.0,5.893298024878684
63163299,20260207,309.54889000000003,3.72,99.73916304,44.22512435523115,2.0701145237923786,6.999389751272723,206.47149000000002,309.5488891601564,54211,169,0.007639656144306652,0.0193142857142857,0.667007689803055,1.0000000000000004,-0.4435176011310811,0.8815563702798289
63169453,20260207,1000.0,3.98,0.05765783000000001,15.334363999000002,0.0,6.858954570134397,0.0,105.17771289,2566,301,0.07481049562682215,0.9239531456198122,0.0,0.10517771289,-1.0,0.7233554113728646
63178103,20260207,24.0051,8.5,0.8585304199999988,4.4009895188013335,6.398736575927044,5.454476701936236,5.49351,24.00510025024414,6752,22,0.002830196588003521,0.0215218523414653,0.22884761988077534,0.999999920544032,-0.24720746165564186,-0.3582968585957369
63195753,20260207,72.20216606498195,4.15,10.571041659999999,6.25772488081443,2.0553631987105425,11.538083494141825,21.727330000000002,72.20216369628908,2174,17,0.14025806451612904,0.1365319865319865,0.30092352050000004,1.0000000000000002,-0.5047317593468573,1.780261019035053
63196383,20260207,1000.0,8.0,1.4307406499999988,64.61846908075134,2.846455784981019,15.47545150404112,4.07254,999.9999999999992,137689,2556,0.013906575093424906,0.0984206417135333,0.00407254,0.9999999999999992,-0.6441930268773726,0.93443143800514
63196659,20260207,131.08508,4.15,41.06715432,26.42197269733339,2.443052401883589,4.961214650707268,100.32921,131.0850830078125,705837,45,0.08316880331809398,0.0335587111097679,0.7653747474540962,1.0,-0.4113126742449184,0.1954733823368775
63201724,20260207,38.30118,1.53,55.162574809999946,0.0,0.6882927443248557,0.0,37.96800000000002,0.0,4717,0,0.01245576973857935,0.0,0.9913010512992032,0.0,-0.5501354612255845,-1.0
63204129,20260207,11.47175,3.76,0.7570996899999991,0.6402899693660953,7.1063693078516605,17.916464245555023,5.38023,11.471750259399414,228723,2,0.013768789467664357,0.0014880952380952,0.4689981912088391,0.9999999168675908,0.8899918371945906,3.765017098669619
63204861,20260207,111.72721,3.6,60.63759065,19.849990808265105,1.8356304860869337,5.628577184198856,111.30821,111.72721099853516,9074,42,0.022839164359426126,0.1794488328406011,0.9962497944771019,1.0000000000000002,-0.4901026427536295,0.5634937036958986
63204884,20260207,184.27386,3.4,78.66949489,29.302910935487645,2.3226391659879133,6.288585419489542,182.72084999999998,184.2738647460937,306129,41,0.023265617875056998,0.001455967788231,0.9915722718349742,0.9999999999999996,-0.31687083353296663,0.8495838950292578
63219307,20260207,33.47138,1.09,8.01462566,11.606458020407567,0.7191227943140142,2.883857881853844,5.7635,33.47137832641601,1067,38,0.0012850776827652655,0.02573123188859,0.17219188452940987,0.9999999999999998,-0.34025431714310633,1.6457410949933091
63225492,20260207,135.48968000000002,4.48,8.7729203,16.328255777331954,3.8448781986541016,8.297865896296424,33.73081,135.48968505859378,2541,54,0.003021043871121151,0.071105342721884,0.24895482814632075,1.0000000000000002,-0.14176825922899525,0.8522022011090336
63231083,20260207,5.645161290322581,7.02,0.1406970999999993,0.0687969434087804,3.9112391086952236,82.0542137189164,0.5503,5.645161151885986,3852,1,0.0014747884681649375,0.0158730158730158,0.09748171428571428,0.9999998211860656,-0.4428434318097972,10.688634464652338
63236174,20260207,23.102310231023104,7.91,1.8509005299999988,1.9229868872125937,3.41908703219184,12.01375751469308,6.32839,23.102310180664062,2346,12,0.001385133140461711,0.0016515276630883,0.2739288814285714,0.9999999174390588,-0.5677513233638635,0.5188062890574624
63252365,20260207,45.90532,2.5,16.153913609999996,7.115190311621436,1.3372103207626356,6.45173365035017,21.60118,45.90531921386719,111546,24,0.034644842687206884,0.0314640198511166,0.47055940357239634,1.0,-0.4651158716949458,1.580693460140068
63259521,20260207,6.334726973267452,3.86,9.433348259999999,14.012123499084929,0.6430908552081803,0.4520889613041203,6.0665,6.334726810455322,1845,13,0.05125,0.0501373626373626,0.9576576899999999,0.9999998494529913,-0.8333961515004714,-0.8828785042511258
63276032,20260207,2662.6699100000005,1.0,2759.05372097,5151.435962312454,0.7121862597547318,0.5168791655060895,1964.9601499999999,2662.6699218749995,272728,711,0.2127031664326938,0.0987413374669584,0.7379661078605119,0.9999999999999998,-0.2878137402452682,-0.4831208344939105
63277194,20260207,72.20216606498195,4.15,6.394276399999999,7.949277386075771,1.3477177808578937,9.082857611674648,8.61768,72.20216369628908,1620,36,0.17608695652173914,0.3430836139169472,0.11935486799999999,1.0000000000000002,-0.675248727504122,1.1886403380601542
63287123,20260207,307.8781,3.79,94.91277078999994,0.6168246212999999,2.770039034912471,9.797436733032152,262.91208,6.04331,27674,4,0.6122566371681416,0.09375,0.8539486244718283,0.0196289042607708,-0.26911898814974383,1.585075681172814
63322976,20260207,94.94436,3.45,34.85537662,10.321717180546209,1.8235132184321237,9.198503307775772,63.559239999999996,94.9443588256836,2681385,45,0.12720284066111312,0.0028131721434272,0.6694367100899937,1.0,-0.4714454439327178,1.666232805982575
63324168,20260207,50.0,3.0,0.9346518599999998,4.085702333925649,1.7914691786950494,12.237795041266176,1.6743999999999999,50.0,18881,52,0.030409083588339506,0.2229396316186169,0.033488,1.0,-0.4028436071016502,3.0792650137553923
63333258,20260207,41.27358490566038,3.44,0.2636811899999995,7.311835967691628,2.44753901482317,5.644762931061847,0.64537,41.27358627319336,7570,15,0.000604608442154866,0.1168888888888888,0.01563639314285714,1.0,-0.28850610034210167,0.6409194294092105
63333682,20260207,273.87567,3.79,46.25782208,0.0155768015999999,3.609786464032334,34.884254784705945,166.98086,0.5434199999999999,10298,1,0.635679012345679,0.0114942528735632,0.6096958521361171,0.00198418500354,-0.04754974563790659,8.204288954042665
63334016,20260207,133.70215,3.79,45.665018149999995,3.7510710017,2.4448922725326896,10.913026991070245,111.64605,40.93554999999999,9951,8,0.3827307692307692,0.1178861788617886,0.8350355622553565,0.3061697248577542,-0.3549096906246202,1.879426675702284
63338096,20260207,44.41921000000001,1.97,64.86024656000001,15.537547623859288,0.6848887007992897,2.8588298966544623,44.42205,44.41920852661133,4549,10,0.0015275865542832196,0.0048780487804878,1.0000639363014334,1.0,-0.652340761015589,0.4511826675816209
63339310,20260207,12.987012987012989,1.94,5.341698699999999,0.8095585557754776,0.8382239904321075,16.042072223727764,4.47754,12.987012863159178,1751,25,0.0032211184694628404,0.0147742923799083,0.34477058,0.999999926567082,-0.5679257781277796,7.269109149776053
63339821,20260207,10.85282,2.0,2.33709963,1.1029404586837277,1.3221173630496872,9.83988797499308,3.0899199999999993,10.852820396423338,45365,24,0.0212233918128655,0.0154043645699614,0.2847112547706494,0.9999999121265994,-0.3389413184751564,3.91994398749654
63339996,20260207,162.68000999999998,2.0,55.59990414000002,0.0,2.0165099514864013,0.0,112.11776,0.0,140241,0,0.7688651315789473,0.0,0.6891919910749945,0.0,0.008254975743200665,-1.0
63344858,20260207,179.59183673469389,8.8,1.1729856499999987,12.72948605185243,3.45213089350241,14.108333031787987,4.049300000000001,179.5918426513671,1350,268,0.0032782904322486645,0.0602165133076039,0.02254723863636364,0.9999999999999996,-0.6077123984656352,0.6032196279543308
63350356,20260207,7.170259999999998,1.0,22.22256703,28.54750082920672,0.2762840130805536,0.2511694366618563,6.13974,7.170259952545167,1467,6,0.035264423076923075,0.0551724137931034,0.8562785728829919,0.9999998669958696,-0.7237159869194464,-0.7488305633381436
63352392,20260207,72.20216606498195,4.15,1.33522697,13.454554140182031,1.8795306388995427,5.366373168344846,2.5096000000000003,72.20216369628908,40758,19,0.004318362416960681,0.0224561685238083,0.034757960000000004,1.0000000000000002,-0.5471010508675801,0.2931019385602494
63352636,20260207,507.4560800000001,4.15,0.3064362899999994,96.85474659120946,12.11534051662095,5.239351687197362,3.71258,507.4560852050779,26494,183,0.0027641971058040417,0.3215963557140027,0.007316061717104659,0.9999999999999996,1.919359160631554,0.2624943534449441
63354033,20260207,4.67689,2.06,2.139330179999999,2.1176577407685104,1.234563988621897,2.208519156724729,2.64114,4.676889896392822,162457,11,0.045727756354322066,0.0011214191049036,0.5647214281285213,0.999999796087968,-0.40069709290199174,0.0720967078012596
63355127,20260207,1.6891891891891893,1.9,0.2513404999999994,0.2847041284416357,0.5325444964102495,5.933118257752835,0.13385,1.6891891956329348,2255,7,0.02185077519379845,0.1779448621553884,0.0792392,0.9999994354251256,-0.7197134229419739,2.122693859054557
63355311,20260207,1.6891891891891893,1.9,0.41941804999999976,0.4729535346015103,0.8393534803759644,3.571567819000123,0.35204,1.6891891956329346,7857,1,0.0046269359872799015,0.0454545454545454,0.20840768,0.999999463558197,-0.5582350103284398,0.8797725599038914
63359739,20260207,1000.0,3.32,7.14293801,161.38014460597313,1.9924504426715586,6.1965491247083575,14.231950000000001,1000.0,453747,1317,0.002442170631755371,0.003130720041838,0.014231950000000002,1.0,-0.3998643244965185,0.8664304967789264
63370394,20260207,159.52762,8.3,8.540620879999997,12.6590337246797,6.998756980300479,12.601878569555746,59.77373,159.52761840820312,8011,95,0.0009915708432869997,0.0023150957517193,0.3746920439231777,1.0,-0.15677626743367729,0.5182985879473821
63372853,20260207,209.44123,2.5,75.19263075000002,0.0,1.8230887605963961,0.0,137.08284,0.0,8056,0,0.019634413843529125,0.0,0.6545169735681938,0.0,-0.27076449576144157,-1.0
63373937,20260207,40.68809,1.15,50.05249349,18.52971866612577,0.8240208853578935,2.195828755707415,41.2443,40.68809127807617,3242,20,0.0014676324128564961,0.0347222222222222,1.013670093631822,1.0,-0.28346009968878816,0.9094163488969116
63378942,20260207,12.07632,5.6,2.8356733399999987,0.5411564933826204,4.281226553408302,22.315721101880037,12.140160000000002,12.076319694519048,29652,22,0.006126066566121934,0.0036770188421733,1.005286378631901,0.999999921029398,-0.23549525831994608,2.98495026462759
63380156,20260207,34.70317,2.0,19.27245353,10.60359538028539,1.4694444563540736,3.272773645070897,28.319799999999997,34.70317077636718,2817,19,0.010479910714285714,0.0146604938271604,0.8160580142966766,0.9999999999999998,-0.2652777718229632,0.6363868225354485
63380247,20260207,6.73505,5.45,1.3374114599999993,0.2440426930968242,3.8597695282198363,27.59772283377094,5.1621,6.735050201416015,3746,11,0.006459734436971892,0.0155838815789473,0.7664531072523588,0.9999998584013252,-0.29178540766608513,4.0638025320393805
63386669,20260207,1000.0,8.55,0.0704290999999995,24.617347210675945,5.999366739032629,40.62175955923324,0.4225299999999999,999.9999999999987,96791,2293,0.008226330103688595,0.0393110683567738,0.0004225299999999999,0.9999999999999988,-0.2983196796453066,3.751082883396035
63393176,20260207,10.416666666666666,9.38,0.007641369999999899,0.3380503321787871,0.0,30.81386166243233,0.0,10.416666984558104,1698,25,0.0019171276956079938,0.1327777777777777,0.0,0.9999999084472768,-1.0,2.285059838644677
63400626,20260207,10.53743,3.2,3.917679739999998,1.7046798867381812,2.6897119466942456,6.18146768204408,10.53743,10.53742980957031,45662,14,0.013993870671161509,0.0282869260556887,1.0,0.9999999094965044,-0.1594650166580483,0.9317086218540732
63400779,20260207,2.2580645161290325,3.08,0.023360919999999702,0.461195925725429,0.0,4.896096184696678,0.0,2.2580645084381104,27613,4,0.012522334588000544,0.2712765957446808,0.0,0.999999577658694,-1.0,0.5896416577846468
63402334,20260207,7.225870000000001,2.4,1.5575263699999984,0.8969944875042271,0.6297678285857857,8.055637105322939,0.9808800000000001,7.225870132446291,147004,28,0.009981531274613651,0.0171123715203651,0.13574559188028568,0.9999998680194674,-0.737596738089256,2.356515327175289
63403274,20260207,10.1010101010101,9.3,0.23528397999999978,0.642712272244663,10.156790105301697,15.71619998960536,2.38973,10.1010103225708,16599,26,0.0008686346438645057,0.0755813953488372,0.23658327000000004,0.9999999055862536,0.09212796831201037,0.6899139427182641
63403381,20260207,11.363636363636363,9.8,2.176854729999999,0.182459800251914,3.2080000120173393,62.27987601258203,6.98335,11.363636016845703,160225,9,0.004290205024808082,0.0001443719020196,0.6145348,0.9999999160766648,-0.6726530599982307,5.355089265351525
63407342,20260207,402.38432,1.91,101.78377334999979,155.01736600982022,1.4890730124420202,2.5957369527237346,151.56347,402.3843078613276,223543,1231,0.009349078027828545,0.0214161447459986,0.376663459450905,0.9999999999999986,-0.22038062175810458,0.3590246063277879
63407584,20260207,8.733624454148472,1.18,10.17999462000001,3.123454787924289,0.6641172468517467,2.796141534027273,6.7607099999999996,8.733624458312988,1088,11,0.0017212466381901599,0.0227743271221532,0.7741012949999999,0.9999998908043028,-0.43718877385445193,1.3696115748460564
63412723,20260207,1017.58415,1.26,1235.2938429400003,427.5997859554755,0.7762061921380209,2.3797583593895166,958.8427300000001,1017.5841674804692,68367,365,0.0038366396363534333,0.0299794661190965,0.9422736488181347,1.0000000000000009,-0.3839633395729993,0.888697124921854
63413074,20260207,35.0,2.4,4.243047229999998,1.9388449540515225,2.5008371165361747,18.051975674943133,10.61117,34.99999999999999,4758,42,0.0006743675147048402,0.0015238744385885,0.3031762857142857,0.9999999999999998,0.042015465223406157,6.52165623234254
63415176,20260207,391.68223000000006,5.0,167.08847776,60.75368895152889,2.359302839339004,6.447052364580324,394.21232,391.6822204589842,61727,200,0.006827830319119518,0.0035206528733356,1.0064595475776368,0.9999999999999996,-0.5281394321321992,0.2894104729160648
63418375,20260207,111.04177,7.1,8.529634269999999,11.417190412271903,3.6520018343060805,9.725839475346277,31.150240000000004,111.04177093505858,1367,31,0.001835145657135186,0.0115100416824554,0.2805272286275696,1.0,-0.4856335444639323,0.3698365642231084
63419441,20260207,37.5,7.5,0.2326952199999996,3.6363664447123263,1.0109361077550298,10.312489199772449,0.23523999999999998,37.5,35384,125,0.0060163569278900925,0.0397203686050206,0.006273066666666666,1.0,-0.865208518965996,0.3749985599696598
63421324,20260207,1000.0,1.4,0.8615201099999998,190.85782470526783,1.1642096201329535,5.239502212208213,1.00299,1000.0000000000002,5298,358,0.0007478192135053496,0.1170060041156662,0.00100299,1.0000000000000002,-0.16842169990503317,2.7425016438831467
63423264,20260207,2919.6333800000007,6.1,570.78606884,343.44742637893995,3.4091879886884024,8.500961335080532,1945.9170099999997,2919.6333007812477,79940,515,0.0045280753130965265,0.0097420933347899,0.666493616400563,0.9999999999999992,-0.4411167231658356,0.3936002406532144
63428201,20260207,1000.0,3.83,0.0820921599999999,84.50608964421981,0.0,11.833466586569646,0.0,1000.0000000000008,4074,354,0.004803678811460913,0.6574574710221465,0.0,1.0000000000000009,-1.0,2.0896780214865203
63428584,20260207,32.25806451612903,8.0,1.651971029999999,3.033998184399468,5.9712245680240565,10.632192795531193,9.86429,32.25806427001953,1789,5,0.001184846678587986,0.0008626639061421,0.30579299000000004,1.0,-0.25359692899699293,0.3290240994413989
63449407,20260207,4.716981132075472,3.36,0.00020804,0.6054944095673546,0.0,7.790283558901788,0.0,4.716980934143066,2619,3,0.004398723547195163,0.0705645161290322,0.0,0.9999997978210772,-1.0,1.318536845870828
63451974,20260207,68.71583000000001,2.5,35.654098270000006,14.65446057606664,1.3379210894288027,4.689072169947189,47.70237,68.7158279418945,10076,32,0.0029741137577850587,0.0113715186547556,0.6941976834158882,0.9999999999999996,-0.46483156422847893,0.8756288679788756
63454972,20260207,67.95027999999999,5.05,7.864903899999998,0.9343599480302364,2.4337741749139497,72.72380056025301,19.1414,67.95027923583984,7264,12,0.01486088379705401,0.0254701429772918,0.2816971467961575,1.0,-0.5180645198190199,13.40075204228268
63456215,20260207,279.7433699999999,1.62,19.505223919999995,81.3901343937751,1.1436213237791943,3.4370673587421265,22.30659,279.74337768554665,3619,172,0.0016377047696624128,0.0173340354418529,0.07973947693559282,0.9999999999999992,-0.29406091124741096,1.121646511497116
63461553,20260207,3.4076200000000005,2.84,0.47569255999999926,0.590886605992309,0.7092185759642752,5.766951140281441,0.33737,3.4076199531555176,133743,6,0.10012952010181927,0.3047619047619048,0.09900458384444273,0.9999997201348558,-0.7502751493083537,1.030616660060094
63463364,20260207,117.6470588235294,5.0,4.04439071,12.472643232650936,2.421155793822897,9.432406984848724,9.7921,117.64705657958984,3884,8,0.020792291220556744,0.1323529411764706,0.08323285,1.0,-0.5157688412354207,0.8864813969697447
63464061,20260207,346.15384615384613,6.1,49.97379218,39.474104664929605,3.0249067242189027,8.769136964105188,151.16606000000002,346.1538391113282,5947,55,0.0024273469387755104,0.012242399510304,0.4367019511111112,1.0000000000000002,-0.504113651767393,0.43756345921343
63466342,20260207,80.63901,2.78,8.29725483,5.426086381792816,2.439680402102342,14.8613543967137,20.24265,80.63900756835939,75031,66,0.15825986078886312,0.0268352122632734,0.2510280074122934,1.0000000000000002,-0.12241712154592002,4.34581098908582
63467432,20260207,4.3478260869565215,2.19,0.3906337299999991,0.6766419427762345,0.9827364370199185,6.425583907207238,0.38389,4.34782600402832,11977,13,0.009260805690868321,0.4361111111111111,0.0882947,0.9999997806549512,-0.5512619009041467,1.9340565019722276
63471673,20260207,166.66666666666666,5.0,5.7088477399999995,17.527414073923886,2.4998091821590607,9.50891338226395,14.271030000000001,166.66667175292974,1675,36,0.0019364161849710982,0.0187619175640623,0.08562618000000001,1.0000000000000004,-0.5000381635681879,0.90178267645279
63472525,20260207,1025.55606,1.74,871.8579168499999,346.74977379480833,1.171362145439696,2.9576256563693946,1021.26136,1025.5560302734348,87878,570,0.016773811796144303,0.0214847387561729,0.9958123205863559,0.9999999999999972,-0.32680336468982984,0.6997848506660822
63473865,20260207,8.695652173913043,1.88,1.9025181299999996,1.270441991933186,1.3132542395272735,6.844582608799147,2.49849,8.695652008056639,58806,8,0.010723194748358863,0.0006640106241699,0.28732635,0.9999998903274634,-0.3014605108897481,2.6407354394465568
63480295,20260207,1000.0,5.38,0.0906517399999994,42.36625946116827,2.795533764713195,23.603688149832564,0.25342000000000003,999.9999999999974,239305,3187,0.045338372930165585,0.3468401760092527,0.00025342,0.9999999999999972,-0.48038405860349537,3.387302536755694
63510498,20260207,2.93115,8.3,0.1458485999999991,0.0136916787797914,3.0990355752472274,214.06694823588452,0.45199,2.931149959564209,1655,6,0.00024791407642644217,0.0033785980579157,0.1542022755573751,0.9999996746416868,-0.6266222198497317,24.79119798995228
63518080,20260207,1000.0,9.0,3.2433980099999986,69.18767285551726,3.1579781354062075,14.453441549260276,10.24258,1000.0000000000022,9056,1662,0.0022488763068365244,0.1030060754953802,0.01024258,1.0000000000000022,-0.6491135405104215,0.6059379499178085
63524267,20260207,38.46153846153846,2.76,0.0967084699999996,2.3269443456950283,6.345256004980769,16.528768195318314,0.61364,38.46154022216797,30200,25,0.039989406779661014,0.3657210401891252,0.01595464,1.0,1.2990057989060757,4.98868414943147
63529958,20260207,164.5273,5.57,50.97008587000001,6.489221414276212,3.073191801157936,25.35393109838164,156.64085,164.52729797363284,35747,41,0.0038173702252170478,0.0042478470885747,0.9520660097138894,1.0000000000000002,-0.44825999979211206,3.551872588330507
63530218,20260207,83.33333333333333,2.47,14.201148289999999,18.836507574331133,1.4361697789158148,4.424033017988524,20.39526,83.33333587646489,6160,81,0.0015419660066584896,0.0059840425531914,0.24474312,1.0000000000000004,-0.4185547453782127,0.7911064642690515
63531248,20260207,34.41965,2.1,22.040185029999993,59.34837758918851,1.5493454321513018,0.5799594167474756,34.147859999999994,34.41965103149414,2961,23,0.0002115634690407122,0.0004430660168365,0.992103638473953,1.0,-0.2622164608803325,-0.7238288366260903
63531465,20260207,12.32902,1.45,3.698970939999999,3.5792385436129424,0.494091472911112,3.4445919017936637,1.8276299999999999,12.329019546508787,37700,17,0.015354539160184092,0.0317316017316017,0.14823805947269125,0.9999999226480064,-0.6592472600613021,1.3755805438049349
63532364,20260207,72.20216606498195,4.15,9.028390819999998,12.351300837588042,4.069692011848463,5.845712836242101,36.74276999999999,72.20216369628906,187643,32,0.025304160204976063,0.038095238095238,0.5088873644999998,1.0,-0.01935132244615348,0.4086054703390398
63532391,20260207,238.66007,4.15,4.7765663499999995,42.63571733958678,2.805858647812984,5.597655533709455,13.40237,238.6600646972656,67630,69,0.009047491638795986,0.007687165775401,0.056156733717542276,1.0,-0.3238894824547027,0.3488326277288557
63533300,20260207,2094.1917699999995,3.61,88.02355833999997,292.7688706461145,2.606760443763265,7.153054348352952,229.45632999999998,2094.191650390627,889339,954,0.07179963508364012,0.0292897834736928,0.10956796473323932,1.0000000000000009,-0.27790569424840295,0.9814555557384798
63533681,20260207,7.475240000000001,1.97,11.235353969999998,1.477095419149989,0.43910766079762414,5.060766605108968,4.933529999999999,7.475240230560303,10962,13,0.0008309896524276996,0.0106493823806316,0.6599828232939676,0.999999872422268,-0.7771027102550131,1.5689170211226715
63533738,20260207,74.38692,3.79,7.22517268,9.64326804064551,3.456444725415199,7.713869311405051,24.973409999999998,74.38691711425781,2051,20,0.1289937106918239,0.1789554531490015,0.335723135196349,1.0,-0.08800930727831165,1.0353217385346738
63533942,20260207,1000.0,1.98,2.8360440499999995,355.5991723607589,1.7843305360507362,2.81215501866617,5.06044,999.9999999999995,1437,189,0.0070268948655256725,0.1883403997521357,0.00506044,0.9999999999999996,-0.09882296159053726,0.4202802987759966
63535088,20260207,1582.6044799999995,2.13,769.19871332,552.4758755550728,1.7369839897849193,2.864567593531371,1336.08585,1582.6044921874995,78492,740,0.008242360600651056,0.0264870265461342,0.8442323188671881,0.9999999999999996,-0.1845145587864228,0.3448673425462524
63535386,20260207,117.61521,4.62,53.19435337000005,12.360736747907067,2.211046897814746,9.515225861557584,117.61521,117.6152114868164,18871,77,0.01845935635332094,0.0234115309243186,1.0,1.0,-0.5214184203864186,1.0595727483240218
63535808,20260207,9.097779999999998,3.82,2.5308014499999993,0.988773502990665,2.793494527198095,9.201066775229158,7.069780000000001,9.097780227661133,1234,6,0.003295060080106809,0.0383823529411764,0.7770884765294392,0.9999998951750656,-0.26871871015756676,1.4086562659749506
63536636,20260207,208.86075949367088,5.6,1.6327292399999997,29.53876693564746,5.438880974533169,7.070733755883943,8.88022,208.86076354980477,5207,19,0.0026184250226289852,0.0250372116100223,0.04251741696969697,1.0000000000000002,-0.028771254547648333,0.2626310493388969
63537243,20260207,2.684563758389262,2.14,0.8432210599999994,1.0904449459021042,0.6256840881085208,2.4618954156205133,0.52759,2.6845638751983643,7458,5,0.03288359788359788,0.0114031659175298,0.196527275,0.9999996447564587,-0.7076242578932146,0.1504183621200113
63537321,20260207,1.8461538461538465,2.49,0.08482196999999969,0.231244975375006,7.764615700389914,7.983506966250669,0.6586099999999999,1.8461538553237915,3041,11,0.0032302953048650948,0.0753424657534246,0.3567470833333332,0.9999994834266812,2.1183195583895236,2.2062276850095177
63537589,20260207,4.265840000000001,3.12,0.46447200999999905,0.1775605832060337,0.8152052047226717,24.02456644356724,0.37864000000000003,4.265840053558351,22902,11,0.14198388096714198,0.3714285714285714,0.08876094743356525,0.99999977643932,-0.7387162805376053,6.700181834866385
63537852,20260207,12.032870000000004,2.37,6.560137069999999,3.9343703601430096,1.4343435052645936,3.058397185014633,9.40949,12.032870292663574,151575,19,0.10128633478115603,0.0238190210268391,0.7819821871257644,0.9999999207442432,-0.3947917699305512,0.290463009576542
63537981,20260207,1000.0,3.26,0.0229827299999998,43.27391729882351,0.7888531954210904,23.10860766280984,0.01813,1000.0,12517,1382,0.0040982908781350275,0.4816210822661242,1.813e-05,1.0,-0.7580204922021195,6.088529978653781
63538339,20260207,1011.98769,3.6,104.41202985000001,188.4743661344881,1.929018526786164,5.369365003233154,201.41273999999999,1011.9876708984374,18666,144,0.0026352496046984416,0.0352149817648526,0.19902686760942712,1.0,-0.4641615203371767,0.4914903181868765
63539511,20260207,354.54545454545456,2.69,14.27960337,61.99812875417846,1.5852604174957556,5.718647354034628,22.63689,354.5454406738282,2912,136,0.0026429479034307496,0.0860437527812553,0.06384763846153846,1.0000000000000002,-0.4106838596670053,1.1258911644573084
63543019,20260207,7.1144300000000005,2.32,3.098336459999999,1.5201420281809654,2.2962096246964743,4.680105634025362,7.1144300000000005,7.11442995071411,98680,10,0.49538152610441766,0.0416666666666666,1.0,0.9999998659521288,-0.010254472113588608,1.0172869692645674
63552128,20260207,86.28540000000001,4.15,12.18227423,17.76905321967389,3.2091774706339042,4.855936580748897,39.095079999999996,86.28540039062499,92113,20,0.011114288472212167,0.0056689342403628,0.45309032582569,1.0,-0.2267042239436376,0.1701051732913184
63554448,20260207,316.32612000000006,8.2,39.77014,19.599639323033085,5.836267863276317,16.13938345940481,232.10918999999998,316.3261108398437,228834,697,0.008870772665953389,0.0044316363895807,0.733765488603976,1.0,-0.2882600166736198,0.9682175408307944
63559263,20260207,4.53857,4.5,0.6646629899999998,0.4867689977997793,4.291573388191812,9.323848938369458,2.8524499999999997,4.538569927215576,2305,9,0.0985042735042735,0.0350378787878787,0.6284909123358238,0.9999997898734334,-0.04631702484626407,1.0719664307487686
63560316,20260207,4.545454545454546,2.83,0.0950478999999996,0.0968106452926601,0.0,46.95152621737675,0.0,4.545454502105713,7375,2,0.007341961174713788,0.0137931034482758,0.0,0.9999997901916924,-1.0,15.590645753760626
63561739,20260207,1000.0,8.37,0.6205552399999996,22.85253827784107,2.245634087305428,43.75881331356678,1.39354,999.9999999999998,152808,2072,0.010491308049323043,0.0407762547364303,0.00139354,0.9999999999999998,-0.7317044101188258,4.228054230808854
63563441,20260207,32.60413000000001,2.5,19.86996271,8.84130422215995,1.4766222980999242,3.687705488273428,29.340429999999998,32.604129791259766,2810,13,0.0009405857740585774,0.0047101449275362,0.8998991845511592,1.0,-0.40935108076003035,0.4750821953093712
63568994,20260207,1000.0,1.56,9.99827321,110.60997637816124,0.7065810117025199,9.040775739254778,7.064590000000001,1000.0,75557,567,0.004441028836093902,0.0342227144583165,0.007064590000000001,1.0,-0.5470634540368463,4.795369276197736
63572763,20260207,16.345940000000002,1.35,15.402690830000001,6.745543690317172,1.061239245818193,2.423220123305104,16.34594,16.34593963623047,4061,7,0.010608672936259143,0.0126811594202898,0.9999999999999998,0.999999883313627,-0.21389685494948676,0.7949778374144426
63573065,20260207,2.7549400000000004,5.0,0.45875361999999986,0.5159460321031302,6.005271413444107,5.339579184570854,2.75494,2.7549400329589844,78890,1,0.005231883385172462,0.0009624639076034,0.9999999999999999,0.9999996423721312,0.2010542826888214,0.0679158369141708
63580443,20260207,130.7283,3.79,31.344804149999995,40.8005180403583,4.145986345236106,3.204084288061181,129.95513,130.7283020019531,6367,30,0.2829777777777778,0.2797619047619047,0.9940856723448558,0.9999999999999998,0.09392779557680898,-0.1545951661449032
63581835,20260207,208.86075949367088,4.7,0.8883164599999998,28.647656006476808,6.65968747218756,7.290675237510154,5.91591,208.86076354980477,4506,69,0.001673848439821694,0.0647808764940238,0.02832466,1.0000000000000002,0.4169547813165021,0.551207560293514
63583264,20260207,41.66666666666666,2.37,3.1465289999999992,10.375020368004035,1.0070239301783015,4.016056108253426,3.1686300000000003,41.66666793823242,1618,21,0.003867112810707457,0.0186270266671105,0.07604712000000002,1.0,-0.5750953881104214,0.6945385241257257
63592988,20260207,70.92198581560284,1.65,32.41290016,8.567357904481412,1.3753918896469397,8.278162527289492,44.580439999999996,70.92198944091797,57186,17,0.006098929226568833,0.0247321752814429,0.6285842039999999,1.0,-0.16642915778973347,4.0170682708519525
63596870,20260207,280.8988764044944,3.0,4.416675419999999,49.26779781396528,1.6782804474230533,5.701469753231015,7.41242,280.89886474609386,1258,122,0.000632446835252124,0.0285742959211256,0.0263882152,1.0000000000000004,-0.44057318419231556,0.9004899177436716
63597112,20260207,1707.9102600000006,7.91,27.67185854000001,147.84833431331188,4.238905378561535,11.55177212310849,117.29838999999998,1707.9102783203127,75380,781,0.001408377022043025,0.0028909250613656,0.06867948085281714,1.0000000000000002,-0.4641080431654191,0.460401055113528
63598203,20260207,181.8181818181818,2.55,70.36833114999999,46.55566452492408,1.390405007494625,3.905393129267864,97.84047999999999,181.81817626953125,28852,149,0.006100820434745835,0.0078586497890295,0.53812264,1.0,-0.4547431343158333,0.5315267459987254
63598374,20260207,5.076142131979696,2.43,0.0002938,0.0062331951392163,0.0,814.2418063182814,0.0,5.076142311096191,4492,1,0.03452728670253651,1.0,0.0,0.9999998211860656,-1.0,334.0789234359465
63599572,20260207,147.05882352941177,2.54,26.270447849999996,35.93179588254607,1.6296433256275835,4.092721082459143,42.81146,147.058822631836,4837,68,0.0017515208574739281,0.0271065703319033,0.29111792799999997,1.0000000000000004,-0.3584081395166994,0.6113075369786013
63600227,20260207,33.333333333333336,2.5,2.023867249999999,4.232378311018628,1.6398358143302143,7.87579033263563,3.3188099999999996,33.333332061767564,2678,49,0.006910967741935484,0.132034632034632,0.09956429999999998,0.9999999999999996,-0.3440656742679143,2.150316133054252
63601569,20260207,115.99468999999996,2.63,66.05690421,25.26087063281174,1.4745648644135878,4.591872031475702,97.40519,115.9946899414062,31414,125,0.005856122886490315,0.0179270387606584,0.8397383535401495,0.9999999999999996,-0.4393289488921719,0.7459588713561089
63604272,20260207,70.0,8.5,13.107625269999993,6.273609553956704,4.387274492170468,11.157849120209049,57.50675000000001,70.00000000000001,26513,17,0.0016779954937849674,0.0026687598116169,0.8215250000000002,1.0000000000000002,-0.4838500597446509,0.3126881317892998
63611224,20260207,1000.0,6.6,1.2335434099999987,80.48657679231266,5.162696301056812,12.42443184229298,6.36841,1000.0000000000005,25822,564,0.012463558258519162,0.0450143705249102,0.00636841,1.0000000000000004,-0.21777328771866483,0.8824897002759376
63613810,20260207,67.22689075630252,4.0,10.665219319999999,8.243240526136354,4.513010802294501,8.155394980337839,48.13225,67.22689056396484,7724,38,0.00571682332913922,0.0074043532041405,0.7159672187499999,1.0,0.12825270057362514,1.0388487450844597
63615321,20260207,121.09166,2.17,35.639077019999995,13.8716904266023,1.0431768471202683,8.729408391659875,37.17786,121.09165954589844,1087679,123,0.0806871559769143,0.0199096675040919,0.30702246546128775,1.0000000000000002,-0.5192733423408902,3.022768702648378
63616549,20260207,743.5570799999998,2.0,360.4157111799999,251.20795968191797,0.9672894082741249,2.9599263727656804,348.6263,743.5570678710931,24195,277,0.004942092039953429,0.0184598351311058,0.46886286120764276,0.9999999999999992,-0.5163552958629376,0.4799631863828402
63618506,20260207,7.20164609053498,5.02,0.4629729899999988,0.3557611968017941,0.31919788668449184,20.242865579067324,0.14778,7.201646327972412,62768,2,0.008383822193727627,0.0021413276231263,0.02052030857142857,0.9999998675755312,-0.9364147636086669,3.032443357764956
63619732,20260207,330.87964000000005,2.2,108.96754836999996,0.0,1.26041451839998,0.0,137.34428000000003,0.0,9613,0,0.004368949688678817,0.0,0.41508833846651916,0.0,-0.42708430981819095,-1.0
63622918,20260207,1350.15143,4.28,332.02644047,169.86219218408408,3.261464534171169,7.948510871954991,1082.89246,1350.1514892578114,431052,885,0.04836325284983395,0.0274014508551538,0.8020525964261654,0.9999999999999992,-0.23797557612823153,0.857128617363061
63631199,20260207,206.74242000000004,4.15,1.1974355599999988,42.08981228229744,5.085860319698545,4.911934747612429,6.08999,206.742416381836,29067,67,0.002988310767048083,0.0419799498746867,0.02945689617060688,1.0000000000000002,0.2255085107707337,0.1835987071652194
63631324,20260207,133.48968,2.35,7.976898749999997,25.046900385289742,0.8591459180800061,5.329588798436891,6.85332,133.48968505859366,188214,396,0.009959835532060136,0.0280771864219313,0.05133969906887184,0.9999999999999992,-0.6344059923063804,1.2679102190304952
63631326,20260207,80.87560000000002,2.15,0.30823821999999973,4.487540339490791,0.4089369579152128,18.022252410346603,0.12605,80.87560272216794,7201,114,0.0021875569597180873,0.3093498482649426,0.0015585664897694728,0.9999999999999996,-0.8097967637603662,7.382442609737014
63634590,20260207,5.076142131979696,2.07,0.00055329,0.2165554575491108,0.0,23.44027219758626,0.0,5.076142311096192,6458,6,0.0067453519949864215,0.5,0.0,0.9999998121262018,-1.0,10.323803359194054
63634742,20260207,5.076142131979696,2.07,0.025372929999999898,0.2392611273827818,0.0,21.215820349934287,0.0,5.076142311096192,10968,7,0.011801162040025823,0.5,0.0,0.9999998121262018,-1.0,9.249188905382349
63635613,20260207,1.2315270935960592,6.48,0.04878384999999941,0.0622349236725115,0.7307746313585425,19.788042297773007,0.03565,1.2315270900726318,13284,19,0.020436923076923078,0.3191666666666666,0.0289478,0.9999992256170526,-0.8872261371360274,2.053710222149399
63636832,20260207,27.027027027027028,1.03,29.272086110000004,12.741793593720187,0.5428858039117048,2.12113191209716,15.8914,27.02702713012696,2199,7,0.007295952222959522,0.1481481481481481,0.5879818,0.999999929428106,-0.47292640396921864,1.0593514281705598
63636929,20260207,35.30304,2.32,3.0551764899999982,6.55382568721199,2.4468635525537197,5.38663001566177,7.4756,35.30303955078125,143036,46,0.16013882669055082,0.0492370098512652,0.2117551349685466,1.0,0.05468256575591373,1.3218233494225002
63638951,20260207,2.47032,2.53,7.284128580000001,0.3451407902963535,0.24201384978846704,7.157406190140759,1.7628599999999999,2.470319986343384,19284,4,0.008461605967529618,0.0035492457852706,0.7136160497425434,0.9999996139471996,-0.904342351862266,1.8290143363950624
63639342,20260207,6.451612903225806,2.04,0.6874497099999993,1.0555030394904323,2.2969971141598142,6.112352684586594,1.5790699999999998,6.451612949371338,10334,31,0.07397279885468862,0.5567099567099567,0.24475584999999997,0.999999852180504,0.1259789775293207,1.9962513720022124
63639367,20260207,6.451612903225806,2.08,2.3760846399999984,1.7559010989362982,1.86910008390947,3.674244112629992,4.44114,6.451612949371339,51864,9,0.21574043261231282,0.0454545454545454,0.6883767000000001,0.999999852180504,-0.10139419042813945,0.7664635804809941
63639383,20260207,481.31553,2.49,167.08888093999997,120.78937544436552,1.471916195837801,3.984750442535181,245.94083000000003,481.31552124023415,27485,274,0.0030282830731261224,0.0181157024793388,0.5109763028007844,0.9999999999999996,-0.4088689976555016,0.6003013764150675
63639592,20260207,10.834120000000002,6.06,2.02456432,0.8018720559591761,0.9281256127244205,13.511016134334984,1.8790499999999999,10.834119796752928,37450,12,0.10160065111231688,0.0396150366708668,0.17343817495098812,0.9999999119749226,-0.8468439582963003,1.229540637278931
63639615,20260207,2473.59103,2.49,1856.1068889899996,657.6400141915344,1.2703519845686562,3.761314712172285,2357.90907,2473.591064453124,320781,1215,0.004372726095461392,0.017491536249738,0.9532331906944214,0.9999999999999994,-0.48981848009290924,0.5105681517134075
63640115,20260207,4.3478260869565215,2.41,0.1585456099999995,0.9820424829226913,3.495397948893077,4.427325347232708,0.55418,4.347826004028322,8107,26,0.009292755616689592,0.5320054945054945,0.1274614,0.9999997806549517,0.4503725929016916,0.8370643940067246
63645350,20260207,12.57633,2.45,0.7774871499999998,4.836575491451996,1.7448905747188237,2.600254582381466,1.35663,12.576330184936523,2949,52,0.003492420653718617,0.0528206046407761,0.10787169229815056,0.9999999241691154,-0.28779976542088836,0.0613283803156673
63646194,20260207,576.4705882352941,1.72,124.39169135000002,172.59612886354932,1.3190589999964653,3.339997145419382,164.07997999999998,576.4705810546877,15197,311,0.005929379633242294,0.0214416903697683,0.28462853673469385,1.0000000000000004,-0.2331052325601946,0.941858773175789
63650409,20260207,3.00871,3.45,0.0439259699999998,0.4981628800790745,0.0,6.039598669927976,0.0,3.0087099075317383,2765,2,0.09469178082191781,0.6666666666666666,0.0,0.9999996830289248,-1.0,0.7506082859282516
63652241,20260207,117.5,8.5,11.386904179999998,9.592372147622346,5.165096594322971,12.249314970521624,58.81446,117.50000000000004,8317,33,0.0018191561495220806,0.0025120540612894,0.5005485957446808,1.0000000000000002,-0.39234157713847395,0.4410958788848969
63653084,20260207,1000.0,1.23,6.040023199999999,194.88888175097088,0.9943090947067886,5.131129009948717,6.00565,1000.0000000000008,52051,385,0.023910606826220773,0.0474300771683174,0.00600565,1.0000000000000009,-0.19161862218960274,3.171649536894973
63654692,20260207,1000.0,1.73,2.86550017,156.82697741411783,1.028455705867224,6.376453911898986,2.94704,999.9999999999995,2084,992,0.003602420051858254,0.3070264484399586,0.0029470399999999997,0.9999999999999996,-0.4055169330247261,2.6858114691316253
63654752,20260207,1000.0,1.4,0.9703912699999997,150.58680465809036,1.638483412984538,6.640688044545652,1.5899699999999999,1000.0000000000002,3670,345,0.005662706372473384,0.5147751632960357,0.0015899699999999998,1.0000000000000002,0.17034529498895581,3.743348684025641
63654992,20260207,500.0,1.34,4.735577859999999,116.1886300308857,1.0693457376709672,4.303347027706078,5.063969999999999,500.0000000000001,83981,195,0.04990551461849299,0.0435297882028625,0.010127939999999998,1.0000000000000002,-0.20198079278286035,2.211452925755427
63655156,20260207,1000.0,1.26,16.85680374,191.25437795028057,1.433514939885039,5.228638452560428,24.16448,1000.0000000000006,202830,413,0.05356803296006761,0.0331899303839182,0.024164480000000002,1.0000000000000009,0.137710269750031,3.149713088996171
63659280,20260207,31.392510000000005,7.5,1.428892689999999,2.4712302643871573,1.6754722147819245,12.703185619592055,2.39407,31.39250946044924,104913,104,0.003650277825135433,0.0145454545454545,0.07626245878395833,0.9999999392419232,-0.7766037046957434,0.6937580826122743
63664633,20260207,12.5,7.5,0.2143855199999996,0.2088567839432419,3.3663187700363406,59.84933749654708,0.7216899999999999,12.5,2078,17,0.0005883851969306566,0.0121023965141612,0.057735199999999993,0.9999999237060604,-0.551157497328488,6.979911666206277
63670871,20260207,3.5461400000000003,1.3,4.315747939999999,3.0257284987997126,0.4677497453662691,1.1719950368753589,2.01869,3.5461399555206308,418402,4,0.08361016745933415,0.0051282051282051,0.569264044848765,0.9999997310669994,-0.6401925035644084,-0.098465323181629
63681662,20260207,29.743270000000003,6.51,2.485760659999999,1.44774125678443,1.338310664229436,20.544589849912928,3.32672,29.74327087402343,224413,18,0.02954201990416513,0.0077945248354172,0.11184782305375299,0.99999993587294,-0.7944223250031589,2.155850864454069
63681685,20260207,52.66818000000001,6.51,7.81831669,2.079540300834147,3.241294898224441,25.326824976846243,25.341469999999997,52.66817855834961,450248,17,0.0474564694970277,0.0016865520049603,0.48115332635378694,1.0,-0.5021052383679814,2.890449168416758
63683340,20260207,85.97987,6.85,0.4298652799999994,7.703514213964361,10.509874163365803,11.161122068191496,4.51783,85.97987365722656,6907,30,0.006296836539338135,0.028735632183908,0.0525452062209445,1.0,0.5342881990315042,0.6293609085517461
63683627,20260207,71.41286,1.1,133.8593769,47.31787034904395,0.5489452565948707,1.5092153349182085,73.48147,71.41285705566405,8350,31,0.008425832492431886,0.0044235159817351,1.0289669115618671,0.9999999999999998,-0.5009588576410267,0.3720139110971341
63684378,20260207,64.88098000000002,8.26,6.50553055,0.0,9.468754243264604,0.0,61.599270000000004,0.0,65042,0,0.07503691739732349,0.0,0.9494195371278298,0.0,0.1463382861095162,-1.0
63695352,20260207,244.34484,1.0,278.00997194,135.64944454903508,0.812903107118669,1.8012962189786212,225.99517,244.34483337402324,56566,197,0.007163245406308964,0.0069920141969831,0.9249025680264007,0.9999999999999992,-0.18709689288133102,0.8012962189786212
63697940,20260207,1000.0,9.0,1.7965915899999985,69.44431775576527,1.928485037603901,14.4000260628517,3.4646999999999997,1000.0000000000008,175194,2965,0.02677251749747853,0.1509191481641009,0.0034647,1.0000000000000009,-0.7857238847106777,0.6000028958724111
63698176,20260207,35.2112676056338,8.2,0.1558657799999998,2.668965125956362,4.483344580189449,13.192849859061054,0.6988000000000001,35.21126937866212,1698,14,0.00019187091087833485,0.017826034524593,0.019845920000000003,1.0000000000000002,-0.45325066095250616,0.6088841665769946
63698780,20260207,1000.0,9.0,0.8726999999999979,51.88231855839327,3.309774263779084,19.27438881899846,2.8884399999999997,1000.0000000000002,458486,2364,0.03698392340020489,0.191958083104668,0.0028884399999999995,1.0000000000000002,-0.6322473040245462,1.1415987576664957
63698963,20260207,1000.0,9.5,0.1341763499999994,48.35314626506341,1.7842935807987108,20.68117706006143,0.23941,1000.0000000000014,25039,2351,0.0066331991098866165,0.4546547587424323,0.00023941,1.000000000000001,-0.81217962307382,1.1769660063222558
63699826,20260207,1000.0,9.0,0.0031029999999999,38.71104217720084,0.0,25.8324219118166,0.0,1000.0000000000013,1482,2205,0.00023699865668777586,0.2428750850890484,0.0,1.000000000000001,-1.0,1.870269101312955
63699827,20260207,1000.0,9.0,0.0366265999999998,38.21100692019362,0.0,26.17046904621232,0.0,1000.0000000000008,8919,2179,0.002628414817434356,0.3671883854927097,0.0,1.0000000000000009,-1.0,1.907829894023591
63699925,20260207,1000.0,9.0,0.413970999999999,51.94078490970503,2.090943568510843,19.25269289799392,0.8655900000000001,1000.0000000000006,127476,2169,0.016399634637403352,0.2760818257906572,0.0008655900000000001,1.0000000000000009,-0.7676729368321286,1.139188099777102
63704769,20260207,1000.0,7.57,1.558786249999999,85.23000151847899,3.203665672570568,11.732957531981612,4.99383,1000.0,7522,149,0.006137902896776826,0.0894442387910626,0.00499383,1.0,-0.576794495036913,0.5499283046127855
63705909,20260207,162.73909999999995,2.0,63.65937559000001,44.9435901629352,1.6774542478669003,3.6209635459397744,106.78568999999999,162.73910522460935,9465,96,0.003376257401726475,0.0226617826617826,0.6561772186278529,0.9999999999999998,-0.16127287606654983,0.8104817729698872
63707085,20260207,662.23531,1.5,429.30605014,0.0,0.891995814815842,0.0,382.9392,0.0,179555,0,0.049763039742808046,0.0,0.5782524643695003,0.0,-0.4053361234561053,-1.0
63708107,20260207,17.33141,5.0,1.7003743199999994,1.9173556990256355,4.742097022495613,9.039220226029515,8.06334,17.331409454345707,18142,14,0.015942003514938487,0.0096618357487922,0.4652443165328152,0.9999998899484532,-0.05158059550087746,0.807844045205903
63711593,20260207,132.71462,3.93,7.46426473,9.219171645366623,1.8850912325560027,14.395501632661563,14.07082,132.71461486816406,8992,78,0.0031473573678683932,0.0149801601863132,0.10602313445195412,1.0,-0.5203330197058518,2.6629774524507472
63716161,20260207,41.27358490566038,3.72,0.9929988299999999,8.965034584426864,1.2684506385571475,4.603839648432583,1.25957,41.27358627319337,42793,18,0.0029517095815198274,0.0049019607843137,0.030517581714285716,1.0000000000000002,-0.6590186455491539,0.2375912938238742
63731046,20260207,22.96911,1.0,27.71091917,12.343517315854648,0.9539611384893661,1.8608236242813283,26.43514,22.9691104888916,1050,10,0.034653465346534656,0.0852564102564102,1.150899621273963,0.9999999169602812,-0.046038861510633855,0.8608236242813283
63735016,20260207,23.80952380952381,3.03,2.225991839999999,3.2611256210450468,1.6612100428903647,7.30101198232619,3.6978400000000002,23.80952453613281,18663,8,0.00972081879264545,0.0080034373737438,0.15530928,0.9999999198913662,-0.45174586043222287,1.4095749344107862
63736484,20260207,32.25806451612903,8.5,1.3407742899999984,2.347417329542789,2.678325521889299,13.741932515412577,3.59103,32.25806427001953,2282,10,0.002973677352097993,0.0032873109796186,0.11132193,1.0,-0.6849028797777296,0.6166979429897149
63741668,20260207,29.41176470588235,4.71,0.34192043999999966,0.5289165117009379,0.0,55.60746901782966,0.0,29.41176414489746,1648,7,0.001961904761904762,0.0164930555555555,0.0,0.9999999351501494,-1.0,10.806256596062996
63751749,20260207,419.55009,1.0,617.8506275100001,434.79622098155806,0.6493419964900926,0.9649349698431796,401.19636,419.5500793457032,23624,173,0.005607804970683884,0.0124684684684684,0.956253781282707,1.0000000000000002,-0.3506580035099074,-0.0350650301568203
63769539,20260207,9.615384615384617,5.2,0.5843076499999994,0.8593608978500505,3.459958123088072,11.188982289763764,2.02168,9.615385055541992,4073,1,0.026345407503234154,0.2,0.21025471999999995,0.9999998807907104,-0.33462343786767845,1.1517274423410004
63774452,20260207,7.523130000000001,2.17,0.514190739999999,1.6414880803187692,1.3174099556907644,4.583112997968895,0.6774,7.523129940032959,87780,13,0.0464321608040201,0.1000347041471455,0.09004230951744818,0.9999998732343848,-0.3928986379305233,1.1120335653610698
63774454,20260207,44.39334000000001,2.28,15.67621129,10.433524380205451,1.5965707234353053,4.254874497998198,25.02818,44.393341064453125,298579,63,0.04470013174441583,0.0177171142274117,0.5637823150950119,1.0,-0.2997496827038134,0.8661730488551919
63775347,20260207,1000.0,3.0,0.1893895099999993,33.6017812331233,2.7002551514072866,29.76032619526472,0.5113999999999999,1000.0,17561,947,0.004448751076658053,0.3986857960568193,0.0005113999999999999,1.0,-0.09991494953090448,8.920108731754906
63781958,20260207,23.102310231023104,9.0,0.8184073199999986,1.6509209699636704,5.7609455399299305,13.993580920830828,4.714799999999999,23.102310180664062,2239,6,0.0004908365485794458,0.03125,0.20408348571428567,0.9999999174390588,-0.3598949400077855,0.5548423245367586
63782676,20260207,1000.0,7.35,2.1781402499999993,72.18231286970567,13.303652049035872,13.853809145063885,28.97722,1000.0,6436,198,0.005100649865271834,0.0534081207724429,0.028977219999999998,1.0,0.8100206869436561,0.8848720169822161
63786660,20260207,72.20216606498195,3.82,1.0599790199999997,14.140876313121405,3.8277550059434207,5.1059182607639375,4.05734,72.20216369628906,27811,17,0.0030885325278191145,0.022911051212938,0.056194159,1.0,0.0020301062679112104,0.3366278403124273
63786819,20260207,72.20216606498195,3.82,1.0274569299999996,15.617352119251564,0.0,4.623201072868437,0.0,72.20216369628908,10096,22,0.0014038210183820463,0.0501759943681802,0.0,1.0000000000000002,-1.0,0.2102620821105099
63786866,20260207,72.20216606498195,3.82,2.75334863,14.555177371832045,2.45339436001608,4.960582539889621,6.755050000000001,72.20216369628906,53379,14,0.0069606321801609135,0.0006653992395437,0.0935574425,1.0,-0.35775016753505756,0.2985818394186678
63788574,20260207,1000.0,7.7,1.7564915299999986,67.10001427639564,6.797379774441616,14.90312626429132,11.93954,1000.0000000000006,43077,434,0.033110684089162186,0.4310524873678832,0.011939539999999998,1.0000000000000009,-0.11722340591667327,0.9354709913575474
63789710,20260207,2299.103779999999,7.8,86.36392502000001,176.13172610705485,5.588769730975342,13.053319793816634,482.66809,2299.1037597656286,102528,1333,0.006346203840106959,0.0107223197671785,0.20993749573148898,1.0000000000000016,-0.28349106013136643,0.6735024967463287
63791228,20260207,6.381039197812215,4.4,2.6715754899999995,0.7209854900452998,1.4288871919542878,8.850428171279216,3.81738,6.381039142608644,4453,7,0.00455410104315811,0.0030701754385964,0.5982379800000001,0.999999850545632,-0.6752529109194801,1.0114609044207623
63795480,20260207,1038.25801,1.7,945.8515169700004,321.1415309544548,1.008024803992824,3.2330233038430967,953.4417899999999,1038.2580566406248,87881,326,0.007716237455110588,0.0149596182085168,0.9183091108538617,0.9999999999999998,-0.4070442329453977,0.9017783606819044
63796033,20260207,72.20216606498195,3.82,0.016032539999999998,14.631738951344142,0.0,4.934625952647296,0.0,72.20216369628908,1094,11,0.0001674344572154456,0.3235294117647059,0.0,1.0000000000000002,-1.0,0.2917869211736587
63797111,20260207,322.0524500000001,3.93,137.49512894999992,20.612375905073048,1.9699917522059982,15.624227191262658,270.86427000000003,322.0524597167968,316892,163,0.01681436871567665,0.0057390043971146,0.8410563869332464,0.9999999999999996,-0.4987298340442753,2.9756302610332583
63800765,20260207,199.22996,2.25,100.40840010999989,33.16163581730976,1.4375852004599796,6.007844736601385,144.34563000000003,199.2299652099611,308909,459,0.047207806100617394,0.0271261500077966,0.7245176880023467,1.0000000000000009,-0.3610732442400091,1.670153216267282
63801794,20260207,10.37795,4.66,0.3577827899999998,0.5942293119353095,3.8538186814407727,17.464524286654758,1.37883,10.377949714660645,20449,9,0.31077507598784193,0.2307692307692307,0.13286149962179428,0.9999999081057188,-0.17300028295262393,2.747752115561448
63815076,20260207,72.20216606498195,3.82,5.78055757,15.660402204457256,1.496078863548106,4.610492000342554,8.64817,72.20216369628908,137529,25,0.01988102810223199,0.0013519359723123,0.1197771545,1.0000000000000002,-0.6083563184429042,0.2069350997157499
63817404,20260207,2.752688172043011,1.93,0.1186623199999996,0.8396943194292567,0.0,3.278198777326019,0.0,2.75268816947937,41986,7,0.001464646640829127,0.2058823529411764,0.0,0.999999653548122,-1.0,0.698548635449969
63818001,20260207,280.7395600000003,5.0,35.34906767,30.476009734382124,2.420431305253716,9.21182123983042,85.55999000000001,280.73956298828114,43338,160,0.010312678469446031,0.0195195075611765,0.3047664176719516,0.9999999999999996,-0.5159137389492569,0.8423642479660838
63818646,20260207,1000.0,7.5,3.0791252999999967,75.02992802004727,2.1578530760018135,13.328014741061647,6.644299999999999,999.999999999999,814754,3220,0.052729084825617896,0.0434370103901828,0.0066443,0.999999999999999,-0.7122862565330915,0.777068632141553
63819872,20260207,126.29789,6.79,24.185790499999996,9.114412036868735,4.716534280738106,13.856941659170444,114.07310999999999,126.29788970947256,9801,209,0.009385234128124103,0.0209203229799979,0.903206775663473,0.9999999999999992,-0.3053705035731803,1.0407867064831042
63820079,20260207,68.4931506849315,2.7,26.974521619999997,17.504473402706765,2.0078888057033137,3.912893768071073,54.161840000000005,68.49314880371092,5876,31,0.0024855124571718625,0.0028904428904428,0.7907628640000001,0.9999999999999998,-0.2563374793691431,0.4492198885062531
63820271,20260207,68.4931506849315,2.7,3.1490065699999983,8.57499121676506,1.4951318440723362,7.987546469115068,4.70818,68.49314880371094,55247,194,0.0037335108395956103,0.0197250197250197,0.06873942799999999,1.0,-0.44624746515839403,1.958350491870342
63820716,20260207,371.34914,7.1,35.57215952,35.70246765753119,4.3508932853228135,10.401217774978551,154.77067,371.349151611328,6115,81,0.0017293552036199095,0.0054273732429118,0.4167793952612897,0.9999999999999996,-0.3871981288277727,0.4649602696743732
63822723,20260207,1000.0,7.57,1.3844797899999994,83.71371223877473,5.685550671707532,11.945474179931816,7.87153,999.9999999999998,6464,147,0.01990760702186634,0.2214977519093372,0.00787153,0.9999999999999998,-0.24893650307694423,0.5780018373909971
63823693,20260207,16.79295,1.89,5.189166969999999,2.2108811226289977,1.4393948090670132,7.595587980305749,7.46926,16.792949676513675,14048,64,0.010583892111805921,0.0597171293871136,0.4447854605652967,0.9999998864196912,-0.2384154449380882,3.0188296496272846
63826134,20260207,1000.0,7.35,43.93083675,91.082088102131,6.009085861538934,10.9791069776484,263.98417,999.9999999999995,306930,240,0.026005727648613843,0.0340371317642165,0.26398417,0.9999999999999996,-0.18243729774980483,0.4937560707624597
63835004,20260207,26.35564,6.0,0.5641522499999997,1.846578940939937,3.3944560178568834,14.272677736313726,1.91499,26.35564041137696,2386,10,0.0004980483019183,0.0392156862745098,0.07265959012947514,0.9999999276303492,-0.4342573303571861,1.3787796227189544
63835646,20260207,8.167650000000002,2.16,3.4143821599999997,1.2209806366,0.6635168220302559,5.375813856036172,2.2655000000000003,6.563770000000001,1164,6,0.18476190476190477,0.25,0.27737476507930675,0.8036300593888448,-0.6928162860971038,1.4888026122317268
63837272,20260207,98.75586,1.18,70.72898577000001,40.94324926030061,1.0467772044796282,2.4120180676216534,74.03749,98.755859375,13400,82,0.006857727737973388,0.0352181962443797,0.74970224551738,1.0000000000000002,-0.11290067416980658,1.0440831990153254
63837886,20260207,132.86555999999993,2.15,61.89113417000001,41.20663087312064,1.5391900839680477,3.224373086804978,95.26222000000001,132.86555480957037,9704,83,0.0007980853846090583,0.0042072181670721,0.7169820380842113,1.0000000000000004,-0.2840976353636987,0.499708345944951
63840924,20260207,8.088235294117647,1.74,2.048446409999999,2.2312738667320424,0.3984580685222808,3.624938828479871,0.8162199999999997,8.08823490142823,1406,43,0.000976049982644915,0.0160328113348247,0.10091447272727269,0.9999998820911844,-0.7710011100446662,1.0832981658689604
63848165,20260207,36.14132,1.05,31.217929419999997,9.77790045069217,1.1255720879901971,3.696224538276966,35.13803,36.14131927490234,85555,8,0.0425540910221338,0.0158102766798418,0.9722398075111811,1.0,0.07197341713352104,2.5202140058417624
63848591,20260207,354.54545454545456,2.7,15.07816122,61.94989920539681,1.2602451799490706,5.723099464217408,19.00218,354.54544067382835,6421,483,0.0018034490506684642,0.0257697186028906,0.0535958923076923,1.0000000000000009,-0.5332425259447887,1.1196664307940134
63862766,20260207,4.545454545454546,2.97,0.00097594,0.1289787577888955,0.0,35.241611397234706,0.0,4.545454502105712,5024,12,0.013483628556092324,0.3137591575091575,0.0,0.9999997901916922,-1.0,10.86586230900662
63864374,20260207,2.05838,6.0,0.0151464699999999,0.0515300564421504,11.000582974118794,39.944453513102594,0.16662,2.058379888534546,1236,4,0.08643356643356644,0.6666666666666666,0.08094715261516337,0.9999995366871391,0.8334304956864657,5.657408918850432
63864918,20260207,11.45841,5.19,0.2422437999999994,0.6334219321836281,0.7143216874900428,18.08966755207365,0.17304,11.458410263061523,14949,35,0.021441480206540447,0.1155115511551155,0.01510157168402946,0.9999999167708072,-0.8623657634893945,2.4854850390428886
63865915,20260207,49.263179999999984,8.5,8.131456029999999,4.069823714084251,4.07247851772495,12.104496689641191,33.11518,49.263179779052734,20478,25,0.002728072045188106,0.0027812283791433,0.6722095487948608,1.0,-0.5208848802676529,0.4240584340754345
63866696,20260207,4.3478260869565215,2.54,0.8407386899999991,0.6056308684986713,0.36164625657943766,7.178991447075508,0.30405,4.34782600402832,8583,5,0.49045714285714287,0.3888888888888888,0.06993150000000001,0.9999997806549512,-0.8576195840238434,1.8263746279106865
63872859,20260207,1000.0,1.02,1.87255238,575.4770667385637,0.9822208551517261,1.7376887039646465,1.83926,999.9999999999998,8381,456,0.0032792080757492762,0.0909090909090909,0.00183926,0.9999999999999998,-0.03703837730222935,0.7036164082926966
63873690,20260207,5339.06705,1.0,2656.2347215300006,3532.5823698884524,0.5232151619490466,1.5113778912927278,1389.78228,5339.066894531254,72743,1658,0.05629827412738952,0.1988187372011676,0.2603043316341195,1.0000000000000009,-0.4767848380509534,0.5113778912927278
63877699,20260207,29.96146,9.0,0.3320364199999993,2.49047146573834,2.186717951000681,12.030432187349176,0.72607,29.961460113525398,1703,30,0.0008784236859751379,0.0166666666666666,0.024233465258368586,0.9999999363399348,-0.7570313387777021,0.3367146874832419
63886464,20260207,1.45776,5.0,0.11513623999999979,0.14679120267404,12.661174274928577,9.930772546713929,1.45776,1.457759976387024,21711,3,0.01826602725896012,0.0405405405405405,1.0,0.9999993457951186,1.5322348549857154,0.9861545093427854
63886585,20260207,1.252086811352254,5.0,0.0933090099999999,0.0951631868800566,0.0,13.157121388445177,0.0,1.2520867586135864,28100,1,0.0070295692199929954,0.0142857142857142,0.0,0.999999225139618,-1.0,1.6314242776890349
63886628,20260207,2.4251000000000005,5.0,0.7721016299999993,0.2196970566332812,3.034626413105749,11.038331996570506,2.3430400000000002,2.425100088119507,76994,1,0.06573941256830601,0.0208333333333333,0.9661622201146344,0.9999995827674866,-0.3930747173788502,1.207666399314101
63887366,20260207,19.94432,5.05,2.068721169999999,0.9984211896835132,4.993128194265061,19.975838763191977,10.32939,19.944320678710938,1654,8,0.005743055555555556,0.014519056261343,0.5179113652408305,0.9999999043663366,-0.0112617437098888,2.955611486875042
63887879,20260207,62.70501,4.92,6.102116979999998,6.271014198727452,3.8811923923490577,9.999179953059857,23.68349,62.70500946044922,6013,66,0.003711041165216318,0.0201960784313725,0.37769693362619666,1.0,-0.21113975765263054,1.0323536174804029
63890282,20260207,42.79496,8.01,0.0635166,1.260437009999781,0.0,33.95245119748499,0.0,42.79496002197266,4495,9,0.0031823008849557522,0.0392070999007415,0.0,1.0000000000000002,-1.0,3.2387578311248832
63890317,20260207,2.10644,8.01,0.0179027199999998,0.0587974673292317,0.0,35.82474446989609,0.0,2.10644006729126,1135,5,0.0011656567731334086,0.045045045045045,0.0,0.999999547258002,-1.0,3.47250230289907
63891398,20260207,62.135140000000014,6.0,30.61322343999998,7.247483871146512,2.0021648527189546,8.573338278042185,61.29272000000001,62.13513946533202,6389,15,0.004364369150898285,0.0023904382470119,0.9864421324229735,1.0,-0.6663058578801743,0.4288897130070307
63893095,20260207,68.18181818181819,3.3,2.794432129999999,7.7910453194579645,2.135432074351365,8.751304164472955,5.96732,68.18181610107418,3366,189,0.00829064039408867,0.1402276536015873,0.08752069333333333,0.9999999999999992,-0.3528993714086773,1.6519103911896658
63893625,20260207,4.926108374384237,8.0,0.5488183999999994,0.0758969971131296,2.9332289150655333,64.90432617013495,1.60981,4.926108360290527,3342,7,0.002368029476369305,0.0087499999999999,0.32679143,0.9999998064041506,-0.6333463856168083,7.113040771266869
63893649,20260207,36.47676,4.76,2.2019377899999992,5.076749479864981,3.5351589110971218,7.1850607999997536,7.7842,36.47676086425781,1170,27,0.0005691215098745014,0.0180641821946169,0.2134016288727398,1.0,-0.2573195564922013,0.5094664820399777
63893761,20260207,1000.0,8.0,0.3891586299999991,61.69858133155458,3.910487607585635,16.20782783348602,1.5217999999999998,999.9999999999992,7556,701,0.008974937641050005,0.4031421623746734,0.0015217999999999998,0.9999999999999992,-0.5111890490517956,1.0259784791857527
63894784,20260207,164.65190000000004,1.76,86.79048194,43.21355421701104,1.8498518087616,3.810191048115893,160.54953,164.6519012451173,6483,121,0.040493441599000625,0.1500188964474678,0.9750845875449963,1.0000000000000009,0.05105216406909093,1.1648812890692102
63895426,20260207,2.45433,6.5,1.2508153499999992,0.095791523429891,1.7856352658288062,25.621310302938863,2.2335,2.4543299674987797,1785,1,0.009365162644281217,0.0078125,0.9100243243573601,0.9999995827674866,-0.7252868821801837,2.941740046605979
63909258,20260207,1000.0,8.49,0.0785548699999998,47.33237106149937,6.25409984129566,21.12718962617573,0.49129,999.9999999999995,1031,136,0.0007925282496733031,0.2743200719110996,0.00049129,0.9999999999999996,-0.2633569091524547,1.4884794105704908
63920345,20260207,23.28086,2.28,12.20284938,5.883920228924309,1.6407045089660854,3.956691463922791,20.02127,23.28086090087891,278446,29,0.09462262548000136,0.0076416337285902,0.859988419671782,0.9999999180722534,-0.2803927592254011,0.7353910147248799
63921353,20260207,1000.0,1.02,1.6859938299999995,361.3458830744682,0.3282692914718438,2.767431549860726,0.5534600000000001,999.9999999999998,2735,371,0.0044616639477977164,0.1032484854746366,0.0005534600000000001,0.9999999999999998,-0.678167361302114,1.7131682368728465
63924789,20260207,7.319470000000001,2.53,4.274365819999999,1.3363395333155288,1.5365250136685777,5.477249059101334,6.56767,7.319469928741455,2115,5,0.19766355140186917,0.0795454545454545,0.8972876451437056,0.9999998697072052,-0.3926778602100483,1.1649206012016635
63924884,20260207,6.451612903225806,2.04,0.0624872099999997,0.5087624397238213,0.30022143731493356,12.680968099581902,0.01876,6.451612949371338,2086,14,0.008091543832428239,0.5595238095238095,0.0029078,0.999999852180504,-0.8528326287671893,5.216160949367462
63929252,20260207,5.68214,4.3,4.09207596,0.7271071737118254,1.3836791045296237,7.814710491422201,5.66212,5.682139873504639,1100,4,0.0019593872461702885,0.0069930069930069,0.9964766795608696,0.999999832162851,-0.6782141617372968,0.8173744522757055
63930481,20260207,154.00257,5.0,2.6122427199999994,16.197617435192186,3.2410196553251387,9.507728811660646,8.466330000000001,154.0025634765624,2812,99,0.0011808180062148315,0.0227132385623478,0.05497525138703855,0.9999999999999992,-0.3517960689349723,0.9015457623321292
63931270,20260207,17.857142857142858,1.05,9.997431630000001,4.23503839853072,0.7097622932181032,4.216523560157402,7.0958000000000006,17.857143402099613,9372,9,0.002013535288430551,0.0033444816053511,0.3973648,0.9999998931884916,-0.32403591122085407,3.015736906326342
63932875,20260207,77.90089,1.0,57.15022754,103.50408469579996,0.5269629062967681,0.5769724995350911,30.11605,59.719011035999976,2937,48,0.008738470693246058,0.0094861660079051,0.3865944278685391,0.7666024571963606,-0.4730370937032319,-0.4230275004649089
63935338,20260207,45.15721,1.18,43.847514660000016,25.848855348653395,0.807353855161468,1.746971343514136,35.400459999999995,45.15721130371093,5753,33,0.004228281640452742,0.0311004784688995,0.7839381573839481,1.0,-0.3158018176597729,0.4804842552276488
63937480,20260207,27.785550000000004,6.0,15.92798474,3.807925225050017,1.7353620342556908,7.296766670802135,27.640819999999998,27.78554916381836,3633,14,0.00724571200638213,0.0148977113388576,0.9947911774285553,0.9999999313546588,-0.7107729942907182,0.2161277784670225
63937984,20260207,500.0,1.36,79.24994016,153.16574725237234,1.2026851983429938,3.2644374196256054,95.31272999999999,499.9999999999994,26547,649,0.004116707502403623,0.0389414242344124,0.19062545999999997,0.9999999999999988,-0.1156726482772105,1.400321606829948
63940373,20260207,12.25487,2.1,9.113452929999998,2.0748011294092046,1.344701080274302,5.906524887856865,12.25487,12.254870414733888,22502,5,0.0036067255445671512,0.0027870680044593,1.0,0.9999999221799816,-0.3596661522503324,1.8126310267096484
63942050,20260207,5.754020000000001,2.0,6.880595539999999,1.057046105012966,0.8362677280693642,5.443485145357104,5.75402,5.7540202140808105,91254,16,0.4581024096385542,0.0361990950226244,0.9999999999999999,0.999999834259505,-0.5818661359653179,1.721742572678552
63942675,20260207,7.03731,2.08,2.40745589,0.3316979021286332,1.3539936551028562,21.21595844388573,3.25968,7.037310123443604,17441,15,0.28405537459283386,0.1428571428571428,0.46319971693729567,0.9999998644831376,-0.3490415119697807,9.19998039523196
63942969,20260207,2.16213,4.82,0.041122969999999995,0.0943251686842032,0.0,22.921848174020795,0.0,2.162130117416382,4559,4,0.007320166987797046,0.2666666666666666,0.0,0.999999558919286,-1.0,3.755569991218486
63942976,20260207,0.7507507507507507,4.82,0.09498938999999951,0.053707202551546,0.6256488224632278,13.978326297273933,0.05943,0.7507507801055908,5076,2,0.04691312384473198,0.0833333333333333,0.07916076,0.999998650314298,-0.8701973397379195,1.900067593245713
63949306,20260207,37.5,7.5,0.0449652199999997,2.9319987163978687,2.641597216693275,12.789905739169347,0.11878,37.50000000000001,11375,110,0.0014147482059127148,0.1111111111111111,0.0031674666666666666,1.0000000000000002,-0.64778703777423,0.7053207652225798
63950119,20260207,1127.6450100000006,1.49,1214.6769155400002,510.6869404286031,0.9169166761557043,2.2080944861773046,1113.75752,1127.6450195312505,164069,743,0.009557064884984826,0.0046687276931583,0.9876845196166828,1.0000000000000004,-0.38461968043241324,0.4819425986875159
63950199,20260207,1000.0,1.86,1.0834072399999997,0.0,0.5502547684654573,0.0,0.59615,0.0,1021,0,0.0457847533632287,0.0,0.0005961499999999999,0.0,-0.7041641029755606,-1.0
63952722,20260207,1000.0,6.0,1.3205693899999993,6.553472695600002,3.1496035206449866,29.175867166198252,4.15927,191.20327802000003,1816,363,0.0033642089662838087,0.1349652157774875,0.0041592700000000005,0.19120327802,-0.4750660798925022,3.862644527699709
63953184,20260207,10.20408163265306,8.1,0.3724572899999989,0.348197133499162,0.9627949556310229,29.305388379871705,0.3586,10.204081535339355,33825,11,0.017681651855723995,0.0353994490358126,0.0351428,0.999999906539925,-0.8811364252307379,2.6179490123128004
63953504,20260207,24.7436,9.2,9.367659570000002,1.4752906985469123,2.004393932090766,16.772005746191144,18.77648,24.74360084533691,74031,10,0.43598939929328623,0.0608333333333333,0.7588418823453337,0.9999999229154842,-0.7821310943379602,0.8230441406423065
63957756,20260207,1000.0,9.68,0.47714719999999844,40.19794808018352,2.629062897152082,24.87689105743392,1.2544499999999998,1000.0000000000013,94937,3439,0.013725169871331502,0.2245953377469187,0.0012544499999999998,1.000000000000001,-0.728402593269413,1.5699266811110055
63959710,20260207,6.746300000000001,9.0,1.0116520099999995,0.082203953870584,5.871090000602088,82.06683299293928,5.939500000000001,6.746300220489502,53675,9,0.012660691119235758,0.0060362173038229,0.8804085202259017,0.9999998586374532,-0.347656666599768,8.118536999215475
63965582,20260207,1000.0,2.13,0.6573798499999994,71.65892777077129,1.6206611748139235,13.954995101850947,1.0653899999999998,999.9999999999992,1179,1544,0.0005254010695187166,0.4370954348972747,0.0010653899999999998,0.9999999999999992,-0.23912620900754764,5.551640540880371
63966360,20260207,1000.0,5.63,29.11323841,25.62977137390367,1.621798967708862,39.01712373451286,47.215819999999994,999.9999999999987,213733,1148,0.08134152839092708,0.1012850409217971,0.04721581999999999,0.9999999999999988,-0.7119362401938079,5.930217218723346
63974967,20260207,16.666666666666668,7.15,0.1509424199999995,0.9232828435029112,11.898510703618015,18.05150837217183,1.79599,16.66666603088379,35391,14,0.006478545800688291,0.093705547652916,0.10775939999999999,0.9999998855590908,0.6641273711353867,1.5246864519439116
63985726,20260207,4994.14603,1.0,6089.890448690001,3915.238645656752,0.7498611984033832,1.2755661779029197,4566.572550000001,4994.145996093753,160888,1661,0.11837833860643072,0.1901750197002886,0.914385066549606,1.0000000000000004,-0.25013880159661683,0.2755661779029197
63987649,20260207,5.076142131979696,2.07,1.5329025399999994,1.4592135284581946,0.7985439178670813,3.4786813125138227,1.22409,5.076142311096191,48582,19,0.03132705700283724,0.0232386549757818,0.24114572999999992,0.9999998121262016,-0.6142299913685596,0.6805224273916899
63987864,20260207,138.91400000000002,3.0,7.335207660000001,11.7539137379,3.962146860338511,1.4456272977045452,29.06317,16.991780000000002,1273,2,0.08056962025316455,0.005050505050505,0.2092169975668399,0.1223186994890523,0.32071562011283694,-0.518124234098485
63993604,20260207,23.71317,4.5,6.438650769999999,0.2468897249885791,3.4845048755455337,96.04722534229396,22.43551,23.71316909790039,31270,8,0.007909047221589903,0.0025388765471278,0.9461202361388207,0.9999999195658552,-0.22566558321210362,20.343827853843106
63993812,20260207,82.3529411764706,2.06,7.230964519999999,21.34588527194998,1.849822380265254,3.858024088164839,13.375999999999998,82.35294342041018,1675,46,0.0027773171944951085,0.3938746438746439,0.1624228571428571,1.0000000000000004,-0.10202797074502234,0.8728272792858619
63996813,20260207,2738.002499999999,2.3,826.7561539400001,654.8330014658682,1.3900978354052935,4.1812224354849405,1149.2719399999999,2738.002441406253,49542,1062,0.010018807255960686,0.1205652066581837,0.41974831651906824,1.000000000000001,-0.39560963678030714,0.8179228357261984
63997228,20260207,3.88989,3.37,0.707181539999999,0.1502341445217123,5.500553648501636,25.892010607134964,3.8898900000000003,3.8898899555206303,29994,5,0.055792410714285715,0.5714285714285714,1.0000000000000002,0.999999754832632,0.6322117651340167,6.683089461838212
64002649,20260207,59.33854,2.0,24.471188329999997,12.045617717930751,1.5503991669046997,4.92615120178141,37.940110000000004,59.33853912353523,2433,129,0.003844816687737042,0.0358893280632411,0.6393839484422772,1.000000000000001,-0.22480041654765015,1.463075600890705
64003921,20260207,896.7005099999998,2.57,225.29017244999997,270.3056309922961,1.9243652543087217,3.317357814112573,433.54058,896.7005004882808,27229,394,0.002557818400435869,0.0078844152725526,0.483484257190843,0.9999999999999994,-0.2512197454051666,0.290800739409657
64004784,20260207,16.216216216216218,1.18,1.51071968,9.082752972401572,1.5725749994863374,1.7853854778285814,2.37572,16.216217041015625,1092,5,0.006019845644983462,0.1385964912280701,0.1465027333333333,0.9999998823801874,0.33269067753079445,0.5130386077886565
64005031,20260207,1000.0,8.49,1.23163432,53.09096687864933,6.591412619940631,18.835595581638536,8.118209999999998,1000.0000000000008,12273,212,0.011165393013100437,0.5701271401575662,0.008118209999999997,1.0000000000000009,-0.2236263109610564,1.2185625547028511
64005575,20260207,1000.0,6.38,2.129111579999998,48.78865222428556,2.8943386799859523,20.49656905680341,6.162369999999999,1000.0000000000032,515162,2677,0.0924024250251112,0.0920955960248694,0.0061623699999999995,1.000000000000003,-0.5463418996887222,2.212628321182958
64007547,20260207,41.66666666666666,6.5,0.0681534699999993,1.1696366853655134,0.0,35.62356827209405,0.0,41.66666793823242,3976,44,0.01602579604997985,0.4304597701149426,0.0,1.0,-1.0,4.480548964937546
64009920,20260207,650.6762800000001,2.3,108.41929587999999,0.0,1.5695649802812575,0.0,170.17113,0.0,12907,0,0.02348435225618632,0.0,0.2615296349822372,0.0,-0.31758044335597496,-1.0
64020441,20260207,193.69960000000003,2.61,10.769538549999998,45.464180980564365,1.0929456211473425,4.260487966164921,11.77052,193.6996002197265,1050,79,0.0030585493737256045,0.0595738658699583,0.06076687819696064,0.9999999999999996,-0.5812468884492941,0.6323709338725849
64020537,20260207,40000.0,1.56,1525.4624940200001,21846.37921102811,1.2181481926199602,1.8309670271573892,1858.23938,40000.0000000001,845119,8239,0.04100310027121309,0.0646393895908781,0.0464559845,1.0000000000000024,-0.219135773961564,0.1736968553313219
64020651,20260207,1000.0,7.0,3.29447241,70.37797737259831,6.385538375171883,14.208990129067846,21.03698,999.9999999999995,46180,352,0.06013803880713635,0.358066165049164,0.02103698,0.9999999999999996,-0.0877802321183024,1.029855732723978
64021638,20260207,380.56766,3.0,151.39981512,72.31216984928209,1.5370415731059843,5.262843764764127,232.70781,380.5676574707024,53398,272,0.012248371410221122,0.0134987593052109,0.6114755257974364,0.9999999999999982,-0.4876528089646719,0.7542812549213757
64021769,20260207,502.20883,2.57,116.80017328000002,86.6503720701316,1.7394896282640169,5.795806919153597,203.17269,502.2088317871092,9418,208,0.0017058503894222061,0.1106052830122469,0.40455817951269396,0.9999999999999996,-0.3231557866676977,1.2551778481334477
64024543,20260207,33.333333333333336,3.62,12.361320649999998,4.426828515174149,1.168799063553133,7.529843186304918,14.4479,33.33333206176757,11659,38,0.009005174944002471,0.0100568532937832,0.43343699999999996,0.9999999999999998,-0.6771273305101843,1.0800672442955035
64024748,20260207,106.53732000000002,2.5,57.40553908,27.772785097505047,1.522462664764858,3.836032964932446,87.39778999999999,106.5373229980469,6898,47,0.008261077844311378,0.0299333333333333,0.8203490570252749,1.0000000000000002,-0.3910149340940568,0.5344131859729784
64029718,20260207,1000.0,2.75,337.58636083,183.6460417430125,2.0149579157392052,5.445257545785308,680.22231,999.9999999999998,1576390,171,0.033443795016495,0.0032509505703422,0.68022231,0.9999999999999998,-0.267288030640289,0.9800936530128392
64040144,20260207,500.0,1.6,21.039017819999998,129.4641861792166,0.6015523209438491,3.862071904934242,12.65607,500.0000000000003,2695,200,0.012216681776971895,0.3960920880379643,0.02531214,1.0000000000000009,-0.6240297994100943,1.4137949046155542
64048419,20260207,793.6428571428571,2.67,3.1898601900000005,10.269445136299998,1.0692443545621348,6.3182492160553405,3.4107399999999997,64.88492000000001,2208,93,0.01645305514157973,0.1889692534248304,0.004297575375753758,0.081755814063552,-0.5995339496021966,1.3663854065597234
64070901,20260207,16.666666666666668,7.15,0.18408316999999957,0.3450353456850469,2.875548047113711,48.30408807452799,0.52934,16.666666030883793,22140,24,0.014451697127937337,0.1283363581367211,0.0317604,0.999999885559091,-0.5978254479561245,5.755816423810228
64073560,20260207,62.5,1.39,27.034988699999996,16.645742719470963,0.7600576507731258,3.754713580438711,20.54815,62.500000000000014,4967,46,0.0009770827185993903,0.0306354532864599,0.3287704,1.0000000000000002,-0.4531959346955929,1.701232819482127
64073567,20260207,1000.0,5.38,0.0058745699999998,31.78854383677151,6.220029721324497,31.45787280087284,0.03654,1000.0000000000014,13883,1856,0.00218760833254546,0.2316663917201171,3.6540000000000006e-05,1.000000000000001,0.1561393534060404,4.84718812857161
64074041,20260207,1000.0,5.38,0.0044572,36.42822585465306,0.0,27.4512400504684,0.0,1000.0000000000008,5315,1954,0.0008910758294633427,0.3039721030117919,0.0,1.0000000000000009,-1.0,4.102460867386263
64075202,20260207,16.138539999999995,8.3,0.23027221999999897,0.1084274965685876,3.809968914183413,148.84039508687383,0.87733,16.138540267944332,1729,56,6.995128898095254e-05,0.0036560510685205,0.05436241444393361,0.9999998818140688,-0.5409676007007936,16.93257730921761
64082498,20260207,130.62899000000007,2.5,71.42236495999998,39.65498918219591,1.823401816404933,3.2941373063961685,130.23167,130.6289825439453,25097,134,0.005292381012631534,0.0101147342995169,0.9969584086962621,1.0,-0.2706392734380268,0.3176549225584674
64094719,20260207,72.20216606498195,3.4,0.29324328,12.709338903949408,0.0,5.681031764195114,0.0,72.20216369628906,11408,20,0.00128044537230341,0.1709401709401709,0.0,1.0,-1.0,0.6708916484842556
64101541,20260207,72.20216606498195,3.4,3.3380556999999995,14.237444668895328,3.9490653196709693,5.071286337129262,13.1822,72.20216369628905,49177,18,0.006359533416097662,0.0018000248769479,0.18257347,0.9999999999999998,0.1614897999032263,0.4915547632010338
64101770,20260207,72.20216606498195,3.4,4.905490569999999,14.552565836074464,1.4534876580141916,4.961472742891418,7.13007,72.20216369628906,40501,23,0.0052632194513391635,0.0435888925766124,0.0987514695,1.0,-0.572503629995826,0.4592566481546646
64102891,20260207,1000.0,1.19,4.1478693699999996,322.56782289560044,0.9946311303434324,3.100123217260662,4.1256,999.9999999999994,5381,511,0.014104849279161205,0.3405016622962124,0.0041256,0.9999999999999994,-0.16417552071980465,1.6051454354563397
64104600,20260207,1000.0,3.32,1.9686378299999996,26.312729671699994,1.252144992052703,3.935736708291601,2.46502,103.55998,101155,37,0.04687224873731523,0.0016087450233682,0.00246502,0.10355998,-0.6228478939600292,0.1854628877800563
64105048,20260207,11.616680000000002,2.37,4.914132839999999,2.9631071039009926,0.9571739619476793,3.920437506134209,4.70368,11.616680145263672,204118,24,0.09910565158283162,0.0239898989898989,0.4049074262181621,0.999999917904752,-0.5961291299798821,0.6541931204394885
64105743,20260207,250.0,2.0,10.7845097,63.5587269011518,1.5314947512171093,3.933370101251972,16.51642,250.0,1068,111,0.01706070287539936,0.2262602476888191,0.06606568,1.0,-0.23425262439144534,0.966685050625986
64107218,20260207,2941.176470588235,1.0,3.578357160000001,0.0,0.6744827003238546,0.0,2.41354,0.0,6855,0,0.0591458153580673,0.0,0.0008206035999999999,0.0,-0.3255172996761454,-1.0
64111322,20260207,23.80952380952381,8.81,0.11075783999999969,1.3731595311974387,3.904915444360429,17.339214167021076,0.43250000000000005,23.80952453613281,1304,10,0.02015455950540958,0.3857142857142857,0.018165,0.9999999198913664,-0.5567632866787255,0.9681286425835904
64112353,20260207,13.764770000000002,3.15,1.3811626599999993,1.5917783898024214,3.1148177724410835,8.647410339850378,4.30207,13.764769554138184,1321,19,0.007314507198228129,0.0720833333333333,0.31254209115008813,0.9999999307162938,-0.011168961129814739,1.7452095485862835
64114440,20260207,609.6625099999999,1.0,111.51835625000001,189.755162580508,2.586153882625937,3.2128903641793665,288.40362999999996,609.6625366210935,11209,188,0.005964137490688518,0.0242041071326246,0.4730545593167604,0.9999999999999996,1.5861538826259372,2.2128903641793665
64114731,20260207,814.7297199999998,1.0,1020.60950375,590.1155494083266,0.7809207410586979,1.3806274648488377,797.01513,814.7297363281244,25262,255,0.018622926649465535,0.0406791592004493,0.9782570961078972,0.9999999999999992,-0.2190792589413021,0.3806274648488377
64115407,20260207,17.81497,1.0,39.86770361,11.069865308483076,0.44141092680306493,1.6093211534838048,17.598039999999997,17.814970016479492,10906,4,0.00822535636171657,0.0069930069930069,0.987823162205718,0.9999998929356364,-0.5585890731969351,0.6093211534838048
64115681,20260207,6.819940000000001,1.8,8.570856709999997,0.0,0.7909804386404218,0.0,6.779380000000001,0.0,20773,0,0.03970374617737003,0.0,0.9940527336017618,0.0,-0.5605664229775434,-1.0
64116760,20260207,1000.0,9.0,0.1684579899999996,44.66528999795678,4.504149669600128,22.388749242577312,0.75876,1000.0,143384,1097,0.016324244321739626,0.1235371372541975,0.00075876,1.0000000000000002,-0.49953892559998575,1.4876388047308124
64117240,20260207,46.206500000000005,3.0,17.648889509999997,6.265493241482095,2.516745882217266,7.374757557218657,44.41777,46.20650100708006,11820,64,0.03323025021085184,0.0781835051319325,0.9612883468776037,0.9999999999999996,-0.16108470592757795,1.4582525190728857
64117651,20260207,1000.0,1.0,151.93433550000003,345.8958024922031,0.48836360626331227,2.891044036683555,74.1992,1000.0000000000005,1331088,4025,0.02246615109892892,0.0230165065024508,0.0741992,1.0000000000000004,-0.5116363937366877,1.8910440366835548
64117807,20260207,1000.0,1.0,2.9893909799999987,456.088587690355,0.5779136993314942,2.19255650063833,1.7276099999999999,999.9999999999992,30216,2230,0.001591807061352214,0.0533548117456747,0.0017276099999999999,0.9999999999999992,-0.42208630066850583,1.19255650063833
64119370,20260207,1000.0,9.0,0.0704013999999996,44.26756647988458,3.5968034726582347,22.58990174814565,0.25322,1000.0,26653,1150,0.00498904966025869,0.1746590513924545,0.00025322,1.0,-0.6003551697046405,1.509989083127294
64119946,20260207,1000.0,9.0,0.0419825599999997,37.637459008635446,0.0,26.569274328569485,0.0,999.9999999999984,18374,1003,0.002513611863525678,0.1596927905138708,0.0,0.9999999999999984,-1.0,1.952141592063276
64120353,20260207,1000.0,9.0,2.8814119499999995,55.20429371582095,4.086940779155165,18.11453266720952,11.77616,1000.0000000000002,353560,1192,0.034720953755806305,0.0311439589448365,0.01177616,1.0000000000000002,-0.5458954689827595,1.0127258519121685
64120867,20260207,1000.0,9.0,1.4720825399999993,45.48226003906341,6.463190576256685,21.98659383140887,9.51435,999.9999999999995,261822,1447,0.02192281606644952,0.034145797151405,0.00951435,0.9999999999999996,-0.28186771374925723,1.4429548701565411
64121070,20260207,1000.0,9.0,0.1155681899999996,39.3063320619275,2.601927052764269,25.441192858781584,0.3007,1000.0000000000005,52642,937,0.004484903217011995,0.1433316924173706,0.00030070000000000004,1.0000000000000004,-0.7108969941373035,1.826799206531287
64121508,20260207,41.66666666666666,2.76,9.175178890000002,3.807700995846603,1.8963717447475288,10.94273343441318,17.399549999999998,41.66666793823242,2646,9,0.0016637323943661973,0.0057793901735619,0.41758920000000005,1.0,-0.31290878813495326,2.964758504429009
64123385,20260207,1000.0,9.0,0.022308909999999498,38.698328775421466,8.713558842633027,25.84090853024699,0.19439,999.9999999999995,33796,942,0.004005309440849511,0.1606622185192939,0.00019439000000000001,0.9999999999999996,-0.03182679526299697,1.871212058916332
64124603,20260207,80.0,2.98,17.45758461,11.262550848571273,1.727849566469894,7.103185945390212,30.16408,80.0,3176,45,0.009110728628800918,0.1919501133786848,0.37705099999999997,1.0,-0.4201847092382906,1.383619429505463
64125620,20260207,1000.0,7.5,6.036810639999998,80.86446243083674,1.7993938600664807,12.366371550282992,10.862599999999999,999.9999999999987,1887451,3156,0.07749747485115993,0.0289497046593359,0.010862599999999998,0.9999999999999988,-0.7600808186578026,0.6488495400377324
64126534,20260207,333.3333333333333,6.0,10.337520489999998,1.0721473509905564,1.4352861514860227,310.90225825362063,14.8373,333.33334350585943,16174,25,0.004599198111866238,0.0073944805194805,0.04451190000000001,1.0000000000000002,-0.7607856414189963,50.81704304227011
64136664,20260207,185.32,8.0,74.34889722,16.753730887169482,2.302170528414463,11.061416559145394,171.16384,185.32000732421875,235029,35,0.01282678338508893,0.0074373140671483,0.9236123462119576,1.0,-0.7122286839481922,0.3826770698931743
64142416,20260207,111.11111111111111,3.54,0.2609288899999992,4.643376443091194,0.30912636772417285,23.92894307295081,0.08066,111.11111450195308,9221,82,0.10256952169076752,0.767156862745098,0.0007259399999999999,0.9999999999999996,-0.9126761673095557,5.759588511527867
64142620,20260207,10.989010989010987,2.07,1.1625168399999988,2.894820063437516,2.319630913905731,3.7960932886825542,2.6966099999999997,10.98901081085205,24136,5,0.015620995404828166,0.021227503461006,0.24539151,0.9999999132156432,0.12059464439890404,0.8338615512589473
64142626,20260207,161.11706,1.78,76.34240495000002,58.75853182801056,1.212263486598479,2.7420198850316098,92.54710999999999,161.1170654296876,10826,59,0.022102899142507147,0.0133605072463768,0.5744091283691496,1.0000000000000004,-0.3189530974165849,0.5404606343283944
64143069,20260207,111.11111111111111,3.21,0.0741430599999993,4.836061759356387,0.710248538433678,22.975531962852465,0.05266,111.11111450195315,12899,375,0.05717641843971631,0.8031383840848894,0.00047393999999999995,1.0000000000000002,-0.7787387730736205,6.157486507730848
64144354,20260207,1000.0,9.5,1.822783599999998,51.901963759367945,7.64773723002556,19.26709334870616,13.940170000000002,999.9999999999994,2155,366,0.0033328178162697186,0.0680034690421368,0.013940170000000002,0.9999999999999994,-0.19497502841836215,1.0281150893374904
64150026,20260207,34.930139720558884,9.0,0.8520002499999999,2.35531241589086,5.433308264874336,14.830358122748107,4.62918,34.93014144897461,4230,5,0.00021615158204562178,0.0218407874440333,0.13252681028571428,1.0,-0.39629908168062933,0.6478175691942342
64157057,20260207,319.6986600000001,3.0,9.951795829999998,7.631270453,20.23582612023905,11.232204296219,201.38281,85.71600000000001,32315,23,0.09315364658402998,0.0085879053925785,0.6299144638266546,0.2681149726142495,5.745275373413016,2.744068098739666
64162199,20260207,209.54995,1.0,7.434174840000001,24.00042756023383,13.057420909406536,8.731092311517832,97.07115,209.54995727539065,16762,48,0.037026728517782194,0.0409156880451954,0.4632363310036581,1.0,12.057420909406536,7.731092311517832
64162266,20260207,1000.0,2.09,74.27437595999999,283.6410826752835,0.8667137107239858,3.525582355850865,64.37462,999.9999999999984,2371583,2616,0.14983276683387878,0.0254469770940521,0.06437462,0.9999999999999984,-0.5853044446296719,0.6868815792521878
64163843,20260207,118.75,1.9,14.027698139999998,36.67604060751911,0.6696565542149597,3.23780852008998,9.39374,118.74999999999996,1759,39,0.01556637168141593,0.09143709825528,0.07910517894736842,0.9999999999999996,-0.6475491819921264,0.7041097687995382
64164423,20260207,1000.0,1.03,3.5592245899999986,483.9855330868627,0.901227196792322,2.0661774569083025,3.2076700000000002,1000.0000000000005,7933,568,0.004614355514192647,0.0831055721726399,0.00320767,1.0000000000000004,-0.1250221390365806,1.005997586699373
64165844,20260207,1000.0,4.75,46.44669738,88.69159304159534,2.7559875560736797,11.275025675274389,128.00652,1000.0000000000002,13710,453,0.006478899862955437,0.065664742129485,0.12800651999999998,1.0000000000000002,-0.4197920934581727,1.3736896158472394
64168025,20260207,1000.0,3.32,4.545049579999997,0.0,1.339050299204878,0.0,6.086050000000001,0.0,97159,0,0.04426579798624083,0.0,0.006086050000000001,0.0,-0.5966715966250367,-1.0
64168581,20260207,760.80663,1.0,160.28754673999998,180.5338307193,4.7084945483893925,3.250997657223356,754.7130399999999,586.9150639689999,3993,69,0.11919402985074627,0.1012293975128875,0.9919906192194984,0.7714378826752238,3.7084945483893925,2.250997657223356
64169222,20260207,159.72876999999997,1.0,167.88089781000002,144.56494302016495,0.9001820455537151,1.1048928639444835,151.12337000000002,159.72877502441398,8423,124,0.0013296604416941607,0.030957627118644,0.9461249216406039,0.9999999999999994,-0.09981795444628494,0.1048928639444835
64169699,20260207,8.33142,3.52,0.0316775799999998,1.36471004920242,0.44384703629507327,6.104896673645551,0.01406,8.331419944763184,5372,33,0.010257781172426962,0.3735274356103024,0.0016875874700831312,0.9999998855328128,-0.873907091961627,0.7343456553197639
64169776,20260207,2.2580645161290325,3.34,0.1861151899999996,0.0930714915900592,0.12830763571742881,24.261352305725588,0.02388,2.2580645084381104,25496,4,0.9768582375478927,0.6666666666666666,0.010575428571428569,0.999999577658694,-0.9615845402043626,6.263878122511751
64170247,20260207,4.545454545454546,2.5,0.048011749999999805,0.3320463328841853,0.0,13.689176367187146,0.0,4.545454502105713,4025,7,0.34698275862068967,0.75,0.0,0.9999997901916924,-1.0,4.475670546874858
64170856,20260207,81.9672131147541,8.64,0.8303172599999996,4.864940313807519,3.7580093180286305,16.848551956641806,3.1203399999999997,81.96721649169923,16098,67,0.04203133159268929,0.2068587212032952,0.038068147999999996,1.0000000000000002,-0.5650452178207603,0.9500638063820058
64170903,20260207,348.6739,8.64,6.852928969999999,29.06071344640823,7.300951201891708,11.998118277620325,50.0329,348.6738891601556,7766,208,0.002764192916889126,0.010821536693219,0.14349482424695395,0.999999999999998,-0.15498249978105236,0.3886710417659672
64171740,20260207,164.78868999999997,1.0,266.06601492,155.83692994406522,0.6179224732983423,1.0574431573489496,164.40817,164.78869628906253,10036,60,0.015017207840790064,0.0284846732215153,0.9976908609444012,1.0000000000000002,-0.38207752670165773,0.0574431573489495
64172255,20260207,102.14761,1.0,17.230847659999995,17.616859926157442,8.564760881879913,5.798286877188335,147.57809,102.14761352539062,9059,49,0.0030282466989804448,0.0108224193195658,1.444753235048769,1.0,7.564760881879913,4.798286877188335
64172392,20260207,129.05163000000002,1.0,40.188840209999995,27.77280715095294,2.6813473451066776,4.646690210106085,107.76023999999998,129.0516357421875,1255,58,0.005158240854911632,0.1500148205982184,0.8350164968857811,1.0,1.6813473451066776,3.646690210106085
64175878,20260207,1000.0,8.0,1.2714167699999979,60.19149585092779,2.969553406158081,16.613642330188824,3.775539999999999,1000.0000000000013,53765,531,0.04790181753385602,0.0622687265201074,0.003775539999999999,1.000000000000001,-0.6288058242302399,1.076705291273603
64177389,20260207,7.387790000000001,3.93,4.293720529999998,0.2821790379901469,0.8169255487152075,26.18112271766173,3.50765,7.387790203094483,24634,13,0.005196279030522918,0.006212378453465,0.4747901605216174,0.9999998709121176,-0.7921309036348073,5.661863173774652
64178983,20260207,4.433497536945813,3.12,2.1055268100000006,1.1021558862631502,0.5951052221462807,4.022564740239263,1.2530100000000002,4.433497428894043,66908,4,0.17050968399592253,0.0007949125596184,0.2826233666666667,0.9999997848935008,-0.809261146747987,0.2892836178801485
64184353,20260207,0.8375209380234506,3.05,0.0757191399999994,0.0182904479061418,0.5608885679367244,45.787570305568,0.04247,0.837520956993103,3052,3,0.872,0.625,0.05070918,0.9999987901464116,-0.816102108873205,14.012318367675778
64188787,20260207,125.0,1.2,5.286193009999999,25.486446407260928,1.1586466836177822,4.904567435490766,6.12483,125.0,1668,68,0.004547437295528899,0.1123325647782169,0.04899864,1.0000000000000002,-0.03446109698518145,3.087139367167312
64190160,20260207,111.11111111111111,2.0,24.95588943,32.91741381371282,1.1133123537003906,3.375450810179243,27.783699999999996,111.11111450195315,4183,68,0.008793357157872609,0.0192653528327685,0.2500533,1.0000000000000002,-0.4433438231498047,0.6877254050896215
64190436,20260207,111.11111111111111,2.0,74.29364426,34.34855329064038,0.9990722724576709,3.2348119679735614,74.22471999999999,111.11111450195312,9285,58,0.010572762468685949,0.0104035874439461,0.6680224799999999,1.0,-0.5004638637711645,0.6174059839867807
64190638,20260207,105.33542000000004,1.76,53.76335006000001,37.35502997487458,1.9592421209326698,2.8198455723948324,105.33542,105.3354187011719,10150,72,0.0603807257584771,0.0624806783051463,0.9999999999999996,1.0000000000000002,0.11320575052992603,0.6021849929968518
64193332,20260207,61.98347107438016,6.9,3.1744756999999995,6.109344841634477,4.3376296753508,10.14568049075532,13.7697,61.98347091674805,2731,40,0.01029788838612368,0.0287231008151838,0.22215116000000001,1.0,-0.3713580180651015,0.4703884565982824
64193931,20260207,720.20164,1.8,843.9225962099988,161.36511711826932,0.7151252409999752,4.463180571828373,603.5103500000001,720.2016601562502,54048,374,0.005119781749978686,0.0419295875996359,0.8379741401310891,1.0000000000000002,-0.6027081994444582,1.4795448278123795
64196611,20260207,500.0,1.2,8.82136257,110.4777578489386,1.7005377435699256,4.5257978185787895,15.001059999999999,500.0,31102,159,0.016978927830549186,0.0166763370763507,0.030002119999999997,1.0,0.41711478630827137,2.7714980322831244
64198178,20260207,1000.0,8.0,0.1262313699999998,64.75300961659484,5.840465804973845,15.443297392318012,0.7372500000000001,999.9999999999995,1104,176,0.010855457227138644,0.5673485509416601,0.0007372500000000001,0.9999999999999996,-0.2699417743782694,0.9304121740397516
64210201,20260207,72.20216606498195,3.4,0.9287681399999996,15.554088656296493,4.886838603227714,4.642005111952066,4.53874,72.20216369628908,1569,20,0.0002135972554998911,0.048076923076923,0.06286154899999999,1.0000000000000002,0.437305471537563,0.3652955828668627
64210247,20260207,72.20216606498195,3.4,10.805448110000002,16.002968183013255,1.5694453230778593,4.511797958901891,16.95856,72.20216369628906,114966,26,0.015569399114313187,0.0016795865633074,0.23487605599999997,1.0,-0.5383984343888649,0.326999362455697
64213358,20260207,1000.0,1.03,0.4438352199999998,497.5465950877312,0.49869859359065755,2.009862006620326,0.22133999999999998,1000.0000000000002,3813,374,0.031101141924959216,0.8008725070094317,0.00022134,1.0000000000000002,-0.5158266081644101,0.951322390726318
64213628,20260207,4.545454545454546,2.5,0.00124408,0.2876270833798733,0.0,15.80323607031962,0.0,4.545454502105713,3523,6,0.2429655172413793,0.875,0.0,0.9999997901916924,-1.0,5.321294428127848
64215562,20260207,250.0,1.0,0.1290475899999997,60.64958640467701,0.7006717444316488,4.122039583417199,0.09042,249.9999999999998,3186,226,0.009409332545776727,0.7008381112836202,0.00036168,0.9999999999999992,-0.2993282555683512,3.122039583417199
64218012,20260207,833.3333333333334,5.0,4.91152224,4.3364675106,4.351946088306829,7.070011735368969,21.374679999999998,30.65888326,22309,23,0.0484767492394611,0.0122666666666666,0.025649615999999997,0.0367906608102094,-0.12961078233863416,0.4140023470737938
64218299,20260207,833.3333333333334,5.0,4.2027202599999995,114.1657639168148,4.71227414027314,7.299327548810075,19.804370000000002,833.3333129882809,25249,309,0.0408229587712207,0.0466526766482117,0.023765244,0.9999999999999996,-0.05754517194537208,0.4598655097620149
64218859,20260207,833.3333333333334,5.0,3.2512190699999994,15.962428350599998,3.7780197936646585,7.767579061851226,12.28317,123.989432,7956,72,0.02911086717892426,0.1343257575757575,0.014739803999999999,0.1487873220325029,-0.24439604126706832,0.5535158123702452
64221144,20260207,50.0,2.7,5.916374259999998,7.525048568212721,1.839430624525772,6.644474504355396,10.88276,50.000000000000014,1484,27,0.002312607137291569,0.0302083333333333,0.2176552,1.0000000000000002,-0.31872939832378816,1.460916439633243
64223277,20260207,320.82551,6.0,74.70335081,41.18777813523961,4.2342341617915435,7.789337206914081,316.31147999999996,320.82550048828136,8811,72,0.00046424751437107133,0.0022465010657396,0.985929953014023,1.0000000000000004,-0.2942943063680761,0.2982228678190135
64223652,20260207,62.5,2.3,6.484282639999999,9.05057498685646,1.1662091891787125,6.905637839046327,7.56203,62.50000000000001,1612,36,0.002448359659781288,0.0145177714540787,0.12099248,1.0000000000000002,-0.492952526444038,2.00245129661494
64224268,20260207,84.22965000000002,3.0,7.046226269999998,9.48791098286114,3.588884181546445,8.8775752301388,25.288090000000004,84.22965240478516,1008,33,0.011300448430493274,0.0679357298474945,0.3002278888728612,1.0,0.19629472718214838,1.9591917433796
64225909,20260207,140.0,2.18,60.84526391,25.889592910340163,1.1273534798281395,5.407578059541705,68.59412,140.0,7047,47,0.006342934293429343,0.0310214920665483,0.489958,1.0,-0.48286537622562414,1.4805403183246668
64226179,20260207,1000.0,9.0,0.5494174299999994,44.402398615127886,2.266236802862263,22.52130534988703,1.24511,1000.0000000000014,138148,1197,0.013889525647986166,0.0966314829642528,0.00124511,1.000000000000001,-0.7481959107930819,1.5023672610985588
64227028,20260207,1000.0,8.0,0.0792921999999998,47.898636575608734,11.766731153884017,20.87742054085536,0.9330099999999999,1000.0000000000002,1988,451,0.003682845498332716,0.2850909861546833,0.0009330099999999999,1.0000000000000002,0.4708413942355021,1.6096775676069202
64228972,20260207,841.6133500000001,1.0,183.48983352,226.10323033789277,4.193353850943098,3.7222526069405615,769.4378,841.6133422851561,30279,101,0.011038643820634342,0.014970017002422,0.9142414387794585,1.0,3.1933538509430983,2.722252606940561
64229089,20260207,1000.0,3.94,10.034370079999999,113.4510005786645,4.687016686153558,8.814377890763888,47.03126,999.9999999999994,29921,319,0.0248616535105941,0.3567975897484988,0.047031260000000005,0.9999999999999994,0.1895981436937964,1.2371517164347816
64229552,20260207,41.66666666666666,1.4,7.185961429999999,9.705020741392724,0.5687116525477927,4.293310107747687,4.086739999999999,41.66666793823243,3698,31,0.02213046080191502,0.0693414634146341,0.09808175999999999,1.0000000000000002,-0.5937773910372909,2.0666501291873742
64229916,20260207,1000.0,9.5,2.2696690199999994,52.99846087123295,2.840193853463269,18.86847211584435,6.4463,999.9999999999987,351420,1167,0.04074009668556325,0.0386835393313934,0.0064463,0.9999999999999988,-0.7010322259512348,0.9861549595625632
64238938,20260207,41.66666666666666,1.51,3.0426265499999996,11.35670139846468,0.6378469286676015,3.668905504107016,1.9407300000000003,41.66666793823241,12280,179,0.029676172063798936,0.046352525801195,0.04657752000000002,0.9999999999999996,-0.5775848154519195,1.4297387597872917
64239841,20260207,41.66666666666666,1.29,12.535405400000002,7.520907732079462,0.41321758927716845,5.540110832685503,5.17985,41.66666793823242,2911,5,0.0015077433055368519,0.0064604572134692,0.12431640000000004,1.0,-0.67967628738204,3.294659687219976
64240263,20260207,41.66666666666666,1.29,18.52793197,21.867696122564904,0.7015828869108266,1.905398072083104,12.99888,41.666667938232415,13181,35,0.017579354494531876,0.012899521221532,0.31197312000000005,0.9999999999999998,-0.4561372969683515,0.4770528127350367
64242045,20260207,25.0,1.67,5.946180449999998,1.875586744706517,0.9144222994443435,13.329155125137529,5.43732,25.000000000000007,32066,58,0.010450057031122699,0.0056608308635562,0.2174928,0.9999999237060608,-0.45244173685967454,6.981530220160266
64249042,20260207,833.3333333333334,4.88,0.3276775799999993,87.06809191287756,3.3559512982243156,9.571052783045731,1.0996699999999997,833.333312988281,4519,459,0.024519804666304938,0.7958233164871668,0.0013196039999999996,0.9999999999999998,-0.3123050618392796,0.9612812620071522
64251345,20260207,169.62831999999997,1.76,95.44074008000001,78.44620796322961,1.6484152351304773,2.162352122019387,157.32596999999998,169.6283264160158,9311,134,0.06575564971751413,0.129500942000942,0.9274746693240846,1.000000000000001,-0.0634004345849561,0.2286091668956346
64255540,20260207,1000.0,2.0,73.34858521999999,290.9619395087232,1.3878901644069095,3.4368756210918217,101.79978,999.9999999999995,188516,546,0.028558703226783822,0.0361232313886433,0.10179977999999999,0.9999999999999996,-0.30605491779654526,0.7184378105459108
64255680,20260207,606.9564399999999,1.48,329.98200748000005,128.396270762185,0.9332794607556459,4.727212189016203,307.96542999999997,606.9564208984378,77651,89,0.022702315518652788,0.0078152441166139,0.5073929687606576,1.0000000000000009,-0.3694057697596987,2.194062248712365
64255726,20260207,1206.6908999999998,2.0,945.9149886999992,476.7587526788858,1.240916249369504,2.5310304397294856,1173.80128,1206.6909179687518,1746530,524,0.046620131863438594,0.0217037384957156,0.9727439562194429,1.0000000000000016,-0.37954187531524797,0.2655152198647428
64255761,20260207,3419.8565500000004,2.0,2706.637810390003,1226.871513670902,1.2560370238492091,2.787460956113113,3399.6372999999994,3419.856445312496,3919395,1507,0.07816762363659209,0.0171374636098981,0.9940876906079581,0.9999999999999988,-0.37198148807539544,0.3937304780565565
64255796,20260207,1000.0,2.0,198.59441599,294.13215978237264,1.4178653946351583,3.399832229634681,281.5801500000001,1000.0000000000005,558633,628,0.03837529452981706,0.0168477531857813,0.28158015000000014,1.0000000000000004,-0.29106730268242087,0.6999161148173405
64259714,20260207,314.20998000000014,2.7,23.736493330000002,0.0,2.7676670301156063,0.0,65.69471,0.0,6372,0,0.016973894512519978,0.0,0.2090790050653387,0.0,0.025061863005780054,-1.0
64265671,20260207,363.78365,3.0,3.2387437199999987,12.859526032130873,20.569083496362605,28.289038934302965,66.61799,363.7836608886717,4342,73,0.013788504287075261,0.0510818909929731,0.1831252998863473,0.9999999999999992,5.856361165454202,8.429679644767655
64265818,20260207,103.28789000000005,3.0,8.711936509999997,11.013743595128233,11.81935266422184,9.37808995670102,102.96945,103.28788757324222,12071,21,0.023955149831315737,0.0080809853996208,0.99691696674218,1.0000000000000002,2.93978422140728,2.1260299855670066
64267444,20260207,72.20216606498195,3.4,0.0052856199999999996,14.984646732653198,0.0,4.81840914677978,0.0,72.20216369628906,1372,15,0.00017793225086891112,0.4344051446945338,0.0,1.0,-1.0,0.4171791210667786
64269101,20260207,1000.0,2.08,48.0407577,295.8861665171217,0.7118522195997753,3.379678098477296,34.197919999999996,1000.0000000000005,1547805,2217,0.1394695345023338,0.0300468344228881,0.03419792,1.0000000000000004,-0.6577633559616466,0.6248452992515164
64272249,20260207,8.23428,6.0,0.8628780999999992,0.7096718411724974,4.745583414389592,11.602923424495096,4.09486,8.23427963256836,2611,3,0.006648841354723708,0.0714285714285714,0.4972942382333367,0.9999998841824362,-0.20906943093506802,0.9338205707491828
64273883,20260207,38.46153846153846,1.32,24.234725759999996,7.450901342303388,0.6362085609175056,5.161997628635928,15.418339999999999,38.46154022216797,2637,20,0.03642265193370166,0.1139455782312925,0.40087684,1.0,-0.5180238174867382,2.910604108724681
64273959,20260207,3.27383,2.5,0.2697672899999996,0.4149053928703317,0.05805003267816503,7.890526618143366,0.01566,3.2738299369812007,4144,11,0.017209302325581394,0.1494360902255639,0.004783388263898859,0.9999997086977462,-0.9767799869287339,2.1562106472573466
64274214,20260207,79.67623999999999,1.6,40.99543987,25.95067394602087,0.9381767855635404,3.0702954423884457,38.46097,79.6762390136719,3973,53,0.009967385850476669,0.2428125,0.48271567533809334,1.0000000000000004,-0.41363950902278723,0.9189346228984244
64274224,20260207,20.75117,2.6,11.859701890000004,5.948067273531761,1.5895610340674418,3.4887241118351477,18.85172,20.75116920471191,47499,16,0.0851236559139785,0.0255274261603375,0.9084654021917801,0.9999999080847716,-0.38863037151252244,0.3418170153079961
64274496,20260207,1.4749262536873156,4.87,0.6346609699999999,0.1846161822496411,0.19281160459575766,7.989105972255695,0.12236999999999999,1.474926233291626,11921,5,0.06405695862439549,0.0925925925925926,0.08296686,0.9999993534092226,-0.9604082947441976,0.6404735441464052
64277365,20260207,1000.0,8.4,0.3410022699999993,31.773120994743213,2.546053432430235,31.47314261926943,0.8682099999999999,999.9999999999995,3623,1302,0.012219224283305227,0.4430043214114879,0.0008682099999999999,0.9999999999999996,-0.6968984009011626,2.746802862923964
64278016,20260207,1000.0,8.39,0.0772066999999996,21.1141911525,2.689921988635715,22.949077238677464,0.20768,484.5512265400001,1631,338,0.016954261954261956,0.3384355843769183,0.00020768,0.4845512265400001,-0.6793895126775071,1.7352891894625089
64278103,20260207,34.95034,1.0,8.63609402,38.64381246385169,0.4151228543479891,0.9044226523784836,3.58504,34.950340270996094,1317,10,0.004391463821273758,0.0374278499278499,0.1025752539174154,1.0,-0.5848771456520109,-0.0955773476215164
64278221,20260207,131.12874,1.0,29.110290070000005,56.29513190099099,3.399350187237759,2.329308621296674,98.95607,131.12873840332034,22930,31,0.03133798004646713,0.0318355751391465,0.7546482182319452,1.0000000000000002,2.399350187237759,1.3293086212966738
64278923,20260207,285.51958,1.0,41.16057128000001,29.816420632024037,4.540073040502268,9.57591745276692,186.87199999999999,285.51959228515614,14070,97,0.006094602789569436,0.014342588427773,0.6544980207662114,0.9999999999999996,3.540073040502268,8.575917452766921
64279071,20260207,908.5176,1.0,363.02720205,217.63816786411715,2.3590500248024044,4.174440461738284,856.3993300000001,908.5175781249998,34428,268,0.03479684657368102,0.1169873571357935,0.94263372553267,0.9999999999999998,1.3590500248024044,3.174440461738284
64279494,20260207,2330.69918,1.0,45.67883813999999,68.3982957043,10.02593867638158,10.776158374330723,457.97322999999994,737.0708778200001,19741,342,0.0148943715104874,0.0237386965180304,0.1964960703337099,0.3162445294915856,9.02593867638158,9.776158374330723
64279763,20260207,367.6441400000002,3.0,100.87297744000001,51.414733551663446,3.445501152245952,7.150559809893821,347.55796,367.6441345214838,18790,351,0.0223610615256456,0.0803580750460199,0.945365156643051,0.9999999999999984,0.148500384081984,1.3835199366312736
64280314,20260207,148.10778000000005,1.0,8.279366869999999,59.9079854025884,2.70656686095129,2.472254230543613,22.40866,148.1077728271484,1579,35,0.004259509036957108,0.0447328796676771,0.1512996818938208,0.9999999999999998,1.7065668609512898,1.472254230543613
64280330,20260207,818.6775700000001,1.0,26.509144259999996,268.9656195176308,3.460084908829117,3.0437999834103944,91.72389,818.677551269531,1318,260,0.002494794624266515,0.1046409941043085,0.11203909006570192,0.9999999999999996,2.460084908829117,2.0437999834103944
64281525,20260207,22.689660000000003,3.15,3.3950834399999987,2.973475451235495,1.4608683667580202,7.630683979092781,4.959769999999999,22.68965911865235,3435,33,0.05252293577981652,0.1185277141159494,0.21859164042123144,0.9999999159375442,-0.5362322645212634,1.4224392851018948
64282626,20260207,24.252223120452708,2.1,11.260596589999999,23.857666005456515,1.0874530405320206,1.016537952472851,12.245370000000001,24.252223968505863,4456,12,0.0002377585811319144,0.0031055900621118,0.5049174230000001,0.9999999213536672,-0.48216521879427593,-0.5159342863633548
64285951,20260207,64.51612903225806,9.5,0.2308861099999996,0.492091759508082,2.757593343315459,131.10562448537604,0.6366899999999998,64.51612854003906,7739,7,0.018027020731423246,0.0282258064516129,0.009868694999999997,1.0,-0.7097270164931095,12.800592051092217
64287339,20260207,31.51393999999999,9.5,3.4181501899999986,0.3471995483245246,8.02072421516388,90.76581521323372,27.416040000000002,31.513940811157216,1032,9,0.00018701072774717308,0.000484131253362,0.8699654819422773,0.9999999394760388,-0.15571324050906535,8.554296338235128
64287886,20260207,31.746031746031747,2.66,18.354473369999997,6.399995707419696,1.2150552919950108,4.960319865585408,22.301699999999997,31.74603080749512,4361,23,0.0076055109870945235,0.0208497316636851,0.7025035499999999,0.99999993991852,-0.5432122962424771,0.8647818441841724
64287936,20260207,83.33333333333333,2.1,10.671996870000001,34.58192785850736,0.578496234135421,2.409736490333574,6.17371,83.33333587646484,2186,35,0.000713469760762427,0.0363359557109557,0.07408452,1.0,-0.7245256027926567,0.147493618936711
64288096,20260207,63.048920000000045,2.59,30.43196622,16.845097215962216,0.9891733508897146,3.742864474247463,30.10249,63.048919677734304,14465,88,0.004192389067617309,0.0041106128550074,0.4774465605437806,0.9999999999999988,-0.6180797873012684,0.4451214665186229
64293134,20260207,37.5,7.5,0.42062227999999935,2.745735982107076,2.63264703904891,13.657535388266703,1.1073499999999998,37.500000000000014,59369,135,0.010632365056055016,0.0569732239654713,0.029529333333333328,1.0000000000000004,-0.6489803947934786,0.8210047184355607
64298582,20260207,300.0,1.65,53.73150039,88.71588389758375,0.9656210904852419,3.3815815549416985,51.88427,300.0,6656,196,0.010524984187223276,0.0853296018403641,0.17294756666666666,1.0,-0.4147750966756109,1.049443396244992
64301193,20260207,1000.0,3.42,9.928241279999998,0.0,1.860995263805676,0.0,18.476409999999998,0.0,115018,0,0.030119674234687196,0.0,0.01847641,0.0,-0.4558493380685158,-1.0
64302336,20260207,336.33232000000004,1.51,504.9833824899996,93.91775367475348,0.6660265103013773,3.5811365707469824,336.33232000000004,336.332305908203,26034,101,0.010646111065674327,0.2078322422834618,1.0,0.9999999999999996,-0.5589228408600151,1.3716136379897037
64312289,20260207,16.666666666666668,7.15,0.03751136,0.2581560923623364,0.0,64.56017101204135,0.0,16.666666030883793,2427,9,0.006325254104769351,0.1053391053391053,0.0,0.999999885559091,-1.0,8.029394426703664
64312520,20260207,500.0,1.87,14.819218549999997,158.7425151314551,0.8621905370307129,3.149754786461544,12.77699,499.9999999999995,2305,314,0.0003892529046203729,0.0204108164326573,0.02555398,0.999999999999999,-0.5389355416948061,0.6843608440801525
64313400,20260207,500.0,1.05,21.488906529999998,188.38600065828965,0.4705595413095223,2.6541250177756943,10.111809999999998,500.0,2270,298,0.0035810064678971445,0.1202233980011757,0.020223619999999998,1.0,-0.5518480558956931,1.5277382269596624
64315646,20260207,1000.0,8.39,5.908616819999999,80.36662659364579,2.321692270442408,12.442975771687914,13.717989999999999,1000.0,5380,794,0.0016883198393271826,0.0271811756183135,0.01371799,1.0,-0.7232786328435746,0.4830721409434448
64319351,20260207,6.45712,1.3,3.6792115499999998,3.806420352578402,1.5482773748087413,1.6963755043401822,5.69644,6.457119941711426,2480,2,0.005968712394705174,0.0125786163522012,0.8821951582129495,0.9999998523065724,0.19098259600672401,0.3049042819714363
64321572,20260207,4933.305690000001,1.0,4041.43899848,2984.289895928711,0.7567647541260137,1.6530919697646052,3058.41859,4933.305664062493,107475,1633,0.10128640090472152,0.2365060672021303,0.6199531880214785,0.9999999999999986,-0.24323524587398626,0.6530919697646052
64322287,20260207,72.20216606498195,3.4,22.97907131,14.842162907296888,1.7013389911448082,4.864665566777103,39.09519,72.20216369628908,29656,26,0.0036958201440642057,0.0085301837270341,0.5414683815,1.0000000000000002,-0.4996061790750564,0.4307839500961507
64324670,20260207,1000.0,8.39,4.789910639999999,54.618827866931184,2.115461176954233,18.308704539167568,10.13287,999.9999999999994,5060,671,0.0012384052473139334,0.0272360650975291,0.01013287,0.9999999999999994,-0.7478592160960391,1.1822054576837642
64329429,20260207,29.27974,2.6,9.278404769999998,6.067531939422595,2.9739972208606296,4.825641602972356,27.593950000000003,29.27973937988282,45730,67,0.1421510724277277,0.0366460905349794,0.9424246936618974,0.9999999348577364,0.14384508494639595,0.8560160692214774
64329848,20260207,3.886010362694301,2.17,0.1599893299999996,0.1890861867554831,2.891755343934506,20.55142114640829,0.46265,3.886010408401489,7868,9,0.03297569153394803,0.47,0.11905526666666666,0.9999997545878724,0.3326061492785743,8.470700656152614
64331689,20260207,16.34884,2.54,5.623942929999998,2.256351907410913,1.6838079827385455,7.245693109355267,9.469640000000002,16.348840713500977,67274,20,0.38245594087549745,0.0744444444444444,0.5792239694070039,0.9999998833343328,-0.3370834713627774,1.8526351252656148
64333572,20260207,45.45454545454545,1.87,1.1935525299999994,1.9803659107865648,1.2449473003086013,22.952587129083625,1.48591,45.45454406738281,43109,43,0.092767376802238,0.0082986472424557,0.03269002,1.0,-0.33425278058363567,11.274110732917702
64333955,20260207,1000.0,3.52,5.891019679999999,0.0,2.1134218991439533,0.0,12.450210000000002,0.0,49397,0,0.01920642326684552,0.0,0.012450210000000001,0.0,-0.3995960513795587,-1.0
64334757,20260207,1000.0,9.5,0.01185847,34.6230199574222,0.0,28.882517248559964,0.0,999.9999999999998,11534,1226,0.0010162025004184984,0.1144702290945157,0.0,0.9999999999999998,-1.0,2.040264973532628
64335100,20260207,1000.0,9.0,0.10060932999999989,37.79128895179463,4.072584520739781,26.46112374770928,0.40974,999.9999999999998,26057,1596,0.0017954371627999918,0.1681275226825538,0.00040974,0.9999999999999998,-0.547490608806691,1.9401248608565864
64335156,20260207,294.11764705882354,2.39,4.105828419999999,1.50695723387439,0.6907448899191946,195.1730569914306,2.83608,294.1176452636719,6434,9,0.0027916865535644554,0.010204081632653,0.009642672,1.0,-0.71098540170745,80.6623633576183
64335303,20260207,1000.0,5.55,0.0630221699999996,67.72722423619769,0.2705397164204296,14.765111024591882,0.01705,1000.0,4310,658,0.03489878542510121,0.7513259587363448,1.7049999999999998e-05,1.0,-0.9512541051494721,1.6603802733629935
64337049,20260207,377.0536200000001,1.68,643.2280633900001,140.9698092367816,0.5572734313096401,2.674711831926586,358.45391000000006,377.0536193847653,29053,101,0.01457971596326592,0.0590533122791187,0.950670915187076,0.9999999999999992,-0.6682896242204522,0.5920904258541978
64337926,20260207,182.01762,1.0,58.044686819999995,79.889085702919,2.293833204973437,2.2783790804647737,133.14483,182.0176239013672,9463,48,0.00877097043284827,0.0153614806246385,0.7314941817171328,1.0,1.2938332049734371,1.2783790804647737
64339571,20260207,192.88928000000004,1.0,22.06659899,22.306124684983303,8.037718004499794,8.647368214033571,177.36509999999998,192.88928222656244,28596,92,0.025937414965986394,0.0082722097084467,0.9195176631899914,0.9999999999999996,7.037718004499794,7.6473682140335715
64340578,20260207,170.38144000000003,1.0,62.611087510000004,37.86552363194113,2.638711873094568,4.49964554473017,165.21262000000002,170.38143920898443,18598,73,0.016979822879576372,0.0328214298644406,0.9696632450107241,1.0000000000000004,1.638711873094568,3.4996455447301704
64340747,20260207,166.66666666666666,3.51,123.33174859,37.18243512970251,0.5481618542906285,4.482403228544537,67.60576,166.66667175292957,8121770,1244,0.12690245796490943,0.0083026192967334,0.40563456000000003,0.9999999999999992,-0.8438285315411315,0.2770379603200341
64340988,20260207,299.78013000000004,3.51,103.91702236,44.12030056987976,0.8185853296037418,6.794607248429706,85.06495000000001,299.78012084960955,66715,567,0.1213,0.1351569807764616,0.28375779942453155,1.0000000000000009,-0.7667848063807003,0.9357855461227338
64341120,20260207,465.08062,1.0,6.480922269999999,31.040334679247128,71.76148711933249,14.983105603215128,465.08061999999995,465.0806274414061,2575,103,0.009272596326971552,0.3108072667599522,0.9999999999999999,0.9999999999999996,70.76148711933249,13.983105603215128
64343041,20260207,1000.0,8.01,0.38945017999999954,85.48761813759506,10.776628733359438,11.697600308536698,4.19696,999.9999999999995,8214,364,0.01154949381327334,0.2474428764605943,0.00419696,0.9999999999999996,0.3453968456129136,0.460374528624656
64343632,20260207,1016.6666666666666,1.8,36.63088083999999,298.5916205048152,0.6298278793996921,3.404873458565296,23.071150000000003,1016.66668701172,3502,425,0.005900589721988206,0.1058860649211371,0.02269293442622951,1.000000000000001,-0.6500956225557266,0.8915964159798012
64344108,20260207,51.07379,1.26,53.05406530999997,20.27624391576364,0.9595707643237722,2.5188979377635765,50.90913,51.07379150390624,9039,50,0.009559010152284265,0.0214776632302405,0.9967760371807143,0.9999999999999996,-0.23843590133033954,0.9991253625624776
64348023,20260207,83.33333333333333,2.0,3.6624313799999992,10.0740873516,1.3603504019780435,3.95369576579841,4.982189999999999,39.829880460000005,5329,74,0.053611670020120725,0.3496138996138996,0.05978628,0.4779585509338626,-0.31982479901097827,0.9768478828992052
64349849,20260207,82.42704000000005,2.5,55.3961432,13.4927363526,1.3588158967716728,4.972274212917371,75.27316,67.08958999999999,5391,27,0.013948253557567918,0.2758680555555555,0.9132095487111992,0.8139269579318608,-0.4564736412913309,0.9889096851669484
64350561,20260207,1000.0,1.0,150.19925780000005,386.1349396631024,0.5822726508838978,2.589768225280824,87.45692,999.9999999999992,2474552,4368,0.0637802366610736,0.0269863661919288,0.08745692,0.9999999999999992,-0.4177273491161022,1.589768225280824
64354510,20260207,1000.0,4.75,0.7790191499999997,87.41190743015565,0.8858447189648679,11.440088861565393,0.69009,999.9999999999976,2625,660,0.0030544565976262507,0.522978923545425,0.00069009,0.9999999999999978,-0.8135063749547647,1.4084397603295564
64355555,20260207,26.31578947368421,3.26,1.0140940999999992,4.531451392445893,1.1852055938398622,5.807363268399563,1.2019099999999998,26.3157901763916,1608,79,0.028817204301075268,0.3908730158730158,0.04567258,0.9999999275207592,-0.6364400018896127,0.7813997807939616
64356924,20260207,289.6551724137931,1.4,93.63447074000001,84.32009091760965,0.6825761868988377,3.4351857937701467,63.91266,289.6551818847656,8551,89,0.006604618830617131,0.0220425733848552,0.22065085000000004,1.0,-0.5124455807865445,1.4537041801935808
64364407,20260207,62.5,2.0,4.538046429999998,13.608692312295677,0.8006550959858737,4.592652546848877,3.6334099999999996,62.5,1243,58,0.002587965854674162,0.0466108091787439,0.058134559999999995,1.0,-0.5996724520070631,1.2963262734244383
64365263,20260207,41.66666666666666,2.8,7.127283669999999,3.924710619959033,0.5786566370803649,10.61649159809284,4.12425,41.66666793823242,2368,10,0.032438356164383564,0.0492424242424242,0.09898200000000003,1.0,-0.7933369153284411,2.7916042067466496
