ad_id,period,budget,target_CPA,conversion,CPA,budget_used,win_rate,spend,total_win,trajectory_length,CPA_violation
52816063,20260207,1000.0,20.92,0.0251866399999995,4.235578862444618,0.00010668,0.05298043419994639,0.10668,39534,72,-0.7975344712024561
52964940,20260207,0.64461,18.58,0.0552908999999997,9.9855491590841,0.8565023812848078,0.07866822429906542,0.55211,6734,72,-0.4625646308350861
55954706,20260207,1000.0,33.01,0.7130576899999979,6.659937991833472,0.00474892,0.21335078534031413,4.74892,4075,72,-0.7982448351459112
55963763,20260207,1000.0,22.5,21.29788494,16.441292221574,0.35016475,0.012338299031333634,350.16475,52096,72,-0.2692759012633778
56704977,20260207,70.4225352112676,17.31,3.397282229999999,7.796738159137283,0.376125624,0.01258722649319929,26.48772,4257,72,-0.5495818510030454
57191417,20260207,1000.0,29.87,5.052083789999999,43.581280349271495,0.22017628000000003,0.024566959175887065,220.17628000000002,6439,72,0.45903181617915945
57374168,20260207,122.44897959183672,13.0,0.7889959199999992,2.6231187608676128,0.016901978333333335,0.003721844833750447,2.06963,1041,72,-0.7982216337794145
57449176,20260207,1000.0,43.65,0.1794650699999996,76.09636794502703,0.01365664,0.00040588293357023,13.65664,2056,72,0.7433303080189468
57699816,20260207,73.77049180327869,11.1,1.9700780999999987,5.268613462583035,0.14070097333333334,0.030082693443591258,10.37958,5093,72,-0.5253501385060328
57959122,20260207,1000.0,19.0,2.9014034099999977,5.3684537442519975,0.015576050000000001,0.0028583536502422334,15.57605,27317,72,-0.7174498029341054
58199587,20260207,142.85714285714286,21.02,0.93978854,39.67798968904217,0.26102243999999997,0.0013222390317700454,37.28892,16606,72,0.8876303372522442
58246735,20260207,46.6873,11.42,3.3026487499999977,8.044185746364949,0.5690438299066342,0.006402929647204457,26.56712,6207,72,-0.2956054512815281
58416741,20260207,1.9904900000000003,35.0,0.0471419399999997,33.41461976320893,0.7913780024014185,0.01923879272081669,1.57523,17338,72,-0.0452965781940305
58432699,20260207,116.6156,35.0,8.019357389999996,12.629938419542125,0.8685286531133056,0.06658446133877248,101.28399,35909,72,-0.6391446165845107
58502564,20260207,145.41256,15.28,23.000822049999996,4.968254167246167,0.7858601072699635,0.02726716972331884,114.27393000000001,163693,72,-0.674852475965565
58804408,20260207,32.35294117647059,13.15,1.0830477099999998,3.7412940931291017,0.12524363636363636,0.003298326222513948,4.052,1005,72,-0.7154909434882814
58921051,20260207,5945.759109999998,16.88,258.68405907,12.259917373346171,0.5333961789111232,0.047388702728578265,3171.44519,257387,72,-0.2737015774084021
59180301,20260207,127.4666,11.1,19.235940279999994,6.929982005537815,1.0458011745822042,0.0012346872985170858,133.30472,3447,72,-0.375677296798395
59183637,20260207,42.81511,27.0,3.814563589999999,12.195476337569723,1.0865421109510172,0.01574581784386617,46.52042,6777,72,-0.5483156912011213
59252106,20260207,75.31489,12.1,1.338674409999999,4.548051381664945,0.08083872923402,0.0015699172656991726,6.088360000000001,2315,72,-0.6241279849863681
59284251,20260207,112.67605633802818,19.0,2.134217979999998,10.006855063605085,0.18954168875,0.03147975408098368,21.35681,14849,72,-0.4733234177049955
59335998,20260207,1000.0,22.43,3.7110197099999986,12.892259739574387,0.04784343,0.005514034282854402,47.84343,26442,72,-0.42522248151696895
59473469,20260207,1000.0,10.59,0.5106441099999997,4.325732847481589,0.0022089100000000006,0.002217604274899807,2.2089100000000004,2988,72,-0.5915266432973003
59474185,20260207,28.30188679245283,20.0,0.0811987799999988,0.5140471322352456,0.0014748133333333333,0.005611886452102915,0.04174,5911,72,-0.9742976433882378
59978838,20260207,57.754450000000006,45.0,0.23929870999999903,1.2219037871119371,0.005062813341655923,0.0014929201363269036,0.2924,4249,72,-0.9728465825086237
59998752,20260207,1236.13103,28.8,21.77063850000001,35.391437876293786,0.6233111064285799,0.01912718183358753,770.4942000000001,225739,72,0.2288693707046453
60078895,20260207,1000.0,25.95,13.767983299999997,15.646896521148456,0.21542621,0.09389232062036532,215.42621,1273762,72,-0.3970367429229882
60083626,20260207,1000.0,36.35,1.2863628299999987,26.165386013213734,0.03365818,0.04779568469448774,33.65818,487559,72,-0.2801819528689482
60145854,20260207,131.14754098360655,12.1,3.257562019999999,3.1347614987235155,0.07786406,0.08886033898305085,10.21168,262138,72,-0.7409288017583872
60191018,20260207,70.4225352112676,15.06,0.48831324999999925,12.298068913755687,0.085275402,0.001637353433835846,6.00531,1564,72,-0.1833951584491576
60319297,20260207,48.38709677419355,10.0,4.149910089999999,5.652922470905871,0.4848218133333333,0.06832907148539606,23.45912,721473,72,-0.4347077529094129
60491784,20260207,521.94218,19.24,26.77029479,19.48326135709318,0.9992920097011511,0.009902202643171806,521.57265,11239,72,0.012643521678439818
60580455,20260207,27.1370420624152,15.0,0.16572462999999932,6.578744511301694,0.040176080999999975,0.005051055139550714,1.0902599999999996,1484,72,-0.5614170325798872
60679080,20260207,33.333333333333336,26.0,0.1549441299999988,12.11552835205835,0.0563169,0.00962544438801422,1.8772300000000002,7581,72,-0.534018140305448
60695475,20260207,34.930139720558884,11.0,2.3717372799999987,6.548043972222762,0.4446085851428571,0.003470905172413793,15.53024,9663,72,-0.4047232752524762
60745623,20260207,1000.0,22.2,11.508108750000002,11.136856001643189,0.12816415,0.027238528546856794,128.16415,245460,72,-0.4983398197458023
60762511,20260207,2000.0,33.74,0.6070166399999992,17.502535021115754,0.005312165000000001,0.00562198298980921,10.62433,88047,72,-0.4812526668311869
60762714,20260207,122.44897959183672,18.6,1.0652595699999985,7.856141578714014,0.068345445,0.005614500442086649,8.368829999999999,1905,72,-0.5776267968433327
60848391,20260207,41.73037999999999,16.0,3.2187120799999978,6.117872462826813,0.4718785211157915,0.0030296039337195206,19.69167,17991,72,-0.6176329710733242
60880371,20260207,33.805879999999995,45.0,0.7045939199999972,43.47542482342186,0.9061299395253134,0.006883333333333333,30.632519999999996,29736,72,-0.03387944836840309
60882186,20260207,112.01828,35.0,4.6258222700000005,24.577976274043053,1.0149535415112603,0.2579628252788104,113.69334999999998,34696,72,-0.2977721064559128
60882731,20260207,92.20477000000002,37.0,2.940335039999998,22.973970340468426,0.7326212082086424,0.08228755526798232,67.55117,305221,72,-0.3790818826900425
60917464,20260207,1000.0,20.54,0.0020245699999999,0.0,0.0,0.6405405405405405,0.0,2370,60,-1.0
61022895,20260207,1.32579105532968,26.0,0.0056692399999997,0.0,0.0,0.005366297426018087,0.0,10028,72,-1.0
61030217,20260207,46.25146000000001,20.1,2.3149738599999976,17.61766329404689,0.8817976773057541,0.0033724399837243998,40.78443,9946,72,-0.12349933860463248
61159718,20260207,3.703703703703704,13.8,0.5030550199999981,7.174642646444544,0.9744947999999997,0.008697645979822683,3.6092399999999993,2845,72,-0.48009835895329395
61261395,20260207,4.044489383215369,16.0,0.0256127899999997,0.0,0.0,0.039794422959495215,0.0,195510,72,-1.0
61280560,20260207,1000.0,30.15,0.8278719799999977,11.119980168914552,0.00920592,0.01524961513085551,9.205919999999999,20802,72,-0.6311781038502636
61327659,20260207,1111.111111111111,41.78,0.2157626299999992,19.956838679617576,0.0038753459999999996,0.002811808714448773,4.30594,250533,72,-0.5223351201623366
61328223,20260207,1666.6666666666667,48.86,9.830470329999999,19.741280273006026,0.11643964200000001,0.034758816248097284,194.06607000000002,3080441,72,-0.595962335796029
61329740,20260207,25.42372881355932,10.0,2.322882929999999,2.7071273884646447,0.24734137333333336,0.01869677892394822,6.28834,147899,72,-0.7292872611535355
61390940,20260207,58.39817,10.0,12.34167202,4.677778659686015,0.9885859437033728,0.028406209178299884,57.731609999999996,763272,72,-0.5322221340313985
61423925,20260207,1000.0,20.04,2.8435154499999977,13.622349053879779,0.03873536,0.019203154590295417,38.73536,974466,72,-0.32024206317965176
61443196,20260207,27.77777777777778,25.0,0.5755063499999986,5.57340505452287,0.11547108,0.022692096764365365,3.20753,148960,72,-0.7770637978190852
61451829,20260207,72.63998000000001,19.25,3.4158564799999995,18.170526297990133,0.8544593486947545,0.011303882331948303,62.06791,44344,72,-0.05607655594856453
61467151,20260207,5.652430000000001,19.25,1.012363219999999,5.583401182828437,0.9999999999999999,0.007875438123483418,5.65243,2921,72,-0.7099531853076136
61470571,20260207,1162.7906976744189,20.6,3.157815789999999,10.263480251962388,0.02787275479999999,0.004984919111598574,32.41018,1818,72,-0.5017728033027967
61471905,20260207,1000.0,28.73,7.482276129999999,15.36913206650127,0.11499609000000001,0.011154639175257731,114.99609000000001,207203,72,-0.46504935375909257
61524837,20260207,1000.0,18.9,2.185272169999998,10.3555750677958,0.02262975,0.0031670737942396184,22.62975,27875,72,-0.4520859752488995
61590141,20260207,28.447170000000018,21.41,1.570751739999998,11.944541917235135,0.6595352015683805,0.0017102719612790886,18.76191,11590,72,-0.4421045344588914
61593737,20260207,118.54912000000002,22.0,7.486773609999998,9.508955887875446,0.6005223826208073,0.009254551051534275,71.1914,132279,72,-0.5677747323692979
61630077,20260207,1000.0,30.15,0.45239702999999837,12.688986928141459,0.0057404599999999984,0.0014324515444698017,5.740459999999999,8913,72,-0.5791380786686082
61642024,20260207,20.98801,12.13,2.5296678399999997,7.168751451573975,0.8640438040576501,0.02518949017336475,18.13456,191357,72,-0.40900647555037306
61736578,20260207,1000.0,23.79,13.92317826,22.28128407227618,0.31022628999999996,0.004583234086225887,310.22628999999995,286701,72,-0.06341807178326272
61795733,20260207,47.716910000000006,13.34,2.913293729999999,3.5670965453936576,0.21778442904203138,0.006695107584955795,10.392,177887,72,-0.7326014583662926
61810671,20260207,83.33333333333333,10.0,0.0028838699999999997,5.617451549480386,0.0001944,0.14653409090909092,0.0162,5158,72,-0.43825484505196144
61869045,20260207,593.0689100000001,13.49,11.021867570000008,13.759977520760566,0.255721801367062,0.012635744599555137,151.66065,185192,72,0.020013159433696526
61887714,20260207,555.5555555555555,11.1,0.1607658499999996,0.0,0.0,0.2430952380952381,0.0,1021,72,-1.0
61914746,20260207,20.83333333333333,11.0,0.3186287699999997,2.3789753825431417,0.036384480000000004,0.002918138482115299,0.75801,17018,72,-0.7837295106778961
61915131,20260207,1000.0,20.52,0.755107939999999,8.749662995200406,0.0066069399999999995,0.01010599721059972,6.60694,3623,72,-0.5736031678752238
61946302,20260207,17.54385964912281,10.0,0.0284664499999998,0.0,0.0,0.001992700217589668,0.0,2839,72,-1.0
61947448,20260207,142.85714285714286,25.0,0.00273055,0.0,0.0,0.020973977695167286,0.0,2821,72,-1.0
62027377,20260207,2104.15374,13.5,184.01624725,10.056164700967727,0.8794498495152733,0.018754061498269883,1850.4976899999997,515431,72,-0.2550989110394276
62095724,20260207,12.5,10.5,0.24413513999999892,1.9979508070816934,0.039021600000000004,0.0005013814031432583,0.48777000000000004,2214,72,-0.8097189707541245
62098540,20260207,25.64102564102564,13.15,0.8453693999999992,5.758736949787874,0.18986214000000004,0.0020591230411785063,4.86826,62481,72,-0.5620732357575762
62141016,20260207,133.90189999999998,12.42,19.187915150000002,6.019843693127859,0.8626333905642863,0.0018851286939942802,115.50825,7910,72,-0.5153104916966297
62145179,20260207,10.638297872340424,10.0,0.0263947999999999,5.128282843590424,0.012723840000000004,0.0008828739067862283,0.13536,1595,72,-0.4871717156409576
62171512,20260207,62.5,15.0,1.5066085199999992,4.675620711344446,0.11270928,0.0019428571428571429,7.0443299999999995,1122,72,-0.6882919525770369
62210221,20260207,41.66666666666666,12.0,7.524852289999998,4.971173992307031,0.8977764,0.012481771687175609,37.407349999999994,559609,72,-0.5857355006410808
62243266,20260207,1.32579105532968,26.0,0.0029903999999998996,0.0,0.0,0.016808309726156753,0.0,1780,60,-1.0
62336447,20260207,1.32579105532968,26.0,0.013772849999999802,0.0,0.0,0.02028135048231511,0.0,10092,72,-1.0
62367731,20260207,72.79249000000002,15.0,2.2769717699999985,11.811376124351344,0.3694635257016211,0.008282184235988786,26.894170000000003,33383,72,-0.2125749250432437
62382189,20260207,100.0,13.32,1.440011719999999,2.5911802995603415,0.0373133,0.001389972107130284,3.7313300000000003,184779,72,-0.8054669444774518
62428947,20260207,32.35294117647059,10.1,0.14758721999999969,4.946634268197488,0.02256549090909091,0.017271989374262102,0.73006,23407,72,-0.5102342308715359
62450179,20260207,139.06444000000005,11.0,10.378513549999996,12.486475002000653,0.9318776964118214,0.0026618336012037068,129.59105,15568,72,0.1351340910909684
62462575,20260207,51.30043,10.0,1.302296579999999,4.359214396462597,0.11066164552616811,0.0034054204566549098,5.67699,11007,72,-0.5640785603537404
62463469,20260207,223.48889000000003,10.0,25.21536293,8.189880533280114,0.9240316599183074,0.006617439054829853,206.51081000000002,31814,72,-0.1810119466719886
62516634,20260207,17.806910000000002,12.0,1.0020338499999992,10.48906681146551,0.5902427765401184,0.0067361638976363705,10.5104,74440,72,-0.1259110990445409
62537183,20260207,1000.0,19.0,5.247883999999996,16.335054280925426,0.08572447,0.001917755058781327,85.72447,58807,72,-0.14026030100392492
62543564,20260207,1000.0,32.62,0.4121149299999988,32.585885689703204,0.013429130000000001,0.0027315946753599567,13.42913,2011,72,-0.00104580963509483
62552558,20260207,118.0,11.0,2.2494264799999995,5.807711483862323,0.11071203389830508,0.006360582306830907,13.06402,1704,72,-0.47202622873978883
62637401,20260207,70.21918999999998,10.5,10.540656519999999,6.729086548396514,1.010108347874705,0.004179735051915503,70.92899,11674,72,-0.35913461443842726
62681129,20260207,48.53814999999999,48.0,2.193455649999998,14.018943122921144,0.6335208490640869,0.004581768521679754,30.74993,8052,72,-0.7079386849391428
62730483,20260207,83.33333333333333,16.0,0.2413561299999997,3.1298977158773673,0.00906504,0.003365539452495974,0.75542,1254,72,-0.8043813927576645
62733626,20260207,33.333333333333336,36.0,0.08459705999999889,1.1628063670297915,0.0029511,0.09199914015477215,0.09837,21399,72,-0.9676998231380612
62753184,20260207,165.83097,21.6,9.966304629999998,16.084771231802094,0.9666814950186927,0.019388577827547594,160.30572999999998,8657,72,-0.25533466519434755
62758884,20260207,83.33333333333333,26.4,0.25335120999999916,0.9222770240568445,0.002803919999999999,0.006387542702788592,0.2336599999999999,56280,72,-0.9650652642402711
62759058,20260207,1000.0,31.5,32.574883729999996,15.366511025763225,0.5005623100000001,0.06937102557466915,500.56231,4262135,72,-0.5121742531503739
62759116,20260207,1000.0,30.0,20.775714540000003,20.264739351775862,0.42101444000000005,0.08008016877637131,421.01444000000004,37958,72,-0.3245086882741379
62781570,20260207,1.32579105532968,26.0,0.0087054899999999,0.0,0.0,0.011758709873725848,0.0,7729,72,-1.0
62782340,20260207,292.4077699999999,25.0,8.833024349999995,11.462082067055556,0.3462454161187305,0.043072863583616484,101.24485000000001,2683616,72,-0.5415167173177777
62785644,20260207,316.29635,10.0,28.86067261,6.699915231116298,0.6113382591990074,0.02337749954415608,193.36406,307704,72,-0.33000847688837015
62789760,20260207,87.71929824561404,10.5,14.185952799999999,4.288910364906895,0.693601992,0.07426582430806257,60.842279999999995,1234298,72,-0.5915323461993433
62824285,20260207,288.6240099999998,10.0,43.15919143000001,6.145476344944583,0.9189595487915234,0.004326629479896969,265.23379,76092,72,-0.38545236550554174
62841880,20260207,197.99366,11.0,38.87389505,4.956325054440358,0.9731203514294346,0.019588468336685563,192.67166,160694,72,-0.5494249950508766
62863416,20260207,2.360717658168083,25.0,0.0957556699999993,0.0,0.0,0.014178267518920826,0.0,72312,72,-1.0
62868116,20260207,1000.0,16.0,12.598702109999998,11.973630194832825,0.15085220000000002,0.013983078327588013,150.8522,280295,72,-0.2516481128229484
62941923,20260207,1000000.0,41.96,1.279913989999998,7.1795996229403,9.18927e-06,0.07611979166666667,9.18927,17538,72,-0.8288941939242064
62972330,20260207,56.30614,10.0,9.848400379999998,5.094553233425712,0.8910786638899417,0.004479728688145522,50.1732,14530,72,-0.4905446766574288
62987009,20260207,225.48274,23.0,5.1095899299999985,23.910811175408757,0.5418349981022937,0.0008659306839215834,122.17444,27461,72,0.03960048588733724
62988138,20260207,24.390243902439025,15.0,2.4136559099999984,5.712090088267806,0.5652678200000001,0.003048619018616106,13.787020000000002,23025,72,-0.6191939941154795
63002552,20260207,2532.0,23.0,7.605305499999998,9.690716566218152,0.02910776461295419,0.015049092801230714,73.70086,66520,72,-0.5786644971209499
63002557,20260207,2000.0,21.0,0.9106115599999993,2.031250295131331,0.0009248400000000001,0.004422186158163438,1.8496800000000002,26159,72,-0.9032737954699367
63008487,20260207,1052.6315789473683,17.0,37.05166655,6.546252370934176,0.230422082,0.023679253139313187,242.54955999999999,540254,72,-0.6149263311215191
63029536,20260207,1000.0,14.88,0.013316019999999897,7.059917302617503,9.401e-05,0.023483835005574136,0.09401,4213,72,-0.5255431920283936
63031140,20260207,9.95539,12.0,0.6151091899999985,4.336888544942738,0.26796137569698425,0.0024713543813370703,2.6676599999999997,2998,72,-0.6385926212547718
63038827,20260207,0.206347241137386,26.0,0.0021923399999999,0.0,0.0,0.0018668041844703109,0.0,1267,72,-1.0
63039945,20260207,13.6986301369863,12.0,0.06251371,0.0,0.0,0.004338377958866899,0.0,8944,72,-1.0
63041128,20260207,86.78675999999997,10.0,5.560731969999999,4.811032098711279,0.3082596930683898,0.012517385634592617,26.752860000000002,646006,72,-0.5188967901288721
63057736,20260207,312.5,46.75,2.166353999999998,6.752474434002944,0.046810399999999995,0.004935008980678951,14.62825,88197,72,-0.8555620441924504
63067488,20260207,6.0449600000000006,12.5,0.8674467099999993,6.968681684203983,0.9999999999999999,0.002029810298102981,6.04496,1498,72,-0.44250546526368134
63075099,20260207,2516.66506,16.88,204.85770876,12.395182662981181,1.0089736454639697,0.06651340766494825,2539.24872,332873,72,-0.2656882308660437
63086700,20260207,233.5167930000001,32.0,0.3155038899999992,150.06829234340066,0.2027568526945297,0.8979411764705882,47.34713,3053,72,3.6896341357312705
63086847,20260207,73.61649750000005,27.63,0.1974057299999995,157.41766968973027,0.4221220929452665,1.0627272727272727,31.07515,1169,72,4.6973459894944005
63088304,20260207,2000.0,15.0,0.0573125199999996,4.341808735682914,0.00012442,0.013672316384180792,0.24884,14520,72,-0.7105460842878057
63092554,20260207,86.40656,18.32,1.0485455099999998,8.196992803869811,0.0994706883366263,0.003075165455228892,8.59492,72811,72,-0.5525658949852723
63096817,20260207,1000.0,14.61,0.6980512899999984,7.139604311883746,0.00498381,0.007543017206882753,4.98381,9425,72,-0.5113207178724335
63099873,20260207,172.3989100000001,22.0,5.9025735999999975,25.371124554889086,0.8686535779141523,0.0008439159647796118,149.75493,19418,72,0.15323293431314025
63113659,20260207,715.3814399999999,12.42,102.6781206,6.719723403273901,0.9644764756547222,0.006909387454456969,689.96857,52530,72,-0.4589594683354347
63116306,20260207,1000.0,24.5,1.437166389999999,8.31511930918452,0.011950210000000003,0.0011041676382346998,11.950210000000002,7103,72,-0.6606073751353256
63117307,20260207,44.70852000000001,22.1,2.0507180199999993,14.176146947789542,0.6502402674031705,0.01020754716981132,29.07128,2705,72,-0.3585453869778488
63120136,20260207,305.25518000000005,25.0,15.297062569999998,14.424013041086754,0.7228215750507493,0.0039039470130903817,220.64503000000002,27467,72,-0.42303947835652983
63121462,20260207,312.5,27.0,5.042213929999999,14.960654396510307,0.241391424,0.0020922318125770655,75.43482,4242,72,-0.44590168901813676
63125663,20260207,470.4109,20.0,5.02379563,10.15245717708465,0.10842408201000443,0.008420654378159146,51.00387,27821,72,-0.4923771411457675
63129888,20260207,2000.0,12.0,0.38690968999999886,7.344840600916479,0.001420895,0.022986560880829017,2.84179,56786,72,-0.3879299499236268
63131421,20260207,1000.0,23.0,1.0601811499999987,10.036284836794177,0.01064028,0.0048020882032102225,10.64028,6163,72,-0.5636397897046009
63140913,20260207,199.83509,11.5,8.40245083,6.282768095650969,0.26417107225763004,0.00716276825477183,52.79065,90551,72,-0.4536723395086114
63140934,20260207,114.94252873563218,11.5,0.0972153599999998,4.004614085675358,0.003386997,0.0013238646326494828,0.38931,2265,72,-0.6517726882021428
63151343,20260207,342.40937999999994,30.0,23.723716439999997,13.038796884220389,0.9033885695537898,0.041968178088544826,309.32872,117641,72,-0.5653734371926536
63152431,20260207,1000.0,43.2,13.094098639999995,35.957734315647414,0.47083411999999997,0.015028501130383815,470.83412,233328,72,-0.16764503898964325
63152697,20260207,1785.3398499999994,17.0,48.95267046,13.594006491305928,0.3727373922673603,0.041142153775691304,665.4629199999999,718630,72,-0.20035255933494542
63154710,20260207,1000.0,23.61,0.0218982999999998,9.924971344807675,0.00021733999999999992,0.01018929503916449,0.21733999999999992,1561,72,-0.579628490266511
63161144,20260207,60.10060000000001,32.0,3.0264052499999985,18.78458279835459,0.9459100241927699,0.00641853280222951,56.849759999999996,182407,72,-0.412981787551419
63170448,20260207,2.7777777777777777,24.94,0.0944938899999999,8.6806670780513,0.29529720000000004,0.002586468446601942,0.82027,1705,72,-0.6519379680011508
63183978,20260207,1000.0,31.5,10.746477059999997,19.175730692901144,0.20607155,0.031789256642348745,206.07155,1715965,72,-0.39124664466980497
63196191,20260207,2000.0,25.0,0.4326052599999986,5.661211793864939,0.0012245350000000001,0.012564302416212004,2.4490700000000003,6448,72,-0.7735515282454024
63203969,20260207,10.309278350515465,12.13,1.1682131499999997,5.367547865729813,0.6082326800000001,0.004980568678737742,6.270440000000001,73691,72,-0.5574981149439561
63205388,20260207,51.54639175257732,14.5,0.08118716999999921,5.323378065770789,0.008384486,0.008658536585365854,0.43219,2201,72,-0.6328704782227041
63209471,20260207,17.54385964912281,10.0,0.2077001199999994,3.0483371892129956,0.03608898,0.006773827265630544,0.63314,9545,72,-0.6951662810787005
63213666,20260207,0.206347241137386,26.0,0.014919279999999799,0.0,0.0,0.06772300469483568,0.0,8655,60,-1.0
63224395,20260207,45.16711833785005,14.0,0.3635722799999984,5.830257466273307,0.0469306008,0.00990221455277538,2.11972,24101,72,-0.5835530381233353
63226351,20260207,1000.0,10.01,0.39856129999999934,5.879923615263208,0.00234351,0.004633905664101046,2.34351,7044,72,-0.41259504343024894
63231700,20260207,1000.0,24.0,1.532146019999999,12.629044325683795,0.01934954,0.009755855353985515,19.349539999999998,40279,72,-0.4737898197631752
63234573,20260207,229.51535,15.4,1.8101369199999988,11.342014945477171,0.08945196911666256,0.006837366087920207,20.5306,29614,72,-0.2635055230209629
63273998,20260207,11.750881316098708,13.0,0.5521018899999983,4.917769797890038,0.231055861,0.002720566244641611,2.71511,2729,72,-0.6217100155469202
63274135,20260207,5.00167,10.0,1.413662929999999,3.538092351335833,1.0,0.01040630290402396,5.00167,7991,72,-0.6461907648664167
63281072,20260207,277.77777777777777,34.1,0.1704646299999994,4.037025158826218,0.002477412,0.0063686458778299876,0.68817,74545,72,-0.8816121654303162
63298743,20260207,6.849315068493151,28.08,0.3764911899999997,13.412026985279534,0.7372284599999999,0.02115457597431032,5.04951,14493,72,-0.5223637113504439
63302969,20260207,1000.0,20.0,4.725168639999996,15.126380759184936,0.0714747,0.0008841939797027114,71.4747,28237,72,-0.24368096204075318
63304451,20260207,884.4620500000002,28.53,3.3237044899999986,18.87653074717242,0.07093578520412491,0.002316154309825196,62.74001,19981,72,-0.33836204881975396
63305006,20260207,1000.0,12.0,8.843033169999998,8.440567683633377,0.07464022,0.01529215770963164,74.64022,49568,72,-0.2966193596972186
63311767,20260207,1000.0,12.0,0.9559277099999997,6.866314190222608,0.0065637,0.009579439252336449,6.5637,2665,72,-0.42780715081478266
63316232,20260207,126.52847,36.0,2.6108107399999985,32.71654995566628,0.6750790553303933,0.08173297220495515,85.41672,184079,72,-0.09120694567593664
63317909,20260207,114.94252873563218,11.5,1.4736124399999986,5.083527932215343,0.06517300499999999,0.006626388715516165,7.491149999999999,26542,72,-0.5579540928508397
63333434,20260207,1000.0,22.2,0.7047265799999984,11.988763074609755,0.0084488,0.013412852591498952,8.448799999999999,17261,72,-0.4599656272698308
63335323,20260207,15.89825119236884,13.0,0.1714528099999994,5.1501634764691415,0.05554132900000001,0.0023960695389266817,0.8830100000000001,1585,72,-0.6038335787331429
63336283,20260207,1000.0,12.0,0.1539623499999997,7.6086783554550985,0.0011714499999999999,0.061026472177201516,1.1714499999999999,11296,72,-0.3659434703787418
63336654,20260207,370.3703703703704,22.0,5.149750259999998,11.6326184718713,0.16174371599999998,0.0008275467999349482,59.90508,94138,72,-0.4712446149149409
63346965,20260207,139.99414000000007,12.0,22.4187794,5.402917698543392,0.8652277873916718,0.010297415431394907,121.12682000000001,130044,72,-0.5497568584547173
63360454,20260207,1000.0,22.01,0.0619317599999995,7.273650869925279,0.00045046999999999996,0.004085019322573312,0.45047,1797,72,-0.6695297196762708
63371100,20260207,1.32579105532968,26.0,0.023680179999999697,0.0,0.0,0.011053807207386081,0.0,22269,72,-1.0
63374999,20260207,500.0,10.0,0.4245971199999996,2.197824610774564,0.00186638,0.0021201752555810556,0.93319,15243,72,-0.7802175389225436
63377282,20260207,1000.0,28.0,0.0134913799999999,0.0,0.0,0.06069158878504673,0.0,6494,72,-1.0
63377702,20260207,23.80952380952381,25.93,0.00267095,0.0,0.0,0.0034086999262718113,0.0,1387,72,-1.0
63378800,20260207,376.11769,28.6,27.498617760000002,13.593646533890364,0.9938551148710928,0.02248530980644506,373.80649000000005,265565,72,-0.524697673640197
63381071,20260207,1000.0,19.41,20.43495700999999,8.9418617279489,0.18272656,0.3924533802919178,182.72656,10808951,72,-0.5393167579624472
63383639,20260207,1000.0,23.0,10.404426669999998,16.561577630879686,0.17231371999999998,0.0025482792018100046,172.31372,64988,72,-0.2799314073530571
63385982,20260207,166.66666666666666,44.0,5.198072819999998,13.756742638322644,0.4290513,0.02329082875028211,71.50855,1176471,72,-0.68734675821994
63387460,20260207,1000.0,20.0,1.3358856599999989,9.48619360132963,0.012672469999999998,0.0023212252240357796,12.672469999999999,14065,72,-0.5256903199335186
63392724,20260207,1000.0,12.0,0.5881267999999983,3.039599623754614,0.0017876699999999999,0.013175932977913175,1.7876699999999999,5190,72,-0.746700031353782
63395435,20260207,166.66666666666666,34.0,0.5034334099999986,7.193126097848789,0.02172756,0.020294273174342976,3.62126,76757,72,-0.7884374677103297
63396395,20260207,35.40957,45.67,1.5490944399999982,18.730530076655647,0.8194214163007345,0.17834179222839017,29.01536,224889,72,-0.5898723434058322
63400025,20260207,37.5,12.3,0.173732089999999,5.323599111712783,0.024663466666666665,0.001108656779215315,0.9248799999999999,9486,72,-0.5671870640883917
63400580,20260207,62.5,12.3,2.7837648,10.22704576191207,0.45551504,0.023964224382435447,28.46969,308398,72,-0.16853286488519761
63400716,20260207,72.28915662650603,20.0,0.3840823499999987,8.020701810432087,0.042615105,0.007148275862068966,3.08061,2073,72,-0.5989649094783956
63402273,20260207,1.6937669376693767,48.0,0.0148208899999999,0.0,0.0,0.10401738114365004,0.0,142431,72,-1.0
63406884,20260207,988.0561600000004,23.0,31.67529463999999,22.184647624796344,0.7111997054904247,0.0039596116409157,702.7052500000002,160685,72,-0.035450103269724156
63417058,20260207,4.0387200000000005,17.27,0.07157956999999951,15.816663888872311,0.2803239640282069,0.05119402985074627,1.13215,12348,72,-0.08415379913883547
63418435,20260207,1.7391304347826086,17.27,0.0111358899999997,88.58384915799515,0.5672145000000001,0.0029215001689379435,0.98646,2594,72,4.129348532599604
63423338,20260207,1000.0,15.5,0.887547869999999,14.683433356670683,0.01303225,0.020295731707317074,13.032250000000001,6657,72,-0.05268171892447206
63423732,20260207,114.94252873563218,11.5,0.3046941499999983,5.677857615579458,0.015051087000000001,0.002625138427464009,1.73001,4741,72,-0.5062732508191775
63425723,20260207,243.00836,27.5,14.681358509999999,16.26848086553538,0.982860836557228,0.021381565110987898,238.84340000000003,111832,72,-0.40841887761689527
63425781,20260207,21.27659574468085,27.5,0.7513968699999993,11.601911517145403,0.40972907999999997,0.012421198475926567,8.71764,50204,72,-0.5781123084674399
63428371,20260207,52.63157894736842,10.0,3.9220124899999997,4.672942793203599,0.34821946000000004,0.008650280898876404,18.32734,6159,72,-0.5327057206796402
63437499,20260207,1000.0,23.0,1.5970414799999997,31.52378359014195,0.05034479,0.0006314907872696817,50.34479,10556,72,0.37059928652791085
63450741,20260207,77.27272727272727,21.92,0.8908534999999991,2.565438649564718,0.02957615294117647,0.11557971014492753,2.28543,1595,72,-0.882963565257084
63459526,20260207,1000.0,11.82,7.652120039999999,7.4657741516558875,0.057129000000000006,0.007965563356736878,57.129000000000005,19060,72,-0.3683778213489097
63461105,20260207,0.8063703255720189,33.0,0.0147580499999998,0.0,0.0,0.03683094859565448,0.0,6950,72,-1.0
63461403,20260207,7.76066,25.0,0.1303049099999993,28.85992553926034,0.48457089989768914,0.03164441729924672,3.76059,108803,72,0.15439702157041368
63463244,20260207,1000.0,36.49,2.4433357199999985,46.379062472839415,0.11331962,0.007451192277213458,113.31962,10343,72,0.2710074670550675
63471771,20260207,33.333333333333336,11.0,2.1988669999999995,11.77652400076949,0.7768502999999999,0.0014328859060402685,25.89501,1281,72,0.07059309097904451
63488641,20260207,1884.9242100000013,20.6,28.056852819999996,19.022322048164778,0.28314480081933885,0.006170286568119964,533.70649,92500,72,-0.0765863083415157
63494257,20260207,83.03227000000001,11.0,14.871869980000005,5.067624992778478,0.9076598772983081,0.002313429846774158,75.36506,51983,72,-0.5393068188383201
63494470,20260207,58.7649,10.5,0.40920028999999974,6.277219402752627,0.04371044620172927,0.00012331391929578268,2.5686400000000003,1300,72,-0.40216958069022596
63501118,20260207,1000.0,15.36,0.4264734999999989,7.775231051870769,0.00331593,0.04375745011661052,3.31593,16886,72,-0.49380006172716345
63517708,20260207,2000.0,15.0,0.34900786999999933,0.0,0.0,0.013954607977991747,0.0,2029,72,-1.0
63520550,20260207,1000.0,25.3,0.8662697799999988,11.146215905165263,0.00965563,0.007775470822443147,9.65563,31832,72,-0.559438106515207
63523189,20260207,1000.0,18.66,0.5611918599999988,10.00761130070563,0.005616189999999999,0.027983903420523138,5.61619,27816,72,-0.4636864254712953
63530858,20260207,731.0965000000001,13.27,20.323064679999995,11.184759955209671,0.31091463302040145,1.344742268041237,227.30859999999998,13044,72,-0.1571394155832953
63533809,20260207,2000.0,18.0,6.488862299999999,9.62495074059439,0.031227490000000004,0.06095455100580979,62.454980000000006,1746866,72,-0.4652805144114228
63534270,20260207,2000.0,15.0,0.971887609999999,13.00418882796542,0.006319305,0.09342757354048113,12.63861,620602,72,-0.1330540781356387
63541222,20260207,468.76926,17.6,0.7891167299999984,174.5205554062962,0.2937843876537468,0.041194948186528496,137.71709,25442,72,8.915940648085012
63541909,20260207,312.5,26.0,23.84098275999999,10.391828746911944,0.7928045119999999,0.08059416130628402,247.75140999999996,6515232,72,-0.6003142789649252
63548375,20260207,1000.0,18.08,0.18686605999999947,13.590536451616773,0.00253961,0.008013188073394495,2.5396099999999997,2795,72,-0.24831103696809878
63557880,20260207,197.3684210526316,25.75,12.6591705,13.65377376029496,0.8757502800000001,0.06263918402039949,172.84545000000003,29478,72,-0.4697563588234967
63558513,20260207,1000.0,30.39,0.0284800699999999,24.025924093585534,0.0006842600000000001,0.053389312977099236,0.6842600000000001,3497,72,-0.20941348820054184
63559570,20260207,1000.0,33.45,5.341683049999997,23.87749119633747,0.12754599,0.010673634778247638,127.54599,187286,72,-0.28617365631278124
63559834,20260207,315.59441000000004,15.4,13.990619959999998,22.228635392080225,0.98541792929729,0.02254111388627591,310.99239,138984,72,0.44341788260261195
63560778,20260207,65.36903000000001,10.0,0.10663860999999959,14.370404865554848,0.023442905608359186,0.0012009786539961705,1.53244,3387,72,0.4370404865554848
63572499,20260207,1000.0,18.54,5.736335839999997,11.17819489453045,0.06412188,0.0075328036904151715,64.12188,29393,72,-0.3970768665301807
63574326,20260207,1000.0,11.0,0.2076069899999985,3.3728151446153385,0.0007002200000000001,0.0024742750233863425,0.7002200000000001,2116,72,-0.6933804413986056
63576343,20260207,1000.0,18.08,0.0782647799999994,10.709542657629733,0.0008381799999999999,0.005077466702908399,0.8381799999999999,1868,72,-0.40765803884791296
63576544,20260207,0.8063703255720189,33.0,0.012353309999999802,14.293335146612757,0.21896887125,0.0519975835682642,0.17657,12911,72,-0.5668686319208256
63577289,20260207,1000.0,10.01,0.00039359999999999997,0.0,0.0,0.04968599033816425,0.0,4114,72,-1.0
63585050,20260207,67.94634,20.0,0.3353909899999996,17.5320750268217,0.08654034934037654,0.0022062012142237642,5.8801000000000005,2035,72,-0.12339624865891494
63585819,20260207,104.16666666666669,20.0,1.9629655399999975,19.71715713358883,0.37155935999999995,0.001641928581703107,38.704100000000004,36527,72,-0.014142143320558454
63585859,20260207,106.96745000000004,20.0,5.668696339999999,18.016849708340526,0.9547955943607139,0.006919883159113038,102.13204999999999,113001,72,-0.09915751458297369
63592846,20260207,1000.0,22.0,0.1877847999999994,11.101803766865086,0.0020847500000000002,0.0018148944487881157,2.08475,5571,72,-0.49537255605158703
63596498,20260207,524.1248999999999,24.0,1.3448374800000003,28.736528074752943,0.0737342568536622,0.000396654014813723,38.64596000000001,10764,72,0.1973553364480393
63599957,20260207,1000.0,36.05,0.07052639999999971,18.042179949635955,0.00127245,0.0015661304736371761,1.27245,1402,72,-0.49952344106418983
63610006,20260207,2000.0,18.0,0.529217199999999,15.002176799998214,0.0039697050000000005,0.043287268843046935,7.9394100000000005,64840,72,-0.16654573333343256
63612668,20260207,2000.0,15.0,0.4373678399999993,1.6438565761945396,0.000359485,0.07312475557293703,0.71897,112188,72,-0.8904095615870307
63614842,20260207,1000.0,10.01,0.0895118499999998,11.244991584913086,0.00100656,0.013135650988411724,1.0065600000000001,1927,72,0.12337578270859999
63615646,20260207,81.49904000000001,20.0,0.30864491999999943,14.896049479771152,0.056412811733733303,0.0016356260372487553,4.59759,3548,72,-0.2551975260114424
63617797,20260207,1000.0,42.0,0.5115784799999996,33.68474373667949,0.017232390000000004,0.005602705589177644,17.232390000000002,7869,72,-0.19798229198382158
63621861,20260207,1000.0,23.0,1.069345609999999,30.21282333594658,0.032307949999999995,0.001464503996238834,32.30795,5607,72,0.3136010146063731
63623050,20260207,85.65348999999999,25.0,2.660454639999999,16.851288996229613,0.5234122976191631,0.01309033334468317,44.83209,38445,72,-0.3259484401508155
63623138,20260207,37.101850000000006,25.0,0.3890167799999993,17.54309929767043,0.1839412320409898,0.011059211163872469,6.824559999999999,22824,72,-0.29827602809318277
63623552,20260207,23.47515,25.0,0.7338591299999992,6.39203057949283,0.19982193936992945,0.005635982166273276,4.690849999999999,32235,72,-0.7443187768202868
63623668,20260207,23.80952380952381,25.0,0.22626095999999962,8.588755214333059,0.08161860000000001,0.014940194087113518,1.9433000000000002,26480,72,-0.6564497914266777
63623744,20260207,91.2677,25.0,0.8465259399999996,23.216075339640522,0.21533368321980284,0.002809431234734061,19.653010000000002,5636,72,-0.07135698641437913
63624347,20260207,166.66666666666666,35.0,1.5245267499999986,15.194721903043039,0.13898855999999998,0.03205780845556514,23.164759999999998,7431,72,-0.5658650884844846
63624431,20260207,1000.0,38.5,10.820987509999997,20.817467887457166,0.22526556000000003,0.20260696956329952,225.26556000000002,137793,72,-0.45928654837773597
63624433,20260207,1045.55126,38.5,37.189085069999976,19.284177834708974,0.6859165661566895,0.28145176858002613,717.16093,495721,72,-0.49911226403353315
63624751,20260207,434.7826086956522,42.0,0.7637385299999984,26.10380282896038,0.045853904,0.0169889728405146,19.93648,16639,72,-0.37848088502475286
63625403,20260207,119.04761904761904,24.0,3.80856712,25.47873962636111,0.8151149160000002,0.001990020175817841,97.03749000000002,44188,72,0.061614151098379644
63627097,20260207,1000.0,30.0,0.6938685999999983,1.2967584928904436,0.0008997799999999999,0.688586387434555,0.8997799999999999,52608,72,-0.9567747169036519
63631007,20260207,10.416666666666666,10.4,0.0313070299999997,2.5974996670077224,0.0078067200000000005,0.0013101510361784334,0.08132,7460,72,-0.7502404166338729
63634169,20260207,1000.0,12.0,7.828716789999996,2.8161843877354014,0.022047109999999995,0.002161490922392715,22.047109999999996,33681,72,-0.7653179676887166
63636525,20260207,1000.0,20.0,3.5062172199999977,10.43995500084847,0.03660475,0.004973032744341389,36.604749999999996,22037,72,-0.47800224995757656
63638721,20260207,1000.0,30.2,1.7043895799999988,17.99136791249335,0.0306643,0.011499131298088857,30.664299999999997,60229,72,-0.40425934064591557
63638728,20260207,1000.0,30.2,4.311500569999999,21.958619386196673,0.09467459999999998,0.023354263276220113,94.67459999999998,381242,72,-0.27289339780805716
63638938,20260207,1000.0,36.08,0.10309321999999971,13.866188290558817,0.0014295100000000002,0.005704989154013016,1.42951,3419,72,-0.6156821427228709
63639183,20260207,1000.0,34.1,0.039602299999999896,14.820856364403117,0.00058694,0.02073627844712182,0.58694,1549,72,-0.5653707811025479
63639547,20260207,1000.0,35.0,0.0711344499999999,16.6570487295537,0.0011848899999999999,0.03293489493627282,1.1848899999999998,9561,72,-0.5240843220127515
63639568,20260207,1000.0,35.0,5.76262225,29.411028980773466,0.16948465,0.03191979949874687,169.48465,439392,72,-0.15968488626361527
63639572,20260207,1000.0,35.0,1.8767961799999995,19.813589987166328,0.03718607,0.018123441550425872,37.18607,146818,72,-0.4338974289381049
63645523,20260207,111.24086,12.3,20.94655676999999,5.061078112457719,0.9529965877646037,0.07352940708696482,106.01216,924647,72,-0.588530234759535
63645554,20260207,62.5,12.3,0.309572549999999,6.603298645180287,0.0327072,0.009984293193717278,2.0442,49582,72,-0.46314645161135887
63645608,20260207,62.5,12.3,3.618889709999998,5.432796126854059,0.31457103999999997,0.0726925380285064,19.66069,182073,72,-0.5583092579793448
63645835,20260207,62.5,12.3,2.190383879999999,4.473608525643462,0.15678272000000001,0.03458021477383664,9.79892,425060,72,-0.6362919897850844
63650940,20260207,2000.0,15.0,3.231039879999998,12.081098175736543,0.019517254999999997,0.006995983479754183,39.03451,98586,72,-0.19459345495089717
63650951,20260207,2000.0,15.0,3.228901949999999,7.154506503364095,0.011550600000000001,0.0223244420935973,23.101200000000002,177265,72,-0.523032899775727
63652316,20260207,188.16694,10.0,23.739062800000003,4.659807378747908,0.5878793586163436,0.0032140069722670275,110.61946,12354,72,-0.5340192621252091
63656523,20260207,8.51284,48.0,0.08668503999999919,37.584916613063,0.38272186485356235,0.007919290211791642,3.25805,2767,72,-0.21698090389452082
63657517,20260207,1000.0,22.0,2.9143161699999984,14.092887526338647,0.04107113,0.0003755136283206754,41.07113,12712,72,-0.3594142033482433
63663934,20260207,2.1367521367521367,21.0,0.01623013,22.84085216815885,0.17349228,0.0030201171377641964,0.37071,1186,72,0.08765962705518335
63665246,20260207,1000.0,30.0,0.4747129299999995,15.489656032752272,0.007353139999999999,0.03200242972644632,7.353139999999999,76393,72,-0.48367813224159095
63665437,20260207,1000.0,30.2,13.408579269999993,15.393079001426534,0.20639932000000002,0.058646512102951694,206.39932000000002,574208,72,-0.49029539730375715
63665441,20260207,1000.0,30.2,3.5299054999999977,13.333334277645685,0.04706541,0.039142538975501115,47.06541,221445,72,-0.5584988649786197
63665444,20260207,1000.0,30.2,3.5630725699999983,15.767801215454904,0.05618182,0.015549920392568682,56.18182,321322,72,-0.4778873769716919
63666595,20260207,1000.0,20.0,1.5735898499999985,7.530774299287715,0.011850349999999999,0.0013065300210800036,11.850349999999999,27333,72,-0.6234612850356143
63675336,20260207,1000.0,36.05,4.888550489999998,23.228668750028607,0.11355451999999999,0.004073444075935073,113.55452,171703,72,-0.3556541262127986
63675362,20260207,1000.0,34.86,1.4007500399999986,28.292264050194166,0.03963039,0.00813848469643753,39.63039,24330,72,-0.18840321141152705
63675427,20260207,1000.0,34.85,0.1049685599999992,18.840784326278413,0.00197769,0.0032089136490250697,1.97769,2304,72,-0.4593749117280226
63686060,20260207,1000.0,38.46,0.033940119999999796,13.901836528568634,0.00047183,0.0033363423000541616,0.47183,1848,72,-0.6385377917688863
63701114,20260207,166.66666666666666,34.0,0.10341095999999951,16.52697160919895,0.010254420000000002,0.0056870812272246385,1.70907,24190,72,-0.5139125997294427
63701115,20260207,166.66666666666666,34.0,1.0170834799999982,21.73359457180451,0.13262928000000002,0.0073764160539528745,22.10488,317627,72,-0.36077663024104384
63701441,20260207,1000.0,36.05,0.2813880899999992,29.27586594016834,0.008237880000000001,0.0011830120268836223,8.23788,5351,72,-0.18790940526578798
63707198,20260207,1000.0,31.53,0.28251825999999913,39.9191188562468,0.01127788,0.0017044647787331387,11.27788,8643,72,0.2660678355929843
63707818,20260207,5.59174,15.0,0.0957549899999994,21.719285856538782,0.3719289523475698,0.06641447368421052,2.0797299999999996,2019,72,0.44795239043591883
63708168,20260207,1000.0,10.01,0.08658829999999959,6.560008684776147,0.0005680199999999997,0.008593563766388557,0.5680199999999997,1442,72,-0.34465447704533997
63711027,20260207,1000.0,29.95,0.0126712699999998,238.15844820606355,0.0030177699999999995,0.003895027624309392,3.0177699999999996,1269,72,6.951868053624827
63712035,20260207,59.29753,27.0,3.042648139999999,19.37017600727241,0.9939137431188112,0.0514034910705277,58.93663,50946,72,-0.2825860738047256
63712496,20260207,2000.0,20.0,16.819040249999993,10.369814650987594,0.08720516499999999,0.027510493370689386,174.41033,528273,72,-0.4815092674506203
63713425,20260207,1000.0,30.45,1.0893592299999995,20.33258578990515,0.022149490000000004,0.020940370998888173,22.149490000000004,35785,72,-0.3322631924497488
63713531,20260207,1000.0,31.5,0.7566933199999988,21.502885739760497,0.016271090000000002,0.003938651613590372,16.27109,33282,72,-0.3173687066742699
63736256,20260207,500.0,13.0,10.698062729999997,6.3182336564967985,0.13518572,0.04695204377212745,67.59286,29176,72,-0.5139820264233232
63740865,20260207,1000.0,32.3,0.2595279799999977,14.968135612969492,0.0038846500000000003,0.02029353502611201,3.88465,11269,72,-0.5365902287006349
63761622,20260207,1000.0,40.0,18.74194842,43.66644447311951,0.81839425,0.0031624846498860644,818.3942499999999,48158,72,0.09166111182798779
63769208,20260207,72.71365000000002,12.0,0.19943325999999917,3.179610061029954,0.008720783511761546,7.967597968577304e-05,0.63412,1139,72,-0.7350324949141704
63769423,20260207,161.29032258064515,10.57,3.8894000799999984,6.894304892388446,0.16625120200000001,0.01269018448327383,26.81471,80688,72,-0.3477478815148112
63775060,20260207,2944.59903,40.0,46.15729392,29.309820509512225,0.4594384451726183,0.03990340934150752,1352.8619999999999,90473,72,-0.26725448726219436
63775265,20260207,1000.0,35.0,0.25472956999999946,22.000547482571466,0.00560419,0.11241746012118214,5.60419,90912,72,-0.37141292906938667
63775313,20260207,10.31746,35.0,0.0838143999999999,20.138782834453295,0.16359840503379708,0.002767819924968737,1.68792,4648,72,-0.42460620472990585
63777240,20260207,1000.0,31.86,1.0178924899999986,17.526408903950184,0.017839999999999998,0.003431256817536572,17.84,45926,72,-0.44989300364249263
63778195,20260207,172.21994,11.9,1.6319999099999987,0.6056985628142595,0.00573975348034612,0.014598544010589014,0.9885,275730,72,-0.9491009611080454
63778231,20260207,86.95652173913044,11.9,1.2184025999999986,3.4808527164994603,0.048772420000000004,0.10263800559654032,4.24108,161388,72,-0.7074913683613898
63778991,20260207,1000.0,35.43,0.5420475799999995,23.998188498507847,0.01300816,0.005960539233292627,13.00816,24893,72,-0.3226590883853275
63792158,20260207,846.3299899999997,34.0,17.75001759,11.334654119630088,0.23772088000804517,0.0061321214088621975,201.19031,18890,72,-0.6666278200108797
63792540,20260207,0.8063703255720189,33.0,0.0018740500000000002,0.0,0.0,0.010976781425140112,0.0,1371,72,-1.0
63793115,20260207,13.157894736842104,19.23,0.8729048300000002,2.003803782366515,0.13293388,0.08686440677966102,1.74913,1025,72,-0.8957980352383508
63793364,20260207,56.66666666666666,32.0,0.6381336399999991,17.258782972168678,0.1943542941176471,0.0077744310330962185,11.01341,106341,72,-0.4606630321197288
63793948,20260207,1000.0,15.05,1.001926469999999,7.307871604589912,0.007321949999999999,0.009765283296050215,7.321949999999999,29248,72,-0.5144271359076471
63795874,20260207,40.54054054054054,17.0,0.485676569999999,8.577560165193903,0.10275936,0.0022972321342463113,4.16592,2382,72,-0.4954376373415351
63798182,20260207,1000.0,15.4,2.7928968899999975,7.1213835609949845,0.01988929,0.006334586466165413,19.88929,23253,72,-0.5375724960392868
63798620,20260207,1000.0,15.0,1.3629326299999986,9.287869203043448,0.012658739999999998,0.017411280644608264,12.658739999999998,30468,72,-0.3808087197971035
63801044,20260207,750.0,12.0,10.220424519999998,8.865229602028315,0.12080854666666668,0.05984336185481645,90.60641000000001,520350,72,-0.26123086649764043
63805495,20260207,896.1630500000002,18.02,2.5270412799999984,9.404361609795316,0.026518846096142877,0.007788854128002546,23.76521,14689,72,-0.4781153379691833
63807604,20260207,1000.0,22.0,0.16320020999999948,10.508993830338854,0.00171507,0.024063994722084776,1.7150699999999999,14590,72,-0.5223184622573248
63811082,20260207,1000.0,27.67,0.020046869999999897,20.929451829637344,0.0004195699999999998,0.003588842521414452,0.41956999999999983,1634,72,-0.24360492122741806
63821686,20260207,1000.0,24.0,0.09226331999999911,6.854294859539047,0.0006324000000000001,0.0003157356009605921,0.6324000000000001,1604,72,-0.7144043808525398
63822517,20260207,1000.0,25.0,0.32362780999999885,4.927728553365069,0.0015947499999999998,4.2486964765365774e-05,1.59475,2689,72,-0.8028908578653972
63822518,20260207,1000.0,25.0,0.12756324999999918,9.43359470693956,0.0012033800000000002,0.002953601108033241,1.2033800000000001,1706,72,-0.6226562117224176
63824197,20260207,1000.0,10.01,3.470039719999999,8.684750732478651,0.030136430000000006,0.004807746074723723,30.136430000000004,32672,72,-0.13239253421791694
63824247,20260207,1.1217500000000002,18.58,0.1343322499999995,8.75433858957923,1.048353019835079,0.22331108829568788,1.17599,43501,72,-0.5288300005608595
63825190,20260207,83.33333333333333,16.0,0.4254814299999992,10.541541143170475,0.05382276000000001,0.00206600314300681,4.4852300000000005,1972,72,-0.3411536785518453
63825455,20260207,137.20322999999996,35.0,1.6012345599999986,32.92780540534926,0.38428497638138703,0.017557916014347714,52.725139999999996,177198,72,-0.05920555984716397
63827381,20260207,15.45503,10.0,0.8057040099999992,9.282527959616345,0.4839181806829233,0.005142520612485277,7.47897,13098,72,-0.07174720403836546
63827404,20260207,10.638297872340424,10.0,0.020658699999999704,6.485887301718013,0.012595060000000002,0.04127536231884058,0.13399,1424,72,-0.3514112698281987
63833627,20260207,1000.0,45.0,0.1808049099999991,15.492886780563724,0.0028011900000000003,0.005345978902545244,2.80119,11048,72,-0.6557136270985839
63834572,20260207,1000.0,13.88,0.520016749999998,5.830235276075263,0.0030318199999999997,0.003331995665957703,3.0318199999999997,8303,72,-0.5799542308303125
63835415,20260207,1700.05321,30.2,49.63370162,34.0422252391338,0.9938757446303695,0.05997454414015335,1689.64165,1559686,72,0.12722600129582118
63839772,20260207,21.73913043478261,32.0,0.00565656,27.960456531885104,0.00727536,0.34863321799307956,0.15816,20151,72,-0.1262357333785905
63840064,20260207,1000.0,40.0,0.1193747299999997,19.089299720300986,0.00227878,0.014946236559139785,2.2787800000000002,3614,72,-0.5227675069924753
63848648,20260207,1000.0,19.0,0.1148203099999997,5.431965825558227,0.0006236999999999999,0.0030668257756563248,0.6236999999999999,1028,72,-0.714107061812725
63851682,20260207,1000.0,26.66,0.057909639999999304,9.536408791351604,0.0005522499999999999,0.021973684210526315,0.5522499999999999,2004,72,-0.6422952441353487
63856317,20260207,208.3333333333333,20.0,1.0764064999999994,21.7667210296482,0.11246323200000002,0.007146778336911004,23.42984,20309,72,0.08833605148240994
63866050,20260207,15.1697,17.6,0.36975308999999745,6.154620641574668,0.15001549140721307,0.08785647484257124,2.27569,281826,72,-0.6503056453650757
63869176,20260207,9.995780000000002,13.5,0.5404916199999992,12.86043990839305,0.6953894543497355,0.002455055093756041,6.95096,1270,72,-0.04737482160051488
63871771,20260207,1000.0,34.86,0.0277688099999997,61.88705961832785,0.0017185299999999998,0.0063193943763518385,1.71853,1753,72,0.7753029150409595
63874819,20260207,1000.0,33.66,0.9448800599999992,13.054323529697527,0.01233477,0.0022930851063829786,12.33477,4311,72,-0.6121710181313865
63882142,20260207,1000.0,24.0,0.1685235099999997,6.389256905460858,0.00107674,0.00010528909485495503,1.07674,2222,72,-0.7337809622724643
63882670,20260207,241.69816,26.88,8.43129418,15.586514619752005,0.543713241342011,0.020368341924398625,131.41449,18967,72,-0.4201445453961307
63882681,20260207,117.4279,26.88,1.9953992999999992,28.544818072252518,0.4850492089188345,0.02480078380143697,56.958310000000004,3797,72,0.06193519614034669
63885852,20260207,1000.0,16.0,0.0638222699999996,8.720780379638699,0.0005565800000000001,0.005830575777630708,0.5565800000000001,1762,72,-0.45495122627258133
63886292,20260207,1000.0,18.66,0.5595576999999992,11.649504599793746,0.006518569999999999,0.033857790119848,6.518569999999999,46331,72,-0.3756964308792205
63886978,20260207,1000.0,49.88,0.0735668199999987,19.847262665424783,0.0014600999999999995,0.013237275449101797,1.4600999999999995,14148,72,-0.6020997861783324
63887215,20260207,1000.0,23.0,1.560293929999999,30.942458386670793,0.04827933,0.0019295558958652374,48.27933,37800,72,0.34532427768133883
63888748,20260207,501.68523,23.75,10.793845939999999,17.44843043405528,0.375406048928329,0.0034248543930799577,188.33567,49571,72,-0.265329244881883
63889490,20260207,1000.0,43.64,39.765324199999995,10.256614983161638,0.40785762000000003,0.004459039695133532,407.85762000000005,145560,72,-0.764972158955966
63892216,20260207,41.66666666666666,12.54,0.9331463899999988,1.5654885617678933,0.03505992,0.10184,1.4608299999999996,10184,72,-0.8751604017728953
63895029,20260207,47.59944,35.0,0.2917635099999993,16.175771946258845,0.0991503261382907,0.0020953258116509325,4.7195,5460,72,-0.5378350872497473
63898532,20260207,267.88898000000006,15.0,9.249863719999997,12.405392498042128,0.4283423304683902,0.032244062244062247,114.74819000000001,7874,72,-0.17297383346385817
63898540,20260207,3.4482758620689653,30.55,0.021502789999999904,9.295072871938984,0.0579623,0.009353760445682452,0.19987,1679,72,-0.6957422955175455
63898679,20260207,123.20089999999996,35.0,0.28454898999999845,200.90347184152827,0.4640134934079217,0.08041029313310905,57.16688,5693097,72,4.7400991954722365
63900408,20260207,1000.0,29.65,0.03737436999999989,9.444172570668105,0.00035296999999999987,0.034723978086809944,0.3529699999999999,8240,72,-0.6814781595052916
63900451,20260207,1000.0,26.66,1.9168452099999986,18.320049953329317,0.0351167,0.00824937634032124,35.1167,18849,72,-0.312826333333484
63901210,20260207,1000.0,32.0,0.0043710799999999,65.74347758448862,0.0002873699999999999,0.1345578231292517,0.2873699999999999,1978,72,1.0544836745152693
63902267,20260207,3714.17456,37.05,76.44841712,42.664741048597925,0.8781633354356938,0.1316815861507731,3261.6519200000002,177994,72,0.15154496757349334
63904068,20260207,1000.0,31.0,10.719261939999999,24.147337890317477,0.25884164,0.010210701120671874,258.84164,386134,72,-0.22105361644137173
63904287,20260207,89.5,18.0,0.8540667899999981,9.683083450651463,0.0924022346368715,0.0016505002906887793,8.27,5394,72,-0.46205091940825205
63904455,20260207,1000.0,31.0,0.0949249999999998,7.0172241243086795,0.00066611,0.027326498422712935,0.66611,6930,72,-0.7736379314739136
63904753,20260207,1000.0,31.0,0.014054859999999999,16.400021060330733,0.0002305,0.0044,0.23049999999999998,1045,72,-0.47096706256997634
63904780,20260207,14.441160000000002,14.49,0.8215916299999995,7.424807869573847,0.4224148198621163,0.0035314880178339216,6.100160000000001,1901,72,-0.4875908992702659
63904784,20260207,1000.0,31.0,4.666134619999999,23.000272975407643,0.10732236999999999,0.01361798755676896,107.32236999999999,103750,72,-0.2580557104707212
63905155,20260207,1000.0,30.0,14.311155770000001,21.206393451197822,0.3034879999999999,0.02275512576766834,303.48799999999994,166365,72,-0.2931202182934059
63906670,20260207,1000.0,23.0,17.948181940000005,12.11571794441036,0.21745510999999998,0.03253728506696808,217.45511,325285,72,-0.4732296545908539
63908540,20260207,2454.46509,27.5,1.1214555399999993,13.619782020070105,0.006222936338442686,0.0012139570323004751,15.27398,32502,72,-0.5047351992701781
63910919,20260207,1000.0,24.92,0.06174905,3.6930122811606005,0.00022804,0.15598971722365038,0.22804,6068,72,-0.8518052856677126
63918879,20260207,1000.0,12.0,0.4190223499999993,4.2963340738268565,0.00180026,0.0011343298555377206,1.80026,11307,72,-0.6419721605144286
63920538,20260207,10.416666666666666,10.85,0.00861161,0.0,0.0,0.0012296317227088632,0.0,2611,72,-1.0
63920617,20260207,1000.0,15.88,0.1938224499999986,8.242079284417317,0.0015974999999999997,0.0025787006028131277,1.5974999999999997,7700,72,-0.4809773750366929
63921753,20260207,1000.0,30.0,2.4290685599999984,16.183087891105068,0.03930983,0.013452862221305094,39.30983,143425,72,-0.46056373696316444
63925060,20260207,1000.0,27.0,11.430697669999997,21.086104012057213,0.24102887999999997,0.005584881518371238,241.02888,267126,72,-0.21903318473862174
63927660,20260207,1000.0,34.85,0.036444949999999796,14.201693238706678,0.00051758,0.00500484496124031,0.51758,1033,72,-0.592490868329794
63929254,20260207,1000.0,13.88,0.0339334199999993,12.170008210195391,0.00041296999999999997,0.0027054337464251666,0.41296999999999995,1419,72,-0.12319825574961164
63939449,20260207,1000.0,16.0,0.49055693999999916,8.767035280348917,0.00430073,0.06103429203539823,4.30073,22070,72,-0.45206029497819267
63939968,20260207,1000.0,30.87,0.3124397999999979,14.360974498127415,0.00448694,0.0015755597230904586,4.48694,6805,72,-0.5347918853862191
63939971,20260207,1000.0,30.87,0.6990634299999976,9.678549484415202,0.00676592,0.006456084831022837,6.7659199999999995,27337,72,-0.6864739396043018
63944090,20260207,62.5,12.3,0.4719705399999988,11.561039381822463,0.08730352,0.03490053372149442,5.4564699999999995,43158,72,-0.06007809903882423
63944100,20260207,62.5,12.3,0.9815158599999985,5.455744749758816,0.08567840000000002,0.10538309549945116,5.354900000000001,96004,72,-0.5564435162797711
63944555,20260207,62.5,12.3,5.6211897599999965,3.901996007336357,0.35094176,0.03228177325835032,21.93386,406986,72,-0.6827645522490766
63947774,20260207,1000.0,23.0,2.054224199999999,17.894969789568258,0.03676028,0.003672996693130921,36.76028,52648,72,-0.22195783523616272
63948300,20260207,1000.0,10.01,3.0623741299999985,8.330928527011823,0.025512419999999997,0.011217877094972068,25.51242,56224,72,-0.16773940789092678
63950135,20260207,53.81452,18.5,3.5856543599999995,8.411530217876328,0.5604591474568573,0.03225720620842572,30.16084,7274,72,-0.5453226909256039
63950835,20260207,527.83917,20.0,24.541372159999995,11.635914574713011,0.5410006044075889,0.003977383784637558,285.56131000000005,161162,72,-0.41820427126434945
63950950,20260207,1000.0,28.0,7.32668608,29.1030730226127,0.21322908000000002,0.029497368183348523,213.22908,1077648,72,0.03939546509331076
63951234,20260207,1000.0,24.0,0.6132488499999987,11.454615854558904,0.00702453,0.009395307433076875,7.02453,14776,72,-0.522724339393379
63953718,20260207,1000.0,22.5,1.6580488599999996,14.751356603568368,0.02445847,0.051919474835886215,24.45847,59318,72,-0.34438415095251695
63954015,20260207,94.20293,24.75,2.3120213599999984,12.572846645326848,0.3085752215987337,0.006749103854451198,29.068689999999997,164558,72,-0.4920061961484102
63955161,20260207,1.6937669376693767,48.0,0.0079552899999997,0.0,0.0,0.023151215773112466,0.0,54366,72,-1.0
63955360,20260207,7.352941176470588,28.8,0.1154856199999987,11.840868153108719,0.1859732,0.02527985896870868,1.36745,5736,72,-0.588858744683725
63957528,20260207,1000.0,31.75,0.2811193099999993,16.54905883199561,0.00465226,0.007588454376163873,4.65226,1630,72,-0.4787698005670674
63957691,20260207,1000.0,18.0,0.45442549999999754,4.975799113386048,0.0022611299999999997,0.007485008177357805,2.2611299999999996,4119,72,-0.7235667159229973
63958669,20260207,1000.0,30.0,0.1985908899999999,10.174233067790777,0.0020205099999999997,0.06721098265895954,2.02051,4651,72,-0.6608588977403075
63958692,20260207,1000.0,30.0,1.691604149999999,15.538381127759719,0.026284790000000006,0.07745505705799594,26.284790000000005,49548,72,-0.4820539624080094
63959180,20260207,1000.0,32.0,0.32588063999999994,20.57093664723379,0.006703670000000001,0.0058658772628942275,6.703670000000001,5152,72,-0.35715822977394407
63959271,20260207,1000.0,27.5,0.0977212099999997,17.257154306623963,0.0016863899999999996,0.0009710901681100356,1.6863899999999996,1525,72,-0.37246711612276495
63959507,20260207,1000.0,23.0,0.051848519999999496,5.004192983714917,0.00025946000000000004,0.00048314695227594896,0.25946,2454,72,-0.782426392012395
63962980,20260207,1000.0,35.11,0.2067030599999997,6.737103940309361,0.0013925800000000002,0.01724040632054176,1.3925800000000002,3055,72,-0.8081143850666659
63965437,20260207,4.044489383215369,16.0,0.1824611799999992,13.728344845736562,0.6193340525,0.07502618890044437,2.50489,396776,72,-0.1419784471414649
63965642,20260207,37.3331,22.0,0.9439896899999968,13.074009314656859,0.3305841197221768,0.17698655222388243,12.341729999999998,1575375,72,-0.4057268493337791
63967286,20260207,1000.0,30.2,4.732072439999998,31.444605273202473,0.14879815000000002,0.011683900249664468,148.79815000000002,323845,72,0.04121209513915477
63967297,20260207,4146.95498,29.2,1.1171749499999986,17.162262723488407,0.004623452651998647,0.001393331565864812,19.17325,95124,72,-0.41225127659286276
63967300,20260207,1000.0,29.2,14.951385440000003,33.738626565699704,0.5044392099999998,0.0644394592915303,504.43920999999983,891913,72,0.15543241663355153
63967610,20260207,1000.0,22.05,0.0052082899999996,0.0,0.0,0.025202142901638323,0.0,40457,72,-1.0
63969691,20260207,9.090909090909092,10.0,0.4199205699999999,5.370348968615662,0.2480632,0.019965156794425086,2.2551200000000002,1146,72,-0.46296510313843375
63972226,20260207,1000.0,29.07,0.0710429399999995,10.738575852857515,0.0007629,0.011975600873998543,0.7628999999999999,6577,72,-0.6305959458941344
63972231,20260207,1000.0,29.07,0.3966301899999991,10.763376333001803,0.004269079999999999,0.014682737397420868,4.269079999999999,20039,72,-0.6297428162022084
63978528,20260207,393.5711200000004,27.0,10.207987429999996,27.258615070610453,0.7070020788110664,0.02102476205197917,278.25559999999996,924894,72,0.009578335948535308
63978909,20260207,256.4102564102564,23.0,3.3194661199999986,17.62936504982314,0.228228312,0.0015538499937601399,58.52008,12451,72,-0.23350586739899395
63979077,20260207,1037.65783,23.0,53.559527910000014,18.315889969165337,0.9453891173355286,0.006092240289760939,980.9904200000001,294519,72,-0.20365695786237667
63981277,20260207,178.83799999999994,23.0,2.607651879999999,26.61892506909321,0.38813277938693136,0.0005758023764265991,69.41289,22083,72,0.15734456822144385
63982060,20260207,144.41286,32.0,0.33754527999999956,44.74125663970185,0.10457655917900942,0.0036130406864748115,15.102200000000002,12379,72,0.3981642699906829
63982405,20260207,33.76623376623377,29.2,0.037326949999999796,13.783874653568073,0.015237411538461539,0.0017188478396994364,0.51451,2196,72,-0.5279494981654769
63985166,20260207,50.0,46.0,0.0192897799999996,10.526299418656107,0.004061,0.0284251968503937,0.20305,4693,72,-0.7711674039422585
63986783,20260207,1000.0,30.49,0.029515359999999397,7.6346688639408296,0.00022534,1.0265189873417722,0.22534,16219,72,-0.7496008899986609
63992188,20260207,221.95962,49.74,0.7805867899999986,15.255946106902503,0.05365205617129819,0.00801498127340824,11.90859,1284,72,-0.6932861659247587
63994945,20260207,1000.0,24.0,41.13260980999996,17.640384195208465,0.7255950400000001,0.009917494588503198,725.59504,466873,72,-0.26498399186631394
63995643,20260207,10.638297872340424,10.0,0.44644648999999925,3.960429837851346,0.16620328,0.005293109132871744,1.7681199999999997,8027,72,-0.6039570162148654
63995756,20260207,18.64382,10.0,3.707415939999999,7.095586366821309,1.4109924897365453,0.1252641527265854,26.30629,132542,72,-0.2904413633178691
63996213,20260207,148.11337000000006,14.0,1.8977082499999993,5.1224733833559535,0.06563188724961155,0.0005621856146777369,9.720960000000002,10651,72,-0.6341090440460034
63996824,20260207,1000.0,27.5,6.685708749999997,19.060368132249263,0.12743207,0.040129461898666494,127.43207000000001,247667,72,-0.306895704281845
63997152,20260207,69.34492,12.0,2.785368799999998,9.052226764369594,0.3635996695936775,0.0018811220318053633,25.21379,33819,72,-0.24564776963586712
63998445,20260207,312.5,26.0,13.295130829999998,11.01057461350307,0.4684384959999999,0.07173311167412794,146.38702999999998,5212422,72,-0.5765163610191126
63999590,20260207,40.26390000000001,45.0,1.131787849999998,24.45908038330686,0.687526295266976,0.014351311318288752,27.682489999999998,16471,72,-0.4564648803709587
64001859,20260207,1000.0,49.88,0.1730114699999995,7.538055135882052,0.00130417,0.018760524769923636,1.3041699999999998,9581,72,-0.8488762001627496
64003385,20260207,7.6923076923076925,28.01,0.054841079999999195,22.938279114853657,0.1635348,0.002949367088607595,1.2579600000000002,3262,72,-0.18106822153325042
64003833,20260207,2.6184865147944487,23.0,0.026782669999999204,87.92737990648692,0.899347767,0.02690651479372135,2.35493,19370,72,2.822929561151605
64004668,20260207,1000.0,32.0,0.5324289999999983,43.09333263214452,0.02294414,0.025785648814979703,22.944139999999997,118155,72,0.34666664475451614
64005326,20260207,1000.0,24.56,0.027129089999999703,0.0,0.0,0.07305882352941176,0.0,1242,72,-1.0
64005450,20260207,1000.0,23.0,0.0635592799999993,6.056078671753428,0.00038491999999999997,0.011373825018076645,0.38492,1573,72,-0.7366922316628944
64005608,20260207,341.5910099999999,25.0,3.260798799999999,10.870968181170825,0.10377333993655163,0.03214597179707875,35.44804,2483646,72,-0.565161272753167
64005639,20260207,1000.0,24.0,0.0684589599999995,1.7655833509594767,0.00012086999999999989,0.00010772560367677456,0.1208699999999999,1772,72,-0.9264340270433551
64006623,20260207,5.426270000000001,23.0,0.7075432399999988,7.255146696052115,0.9460144814025103,0.005848451259550183,5.13333,304971,72,-0.684558839302082
64008712,20260207,1000.0,30.0,3.5522793399999983,22.84602989583585,0.08115548000000002,0.018681058428734285,81.15548000000001,232695,72,-0.23846567013880496
64008942,20260207,622.48078,32.4,18.868238960000006,26.4995583880394,0.8032376517713528,0.02131208230228163,500.0,218760,72,-0.18211239543088267
64009066,20260207,1000.0,32.66,0.0194871499999997,18.601488673305514,0.00036249,0.04784386617100372,0.36249,1287,72,-0.43045043866180294
64009550,20260207,1000.0,49.88,1.2629517299999993,8.9324395636245,0.01128124,0.0561328125,11.28124,17244,72,-0.820921420135836
64010536,20260207,1000.0,23.0,0.0528086599999999,27.82365619578309,0.00146933,0.008030921820303384,1.46933,2753,72,0.20972418242535176
64011512,20260207,2.76675,16.0,0.2824856699999984,2.1968193997238985,0.22429565374536906,0.16545459005936902,0.6205699999999998,1011639,72,-0.8626987875172564
64011906,20260207,1000.0,49.88,1.2094083999999978,3.834354052774901,0.0046373000000000004,0.9051416579223505,4.637300000000001,86260,72,-0.9231284271697093
64012844,20260207,1000.0,33.75,0.0253990099999997,39.24286812753771,0.00099673,0.01932,0.9967299999999999,1932,72,0.1627516482233396
64014589,20260207,1000.0,43.12,3.8417100199999994,1.8932532549658712,0.007273330000000001,0.4300436432637571,7.2733300000000005,226633,72,-0.9560933846250957
64014727,20260207,1000.0,43.12,0.11994653999999959,9.042611816897793,0.00108463,0.12059665206270419,1.08463,476200,72,-0.7902919337454128
64017299,20260207,1000.0,29.2,11.781729349999996,23.01896452917585,0.27120321,0.09208637759423972,271.20320999999996,695731,72,-0.21167929694603252
64017952,20260207,1000.0,45.04,6.04706318,20.935810695465563,0.12660017,0.04819142782014199,126.60017,91636,72,-0.5351729419301606
64018079,20260207,1000.0,43.12,0.0151912799999996,22.66102658893846,0.00034425,0.06728179551122195,0.34425,13490,72,-0.47446598819716
64018092,20260207,27.77777777777778,35.0,0.705890379999999,14.566723518742407,0.37017036,0.03589373538660002,10.28251,44519,72,-0.5838078994645026
64018532,20260207,1000.0,43.12,0.0075473099999993,5.2535274157287395,3.9649999999999995e-05,0.3730869565217391,0.03965,17162,72,-0.8781649486148251
64018637,20260207,1000.0,32.2,0.2057294599999997,2.7760730038371797,0.00057112,0.1465686274509804,0.5711200000000001,7475,72,-0.913786552675864
64018926,20260207,1000.0,14.0,0.05026751,11.246429353671983,0.00056533,0.009636860601327606,0.56533,2468,72,-0.19668361759485833
64019380,20260207,1000.0,39.33,0.025509199999999798,7.321672181017102,0.00018677,0.034238921001926784,0.18677,3554,72,-0.8138400157381871
64020690,20260207,1000.0,28.88,1.5438875499999989,30.17993117439158,0.046594420000000004,0.009062629829663481,46.59442000000001,69804,72,0.045011467257326215
64020711,20260207,1000.0,28.88,1.0800372399999991,33.37977494183444,0.036051400000000004,0.0032712793463646707,36.0514,53771,72,0.15580938164246683
64021741,20260207,1000.0,23.81,2.003387719999999,17.910936381301177,0.03588255,0.005235011284466687,35.88255,26675,72,-0.2477557168710131
64024405,20260207,0.4539,22.5,0.0289970499999996,9.141274715876394,0.5839832562238376,0.015372208436724566,0.2650699999999999,1239,72,-0.5937211237388269
64025102,20260207,282.86702,11.54,27.54282164,4.565515895342378,0.44454524956638636,0.13538631603444262,125.74719000000002,116351,72,-0.6043747057762238
64026285,20260207,1000.0,27.12,1.8919629599999992,21.427496656699887,0.040540030000000005,0.005333795734350616,40.54003,3076,72,-0.2099005657559039
64026292,20260207,1000.0,27.12,0.0242268099999998,0.0,0.0,0.32725490196078433,0.0,1669,72,-1.0
64026424,20260207,1000.0,26.25,0.0670519899999999,8.490724883780496,0.00056932,0.029367272727272728,0.56932,4038,72,-0.6765438139512193
64027513,20260207,1000.0,16.17,0.7005172699999995,1.1556745774447506,0.0008095699999999997,0.004238862559241706,0.8095699999999997,6708,72,-0.9285297107331633
64029184,20260207,9.71446,12.0,0.37187876999999925,1.31978493959201,0.05052262297647012,0.002001484209658357,0.4908,21846,72,-0.8900179217006658
64029548,20260207,1000.0,26.3,2.3800731099999988,20.342488554899905,0.04841661,0.003833772302641772,48.41661,91557,72,-0.2265213477224371
64029570,20260207,1000.0,26.5,0.18796249999999898,24.148433863137722,0.004539,0.009091082680924194,4.539,14283,72,-0.08873834478725577
64029589,20260207,1000.0,30.0,3.040580139999999,23.005876108892835,0.06995121,0.007055052605823342,69.95121,129753,72,-0.2331374630369055
64030368,20260207,1000.0,20.04,0.1709647999999997,9.089473388674174,0.0015539799999999997,0.011753168779186125,1.5539799999999997,8809,72,-0.5464334636390132
64032557,20260207,67.92190000000001,30.55,2.619258649999999,26.48915944211925,1.0214961595597294,0.06437368473794969,69.38195999999999,128477,72,-0.13292440451328158
64033273,20260207,1172.770339999999,25.52,1.0628980399999992,17.330335842937497,0.01570672396097604,0.0013085486181717348,18.42038,45303,72,-0.32091160490056825
64036941,20260207,54.87098999999999,26.53,0.980953379999999,19.523894193626226,0.3490374421893974,0.012848910798747585,19.15203,38575,72,-0.2640823899877035
64037275,20260207,172.63347,27.0,4.064382159999998,28.75051001601681,0.676885310826458,0.0034903448246225953,116.85306,243669,72,0.06483370429691894
64037396,20260207,1000.0,20.15,1.8310180599999986,10.025613838019714,0.018357079999999998,0.04860821072615092,18.357079999999996,40967,72,-0.5024509261528678
64037536,20260207,15.426750000000004,12.1,2.6784263699999986,4.468728404880514,0.7758704847100002,0.016412453809261734,11.969159999999999,20875,72,-0.6306836029024369
64040948,20260207,208.86075949367088,12.0,14.615005989999997,6.131463104518373,0.42904837757575753,0.44448979591836735,89.61137,6534,72,-0.4890447412901356
64049764,20260207,500.0,18.0,2.6773620199999986,10.952893101845083,0.05864972,0.03510955997541097,29.32486,531162,72,-0.3915059387863843
64053215,20260207,1000.0,22.98,2.220473769999999,11.984730628004675,0.026611779999999995,0.0010053599986771268,26.611779999999996,42559,72,-0.4784712520450533
64055756,20260207,145.76475000000008,12.0,18.89065399,7.020497017742476,0.9098343735368114,0.0020010238399180928,132.62178,30880,72,-0.4149585818547937
64055857,20260207,1000.0,38.0,0.07085108999999959,39.02593453396434,0.0027650299999999995,0.006653171390013495,2.7650299999999994,2465,72,0.026998277209587866
64058792,20260207,6.172839506172839,12.1,0.0019256899999998997,0.0,0.0,0.012598522167487684,0.0,1023,72,-1.0
64059274,20260207,4187.775039999999,10.0,6.103125859999999,5.705325565742143,0.00831475417552515,0.00385263188944442,34.820319999999995,26122,72,-0.4294674434257857
64059312,20260207,2.48044,13.0,0.0393387199999998,0.0,0.0,0.017158904109589042,0.0,6263,72,-1.0
64059848,20260207,33.373839999999994,14.0,3.2924306599999986,7.6870259736920366,0.7583484549575359,0.03015944109153164,25.309000000000005,174403,72,-0.4509267161648545
64062322,20260207,7.8125,14.49,0.3224895099999992,2.866480835299115,0.11832448,0.009024956471271038,0.92441,4665,72,-0.8021752356591363
64062508,20260207,3.7593984962406015,12.0,0.07950597999999971,0.0,0.0,0.009631211180124223,0.0,2481,72,-1.0
64073068,20260207,1013.3127800000002,12.92,44.13809028,13.419031413517695,0.5845089805341248,0.024098737545087675,592.29042,539831,72,0.03862472240849034
64083791,20260207,125.47337,14.0,1.6046278199999997,7.512720301708345,0.09607711979043841,0.0017661233167965982,12.055120000000002,6230,72,-0.4633771213065468
64085364,20260207,1000.0,49.13,0.0128713099999998,0.0,0.0,0.5990909090909091,0.0,1318,72,-1.0
64086199,20260207,1000.0,32.2,0.021028999999999798,31.227352703409878,0.0006566800000000001,0.9584313725490196,0.65668,4888,72,-0.03020643778230202
64087348,20260207,1000.0,23.0,7.090138969999995,14.252329951157503,0.10105099999999993,0.004352219807513194,101.05099999999993,28037,72,-0.3803334803844564
64087378,20260207,1000.0,23.0,8.417212959999997,11.556155281118139,0.09727062,0.0016094767977547816,97.27062000000001,132932,72,-0.4975584660383418
64087380,20260207,1000.0,23.0,5.341132769999998,9.887792023563573,0.05281200999999999,0.0082201585595815,52.812009999999994,40541,72,-0.5700959989754968
64096983,20260207,1000.0,30.2,4.301334859999997,15.664290782513046,0.06737736,0.011189857870873917,67.37736,366253,72,-0.48131487475122364
64096986,20260207,1000.0,30.2,1.7647528099999983,17.569310457706557,0.03100549,0.016340217875827984,31.00549,208944,72,-0.41823475305607427
64096993,20260207,1000.0,30.2,0.007004280000000001,21.237015082206877,0.00014874999999999998,0.004303346132748217,0.14875,1569,72,-0.2967875800593749
64097468,20260207,15.625,21.06,0.01136528,15.553510340264385,0.01131328,0.028421052631578948,0.17677,1350,72,-0.2614667454765249
64099890,20260207,1000.0,30.66,10.770363810000001,17.179383469684296,0.18502821,0.003985738120917497,185.02821,177015,72,-0.43968090444604385
64101329,20260207,1000.0,33.75,4.079179259999999,28.256752805710242,0.11526436000000001,0.036705820043547346,115.26436000000001,311871,72,-0.16276287983080764
64101656,20260207,1000.0,23.72,0.0067011299999999,0.0,0.0,0.6907291666666666,0.0,13262,72,-1.0
64101730,20260207,1000.0,30.0,0.9053556099999988,21.816410901789215,0.01975161,0.0038298210378008932,19.75161,127759,72,-0.27278630327369285
64102348,20260207,88.35518000000002,30.0,2.656512339999998,25.802266741964413,0.775778398052044,0.06496975874957527,68.54404000000001,95603,72,-0.13992444193451956
64104000,20260207,1000.0,42.0,0.0751657799999997,0.0,0.0,0.750253164556962,0.0,5927,72,-1.0
64105429,20260207,243.90243902439025,23.0,4.475637399999998,22.946007645748967,0.421061841,0.00044002103815187925,102.69801,16314,72,-0.002347493663088391
64106409,20260207,1000.0,42.0,0.0010545499999999,0.0,0.0,0.9772340425531915,0.0,4593,72,-1.0
64107502,20260207,44.82459000000001,33.6,2.6897931699999997,16.434334242881583,0.986176560677967,0.031283811061768266,44.20496,108486,72,-0.5108829094380481
64109107,20260207,1000.0,35.2,4.07243594,26.159171456482138,0.10653155000000002,0.010757856276829307,106.53155000000001,262638,72,-0.25684171998630295
64110204,20260207,1000.0,36.3,0.1696203099999998,24.23377247689268,0.004110539999999999,0.026014692378328742,4.110539999999999,2833,72,-0.33240296206907216
64110714,20260207,1000.0,36.3,0.1641843199999998,52.67926925055943,0.008649109999999998,0.05162112932604736,8.649109999999999,2834,72,0.4512195385829045
64111471,20260207,1000.0,38.5,2.0190682599999996,20.884593569907345,0.042167420000000004,0.11388263665594855,42.16742000000001,28334,72,-0.45754302415825077
64112092,20260207,27.03299,14.96,1.4194985899999988,5.689149715886654,0.29873646977267404,0.013510936699301453,8.07574,100189,72,-0.6197092435904643
64113058,20260207,1000.0,18.66,1.8662625299999995,10.210674915066747,0.019055799999999998,0.006077926315581308,19.055799999999998,122937,72,-0.45280413102536193
64113541,20260207,65.18745999999999,15.0,8.433780029999998,7.209028428975994,0.9326849059619751,0.04162134230051366,60.79936,269827,72,-0.5193981047349338
64115785,20260207,50.0,17.88,0.3712790499999995,10.885639790340997,0.08083219999999999,0.019912790697674418,4.0416099999999995,2740,72,-0.39118345691605155
64117220,20260207,230.21069000000008,20.91,0.46890148999999876,7.614157933258025,0.015508793271068333,0.0005780387600116197,3.570289999999999,41787,72,-0.6358604527375407
64119491,20260207,1000.0,48.12,0.6322206899999991,1.9215600172781464,0.00121485,0.7416322701688556,1.21485,39529,72,-0.9600673313117593
64120849,20260207,461.8883900000001,23.0,0.41029630999999944,24.531514797196238,0.02179138990698597,0.00017780948591655576,10.065190000000001,3888,72,0.06658759987809729
64121242,20260207,102.05589,25.0,2.0770634899999996,10.938341610347216,0.22261948820396354,0.012171428571428571,22.719630000000002,1917,72,-0.5624663355861114
64122408,20260207,1250.0,20.52,5.311701329999998,15.25805668746063,0.064836992,0.0022831515645703802,81.04624,22400,72,-0.2564299859911973
64126239,20260207,2000.0,15.0,3.911537169999999,13.837268482354729,0.027062495,0.012722321869557306,54.12499,97883,72,-0.07751543450968476
64127954,20260207,1000.0,23.0,0.1228576899999998,14.88160814353585,0.00182832,0.00762593079281647,1.82832,1741,72,-0.3529735589767022
64128713,20260207,1000.0,31.0,0.0069835,52.124292976301284,0.00036401,0.01338611449451888,0.36401,1099,72,0.6814288056871382
64129362,20260207,1000.0,24.0,0.004000269999999999,0.0,0.0,8.793316864842273e-05,0.0,1641,72,-1.0
64129661,20260207,1143.8391200000003,24.0,39.60234387999999,18.662002740025706,0.6461215017720323,0.004291428843445907,739.0590500000001,279466,72,-0.22241655249892892
64131561,20260207,35.86777000000001,16.1,3.1311329399999996,11.277767720715175,0.9845103277956783,0.00688211757463835,35.31219,6708,72,-0.2995175328748339
64131665,20260207,1.7391304347826086,22.76,0.2491980899999987,3.9116672202423586,0.5604985,0.5777391304347826,0.97478,6644,72,-0.8281341291633411
64131892,20260207,1000.0,17.11,2.0047574999999993,13.698769053114907,0.027462709999999998,0.0195385629531971,27.462709999999998,8892,72,-0.1993705988828225
64132598,20260207,1000.0,46.2,0.0002398,0.0,0.0,0.3973170731707317,0.0,1629,72,-1.0
64137600,20260207,1.6937669376693767,48.0,0.0020586699999998,0.0,0.0,0.02172650262202501,0.0,16158,72,-1.0
64138592,20260207,1000.0,49.74,18.243956569999998,17.530388146500613,0.31982363999999996,0.01318160326670965,319.82363999999995,30667,72,-0.6475595467128948
64139850,20260207,7.1035,25.0,0.3611226499999981,6.717191513741972,0.3414837756035756,0.002977047606017033,2.4257299999999997,230642,72,-0.731312339450321
64141830,20260207,1000.0,25.0,11.687656009999998,9.752832381657338,0.11398774999999998,0.0002839430833110338,113.98774999999999,66955,72,-0.6098867047337064
64142018,20260207,1000.0,30.39,0.0372140799999999,13.861420193647175,0.00051584,0.08240963855421687,0.5158400000000001,2052,72,-0.5438821917194084
64143979,20260207,1000.0,42.15,4.223347889999998,15.487166035947855,0.06540769,0.059412797228983336,65.40769,761577,72,-0.6325702008078801
64147740,20260207,395.34744,44.2,9.090574709999999,27.82972673022562,0.639913616235886,0.047910125011195986,252.98820999999998,374432,72,-0.3703681735243073
64149693,20260207,1000.0,10.54,17.888053,4.0528999997931585,0.07249849,0.001783217764801662,72.49849,19056,72,-0.6154743833213322
64150905,20260207,6.079800000000001,48.47,0.060453279999999894,20.284259183290008,0.20169248988453564,0.1716,1.22625,3003,72,-0.5815089914732823
64159965,20260207,26.795370000000005,23.65,1.7152680999999992,17.50349114520349,1.1204614827113786,0.05669106881405564,30.02318,7744,72,-0.2598946661647572
64160337,20260207,51.72413793103448,27.5,0.1239159599999997,14.69705758644814,0.03520986666666667,0.005988012965567855,1.8212,9791,72,-0.4655615423109767
64162417,20260207,74.44531,33.92,2.2298108899999995,13.796174437016948,0.41322764321889455,0.05359177215189873,30.762860000000003,3387,72,-0.593273159286057
64166994,20260207,1000.0,12.96,0.00038174,17.786975428301986,6.79e-06,0.004676340873523972,0.00679,3287,72,0.37245180773935066
64167055,20260207,81.25,32.44,3.1723724999999994,17.222387976191325,0.6724409846153846,0.03537253806997573,54.63583,164691,72,-0.46910024734305406
64167205,20260207,1000.0,10.0,0.7703270299999996,7.99997891804472,0.006162599999999999,0.0040760582416907295,6.162599999999999,33173,72,-0.20000210819552802
64167208,20260207,23.184850000000004,11.0,3.0764840899999992,5.404780104031029,0.7171804001319826,0.21431802366040362,16.62772,123190,72,-0.5086563541789973
64169441,20260207,1000.0,42.0,1.0633208999999995,37.191528916623405,0.03954653,0.0005336438111554842,39.546530000000004,4423,72,-0.11448740674706179
64170496,20260207,1000.0,28.6,0.64915827,24.26086322523473,0.01574914,0.09464663805436338,15.749139999999999,33079,72,-0.1517180690477368
64170958,20260207,1000.0,12.96,0.0136183,10.197308034042427,0.00013887,0.05881578947368421,0.13887,1341,72,-0.21317067638561524
64172315,20260207,4.587155963302752,41.08,0.0078272599999998,31.71224668658079,0.05411196,0.34642729439809294,0.24822,116261,72,-0.22803683820397294
64173658,20260207,31.25,14.4,0.0010938100000000002,11.821065815818102,0.00041376,0.013819354838709677,0.01293,1071,72,-0.1790926516792985
64176266,20260207,1000.0,12.0,0.1550569299999994,4.834804868121682,0.0007496699999999999,0.003950540684275838,0.74967,8914,72,-0.5970995943231932
64177035,20260207,237.66124999999988,12.0,24.485487429999996,4.2817244418646245,0.44113253633059685,0.018343952380774225,104.84011000000001,980620,72,-0.6431896298446146
64177878,20260207,1000.0,32.0,0.00361909,45.48380946591546,0.00016461,0.028761904761904763,0.16461,1510,72,0.42136904580985823
64178557,20260207,1000.0,31.31,0.0886122099999985,10.052790693291762,0.0008908000000000001,0.0014999781152886594,0.8908,3427,72,-0.6789271576719335
64179227,20260207,56.35257,15.02,0.2565519399999994,9.946562867542555,0.045282939180945954,0.00022105791076347823,2.5518099999999997,15383,72,-0.3377787704698698
64179291,20260207,1000.0,12.93,0.060736689999999496,0.0,0.0,0.7002777777777778,0.0,2521,72,-1.0
64179450,20260207,1000.0,30.0,0.0473905999999994,5.531476706351119,0.00026214000000000006,0.01828101644245142,0.26214000000000004,1223,72,-0.8156174431216293
64179691,20260207,1000.0,12.7,0.12804487999999942,0.0,0.0,0.5728481012658228,0.0,9051,72,-1.0
64179851,20260207,1000.0,10.01,0.3255854799999997,5.419129870287833,0.0017643900000000002,0.00380831158913002,1.7643900000000001,5984,72,-0.4586283845866301
64180437,20260207,1000.0,36.3,0.07243698999999988,9.931251974992351,0.0007193900000000001,1.7782352941176471,0.7193900000000001,6046,72,-0.7264117913225248
64180824,20260207,1000.0,11.0,0.4633129199999991,6.137903514540466,0.0028437700000000002,0.007061159650516282,2.84377,1778,72,-0.44200877140541217
64181008,20260207,1000.0,30.8,0.1026293999999999,14.458040288650244,0.0014838199999999998,0.014566145092460882,1.48382,1024,72,-0.5305831075113558
64182141,20260207,1000.0,30.45,0.22106836999999901,19.310134688196317,0.004268859999999999,0.008311595921271045,4.268859999999999,7010,72,-0.3658412253465905
64182450,20260207,1000.0,30.2,3.893210929999998,20.506184081837056,0.0798349,0.022238188405118747,79.8349,237555,72,-0.3209872820583756
64182863,20260207,43.47826086956522,19.85,0.05433192999999931,12.836466512417445,0.016040889999999995,0.025992456388495993,0.6974299999999999,5513,72,-0.3533266240595746
64183074,20260207,250.0,12.0,3.24779411,9.685964976394395,0.12583208,0.0030683555361432626,31.458020000000005,1405,72,-0.19283625196713375
64183342,20260207,25.0,32.0,0.13441108999999982,16.096811654455024,0.0865436,0.042353834472285495,2.16359,5578,72,-0.4969746357982805
64185135,20260207,250.0,28.0,0.7614459199999998,50.63039801959937,0.15420924000000003,0.0095701050935589,38.552310000000006,26135,72,0.8082285006999774
64185273,20260207,1000.0,10.57,0.2491786699999995,2.0164246000670967,0.0005024500000000001,0.003414207103551776,0.5024500000000001,1365,72,-0.8092313528791772
64186013,20260207,82.85864999999998,10.0,0.7175463199999993,6.5986262740501616,0.05714333989269679,0.0001596561869282752,4.73482,1590,72,-0.34013737259498383
64188498,20260207,1000.0,26.98,0.00055345,0.0,0.0,0.020013495276653172,0.0,20762,72,-1.0
64189196,20260207,96.95803,32.41,4.22056063,14.630236457472718,0.6368508106033096,0.004811227924801906,61.74780000000001,9290,72,-0.5485888164926652
64191414,20260207,17.857142857142858,12.0,0.0007293699999999,0.0,0.0,0.09525547445255475,0.0,1305,72,-1.0
64192383,20260207,89.25466,25.49,9.178e-05,0.0,0.0,0.010123743232791957,0.0,1309,72,-1.0
64194238,20260207,81.57952999999999,21.79,4.458517339999998,15.61224611049736,0.8532467642311743,0.030068638982773253,69.60747,403900,72,-0.2835132578936503
64196351,20260207,1000.0,10.57,3.1800113399999996,3.4789813045132094,0.011063199999999999,0.0174732695554305,11.063199999999998,3105,72,-0.6708626958833293
64197886,20260207,1000.0,14.01,0.038668239999999895,0.0,0.0,0.3793617021276596,0.0,1783,72,-1.0
64199904,20260207,1000.0,14.08,67.29315,5.938134267752364,0.39959575999999997,0.00487651598676957,399.59576,13269,72,-0.5782575093925878
64200276,20260207,1000.0,16.91,0.0016089999999997998,0.0,0.0,0.09331730769230769,0.0,5823,72,-1.0
64200567,20260207,1000.0,10.57,0.0177245,17.66537843098536,0.00031311,0.0010981110797857344,0.31311,1558,72,0.6712751590336197
64200673,20260207,1000.0,10.57,0.3103161699999992,1.7392261576314292,0.00053971,0.055119438412201405,0.53971,109142,72,-0.8354563710850115
64200779,20260207,1000.0,10.57,0.0643217299999998,0.0,0.0,0.006850906721685308,0.0,6309,72,-1.0
64200992,20260207,1000.0,10.57,0.017003289999999997,0.0,0.0,0.0020105554159336515,0.0,4000,72,-1.0
64201906,20260207,56.696800000000025,11.0,10.726451249999997,3.8076889595708563,0.7203755767521268,0.004238677732838765,40.84299,197235,72,-0.6538464582208312
64203094,20260207,137.93103448275863,26.6,0.0356458999999998,10.486760048140233,0.0027101224999999986,0.043790322580645163,0.37380999999999986,3258,72,-0.605760900445856
64203381,20260207,1000.0,46.06,8.86759621,23.37587268196101,0.2072878,0.0031326987681970886,207.2878,7833,72,-0.49249082323141535
64206422,20260207,70.27027027027027,20.7,0.0865666899999999,8.043625094132638,0.009909026923076924,0.014169034090909092,0.6963100000000001,7980,72,-0.6114190775781334
64207947,20260207,43.54540999999999,34.69,0.4057536099999998,16.098858615207398,0.15000823278503983,0.011378368918445922,6.53217,32508,72,-0.5359222076907639
64209682,20260207,91.66666666666669,19.44,0.0688815899999996,11.315214994311315,0.008502654545454541,0.00446067735508965,0.7794099999999998,4702,72,-0.4179416155189653
64210997,20260207,1000.0,29.6,14.719852320000005,21.984303440348636,0.32360569999999994,0.02156194202788436,323.60569999999996,567575,72,-0.25728704593416774
64211279,20260207,1000.0,29.6,22.07498266,12.382329092166996,0.2733397,0.04386552680221811,273.3397,227820,72,-0.5816780712105745
64211664,20260207,74.95335,25.49,0.4076202799999996,14.515322937318047,0.07893896670395652,0.01857653528872594,5.916739999999999,20267,72,-0.4305483351385623
64212391,20260207,91.66666666666669,19.44,1.6268780499999997,9.714870761210406,0.17241719999999996,0.03395879732739421,15.80491,36594,72,-0.500263849731975
64213114,20260207,75.75757575757575,30.26,0.0279668399999995,14.767131359853577,0.005451468000000001,0.04774535809018567,0.41299,1800,72,-0.5119916933293597
64213169,20260207,31.25,48.29,0.32624695999999975,20.86312160579214,0.21780896,0.065818345323741,6.8065299999999995,14638,72,-0.5679618636199598
64213821,20260207,1000.0,18.5,0.2002999399999995,12.075839862957553,0.00241879,0.0199779638607316,2.41879,9066,72,-0.34725189929959177
64215857,20260207,1000.0,32.86,0.0351784899999996,0.0,0.0,0.15728571428571428,0.0,1101,72,-1.0
64217599,20260207,4.044489383215369,17.6,0.1622412699999998,0.0,0.0,0.014040214594146639,0.0,32190,72,-1.0
64219175,20260207,100.0,12.0,0.0515070499999997,0.0,0.0,0.0017197125256673512,0.0,1005,72,-1.0
64220364,20260207,46.8393,21.41,1.4290032399999988,14.2031378459296,0.4333183886181049,0.0033808030823858273,20.29633,8950,72,-0.3366119642256142
64223859,20260207,254.73218000000003,17.2,24.39700391,9.584076834293546,0.9179160638439949,0.11044214655018719,233.82276000000005,61947,72,-0.4427862305643287
64226642,20260207,1000.0,25.05,2.911225099999997,20.00017793196412,0.05822501999999999,0.04301137538779731,58.22501999999999,145572,72,-0.20158970331480558
64228142,20260207,1000.0,25.88,16.338159759999996,11.14501159707108,0.18208898,0.039788937768770696,182.08898000000002,160994,72,-0.5693581299431576
64228755,20260207,3.289473684210526,39.44,0.026049599999999902,0.0,0.0,0.0024147207575594535,0.0,4488,72,-1.0
64230865,20260207,4.664179104477612,27.0,0.07598885999999959,4.362086758506468,0.071067168,0.0009238814642649622,0.33147,1113,72,-0.8384412311664271
64234222,20260207,1000.0,30.0,2.6940209299999993,17.866490740292804,0.0481327,0.07102099460473844,48.1327,242210,72,-0.40445030865690657
64234606,20260207,1000.0,23.0,0.31791198999999937,10.626966287116149,0.0033784399999999995,0.01890625,3.3784399999999994,12826,72,-0.5379579875166892
64235463,20260207,1000.0,24.0,0.0842020999999997,16.040336286149692,0.00135063,0.017005141388174806,1.35063,1323,72,-0.3316526547437628
64241038,20260207,33.76623376623377,29.2,0.0358887899999995,12.741861734541802,0.013542819230769231,0.03404191616766467,0.45729000000000003,1137,72,-0.5636348721047327
64241684,20260207,1000.0,45.34,0.8573661299999993,3.215709022701891,0.00275704,0.8149756097560975,2.75704,33414,72,-0.9290756721944885
64242210,20260207,83.33333333333333,10.11,1.8413342199999982,2.6173955535350912,0.05783400000000001,0.6247887323943662,4.819500000000001,13308,72,-0.7411082538540957
64243018,20260207,1000.0,23.0,6.0448736499999995,20.18627965863274,0.12202351000000002,0.0026836494116187206,122.02351000000002,51905,72,-0.12233566701596789
64243086,20260207,1000.0,24.0,12.515210269999994,28.36371761574887,0.35497789,0.08778090282660667,354.97789,187263,72,0.18182156732286966
64243116,20260207,463.68224000000015,15.2,14.17871752,16.137763494987805,0.49346895408372754,0.026415013339057374,228.81279,86142,72,0.06169496677551354
64243513,20260207,2.0408163265306123,14.0,0.0091062599999999,10.682761089624178,0.0476672,0.035682656826568265,0.09728,1934,72,-0.2369456364554159
64243585,20260207,1000.0,30.39,0.026553789999999897,45.76559504311832,0.00121525,0.1452972972972973,1.21525,2688,72,0.5059425812148179
64243604,20260207,1000.0,38.5,0.0999368999999999,15.235413545947509,0.00152258,0.7222222222222222,1.52258,7150,72,-0.6042749728325323
64244911,20260207,1000.0,30.0,6.121857509999996,22.903491264042835,0.14021190999999994,0.03837425644247626,140.21190999999993,757362,72,-0.23655029119857218
64245999,20260207,18.21862,43.2,0.311210269999999,3.5169469182363535,0.06007644925905475,0.0032244586904406304,1.09451,84199,72,-0.9185891917074918
64247345,20260207,1000.0,25.0,0.0607088999999998,6.714995659615004,0.00040766,0.0017018572134736248,0.40766,2410,72,-0.7314001736153998
64247673,20260207,6.11573,14.0,0.1481014399999997,0.0,0.0,0.004583143507972665,0.0,2012,72,-1.0
64248486,20260207,1000.0,24.0,4.042825229999998,14.888192433685793,0.06019036,0.002013274636576284,60.19036,44498,72,-0.3796586485964253
64248889,20260207,53.68735000000001,12.0,7.095059879999999,7.56686355126294,0.9999999999999999,0.0008677494199535963,53.68735,2244,72,-0.369428037394755
64249960,20260207,17.857142857142858,10.8,0.8767438299999986,2.560508466880233,0.12571496,0.008315849163595124,2.24491,23464,72,-0.7629158826962747
64250556,20260207,111.11111111111111,22.0,2.886279929999999,13.171684979287514,0.34215453,0.02944186046511628,38.01717,1899,72,-0.4012870463960221
64251558,20260207,9.98865,11.0,1.0368590099999995,8.441610590816977,0.8762705670936514,0.027351479641029443,8.75276,110634,72,-0.23258085538027487
64251856,20260207,1000.0,14.0,0.6012973099999992,11.061649352796888,0.00665134,0.08878602833414753,6.65134,36349,72,-0.2098821890859366
64252001,20260207,500.0,31.59,2.267827349999999,22.71967484650012,0.10304859999999999,0.003928545703378233,51.5243,5454,72,-0.2807953514878088
64252871,20260207,28.571428571428573,12.78,1.1795572099999987,4.254927151858963,0.17566254999999997,0.005420442189198985,5.018929999999999,2991,72,-0.6670636031409262
64253222,20260207,217.39215,14.0,24.126202079999977,8.728238257382623,0.9686607359097373,0.014431625183016106,210.57924,73926,72,-0.3765544101869555
64253303,20260207,1000.0,23.0,3.345938229999995,18.80376614125363,0.06291624,0.0009206846030900373,62.91624,8295,72,-0.182444950380277
64254998,20260207,1000.0,10.57,0.4476094999999991,1.3856497683807003,0.0006202299999999998,0.013634285714285715,0.6202299999999998,1193,72,-0.8689073066811068
64255309,20260207,25.09375,24.0,0.5498827399999997,12.541201056792588,0.27481703611457037,0.0070202808112324495,6.89619,11700,72,-0.47744995596697554
64256201,20260207,1000.0,16.17,0.6501424899999995,5.747047851002637,0.0037364,0.005142237875914386,3.7364,1898,72,-0.6445857853430651
64256247,20260207,43.15131,16.1,2.242744929999999,16.70514533277755,0.8682327373143479,0.014048045894585873,37.465379999999996,3918,72,0.037586666632145944
64256707,20260207,51.54639175257732,14.0,2.1488356899999976,14.493942065900827,0.6042149399999999,0.04547667280540209,31.145099999999996,148163,72,0.03528157613577333
64257941,20260207,1000.0,49.28,0.5970098999999986,16.712419676792667,0.00997748,0.03401583113456464,9.97748,6446,72,-0.6608681072079411
64258631,20260207,1000.0,35.4,0.0152288999999999,20.43942766713302,0.00031127,0.018446356275303645,0.31127,3645,72,-0.42261503765160957
64259903,20260207,1000.0,13.2,0.06668739999999959,0.7598136979399454,5.067e-05,0.07615803814713897,0.05067,2795,72,-0.9424383562166708
64259917,20260207,1000.0,13.2,0.1527454999999998,4.68256020635633,0.0007152399999999999,0.09869791666666666,0.7152399999999999,1895,72,-0.6452605904275508
64260084,20260207,1000.0,35.0,0.00042429,0.0,0.0,0.5790909090909091,0.0,1274,72,-1.0
64260699,20260207,27.77777777777778,35.4,1.2609714499999978,2.2823910882359826,0.10360907999999999,0.13281553398058252,2.87803,35568,72,-0.9355256754735598
64261557,20260207,1236.2189999999996,41.08,3.174246849999999,18.125855586814243,0.046541866772796744,0.0055992032199395575,57.53594,245674,72,-0.5587669039237039
64261838,20260207,1000.0,39.04,3.2300553899999986,32.512925420761924,0.10501855000000002,0.005731046931407942,105.01855000000002,3175,72,-0.16718941032884413
64264364,20260207,171.42857142857142,20.47,1.1300918799999988,16.27196896592162,0.10726811666666666,0.02991536076426716,18.38882,71396,72,-0.2050821218406634
64264474,20260207,1000.0,42.65,0.04366322999999919,14.829411383445795,0.0006475,0.017735655737704917,0.6475,1731,72,-0.6522998503295242
64264541,20260207,283.49287999999984,40.51,0.44214112999999877,14.859757562025543,0.023175573227800304,0.03396036449372332,6.570110000000001,53294,72,-0.6331829779801149
64265070,20260207,10.42728,14.5,1.1695604099999977,4.689582473127669,0.5260000690496467,0.009328241895261845,5.48475,5985,72,-0.6765805190946436
64273314,20260207,2.22544,16.41,0.084113379999999,0.19533158696036462,0.007382809691566612,0.021018106995884772,0.01643,51074,72,-0.9880967954320314
64273516,20260207,1.7391304347826086,22.76,0.0370937599999997,15.461630204109927,0.32977975,0.0023010898413236207,0.57353,20375,72,-0.3206665112429734
64274858,20260207,1000.0,30.8,0.0925168099999999,50.51319862844391,0.004673320000000001,0.06718918918918919,4.67332,1243,72,0.6400389165079191
64275253,20260207,17.857142857142858,36.0,0.0047236899999999,0.0,0.0,0.006165056698866023,0.0,29358,72,-1.0
64275363,20260207,1659.0334900000007,43.2,67.53984965,24.175472827692328,0.9841921877056258,0.019687783088120452,1632.8078,126053,72,-0.440382573433048
64275616,20260207,1000.0,37.4,0.040250760000000003,30.24588852483779,0.0012174199999999999,0.28833333333333333,1.21742,2249,72,-0.1912864030792035
64275625,20260207,1000.0,37.4,0.0367623399999999,15.191633612006237,0.0005584799999999999,0.2966666666666667,0.5584799999999999,1157,72,-0.5938065879142718
64277034,20260207,21.53507,48.0,0.0150192099999998,0.0,0.0,0.03147454257505813,0.0,93407,72,-1.0
64277064,20260207,1000.0,10.01,0.2871622799999993,3.543153369586014,0.00101746,0.012181562280084447,1.01746,5193,72,-0.6460386244169817
64277259,20260207,6.227130000000001,48.0,0.004693449999999999,0.0,0.0,0.006248699271592092,0.0,18015,72,-1.0
64277308,20260207,1000.0,10.01,0.0255705699999998,3.227538533556375,8.253e-05,0.020093109869646183,0.08252999999999999,1079,72,-0.6775685780662962
64277430,20260207,11.11111111111111,29.66,0.2584786599999994,13.298660709553381,0.30936779999999997,0.007286840363439437,3.4374199999999995,12110,72,-0.5516297805275326
64277798,20260207,10.81081081081081,46.93,0.006884909999999999,1.2621806240023472,0.000803825,0.011672683513838749,0.00869,1940,72,-0.9731050367781302
64277822,20260207,4.587155963302752,41.08,0.0077407199999999995,0.0,0.0,0.5681818181818182,0.0,1250,72,-1.0
64284543,20260207,50.53480999999999,39.0,1.0065213999999978,35.35973502401447,0.7042735492623798,0.04059832178037213,35.59033,22256,72,-0.09334012758937259
64284846,20260207,48.1084,20.0,0.7217396999999988,13.20391548365708,0.19808993855542895,0.0561345349211458,9.529789999999998,17441,72,-0.33980422581714603
64284892,20260207,39.037420000000026,39.0,0.3397447199999992,42.37252016749527,0.36877027221573533,0.05185508829419261,14.39584,56968,72,0.08647487608962223
64284934,20260207,1000.0,28.6,0.1691272599999999,11.384149426887191,0.0019253699999999998,0.16895496535796767,1.9253699999999998,29263,72,-0.6019528172417066
64285482,20260207,1000.0,15.05,0.3025239099999994,4.0481758945929345,0.00122467,0.005589723627870767,1.22467,2872,72,-0.7310182129838583
64287527,20260207,500.0,14.85,12.79967503,13.407891184562363,0.34323329999999996,0.020606252898250067,171.61665,84430,72,-0.0971117047432752
64288469,20260207,1000.0,48.4,0.0222398099999995,11.540566218866338,0.00025666,0.10284900284900285,0.25666,36100,72,-0.7615585491969765
64288593,20260207,6.666666666666667,42.48,0.0149318499999999,11.833764737792114,0.026504999999999997,0.04090425531914894,0.1767,1538,72,-0.7214273837619558
64288685,20260207,1000.0,48.4,0.0020412599999999,5.839530486072614,1.192e-05,0.0071197982345523325,0.01192,8469,72,-0.8793485436761858
64289306,20260207,1875.4841000000013,48.47,33.886855819999965,39.37990107693624,0.7115288420733608,0.014373577079999098,1334.46103,127531,72,-0.18754072463510948
64290316,20260207,29.29814,46.01,2.8079208299999987,10.03276150061539,0.9615354421816538,0.3561404993652137,28.1712,168312,72,-0.7819438926186615
64291686,20260207,149.58566000000005,14.0,0.3031502899999988,1.991487456601154,0.00403594836563879,0.001978043520878259,0.6037199999999999,2018,72,-0.8577508959570604
64292377,20260207,500.0,14.85,6.535399799999999,11.858767997636505,0.15500358,0.0449921302578019,77.50179,82898,72,-0.2014297644689222
64294249,20260207,1000.0,16.12,0.0075479599999997,8.69241490415988,6.561e-05,0.04617429193899782,0.06561,10597,72,-0.46076830619355585
64294584,20260207,1000.0,16.12,0.010801759999999801,16.105708699323372,0.00017397000000000002,0.018845780795344325,0.17397,1943,72,-0.0008865571139347728
64295073,20260207,1000.0,46.11,0.5205999499999986,8.156877464164204,0.00424647,0.010845016471309277,4.2464699999999995,42468,72,-0.8230995995626935
64295359,20260207,1000.0,16.12,0.0141792999999997,8.638649298625644,0.00012249,0.03294102885821832,0.12249,13127,72,-0.4641036415244638
64297425,20260207,16.129032258064516,30.0,0.06589823999999969,0.5097252976710783,0.00208258,0.01651117902525334,0.03359,20530,72,-0.9830091567442973
64297686,20260207,72.98465,13.5,7.2654793999999985,5.7479813376113915,0.5722003188341658,0.011315708101422387,41.76184,7319,72,-0.5742236046213784
64297824,20260207,1000.0,33.0,0.00205724,14.995819641850245,3.085e-05,0.006382474837181764,0.03085,1078,72,-0.545581222974235
64297828,20260207,1000.0,33.0,3.462e-05,0.0,0.0,0.007981220657276996,0.0,1020,72,-1.0
64297900,20260207,1000.0,33.75,0.0617128899999995,38.60765554813621,0.00238259,0.03144,2.38259,11004,72,0.14393053475959133
64298522,20260207,1000.0,18.66,0.3327590199999992,16.21981576938174,0.00539729,0.026962502355379687,5.39729,28618,72,-0.13077085908993896
64300269,20260207,3.38267,15.0,0.0333015799999996,101.57686211885564,1.0,0.006665939341042985,3.38267,3055,72,5.7717908079237095
64300626,20260207,124.2748,33.41,3.2618417499999994,37.82700678228796,0.992845774042686,0.05384683981718872,123.38571,96612,72,0.13220612937108542
64303588,20260207,1000.0,31.0,0.016442449999999803,20.38017448737894,0.00033509999999999985,0.014492753623188406,0.33509999999999984,1900,72,-0.3425750165361632
64310659,20260207,11.363636363636363,36.0,0.44079624999999767,5.492061241446614,0.21303743999999997,0.03378023327194598,2.4208799999999995,55028,72,-0.8474427432931496
64312120,20260207,22.371364653243848,20.0,0.0240902799999997,7.66035097973134,0.008248938,0.02417004048582996,0.18454,1194,72,-0.616982451013433
64313364,20260207,28.82184,14.0,0.8467107599999993,6.343606640832111,0.18635867800251474,0.006105843439911797,5.3712,2769,72,-0.5468852399405635
64313710,20260207,3.56287,14.0,0.10209126999999911,0.2856267729846073,0.008184413127619024,0.07128318584070796,0.02916,6444,72,-0.9795980876439566
64313873,20260207,37.76841,14.5,0.058672329999999696,2.781208791264994,0.00432054195556551,0.03540345821325649,0.16318,2457,72,-0.8081924971541383
64316397,20260207,8.95743,14.5,0.2817284699999998,21.47298070372513,0.6753667067451267,0.008460365853658537,6.04955,1110,72,0.4808952209465608
64321933,20260207,50.13335000000003,26.93,1.425379699999999,33.43966523446351,0.950748753075547,0.04123001913225946,47.66422,66805,72,0.24172540788947314
64322228,20260207,70.37037037037037,27.0,1.58311936,12.335380700543007,0.27750855789473683,0.0852588584765542,19.52838,80365,72,-0.5431340481280368
64325123,20260207,146.2962962962963,27.0,0.00340678,19.85746071070043,0.0004624177215189873,0.06741935483870967,0.06765,1045,72,-0.2645384921962804
64326105,20260207,27.51538,48.47,2.9213346499999995,8.051806046938172,0.8548680774170664,0.09831741663968922,23.52202,121481,72,-0.8338806262236813
64329733,20260207,9.54238,30.63,0.07121741000000001,6.223759049928942,0.046449627870615094,0.02669586983729662,0.44324,2133,72,-0.7968083888367959
64330332,20260207,2.2222222222222223,39.44,0.0206249999999999,0.0,0.0,0.7767543859649123,0.0,8855,72,-1.0
64330383,20260207,3.83043,48.47,0.20456177999999892,14.937003383525585,0.7977015635320317,0.36259305654974944,3.05554,405234,72,-0.6918299281302747
64331321,20260207,1000.0,46.01,0.0516835,1.4453355519653275,7.47e-05,0.03625,0.0747,1305,72,-0.9685864909375065
64331738,20260207,9.726480000000002,39.44,1.047348069999999,9.28676939271966,0.9999999999999998,0.008144171779141104,9.72648,1593,72,-0.7645342446064994
64332866,20260207,128.2051282051282,23.0,2.8191928399999986,16.53453404769573,0.36358951199999995,0.007353195484078164,46.614039999999996,29765,72,-0.281107215317577
64333168,20260207,1000.0,11.98,0.4383652399999971,0.9315747754087498,0.00040837,0.001033774227283826,0.40837,22439,72,-0.922239167328151
64333829,20260207,1000.0,32.4,0.1015229899999997,13.938714767955553,0.0014150999999999999,0.09571428571428571,1.4150999999999998,1273,72,-0.5697927540754459
64334266,20260207,3.18025,48.0,0.014133299999999701,14.89673324701269,0.06620234258313026,0.011930835734870316,0.21054,1242,72,-0.6896513906872356
64334450,20260207,1000.0,17.05,0.16154832999999869,8.248058026969456,0.0013324599999999997,0.026720905553590378,1.3324599999999998,15108,72,-0.5162429309695333
64335030,20260207,23.05754,41.08,1.5679240899999989,13.845581006412125,0.9415063358883905,0.13417878028404345,21.70882,80306,72,-0.6629605402528694
64337334,20260207,10.416666666666666,41.08,0.0392302699999997,4.800884623022005,0.018080640000000002,0.44896341463414635,0.18834,7363,72,-0.8831332857102725
64337357,20260207,53.10449999999998,41.77,8.366232929999999,3.2647465386790278,0.5143373913698464,0.05297230423168846,27.313629999999996,188396,72,-0.9218399200699299
64340004,20260207,1000.0,46.01,0.0509443099999997,16.1197590074339,0.00082121,0.2756657223796034,0.82121,9731,72,-0.6496466201383634
64340433,20260207,6.666666666666667,42.48,0.0154323599999996,0.0,0.0,0.006948640483383686,0.0,1610,72,-1.0
64341465,20260207,4.30407,13.0,0.716388269999999,6.008012945270595,1.0,0.009977220956719818,4.30407,1314,72,-0.5378451580561081
64345690,20260207,1000.0,10.57,1.6606583499999985,2.7788798340128205,0.00461477,0.003711254765456655,4.61477,2239,72,-0.7370974613043689
64347079,20260207,45.45454545454545,16.0,0.5146366499999981,3.5692366643533964,0.040410919999999996,0.022186322024771138,1.8368599999999997,24720,72,-0.7769227084779127
64347573,20260207,1000.0,29.98,0.0034014999999999003,13.305894458327598,4.5260000000000004e-05,0.008161911081619112,0.04526,1230,72,-0.5561743009230288
64354560,20260207,1000.0,10.0,2.4120214999999985,5.05597897862851,0.012195129999999998,0.001261534069033539,12.195129999999999,29162,72,-0.49440210213714897
