ad_id,period,budget_real,target_CPA_real,conversion_real,conversion_model,CPA_real,CPA_model,spend_real,spend_model,total_win_real,total_win_model,win_rate_real,win_rate_model,budget_used_real,budget_used_model,CPA_violation_real,CPA_violation_model
52816063,20260207,1000.0,20.92,0.0251866399999995,1.2475660233,4.235578862444618,32.07900969050887,0.10668,40.02071463000001,39534,70,0.05298043419994639,0.0094714472255572,0.00010668,0.04002071463,-0.7975344712024561,0.5334134595372231
52964940,20260207,0.64461,18.58,0.0552908999999997,0.0,9.9855491590841,0.0,0.55211,0.0,6734,0,0.07866822429906542,0.0,0.8565023812848078,0.0,-0.4625646308350861,-1.0
55954706,20260207,1000.0,33.01,0.7130576899999979,0.0205616549999999,6.659937991833472,5.677768751165645,4.74892,0.1167499999999999,4075,1,0.21335078534031413,0.0045454545454545,0.00474892,0.0001167499999999,-0.7982448351459112,-0.827998514393686
55963763,20260207,1000.0,22.5,21.29788494,0.0,16.441292221574,0.0,350.16475,0.0,52096,0,0.012338299031333634,0.0,0.35016475,0.0,-0.2692759012633778,-1.0
56704977,20260207,70.4225352112676,17.31,3.397282229999999,0.0,7.796738159137283,0.0,26.48772,0.0,4257,0,0.01258722649319929,0.0,0.376125624,0.0,-0.5495818510030454,-1.0
57191417,20260207,1000.0,29.87,5.052083789999999,0.0,43.581280349271495,0.0,220.17628000000002,0.0,6439,0,0.024566959175887065,0.0,0.22017628000000003,0.0,0.45903181617915945,-1.0
57374168,20260207,122.44897959183672,13.0,0.7889959199999992,0.0593518619594892,2.6231187608676128,2063.067865579017,2.06963,122.44898223876952,1041,1,0.003721844833750447,0.0185185185185185,0.016901978333333335,1.0,-0.7982216337794145,157.69752812146285
57449176,20260207,1000.0,43.65,0.1794650699999996,0.0,76.09636794502703,0.0,13.65664,0.0,2056,0,0.00040588293357023,0.0,0.01365664,0.0,0.7433303080189468,-1.0
57699816,20260207,73.77049180327869,11.1,1.9700780999999987,0.0,5.268613462583035,0.0,10.37958,0.0,5093,0,0.030082693443591258,0.0,0.14070097333333334,0.0,-0.5253501385060328,-1.0
57959122,20260207,1000.0,19.0,2.9014034099999977,0.0,5.3684537442519975,0.0,15.57605,0.0,27317,0,0.0028583536502422334,0.0,0.015576050000000001,0.0,-0.7174498029341054,-1.0
58199587,20260207,142.85714285714286,21.02,0.93978854,1.1118786081,39.67798968904217,48.40751607269269,37.28892,53.82332999999999,16606,38,0.0013222390317700454,0.0003438759589419,0.26102243999999997,0.3767632985020965,0.8876303372522442,1.30292649945274
58246735,20260207,46.6873,11.42,3.3026487499999977,0.0,8.044185746364949,0.0,26.56712,0.0,6207,0,0.006402929647204457,0.0,0.5690438299066342,0.0,-0.2956054512815281,-1.0
58416741,20260207,1.9904900000000003,35.0,0.0471419399999997,0.0,33.41461976320893,0.0,1.57523,0.0,17338,0,0.01923879272081669,0.0,0.7913780024014185,0.0,-0.0452965781940305,-1.0
58432699,20260207,116.6156,35.0,8.019357389999996,0.0,12.629938419542125,0.0,101.28399,0.0,35909,0,0.06658446133877248,0.0,0.8685286531133056,0.0,-0.6391446165845107,-1.0
58502564,20260207,145.41256,15.28,23.000822049999996,0.0,4.968254167246167,0.0,114.27393000000001,0.0,163693,0,0.02726716972331884,0.0,0.7858601072699635,0.0,-0.674852475965565,-1.0
58804408,20260207,32.35294117647059,13.15,1.0830477099999998,0.0,3.7412940931291017,0.0,4.052,0.0,1005,0,0.003298326222513948,0.0,0.12524363636363636,0.0,-0.7154909434882814,-1.0
58921051,20260207,5945.759109999998,16.88,258.68405907,0.0,12.259917373346171,0.0,3171.44519,0.0,257387,0,0.047388702728578265,0.0,0.5333961789111232,0.0,-0.2737015774084021,-1.0
59180301,20260207,127.4666,11.1,19.235940279999994,0.0,6.929982005537815,0.0,133.30472,0.0,3447,0,0.0012346872985170858,0.0,1.0458011745822042,0.0,-0.375677296798395,-1.0
59183637,20260207,42.81511,27.0,3.814563589999999,0.0,12.195476337569723,0.0,46.52042,0.0,6777,0,0.01574581784386617,0.0,1.0865421109510172,0.0,-0.5483156912011213,-1.0
59252106,20260207,75.31489,12.1,1.338674409999999,0.0,4.548051381664945,0.0,6.088360000000001,0.0,2315,0,0.0015699172656991726,0.0,0.08083872923402,0.0,-0.6241279849863681,-1.0
59284251,20260207,112.67605633802818,19.0,2.134217979999998,0.0,10.006855063605085,0.0,21.35681,0.0,14849,0,0.03147975408098368,0.0,0.18954168875,0.0,-0.4733234177049955,-1.0
59335998,20260207,1000.0,22.43,3.7110197099999986,0.0,12.892259739574387,0.0,47.84343,0.0,26442,0,0.005514034282854402,0.0,0.04784343,0.0,-0.42522248151696895,-1.0
59473469,20260207,1000.0,10.59,0.5106441099999997,0.330141939,4.325732847481589,17.50632625221768,2.2089100000000004,5.77959,2988,4,0.002217604274899807,0.0002768980806127,0.0022089100000000006,0.0057795899999999,-0.5915266432973003,0.6530997167114901
59474185,20260207,28.30188679245283,20.0,0.0811987799999988,0.0,0.5140471322352456,0.0,0.04174,0.0,5911,0,0.005611886452102915,0.0,0.0014748133333333333,0.0,-0.9742976433882378,-1.0
59978838,20260207,57.754450000000006,45.0,0.23929870999999903,0.0175422385,1.2219037871119371,78.5157198883205,0.2924,1.37742,4249,2,0.0014929201363269036,8.480450209773518e-05,0.005062813341655923,0.0238495900873864,-0.9728465825086237,0.7447937752960112
59998752,20260207,1236.13103,28.8,21.77063850000001,0.0,35.391437876293786,0.0,770.4942000000001,0.0,225739,0,0.01912718183358753,0.0,0.6233111064285799,0.0,0.2288693707046453,-1.0
60078895,20260207,1000.0,25.95,13.767983299999997,0.0,15.646896521148456,0.0,215.42621,0.0,1273762,0,0.09389232062036532,0.0,0.21542621,0.0,-0.3970367429229882,-1.0
60083626,20260207,1000.0,36.35,1.2863628299999987,0.3994650470999999,26.165386013213734,20.673021048852,33.65818,8.258170000000002,487559,2,0.04779568469448774,1.9418876932157985e-05,0.03365818,0.00825817,-0.2801819528689482,-0.431278626777113
60145854,20260207,131.14754098360655,12.1,3.257562019999999,0.0,3.1347614987235155,0.0,10.21168,0.0,262138,0,0.08886033898305085,0.0,0.07786406,0.0,-0.7409288017583872,-1.0
60191018,20260207,70.4225352112676,15.06,0.48831324999999925,0.3744480435004936,12.298068913755687,188.0697520255019,6.00531,70.42253875732422,1564,2,0.001637353433835846,0.008956755050505,0.085275402,1.0,-0.1833951584491576,11.488030995040877
60319297,20260207,48.38709677419355,10.0,4.149910089999999,0.0,5.652922470905871,0.0,23.45912,0.0,721473,0,0.06832907148539606,0.0,0.4848218133333333,0.0,-0.4347077529094129,-1.0
60491784,20260207,521.94218,19.24,26.77029479,0.0,19.48326135709318,0.0,521.57265,0.0,11239,0,0.009902202643171806,0.0,0.9992920097011511,0.0,0.012643521678439818,-1.0
60580455,20260207,27.1370420624152,15.0,0.16572462999999932,0.0,6.578744511301694,0.0,1.0902599999999996,0.0,1484,0,0.005051055139550714,0.0,0.040176080999999975,0.0,-0.5614170325798872,-1.0
60679080,20260207,33.333333333333336,26.0,0.1549441299999988,0.2010553101,12.11552835205835,88.98984563628476,1.8772300000000002,17.89197,7581,26,0.00962544438801422,0.0028981770138651,0.0563169,0.5367591204757355,-0.534018140305448,2.422686370626337
60695475,20260207,34.930139720558884,11.0,2.3717372799999987,0.0,6.548043972222762,0.0,15.53024,0.0,9663,0,0.003470905172413793,0.0,0.4446085851428571,0.0,-0.4047232752524762,-1.0
60745623,20260207,1000.0,22.2,11.508108750000002,0.0,11.136856001643189,0.0,128.16415,0.0,245460,0,0.027238528546856794,0.0,0.12816415,0.0,-0.4983398197458023,-1.0
60762511,20260207,2000.0,33.74,0.6070166399999992,1.0710419873,17.502535021115754,45.21231227336005,10.62433,48.424330000000005,88047,11,0.00562198298980921,5.062415612287217e-05,0.005312165000000001,0.024212165,-0.4812526668311869,0.3400210439887142
60762714,20260207,122.44897959183672,18.6,1.0652595699999985,0.0,7.856141578714014,0.0,8.368829999999999,0.0,1905,0,0.005614500442086649,0.0,0.068345445,0.0,-0.5776267968433327,-1.0
60848391,20260207,41.73037999999999,16.0,3.2187120799999978,0.0,6.117872462826813,0.0,19.69167,0.0,17991,0,0.0030296039337195206,0.0,0.4718785211157915,0.0,-0.6176329710733242,-1.0
60880371,20260207,33.805879999999995,45.0,0.7045939199999972,0.0160156692,43.47542482342186,157.41912182340633,30.632519999999996,2.52133,29736,4,0.006883333333333333,7.404122633437316e-05,0.9061299395253134,0.0745825840980301,-0.03387944836840309,2.498202707186808
60882186,20260207,112.01828,35.0,4.6258222700000005,0.0,24.577976274043053,0.0,113.69334999999998,0.0,34696,0,0.2579628252788104,0.0,1.0149535415112603,0.0,-0.2977721064559128,-1.0
60882731,20260207,92.20477000000002,37.0,2.940335039999998,0.0,22.973970340468426,0.0,67.55117,0.0,305221,0,0.08228755526798232,0.0,0.7326212082086424,0.0,-0.3790818826900425,-1.0
60917464,20260207,1000.0,20.54,0.0020245699999999,0.254747708,0.0,47.504460748825466,0.0,12.1017,2370,7,0.6405405405405405,0.21875,0.0,0.0121017,-1.0,1.3127779275274605
61022895,20260207,1.32579105532968,26.0,0.0056692399999997,0.0,0.0,0.0,0.0,0.0,10028,0,0.005366297426018087,0.0,0.0,0.0,-1.0,-1.0
61030217,20260207,46.25146000000001,20.1,2.3149738599999976,0.0,17.61766329404689,0.0,40.78443,0.0,9946,0,0.0033724399837243998,0.0,0.8817976773057541,0.0,-0.12349933860463248,-1.0
61159718,20260207,3.703703703703704,13.8,0.5030550199999981,0.0,7.174642646444544,0.0,3.6092399999999993,0.0,2845,0,0.008697645979822683,0.0,0.9744947999999997,0.0,-0.48009835895329395,-1.0
61261395,20260207,4.044489383215369,16.0,0.0256127899999997,0.172036045949642,0.0,23.509409623793445,0.0,4.04448938369751,195510,5,0.039794422959495215,0.1724137931034483,0.0,0.9999997642040808,-1.0,0.4693381014870903
61280560,20260207,1000.0,30.15,0.8278719799999977,0.0,11.119980168914552,0.0,9.205919999999999,0.0,20802,0,0.01524961513085551,0.0,0.00920592,0.0,-0.6311781038502636,-1.0
61327659,20260207,1111.111111111111,41.78,0.2157626299999992,0.0,19.956838679617576,0.0,4.30594,0.0,250533,0,0.002811808714448773,0.0,0.0038753459999999996,0.0,-0.5223351201623366,-1.0
61328223,20260207,1666.6666666666667,48.86,9.830470329999999,0.0,19.741280273006026,0.0,194.06607000000002,0.0,3080441,0,0.034758816248097284,0.0,0.11643964200000001,0.0,-0.595962335796029,-1.0
61329740,20260207,25.42372881355932,10.0,2.322882929999999,0.0,2.7071273884646447,0.0,6.28834,0.0,147899,0,0.01869677892394822,0.0,0.24734137333333336,0.0,-0.7292872611535355,-1.0
61390940,20260207,58.39817,10.0,12.34167202,0.0,4.677778659686015,0.0,57.731609999999996,0.0,763272,0,0.028406209178299884,0.0,0.9885859437033728,0.0,-0.5322221340313985,-1.0
61423925,20260207,1000.0,20.04,2.8435154499999977,0.0,13.622349053879779,0.0,38.73536,0.0,974466,0,0.019203154590295417,0.0,0.03873536,0.0,-0.32024206317965176,-1.0
61443196,20260207,27.77777777777778,25.0,0.5755063499999986,0.00376134,5.57340505452287,11.543348022773062,3.20753,0.04343,148960,1,0.022692096764365365,2.600915522263837e-05,0.11547108,0.0015634798449307,-0.7770637978190852,-0.5382660790890775
61451829,20260207,72.63998000000001,19.25,3.4158564799999995,0.0,18.170526297990133,0.0,62.06791,0.0,44344,0,0.011303882331948303,0.0,0.8544593486947545,0.0,-0.05607655594856453,-1.0
61467151,20260207,5.652430000000001,19.25,1.012363219999999,0.0,5.583401182828437,0.0,5.65243,0.0,2921,0,0.007875438123483418,0.0,0.9999999999999999,0.0,-0.7099531853076136,-1.0
61470571,20260207,1162.7906976744189,20.6,3.157815789999999,0.0,10.263480251962388,0.0,32.41018,0.0,1818,0,0.004984919111598574,0.0,0.02787275479999999,0.0,-0.5017728033027967,-1.0
61471905,20260207,1000.0,28.73,7.482276129999999,0.0,15.36913206650127,0.0,114.99609000000001,0.0,207203,0,0.011154639175257731,0.0,0.11499609000000001,0.0,-0.46504935375909257,-1.0
61524837,20260207,1000.0,18.9,2.185272169999998,0.0,10.3555750677958,0.0,22.62975,0.0,27875,0,0.0031670737942396184,0.0,0.02262975,0.0,-0.4520859752488995,-1.0
61590141,20260207,28.447170000000018,21.41,1.570751739999998,0.0,11.944541917235135,0.0,18.76191,0.0,11590,0,0.0017102719612790886,0.0,0.6595352015683805,0.0,-0.4421045344588914,-1.0
61593737,20260207,118.54912000000002,22.0,7.486773609999998,0.0,9.508955887875446,0.0,71.1914,0.0,132279,0,0.009254551051534275,0.0,0.6005223826208073,0.0,-0.5677747323692979,-1.0
61630077,20260207,1000.0,30.15,0.45239702999999837,0.0,12.688986928141459,0.0,5.740459999999999,0.0,8913,0,0.0014324515444698017,0.0,0.0057404599999999984,0.0,-0.5791380786686082,-1.0
61642024,20260207,20.98801,12.13,2.5296678399999997,0.0,7.168751451573975,0.0,18.13456,0.0,191357,0,0.02518949017336475,0.0,0.8640438040576501,0.0,-0.40900647555037306,-1.0
61736578,20260207,1000.0,23.79,13.92317826,0.0,22.28128407227618,0.0,310.22628999999995,0.0,286701,0,0.004583234086225887,0.0,0.31022628999999996,0.0,-0.06341807178326272,-1.0
61795733,20260207,47.716910000000006,13.34,2.913293729999999,0.0,3.5670965453936576,0.0,10.392,0.0,177887,0,0.006695107584955795,0.0,0.21778442904203138,0.0,-0.7326014583662926,-1.0
61810671,20260207,83.33333333333333,10.0,0.0028838699999999997,2.7873170443,5.617451549480386,24.27291302417232,0.0162,67.65632846,5158,15,0.14653409090909092,0.0299593828927055,0.0001944,0.8118759167435132,-0.43825484505196144,1.4272913024172322
61869045,20260207,593.0689100000001,13.49,11.021867570000008,0.0,13.759977520760566,0.0,151.66065,0.0,185192,0,0.012635744599555137,0.0,0.255721801367062,0.0,0.020013159433696526,-1.0
61887714,20260207,555.5555555555555,11.1,0.1607658499999996,2.100180930081614,0.0,264.5273411959118,0.0,555.5555419921876,1021,13,0.2430952380952381,0.4653846153846154,0.0,1.0000000000000002,-1.0,22.83129118063024
61914746,20260207,20.83333333333333,11.0,0.3186287699999997,1.121115922155819,2.3789753825431417,18.582659450947684,0.75801,20.833333969116207,17018,38,0.002918138482115299,0.359375,0.036384480000000004,0.9999999084472766,-0.7837295106778961,0.6893326773588804
61915131,20260207,1000.0,20.52,0.755107939999999,0.0,8.749662995200406,0.0,6.60694,0.0,3623,0,0.01010599721059972,0.0,0.0066069399999999995,0.0,-0.5736031678752238,-1.0
61946302,20260207,17.54385964912281,10.0,0.0284664499999998,1.0236379151900967,0.0,17.138718762517456,0.0,17.543859481811523,2839,55,0.001992700217589668,0.5394088669950738,0.0,0.9999998912811388,-1.0,0.7138718762517456
61947448,20260207,142.85714285714286,25.0,0.00273055,0.0,0.0,0.0,0.0,0.0,2821,0,0.020973977695167286,0.0,0.0,0.0,-1.0,-1.0
62027377,20260207,2104.15374,13.5,184.01624725,0.0,10.056164700967727,0.0,1850.4976899999997,0.0,515431,0,0.018754061498269883,0.0,0.8794498495152733,0.0,-0.2550989110394276,-1.0
62095724,20260207,12.5,10.5,0.24413513999999892,0.1748003680878233,1.9979508070816934,71.50973780548318,0.48777000000000004,12.5,2214,21,0.0005013814031432583,0.0244637662628264,0.039021600000000004,0.9999999237060604,-0.8097189707541245,5.810451219569827
62098540,20260207,25.64102564102564,13.15,0.8453693999999992,0.3034751562999999,5.758736949787874,22.1521851402202,4.86826,6.72266,62481,6,0.0020591230411785063,3.956739646531258e-05,0.18986214000000004,0.2621837214971967,-0.5620732357575762,0.6845768656148498
62141016,20260207,133.90189999999998,12.42,19.187915150000002,0.0,6.019843693127859,0.0,115.50825,0.0,7910,0,0.0018851286939942802,0.0,0.8626333905642863,0.0,-0.5153104916966297,-1.0
62145179,20260207,10.638297872340424,10.0,0.0263947999999999,0.7203400992934168,5.128282843590424,14.76841741378228,0.13536,10.638298034667969,1595,2,0.0008828739067862283,1.0,0.012723840000000004,0.9999999103546235,-0.4871717156409576,0.4768417413782281
62171512,20260207,62.5,15.0,1.5066085199999992,0.0,4.675620711344446,0.0,7.0443299999999995,0.0,1122,0,0.0019428571428571429,0.0,0.11270928,0.0,-0.6882919525770369,-1.0
62210221,20260207,41.66666666666666,12.0,7.524852289999998,0.0,4.971173992307031,0.0,37.407349999999994,0.0,559609,0,0.012481771687175609,0.0,0.8977764,0.0,-0.5857355006410808,-1.0
62243266,20260207,1.32579105532968,26.0,0.0029903999999998996,0.0022022897,0.0,35.7737795442878,0.0,0.07882,1780,1,0.016808309726156753,0.0003030303030303,0.0,0.059451258323818,-1.0,0.375914597857223
62336447,20260207,1.32579105532968,26.0,0.013772849999999802,0.0242441575,0.0,28.38587458134681,0.0,0.6882199999999999,10092,3,0.02028135048231511,0.0004994214521038,0.0,0.5191010530781278,-1.0,0.0917644069748772
62367731,20260207,72.79249000000002,15.0,2.2769717699999985,0.0,11.811376124351344,0.0,26.894170000000003,0.0,33383,0,0.008282184235988786,0.0,0.3694635257016211,0.0,-0.2125749250432437,-1.0
62382189,20260207,100.0,13.32,1.440011719999999,0.2632346163,2.5911802995603415,11.658832657744728,3.7313300000000003,3.06902,184779,1,0.001389972107130284,6.391507986828381e-07,0.0373133,0.0306902,-0.8054669444774518,-0.1247122428782767
62428947,20260207,32.35294117647059,10.1,0.14758721999999969,0.6785836604171784,4.946634268197488,47.67708657873733,0.73006,32.35293960571289,23407,23,0.017271989374262102,0.304630221653879,0.02256549090909091,1.0,-0.5102342308715359,3.720503443367146
62450179,20260207,139.06444000000005,11.0,10.378513549999996,0.0,12.486475002000653,0.0,129.59105,0.0,15568,0,0.0026618336012037068,0.0,0.9318776964118214,0.0,0.1351340910909684,-1.0
62462575,20260207,51.30043,10.0,1.302296579999999,0.0,4.359214396462597,0.0,5.67699,0.0,11007,0,0.0034054204566549098,0.0,0.11066164552616811,0.0,-0.5640785603537404,-1.0
62463469,20260207,223.48889000000003,10.0,25.21536293,0.0,8.189880533280114,0.0,206.51081000000002,0.0,31814,0,0.006617439054829853,0.0,0.9240316599183074,0.0,-0.1810119466719886,-1.0
62516634,20260207,17.806910000000002,12.0,1.0020338499999992,0.0,10.48906681146551,0.0,10.5104,0.0,74440,0,0.0067361638976363705,0.0,0.5902427765401184,0.0,-0.1259110990445409,-1.0
62537183,20260207,1000.0,19.0,5.247883999999996,0.0,16.335054280925426,0.0,85.72447,0.0,58807,0,0.001917755058781327,0.0,0.08572447,0.0,-0.14026030100392492,-1.0
62543564,20260207,1000.0,32.62,0.4121149299999988,0.0,32.585885689703204,0.0,13.42913,0.0,2011,0,0.0027315946753599567,0.0,0.013429130000000001,0.0,-0.00104580963509483,-1.0
62552558,20260207,118.0,11.0,2.2494264799999995,0.0,5.807711483862323,0.0,13.06402,0.0,1704,0,0.006360582306830907,0.0,0.11071203389830508,0.0,-0.47202622873978883,-1.0
62637401,20260207,70.21918999999998,10.5,10.540656519999999,0.0,6.729086548396514,0.0,70.92899,0.0,11674,0,0.004179735051915503,0.0,1.010108347874705,0.0,-0.35913461443842726,-1.0
62681129,20260207,48.53814999999999,48.0,2.193455649999998,0.0,14.018943122921144,0.0,30.74993,0.0,8052,0,0.004581768521679754,0.0,0.6335208490640869,0.0,-0.7079386849391428,-1.0
62730483,20260207,83.33333333333333,16.0,0.2413561299999997,0.0835010358999999,3.1298977158773673,14.904187503768396,0.75542,1.24453,1254,4,0.003365539452495974,0.0005786034952701,0.00906504,0.0149343595442395,-0.8043813927576645,-0.0684882810144752
62733626,20260207,33.333333333333336,36.0,0.08459705999999889,0.0438782513,1.1628063670297915,111.53471982781984,0.09837,4.89406,21399,4,0.09199914015477215,0.0023870366559191,0.0029511,0.1468218056008074,-0.9676998231380612,2.0981866618838843
62753184,20260207,165.83097,21.6,9.966304629999998,0.0,16.084771231802094,0.0,160.30572999999998,0.0,8657,0,0.019388577827547594,0.0,0.9666814950186927,0.0,-0.25533466519434755,-1.0
62758884,20260207,83.33333333333333,26.4,0.25335120999999916,1.7289474309,0.9222770240568445,44.67912901241871,0.2336599999999999,77.24790999999999,56280,37,0.006387542702788592,0.0003484397867934,0.002803919999999999,0.9269748917109712,-0.9650652642402711,0.6923912749248011
62759058,20260207,1000.0,31.5,32.574883729999996,0.0,15.366511025763225,0.0,500.56231,0.0,4262135,0,0.06937102557466915,0.0,0.5005623100000001,0.0,-0.5121742531503739,-1.0
62759116,20260207,1000.0,30.0,20.775714540000003,0.0,20.264739351775862,0.0,421.01444000000004,0.0,37958,0,0.08008016877637131,0.0,0.42101444000000005,0.0,-0.3245086882741379,-1.0
62781570,20260207,1.32579105532968,26.0,0.0087054899999999,0.0,0.0,0.0,0.0,0.0,7729,0,0.011758709873725848,0.0,0.0,0.0,-1.0,-1.0
62782340,20260207,292.4077699999999,25.0,8.833024349999995,0.0,11.462082067055556,0.0,101.24485000000001,0.0,2683616,0,0.043072863583616484,0.0,0.3462454161187305,0.0,-0.5415167173177777,-1.0
62785644,20260207,316.29635,10.0,28.86067261,0.0,6.699915231116298,0.0,193.36406,0.0,307704,0,0.02337749954415608,0.0,0.6113382591990074,0.0,-0.33000847688837015,-1.0
62789760,20260207,87.71929824561404,10.5,14.185952799999999,0.0,4.288910364906895,0.0,60.842279999999995,0.0,1234298,0,0.07426582430806257,0.0,0.693601992,0.0,-0.5915323461993433,-1.0
62824285,20260207,288.6240099999998,10.0,43.15919143000001,0.0,6.145476344944583,0.0,265.23379,0.0,76092,0,0.004326629479896969,0.0,0.9189595487915234,0.0,-0.38545236550554174,-1.0
62841880,20260207,197.99366,11.0,38.87389505,0.0,4.956325054440358,0.0,192.67166,0.0,160694,0,0.019588468336685563,0.0,0.9731203514294346,0.0,-0.5494249950508766,-1.0
62863416,20260207,2.360717658168083,25.0,0.0957556699999993,0.0961600275839365,0.0,24.54963130855573,0.0,2.3607177734375,72312,19,0.014178267518920826,0.1300820025895554,0.0,0.9999995960237424,-1.0,-0.0180147476577708
62868116,20260207,1000.0,16.0,12.598702109999998,0.0,11.973630194832825,0.0,150.8522,0.0,280295,0,0.013983078327588013,0.0,0.15085220000000002,0.0,-0.2516481128229484,-1.0
62941923,20260207,1000000.0,41.96,1.279913989999998,0.0,7.1795996229403,0.0,9.18927,0.0,17538,0,0.07611979166666667,0.0,9.18927e-06,0.0,-0.8288941939242064,-1.0
62972330,20260207,56.30614,10.0,9.848400379999998,0.0,5.094553233425712,0.0,50.1732,0.0,14530,0,0.004479728688145522,0.0,0.8910786638899417,0.0,-0.4905446766574288,-1.0
62987009,20260207,225.48274,23.0,5.1095899299999985,0.0,23.910811175408757,0.0,122.17444,0.0,27461,0,0.0008659306839215834,0.0,0.5418349981022937,0.0,0.03960048588733724,-1.0
62988138,20260207,24.390243902439025,15.0,2.4136559099999984,0.0,5.712090088267806,0.0,13.787020000000002,0.0,23025,0,0.003048619018616106,0.0,0.5652678200000001,0.0,-0.6191939941154795,-1.0
63002552,20260207,2532.0,23.0,7.605305499999998,0.0,9.690716566218152,0.0,73.70086,0.0,66520,0,0.015049092801230714,0.0,0.02910776461295419,0.0,-0.5786644971209499,-1.0
63002557,20260207,2000.0,21.0,0.9106115599999993,0.0,2.031250295131331,0.0,1.8496800000000002,0.0,26159,0,0.004422186158163438,0.0,0.0009248400000000001,0.0,-0.9032737954699367,-1.0
63008487,20260207,1052.6315789473683,17.0,37.05166655,0.0,6.546252370934176,0.0,242.54955999999999,0.0,540254,0,0.023679253139313187,0.0,0.230422082,0.0,-0.6149263311215191,-1.0
63029536,20260207,1000.0,14.88,0.013316019999999897,1.9505427283,7.059917302617503,19.406509093231687,0.09401,37.85324459999999,4213,24,0.023483835005574136,0.0104937595976397,9.401e-05,0.0378532445999999,-0.5255431920283936,0.3042008698909773
63031140,20260207,9.95539,12.0,0.6151091899999985,0.0,4.336888544942738,0.0,2.6676599999999997,0.0,2998,0,0.0024713543813370703,0.0,0.26796137569698425,0.0,-0.6385926212547718,-1.0
63038827,20260207,0.206347241137386,26.0,0.0021923399999999,0.0079296528024659,0.0,26.018947889580826,0.0,0.2063472419977188,1267,2,0.0018668041844703109,0.0416666666666666,0.0,0.9999951616849352,-1.0,0.0007287649838779
63039945,20260207,13.6986301369863,12.0,0.06251371,0.7313442266678243,0.0,18.73073048601255,0.0,13.698630332946776,8944,12,0.004338377958866899,0.2307692307692307,0.0,0.9999999303817806,-1.0,0.5608942071677125
63041128,20260207,86.78675999999997,10.0,5.560731969999999,0.0,4.811032098711279,0.0,26.752860000000002,0.0,646006,0,0.012517385634592617,0.0,0.3082596930683898,0.0,-0.5188967901288721,-1.0
63057736,20260207,312.5,46.75,2.166353999999998,0.0,6.752474434002944,0.0,14.62825,0.0,88197,0,0.004935008980678951,0.0,0.046810399999999995,0.0,-0.8555620441924504,-1.0
63067488,20260207,6.0449600000000006,12.5,0.8674467099999993,0.0,6.968681684203983,0.0,6.04496,0.0,1498,0,0.002029810298102981,0.0,0.9999999999999999,0.0,-0.44250546526368134,-1.0
63075099,20260207,2516.66506,16.88,204.85770876,0.0,12.395182662981181,0.0,2539.24872,0.0,332873,0,0.06651340766494825,0.0,1.0089736454639697,0.0,-0.2656882308660437,-1.0
63086700,20260207,233.5167930000001,32.0,0.3155038899999992,81.67223937829999,150.06829234340066,0.1897436623290848,47.34713,15.49679,3053,5,0.8979411764705882,0.2,0.2027568526945297,0.0663626343152207,3.6896341357312705,-0.994070510552216
63086847,20260207,73.61649750000005,27.63,0.1974057299999995,35.743700000000004,157.41766968973027,0.1001204491946707,31.07515,3.5786754000000003,1169,7,1.0627272727272727,0.5,0.4221220929452665,0.0486124083386343,4.6973459894944005,-0.9963763860935314
63088304,20260207,2000.0,15.0,0.0573125199999996,1.294768705,4.341808735682914,61.88785518425457,0.24884,80.13052,14520,85,0.013672316384180792,0.0031201788842651,0.00012442,0.04006526,-0.7105460842878057,3.125857012283638
63092554,20260207,86.40656,18.32,1.0485455099999998,0.0007635862,8.196992803869811,910.00857718855,8.59492,0.6957800000000001,72811,1,0.003075165455228892,4.126229616425695e-06,0.0994706883366263,0.0080523976120749,-0.5525658949852723,48.6729580975728
63096817,20260207,1000.0,14.61,0.6980512899999984,0.0,7.139604311883746,0.0,4.98381,0.0,9425,0,0.007543017206882753,0.0,0.00498381,0.0,-0.5113207178724335,-1.0
63099873,20260207,172.3989100000001,22.0,5.9025735999999975,0.0,25.371124554889086,0.0,149.75493,0.0,19418,0,0.0008439159647796118,0.0,0.8686535779141523,0.0,0.15323293431314025,-1.0
63113659,20260207,715.3814399999999,12.42,102.6781206,0.0,6.719723403273901,0.0,689.96857,0.0,52530,0,0.006909387454456969,0.0,0.9644764756547222,0.0,-0.4589594683354347,-1.0
63116306,20260207,1000.0,24.5,1.437166389999999,0.0,8.31511930918452,0.0,11.950210000000002,0.0,7103,0,0.0011041676382346998,0.0,0.011950210000000003,0.0,-0.6606073751353256,-1.0
63117307,20260207,44.70852000000001,22.1,2.0507180199999993,0.0,14.176146947789542,0.0,29.07128,0.0,2705,0,0.01020754716981132,0.0,0.6502402674031705,0.0,-0.3585453869778488,-1.0
63120136,20260207,305.25518000000005,25.0,15.297062569999998,0.0,14.424013041086754,0.0,220.64503000000002,0.0,27467,0,0.0039039470130903817,0.0,0.7228215750507493,0.0,-0.42303947835652983,-1.0
63121462,20260207,312.5,27.0,5.042213929999999,0.0,14.960654396510307,0.0,75.43482,0.0,4242,0,0.0020922318125770655,0.0,0.241391424,0.0,-0.44590168901813676,-1.0
63125663,20260207,470.4109,20.0,5.02379563,0.0,10.15245717708465,0.0,51.00387,0.0,27821,0,0.008420654378159146,0.0,0.10842408201000443,0.0,-0.4923771411457675,-1.0
63129888,20260207,2000.0,12.0,0.38690968999999886,5.081347830400001,7.344840600916479,43.67194959581848,2.84179,221.91241,56786,90,0.022986560880829017,0.0089992644831361,0.001420895,0.110956205,-0.3879299499236268,2.639329132984873
63131421,20260207,1000.0,23.0,1.0601811499999987,0.0,10.036284836794177,0.0,10.64028,0.0,6163,0,0.0048020882032102225,0.0,0.01064028,0.0,-0.5636397897046009,-1.0
63140913,20260207,199.83509,11.5,8.40245083,0.0,6.282768095650969,0.0,52.79065,0.0,90551,0,0.00716276825477183,0.0,0.26417107225763004,0.0,-0.4536723395086114,-1.0
63140934,20260207,114.94252873563218,11.5,0.0972153599999998,6.62966839412987,4.004614085675358,17.33759572879607,0.38931,114.94252777099608,2265,51,0.0013238646326494828,0.1129376138573591,0.003386997,0.9999999999999998,-0.6517726882021428,0.5076170198953105
63151343,20260207,342.40937999999994,30.0,23.723716439999997,0.0,13.038796884220389,0.0,309.32872,0.0,117641,0,0.041968178088544826,0.0,0.9033885695537898,0.0,-0.5653734371926536,-1.0
63152431,20260207,1000.0,43.2,13.094098639999995,0.0,35.957734315647414,0.0,470.83412,0.0,233328,0,0.015028501130383815,0.0,0.47083411999999997,0.0,-0.16764503898964325,-1.0
63152697,20260207,1785.3398499999994,17.0,48.95267046,0.0,13.594006491305928,0.0,665.4629199999999,0.0,718630,0,0.041142153775691304,0.0,0.3727373922673603,0.0,-0.20035255933494542,-1.0
63154710,20260207,1000.0,23.61,0.0218982999999998,0.0,9.924971344807675,0.0,0.21733999999999992,0.0,1561,0,0.01018929503916449,0.0,0.00021733999999999992,0.0,-0.579628490266511,-1.0
63161144,20260207,60.10060000000001,32.0,3.0264052499999985,0.0,18.78458279835459,0.0,56.849759999999996,0.0,182407,0,0.00641853280222951,0.0,0.9459100241927699,0.0,-0.412981787551419,-1.0
63170448,20260207,2.7777777777777777,24.94,0.0944938899999999,0.0,8.6806670780513,0.0,0.82027,0.0,1705,0,0.002586468446601942,0.0,0.29529720000000004,0.0,-0.6519379680011508,-1.0
63183978,20260207,1000.0,31.5,10.746477059999997,0.0,19.175730692901144,0.0,206.07155,0.0,1715965,0,0.031789256642348745,0.0,0.20607155,0.0,-0.39124664466980497,-1.0
63196191,20260207,2000.0,25.0,0.4326052599999986,0.0065045921,5.661211793864939,38.19483241194909,2.4490700000000003,0.2484799999999999,6448,1,0.012564302416212004,0.0003561253561253,0.0012245350000000001,0.00012424,-0.7735515282454024,0.5277932964779637
63203969,20260207,10.309278350515465,12.13,1.1682131499999997,0.0,5.367547865729813,0.0,6.270440000000001,0.0,73691,0,0.004980568678737742,0.0,0.6082326800000001,0.0,-0.5574981149439561,-1.0
63205388,20260207,51.54639175257732,14.5,0.08118716999999921,0.7450779329000001,5.323378065770789,16.42962840507928,0.43219,12.241370000000002,2201,3,0.008658536585365854,0.001797385620915,0.008384486,0.2374825836167298,-0.6328704782227041,0.1330778210399504
63209471,20260207,17.54385964912281,10.0,0.2077001199999994,1.1528539145114445,3.0483371892129956,15.217751393501455,0.63314,17.54385948181153,9545,56,0.006773827265630544,0.6507246376811594,0.03608898,0.9999998912811392,-0.6951662810787005,0.5217751393501455
63213666,20260207,0.206347241137386,26.0,0.014919279999999799,0.0,0.0,0.0,0.0,0.0,8655,0,0.06772300469483568,0.0,0.0,0.0,-1.0,-1.0
63224395,20260207,45.16711833785005,14.0,0.3635722799999984,1.7818000078,5.830257466273307,15.417114413869175,2.11972,27.47023,24101,22,0.00990221455277538,0.000820304049096,0.0469306008,0.6081908957728988,-0.5835530381233353,0.1012224581335125
63226351,20260207,1000.0,10.01,0.39856129999999934,64.88423479639998,5.879923615263208,12.2094916350075,2.34351,792.2035341999997,7044,274,0.004633905664101046,0.009574778530873,0.00234351,0.7922035341999997,-0.41259504343024894,0.2197294061771821
63231700,20260207,1000.0,24.0,1.532146019999999,0.0,12.629044325683795,0.0,19.349539999999998,0.0,40279,0,0.009755855353985515,0.0,0.01934954,0.0,-0.4737898197631752,-1.0
63234573,20260207,229.51535,15.4,1.8101369199999988,0.0,11.342014945477171,0.0,20.5306,0.0,29614,0,0.006837366087920207,0.0,0.08945196911666256,0.0,-0.2635055230209629,-1.0
63273998,20260207,11.750881316098708,13.0,0.5521018899999983,0.0,4.917769797890038,0.0,2.71511,0.0,2729,0,0.002720566244641611,0.0,0.231055861,0.0,-0.6217100155469202,-1.0
63274135,20260207,5.00167,10.0,1.413662929999999,0.0,3.538092351335833,0.0,5.00167,0.0,7991,0,0.01040630290402396,0.0,1.0,0.0,-0.6461907648664167,-1.0
63281072,20260207,277.77777777777777,34.1,0.1704646299999994,0.5084018594999999,4.037025158826218,109.73459129413098,0.68817,55.78938,74545,26,0.0063686458778299876,0.000191206246771,0.002477412,0.2008417729033635,-0.8816121654303162,2.218023349103957
63298743,20260207,6.849315068493151,28.08,0.3764911899999997,0.0,13.412026985279534,0.0,5.04951,0.0,14493,0,0.02115457597431032,0.0,0.7372284599999999,0.0,-0.5223637113504439,-1.0
63302969,20260207,1000.0,20.0,4.725168639999996,0.0,15.126380759184936,0.0,71.4747,0.0,28237,0,0.0008841939797027114,0.0,0.0714747,0.0,-0.24368096204075318,-1.0
63304451,20260207,884.4620500000002,28.53,3.3237044899999986,0.0,18.87653074717242,0.0,62.74001,0.0,19981,0,0.002316154309825196,0.0,0.07093578520412491,0.0,-0.33836204881975396,-1.0
63305006,20260207,1000.0,12.0,8.843033169999998,0.0,8.440567683633377,0.0,74.64022,0.0,49568,0,0.01529215770963164,0.0,0.07464022,0.0,-0.2966193596972186,-1.0
63311767,20260207,1000.0,12.0,0.9559277099999997,0.0,6.866314190222608,0.0,6.5637,0.0,2665,0,0.009579439252336449,0.0,0.0065637,0.0,-0.42780715081478266,-1.0
63316232,20260207,126.52847,36.0,2.6108107399999985,0.0,32.71654995566628,0.0,85.41672,0.0,184079,0,0.08173297220495515,0.0,0.6750790553303933,0.0,-0.09120694567593664,-1.0
63317909,20260207,114.94252873563218,11.5,1.4736124399999986,0.0,5.083527932215343,0.0,7.491149999999999,0.0,26542,0,0.006626388715516165,0.0,0.06517300499999999,0.0,-0.5579540928508397,-1.0
63333434,20260207,1000.0,22.2,0.7047265799999984,0.0,11.988763074609755,0.0,8.448799999999999,0.0,17261,0,0.013412852591498952,0.0,0.0084488,0.0,-0.4599656272698308,-1.0
63335323,20260207,15.89825119236884,13.0,0.1714528099999994,0.8432952037381058,5.1501634764691415,18.852511683362994,0.8830100000000001,15.8982515335083,1585,1,0.0023960695389266817,0.5,0.05554132900000001,0.9999999403953552,-0.6038335787331429,0.450193206412538
63336283,20260207,1000.0,12.0,0.1539623499999997,1.0797733708,7.6086783554550985,19.546916995596465,1.1714499999999999,21.10626,11296,5,0.061026472177201516,0.0041964075613773,0.0011714499999999999,0.0211062599999999,-0.3659434703787418,0.6289097496330388
63336654,20260207,370.3703703703704,22.0,5.149750259999998,0.0,11.6326184718713,0.0,59.90508,0.0,94138,0,0.0008275467999349482,0.0,0.16174371599999998,0.0,-0.4712446149149409,-1.0
63346965,20260207,139.99414000000007,12.0,22.4187794,0.0,5.402917698543392,0.0,121.12682000000001,0.0,130044,0,0.010297415431394907,0.0,0.8652277873916718,0.0,-0.5497568584547173,-1.0
63360454,20260207,1000.0,22.01,0.0619317599999995,0.4962692948,7.273650869925279,20.82308795888059,0.45047,10.33388,1797,6,0.004085019322573312,0.0011031641466424,0.00045046999999999996,0.0103338799999999,-0.6695297196762708,-0.0539260453275127
63371100,20260207,1.32579105532968,26.0,0.023680179999999697,0.0215384535,0.0,59.42212043587829,0.0,1.2799200000000002,22269,3,0.011053807207386081,0.0002808893844932,0.0,0.9654003368919204,-1.0,1.2854661706107036
63374999,20260207,500.0,10.0,0.4245971199999996,9.3286228083,2.197824610774564,50.67985050263871,0.93319,472.7732600000001,15243,344,0.0021201752555810556,0.005221229957797,0.00186638,0.94554652,-0.7802175389225436,4.067985050263871
63377282,20260207,1000.0,28.0,0.0134913799999999,0.0,0.0,0.0,0.0,0.0,6494,0,0.06069158878504673,0.0,0.0,0.0,-1.0,-1.0
63377702,20260207,23.80952380952381,25.93,0.00267095,0.0,0.0,0.0,0.0,0.0,1387,0,0.0034086999262718113,0.0,0.0,0.0,-1.0,-1.0
63378800,20260207,376.11769,28.6,27.498617760000002,0.0,13.593646533890364,0.0,373.80649000000005,0.0,265565,0,0.02248530980644506,0.0,0.9938551148710928,0.0,-0.524697673640197,-1.0
63381071,20260207,1000.0,19.41,20.43495700999999,0.0,8.9418617279489,0.0,182.72656,0.0,10808951,0,0.3924533802919178,0.0,0.18272656,0.0,-0.5393167579624472,-1.0
63383639,20260207,1000.0,23.0,10.404426669999998,0.0,16.561577630879686,0.0,172.31372,0.0,64988,0,0.0025482792018100046,0.0,0.17231371999999998,0.0,-0.2799314073530571,-1.0
63385982,20260207,166.66666666666666,44.0,5.198072819999998,0.0,13.756742638322644,0.0,71.50855,0.0,1176471,0,0.02329082875028211,0.0,0.4290513,0.0,-0.68734675821994,-1.0
63387460,20260207,1000.0,20.0,1.3358856599999989,0.0,9.48619360132963,0.0,12.672469999999999,0.0,14065,0,0.0023212252240357796,0.0,0.012672469999999998,0.0,-0.5256903199335186,-1.0
63392724,20260207,1000.0,12.0,0.5881267999999983,0.0,3.039599623754614,0.0,1.7876699999999999,0.0,5190,0,0.013175932977913175,0.0,0.0017876699999999999,0.0,-0.746700031353782,-1.0
63395435,20260207,166.66666666666666,34.0,0.5034334099999986,0.0400752375,7.193126097848789,38.443978180336906,3.62126,1.54069,76757,1,0.020294273174342976,1.995530012771392e-05,0.02172756,0.0092441397178912,-0.7884374677103297,0.1307052405981442
63396395,20260207,35.40957,45.67,1.5490944399999982,0.0,18.730530076655647,0.0,29.01536,0.0,224889,0,0.17834179222839017,0.0,0.8194214163007345,0.0,-0.5898723434058322,-1.0
63400025,20260207,37.5,12.3,0.173732089999999,1.6634652223149904,5.323599111712783,22.543289125409768,0.9248799999999999,37.49999999999999,9486,55,0.001108656779215315,0.1452302631578947,0.024663466666666665,0.9999999999999996,-0.5671870640883917,0.8327877053522972
63400580,20260207,62.5,12.3,2.7837648,0.0,10.22704576191207,0.0,28.46969,0.0,308398,0,0.023964224382435447,0.0,0.45551504,0.0,-0.16853286488519761,-1.0
63400716,20260207,72.28915662650603,20.0,0.3840823499999987,0.0089213157,8.020701810432087,77.6020512253338,3.08061,0.69239,2073,1,0.007148275862068966,0.000534188034188,0.042615105,0.0095780620076824,-0.5989649094783956,2.88010256126669
63402273,20260207,1.6937669376693767,48.0,0.0148208899999999,0.0347099310462194,0.0,48.79635609040954,0.0,1.693766951560974,142431,3,0.10401738114365004,0.0006376343172788,0.0,0.9999994369510052,-1.0,0.016590751883532
63406884,20260207,988.0561600000004,23.0,31.67529463999999,0.0,22.184647624796344,0.0,702.7052500000002,0.0,160685,0,0.0039596116409157,0.0,0.7111997054904247,0.0,-0.035450103269724156,-1.0
63417058,20260207,4.0387200000000005,17.27,0.07157956999999951,0.0860761798173108,15.816663888872311,46.9197543354945,1.13215,4.03872013092041,12348,8,0.05119402985074627,0.0544913419913419,0.2803239640282069,0.99999976386725,-0.08415379913883547,1.7168357320107586
63418435,20260207,1.7391304347826086,17.27,0.0111358899999997,0.0477224822,88.58384915799515,18.83684841421735,0.98646,0.89896,2594,4,0.0029215001689379435,0.0005118150585282,0.5672145000000001,0.5169017334957126,4.129348532599604,0.0907265729543919
63423338,20260207,1000.0,15.5,0.887547869999999,0.0,14.683433356670683,0.0,13.032250000000001,0.0,6657,0,0.020295731707317074,0.0,0.01303225,0.0,-0.05268171892447206,-1.0
63423732,20260207,114.94252873563218,11.5,0.3046941499999983,4.5819460179,5.677857615579458,20.06288148703475,1.73001,91.92706,4741,51,0.002625138427464009,0.0069514631501737,0.015051087000000001,0.7997654287118986,-0.5062732508191775,0.7445983901769349
63425723,20260207,243.00836,27.5,14.681358509999999,0.0,16.26848086553538,0.0,238.84340000000003,0.0,111832,0,0.021381565110987898,0.0,0.982860836557228,0.0,-0.40841887761689527,-1.0
63425781,20260207,21.27659574468085,27.5,0.7513968699999993,0.0,11.601911517145403,0.0,8.71764,0.0,50204,0,0.012421198475926567,0.0,0.40972907999999997,0.0,-0.5781123084674399,-1.0
63428371,20260207,52.63157894736842,10.0,3.9220124899999997,0.0,4.672942793203599,0.0,18.32734,0.0,6159,0,0.008650280898876404,0.0,0.34821946000000004,0.0,-0.5327057206796402,-1.0
63437499,20260207,1000.0,23.0,1.5970414799999997,0.0,31.52378359014195,0.0,50.34479,0.0,10556,0,0.0006314907872696817,0.0,0.05034479,0.0,0.37059928652791085,-1.0
63450741,20260207,77.27272727272727,21.92,0.8908534999999991,0.0,2.565438649564718,0.0,2.28543,0.0,1595,0,0.11557971014492753,0.0,0.02957615294117647,0.0,-0.882963565257084,-1.0
63459526,20260207,1000.0,11.82,7.652120039999999,0.0,7.4657741516558875,0.0,57.129000000000005,0.0,19060,0,0.007965563356736878,0.0,0.057129000000000006,0.0,-0.3683778213489097,-1.0
63461105,20260207,0.8063703255720189,33.0,0.0147580499999998,0.0040823036,0.0,33.47289679856281,0.0,0.13668,6950,1,0.03683094859565448,0.0003611412062116,0.0,0.1695000736125793,-1.0,0.0143302060170547
63461403,20260207,7.76066,25.0,0.1303049099999993,0.295590089584237,28.85992553926034,26.254716210913287,3.76059,7.760660171508789,108803,43,0.03164441729924672,0.07439446366782,0.48457089989768914,0.9999998771142946,0.15439702157041368,0.0501886484365314
63463244,20260207,1000.0,36.49,2.4433357199999985,0.0,46.379062472839415,0.0,113.31962,0.0,10343,0,0.007451192277213458,0.0,0.11331962,0.0,0.2710074670550675,-1.0
63471771,20260207,33.333333333333336,11.0,2.1988669999999995,0.0,11.77652400076949,0.0,25.89501,0.0,1281,0,0.0014328859060402685,0.0,0.7768502999999999,0.0,0.07059309097904451,-1.0
63488641,20260207,1884.9242100000013,20.6,28.056852819999996,0.0,19.022322048164778,0.0,533.70649,0.0,92500,0,0.006170286568119964,0.0,0.28314480081933885,0.0,-0.0765863083415157,-1.0
63494257,20260207,83.03227000000001,11.0,14.871869980000005,0.0,5.067624992778478,0.0,75.36506,0.0,51983,0,0.002313429846774158,0.0,0.9076598772983081,0.0,-0.5393068188383201,-1.0
63494470,20260207,58.7649,10.5,0.40920028999999974,4.364805007701259,6.277219402752627,13.463347535683098,2.5686400000000003,58.76490020751952,1300,10,0.00012331391929578268,0.0284900284900284,0.04371044620172927,1.0,-0.40216958069022596,0.2822235748269617
63501118,20260207,1000.0,15.36,0.4264734999999989,0.0,7.775231051870769,0.0,3.31593,0.0,16886,0,0.04375745011661052,0.0,0.00331593,0.0,-0.49380006172716345,-1.0
63517708,20260207,2000.0,15.0,0.34900786999999933,0.9366732785,0.0,33.8627746358042,0.0,31.71839,2029,12,0.013954607977991747,0.0076870573581099,0.0,0.015859195,-1.0,1.2575183090536133
63520550,20260207,1000.0,25.3,0.8662697799999988,0.0,11.146215905165263,0.0,9.65563,0.0,31832,0,0.007775470822443147,0.0,0.00965563,0.0,-0.559438106515207,-1.0
63523189,20260207,1000.0,18.66,0.5611918599999988,0.0,10.00761130070563,0.0,5.61619,0.0,27816,0,0.027983903420523138,0.0,0.005616189999999999,0.0,-0.4636864254712953,-1.0
63530858,20260207,731.0965000000001,13.27,20.323064679999995,0.0,11.184759955209671,0.0,227.30859999999998,0.0,13044,0,1.344742268041237,0.0,0.31091463302040145,0.0,-0.1571394155832953,-1.0
63533809,20260207,2000.0,18.0,6.488862299999999,0.0,9.62495074059439,0.0,62.454980000000006,0.0,1746866,0,0.06095455100580979,0.0,0.031227490000000004,0.0,-0.4652805144114228,-1.0
63534270,20260207,2000.0,15.0,0.971887609999999,1.4662968895999997,13.00418882796542,64.71962530471069,12.63861,94.89825000000002,620602,17,0.09342757354048113,0.0003340337512888,0.006319305,0.047449125,-0.1330540781356387,3.3146416869807127
63541222,20260207,468.76926,17.6,0.7891167299999984,11.900827362999998,174.5205554062962,8.84347445041797,137.71709,105.24467156699998,25442,130,0.041194948186528496,0.019994080581829,0.2937843876537468,0.2245127428624159,8.915940648085012,-0.497529871662453
63541909,20260207,312.5,26.0,23.84098275999999,0.0,10.391828746911944,0.0,247.75140999999996,0.0,6515232,0,0.08059416130628402,0.0,0.7928045119999999,0.0,-0.6003142789649252,-1.0
63548375,20260207,1000.0,18.08,0.18686605999999947,0.0,13.590536451616773,0.0,2.5396099999999997,0.0,2795,0,0.008013188073394495,0.0,0.00253961,0.0,-0.24831103696809878,-1.0
63557880,20260207,197.3684210526316,25.75,12.6591705,0.0,13.65377376029496,0.0,172.84545000000003,0.0,29478,0,0.06263918402039949,0.0,0.8757502800000001,0.0,-0.4697563588234967,-1.0
63558513,20260207,1000.0,30.39,0.0284800699999999,0.0,24.025924093585534,0.0,0.6842600000000001,0.0,3497,0,0.053389312977099236,0.0,0.0006842600000000001,0.0,-0.20941348820054184,-1.0
63559570,20260207,1000.0,33.45,5.341683049999997,0.0,23.87749119633747,0.0,127.54599,0.0,187286,0,0.010673634778247638,0.0,0.12754599,0.0,-0.28617365631278124,-1.0
63559834,20260207,315.59441000000004,15.4,13.990619959999998,0.0,22.228635392080225,0.0,310.99239,0.0,138984,0,0.02254111388627591,0.0,0.98541792929729,0.0,0.44341788260261195,-1.0
63560778,20260207,65.36903000000001,10.0,0.10663860999999959,4.515541382495549,14.370404865554848,14.476452278884349,1.53244,65.36903381347655,3387,33,0.0012009786539961705,0.2307692307692307,0.023442905608359186,0.9999999999999998,0.4370404865554848,0.4476452278884348
63572499,20260207,1000.0,18.54,5.736335839999997,0.0,11.17819489453045,0.0,64.12188,0.0,29393,0,0.0075328036904151715,0.0,0.06412188,0.0,-0.3970768665301807,-1.0
63574326,20260207,1000.0,11.0,0.2076069899999985,2.0101063005,3.3728151446153385,81.11578917177312,0.7002200000000001,163.05144,2116,5,0.0024742750233863425,0.0007900242027578,0.0007002200000000001,0.16305144,-0.6933804413986056,6.374162651979375
63576343,20260207,1000.0,18.08,0.0782647799999994,0.0,10.709542657629733,0.0,0.8381799999999999,0.0,1868,0,0.005077466702908399,0.0,0.0008381799999999999,0.0,-0.40765803884791296,-1.0
63576544,20260207,0.8063703255720189,33.0,0.012353309999999802,0.0050669345,14.293335146612757,46.206200968066966,0.17657,0.23417,12911,1,0.0519975835682642,0.0003974562798092,0.21896887125,0.2903997090858773,-0.5668686319208256,0.4001879081232414
63577289,20260207,1000.0,10.01,0.00039359999999999997,8.511834723099996,0.0,37.805485264088624,0.0,321.79408,4114,137,0.04968599033816425,0.0888805217591337,0.0,0.32179408,-1.0,2.7767716682971217
63585050,20260207,67.94634,20.0,0.3353909899999996,0.0,17.5320750268217,0.0,5.8801000000000005,0.0,2035,0,0.0022062012142237642,0.0,0.08654034934037654,0.0,-0.12339624865891494,-1.0
63585819,20260207,104.16666666666669,20.0,1.9629655399999975,0.0,19.71715713358883,0.0,38.704100000000004,0.0,36527,0,0.001641928581703107,0.0,0.37155935999999995,0.0,-0.014142143320558454,-1.0
63585859,20260207,106.96745000000004,20.0,5.668696339999999,0.0,18.016849708340526,0.0,102.13204999999999,0.0,113001,0,0.006919883159113038,0.0,0.9547955943607139,0.0,-0.09915751458297369,-1.0
63592846,20260207,1000.0,22.0,0.1877847999999994,0.0,11.101803766865086,0.0,2.08475,0.0,5571,0,0.0018148944487881157,0.0,0.0020847500000000002,0.0,-0.49537255605158703,-1.0
63596498,20260207,524.1248999999999,24.0,1.3448374800000003,0.0,28.736528074752943,0.0,38.64596000000001,0.0,10764,0,0.000396654014813723,0.0,0.0737342568536622,0.0,0.1973553364480393,-1.0
63599957,20260207,1000.0,36.05,0.07052639999999971,0.0,18.042179949635955,0.0,1.27245,0.0,1402,0,0.0015661304736371761,0.0,0.00127245,0.0,-0.49952344106418983,-1.0
63610006,20260207,2000.0,18.0,0.529217199999999,1.1561515234,15.002176799998214,27.54564761606436,7.9394100000000005,31.84697,64840,60,0.043287268843046935,0.0037789400171244,0.0039697050000000005,0.015923485,-0.16654573333343256,0.5303137564480198
63612668,20260207,2000.0,15.0,0.4373678399999993,1.3704585383999996,1.6438565761945396,165.9064668669098,0.71897,227.36810000000003,112188,110,0.07312475557293703,0.0050183333227802,0.000359485,0.11368405,-0.8904095615870307,10.060431124460653
63614842,20260207,1000.0,10.01,0.0895118499999998,15.0025590962,11.244991584913086,13.576701769159484,1.0065600000000001,203.6852842,1927,56,0.013135650988411724,0.0472862742424512,0.00100656,0.2036852842,0.12337578270859999,0.3563138320403481
63615646,20260207,81.49904000000001,20.0,0.30864491999999943,0.6490703949,14.896049479771152,19.69526018315678,4.59759,12.78363,3548,3,0.0016356260372487553,0.0001344086021505,0.056412811733733303,0.156856205968747,-0.2551975260114424,-0.015236990842161
63617797,20260207,1000.0,42.0,0.5115784799999996,0.0,33.68474373667949,0.0,17.232390000000002,0.0,7869,0,0.005602705589177644,0.0,0.017232390000000004,0.0,-0.19798229198382158,-1.0
63621861,20260207,1000.0,23.0,1.069345609999999,0.0,30.21282333594658,0.0,32.30795,0.0,5607,0,0.001464503996238834,0.0,0.032307949999999995,0.0,0.3136010146063731,-1.0
63623050,20260207,85.65348999999999,25.0,2.660454639999999,0.0,16.851288996229613,0.0,44.83209,0.0,38445,0,0.01309033334468317,0.0,0.5234122976191631,0.0,-0.3259484401508155,-1.0
63623138,20260207,37.101850000000006,25.0,0.3890167799999993,0.0,17.54309929767043,0.0,6.824559999999999,0.0,22824,0,0.011059211163872469,0.0,0.1839412320409898,0.0,-0.29827602809318277,-1.0
63623552,20260207,23.47515,25.0,0.7338591299999992,0.0,6.39203057949283,0.0,4.690849999999999,0.0,32235,0,0.005635982166273276,0.0,0.19982193936992945,0.0,-0.7443187768202868,-1.0
63623668,20260207,23.80952380952381,25.0,0.22626095999999962,0.0,8.588755214333059,0.0,1.9433000000000002,0.0,26480,0,0.014940194087113518,0.0,0.08161860000000001,0.0,-0.6564497914266777,-1.0
63623744,20260207,91.2677,25.0,0.8465259399999996,0.0,23.216075339640522,0.0,19.653010000000002,0.0,5636,0,0.002809431234734061,0.0,0.21533368321980284,0.0,-0.07135698641437913,-1.0
63624347,20260207,166.66666666666666,35.0,1.5245267499999986,0.0,15.194721903043039,0.0,23.164759999999998,0.0,7431,0,0.03205780845556514,0.0,0.13898855999999998,0.0,-0.5658650884844846,-1.0
63624431,20260207,1000.0,38.5,10.820987509999997,0.0,20.817467887457166,0.0,225.26556000000002,0.0,137793,0,0.20260696956329952,0.0,0.22526556000000003,0.0,-0.45928654837773597,-1.0
63624433,20260207,1045.55126,38.5,37.189085069999976,0.0,19.284177834708974,0.0,717.16093,0.0,495721,0,0.28145176858002613,0.0,0.6859165661566895,0.0,-0.49911226403353315,-1.0
63624751,20260207,434.7826086956522,42.0,0.7637385299999984,0.1054818317,26.10380282896038,50.89937303986882,19.93648,5.36901,16639,6,0.0169889728405146,0.0007285459810952,0.045853904,0.0123487225854615,-0.37848088502475286,0.2118898342825909
63625403,20260207,119.04761904761904,24.0,3.80856712,0.0,25.47873962636111,0.0,97.03749000000002,0.0,44188,0,0.001990020175817841,0.0,0.8151149160000002,0.0,0.061614151098379644,-1.0
63627097,20260207,1000.0,30.0,0.6938685999999983,0.1225525726,1.2967584928904436,187.70174962651396,0.8997799999999999,23.00352,52608,1,0.688586387434555,0.000852514919011,0.0008997799999999999,0.02300352,-0.9567747169036519,5.256724987550465
63631007,20260207,10.416666666666666,10.4,0.0313070299999997,0.5207663873088345,2.5974996670077224,20.0025332584443,0.08132,10.416666984558104,7460,22,0.0013101510361784334,0.0661616293208268,0.0078067200000000005,0.9999999084472768,-0.7502404166338729,0.9233205761666224
63634169,20260207,1000.0,12.0,7.828716789999996,0.0,2.8161843877354014,0.0,22.047109999999996,0.0,33681,0,0.002161490922392715,0.0,0.022047109999999995,0.0,-0.7653179676887166,-1.0
63636525,20260207,1000.0,20.0,3.5062172199999977,0.0,10.43995500084847,0.0,36.604749999999996,0.0,22037,0,0.004973032744341389,0.0,0.03660475,0.0,-0.47800224995757656,-1.0
63638721,20260207,1000.0,30.2,1.7043895799999988,0.0,17.99136791249335,0.0,30.664299999999997,0.0,60229,0,0.011499131298088857,0.0,0.0306643,0.0,-0.40425934064591557,-1.0
63638728,20260207,1000.0,30.2,4.311500569999999,0.0,21.958619386196673,0.0,94.67459999999998,0.0,381242,0,0.023354263276220113,0.0,0.09467459999999998,0.0,-0.27289339780805716,-1.0
63638938,20260207,1000.0,36.08,0.10309321999999971,0.0,13.866188290558817,0.0,1.42951,0.0,3419,0,0.005704989154013016,0.0,0.0014295100000000002,0.0,-0.6156821427228709,-1.0
63639183,20260207,1000.0,34.1,0.039602299999999896,0.0,14.820856364403117,0.0,0.58694,0.0,1549,0,0.02073627844712182,0.0,0.00058694,0.0,-0.5653707811025479,-1.0
63639547,20260207,1000.0,35.0,0.0711344499999999,0.0,16.6570487295537,0.0,1.1848899999999998,0.0,9561,0,0.03293489493627282,0.0,0.0011848899999999999,0.0,-0.5240843220127515,-1.0
63639568,20260207,1000.0,35.0,5.76262225,0.0,29.411028980773466,0.0,169.48465,0.0,439392,0,0.03191979949874687,0.0,0.16948465,0.0,-0.15968488626361527,-1.0
63639572,20260207,1000.0,35.0,1.8767961799999995,0.0,19.813589987166328,0.0,37.18607,0.0,146818,0,0.018123441550425872,0.0,0.03718607,0.0,-0.4338974289381049,-1.0
63645523,20260207,111.24086,12.3,20.94655676999999,0.0,5.061078112457719,0.0,106.01216,0.0,924647,0,0.07352940708696482,0.0,0.9529965877646037,0.0,-0.588530234759535,-1.0
63645554,20260207,62.5,12.3,0.309572549999999,3.600793030287808,6.603298645180287,17.357282719946202,2.0442,62.500000000000014,49582,302,0.009984293193717278,0.1178457222479118,0.0327072,1.0000000000000002,-0.46314645161135887,0.4111611748608592
63645608,20260207,62.5,12.3,3.618889709999998,0.0,5.432796126854059,0.0,19.66069,0.0,182073,0,0.0726925380285064,0.0,0.31457103999999997,0.0,-0.5583092579793448,-1.0
63645835,20260207,62.5,12.3,2.190383879999999,0.0,4.473608525643462,0.0,9.79892,0.0,425060,0,0.03458021477383664,0.0,0.15678272000000001,0.0,-0.6362919897850844,-1.0
63650940,20260207,2000.0,15.0,3.231039879999998,0.0,12.081098175736543,0.0,39.03451,0.0,98586,0,0.006995983479754183,0.0,0.019517254999999997,0.0,-0.19459345495089717,-1.0
63650951,20260207,2000.0,15.0,3.228901949999999,0.0,7.154506503364095,0.0,23.101200000000002,0.0,177265,0,0.0223244420935973,0.0,0.011550600000000001,0.0,-0.523032899775727,-1.0
63652316,20260207,188.16694,10.0,23.739062800000003,0.0,4.659807378747908,0.0,110.61946,0.0,12354,0,0.0032140069722670275,0.0,0.5878793586163436,0.0,-0.5340192621252091,-1.0
63656523,20260207,8.51284,48.0,0.08668503999999919,0.0,37.584916613063,0.0,3.25805,0.0,2767,0,0.007919290211791642,0.0,0.38272186485356235,0.0,-0.21698090389452082,-1.0
63657517,20260207,1000.0,22.0,2.9143161699999984,0.0,14.092887526338647,0.0,41.07113,0.0,12712,0,0.0003755136283206754,0.0,0.04107113,0.0,-0.3594142033482433,-1.0
63663934,20260207,2.1367521367521367,21.0,0.01623013,0.0,22.84085216815885,0.0,0.37071,0.0,1186,0,0.0030201171377641964,0.0,0.17349228,0.0,0.08765962705518335,-1.0
63665246,20260207,1000.0,30.0,0.4747129299999995,0.0,15.489656032752272,0.0,7.353139999999999,0.0,76393,0,0.03200242972644632,0.0,0.007353139999999999,0.0,-0.48367813224159095,-1.0
63665437,20260207,1000.0,30.2,13.408579269999993,0.0,15.393079001426534,0.0,206.39932000000002,0.0,574208,0,0.058646512102951694,0.0,0.20639932000000002,0.0,-0.49029539730375715,-1.0
63665441,20260207,1000.0,30.2,3.5299054999999977,0.0,13.333334277645685,0.0,47.06541,0.0,221445,0,0.039142538975501115,0.0,0.04706541,0.0,-0.5584988649786197,-1.0
63665444,20260207,1000.0,30.2,3.5630725699999983,0.0,15.767801215454904,0.0,56.18182,0.0,321322,0,0.015549920392568682,0.0,0.05618182,0.0,-0.4778873769716919,-1.0
63666595,20260207,1000.0,20.0,1.5735898499999985,0.0,7.530774299287715,0.0,11.850349999999999,0.0,27333,0,0.0013065300210800036,0.0,0.011850349999999999,0.0,-0.6234612850356143,-1.0
63675336,20260207,1000.0,36.05,4.888550489999998,0.0,23.228668750028607,0.0,113.55452,0.0,171703,0,0.004073444075935073,0.0,0.11355451999999999,0.0,-0.3556541262127986,-1.0
63675362,20260207,1000.0,34.86,1.4007500399999986,0.0,28.292264050194166,0.0,39.63039,0.0,24330,0,0.00813848469643753,0.0,0.03963039,0.0,-0.18840321141152705,-1.0
63675427,20260207,1000.0,34.85,0.1049685599999992,0.0,18.840784326278413,0.0,1.97769,0.0,2304,0,0.0032089136490250697,0.0,0.00197769,0.0,-0.4593749117280226,-1.0
63686060,20260207,1000.0,38.46,0.033940119999999796,0.0,13.901836528568634,0.0,0.47183,0.0,1848,0,0.0033363423000541616,0.0,0.00047183,0.0,-0.6385377917688863,-1.0
63701114,20260207,166.66666666666666,34.0,0.10341095999999951,0.0354768788,16.52697160919895,49.42375528945095,1.70907,1.75345,24190,4,0.0056870812272246385,0.0009998562041647,0.010254420000000002,0.0105206996789337,-0.5139125997294427,0.4536398614544397
63701115,20260207,166.66666666666666,34.0,1.0170834799999982,0.1687322331,21.73359457180451,46.87043479640408,22.10488,7.9086,317627,3,0.0073764160539528745,7.783797247649293e-06,0.13262928000000002,0.0474515985518921,-0.36077663024104384,0.3785421998942375
63701441,20260207,1000.0,36.05,0.2813880899999992,0.0,29.27586594016834,0.0,8.23788,0.0,5351,0,0.0011830120268836223,0.0,0.008237880000000001,0.0,-0.18790940526578798,-1.0
63707198,20260207,1000.0,31.53,0.28251825999999913,0.0,39.9191188562468,0.0,11.27788,0.0,8643,0,0.0017044647787331387,0.0,0.01127788,0.0,0.2660678355929843,-1.0
63707818,20260207,5.59174,15.0,0.0957549899999994,0.1162170793426145,21.719285856538782,48.114201878122174,2.0797299999999996,5.591740131378174,2019,2,0.06641447368421052,0.3333333333333333,0.3719289523475698,0.999999829449486,0.44795239043591883,2.2076134585414784
63708168,20260207,1000.0,10.01,0.08658829999999959,18.968625408300003,6.560008684776147,14.718451615338727,0.5680199999999997,279.18881000000005,1442,107,0.008593563766388557,0.0454072800453535,0.0005680199999999997,0.27918881,-0.34465447704533997,0.4703747531265389
63711027,20260207,1000.0,29.95,0.0126712699999998,0.0,238.15844820606355,0.0,3.0177699999999996,0.0,1269,0,0.003895027624309392,0.0,0.0030177699999999995,0.0,6.951868053624827,-1.0
63712035,20260207,59.29753,27.0,3.042648139999999,0.0,19.37017600727241,0.0,58.93663,0.0,50946,0,0.0514034910705277,0.0,0.9939137431188112,0.0,-0.2825860738047256,-1.0
63712496,20260207,2000.0,20.0,16.819040249999993,0.0,10.369814650987594,0.0,174.41033,0.0,528273,0,0.027510493370689386,0.0,0.08720516499999999,0.0,-0.4815092674506203,-1.0
63713425,20260207,1000.0,30.45,1.0893592299999995,0.0,20.33258578990515,0.0,22.149490000000004,0.0,35785,0,0.020940370998888173,0.0,0.022149490000000004,0.0,-0.3322631924497488,-1.0
63713531,20260207,1000.0,31.5,0.7566933199999988,0.0,21.502885739760497,0.0,16.27109,0.0,33282,0,0.003938651613590372,0.0,0.016271090000000002,0.0,-0.3173687066742699,-1.0
63736256,20260207,500.0,13.0,10.698062729999997,0.0,6.3182336564967985,0.0,67.59286,0.0,29176,0,0.04695204377212745,0.0,0.13518572,0.0,-0.5139820264233232,-1.0
63740865,20260207,1000.0,32.3,0.2595279799999977,0.0,14.968135612969492,0.0,3.88465,0.0,11269,0,0.02029353502611201,0.0,0.0038846500000000003,0.0,-0.5365902287006349,-1.0
63761622,20260207,1000.0,40.0,18.74194842,0.0,43.66644447311951,0.0,818.3942499999999,0.0,48158,0,0.0031624846498860644,0.0,0.81839425,0.0,0.09166111182798779,-1.0
63769208,20260207,72.71365000000002,12.0,0.19943325999999917,4.762588216812516,3.179610061029954,15.267672741492202,0.63412,72.71365356445314,1139,18,7.967597968577304e-05,0.0134529147982062,0.008720783511761546,1.0000000000000002,-0.7350324949141704,0.2723060617910168
63769423,20260207,161.29032258064515,10.57,3.8894000799999984,0.0,6.894304892388446,0.0,26.81471,0.0,80688,0,0.01269018448327383,0.0,0.16625120200000001,0.0,-0.3477478815148112,-1.0
63775060,20260207,2944.59903,40.0,46.15729392,0.0,29.309820509512225,0.0,1352.8619999999999,0.0,90473,0,0.03990340934150752,0.0,0.4594384451726183,0.0,-0.26725448726219436,-1.0
63775265,20260207,1000.0,35.0,0.25472956999999946,0.0,22.000547482571466,0.0,5.60419,0.0,90912,0,0.11241746012118214,0.0,0.00560419,0.0,-0.37141292906938667,-1.0
63775313,20260207,10.31746,35.0,0.0838143999999999,0.0,20.138782834453295,0.0,1.68792,0.0,4648,0,0.002767819924968737,0.0,0.16359840503379708,0.0,-0.42460620472990585,-1.0
63777240,20260207,1000.0,31.86,1.0178924899999986,0.0,17.526408903950184,0.0,17.84,0.0,45926,0,0.003431256817536572,0.0,0.017839999999999998,0.0,-0.44989300364249263,-1.0
63778195,20260207,172.21994,11.9,1.6319999099999987,0.0,0.6056985628142595,0.0,0.9885,0.0,275730,0,0.014598544010589014,0.0,0.00573975348034612,0.0,-0.9491009611080454,-1.0
63778231,20260207,86.95652173913044,11.9,1.2184025999999986,0.3727860290999999,3.4808527164994603,32.018898374272865,4.24108,11.93623,161388,13,0.10263800559654032,0.0019107390430919,0.048772420000000004,0.1372666476181535,-0.7074913683613898,1.6906638151831643
63778991,20260207,1000.0,35.43,0.5420475799999995,0.0,23.998188498507847,0.0,13.00816,0.0,24893,0,0.005960539233292627,0.0,0.01300816,0.0,-0.3226590883853275,-1.0
63792158,20260207,846.3299899999997,34.0,17.75001759,0.0,11.334654119630088,0.0,201.19031,0.0,18890,0,0.0061321214088621975,0.0,0.23772088000804517,0.0,-0.6666278200108797,-1.0
63792540,20260207,0.8063703255720189,33.0,0.0018740500000000002,0.0,0.0,0.0,0.0,0.0,1371,0,0.010976781425140112,0.0,0.0,0.0,-1.0,-1.0
63793115,20260207,13.157894736842104,19.23,0.8729048300000002,0.0029987856,2.003803782366515,51.51701508267791,1.74913,0.15454,1025,1,0.08686440677966102,0.0084745762711864,0.13293388,0.011745038835102,-0.8957980352383508,1.6789920077495126
63793364,20260207,56.66666666666666,32.0,0.6381336399999991,0.0,17.258782972168678,0.0,11.01341,0.0,106341,0,0.0077744310330962185,0.0,0.1943542941176471,0.0,-0.4606630321197288,-1.0
63793948,20260207,1000.0,15.05,1.001926469999999,0.0,7.307871604589912,0.0,7.321949999999999,0.0,29248,0,0.009765283296050215,0.0,0.007321949999999999,0.0,-0.5144271359076471,-1.0
63795874,20260207,40.54054054054054,17.0,0.485676569999999,0.0,8.577560165193903,0.0,4.16592,0.0,2382,0,0.0022972321342463113,0.0,0.10275936,0.0,-0.4954376373415351,-1.0
63798182,20260207,1000.0,15.4,2.7928968899999975,0.0,7.1213835609949845,0.0,19.88929,0.0,23253,0,0.006334586466165413,0.0,0.01988929,0.0,-0.5375724960392868,-1.0
63798620,20260207,1000.0,15.0,1.3629326299999986,0.0,9.287869203043448,0.0,12.658739999999998,0.0,30468,0,0.017411280644608264,0.0,0.012658739999999998,0.0,-0.3808087197971035,-1.0
63801044,20260207,750.0,12.0,10.220424519999998,0.0,8.865229602028315,0.0,90.60641000000001,0.0,520350,0,0.05984336185481645,0.0,0.12080854666666668,0.0,-0.26123086649764043,-1.0
63805495,20260207,896.1630500000002,18.02,2.5270412799999984,0.0,9.404361609795316,0.0,23.76521,0.0,14689,0,0.007788854128002546,0.0,0.026518846096142877,0.0,-0.4781153379691833,-1.0
63807604,20260207,1000.0,22.0,0.16320020999999948,0.0,10.508993830338854,0.0,1.7150699999999999,0.0,14590,0,0.024063994722084776,0.0,0.00171507,0.0,-0.5223184622573248,-1.0
63811082,20260207,1000.0,27.67,0.020046869999999897,0.0,20.929451829637344,0.0,0.41956999999999983,0.0,1634,0,0.003588842521414452,0.0,0.0004195699999999998,0.0,-0.24360492122741806,-1.0
63821686,20260207,1000.0,24.0,0.09226331999999911,0.0,6.854294859539047,0.0,0.6324000000000001,0.0,1604,0,0.0003157356009605921,0.0,0.0006324000000000001,0.0,-0.7144043808525398,-1.0
63822517,20260207,1000.0,25.0,0.32362780999999885,0.0,4.927728553365069,0.0,1.59475,0.0,2689,0,4.2486964765365774e-05,0.0,0.0015947499999999998,0.0,-0.8028908578653972,-1.0
63822518,20260207,1000.0,25.0,0.12756324999999918,0.0,9.43359470693956,0.0,1.2033800000000001,0.0,1706,0,0.002953601108033241,0.0,0.0012033800000000002,0.0,-0.6226562117224176,-1.0
63824197,20260207,1000.0,10.01,3.470039719999999,0.0,8.684750732478651,0.0,30.136430000000004,0.0,32672,0,0.004807746074723723,0.0,0.030136430000000006,0.0,-0.13239253421791694,-1.0
63824247,20260207,1.1217500000000002,18.58,0.1343322499999995,0.0,8.75433858957923,0.0,1.17599,0.0,43501,0,0.22331108829568788,0.0,1.048353019835079,0.0,-0.5288300005608595,-1.0
63825190,20260207,83.33333333333333,16.0,0.4254814299999992,0.0888304214,10.541541143170475,25.34362238630125,4.4852300000000005,2.25131,1972,2,0.00206600314300681,6.339546088500063e-05,0.05382276000000001,0.0270157191755456,-0.3411536785518453,0.5839763991438283
63825455,20260207,137.20322999999996,35.0,1.6012345599999986,0.0,32.92780540534926,0.0,52.725139999999996,0.0,177198,0,0.017557916014347714,0.0,0.38428497638138703,0.0,-0.05920555984716397,-1.0
63827381,20260207,15.45503,10.0,0.8057040099999992,1.228835288952186,9.282527959616345,12.576964547867073,7.47897,15.455030441284176,13098,7,0.005142520612485277,0.0113268608414239,0.4839181806829233,0.999999938293602,-0.07174720403836546,0.2576964547867071
63827404,20260207,10.638297872340424,10.0,0.020658699999999704,0.6896306194527939,6.485887301718013,15.426058977848491,0.13399,10.638298034667969,1424,11,0.04127536231884058,0.2556547619047619,0.012595060000000002,0.9999999103546235,-0.3514112698281987,0.5426058977848494
63833627,20260207,1000.0,45.0,0.1808049099999991,0.0,15.492886780563724,0.0,2.80119,0.0,11048,0,0.005345978902545244,0.0,0.0028011900000000003,0.0,-0.6557136270985839,-1.0
63834572,20260207,1000.0,13.88,0.520016749999998,0.0,5.830235276075263,0.0,3.0318199999999997,0.0,8303,0,0.003331995665957703,0.0,0.0030318199999999997,0.0,-0.5799542308303125,-1.0
63835415,20260207,1700.05321,30.2,49.63370162,0.0,34.0422252391338,0.0,1689.64165,0.0,1559686,0,0.05997454414015335,0.0,0.9938757446303695,0.0,0.12722600129582118,-1.0
63839772,20260207,21.73913043478261,32.0,0.00565656,0.1517705091384683,27.960456531885104,143.2359086599578,0.15816,21.7391300201416,20151,6,0.34863321799307956,0.0729166666666666,0.00727536,0.9999999122619688,-0.1262357333785905,3.4761221456236813
63840064,20260207,1000.0,40.0,0.1193747299999997,0.0,19.089299720300986,0.0,2.2787800000000002,0.0,3614,0,0.014946236559139785,0.0,0.00227878,0.0,-0.5227675069924753,-1.0
63848648,20260207,1000.0,19.0,0.1148203099999997,0.0,5.431965825558227,0.0,0.6236999999999999,0.0,1028,0,0.0030668257756563248,0.0,0.0006236999999999999,0.0,-0.714107061812725,-1.0
63851682,20260207,1000.0,26.66,0.057909639999999304,0.0,9.536408791351604,0.0,0.5522499999999999,0.0,2004,0,0.021973684210526315,0.0,0.0005522499999999999,0.0,-0.6422952441353487,-1.0
63856317,20260207,208.3333333333333,20.0,1.0764064999999994,0.0,21.7667210296482,0.0,23.42984,0.0,20309,0,0.007146778336911004,0.0,0.11246323200000002,0.0,0.08833605148240994,-1.0
63866050,20260207,15.1697,17.6,0.36975308999999745,0.613896992092519,6.154620641574668,24.710456564904497,2.27569,15.169699668884276,281826,11,0.08785647484257124,0.1063157894736842,0.15001549140721307,0.9999999371329508,-0.6503056453650757,0.4040031834840787
63869176,20260207,9.995780000000002,13.5,0.5404916199999992,0.7797773524287062,12.86043990839305,12.818745172928868,6.95096,9.995779991149902,1270,2,0.002455055093756041,0.0416666666666666,0.6953894543497355,0.9999999045923154,-0.04737482160051488,-0.0504633205237875
63871771,20260207,1000.0,34.86,0.0277688099999997,0.0,61.88705961832785,0.0,1.71853,0.0,1753,0,0.0063193943763518385,0.0,0.0017185299999999998,0.0,0.7753029150409595,-1.0
63874819,20260207,1000.0,33.66,0.9448800599999992,0.0,13.054323529697527,0.0,12.33477,0.0,4311,0,0.0022930851063829786,0.0,0.01233477,0.0,-0.6121710181313865,-1.0
63882142,20260207,1000.0,24.0,0.1685235099999997,0.0488228121,6.389256905460858,32.86285791682374,1.07674,1.6044899999999995,2222,1,0.00010528909485495503,2.5799793601651184e-06,0.00107674,0.0016044899999999,-0.7337809622724643,0.3692857465343226
63882670,20260207,241.69816,26.88,8.43129418,0.0,15.586514619752005,0.0,131.41449,0.0,18967,0,0.020368341924398625,0.0,0.543713241342011,0.0,-0.4201445453961307,-1.0
63882681,20260207,117.4279,26.88,1.9953992999999992,0.0,28.544818072252518,0.0,56.958310000000004,0.0,3797,0,0.02480078380143697,0.0,0.4850492089188345,0.0,0.06193519614034669,-1.0
63885852,20260207,1000.0,16.0,0.0638222699999996,11.3414378016,8.720780379638699,18.243222365297328,0.5565800000000001,206.90439,1762,88,0.005830575777630708,0.0148643544515909,0.0005565800000000001,0.20690439,-0.45495122627258133,0.1402013978310829
63886292,20260207,1000.0,18.66,0.5595576999999992,0.0,11.649504599793746,0.0,6.518569999999999,0.0,46331,0,0.033857790119848,0.0,0.006518569999999999,0.0,-0.3756964308792205,-1.0
63886978,20260207,1000.0,49.88,0.0735668199999987,0.0,19.847262665424783,0.0,1.4600999999999995,0.0,14148,0,0.013237275449101797,0.0,0.0014600999999999995,0.0,-0.6020997861783324,-1.0
63887215,20260207,1000.0,23.0,1.560293929999999,0.0,30.942458386670793,0.0,48.27933,0.0,37800,0,0.0019295558958652374,0.0,0.04827933,0.0,0.34532427768133883,-1.0
63888748,20260207,501.68523,23.75,10.793845939999999,0.0,17.44843043405528,0.0,188.33567,0.0,49571,0,0.0034248543930799577,0.0,0.375406048928329,0.0,-0.265329244881883,-1.0
63889490,20260207,1000.0,43.64,39.765324199999995,0.0,10.256614983161638,0.0,407.85762000000005,0.0,145560,0,0.004459039695133532,0.0,0.40785762000000003,0.0,-0.764972158955966,-1.0
63892216,20260207,41.66666666666666,12.54,0.9331463899999988,0.0118742329,1.5654885617678933,30.96865578105841,1.4608299999999996,0.36776,10184,2,0.10184,0.0018399810066476,0.03505992,0.0088262397306445,-0.8751604017728953,1.4695897827165696
63895029,20260207,47.59944,35.0,0.2917635099999993,0.0,16.175771946258845,0.0,4.7195,0.0,5460,0,0.0020953258116509325,0.0,0.0991503261382907,0.0,-0.5378350872497473,-1.0
63898532,20260207,267.88898000000006,15.0,9.249863719999997,0.0,12.405392498042128,0.0,114.74819000000001,0.0,7874,0,0.032244062244062247,0.0,0.4283423304683902,0.0,-0.17297383346385817,-1.0
63898540,20260207,3.4482758620689653,30.55,0.021502789999999904,0.0,9.295072871938984,0.0,0.19987,0.0,1679,0,0.009353760445682452,0.0,0.0579623,0.0,-0.6957422955175455,-1.0
63898679,20260207,123.20089999999996,35.0,0.28454898999999845,3.395840237568854,200.90347184152827,36.27993436613033,57.16688,123.2008972167968,5693097,700,0.08041029313310905,0.0146282460353159,0.4640134934079217,0.9999999999999994,4.7400991954722365,0.0365695533180093
63900408,20260207,1000.0,29.65,0.03737436999999989,1.0889148055999998,9.444172570668105,71.9620925667644,0.3529699999999999,78.36066,8240,14,0.034723978086809944,0.0046601004991904,0.00035296999999999987,0.07836066,-0.6814781595052916,1.4270520570863838
63900451,20260207,1000.0,26.66,1.9168452099999986,0.0,18.320049953329317,0.0,35.1167,0.0,18849,0,0.00824937634032124,0.0,0.0351167,0.0,-0.312826333333484,-1.0
63901210,20260207,1000.0,32.0,0.0043710799999999,0.0,65.74347758448862,0.0,0.2873699999999999,0.0,1978,0,0.1345578231292517,0.0,0.0002873699999999999,0.0,1.0544836745152693,-1.0
63902267,20260207,3714.17456,37.05,76.44841712,0.0,42.664741048597925,0.0,3261.6519200000002,0.0,177994,0,0.1316815861507731,0.0,0.8781633354356938,0.0,0.15154496757349334,-1.0
63904068,20260207,1000.0,31.0,10.719261939999999,0.0,24.147337890317477,0.0,258.84164,0.0,386134,0,0.010210701120671874,0.0,0.25884164,0.0,-0.22105361644137173,-1.0
63904287,20260207,89.5,18.0,0.8540667899999981,0.0,9.683083450651463,0.0,8.27,0.0,5394,0,0.0016505002906887793,0.0,0.0924022346368715,0.0,-0.46205091940825205,-1.0
63904455,20260207,1000.0,31.0,0.0949249999999998,0.0,7.0172241243086795,0.0,0.66611,0.0,6930,0,0.027326498422712935,0.0,0.00066611,0.0,-0.7736379314739136,-1.0
63904753,20260207,1000.0,31.0,0.014054859999999999,0.0,16.400021060330733,0.0,0.23049999999999998,0.0,1045,0,0.0044,0.0,0.0002305,0.0,-0.47096706256997634,-1.0
63904780,20260207,14.441160000000002,14.49,0.8215916299999995,0.0,7.424807869573847,0.0,6.100160000000001,0.0,1901,0,0.0035314880178339216,0.0,0.4224148198621163,0.0,-0.4875908992702659,-1.0
63904784,20260207,1000.0,31.0,4.666134619999999,0.0,23.000272975407643,0.0,107.32236999999999,0.0,103750,0,0.01361798755676896,0.0,0.10732236999999999,0.0,-0.2580557104707212,-1.0
63905155,20260207,1000.0,30.0,14.311155770000001,0.0,21.206393451197822,0.0,303.48799999999994,0.0,166365,0,0.02275512576766834,0.0,0.3034879999999999,0.0,-0.2931202182934059,-1.0
63906670,20260207,1000.0,23.0,17.948181940000005,0.0,12.11571794441036,0.0,217.45511,0.0,325285,0,0.03253728506696808,0.0,0.21745510999999998,0.0,-0.4732296545908539,-1.0
63908540,20260207,2454.46509,27.5,1.1214555399999993,0.0,13.619782020070105,0.0,15.27398,0.0,32502,0,0.0012139570323004751,0.0,0.006222936338442686,0.0,-0.5047351992701781,-1.0
63910919,20260207,1000.0,24.92,0.06174905,0.0,3.6930122811606005,0.0,0.22804,0.0,6068,0,0.15598971722365038,0.0,0.00022804,0.0,-0.8518052856677126,-1.0
63918879,20260207,1000.0,12.0,0.4190223499999993,39.62819930189999,4.2963340738268565,17.921359905056036,1.80026,710.19124,11307,245,0.0011343298555377206,0.001968548604044,0.00180026,0.71019124,-0.6419721605144286,0.4934466587546697
63920538,20260207,10.416666666666666,10.85,0.00861161,0.2133316923,0.0,26.341532277188627,0.0,5.61951,2611,22,0.0012296317227088632,0.0035104190457917,0.0,0.5394728941463752,-1.0,1.4277909079317874
63920617,20260207,1000.0,15.88,0.1938224499999986,0.0183565045,8.242079284417317,21.157559841535104,1.5974999999999997,0.3883999999999999,7700,1,0.0025787006028131277,3.135189365437672e-05,0.0015974999999999997,0.0003883999999999,-0.4809773750366929,0.3323400307972851
63921753,20260207,1000.0,30.0,2.4290685599999984,0.0,16.183087891105068,0.0,39.30983,0.0,143425,0,0.013452862221305094,0.0,0.03930983,0.0,-0.46056373696316444,-1.0
63925060,20260207,1000.0,27.0,11.430697669999997,0.0,21.086104012057213,0.0,241.02888,0.0,267126,0,0.005584881518371238,0.0,0.24102887999999997,0.0,-0.21903318473862174,-1.0
63927660,20260207,1000.0,34.85,0.036444949999999796,0.0,14.201693238706678,0.0,0.51758,0.0,1033,0,0.00500484496124031,0.0,0.00051758,0.0,-0.592490868329794,-1.0
63929254,20260207,1000.0,13.88,0.0339334199999993,0.1428831608,12.170008210195391,17.68817471334443,0.41296999999999995,2.52736,1419,6,0.0027054337464251666,0.00087798799139,0.00041296999999999997,0.0025273599999999,-0.12319825574961164,0.2743641619239932
63939449,20260207,1000.0,16.0,0.49055693999999916,0.3474215521,8.767035280348917,28.96049763949679,4.30073,10.06153,22070,1,0.06103429203539823,0.0007440476190476,0.00430073,0.01006153,-0.45206029497819267,0.8100311024685494
63939968,20260207,1000.0,30.87,0.3124397999999979,0.0,14.360974498127415,0.0,4.48694,0.0,6805,0,0.0015755597230904586,0.0,0.00448694,0.0,-0.5347918853862191,-1.0
63939971,20260207,1000.0,30.87,0.6990634299999976,0.0,9.678549484415202,0.0,6.7659199999999995,0.0,27337,0,0.006456084831022837,0.0,0.00676592,0.0,-0.6864739396043018,-1.0
63944090,20260207,62.5,12.3,0.4719705399999988,3.94433827290575,11.561039381822463,15.845492914192675,5.4564699999999995,62.49999999999996,43158,267,0.03490053372149442,0.2033301889113202,0.08730352,0.9999999999999992,-0.06007809903882423,0.2882514364616434
63944100,20260207,62.5,12.3,0.9815158599999985,0.0,5.455744749758816,0.0,5.354900000000001,0.0,96004,0,0.10538309549945116,0.0,0.08567840000000002,0.0,-0.5564435162797711,-1.0
63944555,20260207,62.5,12.3,5.6211897599999965,0.0,3.901996007336357,0.0,21.93386,0.0,406986,0,0.03228177325835032,0.0,0.35094176,0.0,-0.6827645522490766,-1.0
63947774,20260207,1000.0,23.0,2.054224199999999,0.0,17.894969789568258,0.0,36.76028,0.0,52648,0,0.003672996693130921,0.0,0.03676028,0.0,-0.22195783523616272,-1.0
63948300,20260207,1000.0,10.01,3.0623741299999985,0.0,8.330928527011823,0.0,25.51242,0.0,56224,0,0.011217877094972068,0.0,0.025512419999999997,0.0,-0.16773940789092678,-1.0
63950135,20260207,53.81452,18.5,3.5856543599999995,0.0,8.411530217876328,0.0,30.16084,0.0,7274,0,0.03225720620842572,0.0,0.5604591474568573,0.0,-0.5453226909256039,-1.0
63950835,20260207,527.83917,20.0,24.541372159999995,0.0,11.635914574713011,0.0,285.56131000000005,0.0,161162,0,0.003977383784637558,0.0,0.5410006044075889,0.0,-0.41820427126434945,-1.0
63950950,20260207,1000.0,28.0,7.32668608,0.0,29.1030730226127,0.0,213.22908,0.0,1077648,0,0.029497368183348523,0.0,0.21322908000000002,0.0,0.03939546509331076,-1.0
63951234,20260207,1000.0,24.0,0.6132488499999987,0.0,11.454615854558904,0.0,7.02453,0.0,14776,0,0.009395307433076875,0.0,0.00702453,0.0,-0.522724339393379,-1.0
63953718,20260207,1000.0,22.5,1.6580488599999996,0.0,14.751356603568368,0.0,24.45847,0.0,59318,0,0.051919474835886215,0.0,0.02445847,0.0,-0.34438415095251695,-1.0
63954015,20260207,94.20293,24.75,2.3120213599999984,0.0,12.572846645326848,0.0,29.068689999999997,0.0,164558,0,0.006749103854451198,0.0,0.3085752215987337,0.0,-0.4920061961484102,-1.0
63955161,20260207,1.6937669376693767,48.0,0.0079552899999997,0.0089940401463731,0.0,188.30009916564015,0.0,1.693766951560974,54366,1,0.023151215773112466,0.005,0.0,0.999999463558197,-1.0,2.922918732617504
63955360,20260207,7.352941176470588,28.8,0.1154856199999987,0.0,11.840868153108719,0.0,1.36745,0.0,5736,0,0.02527985896870868,0.0,0.1859732,0.0,-0.588858744683725,-1.0
63957528,20260207,1000.0,31.75,0.2811193099999993,0.0,16.54905883199561,0.0,4.65226,0.0,1630,0,0.007588454376163873,0.0,0.00465226,0.0,-0.4787698005670674,-1.0
63957691,20260207,1000.0,18.0,0.45442549999999754,0.0039968176,4.975799113386048,10.58827696391151,2.2611299999999996,0.04233,4119,1,0.007485008177357805,0.0007716049382716,0.0022611299999999997,4.233e-05,-0.7235667159229973,-0.411762390893805
63958669,20260207,1000.0,30.0,0.1985908899999999,0.0,10.174233067790777,0.0,2.02051,0.0,4651,0,0.06721098265895954,0.0,0.0020205099999999997,0.0,-0.6608588977403075,-1.0
63958692,20260207,1000.0,30.0,1.691604149999999,0.0,15.538381127759719,0.0,26.284790000000005,0.0,49548,0,0.07745505705799594,0.0,0.026284790000000006,0.0,-0.4820539624080094,-1.0
63959180,20260207,1000.0,32.0,0.32588063999999994,0.0,20.57093664723379,0.0,6.703670000000001,0.0,5152,0,0.0058658772628942275,0.0,0.006703670000000001,0.0,-0.35715822977394407,-1.0
63959271,20260207,1000.0,27.5,0.0977212099999997,0.0,17.257154306623963,0.0,1.6863899999999996,0.0,1525,0,0.0009710901681100356,0.0,0.0016863899999999996,0.0,-0.37246711612276495,-1.0
63959507,20260207,1000.0,23.0,0.051848519999999496,0.0,5.004192983714917,0.0,0.25946,0.0,2454,0,0.00048314695227594896,0.0,0.00025946000000000004,0.0,-0.782426392012395,-1.0
63962980,20260207,1000.0,35.11,0.2067030599999997,0.0,6.737103940309361,0.0,1.3925800000000002,0.0,3055,0,0.01724040632054176,0.0,0.0013925800000000002,0.0,-0.8081143850666659,-1.0
63965437,20260207,4.044489383215369,16.0,0.1824611799999992,0.1692234556373978,13.728344845736562,23.90014710618277,2.50489,4.04448938369751,396776,3,0.07502618890044437,0.081081081081081,0.6193340525,0.9999997642040808,-0.1419784471414649,0.4937591941364232
63965642,20260207,37.3331,22.0,0.9439896899999968,0.2401794839,13.074009314656859,17.991428486750586,12.341729999999998,4.3211900000000005,1575375,10,0.17698655222388243,9.77205647915786e-05,0.3305841197221768,0.1157468861003277,-0.4057268493337791,-0.1822077960567915
63967286,20260207,1000.0,30.2,4.732072439999998,0.0,31.444605273202473,0.0,148.79815000000002,0.0,323845,0,0.011683900249664468,0.0,0.14879815000000002,0.0,0.04121209513915477,-1.0
63967297,20260207,4146.95498,29.2,1.1171749499999986,0.0,17.162262723488407,0.0,19.17325,0.0,95124,0,0.001393331565864812,0.0,0.004623452651998647,0.0,-0.41225127659286276,-1.0
63967300,20260207,1000.0,29.2,14.951385440000003,0.0,33.738626565699704,0.0,504.43920999999983,0.0,891913,0,0.0644394592915303,0.0,0.5044392099999998,0.0,0.15543241663355153,-1.0
63967610,20260207,1000.0,22.05,0.0052082899999996,0.0653245762,0.0,128.56113161999173,0.0,8.39833,40457,47,0.025202142901638323,0.0008650594882194,0.0,0.0083983299999999,-1.0,4.83043700989851
63969691,20260207,9.090909090909092,10.0,0.4199205699999999,0.9499719948361292,5.370348968615662,9.56964993071157,2.2551200000000002,9.090909004211426,1146,4,0.019965156794425086,0.1044117647058823,0.2480632,0.9999998950958352,-0.46296510313843375,-0.0430350069288429
63972226,20260207,1000.0,29.07,0.0710429399999995,0.0,10.738575852857515,0.0,0.7628999999999999,0.0,6577,0,0.011975600873998543,0.0,0.0007629,0.0,-0.6305959458941344,-1.0
63972231,20260207,1000.0,29.07,0.3966301899999991,0.0,10.763376333001803,0.0,4.269079999999999,0.0,20039,0,0.014682737397420868,0.0,0.004269079999999999,0.0,-0.6297428162022084,-1.0
63978528,20260207,393.5711200000004,27.0,10.207987429999996,0.0,27.258615070610453,0.0,278.25559999999996,0.0,924894,0,0.02102476205197917,0.0,0.7070020788110664,0.0,0.009578335948535308,-1.0
63978909,20260207,256.4102564102564,23.0,3.3194661199999986,0.0,17.62936504982314,0.0,58.52008,0.0,12451,0,0.0015538499937601399,0.0,0.228228312,0.0,-0.23350586739899395,-1.0
63979077,20260207,1037.65783,23.0,53.559527910000014,0.0,18.315889969165337,0.0,980.9904200000001,0.0,294519,0,0.006092240289760939,0.0,0.9453891173355286,0.0,-0.20365695786237667,-1.0
63981277,20260207,178.83799999999994,23.0,2.607651879999999,0.0,26.61892506909321,0.0,69.41289,0.0,22083,0,0.0005758023764265991,0.0,0.38813277938693136,0.0,0.15734456822144385,-1.0
63982060,20260207,144.41286,32.0,0.33754527999999956,0.0026328288,44.74125663970185,693.4125710828281,15.102200000000002,1.82633,12379,1,0.0036130406864748115,2.6812526812526813e-05,0.10457655917900942,0.0126465886572415,0.3981642699906829,20.669142846338374
63982405,20260207,33.76623376623377,29.2,0.037326949999999796,0.0,13.783874653568073,0.0,0.51451,0.0,2196,0,0.0017188478396994364,0.0,0.015237411538461539,0.0,-0.5279494981654769,-1.0
63985166,20260207,50.0,46.0,0.0192897799999996,0.3630062565,10.526299418656107,41.2228123048554,0.20305,14.96418,4693,9,0.0284251968503937,0.0087538557933294,0.004061,0.2992836,-0.7711674039422585,-0.103851906416187
63986783,20260207,1000.0,30.49,0.029515359999999397,0.0064927688,7.6346688639408296,87.67789823376526,0.22534,0.56936,16219,3,1.0265189873417722,0.0068181818181818,0.00022534,0.00056936,-0.7496008899986609,1.8756280384370048
63992188,20260207,221.95962,49.74,0.7805867899999986,0.0,15.255946106902503,0.0,11.90859,0.0,1284,0,0.00801498127340824,0.0,0.05365205617129819,0.0,-0.6932861659247587,-1.0
63994945,20260207,1000.0,24.0,41.13260980999996,0.0,17.640384195208465,0.0,725.59504,0.0,466873,0,0.009917494588503198,0.0,0.7255950400000001,0.0,-0.26498399186631394,-1.0
63995643,20260207,10.638297872340424,10.0,0.44644648999999925,0.8201788169450217,3.960429837851346,12.970689859564144,1.7681199999999997,10.638298034667969,8027,3,0.005293109132871744,0.0481719367588932,0.16620328,0.9999999103546235,-0.6039570162148654,0.2970689859564143
63995756,20260207,18.64382,10.0,3.707415939999999,0.0,7.095586366821309,0.0,26.30629,0.0,132542,0,0.1252641527265854,0.0,1.4109924897365453,0.0,-0.2904413633178691,-1.0
63996213,20260207,148.11337000000006,14.0,1.8977082499999993,0.0,5.1224733833559535,0.0,9.720960000000002,0.0,10651,0,0.0005621856146777369,0.0,0.06563188724961155,0.0,-0.6341090440460034,-1.0
63996824,20260207,1000.0,27.5,6.685708749999997,0.0,19.060368132249263,0.0,127.43207000000001,0.0,247667,0,0.040129461898666494,0.0,0.12743207,0.0,-0.306895704281845,-1.0
63997152,20260207,69.34492,12.0,2.785368799999998,0.0,9.052226764369594,0.0,25.21379,0.0,33819,0,0.0018811220318053633,0.0,0.3635996695936775,0.0,-0.24564776963586712,-1.0
63998445,20260207,312.5,26.0,13.295130829999998,0.0,11.01057461350307,0.0,146.38702999999998,0.0,5212422,0,0.07173311167412794,0.0,0.4684384959999999,0.0,-0.5765163610191126,-1.0
63999590,20260207,40.26390000000001,45.0,1.131787849999998,0.0,24.45908038330686,0.0,27.682489999999998,0.0,16471,0,0.014351311318288752,0.0,0.687526295266976,0.0,-0.4564648803709587,-1.0
64001859,20260207,1000.0,49.88,0.1730114699999995,0.0,7.538055135882052,0.0,1.3041699999999998,0.0,9581,0,0.018760524769923636,0.0,0.00130417,0.0,-0.8488762001627496,-1.0
64003385,20260207,7.6923076923076925,28.01,0.054841079999999195,0.0,22.938279114853657,0.0,1.2579600000000002,0.0,3262,0,0.002949367088607595,0.0,0.1635348,0.0,-0.18106822153325042,-1.0
64003833,20260207,2.6184865147944487,23.0,0.026782669999999204,0.004758378,87.92737990648692,29.29794607614693,2.35493,0.13944,19370,1,0.02690651479372135,0.0007855459544383,0.899347767,0.0532521188498453,2.822929561151605,0.2738237424411708
64004668,20260207,1000.0,32.0,0.5324289999999983,0.0,43.09333263214452,0.0,22.944139999999997,0.0,118155,0,0.025785648814979703,0.0,0.02294414,0.0,0.34666664475451614,-1.0
64005326,20260207,1000.0,24.56,0.027129089999999703,0.0384457473,0.0,20.77392903404341,0.0,0.79869,1242,1,0.07305882352941176,0.0014880952380952,0.0,0.00079869,-1.0,-0.1541559655629943
64005450,20260207,1000.0,23.0,0.0635592799999993,0.0,6.056078671753428,0.0,0.38492,0.0,1573,0,0.011373825018076645,0.0,0.00038491999999999997,0.0,-0.7366922316628944,-1.0
64005608,20260207,341.5910099999999,25.0,3.260798799999999,0.0,10.870968181170825,0.0,35.44804,0.0,2483646,0,0.03214597179707875,0.0,0.10377333993655163,0.0,-0.565161272753167,-1.0
64005639,20260207,1000.0,24.0,0.0684589599999995,0.0743608299,1.7655833509594767,16.544778438810308,0.1208699999999999,1.2303,1772,2,0.00010772560367677456,1.1601284953107344e-05,0.00012086999999999989,0.0012303,-0.9264340270433551,-0.3106342317162371
64006623,20260207,5.426270000000001,23.0,0.7075432399999988,0.4088494421,7.255146696052115,7.878920182779474,5.13333,3.2213000000000007,304971,13,0.005848451259550183,2.1186888017145332e-05,0.9460144814025103,0.5936489391518155,-0.684558839302082,-0.6574382529226316
64008712,20260207,1000.0,30.0,3.5522793399999983,0.0,22.84602989583585,0.0,81.15548000000001,0.0,232695,0,0.018681058428734285,0.0,0.08115548000000002,0.0,-0.23846567013880496,-1.0
64008942,20260207,622.48078,32.4,18.868238960000006,0.0,26.4995583880394,0.0,500.0,0.0,218760,0,0.02131208230228163,0.0,0.8032376517713528,0.0,-0.18211239543088267,-1.0
64009066,20260207,1000.0,32.66,0.0194871499999997,0.0,18.601488673305514,0.0,0.36249,0.0,1287,0,0.04784386617100372,0.0,0.00036249,0.0,-0.43045043866180294,-1.0
64009550,20260207,1000.0,49.88,1.2629517299999993,0.0,8.9324395636245,0.0,11.28124,0.0,17244,0,0.0561328125,0.0,0.01128124,0.0,-0.820921420135836,-1.0
64010536,20260207,1000.0,23.0,0.0528086599999999,0.1167272094,27.82365619578309,57.76975449775039,1.46933,6.74336,2753,1,0.008030921820303384,7.28279076542131e-05,0.00146933,0.00674336,0.20972418242535176,1.51172845642393
64011512,20260207,2.76675,16.0,0.2824856699999984,0.1733704648466502,2.1968193997238985,15.95850908753649,0.6205699999999998,2.7667500972747807,1011639,21,0.16545459005936902,0.42,0.22429565374536906,0.9999996553089532,-0.8626987875172564,-0.0025931820289694
64011906,20260207,1000.0,49.88,1.2094083999999978,0.0,3.834354052774901,0.0,4.637300000000001,0.0,86260,0,0.9051416579223505,0.0,0.0046373000000000004,0.0,-0.9231284271697093,-1.0
64012844,20260207,1000.0,33.75,0.0253990099999997,0.0,39.24286812753771,0.0,0.9967299999999999,0.0,1932,0,0.01932,0.0,0.00099673,0.0,0.1627516482233396,-1.0
64014589,20260207,1000.0,43.12,3.8417100199999994,0.0,1.8932532549658712,0.0,7.2733300000000005,0.0,226633,0,0.4300436432637571,0.0,0.007273330000000001,0.0,-0.9560933846250957,-1.0
64014727,20260207,1000.0,43.12,0.11994653999999959,0.0,9.042611816897793,0.0,1.08463,0.0,476200,0,0.12059665206270419,0.0,0.00108463,0.0,-0.7902919337454128,-1.0
64017299,20260207,1000.0,29.2,11.781729349999996,0.0,23.01896452917585,0.0,271.20320999999996,0.0,695731,0,0.09208637759423972,0.0,0.27120321,0.0,-0.21167929694603252,-1.0
64017952,20260207,1000.0,45.04,6.04706318,0.0,20.935810695465563,0.0,126.60017,0.0,91636,0,0.04819142782014199,0.0,0.12660017,0.0,-0.5351729419301606,-1.0
64018079,20260207,1000.0,43.12,0.0151912799999996,0.2001119620999999,22.66102658893846,41.39956708981222,0.34425,8.28459,13490,158,0.06728179551122195,0.0828242827571011,0.00034425,0.00828459,-0.47446598819716,-0.0398986986245118
64018092,20260207,27.77777777777778,35.0,0.705890379999999,0.0,14.566723518742407,0.0,10.28251,0.0,44519,0,0.03589373538660002,0.0,0.37017036,0.0,-0.5838078994645026,-1.0
64018532,20260207,1000.0,43.12,0.0075473099999993,0.0045132279,5.2535274157287395,81.90104890362315,0.03965,0.36972,17162,5,0.3730869565217391,0.0094834785766158,3.9649999999999995e-05,0.00036972,-0.8781649486148251,0.8993750216227863
64018637,20260207,1000.0,32.2,0.2057294599999997,0.069839556,2.7760730038371797,60.55879623867828,0.5711200000000001,4.22946,7475,4,0.1465686274509804,0.0235588972431077,0.00057112,0.0042294599999999,-0.913786552675864,0.8807079131618637
64018926,20260207,1000.0,14.0,0.05026751,4.4623173009,11.246429353671983,18.301796172525027,0.56533,81.66844,2468,44,0.009636860601327606,0.0100611523867853,0.00056533,0.08166844,-0.19668361759485833,0.307271155180359
64019380,20260207,1000.0,39.33,0.025509199999999798,0.0695416639,7.321672181017102,88.25488780276648,0.18677,6.137479999999999,3554,3,0.034238921001926784,0.0535714285714285,0.00018677,0.0061374799999999,-0.8138400157381871,1.2439583954730724
64020690,20260207,1000.0,28.88,1.5438875499999989,0.0,30.17993117439158,0.0,46.59442000000001,0.0,69804,0,0.009062629829663481,0.0,0.046594420000000004,0.0,0.045011467257326215,-1.0
64020711,20260207,1000.0,28.88,1.0800372399999991,0.0,33.37977494183444,0.0,36.0514,0.0,53771,0,0.0032712793463646707,0.0,0.036051400000000004,0.0,0.15580938164246683,-1.0
64021741,20260207,1000.0,23.81,2.003387719999999,0.0,17.910936381301177,0.0,35.88255,0.0,26675,0,0.005235011284466687,0.0,0.03588255,0.0,-0.2477557168710131,-1.0
64024405,20260207,0.4539,22.5,0.0289970499999996,0.0,9.141274715876394,0.0,0.2650699999999999,0.0,1239,0,0.015372208436724566,0.0,0.5839832562238376,0.0,-0.5937211237388269,-1.0
64025102,20260207,282.86702,11.54,27.54282164,0.0,4.565515895342378,0.0,125.74719000000002,0.0,116351,0,0.13538631603444262,0.0,0.44454524956638636,0.0,-0.6043747057762238,-1.0
64026285,20260207,1000.0,27.12,1.8919629599999992,0.0,21.427496656699887,0.0,40.54003,0.0,3076,0,0.005333795734350616,0.0,0.040540030000000005,0.0,-0.2099005657559039,-1.0
64026292,20260207,1000.0,27.12,0.0242268099999998,0.0467261758999999,0.0,72.28962450521219,0.0,3.3778900000000003,1669,4,0.32725490196078433,0.0972222222222222,0.0,0.00337789,-1.0,1.6655465438125554
64026424,20260207,1000.0,26.25,0.0670519899999999,0.0,8.490724883780496,0.0,0.56932,0.0,4038,0,0.029367272727272728,0.0,0.00056932,0.0,-0.6765438139512193,-1.0
64027513,20260207,1000.0,16.17,0.7005172699999995,3.9113854999,1.1556745774447506,140.23774689973075,0.8095699999999997,548.5240299999999,6708,18,0.004238862559241706,0.002675578690489,0.0008095699999999997,0.5485240299999999,-0.9285297107331633,7.672711579347889
64029184,20260207,9.71446,12.0,0.37187876999999925,0.7559453101284238,1.31978493959201,12.850727945579184,0.4908,9.714460372924805,21846,27,0.002001484209658357,0.0075773467881326,0.05052262297647012,0.9999999018294186,-0.8900179217006658,0.0708939954649319
64029548,20260207,1000.0,26.3,2.3800731099999988,0.0,20.342488554899905,0.0,48.41661,0.0,91557,0,0.003833772302641772,0.0,0.04841661,0.0,-0.2265213477224371,-1.0
64029570,20260207,1000.0,26.5,0.18796249999999898,0.0,24.148433863137722,0.0,4.539,0.0,14283,0,0.009091082680924194,0.0,0.004539,0.0,-0.08873834478725577,-1.0
64029589,20260207,1000.0,30.0,3.040580139999999,0.0,23.005876108892835,0.0,69.95121,0.0,129753,0,0.007055052605823342,0.0,0.06995121,0.0,-0.2331374630369055,-1.0
64030368,20260207,1000.0,20.04,0.1709647999999997,0.4452883296,9.089473388674174,22.22806463584301,1.5539799999999997,9.89792,8809,1,0.011753168779186125,1.2239902080783352e-05,0.0015539799999999997,0.00989792,-0.5464334636390132,0.1091848113949093
64032557,20260207,67.92190000000001,30.55,2.619258649999999,0.0,26.48915944211925,0.0,69.38195999999999,0.0,128477,0,0.06437368473794969,0.0,1.0214961595597294,0.0,-0.13292440451328158,-1.0
64033273,20260207,1172.770339999999,25.52,1.0628980399999992,0.0,17.330335842937497,0.0,18.42038,0.0,45303,0,0.0013085486181717348,0.0,0.01570672396097604,0.0,-0.32091160490056825,-1.0
64036941,20260207,54.87098999999999,26.53,0.980953379999999,0.0,19.523894193626226,0.0,19.15203,0.0,38575,0,0.012848910798747585,0.0,0.3490374421893974,0.0,-0.2640823899877035,-1.0
64037275,20260207,172.63347,27.0,4.064382159999998,0.0,28.75051001601681,0.0,116.85306,0.0,243669,0,0.0034903448246225953,0.0,0.676885310826458,0.0,0.06483370429691894,-1.0
64037396,20260207,1000.0,20.15,1.8310180599999986,0.0,10.025613838019714,0.0,18.357079999999996,0.0,40967,0,0.04860821072615092,0.0,0.018357079999999998,0.0,-0.5024509261528678,-1.0
64037536,20260207,15.426750000000004,12.1,2.6784263699999986,0.0,4.468728404880514,0.0,11.969159999999999,0.0,20875,0,0.016412453809261734,0.0,0.7758704847100002,0.0,-0.6306836029024369,-1.0
64040948,20260207,208.86075949367088,12.0,14.615005989999997,0.0,6.131463104518373,0.0,89.61137,0.0,6534,0,0.44448979591836735,0.0,0.42904837757575753,0.0,-0.4890447412901356,-1.0
64049764,20260207,500.0,18.0,2.6773620199999986,0.0,10.952893101845083,0.0,29.32486,0.0,531162,0,0.03510955997541097,0.0,0.05864972,0.0,-0.3915059387863843,-1.0
64053215,20260207,1000.0,22.98,2.220473769999999,0.0,11.984730628004675,0.0,26.611779999999996,0.0,42559,0,0.0010053599986771268,0.0,0.026611779999999995,0.0,-0.4784712520450533,-1.0
64055756,20260207,145.76475000000008,12.0,18.89065399,0.0,7.020497017742476,0.0,132.62178,0.0,30880,0,0.0020010238399180928,0.0,0.9098343735368114,0.0,-0.4149585818547937,-1.0
64055857,20260207,1000.0,38.0,0.07085108999999959,0.0,39.02593453396434,0.0,2.7650299999999994,0.0,2465,0,0.006653171390013495,0.0,0.0027650299999999995,0.0,0.026998277209587866,-1.0
64058792,20260207,6.172839506172839,12.1,0.0019256899999998997,0.053928018098531,0.0,114.46230358381374,0.0,6.172839641571045,1023,16,0.012598522167487684,0.1910170385170385,0.0,0.999999845504788,-1.0,8.459694212828659
64059274,20260207,4187.775039999999,10.0,6.103125859999999,0.0,5.705325565742143,0.0,34.820319999999995,0.0,26122,0,0.00385263188944442,0.0,0.00831475417552515,0.0,-0.4294674434257857,-1.0
64059312,20260207,2.48044,13.0,0.0393387199999998,0.0272992128249188,0.0,90.85789613654052,0.0,2.4804399013519287,6263,3,0.017158904109589042,0.3984126984126984,0.0,0.999999615522251,-1.0,5.98906893358004
64059848,20260207,33.373839999999994,14.0,3.2924306599999986,0.0,7.6870259736920366,0.0,25.309000000000005,0.0,174403,0,0.03015944109153164,0.0,0.7583484549575359,0.0,-0.4509267161648545,-1.0
64062322,20260207,7.8125,14.49,0.3224895099999992,0.2189454790898309,2.866480835299115,35.68223628202137,0.92441,7.8125,4665,9,0.009024956471271038,0.0311226513758159,0.11832448,0.9999998779297024,-0.8021752356591363,1.4625422253728473
64062508,20260207,3.7593984962406015,12.0,0.07950597999999971,0.0694909970843124,0.0,54.0982935895053,0.0,3.759398460388184,2481,1,0.009631211180124223,0.3333333333333333,0.0,0.9999997615814208,-1.0,3.508191132458775
64073068,20260207,1013.3127800000002,12.92,44.13809028,0.0,13.419031413517695,0.0,592.29042,0.0,539831,0,0.024098737545087675,0.0,0.5845089805341248,0.0,0.03862472240849034,-1.0
64083791,20260207,125.47337,14.0,1.6046278199999997,0.0,7.512720301708345,0.0,12.055120000000002,0.0,6230,0,0.0017661233167965982,0.0,0.09607711979043841,0.0,-0.4633771213065468,-1.0
64085364,20260207,1000.0,49.13,0.0128713099999998,0.0670762862,0.0,611.1278843001253,0.0,40.9928,1318,3,0.5990909090909091,0.0833333333333333,0.0,0.0409927999999999,-1.0,11.438995949803465
64086199,20260207,1000.0,32.2,0.021028999999999798,0.0294424973999999,31.227352703409878,14.795117376239414,0.65668,0.4356199999999999,4888,11,0.9584313725490196,0.0651812240047534,0.0006566800000000001,0.0004356199999999,-0.03020643778230202,-0.5405243159724445
64087348,20260207,1000.0,23.0,7.090138969999995,0.0,14.252329951157503,0.0,101.05099999999993,0.0,28037,0,0.004352219807513194,0.0,0.10105099999999993,0.0,-0.3803334803844564,-1.0
64087378,20260207,1000.0,23.0,8.417212959999997,0.0,11.556155281118139,0.0,97.27062000000001,0.0,132932,0,0.0016094767977547816,0.0,0.09727062,0.0,-0.4975584660383418,-1.0
64087380,20260207,1000.0,23.0,5.341132769999998,0.0,9.887792023563573,0.0,52.812009999999994,0.0,40541,0,0.0082201585595815,0.0,0.05281200999999999,0.0,-0.5700959989754968,-1.0
64096983,20260207,1000.0,30.2,4.301334859999997,0.0,15.664290782513046,0.0,67.37736,0.0,366253,0,0.011189857870873917,0.0,0.06737736,0.0,-0.48131487475122364,-1.0
64096986,20260207,1000.0,30.2,1.7647528099999983,0.0,17.569310457706557,0.0,31.00549,0.0,208944,0,0.016340217875827984,0.0,0.03100549,0.0,-0.41823475305607427,-1.0
64096993,20260207,1000.0,30.2,0.007004280000000001,0.0,21.237015082206877,0.0,0.14875,0.0,1569,0,0.004303346132748217,0.0,0.00014874999999999998,0.0,-0.2967875800593749,-1.0
64097468,20260207,15.625,21.06,0.01136528,0.0,15.553510340264385,0.0,0.17677,0.0,1350,0,0.028421052631578948,0.0,0.01131328,0.0,-0.2614667454765249,-1.0
64099890,20260207,1000.0,30.66,10.770363810000001,0.0,17.179383469684296,0.0,185.02821,0.0,177015,0,0.003985738120917497,0.0,0.18502821,0.0,-0.43968090444604385,-1.0
64101329,20260207,1000.0,33.75,4.079179259999999,0.0,28.256752805710242,0.0,115.26436000000001,0.0,311871,0,0.036705820043547346,0.0,0.11526436000000001,0.0,-0.16276287983080764,-1.0
64101656,20260207,1000.0,23.72,0.0067011299999999,0.1228324092,0.0,50.175355712588974,0.0,6.163209999999999,13262,61,0.6907291666666666,0.1135081030462867,0.0,0.00616321,-1.0,1.1153185988643757
64101730,20260207,1000.0,30.0,0.9053556099999988,0.0,21.816410901789215,0.0,19.75161,0.0,127759,0,0.0038298210378008932,0.0,0.01975161,0.0,-0.27278630327369285,-1.0
64102348,20260207,88.35518000000002,30.0,2.656512339999998,0.0,25.802266741964413,0.0,68.54404000000001,0.0,95603,0,0.06496975874957527,0.0,0.775778398052044,0.0,-0.13992444193451956,-1.0
64104000,20260207,1000.0,42.0,0.0751657799999997,0.0156222231999999,0.0,96.59978486385576,0.0,1.5092,5927,1,0.750253164556962,0.0384615384615384,0.0,0.0015092,-1.0,1.299994877710852
64105429,20260207,243.90243902439025,23.0,4.475637399999998,0.0,22.946007645748967,0.0,102.69801,0.0,16314,0,0.00044002103815187925,0.0,0.421061841,0.0,-0.002347493663088391,-1.0
64106409,20260207,1000.0,42.0,0.0010545499999999,0.0,0.0,0.0,0.0,0.0,4593,0,0.9772340425531915,0.0,0.0,0.0,-1.0,-1.0
64107502,20260207,44.82459000000001,33.6,2.6897931699999997,0.0,16.434334242881583,0.0,44.20496,0.0,108486,0,0.031283811061768266,0.0,0.986176560677967,0.0,-0.5108829094380481,-1.0
64109107,20260207,1000.0,35.2,4.07243594,0.0,26.159171456482138,0.0,106.53155000000001,0.0,262638,0,0.010757856276829307,0.0,0.10653155000000002,0.0,-0.25684171998630295,-1.0
64110204,20260207,1000.0,36.3,0.1696203099999998,0.0,24.23377247689268,0.0,4.110539999999999,0.0,2833,0,0.026014692378328742,0.0,0.004110539999999999,0.0,-0.33240296206907216,-1.0
64110714,20260207,1000.0,36.3,0.1641843199999998,0.0,52.67926925055943,0.0,8.649109999999999,0.0,2834,0,0.05162112932604736,0.0,0.008649109999999998,0.0,0.4512195385829045,-1.0
64111471,20260207,1000.0,38.5,2.0190682599999996,0.0,20.884593569907345,0.0,42.16742000000001,0.0,28334,0,0.11388263665594855,0.0,0.042167420000000004,0.0,-0.45754302415825077,-1.0
64112092,20260207,27.03299,14.96,1.4194985899999988,0.0,5.689149715886654,0.0,8.07574,0.0,100189,0,0.013510936699301453,0.0,0.29873646977267404,0.0,-0.6197092435904643,-1.0
64113058,20260207,1000.0,18.66,1.8662625299999995,0.0,10.210674915066747,0.0,19.055799999999998,0.0,122937,0,0.006077926315581308,0.0,0.019055799999999998,0.0,-0.45280413102536193,-1.0
64113541,20260207,65.18745999999999,15.0,8.433780029999998,0.0,7.209028428975994,0.0,60.79936,0.0,269827,0,0.04162134230051366,0.0,0.9326849059619751,0.0,-0.5193981047349338,-1.0
64115785,20260207,50.0,17.88,0.3712790499999995,0.7615213091,10.885639790340997,25.69848547592602,4.0416099999999995,19.56997,2740,11,0.019912790697674418,0.0077947634916944,0.08083219999999999,0.3913993999999999,-0.39118345691605155,0.4372755415064685
64117220,20260207,230.21069000000008,20.91,0.46890148999999876,0.0856284168,7.614157933258025,16.08999969272242,3.570289999999999,1.37777729,41787,3,0.0005780387600116197,3.802642836771556e-06,0.015508793271068333,0.0059848535699824,-0.6358604527375407,-0.2305117259618837
64119491,20260207,1000.0,48.12,0.6322206899999991,0.2096576217,1.9215600172781464,153.91959433071096,1.21485,32.27057,39529,4,0.7416322701688556,0.0058432623448103,0.00121485,0.03227057,-0.9600673313117593,2.198661632320245
64120849,20260207,461.8883900000001,23.0,0.41029630999999944,0.0,24.531514797196238,0.0,10.065190000000001,0.0,3888,0,0.00017780948591655576,0.0,0.02179138990698597,0.0,0.06658759987809729,-1.0
64121242,20260207,102.05589,25.0,2.0770634899999996,0.0,10.938341610347216,0.0,22.719630000000002,0.0,1917,0,0.012171428571428571,0.0,0.22261948820396354,0.0,-0.5624663355861114,-1.0
64122408,20260207,1250.0,20.52,5.311701329999998,0.0,15.25805668746063,0.0,81.04624,0.0,22400,0,0.0022831515645703802,0.0,0.064836992,0.0,-0.2564299859911973,-1.0
64126239,20260207,2000.0,15.0,3.911537169999999,0.0,13.837268482354729,0.0,54.12499,0.0,97883,0,0.012722321869557306,0.0,0.027062495,0.0,-0.07751543450968476,-1.0
64127954,20260207,1000.0,23.0,0.1228576899999998,0.0,14.88160814353585,0.0,1.82832,0.0,1741,0,0.00762593079281647,0.0,0.00182832,0.0,-0.3529735589767022,-1.0
64128713,20260207,1000.0,31.0,0.0069835,0.0,52.124292976301284,0.0,0.36401,0.0,1099,0,0.01338611449451888,0.0,0.00036401,0.0,0.6814288056871382,-1.0
64129362,20260207,1000.0,24.0,0.004000269999999999,0.0,0.0,0.0,0.0,0.0,1641,0,8.793316864842273e-05,0.0,0.0,0.0,-1.0,-1.0
64129661,20260207,1143.8391200000003,24.0,39.60234387999999,0.0,18.662002740025706,0.0,739.0590500000001,0.0,279466,0,0.004291428843445907,0.0,0.6461215017720323,0.0,-0.22241655249892892,-1.0
64131561,20260207,35.86777000000001,16.1,3.1311329399999996,0.0,11.277767720715175,0.0,35.31219,0.0,6708,0,0.00688211757463835,0.0,0.9845103277956783,0.0,-0.2995175328748339,-1.0
64131665,20260207,1.7391304347826086,22.76,0.2491980899999987,0.0183535355461327,3.9116672202423586,94.7520776757494,0.97478,1.7391303777694702,6644,3,0.5777391304347826,0.4285714285714285,0.5604985,0.9999994516375508,-0.8281341291633411,3.1630965168230323
64131892,20260207,1000.0,17.11,2.0047574999999993,0.0,13.698769053114907,0.0,27.462709999999998,0.0,8892,0,0.0195385629531971,0.0,0.027462709999999998,0.0,-0.1993705988828225,-1.0
64132598,20260207,1000.0,46.2,0.0002398,0.0,0.0,0.0,0.0,0.0,1629,0,0.3973170731707317,0.0,0.0,0.0,-1.0,-1.0
64137600,20260207,1.6937669376693767,48.0,0.0020586699999998,0.0395273976801494,0.0,42.84937035056085,0.0,1.693766951560974,16158,1,0.02172650262202501,0.0044642857142857,0.0,0.999999463558197,-1.0,-0.1073047843633157
64138592,20260207,1000.0,49.74,18.243956569999998,0.0,17.530388146500613,0.0,319.82363999999995,0.0,30667,0,0.01318160326670965,0.0,0.31982363999999996,0.0,-0.6475595467128948,-1.0
64139850,20260207,7.1035,25.0,0.3611226499999981,0.2897199914480587,6.717191513741972,24.518416335211583,2.4257299999999997,7.103499889373778,230642,18,0.002977047606017033,0.0009895607175795,0.3414837756035756,0.9999998657458712,-0.731312339450321,-0.0192633465915366
64141830,20260207,1000.0,25.0,11.687656009999998,0.0,9.752832381657338,0.0,113.98774999999999,0.0,66955,0,0.0002839430833110338,0.0,0.11398774999999998,0.0,-0.6098867047337064,-1.0
64142018,20260207,1000.0,30.39,0.0372140799999999,0.0,13.861420193647175,0.0,0.5158400000000001,0.0,2052,0,0.08240963855421687,0.0,0.00051584,0.0,-0.5438821917194084,-1.0
64143979,20260207,1000.0,42.15,4.223347889999998,0.0,15.487166035947855,0.0,65.40769,0.0,761577,0,0.059412797228983336,0.0,0.06540769,0.0,-0.6325702008078801,-1.0
64147740,20260207,395.34744,44.2,9.090574709999999,0.0,27.82972673022562,0.0,252.98820999999998,0.0,374432,0,0.047910125011195986,0.0,0.639913616235886,0.0,-0.3703681735243073,-1.0
64149693,20260207,1000.0,10.54,17.888053,0.0,4.0528999997931585,0.0,72.49849,0.0,19056,0,0.001783217764801662,0.0,0.07249849,0.0,-0.6154743833213322,-1.0
64150905,20260207,6.079800000000001,48.47,0.060453279999999894,0.0098978852,20.284259183290008,25.43619760334224,1.22625,0.2517899999999999,3003,2,0.1716,0.0235507246376811,0.20169248988453564,0.0414141838817963,-0.5815089914732823,-0.4752177230712012
64159965,20260207,26.795370000000005,23.65,1.7152680999999992,0.0,17.50349114520349,0.0,30.02318,0.0,7744,0,0.05669106881405564,0.0,1.1204614827113786,0.0,-0.2598946661647572,-1.0
64160337,20260207,51.72413793103448,27.5,0.1239159599999997,0.0,14.69705758644814,0.0,1.8212,0.0,9791,0,0.005988012965567855,0.0,0.03520986666666667,0.0,-0.4655615423109767,-1.0
64162417,20260207,74.44531,33.92,2.2298108899999995,0.0,13.796174437016948,0.0,30.762860000000003,0.0,3387,0,0.05359177215189873,0.0,0.41322764321889455,0.0,-0.593273159286057,-1.0
64166994,20260207,1000.0,12.96,0.00038174,0.1179916898999999,17.786975428301986,51.70625404989602,0.00679,6.10096,3287,27,0.004676340873523972,0.0037215961338729,6.79e-06,0.00610096,0.37245180773935066,2.989680084699213
64167055,20260207,81.25,32.44,3.1723724999999994,0.0,17.222387976191325,0.0,54.63583,0.0,164691,0,0.03537253806997573,0.0,0.6724409846153846,0.0,-0.46910024734305406,-1.0
64167205,20260207,1000.0,10.0,0.7703270299999996,6.396338292999998,7.99997891804472,11.666812309607732,6.162599999999999,74.62489,33173,40,0.0040760582416907295,0.0010070015656937,0.006162599999999999,0.07462489,-0.20000210819552802,0.1666812309607731
64167208,20260207,23.184850000000004,11.0,3.0764840899999992,0.0,5.404780104031029,0.0,16.62772,0.0,123190,0,0.21431802366040362,0.0,0.7171804001319826,0.0,-0.5086563541789973,-1.0
64169441,20260207,1000.0,42.0,1.0633208999999995,0.0,37.191528916623405,0.0,39.546530000000004,0.0,4423,0,0.0005336438111554842,0.0,0.03954653,0.0,-0.11448740674706179,-1.0
64170496,20260207,1000.0,28.6,0.64915827,0.0,24.26086322523473,0.0,15.749139999999999,0.0,33079,0,0.09464663805436338,0.0,0.01574914,0.0,-0.1517180690477368,-1.0
64170958,20260207,1000.0,12.96,0.0136183,0.0065202335,10.197308034042427,22.25959245286954,0.13887,0.14516,1341,6,0.05881578947368421,0.0436507936507936,0.00013887,0.00014516,-0.21317067638561524,0.7175611409992116
64172315,20260207,4.587155963302752,41.08,0.0078272599999998,0.1029960847046131,31.71224668658079,44.53675394885962,0.24822,4.587155818939209,116261,25,0.34642729439809294,0.3218365351814808,0.05411196,0.9999997920990356,-0.22803683820397294,0.0841468345600651
64173658,20260207,31.25,14.4,0.0010938100000000002,0.0114284072,11.821065815818102,72.02298295925618,0.01293,0.8231799999999999,1071,7,0.013819354838709677,0.0374136097820308,0.00041376,0.0263417583922266,-0.1790926516792985,4.001596171334286
64176266,20260207,1000.0,12.0,0.1550569299999994,58.25795482442062,4.834804868121682,17.16503756180231,0.74967,999.9999999999995,8914,447,0.003950540684275838,0.1156574588095122,0.0007496699999999999,0.9999999999999996,-0.5970995943231932,0.4304197968168592
64177035,20260207,237.66124999999988,12.0,24.485487429999996,0.0,4.2817244418646245,0.0,104.84011000000001,0.0,980620,0,0.018343952380774225,0.0,0.44113253633059685,0.0,-0.6431896298446146,-1.0
64177878,20260207,1000.0,32.0,0.00361909,0.0,45.48380946591546,0.0,0.16461,0.0,1510,0,0.028761904761904763,0.0,0.00016461,0.0,0.42136904580985823,-1.0
64178557,20260207,1000.0,31.31,0.0886122099999985,0.0,10.052790693291762,0.0,0.8908,0.0,3427,0,0.0014999781152886594,0.0,0.0008908000000000001,0.0,-0.6789271576719335,-1.0
64179227,20260207,56.35257,15.02,0.2565519399999994,4.334864183895599,9.946562867542555,12.999843637452177,2.5518099999999997,56.35256958007815,15383,41,0.00022105791076347823,0.0043322062552831,0.045282939180945954,1.0000000000000004,-0.3377787704698698,-0.1344977868670636
64179291,20260207,1000.0,12.93,0.060736689999999496,1.5378251791999995,0.0,11.822610543317769,0.0,18.18112,2521,26,0.7002777777777778,0.7157894736842105,0.0,0.0181811199999999,-1.0,-0.0856449911617351
64179450,20260207,1000.0,30.0,0.0473905999999994,0.0,5.531476706351119,0.0,0.26214000000000004,0.0,1223,0,0.01828101644245142,0.0,0.00026214000000000006,0.0,-0.8156174431216293,-1.0
64179691,20260207,1000.0,12.7,0.12804487999999942,1.885010636,0.0,20.7037395709742,0.0,39.026790000000005,9051,87,0.5728481012658228,0.6429480519480519,0.0,0.03902679,-1.0,0.6302157387333207
64179851,20260207,1000.0,10.01,0.3255854799999997,58.0736869962,5.419129870287833,14.09889828339429,1.7643900000000001,818.7750199999997,5984,250,0.00380831158913002,0.0121988136334897,0.0017643900000000002,0.8187750199999997,-0.4586283845866301,0.4084813147870629
64180437,20260207,1000.0,36.3,0.07243698999999988,0.0,9.931251974992351,0.0,0.7193900000000001,0.0,6046,0,1.7782352941176471,0.0,0.0007193900000000001,0.0,-0.7264117913225248,-1.0
64180824,20260207,1000.0,11.0,0.4633129199999991,0.2462092426,6.137903514540466,25.025441407042425,2.84377,6.16152,1778,10,0.007061159650516282,0.002141369504269,0.0028437700000000002,0.00616152,-0.44200877140541217,1.2750401279129475
64181008,20260207,1000.0,30.8,0.1026293999999999,0.0,14.458040288650244,0.0,1.48382,0.0,1024,0,0.014566145092460882,0.0,0.0014838199999999998,0.0,-0.5305831075113558,-1.0
64182141,20260207,1000.0,30.45,0.22106836999999901,0.0,19.310134688196317,0.0,4.268859999999999,0.0,7010,0,0.008311595921271045,0.0,0.004268859999999999,0.0,-0.3658412253465905,-1.0
64182450,20260207,1000.0,30.2,3.893210929999998,0.0,20.506184081837056,0.0,79.8349,0.0,237555,0,0.022238188405118747,0.0,0.0798349,0.0,-0.3209872820583756,-1.0
64182863,20260207,43.47826086956522,19.85,0.05433192999999931,0.0,12.836466512417445,0.0,0.6974299999999999,0.0,5513,0,0.025992456388495993,0.0,0.016040889999999995,0.0,-0.3533266240595746,-1.0
64183074,20260207,250.0,12.0,3.24779411,0.0,9.685964976394395,0.0,31.458020000000005,0.0,1405,0,0.0030683555361432626,0.0,0.12583208,0.0,-0.19283625196713375,-1.0
64183342,20260207,25.0,32.0,0.13441108999999982,0.1050356625999999,16.096811654455024,39.62901997230822,2.16359,4.1625,5578,2,0.042353834472285495,0.0027203382042091,0.0865436,0.166499987297059,-0.4969746357982805,0.2384068741346319
64185135,20260207,250.0,28.0,0.7614459199999998,0.0,50.63039801959937,0.0,38.552310000000006,0.0,26135,0,0.0095701050935589,0.0,0.15420924000000003,0.0,0.8082285006999774,-1.0
64185273,20260207,1000.0,10.57,0.2491786699999995,0.2500597648,2.0164246000670967,15.277006782952942,0.5024500000000001,3.82018,1365,10,0.003414207103551776,0.0061282614099515,0.0005024500000000001,0.00382018,-0.8092313528791772,0.4453176181673486
64186013,20260207,82.85864999999998,10.0,0.7175463199999993,6.635079516707718,6.5986262740501616,12.487964539220611,4.73482,82.85865020751955,1590,13,0.0001596561869282752,0.0055140837349426,0.05714333989269679,1.0000000000000002,-0.34013737259498383,0.2487964539220611
64188498,20260207,1000.0,26.98,0.00055345,0.0020927285,0.0,33.09884734338764,0.0,0.0692999999999999,20762,1,0.020013495276653172,7.2811999417504e-05,0.0,6.929999999999999e-05,-1.0,0.2267919905473849
64189196,20260207,96.95803,32.41,4.22056063,0.0,14.630236457472718,0.0,61.74780000000001,0.0,9290,0,0.004811227924801906,0.0,0.6368508106033096,0.0,-0.5485888164926652,-1.0
64191414,20260207,17.857142857142858,12.0,0.0007293699999999,0.2802513071671542,0.0,63.71809596360921,0.0,17.857143402099613,1305,6,0.09525547445255475,0.8,0.0,0.9999998931884916,-1.0,4.309841330300768
64192383,20260207,89.25466,25.49,9.178e-05,0.0,0.0,0.0,0.0,0.0,1309,0,0.010123743232791957,0.0,0.0,0.0,-1.0,-1.0
64194238,20260207,81.57952999999999,21.79,4.458517339999998,0.0,15.61224611049736,0.0,69.60747,0.0,403900,0,0.030068638982773253,0.0,0.8532467642311743,0.0,-0.2835132578936503,-1.0
64196351,20260207,1000.0,10.57,3.1800113399999996,0.0,3.4789813045132094,0.0,11.063199999999998,0.0,3105,0,0.0174732695554305,0.0,0.011063199999999999,0.0,-0.6708626958833293,-1.0
64197886,20260207,1000.0,14.01,0.038668239999999895,0.6366003178,0.0,222.9197081941698,0.0,141.91097999999997,1783,19,0.3793617021276596,0.4814814814814814,0.0,0.1419109799999999,-1.0,14.91147070323506
64199904,20260207,1000.0,14.08,67.29315,0.0,5.938134267752364,0.0,399.59576,0.0,13269,0,0.00487651598676957,0.0,0.39959575999999997,0.0,-0.5782575093925878,-1.0
64200276,20260207,1000.0,16.91,0.0016089999999997998,0.1492741687,0.0,43.2704920466789,0.0,6.459210000000001,5823,49,0.09331730769230769,0.1862214452686019,0.0,0.00645921,-1.0,1.558870043591454
64200567,20260207,1000.0,10.57,0.0177245,5.294186956599999,17.66537843098536,35.75843765879039,0.31311,189.31188999999995,1558,41,0.0010981110797857344,0.0031268781005845,0.00031311,0.1893118899999999,0.6712751590336197,2.3830121751375377
64200673,20260207,1000.0,10.57,0.3103161699999992,9.1976481441,1.7392261576314292,37.819796618697616,0.53971,347.85322000000014,109142,188,0.055119438412201405,0.0144834227426627,0.00053971,0.3478532200000001,-0.8354563710850115,2.5780319499173427
64200779,20260207,1000.0,10.57,0.0643217299999998,2.76677804,0.0,29.97036583015317,0.0,82.92138,6309,17,0.006850906721685308,0.0021060980708064,0.0,0.08292138,-1.0,1.8354178519824056
64200992,20260207,1000.0,10.57,0.017003289999999997,15.415891277300002,0.0,31.134245839713564,0.0,479.9621800000001,4000,292,0.0020105554159336515,0.0116622567925253,0.0,0.47996218,-1.0,1.945529492773683
64201906,20260207,56.696800000000025,11.0,10.726451249999997,0.0,3.8076889595708563,0.0,40.84299,0.0,197235,0,0.004238677732838765,0.0,0.7203755767521268,0.0,-0.6538464582208312,-1.0
64203094,20260207,137.93103448275863,26.6,0.0356458999999998,0.0,10.486760048140233,0.0,0.37380999999999986,0.0,3258,0,0.043790322580645163,0.0,0.0027101224999999986,0.0,-0.605760900445856,-1.0
64203381,20260207,1000.0,46.06,8.86759621,0.0,23.37587268196101,0.0,207.2878,0.0,7833,0,0.0031326987681970886,0.0,0.2072878,0.0,-0.49249082323141535,-1.0
64206422,20260207,70.27027027027027,20.7,0.0865666899999999,2.0622586588000003,8.043625094132638,25.41789525694425,0.6963100000000001,52.4183,7980,16,0.014169034090909092,0.0008878515288912,0.009909026923076924,0.7459527198246776,-0.6114190775781334,0.2279176000056747
64207947,20260207,43.54540999999999,34.69,0.4057536099999998,0.0,16.098858615207398,0.0,6.53217,0.0,32508,0,0.011378368918445922,0.0,0.15000823278503983,0.0,-0.5359222076907639,-1.0
64209682,20260207,91.66666666666669,19.44,0.0688815899999996,0.5837396879,11.315214994311315,27.33182786589168,0.7794099999999998,15.9547,4702,7,0.00446067735508965,0.0006569816929781,0.008502654545454541,0.1740512775560213,-0.4179416155189653,0.4059581849294755
64210997,20260207,1000.0,29.6,14.719852320000005,0.0,21.984303440348636,0.0,323.60569999999996,0.0,567575,0,0.02156194202788436,0.0,0.32360569999999994,0.0,-0.25728704593416774,-1.0
64211279,20260207,1000.0,29.6,22.07498266,0.0,12.382329092166996,0.0,273.3397,0.0,227820,0,0.04386552680221811,0.0,0.2733397,0.0,-0.5816780712105745,-1.0
64211664,20260207,74.95335,25.49,0.4076202799999996,0.0,14.515322937318047,0.0,5.916739999999999,0.0,20267,0,0.01857653528872594,0.0,0.07893896670395652,0.0,-0.4305483351385623,-1.0
64212391,20260207,91.66666666666669,19.44,1.6268780499999997,0.0,9.714870761210406,0.0,15.80491,0.0,36594,0,0.03395879732739421,0.0,0.17241719999999996,0.0,-0.500263849731975,-1.0
64213114,20260207,75.75757575757575,30.26,0.0279668399999995,0.0,14.767131359853577,0.0,0.41299,0.0,1800,0,0.04774535809018567,0.0,0.005451468000000001,0.0,-0.5119916933293597,-1.0
64213169,20260207,31.25,48.29,0.32624695999999975,0.0,20.86312160579214,0.0,6.8065299999999995,0.0,14638,0,0.065818345323741,0.0,0.21780896,0.0,-0.5679618636199598,-1.0
64213821,20260207,1000.0,18.5,0.2002999399999995,0.0,12.075839862957553,0.0,2.41879,0.0,9066,0,0.0199779638607316,0.0,0.00241879,0.0,-0.34725189929959177,-1.0
64215857,20260207,1000.0,32.86,0.0351784899999996,0.2599349062,0.0,45.68241522917391,0.0,11.8745,1101,6,0.15728571428571428,0.1387499999999999,0.0,0.0118745,-1.0,0.3902134625884039
64217599,20260207,4.044489383215369,17.6,0.1622412699999998,0.1632757554294368,0.0,24.77076037590306,0.0,4.04448938369751,32190,3,0.014040214594146639,0.0451449275362318,0.0,0.9999997642040808,-1.0,0.4074295363074601
64219175,20260207,100.0,12.0,0.0515070499999997,5.755288509266999,0.0,17.37532053582759,0.0,100.0,1005,42,0.0017197125256673512,0.1735537190082644,0.0,1.0,-1.0,0.4479433779856325
64220364,20260207,46.8393,21.41,1.4290032399999988,0.0,14.2031378459296,0.0,20.29633,0.0,8950,0,0.0033808030823858273,0.0,0.4333183886181049,0.0,-0.3366119642256142,-1.0
64223859,20260207,254.73218000000003,17.2,24.39700391,0.0,9.584076834293546,0.0,233.82276000000005,0.0,61947,0,0.11044214655018719,0.0,0.9179160638439949,0.0,-0.4427862305643287,-1.0
64226642,20260207,1000.0,25.05,2.911225099999997,0.0,20.00017793196412,0.0,58.22501999999999,0.0,145572,0,0.04301137538779731,0.0,0.05822501999999999,0.0,-0.20158970331480558,-1.0
64228142,20260207,1000.0,25.88,16.338159759999996,0.0,11.14501159707108,0.0,182.08898000000002,0.0,160994,0,0.039788937768770696,0.0,0.18208898,0.0,-0.5693581299431576,-1.0
64228755,20260207,3.289473684210526,39.44,0.026049599999999902,0.003832497,0.0,32.58121761931729,0.0,0.1249,4488,1,0.0024147207575594535,0.001025641025641,0.0,0.0379695879780738,-1.0,-0.1739041898126965
64230865,20260207,4.664179104477612,27.0,0.07598885999999959,0.185119492,4.362086758506468,22.103107061312915,0.33147,4.091738053918921,1113,3,0.0009238814642649622,0.0002899262657599,0.071067168,0.87726841789033,-0.8384412311664271,-0.1813664051365587
64234222,20260207,1000.0,30.0,2.6940209299999993,0.0,17.866490740292804,0.0,48.1327,0.0,242210,0,0.07102099460473844,0.0,0.0481327,0.0,-0.40445030865690657,-1.0
64234606,20260207,1000.0,23.0,0.31791198999999937,0.0,10.626966287116149,0.0,3.3784399999999994,0.0,12826,0,0.01890625,0.0,0.0033784399999999995,0.0,-0.5379579875166892,-1.0
64235463,20260207,1000.0,24.0,0.0842020999999997,0.0,16.040336286149692,0.0,1.35063,0.0,1323,0,0.017005141388174806,0.0,0.00135063,0.0,-0.3316526547437628,-1.0
64241038,20260207,33.76623376623377,29.2,0.0358887899999995,0.0,12.741861734541802,0.0,0.45729000000000003,0.0,1137,0,0.03404191616766467,0.0,0.013542819230769231,0.0,-0.5636348721047327,-1.0
64241684,20260207,1000.0,45.34,0.8573661299999993,0.0,3.215709022701891,0.0,2.75704,0.0,33414,0,0.8149756097560975,0.0,0.00275704,0.0,-0.9290756721944885,-1.0
64242210,20260207,83.33333333333333,10.11,1.8413342199999982,0.0,2.6173955535350912,0.0,4.819500000000001,0.0,13308,0,0.6247887323943662,0.0,0.05783400000000001,0.0,-0.7411082538540957,-1.0
64243018,20260207,1000.0,23.0,6.0448736499999995,0.0,20.18627965863274,0.0,122.02351000000002,0.0,51905,0,0.0026836494116187206,0.0,0.12202351000000002,0.0,-0.12233566701596789,-1.0
64243086,20260207,1000.0,24.0,12.515210269999994,0.0,28.36371761574887,0.0,354.97789,0.0,187263,0,0.08778090282660667,0.0,0.35497789,0.0,0.18182156732286966,-1.0
64243116,20260207,463.68224000000015,15.2,14.17871752,0.0,16.137763494987805,0.0,228.81279,0.0,86142,0,0.026415013339057374,0.0,0.49346895408372754,0.0,0.06169496677551354,-1.0
64243513,20260207,2.0408163265306123,14.0,0.0091062599999999,0.0360549368479032,10.682761089624178,56.60139454084248,0.09728,2.040816307067871,1934,3,0.035682656826568265,0.4,0.0476672,0.9999995326997988,-0.2369456364554159,3.04295675291732
64243585,20260207,1000.0,30.39,0.026553789999999897,0.0,45.76559504311832,0.0,1.21525,0.0,2688,0,0.1452972972972973,0.0,0.00121525,0.0,0.5059425812148179,-1.0
64243604,20260207,1000.0,38.5,0.0999368999999999,0.0,15.235413545947509,0.0,1.52258,0.0,7150,0,0.7222222222222222,0.0,0.00152258,0.0,-0.6042749728325323,-1.0
64244911,20260207,1000.0,30.0,6.121857509999996,0.0,22.903491264042835,0.0,140.21190999999993,0.0,757362,0,0.03837425644247626,0.0,0.14021190999999994,0.0,-0.23655029119857218,-1.0
64245999,20260207,18.21862,43.2,0.311210269999999,0.0293004832,3.5169469182363535,237.031004628462,1.09451,6.945360000000001,84199,24,0.0032244586904406304,6.876317137901011e-05,0.06007644925905475,0.3812231199945979,-0.9185891917074918,4.4868287139431455
64247345,20260207,1000.0,25.0,0.0607088999999998,0.0,6.714995659615004,0.0,0.40766,0.0,2410,0,0.0017018572134736248,0.0,0.00040766,0.0,-0.7314001736153998,-1.0
64247673,20260207,6.11573,14.0,0.1481014399999997,0.1557304042498372,0.0,39.27101176713215,0.0,6.115729808807373,2012,3,0.004583143507972665,0.3055555555555555,0.0,0.999999844062083,-1.0,1.805072269080868
64248486,20260207,1000.0,24.0,4.042825229999998,0.0,14.888192433685793,0.0,60.19036,0.0,44498,0,0.002013274636576284,0.0,0.06019036,0.0,-0.3796586485964253,-1.0
64248889,20260207,53.68735000000001,12.0,7.095059879999999,0.0,7.56686355126294,0.0,53.68735,0.0,2244,0,0.0008677494199535963,0.0,0.9999999999999999,0.0,-0.369428037394755,-1.0
64249960,20260207,17.857142857142858,10.8,0.8767438299999986,0.1931637436705708,2.560508466880233,92.44514844051324,2.24491,17.85714340209961,23464,3,0.008315849163595124,0.0252100840336134,0.12571496,0.9999998931884913,-0.7629158826962747,7.559735815543815
64250556,20260207,111.11111111111111,22.0,2.886279929999999,0.0,13.171684979287514,0.0,38.01717,0.0,1899,0,0.02944186046511628,0.0,0.34215453,0.0,-0.4012870463960221,-1.0
64251558,20260207,9.98865,11.0,1.0368590099999995,0.3706490399932807,8.441610590816977,26.94900645941257,8.75276,9.98865032196045,110634,3,0.027351479641029443,0.0083028083028083,0.8762705670936514,0.9999999045242156,-0.23258085538027487,1.449909678128415
64251856,20260207,1000.0,14.0,0.6012973099999992,5.8526959409,11.061649352796888,10.707784851467638,6.65134,62.669419644,36349,35,0.08878602833414753,0.0036743669359689,0.00665134,0.062669419644,-0.2098821890859366,-0.2351582248951687
64252001,20260207,500.0,31.59,2.267827349999999,0.0,22.71967484650012,0.0,51.5243,0.0,5454,0,0.003928545703378233,0.0,0.10304859999999999,0.0,-0.2807953514878088,-1.0
64252871,20260207,28.571428571428573,12.78,1.1795572099999987,0.1881343498,4.254927151858963,21.86085711362682,5.018929999999999,4.1128,2991,1,0.005420442189198985,0.0001375137513751,0.17566254999999997,0.1439479917632298,-0.6670636031409262,0.7105522355550505
64253222,20260207,217.39215,14.0,24.126202079999977,0.0,8.728238257382623,0.0,210.57924,0.0,73926,0,0.014431625183016106,0.0,0.9686607359097373,0.0,-0.3765544101869555,-1.0
64253303,20260207,1000.0,23.0,3.345938229999995,0.0,18.80376614125363,0.0,62.91624,0.0,8295,0,0.0009206846030900373,0.0,0.06291624,0.0,-0.182444950380277,-1.0
64254998,20260207,1000.0,10.57,0.4476094999999991,0.0062734466999999,1.3856497683807003,27.88134290789338,0.6202299999999998,0.17494,1193,1,0.013634285714285715,0.003030303030303,0.0006202299999999998,0.00017494,-0.8689073066811068,1.6377808621457155
64255309,20260207,25.09375,24.0,0.5498827399999997,0.0,12.541201056792588,0.0,6.89619,0.0,11700,0,0.0070202808112324495,0.0,0.27481703611457037,0.0,-0.47744995596697554,-1.0
64256201,20260207,1000.0,16.17,0.6501424899999995,0.0,5.747047851002637,0.0,3.7364,0.0,1898,0,0.005142237875914386,0.0,0.0037364,0.0,-0.6445857853430651,-1.0
64256247,20260207,43.15131,16.1,2.242744929999999,0.0,16.70514533277755,0.0,37.465379999999996,0.0,3918,0,0.014048045894585873,0.0,0.8682327373143479,0.0,0.037586666632145944,-1.0
64256707,20260207,51.54639175257732,14.0,2.1488356899999976,0.0,14.493942065900827,0.0,31.145099999999996,0.0,148163,0,0.04547667280540209,0.0,0.6042149399999999,0.0,0.03528157613577333,-1.0
64257941,20260207,1000.0,49.28,0.5970098999999986,0.0,16.712419676792667,0.0,9.97748,0.0,6446,0,0.03401583113456464,0.0,0.00997748,0.0,-0.6608681072079411,-1.0
64258631,20260207,1000.0,35.4,0.0152288999999999,0.0,20.43942766713302,0.0,0.31127,0.0,3645,0,0.018446356275303645,0.0,0.00031127,0.0,-0.42261503765160957,-1.0
64259903,20260207,1000.0,13.2,0.06668739999999959,0.3057147246,0.7598136979399454,442.5950617261773,0.05067,135.30827,2795,9,0.07615803814713897,0.0243628890950319,5.067e-05,0.1353082699999999,-0.9424383562166708,32.52992940314422
64259917,20260207,1000.0,13.2,0.1527454999999998,1.0585898968999998,4.68256020635633,914.6141184808068,0.7152399999999999,968.20218,1895,9,0.09869791666666666,0.0302083333333333,0.0007152399999999999,0.96820218,-0.6452605904275508,68.28894937095644
64260084,20260207,1000.0,35.0,0.00042429,0.0155437479999999,0.0,23.200762083759734,0.0,0.3606499999999999,1274,11,0.5790909090909091,0.5,0.0,0.0003606499999999,-1.0,-0.3371210833211503
64260699,20260207,27.77777777777778,35.4,1.2609714499999978,0.304308313,2.2823910882359826,7.9924599612894545,2.87803,2.43218,35568,1,0.13281553398058252,0.0004208754208754,0.10360907999999999,0.0875584713157644,-0.9355256754735598,-0.7742243046106473
64261557,20260207,1236.2189999999996,41.08,3.174246849999999,0.0,18.125855586814243,0.0,57.53594,0.0,245674,0,0.0055992032199395575,0.0,0.046541866772796744,0.0,-0.5587669039237039,-1.0
64261838,20260207,1000.0,39.04,3.2300553899999986,0.0,32.512925420761924,0.0,105.01855000000002,0.0,3175,0,0.005731046931407942,0.0,0.10501855000000002,0.0,-0.16718941032884413,-1.0
64264364,20260207,171.42857142857142,20.47,1.1300918799999988,0.0,16.27196896592162,0.0,18.38882,0.0,71396,0,0.02991536076426716,0.0,0.10726811666666666,0.0,-0.2050821218406634,-1.0
64264474,20260207,1000.0,42.65,0.04366322999999919,0.0447237496,14.829411383445795,40.08228142209654,0.6475,1.79267,1731,1,0.017735655737704917,0.0014925373134328,0.0006475,0.00179267,-0.6522998503295242,-0.0602044551446109
64264541,20260207,283.49287999999984,40.51,0.44214112999999877,0.0,14.859757562025543,0.0,6.570110000000001,0.0,53294,0,0.03396036449372332,0.0,0.023175573227800304,0.0,-0.6331829779801149,-1.0
64265070,20260207,10.42728,14.5,1.1695604099999977,0.0,4.689582473127669,0.0,5.48475,0.0,5985,0,0.009328241895261845,0.0,0.5260000690496467,0.0,-0.6765805190946436,-1.0
64273314,20260207,2.22544,16.41,0.084113379999999,0.055366421168838,0.19533158696036462,40.19403429578757,0.01643,2.22544002532959,51074,4,0.021018106995884772,0.0512820512820512,0.007382809691566612,0.9999995714672618,-0.9880967954320314,1.449362258959817
64273516,20260207,1.7391304347826086,22.76,0.0370937599999997,0.0840815804906654,15.461630204109927,20.683599000182248,0.57353,1.7391303777694702,20375,2,0.0023010898413236207,0.0043103448275862,0.32977975,0.9999994516375508,-0.3206665112429734,-0.0912302815386042
64274858,20260207,1000.0,30.8,0.0925168099999999,0.0,50.51319862844391,0.0,4.67332,0.0,1243,0,0.06718918918918919,0.0,0.004673320000000001,0.0,0.6400389165079191,-1.0
64275253,20260207,17.857142857142858,36.0,0.0047236899999999,0.0341877973,0.0,105.21575147658088,0.0,3.5972,29358,27,0.006165056698866023,0.0003015941120274,0.0,0.2014431723359901,-1.0,1.9226597632383575
64275363,20260207,1659.0334900000007,43.2,67.53984965,0.0,24.175472827692328,0.0,1632.8078,0.0,126053,0,0.019687783088120452,0.0,0.9841921877056258,0.0,-0.440382573433048,-1.0
64275616,20260207,1000.0,37.4,0.040250760000000003,0.0,30.24588852483779,0.0,1.21742,0.0,2249,0,0.28833333333333333,0.0,0.0012174199999999999,0.0,-0.1912864030792035,-1.0
64275625,20260207,1000.0,37.4,0.0367623399999999,0.0,15.191633612006237,0.0,0.5584799999999999,0.0,1157,0,0.2966666666666667,0.0,0.0005584799999999999,0.0,-0.5938065879142718,-1.0
64277034,20260207,21.53507,48.0,0.0150192099999998,0.2738200594,0.0,28.65254417316012,0.0,7.84567,93407,8,0.03147454257505813,0.0002381138706389,0.0,0.3643205781244187,-1.0,-0.4030719963924976
64277064,20260207,1000.0,10.01,0.2871622799999993,10.5003517856,3.543153369586014,15.223543653049356,1.01746,159.852579004,5193,92,0.012181562280084447,0.0132355834781492,0.00101746,0.159852579004,-0.6460386244169817,0.5208334969988205
64277259,20260207,6.227130000000001,48.0,0.004693449999999999,0.1809777410658469,0.0,34.40807411712846,0.0,6.227129936218262,18015,4,0.006248699271592092,0.0012080113613432,0.0,0.999999846851731,-1.0,-0.2831651225598238
64277308,20260207,1000.0,10.01,0.0255705699999998,4.1793051511,3.227538533556375,14.77237880353665,0.08252999999999999,61.73829359999999,1079,38,0.020093109869646183,0.0561877333616464,8.253e-05,0.0617382935999999,-0.6775685780662962,0.4757620844916598
64277430,20260207,11.11111111111111,29.66,0.2584786599999994,0.0,13.298660709553381,0.0,3.4374199999999995,0.0,12110,0,0.007286840363439437,0.0,0.30936779999999997,0.0,-0.5516297805275326,-1.0
64277798,20260207,10.81081081081081,46.93,0.006884909999999999,0.0,1.2621806240023472,0.0,0.00869,0.0,1940,0,0.011672683513838749,0.0,0.000803825,0.0,-0.9731050367781302,-1.0
64277822,20260207,4.587155963302752,41.08,0.0077407199999999995,0.0069364079,0.0,24.00752592333514,0.0,0.16655,1250,3,0.5681818181818182,0.05,0.0,0.0363078935942074,-1.0,-0.4155909237280876
64284543,20260207,50.53480999999999,39.0,1.0065213999999978,0.0,35.35973502401447,0.0,35.59033,0.0,22256,0,0.04059832178037213,0.0,0.7042735492623798,0.0,-0.09334012758937259,-1.0
64284846,20260207,48.1084,20.0,0.7217396999999988,0.01996089,13.20391548365708,24.169599071029847,9.529789999999998,0.482470878,17441,2,0.0561345349211458,0.0007419278252611,0.19808993855542895,0.0100288285137324,-0.33980422581714603,0.2084799535514923
64284892,20260207,39.037420000000026,39.0,0.3397447199999992,0.0038395604,42.37252016749527,72.12749472707159,14.39584,0.27701,56968,1,0.05185508829419261,9.512937595129375e-05,0.36877027221573533,0.0070960122774144,0.08647487608962223,0.8494229417197844
64284934,20260207,1000.0,28.6,0.1691272599999999,0.0,11.384149426887191,0.0,1.9253699999999998,0.0,29263,0,0.16895496535796767,0.0,0.0019253699999999998,0.0,-0.6019528172417066,-1.0
64285482,20260207,1000.0,15.05,0.3025239099999994,0.1936687724,4.0481758945929345,17.210068245012305,1.22467,3.33307,2872,2,0.005589723627870767,0.0003269784117312,0.00122467,0.00333307,-0.7310182129838583,0.1435261147443194
64287527,20260207,500.0,14.85,12.79967503,0.0,13.407891184562363,0.0,171.61665,0.0,84430,0,0.020606252898250067,0.0,0.34323329999999996,0.0,-0.0971117047432752,-1.0
64288469,20260207,1000.0,48.4,0.0222398099999995,0.0170542776,11.540566218866338,560.7343500524435,0.25666,9.563479999999998,36100,27,0.10284900284900285,0.0053993852753895,0.00025666,0.00956348,-0.7615585491969765,10.585420090382136
64288593,20260207,6.666666666666667,42.48,0.0149318499999999,0.0,11.833764737792114,0.0,0.1767,0.0,1538,0,0.04090425531914894,0.0,0.026504999999999997,0.0,-0.7214273837619558,-1.0
64288685,20260207,1000.0,48.4,0.0020412599999999,0.0,5.839530486072614,0.0,0.01192,0.0,8469,0,0.0071197982345523325,0.0,1.192e-05,0.0,-0.8793485436761858,-1.0
64289306,20260207,1875.4841000000013,48.47,33.886855819999965,0.0,39.37990107693624,0.0,1334.46103,0.0,127531,0,0.014373577079999098,0.0,0.7115288420733608,0.0,-0.18754072463510948,-1.0
64290316,20260207,29.29814,46.01,2.8079208299999987,0.0,10.03276150061539,0.0,28.1712,0.0,168312,0,0.3561404993652137,0.0,0.9615354421816538,0.0,-0.7819438926186615,-1.0
64291686,20260207,149.58566000000005,14.0,0.3031502899999988,0.2915410632,1.991487456601154,18.4697935896339,0.6037199999999999,5.384721730000001,2018,5,0.001978043520878259,0.0003382392395845,0.00403594836563879,0.035997579097503,-0.8577508959570604,0.3192709706881356
64292377,20260207,500.0,14.85,6.535399799999999,0.0,11.858767997636505,0.0,77.50179,0.0,82898,0,0.0449921302578019,0.0,0.15500358,0.0,-0.2014297644689222,-1.0
64294249,20260207,1000.0,16.12,0.0075479599999997,0.09937483,8.69241490415988,139.0617819242365,0.06561,13.81938,10597,20,0.04617429193899782,0.024989146494019,6.561e-05,0.01381938,-0.46076830619355585,7.6266609605741
64294584,20260207,1000.0,16.12,0.010801759999999801,0.1890091211,16.105708699323372,30.535190213155204,0.17397,5.77146,1943,7,0.018845780795344325,0.0267687074829931,0.00017397000000000002,0.00577146,-0.0008865571139347728,0.8942424704369515
64295073,20260207,1000.0,46.11,0.5205999499999986,0.0,8.156877464164204,0.0,4.2464699999999995,0.0,42468,0,0.010845016471309277,0.0,0.00424647,0.0,-0.8230995995626935,-1.0
64295359,20260207,1000.0,16.12,0.0141792999999997,0.5262519545,8.638649298625644,53.28483148687007,0.12249,28.0413,13127,44,0.03294102885821832,0.0279039731190665,0.00012249,0.0280412999999999,-0.4641036415244638,2.305510466053057
64297425,20260207,16.129032258064516,30.0,0.06589823999999969,0.0043365497,0.5097252976710783,50.38097891996488,0.03359,0.2185299999999999,20530,4,0.01651117902525334,0.0004545856847091,0.00208258,0.0135488585011409,-0.9830091567442973,0.6793659639988292
64297686,20260207,72.98465,13.5,7.2654793999999985,0.0,5.7479813376113915,0.0,41.76184,0.0,7319,0,0.011315708101422387,0.0,0.5722003188341658,0.0,-0.5742236046213784,-1.0
64297824,20260207,1000.0,33.0,0.00205724,0.0,14.995819641850245,0.0,0.03085,0.0,1078,0,0.006382474837181764,0.0,3.085e-05,0.0,-0.545581222974235,-1.0
64297828,20260207,1000.0,33.0,3.462e-05,0.0,0.0,0.0,0.0,0.0,1020,0,0.007981220657276996,0.0,0.0,0.0,-1.0,-1.0
64297900,20260207,1000.0,33.75,0.0617128899999995,0.0,38.60765554813621,0.0,2.38259,0.0,11004,0,0.03144,0.0,0.00238259,0.0,0.14393053475959133,-1.0
64298522,20260207,1000.0,18.66,0.3327590199999992,0.0013042581999999,16.21981576938174,18.90047501712688,5.39729,0.0246699999999999,28618,1,0.026962502355379687,0.0001410636196924,0.00539729,2.467e-05,-0.13077085908993896,0.0128872010547267
64300269,20260207,3.38267,15.0,0.0333015799999996,0.0828343790596403,101.57686211885564,40.83605295334283,3.38267,3.3826699256896973,3055,3,0.006665939341042985,0.0178571428571428,1.0,0.9999997180706164,5.7717908079237095,1.7224035302228553
64300626,20260207,124.2748,33.41,3.2618417499999994,0.0,37.82700678228796,0.0,123.38571,0.0,96612,0,0.05384683981718872,0.0,0.992845774042686,0.0,0.13220612937108542,-1.0
64303588,20260207,1000.0,31.0,0.016442449999999803,0.0,20.38017448737894,0.0,0.33509999999999984,0.0,1900,0,0.014492753623188406,0.0,0.00033509999999999985,0.0,-0.3425750165361632,-1.0
64310659,20260207,11.363636363636363,36.0,0.44079624999999767,0.0,5.492061241446614,0.0,2.4208799999999995,0.0,55028,0,0.03378023327194598,0.0,0.21303743999999997,0.0,-0.8474427432931496,-1.0
64312120,20260207,22.371364653243848,20.0,0.0240902799999997,0.0118042807999999,7.66035097973134,8.558881547315675,0.18454,0.10104,1194,1,0.02417004048582996,0.001058201058201,0.008248938,0.0045164876269914,-0.616982451013433,-0.5720559226342162
64313364,20260207,28.82184,14.0,0.8467107599999993,0.0,6.343606640832111,0.0,5.3712,0.0,2769,0,0.006105843439911797,0.0,0.18635867800251474,0.0,-0.5468852399405635,-1.0
64313710,20260207,3.56287,14.0,0.10209126999999911,0.1711787242120292,0.2856267729846073,20.813621718549264,0.02916,3.5628700256347656,6444,4,0.07128318584070796,0.1770833333333333,0.008184413127619024,0.99999973232982,-0.9795980876439566,0.4866872656106617
64313873,20260207,37.76841,14.5,0.058672329999999696,0.2712794480061815,2.781208791264994,139.2227490281323,0.16318,37.76840972900391,2457,5,0.03540345821325649,0.0778769514524734,0.00432054195556551,1.0,-0.8081924971541383,8.601568898491884
64316397,20260207,8.95743,14.5,0.2817284699999998,0.0501066032287132,21.47298070372513,178.76388629044163,6.04955,8.957429885864258,1110,1,0.008460365853658537,0.5,0.6753667067451267,0.9999998807907104,0.4808952209465608,11.328543882099424
64321933,20260207,50.13335000000003,26.93,1.425379699999999,0.0,33.43966523446351,0.0,47.66422,0.0,66805,0,0.04123001913225946,0.0,0.950748753075547,0.0,0.24172540788947314,-1.0
64322228,20260207,70.37037037037037,27.0,1.58311936,0.0,12.335380700543007,0.0,19.52838,0.0,80365,0,0.0852588584765542,0.0,0.27750855789473683,0.0,-0.5431340481280368,-1.0
64325123,20260207,146.2962962962963,27.0,0.00340678,0.0,19.85746071070043,0.0,0.06765,0.0,1045,0,0.06741935483870967,0.0,0.0004624177215189873,0.0,-0.2645384921962804,-1.0
64326105,20260207,27.51538,48.47,2.9213346499999995,0.0,8.051806046938172,0.0,23.52202,0.0,121481,0,0.09831741663968922,0.0,0.8548680774170664,0.0,-0.8338806262236813,-1.0
64329733,20260207,9.54238,30.63,0.07121741000000001,0.4389069019933649,6.223759049928942,21.741190554120013,0.44324,9.542380332946776,2133,4,0.02669586983729662,0.1195030771016771,0.046449627870615094,0.9999999000590852,-0.7968083888367959,-0.2901994400976706
64330332,20260207,2.2222222222222223,39.44,0.0206249999999999,0.0055553159,0.0,54.55413361216557,0.0,0.30312,8855,4,0.7767543859649123,0.0434108527131782,0.0,0.1364039349575352,-1.0,0.3832184460377038
64330383,20260207,3.83043,48.47,0.20456177999999892,0.0484220270414702,14.937003383525585,79.10348164608371,3.05554,3.830430030822754,405234,2,0.36259305654974944,0.2142857142857142,0.7977015635320317,0.9999997510268896,-0.6918299281302747,0.6320090706392641
64331321,20260207,1000.0,46.01,0.0516835,0.0,1.4453355519653275,0.0,0.0747,0.0,1305,0,0.03625,0.0,7.47e-05,0.0,-0.9685864909375065,-1.0
64331738,20260207,9.726480000000002,39.44,1.047348069999999,0.0,9.28676939271966,0.0,9.72648,0.0,1593,0,0.008144171779141104,0.0,0.9999999999999998,0.0,-0.7645342446064994,-1.0
64332866,20260207,128.2051282051282,23.0,2.8191928399999986,0.0,16.53453404769573,0.0,46.614039999999996,0.0,29765,0,0.007353195484078164,0.0,0.36358951199999995,0.0,-0.281107215317577,-1.0
64333168,20260207,1000.0,11.98,0.4383652399999971,14.041118416499994,0.9315747754087498,45.82223973139446,0.40837,643.3955400000002,22439,3403,0.001033774227283826,0.0128329577178761,0.00040837,0.6433955400000002,-0.922239167328151,2.8248949484384323
64333829,20260207,1000.0,32.4,0.1015229899999997,0.0,13.938714767955553,0.0,1.4150999999999998,0.0,1273,0,0.09571428571428571,0.0,0.0014150999999999999,0.0,-0.5697927540754459,-1.0
64334266,20260207,3.18025,48.0,0.014133299999999701,0.0,14.89673324701269,0.0,0.21054,0.0,1242,0,0.011930835734870316,0.0,0.06620234258313026,0.0,-0.6896513906872356,-1.0
64334450,20260207,1000.0,17.05,0.16154832999999869,0.0881422847,8.248058026969456,597.7205203926328,1.3324599999999998,52.68505,15108,12,0.026720905553590378,0.0032196098057117,0.0013324599999999997,0.05268505,-0.5162429309695333,34.05692358586175
64335030,20260207,23.05754,41.08,1.5679240899999989,0.0,13.845581006412125,0.0,21.70882,0.0,80306,0,0.13417878028404345,0.0,0.9415063358883905,0.0,-0.6629605402528694,-1.0
64337334,20260207,10.416666666666666,41.08,0.0392302699999997,0.1220692064999999,4.800884623022005,46.300159244835896,0.18834,5.651870000000001,7363,17,0.44896341463414635,0.0688218390804597,0.018080640000000002,0.5425794537671565,-0.8831332857102725,0.1270729596179082
64337357,20260207,53.10449999999998,41.77,8.366232929999999,0.0,3.2647465386790278,0.0,27.313629999999996,0.0,188396,0,0.05297230423168846,0.0,0.5143373913698464,0.0,-0.9218399200699299,-1.0
64340004,20260207,1000.0,46.01,0.0509443099999997,0.0770393605,16.1197590074339,97.63285051086956,0.82121,7.521670000000001,9731,4,0.2756657223796034,0.0091807909604519,0.00082121,0.00752167,-0.6496466201383634,1.1219920467846722
64340433,20260207,6.666666666666667,42.48,0.0154323599999996,0.0005933850999999,0.0,41.774263856883366,0.0,0.02483,1610,1,0.006948640483383686,0.0003691399040236,0.0,0.003724499556005,-1.0,-0.0166133637701967
64341465,20260207,4.30407,13.0,0.716388269999999,0.0490773699768863,6.008012945270595,87.69790027474717,4.30407,4.304069995880127,1314,1,0.009977220956719818,0.0222222222222222,1.0,0.9999997615814208,-0.5378451580561081,5.745992328826706
64345690,20260207,1000.0,10.57,1.6606583499999985,0.0,2.7788798340128205,0.0,4.61477,0.0,2239,0,0.003711254765456655,0.0,0.00461477,0.0,-0.7370974613043689,-1.0
64347079,20260207,45.45454545454545,16.0,0.5146366499999981,1.0685438134,3.5692366643533964,13.86837483478819,1.8368599999999997,14.818980000000002,24720,45,0.022186322024771138,0.0046399973416607,0.040410919999999996,0.3260175699492667,-0.7769227084779127,-0.1332265728257381
64347573,20260207,1000.0,29.98,0.0034014999999999003,0.0,13.305894458327598,0.0,0.04526,0.0,1230,0,0.008161911081619112,0.0,4.5260000000000004e-05,0.0,-0.5561743009230288,-1.0
64354560,20260207,1000.0,10.0,2.4120214999999985,0.0,5.05597897862851,0.0,12.195129999999999,0.0,29162,0,0.001261534069033539,0.0,0.012195129999999998,0.0,-0.49440210213714897,-1.0
