model,ad_id,period,budget,target_CPA,target_conversion,conversion,CPA,budget_used,win_rate,spend,total_win,trajectory_length,CPA_violation
best_model.pt,39801836,20260207,10.45719,1.15,[3.74633022],4.840326794256917,2.160430037887941,0.9999999088020524,0.04162962962962963,10.457189559936527,26,25,0.8786348545026837
best_model.pt,40094971,20260207,12.328767,1.53,[5.22223499],2.2261668849259073,5.53811188558462,0.9999999226464207,0.13425925925925927,12.328766822814941,15,27,2.619681038656552
best_model.pt,43248022,20260207,6.67476,1.18,[7.75141488],3.0183156886672213,2.21141800324288,0.9999998571223234,0.0037383177570093455,6.674759864807128,10,25,0.8740831369003833
best_model.pt,46398308,20260207,19.79101,1.49,[24.21141073],0.0,0.0,0.0,0.0,0.0,0,22,-1.0
best_model.pt,48623756,20260207,146.44096,1.33,[36.67160579],0.0,0.0,0.0,0.0,0.0,0,22,-1.0
best_model.pt,49311445,20260207,431.85236,1.8,[279.38898166],143.55318320812972,3.008309138799125,0.9999999999999992,0.004351851851851852,431.8523559570309,188,24,0.67128289916228
best_model.pt,49847522,20260207,937.1593,1.84,[756.13697984],415.7893907889615,2.2539278785483745,1.0000000000000004,0.026173620985785566,937.159301757813,181,26,0.22496078133744415
best_model.pt,49902302,20260207,13.93352,5.21,[2.90565631],0.7415046615277298,18.790848189035128,0.9999999315553981,0.00030959752321981426,13.933520317077637,3,19,2.6066886854992077
best_model.pt,49990380,20260207,24.528301,1.48,[8.08145047],6.302496532013548,3.8918382933784765,0.9999999222388672,0.0294907908992416,24.52830123901367,41,26,1.6296204346097616
best_model.pt,50103278,20260207,969.91003,1.21,[753.35619906],395.0749548384052,2.455002575704656,1.0000000000000004,0.07121315241960532,969.9100341796878,350,31,1.0289276845514106
best_model.pt,50250900,20260207,29.411764,1.1,[1.50838678],4.636435758099999,1.826943931716906,0.28799732681652856,0.005249870420197784,8.470509999999999,11,41,0.6608580837445124
best_model.pt,51225207,20260207,105.26316,2.7,[3.96279239],18.039617102962026,5.83511026146849,1.0000000000000004,0.005289299193024694,105.26316070556645,50,21,1.1611519105247172
best_model.pt,51225953,20260207,54.45402,1.07,[16.52033907],19.24296655820153,2.829814127636909,0.9999999999999998,0.03367003367003367,54.45402145385741,10,27,1.6446859709510366
best_model.pt,51316356,20260207,1083.6785,6.0,[160.74719048],135.0267065926007,8.025660153593634,0.9999999999999996,0.00915792234035579,1083.6784667968745,139,26,0.337610025598939
best_model.pt,51711872,20260207,117.17214,1.34,[105.968494],43.71424971503758,2.6804106238175023,0.9999999999999998,0.16684201397810783,117.17214202880857,183,29,1.0003063858582637
best_model.pt,51815043,20260207,131.59317,7.1,[23.00516249],7.061142380081961,18.63624105654235,1.0000000000000002,0.0050473459967377695,131.59317016601565,38,25,1.6248227192767537
best_model.pt,51865028,20260207,10.87915,6.1,[1.49543616],0.997179198979453,10.909914177757518,0.9999999123392727,0.005208333333333333,10.879150390624996,33,22,0.7885105489054386
best_model.pt,51867779,20260207,240.31079,6.1,[60.62360374],28.79053834732695,8.346866591019127,0.9999999999999999,0.022280024939599408,240.31079101562497,62,26,0.36833880680558767
best_model.pt,51981983,20260207,9.803922,7.0,[1.88451035],0.8163186950969872,12.009904646927719,0.9999999027252305,0.025510204081632654,9.803921699523926,13,21,0.715700663846817
best_model.pt,52099940,20260207,736.64813,5.0,[182.11165784],93.59903855430542,7.8702531119117145,1.0000000000000016,0.011630390434514795,736.6481323242199,922,26,0.574050622382343
best_model.pt,52158782,20260207,402.12405,1.34,[294.70586683],155.64824042916027,2.5835438310306613,0.9999999999999997,0.05374915261903313,402.124053955078,376,26,0.9280177363254675
best_model.pt,52697878,20260207,256.73526,1.7,[146.14289987],54.826764379740624,4.682662897064388,1.0000000000000002,0.05652559284331912,256.7352600097657,136,26,1.7545075092466085
best_model.pt,52880899,20260207,73.77049,8.0,[2.41228638],6.195202307867543,11.907679036138614,1.0,0.09601568022620653,73.77049255371094,64,26,0.4884598795173267
best_model.pt,52881127,20260207,73.77049,8.1,[4.14286714],6.026429643123627,12.241158477097171,1.0,0.037983223839279816,73.77049255371094,166,27,0.5112540618024071
best_model.pt,52896858,20260207,237.28813,6.1,[3.67395475],6.920476558721256,34.28782619413804,1.0,0.029290878992498773,237.2881317138672,38,23,4.620955201671165
best_model.pt,53225658,20260207,121.21212,5.1,[4.51230342],13.552944511773134,8.943599747439274,1.0000000000000007,0.039070462667723384,121.21212005615243,338,24,0.7536470420941349
best_model.pt,53375682,20260207,125.0,2.2,[2.06456001],4.862059105130097,25.709266709415818,0.9999999999999998,0.014437041379260435,124.99999999999997,146,19,10.686030069173855
best_model.pt,53566239,20260207,136.80566,1.01,[212.67307573],79.35839304422704,1.7238965796895687,1.0000000000000002,0.037250052345058626,136.80566406250003,74,24,0.7068283128387642
best_model.pt,53572696,20260207,22.93578,1.09,[42.935085],6.514051620279375,3.520969342515003,0.9999999168396057,0.020378874856486796,22.935779571533203,8,26,2.230247004306309
best_model.pt,53577684,20260207,121.21212,5.0,[14.21841216],10.20062366315578,11.882813460823181,1.0000000000000007,0.010098847860603348,121.21212005615241,153,25,1.3765626921646361
best_model.pt,53730651,20260207,61.29961,2.47,[50.53852614],11.960895838745307,5.125001157051177,1.0,0.012012012012012012,61.29961013793945,32,24,1.074899229833131
best_model.pt,53763548,20260207,488.99796,2.04,[373.13468654],140.5088106244658,3.4801942288800904,1.0000000000000002,0.014063485225292263,488.9979553222657,162,25,0.7059775950774368
best_model.pt,53841870,20260207,200.65753,1.98,[20.96828807],68.29611919061689,2.9380516957367266,1.0,0.011458333333333333,200.65753173828125,55,25,0.4838644785021504
best_model.pt,53849804,20260207,55.555557,2.48,[0.25223668],3.7933928078204455,14.645344002102672,1.0000000000000002,0.19850870455709163,55.55555725097658,36,4,4.905380600591321
best_model.pt,53854143,20260207,571.02985,1.09,[366.8150792],325.7163234048395,1.7531508352699616,0.9999999999999998,0.014367816091954025,571.0298461914061,130,24,0.6083952124623665
best_model.pt,53919091,20260207,88.28999,2.0,[52.92278121],8.968254319803897,9.844723431453714,1.0000000000000002,0.02074069763170418,88.28999328613284,51,26,3.922361715726857
best_model.pt,54113091,20260207,148.76033,4.6,[7.87243864],10.52764609137613,14.130444239725174,1.0,0.0016326029563084345,148.7603302001953,59,23,2.071835767973535
best_model.pt,54547571,20260207,31.74728,6.5,[5.58273037],2.9930489511729657,10.606999762368803,0.9999999399208841,0.014038851974898486,31.747280120849606,11,24,0.6318461172875082
best_model.pt,54801379,20260207,897.71515,5.26,[164.47739424],0.0,0.0,0.0,0.0,0.0,0,21,-1.0
best_model.pt,54805715,20260207,112.676056,5.1,[1.75252787],8.339865219521545,13.510535174348076,1.0000000000000002,0.031089185525231575,112.67605590820314,37,21,1.6491245935271146
best_model.pt,54852798,20260207,100.0,5.0,[32.09324797],11.395943256584331,8.775051698083038,0.9999999999999997,0.01412625604923627,99.99999999999997,155,26,0.7550103396166076
best_model.pt,54858966,20260207,83.333336,1.76,[0.26597369],8.98103261325335,9.2788134935259,1.0,0.34892325383136064,83.33333587646484,74,5,4.272053149888703
best_model.pt,55104462,20260207,55.91231,6.5,[8.17849854],5.316592981789834,10.516566009265233,1.0,0.0036363636363636364,55.91231155395508,17,25,0.6179332321946512
best_model.pt,55113470,20260207,420.41623,3.33,[34.42696221],40.126489330001746,10.477273885419034,0.9999999999999994,0.007943172990418747,420.41622924804665,284,25,2.146328566205662
best_model.pt,55199224,20260207,78.07889,6.5,[6.50898521],8.276729645138367,9.433542214559745,0.9999999999999997,0.0034584980237154154,78.0788879394531,21,24,0.4513141868553454
best_model.pt,55242717,20260207,498.57053,3.59,[22.04998379],72.0588005831994,6.918940020774492,0.9999999999999996,0.034922835748416654,498.57052612304665,208,26,0.9272813889120838
best_model.pt,55272899,20260207,18.072289,2.35,[6.39534194],4.637054373894288,3.897363101361056,0.9999998944600497,0.05030864197530865,18.072288513183594,32,24,0.6584524508610241
best_model.pt,55273179,20260207,148.76033,4.1,[10.45811196],19.45415732435388,7.646711192535543,1.0,0.023863818681860875,148.7603302001953,340,25,0.8650515537562731
best_model.pt,55397530,20260207,472.23608,4.1,[128.75972989],71.00641811018349,6.650611168711205,1.0,0.026500832998219107,472.236083984375,118,26,0.6221003227821332
best_model.pt,55642709,20260207,64.70373,5.6,[4.89112802],7.104198175349994,9.107814424273975,0.9999999999999998,0.09739592016319931,64.70372772216795,120,28,0.6263954606034167
best_model.pt,55644105,20260207,390.48068,1.47,[288.68249237],79.71454806716056,4.89848700071127,0.9999999999999997,0.14863279615722536,390.48068237304676,193,32,2.33230401726074
best_model.pt,55659771,20260207,110.68762,1.52,[65.454795],29.34739641517808,3.771633324223372,1.0,0.16703853955375253,110.6876220703125,59,29,1.4813377444415354
best_model.pt,55774064,20260207,28.10267,9.1,[2.37391606],1.5427767228303673,18.215631619309836,0.9999999321292795,0.003146031641469868,28.10267066955566,13,20,1.0017176764522133
best_model.pt,55775102,20260207,530.4762,3.15,[118.12669098],88.2102962061152,6.0137672481653,1.0000000000000004,0.0384499565047165,530.4761962890627,255,28,0.9091324019353164
best_model.pt,55968571,20260207,246.66495,4.1,[98.12811472],37.923786978822605,6.504227574721921,1.0000000000000002,0.006934673366834171,246.66494750976568,69,25,0.5863970063445193
best_model.pt,56069198,20260207,355.1182,6.0,[32.74950256],38.43812385918228,9.23869714979725,1.0,0.01403548609371085,355.1181945800781,57,26,0.5397828582995418
best_model.pt,56094571,20260207,305.08475,6.1,[0.99213791],23.61158562228297,12.920976137475458,0.9999999999999997,0.53002551122652,305.084747314453,280,21,1.118192842538044
best_model.pt,56096389,20260207,23.9461,3.1,[14.66979506],5.003801963276548,4.785580169868473,0.9999999203482627,0.031031468531468535,23.946100234985348,15,26,0.5437355861582486
best_model.pt,56107853,20260207,1000.0,2.71,[7.08487496],204.1384717922544,4.898635648252693,0.9999999999999998,0.056656581362157725,999.9999999999998,649,25,0.8076146049068885
best_model.pt,56227729,20260207,125.0,1.4,[142.7010595],47.09850965469253,2.654011735454869,1.0000000000000013,0.014874067908488199,125.00000000000016,307,24,0.8957227004660145
best_model.pt,56235388,20260207,53.333332,4.5,[1.47756882],0.0,0.0,0.0,0.0,0.0,0,51,-1.0
best_model.pt,56718065,20260207,49.68944,8.1,[2.83481153],4.259996786310124,11.664194249252793,0.9999999999999994,0.012772521954753946,49.689441680908175,84,23,0.4400239135712672
best_model.pt,56771422,20260207,642.421,1.81,[106.68609125],223.3486901423554,2.876314238610665,1.0,0.019929554884949074,642.4210205078125,249,25,0.5891239389729647
best_model.pt,56864799,20260207,6.76347,5.22,[1.4825993],0.7976382310926388,8.47935997784011,0.9999998589963203,0.037267080745341616,6.76347017288208,22,23,0.6243985284774874
best_model.pt,56938464,20260207,749.1659,1.65,[690.00034266],222.4926143901305,3.367149477033469,0.9999999999999989,0.237984902462329,749.1658935546867,244,32,1.04069668223483
best_model.pt,56963719,20260207,31.25,7.0,[2.4867074],0.8666204692531776,36.0595728454894,0.9999999389648477,0.03625009866244088,31.250000000000007,60,23,4.151367549355628
best_model.pt,57222417,20260207,5.5555553,1.52,[0.38508526],0.11365578978806566,48.8801008192058,0.9999998211860657,1.0,5.55555534362793,1,1,31.15796146879621
best_model.pt,57240198,20260207,36.39775,4.14,[14.11884913],1.3856805682724556,26.26703832098284,1.0,0.012169052488070892,36.39775085449219,18,25,5.344695451229728
best_model.pt,57326971,20260207,40.0,4.1,[0.33055519],2.7851245183709605,14.362009803923051,1.0000000000000002,0.08785192909280501,40.00000000000001,17,4,2.5029293019483956
best_model.pt,57339315,20260207,166.66667,6.0,[0.75598828],12.337457728115004,13.508995282239468,1.0000000000000002,0.2780143204193837,166.66667175292972,177,9,1.251499213706578
best_model.pt,57424010,20260207,5.58992,7.1,[0.90239374],0.26560164210541576,21.0461763468705,0.9999998293939543,0.037037037037037035,5.589920043945312,4,6,1.964250229515976
best_model.pt,57429522,20260207,6.8627453,6.0,[4.83043373],0.8045288362923416,8.530131482333822,0.9999998610360513,0.005016722408026756,6.86274528503418,3,26,0.4216885803889703
best_model.pt,57521810,20260207,626.1568,4.5,[311.66269259],61.25825839302591,10.221589799002551,0.9999999999999992,0.006800114057573863,626.1567993164058,437,25,1.2714643997783446
best_model.pt,57574306,20260207,21.73913,1.94,[0.15081066],2.221367258703927,9.78636925010599,0.9999999122619689,0.2669726107226107,21.7391300201416,22,4,4.044520083224864
best_model.pt,57575512,20260207,5.524862,1.87,[3.95347499],0.7872889018255451,7.017569766588724,0.999999827384976,0.007301587301587301,5.52486181259155,23,21,2.7527110955585044
best_model.pt,57579039,20260207,69.34497,5.0,[24.4980702],8.559457321094945,8.101560648087164,1.0000000000000002,0.016,69.34497070312501,12,25,0.6203121296174328
best_model.pt,57611618,20260207,143.08836,5.6,[37.39685107],19.558135891959,7.316052875480657,1.0000000000000002,0.08187256718245098,143.08836364746097,327,28,0.30643803572719586
best_model.pt,57655917,20260207,1468.0747,8.5,[19.98186521],95.94276604229198,15.301567301932389,1.0000000000000009,0.022629867862232925,1468.0747070312514,1611,42,0.800184388462634
best_model.pt,57664872,20260207,118.42105,6.1,[0.38507583],5.029855500567795,23.543624159461146,1.0000000000000002,0.09371074636909126,118.42105102539064,56,5,2.859610578285622
best_model.pt,57724669,20260207,420.41623,3.33,[20.02183388],56.934075799512456,7.384263570804868,0.9999999999999989,0.06342828131578752,420.4162292480464,993,27,1.2174966186145446
best_model.pt,57813819,20260207,1.3888888,2.63,[0.74368292],0.4395858019963584,3.1595326101680556,0.9999992847442627,0.0010460251046025104,1.3888888359069824,1,2,0.20134314550769705
best_model.pt,57813830,20260207,1.3888888,2.63,[0.57066887],0.3926838330965178,3.5369047104643543,0.9999993133549375,0.003472222222222222,1.3888888359069824,3,2,0.34483062987098956
best_model.pt,57847622,20260207,168.9004,1.57,[10.61840298],54.58811809015051,3.0940872977296676,1.0,0.03214015151515152,168.90040588378906,123,24,0.9707561747512055
best_model.pt,57855436,20260207,247.62653,1.18,[69.28976918],132.1650821913199,1.8736153294016864,0.9999999999999994,0.02031063321385902,247.6265258789061,51,27,0.587809671767473
best_model.pt,57863659,20260207,66.666664,5.0,[9.79001159],9.628946803090624,6.923566882576414,1.0,0.005294117647058823,66.66666412353516,9,25,0.38471337651528276
best_model.pt,57922732,20260207,90.90909,6.8,[5.45156222],3.8547297913210845,23.583770970322274,0.9999999999999997,0.0910462359294395,90.9090881347656,48,26,2.468201516002255
best_model.pt,57950075,20260207,3.5460992,3.69,[1.46942648],0.9481591197812008,3.7399792629560373,0.9999997310639072,0.005065856129685917,3.5460991859436035,5,21,0.013544499989310526
best_model.pt,57950895,20260207,56.603775,2.13,[18.7517804],14.734779915307145,3.841507746179757,0.9999999999999998,0.04441176470588235,56.60377502441405,38,25,0.803524666564666
best_model.pt,57951243,20260207,373.10922,2.23,[167.37513284],114.44688029316342,3.260108254556673,1.0000000000000009,0.03017617213191769,373.1092224121097,189,25,0.46193194021189865
best_model.pt,57999311,20260207,1210.1339,2.2,[396.09265346],408.95382936064425,2.959096654176415,0.9999999999999992,0.00873157849902036,1210.1339111328116,410,26,0.34504390456351075
best_model.pt,58085427,20260207,79.19066,1.9,[23.32713406],25.386207075713365,3.1194362834005336,0.9999999999999997,0.033866016612495484,79.19065856933591,55,24,0.6418085908127898
best_model.pt,58112502,20260207,101.0101,2.4,[28.53483384],22.218947999392963,4.546124180811568,0.9999999999999997,0.0427043217800599,101.01010131835935,70,25,0.8942183334020128
best_model.pt,58114863,20260207,203.00613,2.08,[69.8970629],57.174491475191275,3.5506416453331875,0.9999999999999999,0.009440104166666666,203.0061340332031,145,24,0.7070393151778613
best_model.pt,58134130,20260207,8.695652,2.0,[4.70832875],2.1407573271846108,4.061949402524389,0.9999998903274635,0.003442340791738382,8.69565200805664,6,21,1.0309747012621946
best_model.pt,58240026,20260207,50.0,2.23,[29.81980199],13.92159715439142,3.5915416782970464,1.0000000000000004,0.030697161752548913,50.00000000000002,155,25,0.6105567926359253
best_model.pt,58283047,20260207,420.41623,3.33,[11.93555116],42.50435305610658,9.891133239975591,1.0000000000000004,0.04077150813012423,420.4162292480471,307,27,1.970310350328014
best_model.pt,58492787,20260207,23.529411,2.9,[9.26852865],5.601384456821801,4.200641340842206,0.999999918937688,0.04450704225352113,23.529411315917965,10,25,0.44849696644923126
best_model.pt,58511427,20260207,758.94135,2.46,[105.64210955],180.85943590868123,4.196304921584186,1.0,0.030029682730811236,758.9413452148438,184,25,0.7058149823221581
best_model.pt,58588021,20260207,11.049724,1.2,[0.68905492],6.238497923850654,1.7712151208263363,0.9999999136924808,0.5166666666666667,11.049723625183105,12,5,0.4760125420371447
best_model.pt,58685108,20260207,72.20216,4.15,[2.4162877],16.78732222173364,4.300993240114231,0.9999999999999996,0.006203722233340004,72.20216369628903,31,19,0.03638388946432797
best_model.pt,58706858,20260207,4537.195,1.35,[4585.60332748],1778.375164066919,2.551314769427753,0.9999999999999998,0.02152173913043478,4537.194824218749,1386,25,0.8898627587925287
best_model.pt,58729786,20260207,38.08811,4.36,[24.69978859],5.542446499127397,6.872074455091905,0.9999999999999998,0.011705685618729098,38.0881118774414,21,26,0.5761638175805807
best_model.pt,58732112,20260207,510.68414,1.1,[412.91477558],323.433326437503,1.578947188629117,0.9999999999999996,0.021894041102963956,510.684143066406,212,23,0.43540650400578107
best_model.pt,58772389,20260207,376.457,2.05,[336.02838801],105.52097050665904,3.5676036275752567,1.0000000000000007,0.01828125,376.4570007324221,117,25,0.7402944929555926
best_model.pt,58803527,20260207,159.76765,7.1,[11.84005197],14.64709434567254,10.907804629410597,1.0000000000000002,0.020514058627753715,159.76765441894534,38,27,0.5363105318203644
best_model.pt,58886517,20260207,125.0,7.74,[1.43611951],2.3369897990212958,53.48758756446476,1.0000000000000002,0.007237191409094305,125.00000000000003,77,33,5.91054123335428
best_model.pt,58958928,20260207,51.95611,9.9,[0.32900801],3.1919151720647254,16.277403694989065,0.9999999999999999,0.04408369864870972,51.95610809326171,46,5,0.6441822547671535
best_model.pt,58963446,20260207,1893.6837,9.9,[160.69248167],233.49536381024348,8.110155494346822,0.9999999999999996,0.01323284720615749,1893.6837158203116,722,32,-0.1807923427424502
best_model.pt,59027737,20260207,156.41592,8.2,[0.77327443],10.253920307787991,15.254254384950825,1.0000000000000002,0.018716577540106954,156.41592407226565,21,6,0.8602749682646483
best_model.pt,59090324,20260207,15.0,2.14,[6.87939276],3.7723464646733142,3.9763039169826317,0.9999999364217163,0.019215270413573703,15.0,13,23,0.8580858514306864
best_model.pt,59168672,20260207,114.30078,2.51,[41.7285722],26.33760759583198,4.339831417651507,1.0000000000000002,0.08478376959559755,114.30078125000003,67,27,0.7290165076257744
best_model.pt,59191554,20260207,38.46154,2.13,[19.65786739],9.761676019697962,3.9400545771548194,1.0,0.017592592592592594,38.46154022216797,19,24,0.849790781907542
best_model.pt,59250609,20260207,59.701492,6.1,[4.1823461],3.7401842301321557,15.962175303136211,1.0000000000000002,0.0030424927685201654,59.70149230957033,10,22,1.6167500906047454
best_model.pt,59252315,20260207,40.94131,1.5,[4.90639966],3.110848122444014,13.160815350119947,0.9999999999999997,0.03717981125716212,40.941310882568345,109,26,7.773876900079965
best_model.pt,59262247,20260207,107.01659,1.61,[75.86964478],18.803715466648214,5.691246541263487,0.9999999999999999,0.017065865447911378,107.01658630371092,89,24,2.5349357085067243
best_model.pt,59265523,20260207,41.273586,3.61,[2.39599891],5.594233183313661,7.377879602592105,1.0000000000000002,0.05002790178571429,41.27358627319337,14,20,1.043734021326409
best_model.pt,59289693,20260207,12.224939,8.5,[0.45864554],0.7522100038207459,16.252008125670432,0.9999999219894499,0.0911111111111111,12.224939346313475,13,6,0.9120009559612273
best_model.pt,59313228,20260207,34.48847,8.56,[2.08560915],2.7416929849810936,12.579255146304682,1.0,0.004816469647492218,34.488468170166016,19,27,0.46953908056793736
best_model.pt,59370907,20260207,40.816326,1.39,[8.33626756],19.3548223396504,2.108845191975524,0.9999999999999994,0.01638302034428795,40.8163261413574,62,24,0.5171548299846028
best_model.pt,59397478,20260207,1428.6078,2.5,[414.76037314],269.36859633814265,5.303542440370593,0.9999999999999993,0.03930842271684947,1428.6077880859366,715,28,1.121416976148237
best_model.pt,59437197,20260207,152.54237,5.0,[16.15108739],18.90993096116258,8.06678596044236,1.0,0.004516129032258064,152.54237365722656,35,25,0.613357192088472
best_model.pt,59469459,20260207,28.45757,1.45,[9.77569587],5.692890083424016,4.998790369479284,0.9999999329757053,0.02461462148962149,28.45756912231446,94,24,2.447441520753422
best_model.pt,59469464,20260207,74.94802,1.45,[77.3941579],24.98661212564904,2.9995270090496433,1.0000000000000004,0.009855289421157685,74.94802093505862,79,24,1.0686392485580947
best_model.pt,59473467,20260207,1000.0,9.99,[0.24184204],57.40365257318232,17.4204939538409,1.0000000000000002,0.27062488417681213,1000.0000000000001,121,22,0.7437932285248744
best_model.pt,59506934,20260207,32.65375,1.62,[16.70791342],7.498497828909352,4.354705137433551,1.0000000000000002,0.04332773109243697,32.65375137329102,54,25,1.6880895830961362
best_model.pt,59718544,20260207,379.84543,4.15,[77.63524504],74.66811290142853,5.087116958227195,1.0,0.34981413165909325,379.8454284667969,177,41,0.22581128706619788
best_model.pt,59764696,20260207,91.22524,4.15,[9.14023838],17.842694158120736,5.112750165057144,1.0000000000000002,0.03776161693951451,91.22524261474611,49,24,0.23198796326882318
best_model.pt,59770476,20260207,861.02747,3.68,[196.11851472],130.73153102978452,6.586226386639035,1.0000000000000004,0.01791055515480068,861.027465820313,591,27,0.789735398685138
best_model.pt,59790006,20260207,10.65812,1.49,[13.26618954],2.9402001415426797,3.6249629335707003,0.9999999105213475,0.1896551724137931,10.658120155334474,15,29,1.4328610136705568
best_model.pt,59818654,20260207,106.38298,1.5,[6.13386325],31.56828883733658,3.3699316907835146,1.0000000000000002,0.07937227478403949,106.38298034667972,86,25,1.2466211271890097
best_model.pt,59870194,20260207,41.35039,1.2,[2.54673699],22.788702453985746,1.814512680435414,1.0,0.03508771929824561,41.35039138793945,14,21,0.5120938402776342
best_model.pt,59873387,20260207,1000.0,5.3,[0.1523253],59.91161228091535,16.69125475408533,1.0000000000000002,0.7531718697213252,1000.0000000000001,179,58,2.149293236491569
best_model.pt,59941171,20260207,6.730769,6.6,[3.20128956],0.15700951741508007,42.868269388705365,0.9999998583112629,0.04,6.730769157409668,2,25,5.495192425475028
best_model.pt,59942526,20260207,81.56947,1.36,[71.78132874],30.91259430750877,2.6387131994313027,0.9999999999999997,0.060477453580901855,81.56947326660153,34,26,0.9402302732912396
best_model.pt,59985139,20260207,83.23513,1.16,[22.09075142],51.488944675989686,1.6165631130581253,0.9999999999999998,0.035416666666666666,83.23513031005858,17,24,0.3935889306673916
best_model.pt,59999397,20260207,869.56525,6.5,[1.29081363],82.57759909173066,10.530279950205367,0.9999999999999966,0.02439592132771493,869.5652465820283,405,35,0.6200430692623642
best_model.pt,60033250,20260207,48.95666,1.24,[42.91878264],13.933514791128264,3.5135899623795512,1.0,0.07876285649394894,48.956661224365234,45,28,1.8335402704490367
best_model.pt,60081691,20260207,71.942444,3.08,[5.71850071],15.252731730318903,4.71669209181456,1.0000000000000002,0.008864189802105123,71.94244384765626,94,23,0.5313935742372133
best_model.pt,60140024,20260207,353.31128,2.21,[162.60997766],129.0085582439514,2.738665413887569,1.0000000000000002,0.00505514705882353,353.3112792968751,231,24,0.23921509801595672
best_model.pt,60144222,20260207,258.7111,2.07,[162.6888179],67.85806838364644,3.8125324289028355,1.0000000000000002,0.024538288288288287,258.7110900878907,141,25,0.8418031651480491
best_model.pt,60163679,20260207,26.84824,1.81,[10.12757826],8.844585404723983,3.0355562906075204,0.9999999289581549,0.03079710144927536,26.848239898681637,17,24,0.6771029760066974
best_model.pt,60190295,20260207,30.120481,3.0,[5.84173005],5.4285037993361085,5.548577850529399,0.9999999366760286,0.008722894192001743,30.12048149108887,8,23,0.8495259501764663
best_model.pt,60222062,20260207,4.57056,2.5,[3.51266315],1.1133512644133123,4.105223588774566,0.9999997913441411,0.0049261083743842365,4.5705599784851065,12,21,0.6420894355098262
best_model.pt,60257685,20260207,166.66667,1.14,[50.54195872],83.65291042792427,1.9923594876495174,0.9999999999999998,0.021910919540229886,166.66667175292966,61,24,0.7476837830266092
best_model.pt,60279269,20260207,5340.282,2.29,[1368.9938361],1349.772547369315,3.9564312024379307,1.0000000000000036,0.010846407925520612,5340.282226562519,2075,25,0.7276992438185268
best_model.pt,60280132,20260207,5.1546392,2.4,[1.06686944],4.520797366828633,1.1402055181009099,0.9999998149872191,0.08789349179884,5.154639244079589,4,3,-0.5249143863361604
best_model.pt,60299590,20260207,833.3333,5.11,[75.82956021],126.18618710393359,6.603997834548287,0.9999999999999988,0.0018009357404185754,833.3333129882802,315,24,0.29236744853201896
best_model.pt,60300280,20260207,125.0,6.5,[24.16439599],3.805431169834506,32.847780336454164,0.9999999999999999,0.09478021978021979,124.99999999999999,14,26,4.053504667146795
best_model.pt,60363119,20260207,139.53488,8.1,[17.93302136],12.781043933801723,10.91732971087304,1.0,0.01428716816584075,139.53488159179688,38,27,0.34781841934828583
best_model.pt,60371761,20260207,2164.619,2.47,[1172.70721924],593.7942266001292,3.6454023900381625,1.0000000000000002,0.017698243186057366,2164.6188964843755,1038,25,0.47587139587576643
best_model.pt,60374272,20260207,402.23785,1.94,[310.88510179],146.77364039425987,2.740531952351203,1.0000000000000002,0.007928475033738192,402.23785400390636,141,24,0.412645294597418
best_model.pt,60504423,20260207,65.78731,2.35,[8.57009342],9.341900336040334,7.042175395864592,0.9999999999999998,0.2017622461170848,65.7873077392578,50,31,1.9966705028295155
best_model.pt,60518154,20260207,2168.2776,1.63,[1459.57807967],724.6320712375662,2.9922462322089562,1.0000000000000002,0.025784780268923505,2168.2775878906255,1054,25,0.8357338901609924
best_model.pt,60518258,20260207,19.23077,2.22,[8.53345634],3.1857444220309628,6.036505609674255,0.9999999008178855,0.1130952380952381,19.230770111083984,10,28,1.719146635981462
best_model.pt,60537191,20260207,62.5,9.0,[0.76059261],1.3135409368453648,47.58127490782789,1.0,0.375,62.5,5,6,4.286808323091988
best_model.pt,60548432,20260207,148.9186,1.73,[121.7384681],48.24074163535698,3.0869880152136164,0.9999999999999998,0.0033333333333333335,148.91859436035153,102,24,0.7843861162885273
best_model.pt,60566933,20260207,14.03152,5.9,[0.88416029],0.243608571611891,57.598393187054235,0.999999932033432,0.21428571428571427,14.031519889831543,2,7,8.76243936542974
best_model.pt,60619154,20260207,346.15384,8.8,[0.7949494],20.00703610227027,17.30160429762231,1.0000000000000004,0.5186120795812159,346.1538391113283,521,23,0.966091354843198
best_model.pt,60632826,20260207,103.90999,7.7,[23.06585736],9.279971542125761,11.197230156838122,0.9999999999999999,0.003084799159884484,103.9099884033203,47,26,0.45418577067559046
best_model.pt,60656113,20260207,304.366,3.0,[115.27257288],54.60651024024105,5.573804119721118,1.0,0.009002102719319548,304.3659973144531,193,25,0.8579347065737061
best_model.pt,60666367,20260207,144.92754,1.95,[23.86429361],5.037439015854374,28.770076776023263,1.0,0.003587386241738468,144.9275360107422,32,24,13.753885165386254
best_model.pt,60679832,20260207,84.40434,1.33,[104.07477375],25.918635922067203,3.256511633121612,1.0,0.015580736543909348,84.40434265136719,132,24,1.4485049083031438
best_model.pt,60726038,20260207,47.8357,9.0,[11.81999238],4.626388255966234,10.339748417641289,1.0,0.0002962962962962963,47.83570098876953,9,25,0.14886093529347655
best_model.pt,60739483,20260207,14.583333,1.78,[5.45692048],1.7978505229204658,8.111533588576014,0.9999999346051927,0.029010463220989536,14.583333015441896,26,22,3.557041415142705
best_model.pt,60739866,20260207,99.7291,1.09,[77.94989425],35.20595515602261,2.8327338319234525,1.0000000000000009,0.016527001862197393,99.72910308837899,71,24,1.5988382983283171
best_model.pt,60741109,20260207,612.0902,1.82,[352.99568487],176.0525975810202,3.4767462388761667,1.0,0.01646825396825397,612.0902099609375,166,24,0.910300076196121
best_model.pt,60758778,20260207,502.0863,1.73,[414.21884137],226.45601560429407,2.2171471142154546,1.0000000000000002,0.01802039381153305,502.0863037109376,205,24,0.2815879131624885
best_model.pt,60765488,20260207,117.64706,8.1,[0.40429786],4.8673089882997935,24.170857591234974,1.0000000000000002,0.10475157896076194,117.64705657958987,125,7,1.9840563522108412
best_model.pt,60828716,20260207,23.92696,1.88,[28.88029248],0.0,0.0,0.0,0.0,0.0,0,15,-1.0
best_model.pt,60844239,20260207,194.44444,5.0,[21.13600638],21.072969757065035,9.22719653487076,0.9999999999999997,0.011414175141793156,194.44444274902338,53,26,0.845439306974152
best_model.pt,60858118,20260207,119.63921,2.64,[81.71889262],31.096356646462226,3.8473706445688154,1.0000000000000007,0.016913892078071185,119.63921356201179,85,25,0.4573373074575938
best_model.pt,60862222,20260207,166.66667,7.6,[1.2565122],6.558727203296355,25.411431391403667,0.9999999999999993,0.013631940975690975,166.66667175292957,82,35,2.3436094355625148
best_model.pt,60906442,20260207,142.7203,2.47,[166.35510684],3.6539694029,7.468454035189087,0.19120972123047672,0.06443690175818015,27.28951,64,29,2.0236655662677414
best_model.pt,60908226,20260207,470.27304,2.33,[380.79162164],138.80665165134624,3.3879719148095453,1.0000000000000013,0.019669175391262065,470.273040771485,370,25,0.4540652471012531
best_model.pt,60912674,20260207,6.02155,2.3,[3.37042867],1.6601077049612563,3.6272023395409914,0.9999998416231476,0.00856130784562795,6.021550178527834,16,21,0.5770445281479715
best_model.pt,60916277,20260207,262.2118,1.31,[260.54222287],138.42517608961455,1.8942492796843982,1.0000000000000004,0.031524122807017545,262.2117919921876,115,24,0.4459918797135246
best_model.pt,60930313,20260207,64.68921,1.84,[3.29215912],19.224584540027376,3.3649208639471606,1.0000000000000002,0.10141331319451938,64.68920898437501,34,23,0.8287613059269927
best_model.pt,60949070,20260207,66.13085,9.0,[4.89974264],5.6009081997992896,11.807163691919031,0.9999999999999998,0.03623096734217996,66.13085174560545,195,28,0.3119070768798924
best_model.pt,60961963,20260207,27.777779,2.08,[0.44879388],2.7205719792988354,10.21026777699136,0.9999999313354561,0.24018174521270497,27.77777862548828,32,4,3.908782765145079
best_model.pt,60972908,20260207,1000.0,2.2,[34.42935004],185.0935129596549,5.402674456858447,0.9999999999999999,0.13047317175818804,999.9999999999999,284,27,1.455761063526652
best_model.pt,61011193,20260207,1128.4313,3.5,[79.66752507],191.14931480814968,5.903402110769947,0.9999999999999996,0.016588921282798832,1128.431274414062,569,25,0.6866863173628419
best_model.pt,61011487,20260207,420.41623,3.33,[1.08241531],60.3237420903,6.478541294677083,0.9295784355399392,0.46093271210364933,390.80986065999986,404,63,0.9455079408731408
best_model.pt,61012951,20260207,119.05549,2.3,[25.9643353],35.49069601836584,3.3545548154440725,0.9999999999999993,0.010222567287784678,119.0554885864257,79,24,0.45850212390907535
best_model.pt,61019035,20260207,115.38461,2.33,[9.77133554],26.116486917302645,4.4180754090087655,0.9999999999999999,0.04197427076891363,115.38461303710936,53,24,0.8961697655257673
best_model.pt,61034097,20260207,2664.8945,2.82,[1171.39858195],616.1321207770119,4.325199802217859,1.0000000000000004,0.014556866303690259,2664.8945312500014,1054,25,0.5337588314210309
best_model.pt,61042371,20260207,220.99026,1.82,[197.7157543],66.41676443196788,3.3273265184668364,1.0000000000000002,0.004216600088770528,220.99026489257818,76,24,0.8282013310845386
best_model.pt,61076126,20260207,40.322582,2.5,[2.20491694],5.698517842083449,7.07597594432637,1.0,0.06058823529411765,40.32258224487305,15,20,1.830390377730548
best_model.pt,61087629,20260207,57.142857,1.67,[0.55140602],11.952428144255556,4.780857172063954,1.0000000000000002,0.19540229885057472,57.142856597900405,18,3,1.8627887993542043
best_model.pt,61095720,20260207,7.352941,1.35,[0.60121191],1.0729742278065262,6.852852559565535,0.9999998703003073,0.35714285714285715,7.352941036224365,6,4,4.076186991510967
best_model.pt,61100993,20260207,118.66019,5.1,[35.57482916],21.628150624654303,5.486376682893019,1.0000000000000002,0.021279602750190984,118.66018676757815,57,25,0.07576015401676517
best_model.pt,61106509,20260207,50.0,1.11,[29.73147255],21.165235763976526,2.362364312649719,0.9999999999999993,0.03438755020080322,49.999999999999964,137,24,1.1282561100943884
best_model.pt,61112285,20260207,131.0145,1.96,[36.45122314],48.23042827975784,2.716428151399343,0.9999999999999996,0.0025242591135588776,131.01449584960932,77,24,0.38593270333173774
best_model.pt,61145915,20260207,7.368421,8.1,[0.01351633],0.19445519974591308,37.89244615165907,0.9999998705727885,0.024691358024691357,7.3684210777282715,2,1,3.6780795514954745
best_model.pt,61154489,20260207,5.952381,6.1,[0.02376262],0.4885330084340504,12.18416943605011,0.9999998397827454,0.05172413793103448,5.952381134033203,3,2,0.9974048568094233
best_model.pt,61185226,20260207,280.89886,3.0,[3.16974885],39.737856321298025,7.068797456161337,0.9999999999999996,0.042308945534751986,280.89886474609364,123,22,1.3562658187204457
best_model.pt,61185244,20260207,445.26294,1.3,[301.1073522],181.0194184018384,2.459752334442649,1.0,0.06616506434809254,445.262939453125,123,28,0.8921172497429464
best_model.pt,61185812,20260207,498.57053,3.59,[18.21317164],79.06195293392648,6.306073924503707,1.0000000000000002,0.043046123372170966,498.570526123047,327,26,0.7565665947830159
best_model.pt,61190600,20260207,992.44653,6.1,[135.64135158],108.68145372844957,9.131700856257785,0.9999999999999997,0.016618085304525982,992.4465332031247,158,26,0.497000163774237
best_model.pt,61191979,20260207,346.15384,6.0,[20.44772052],26.422535126139508,13.100704544742085,0.999999999999999,0.011970835592713704,346.1538391113278,147,26,1.1834507574570141
best_model.pt,61194572,20260207,309.09613,3.13,[146.59471069],51.17321163216231,6.040193970093389,0.9999999999999994,0.15355048177628822,309.0961303710936,61,31,0.9297743607821852
best_model.pt,61218808,20260207,804.4937,4.0,[159.73761264],149.8808375613777,5.367555460062747,0.9999999999999997,0.05766448901687677,804.493713378906,394,26,0.3418888650156868
best_model.pt,61218812,20260207,1560.8154,4.0,[64.79945808],66.2789716628109,23.549179581102234,0.9999999999999997,0.11835056248844505,1560.8154296874995,444,32,4.887294895275558
best_model.pt,61218892,20260207,119.60393,4.0,[0.659047],8.995664494978811,13.295728668330879,0.9999999999999998,0.1810262599663521,119.60392761230466,81,9,2.3239321670827198
best_model.pt,61245888,20260207,128.20512,3.76,[7.24486577],11.001952310841737,11.652942007582334,1.0000000000000002,0.02460569715142429,128.20512390136722,109,25,2.0991867120049155
best_model.pt,61275566,20260207,729.8732,1.8,[380.58487023],208.11319563369915,3.507097299865713,0.9999999999999997,0.06531548465758992,729.8732299804685,259,28,0.9483874404289256
best_model.pt,61292982,20260207,9.42855,2.24,[0.6256064],1.4667304307698108,6.428272803557482,0.9999998988525018,0.5595238095238095,9.428549766540527,23,6,1.8697646322273542
best_model.pt,61325277,20260207,159.26295,2.64,[114.76722372],28.920417786824448,5.5069380525177944,1.0,0.13865079365079364,159.26295471191406,56,30,1.0859613006408126
best_model.pt,61361730,20260207,372.34042,1.5,[75.30825034],132.04753746049715,2.819745282077881,1.0000000000000002,0.017871017871017872,372.34042358398443,92,26,0.8798301880519208
best_model.pt,61380657,20260207,27.35469,7.1,[9.9622359],2.7621110027468014,9.90354139316391,0.999999930273439,0.012979425958851919,27.354690551757812,64,26,0.3948650036885355
best_model.pt,61390918,20260207,14.285714,1.45,[3.18052317],3.2950487169067615,4.335507921527163,0.9999999332428019,0.007212713936430318,14.285714149475101,59,20,1.9900053647948943
best_model.pt,61400136,20260207,267.85715,2.25,[0.58971715],25.646540528253674,10.444181993182612,1.0000000000000009,0.17075930304793896,267.8571472167971,213,4,3.6418586636367163
best_model.pt,61404169,20260207,8.77193,1.68,[1.3943859],2.951915903238888,2.9716045635570114,0.9999998912811388,0.2725829725829726,8.771929740905762,12,7,0.7688122954374456
best_model.pt,61404245,20260207,8.77193,1.51,[0.97563598],0.2019282676105717,43.44060593446396,0.9999998912811388,0.05434782608695652,8.771929740905762,6,5,27.768613383326382
best_model.pt,61444303,20260207,1000.0,1.05,[76.79421765],543.0205896402385,1.84155079427277,1.0,0.056351490097538565,1000.0,220,26,0.7538579789554624
best_model.pt,61445437,20260207,67.55288,5.6,[23.47298129],8.103335965004904,8.336427279925564,1.0000000000000002,0.005647058823529411,67.55287933349611,12,25,0.4886477539096566
best_model.pt,61446523,20260207,280.89886,3.0,[5.33627008],52.32529418131996,5.36831877914325,1.0,0.033140530241323116,280.89886474609375,163,23,0.7894395930477499
best_model.pt,61462330,20260207,7.4626865,5.1,[0.03346303],0.7054685868664055,10.578324959187071,0.9999998722076574,0.03773584905660377,7.462686538696289,4,2,1.0741814033326322
best_model.pt,61515335,20260207,4.78288,2.04,[2.04869914],1.044403647025598,4.579527526067693,0.9999998006067139,0.0013308490817141336,4.782879829406738,5,17,1.244866476324781
best_model.pt,61521770,20260207,101.2775,3.79,[31.79619869],38.9040908925,2.5485383330362232,0.9789792706685014,0.1942634333938682,99.1485695,45,37,-0.3275624383409814
best_model.pt,61547249,20260207,70.0,8.7,[1.84017278],2.272354761271544,30.805035546383827,1.0,0.0064236539570709334,70.0,20,20,2.540808761119483
best_model.pt,61552681,20260207,1.5432099,3.88,[0.129875],0.20201627720427023,7.638999652650209,0.9999993820194384,0.014184397163120567,1.5432099103927612,4,3,0.96881428539621
best_model.pt,61619011,20260207,162.85718,1.46,[52.40848591],65.63477536334099,2.481263542863775,1.0000000000000002,0.03525659374361071,162.85717773437503,63,25,0.6994955328994283
best_model.pt,61627716,20260207,498.57053,3.59,[13.35597685],67.27129669098079,7.411340991417965,0.9999999999999994,0.016538423790362154,498.5705261230466,227,25,1.0644404369388047
best_model.pt,61652353,20260207,1000.0,2.76,[53.63802462],209.76205522094364,4.767306432897935,1.0000000000000029,0.07015134573370073,1000.0000000000028,2642,26,0.7272849454241332
best_model.pt,61663854,20260207,141.18399,3.6,[47.95950821],23.393968402900565,6.035059208934869,1.0,0.2116281866281866,141.18399047851562,45,33,0.6764053802248179
best_model.pt,61697828,20260207,82.35294,1.9,[5.53978306],25.412725715159876,3.240618149459844,0.9999999999999998,0.02846648301193756,82.35294342041014,62,22,0.7055885211180227
best_model.pt,61709401,20260207,15.873015,8.1,[1.63250317],1.1685959934455004,13.582967860414769,0.9999999399185199,0.01261737089201878,15.873015403747559,34,30,0.6769095334227837
best_model.pt,61709841,20260207,197.8022,3.6,[0.35349137],13.57723583307213,14.568663915147013,1.0000000000000002,0.0763251036848848,197.80220031738284,70,3,3.046851194745783
best_model.pt,61768085,20260207,40.322582,2.3,[2.80241079],9.63247328524391,4.186108475435398,1.0,0.003947368421052632,40.32258224487305,9,19,0.8200472009660918
best_model.pt,61798105,20260207,45.454544,8.0,[10.37459172],4.550604477988847,9.988680470597856,1.0,0.024579801890726262,45.45454406738281,36,27,0.24858505882473203
best_model.pt,61831943,20260207,104.30993,5.6,[47.09096277],11.102059946602676,9.395546412124741,1.0,0.015618780002341646,104.30992889404297,26,26,0.6777761735946332
best_model.pt,61834352,20260207,139.53488,8.1,[21.14228361],12.289490879268856,11.353999250951807,1.0000000000000002,0.005440900562851782,139.5348815917969,29,26,0.4017282365722123
best_model.pt,61861065,20260207,125.0,2.8,[12.37815026],4.003036776742287,31.22628537913179,0.9999999999999993,0.010145229796637189,124.99999999999991,112,25,10.152244968182954
best_model.pt,61880373,20260207,461.19568,1.01,[559.35460365],288.2244782209639,1.6001266788910273,0.9999999999999986,0.008782996894409938,461.1956787109368,362,23,0.5842838554454808
best_model.pt,61894872,20260207,59.701492,5.1,[0.68480181],4.04307866772512,14.766340813452722,1.0,0.1443956043956044,59.70149230957031,9,5,1.8953609979560517
best_model.pt,61917856,20260207,183.66035,3.5,[39.25839503],29.895539653392056,6.143403015975197,1.0000000000000004,0.019169943206640453,183.6603546142579,41,25,0.7552580045643421
best_model.pt,61921752,20260207,50.0,2.83,[5.91152992],9.211630044623142,5.42792039301066,1.0000000000000007,0.028594771241830064,50.000000000000036,54,24,0.9179931234423754
best_model.pt,61927008,20260207,347.65363,1.0,[307.94050248],299.99709800789753,1.1588566244073215,0.9999999999999997,0.02322661644695543,347.65362548828114,74,27,0.1588566244073215
best_model.pt,61939692,20260207,1000.0,1.29,[9.94276591],330.40189265141686,3.0266170358425004,1.0000000000000004,0.14069840726261684,1000.0000000000003,255,31,1.3462148258476692
best_model.pt,61944621,20260207,147.54099,7.1,[9.7872004],14.260374596665176,10.346220133355024,1.0000000000000002,0.00575,147.5409851074219,23,25,0.4572141228627876
best_model.pt,61974075,20260207,127.96638,1.28,[79.44295027],71.62768776022506,1.786549021380132,0.9999999999999998,0.033192090395480225,127.96637725830075,47,24,0.39574145415048073
best_model.pt,61981383,20260207,103.8961,4.0,[30.1628578],16.2598763793282,6.389722411889804,1.0000000000000002,0.016704387532261267,103.89610290527347,21,25,0.597430602972451
best_model.pt,61991620,20260207,42.08653,1.92,[10.99126112],9.978428015394627,4.217750981957728,1.0,0.05,42.08652877807617,19,25,1.1967453522040683
best_model.pt,61992618,20260207,83.12442,4.0,[9.78810965],14.439884219648842,5.7565845504717315,1.0,0.022222222222222223,83.12442016601562,16,24,0.43914613761793286
best_model.pt,62034028,20260207,313.8476,2.57,[108.55843841],85.73645383895118,3.6606084985013765,1.0000000000000013,0.027804164321890826,313.84759521484415,202,25,0.42436132046216074
best_model.pt,62054606,20260207,13.043478,6.2,[1.09900612],0.8834402849133076,14.764397175942396,0.9999999403953552,0.00045105999097880023,13.043478012084961,1,3,1.38135445647576
best_model.pt,62086487,20260207,49.43966,8.0,[0.50637483],3.5303897187425997,14.004019117821894,1.0,0.02127659574468085,49.439659118652344,5,5,0.7505023897277368
best_model.pt,62097829,20260207,17.93105,1.97,[1.81956412],4.7740558294863025,3.7559354627232704,0.9999998936287332,0.011653505165809416,17.931049346923825,32,18,0.9065661970436416
best_model.pt,62103297,20260207,2.3364487,2.96,[0.5465647],0.5663813037771005,4.125214813125768,0.9999995918275716,0.05555555555555555,2.3364486694335938,4,2,0.3936536351223314
best_model.pt,62103431,20260207,2.3364487,3.01,[0.22434496],0.6268849590157706,3.7270713051252367,0.9999995918275716,0.21666666666666667,2.3364486694335938,9,4,0.23822967339997178
best_model.pt,62110322,20260207,50.68065,1.96,[13.03026842],12.604411027549295,4.020865764538555,1.0000000000000002,0.03358923771944874,50.68064880371095,57,24,1.0514620848374931
best_model.pt,62110977,20260207,118.0,9.1,[6.7544558],5.364485435994452,21.99651381504994,1.0,0.0008033585570643723,118.0,31,22,1.417199219006771
best_model.pt,62112393,20260207,11.67876,9.0,[0.27654225],0.8899932390989478,13.12228670908477,0.9999999183411361,0.011160714285714286,11.678759574890137,5,4,0.45803185656497447
best_model.pt,62112636,20260207,118.0,8.1,[1.75843028],8.498665300393148,13.88453150520116,1.0000000000000002,0.0329145692960973,118.00000000000003,233,24,0.7141396112726903
best_model.pt,62112649,20260207,170.8441,9.0,[18.03429044],15.26193860934435,11.19412770101296,1.0000000000000002,0.007852902481419668,170.8441009521485,105,30,0.24379196677921774
best_model.pt,62123023,20260207,237.29794,2.34,[220.1115175],38.080133620109166,6.231541602532138,1.0000000000000009,0.1006006006006006,237.2979431152346,108,27,1.6630520645742437
best_model.pt,62141661,20260207,4.4334974,2.7,[0.67545908],0.5999488939233174,7.389779502920807,0.9999997848935009,0.32407407407407407,4.433497428894044,12,6,1.7369553231157804
best_model.pt,62141774,20260207,3.8860104,2.03,[0.03898693],0.7354615157676887,5.283764060150915,0.9999997545878724,0.6,3.8860104084014893,3,1,1.6028394751816502
best_model.pt,62145770,20260207,1.3192612,2.27,[0.7477691],0.178311873634591,7.3985751358533856,0.9999992771153795,0.011494252873563218,1.3192611932754517,2,3,2.2592842282023344
best_model.pt,62150859,20260207,1.2315271,5.6,[0.01364581],0.03602082734097605,34.18835692079752,0.9999992256170526,0.13636363636363635,1.2315270900726318,3,2,5.105063839825317
best_model.pt,62161066,20260207,25.07478,1.94,[27.25342166],7.57191151691819,3.31155166603848,0.9999999239335892,0.012368845843422113,25.074779510498054,50,24,0.7069853445175233
best_model.pt,62164374,20260207,8.30901,2.51,[5.17059842],0.7383346078492176,11.253702873962993,0.999999885224081,0.04770802875243665,8.309009552001953,36,24,3.483546978773478
best_model.pt,62204387,20260207,89.88764,7.0,[4.12175644],11.456704158567604,7.845854515992158,1.0,0.01358695652173913,89.88764190673828,5,23,0.1208363594274512
best_model.pt,62243688,20260207,1032.1405,5.5,[297.12176938],120.37761795258716,8.57418938761543,0.9999999999999993,0.02032036541774951,1032.1405029296868,211,26,0.5589435250209873
best_model.pt,62254595,20260207,6.25,6.78,[0.00105222],0.2015424830373141,31.010677724780933,0.9999998474121327,0.08148148148148147,6.25,22,3,3.5738461305530715
best_model.pt,62256963,20260207,29.98952,9.0,[0.21673148],2.269929728874959,13.211645068185117,0.9999999363994968,0.0967741935483871,29.9895191192627,12,4,0.46796056313167966
best_model.pt,62259395,20260207,359.21542,2.06,[279.3308606],102.1778228052106,3.5155908611714417,0.9999999999999993,0.018123165872880504,359.21542358398415,230,25,0.7065975528270568
best_model.pt,62269771,20260207,313.48004,1.5,[218.52118401],340.35370392713963,0.9210419541958964,0.9999999999999998,0.028602514506769827,313.4800415039062,77,25,-0.38597203053606904
best_model.pt,62285840,20260207,23.809525,1.19,[0.69471401],2.8426946383604452,8.375685463768189,0.9999999198913663,0.030612244897959183,23.809524536132812,3,1,6.038390807586754
best_model.pt,62326550,20260207,40.322582,2.3,[0.35312561],10.021617408781704,4.023559928158843,1.0,0.31915266106442575,40.32258224487305,25,4,0.7493739180763007
best_model.pt,62326559,20260207,40.322582,2.3,[0.83335756],6.7825025905635545,5.945088226856755,1.0000000000000002,0.0371900826446281,40.322582244873054,18,4,1.5848210217872287
best_model.pt,62326943,20260207,120.62792,2.1,[65.14375741],27.816206616306367,4.336605612168035,0.9999999999999998,0.06745724218842498,120.62792205810544,88,27,1.0650503852888507
best_model.pt,62370833,20260207,248.92276,8.02,[32.92933788],21.58892364852331,11.530113892300424,1.0000000000000002,0.004123478579573027,248.92276000976568,81,29,0.43766997932510415
best_model.pt,62371800,20260207,264.70587,1.58,[27.1001748],73.61416995621252,3.595854821750077,1.0,0.05860499145489449,264.70587158203125,309,26,1.2758574203043496
best_model.pt,62390621,20260207,27.777779,2.99,[6.15675128],5.980156178829079,4.6449913931739175,0.9999999313354562,0.02936807993518769,27.777778625488285,21,23,0.5535088221934792
best_model.pt,62408382,20260207,15.62024,6.06,[5.83438722],1.3876406815147493,11.256681331765536,0.9999999389462487,0.0115801822465685,15.620240211486815,71,23,0.8575381910981393
best_model.pt,62425774,20260207,14.70207,2.61,[0.51299161],1.0574741644104848,13.90299340448537,0.9999999351333354,0.3819444444444444,14.702070236206051,12,6,4.326817610456236
best_model.pt,62440154,20260207,11.111111,6.81,[0.0114356],0.5792935347375504,19.180416905348075,0.9999999141693157,0.09746960701159174,11.11111068725586,57,3,1.8165076455961726
best_model.pt,62456302,20260207,10.454783,9.0,[1.32208081],0.8270630712806383,12.640838603287275,0.9999999087810633,0.0625,10.45478343963623,3,8,0.404537622587475
best_model.pt,62465463,20260207,469.2045,4.78,[106.12060784],44.070104054616195,10.646775125893827,0.9999999999999997,0.001612406376061664,469.20449829101545,270,24,1.227358715183132
best_model.pt,62469263,20260207,1466.2635,7.6,[182.21347497],137.12716464887913,10.692728482109283,1.0,0.003338483611080455,1466.2635498046875,605,26,0.40693797582701896
best_model.pt,62474596,20260207,1000.0,2.77,[0.77718894],190.96529384729484,5.236553588439458,1.0000000000000009,0.26347063818185934,1000.0000000000009,2200,6,0.89045257202057
best_model.pt,62497963,20260207,479.75705,1.0,[508.48123968],435.48276731338603,1.101667125472344,0.9999999999999999,0.0236009031080367,479.7570495605468,134,27,0.10166712547234402
best_model.pt,62522391,20260207,551.49756,4.91,[104.57649073],59.04940733352988,9.33959499608728,1.0000000000000002,0.0015449255761354607,551.4975585937501,259,24,0.9021578994569331
best_model.pt,62524259,20260207,100.0,6.5,[2.40409449],0.7122153121891677,140.406781322694,1.0000000000000002,0.0028295834448519392,100.00000000000003,53,20,20.601043280414462
best_model.pt,62527634,20260207,156.86275,7.1,[7.12149866],14.796878853713325,10.601069194531412,0.9999999999999998,0.016936782709486377,156.86274719238278,73,27,0.49310835731342556
best_model.pt,62529276,20260207,107.15096,6.71,[4.97309853],8.079402317816808,13.262237149778022,1.0000000000000002,0.005376324236858585,107.15096282958986,53,23,0.9764883866439603
best_model.pt,62537340,20260207,1000.0,2.56,[23.62377015],195.04555959385175,5.127007233362894,0.9999999999999987,0.038300518737407974,999.9999999999986,2456,25,1.0027372452970464
best_model.pt,62552000,20260207,28.349,1.04,[43.49290032],15.316595396191296,1.8508681822963973,0.9999999327190221,0.00909090909090909,28.349000930786133,40,25,0.779681009794077
best_model.pt,62559786,20260207,10.454783,7.8,[0.65944658],1.030147489603742,10.148812084030506,0.9999999087810633,0.004020100502512563,10.45478343963623,4,5,0.30112972254611625
best_model.pt,62621349,20260207,1.25,3.15,[0.62550347],0.3232908684204349,3.866475225954025,0.9999992251396179,0.010101010101010102,1.25,1,3,0.2274524155222352
best_model.pt,62626344,20260207,999.45734,4.41,[231.98193968],71.49320468064418,13.979752717905757,0.9999999999999996,0.013274438607873093,999.4573364257808,394,25,2.1700120638574174
best_model.pt,62630587,20260207,7.25892,1.96,[1.43548457],0.45473537424005445,15.962919625353164,0.999999868620378,0.030348487829306246,7.258920192718506,5,34,7.1443465891178555
best_model.pt,62640299,20260207,179.92026,5.5,[68.36117962],22.143879996850508,8.125055296040886,1.0,0.014888018904525095,179.92025756835938,38,26,0.4772827810983429
best_model.pt,62644097,20260207,48.88049,9.4,[6.69323527],4.166394508165123,11.732080944685004,1.0,0.0032,48.880489349365234,8,25,0.24809376816968004
best_model.pt,62658588,20260207,4.5454545,2.01,[0.20176533],0.05989046265424714,75.89486548936999,0.9999997901916924,0.16666666666666666,4.545454502105713,2,3,36.75863972610171
best_model.pt,62665519,20260207,354.54544,2.61,[25.2807954],63.88136516505918,5.550060400363693,0.9999999999999997,0.09504405012221663,354.545440673828,693,27,1.1264600089801629
best_model.pt,62676303,20260207,416.91595,2.04,[56.35796926],120.01854202550146,3.473762837641328,1.0,0.02982837221775275,416.91595458984375,108,25,0.7028249522543848
best_model.pt,62693338,20260207,49.58663,1.83,[5.14698801],8.374931383756351,5.920839656100195,0.9999999999999999,0.027488151658767775,49.58663177490234,64,22,2.2354314301915523
best_model.pt,62694436,20260207,89.88764,7.1,[18.69888068],8.68089344588507,10.354652100319795,1.0,0.014067359033034089,89.88764190673828,14,26,0.4584017238596932
best_model.pt,62695450,20260207,4.347826,2.44,[0.35930569],0.1757730204593363,24.73531636055483,0.9999997806549512,0.8,4.34782600402832,4,5,9.137424500199486
best_model.pt,62708257,20260207,392.89093,1.85,[310.13680744],144.97990089351822,2.7099682441801023,0.9999999999999994,0.02833246241020025,392.890930175781,165,25,0.4648476806786011
best_model.pt,62715156,20260207,100.03554,1.47,[80.51573298],41.47304595229908,2.4120614488437306,1.0000000000000002,0.01,100.03553771972658,48,24,0.6408580965295265
best_model.pt,62719226,20260207,1000.0,1.5,[0.90980265],39.670626059968946,25.20756726351538,1.0000000000000004,0.25867820760860083,1000.0000000000005,617,8,15.805044842343586
best_model.pt,62746245,20260207,272.72726,7.1,[2.05442776],13.660252040475767,19.96502287301686,0.9999999999999996,0.04987409451920981,272.72726440429676,118,21,1.811975090308127
best_model.pt,62750176,20260207,147.54099,7.1,[13.39176013],14.249148134880862,10.354371598669877,0.9999999999999998,0.009264458169567658,147.54098510742185,33,26,0.45836221658452614
best_model.pt,62789285,20260207,245.01463,1.42,[284.54943744],0.0,0.0,0.0,0.0,0.0,0,18,-1.0
best_model.pt,62805482,20260207,23.43981,9.5,[2.59619095],1.680147209393873,13.951036978845117,0.9999999186278173,0.019310207336523125,23.43980979919433,17,24,0.468530208299486
best_model.pt,62805489,20260207,153.19595,9.0,[2.05449683],11.502332457895566,13.318684763393128,1.0000000000000002,0.008929102417059598,153.19595336914065,27,20,0.4798538625992364
best_model.pt,62835645,20260207,40.17131,2.0,[8.48461084],5.314231123215341,7.5591937825439395,1.0,0.002963746876402502,40.17131042480469,23,23,2.7795968912719697
best_model.pt,62859145,20260207,41.666668,1.85,[27.63385167],11.847580316071603,3.516892336641768,0.9999999999999998,0.11206896551724138,41.666667938232415,21,29,0.9010228601718114
best_model.pt,62859279,20260207,41.48365,1.48,[13.25956638],5.677125273119743,7.307156510493306,1.0,0.07070659380613767,41.48365020751953,127,26,3.9372678488664836
best_model.pt,62860871,20260207,55.555557,2.59,[20.89862782],4.88358999973636,11.375964378256844,1.0,0.0029163310034965553,55.55555725097656,43,24,3.3922643842656064
best_model.pt,62863090,20260207,5.1546392,1.96,[0.87851707],0.7797585737025818,6.610549479506214,0.9999998149872193,0.12886002886002887,5.15463924407959,6,6,2.372729260636124
best_model.pt,62867831,20260207,23.83482,2.71,[5.4080505],0.0,0.0,0.0,0.0,0.0,0,23,-1.0
best_model.pt,62875385,20260207,15.73437,6.34,[10.74649324],1.0267789230844462,15.323994828767574,0.9999999393891054,0.011051844466600198,15.73437023162842,33,25,1.4170338264917164
best_model.pt,62885425,20260207,587.5,6.1,[12.84312122],58.07003031191712,10.117094596424526,0.9999999999999994,0.04399878306902304,587.4999999999997,142,29,0.6585401237041373
best_model.pt,62888101,20260207,70.0,8.5,[1.91086751],5.558518505901282,12.593281345092608,1.0,0.004557291666666667,70.0,7,24,0.48156251118736565
best_model.pt,62896186,20260207,3.8860104,1.84,[0.09456513],0.8239084989585046,4.7165500741449815,0.9999997545878724,0.5555555555555555,3.8860104084014893,4,3,1.563342385100108
best_model.pt,62896511,20260207,1000.0,1.0,[572.33676567],561.7742241045855,1.780074548300664,1.0000000000000007,0.021816418875242403,1000.0000000000006,270,26,0.7800745483006639
best_model.pt,62905440,20260207,2570.3447,5.1,[306.99450721],305.47360697014176,8.414293934072804,0.9999999999999991,0.019126678463620275,2570.3447265624977,735,26,0.6498615865521306
best_model.pt,62905524,20260207,9.39662,6.92,[0.77811271],0.10946946920737383,85.83702860497088,0.9999998985088001,0.11174966713083305,9.396619796752931,25,5,11.404194748353458
best_model.pt,62926061,20260207,694.69086,4.04,[113.74578877],80.37071066681739,8.64358225187162,1.0000000000000004,0.03848091019539205,694.6908569335941,482,28,1.1395005775958145
best_model.pt,62932631,20260207,405.36728,5.0,[151.14995015],52.75815790026074,7.6834993392980415,1.0000000000000002,0.016090766074219644,405.3672790527345,254,26,0.5366998678596083
best_model.pt,62951533,20260207,4.6296296,3.3,[0.49170268],0.577123069288887,8.021896604786331,0.9999997940063893,0.03570234113712375,4.629629611968994,19,4,1.430877794151399
best_model.pt,62952235,20260207,114.07777,5.5,[25.50100001],13.298012174228417,8.578557181725465,0.9999999999999999,0.003287363212524152,114.07776641845702,34,24,0.55973766940463
best_model.pt,62957523,20260207,1233.7502,4.1,[419.77348782],188.29098586380994,6.552359540358618,0.9999999999999994,0.02165466596118061,1233.7502441406243,341,26,0.5981365104314129
best_model.pt,62974470,20260207,256.19916,9.0,[43.75084856],21.596619140006258,11.862928368140908,0.9999999999999991,0.0033516957589433865,256.1991577148435,101,26,0.3181031520156565
best_model.pt,62991598,20260207,53.40617,7.91,[10.57429909],5.314944617113616,10.048300347494557,1.0,0.005406951405534975,53.40616989135742,13,26,0.2703287662871484
best_model.pt,63007107,20260207,10.31706,3.0,[1.37206292],0.0,0.0,0.0,0.0,0.0,0,27,-1.0
best_model.pt,63014188,20260207,392.33176,5.5,[58.82476268],62.380206583125194,6.289362792981931,1.0000000000000002,0.0036866383398952685,392.33175659179693,113,25,0.14352050781489661
best_model.pt,63014342,20260207,16.37466,3.71,[10.03253652],0.6874103321390775,23.820760185883035,0.9999998835182927,0.0007905138339920949,16.37466049194336,2,23,5.420690011038585
best_model.pt,63017961,20260207,35.714287,1.45,[5.08196768],9.774526263598172,3.653812183552309,0.9999999999999998,0.014902799064289747,35.71428680419921,16,22,1.5198703885486384
best_model.pt,63031379,20260207,10.454783,8.0,[0.31799325],0.9647542505791703,10.836720954210845,0.9999999087810633,0.09942307692307692,10.45478343963623,14,5,0.35459011927635564
best_model.pt,63038979,20260207,1000.0,2.25,[255.66614205],211.4996450085986,4.728140301281378,1.0000000000000002,0.1259636884269305,1000.0000000000002,392,30,1.1013956894583903
best_model.pt,63049514,20260207,6.7385445,1.35,[3.23683603],2.337185324782655,2.8831866730770708,0.9999998584747514,0.006666666666666666,6.738544464111329,20,20,1.1356937941912317
best_model.pt,63049540,20260207,42.857143,2.7,[1.63084326],3.0229348628000006,5.066726750137914,0.35738242878898074,0.0718888888888889,15.316389999999998,33,25,0.876565429872704
best_model.pt,63049739,20260207,2000.0,2.71,[182.55048794],333.9539929876789,5.988848871422054,0.999999999999999,0.018648800163494773,1999.999999999998,713,26,1.209907301520583
best_model.pt,63050276,20260207,4.5454545,2.32,[0.00255852],0.3089398253860039,14.713026342266115,0.999999790191692,0.3274028055278055,4.545454502105711,34,8,5.341821881736379
best_model.pt,63052095,20260207,14.06198,2.43,[13.19428499],2.8324308981237483,4.964631367416973,0.9999999321806577,0.019333931942717684,14.061980247497559,36,24,1.0430581197646622
best_model.pt,63053963,20260207,24.875622,6.0,[3.17092648],2.5361424481280084,9.808444318879364,0.9999999233245901,0.008639670128758704,24.875621795654286,13,22,0.6347407198132272
best_model.pt,63055893,20260207,13.28341,3.03,[3.92034767],2.653049837086963,5.006843399545173,0.9999999282056156,0.009130419471046782,13.283410072326658,25,21,0.6524235798090399
best_model.pt,63056684,20260207,1319.2388,9.52,[45.98966378],61.89433065270654,21.31437135364176,1.0000000000000004,0.03762090381775473,1319.2387695312507,381,45,1.2389044462975463
best_model.pt,63064394,20260207,11.111111,6.35,[0.00838576],0.4996610930410599,22.237249617298467,0.9999999141693157,0.12055742611298166,11.11111068725586,48,3,2.501929126184008
best_model.pt,63088516,20260207,1000.0,3.98,[0.22627417],122.15376753420004,7.327818216704366,0.8951206103039997,0.9360120468404741,895.1206103039997,1674,65,0.8411603471324169
best_model.pt,63089129,20260207,1000.0,3.32,[25.49643442],177.2551919033763,5.64158366037328,1.0000000000000016,0.01110133020344288,1000.0000000000016,1589,24,0.6992722210276926
best_model.pt,63115257,20260207,1000.0,9.5,[0.00125308],40.57129517347661,24.64796775839142,1.0000000000000007,0.6536100118829328,1000.0000000000006,1816,21,1.594522921935939
best_model.pt,63115262,20260207,1000.0,9.5,[0.01562451],40.786313318979815,24.518028086069396,1.0000000000000016,0.5013735893199865,1000.0000000000015,1924,13,1.5808450616915153
best_model.pt,63118770,20260207,299.3164,5.2,[17.39955424],10.103245644643778,29.625764546556162,1.0000000000000004,0.02713235628086825,299.3164062500001,178,27,4.69726262177361
best_model.pt,63118785,20260207,70.0,9.0,[7.83276082],5.355149680593057,13.071527614279534,0.9999999999999998,0.003678689390167677,69.99999999999999,28,28,0.4523919571421704
best_model.pt,63119851,20260207,20.0,2.42,[0.57388638],3.4627640510647266,5.775731158500177,0.9999999046325775,0.17954887218045112,20.0,45,5,1.3866656927322458
best_model.pt,63129337,20260207,1848.9863,6.1,[501.9724986],200.2704334165946,9.232447782476031,1.0000000000000002,0.011947324369845032,1848.9863281250002,450,26,0.5135160535764213
best_model.pt,63135763,20260207,84.18721,2.1,[35.57837618],89.23492578815868,0.9434333966885631,0.9999999999999997,0.001059322033898305,84.18721008300778,46,23,-0.5507459811748738
best_model.pt,63136956,20260207,1000.0,1.2,[205.14129167],428.0420215857345,2.3362192196905256,0.9999999999999991,0.015691263782866834,999.9999999999991,592,24,0.9468492723812652
best_model.pt,63138541,20260207,887.55536,1.17,[184.9532755],350.96629952963724,2.5288905446116168,0.9999999999999999,0.03200129954515919,887.5553588867186,394,24,1.1614449892057885
best_model.pt,63139989,20260207,582.36536,2.31,[317.78170929],105.38075120502046,5.526297205701363,0.9999999999999996,0.005654427658376881,582.3653564453123,251,24,1.3923365119445699
best_model.pt,63153776,20260207,131.89886,8.5,[21.56700081],11.159368884482227,11.81956204619646,1.000000000000001,0.0016754729065166173,131.8988647460939,153,26,0.3905367113172305
best_model.pt,63155109,20260207,107.97988,3.79,[18.77440435],27.7887887746,1.927198847858817,0.4959676098813743,0.39232804232804236,53.554523636999996,105,45,-0.49150425666058306
best_model.pt,63155864,20260207,1000.0,9.0,[0.00150998],39.03379004923139,25.618828535992066,1.0000000000000009,0.24580208966622122,1000.0000000000008,1838,8,1.8465365039991184
best_model.pt,63156076,20260207,1000.0,9.0,[1.92386922],65.18897096721224,15.340017948173308,1.0000000000000024,0.12504437392757686,1000.0000000000024,3023,23,0.7044464386859232
best_model.pt,63158529,20260207,1000.0,7.66,[0.00066175],18.938438191433917,52.802661818736915,0.9999999999999987,0.34221246721600823,999.9999999999986,2262,49,5.893298024878684
best_model.pt,63163299,20260207,309.5489,3.72,[99.73915944],44.22512435523115,6.999389751272723,1.0000000000000004,0.019314285714285714,309.54888916015636,169,25,0.8815563702798289
best_model.pt,63169453,20260207,1000.0,3.98,[0.05765783],15.334363999000002,6.858954570134397,0.10517771289000001,0.9239531456198122,105.17771289000001,301,27,0.7233554113728646
best_model.pt,63178103,20260207,24.0051,8.5,[0.85853041],4.4009895188013335,5.454476701936236,0.9999999205440319,0.021521852341465367,24.00510025024414,22,6,-0.35829685859573696
best_model.pt,63195753,20260207,72.20216,4.15,[10.5710417],6.25772488081443,11.538083494141823,1.0000000000000002,0.13653198653198653,72.20216369628908,17,27,1.780261019035053
best_model.pt,63196383,20260207,1000.0,8.0,[1.43074065],64.61846908075134,15.47545150404112,0.9999999999999993,0.09842064171353335,999.9999999999993,2556,26,0.93443143800514
best_model.pt,63196659,20260207,131.08508,4.15,[41.06715455],26.42197269733339,4.961214650707268,1.0,0.03355871110976797,131.0850830078125,45,25,0.1954733823368775
best_model.pt,63201724,20260207,38.30118,1.53,[55.16257477],0.0,0.0,0.0,0.0,0.0,0,4,-1.0
best_model.pt,63204129,20260207,11.47175,3.76,[0.40058355],0.6402899693660953,17.916464245555023,0.9999999168675908,0.001488095238095238,11.471750259399414,2,1,3.765017098669619
best_model.pt,63204861,20260207,111.72721,3.6,[60.63759106],19.849990808265105,5.628577184198856,1.0000000000000002,0.17944883284060115,111.72721099853517,42,32,0.5634937036958986
best_model.pt,63204884,20260207,184.27386,3.4,[78.66949549],29.302910935487645,6.288585419489542,0.9999999999999997,0.0014559677882310306,184.2738647460937,41,24,0.8495838950292578
best_model.pt,63219307,20260207,33.47138,1.09,[8.01462572],11.606458020407569,2.8838578818538436,0.9999999999999998,0.025731231888590073,33.47137832641601,38,24,1.6457410949933093
best_model.pt,63225492,20260207,135.48969,4.48,[8.77292026],16.328255777331954,8.297865896296424,1.0000000000000002,0.07110534272188408,135.48968505859378,54,28,0.8522022011090336
best_model.pt,63231083,20260207,5.645161,7.02,[0.1406971],0.06879694340878044,82.0542137189164,0.9999998211860657,0.015873015873015872,5.645161151885986,1,1,10.688634464652338
best_model.pt,63236174,20260207,23.10231,7.91,[1.85090054],1.9229868872125937,12.01375751469308,0.9999999174390587,0.0016515276630883566,23.102310180664062,12,21,0.5188062890574624
best_model.pt,63252365,20260207,45.90532,2.5,[16.15391367],7.115190311621436,6.45173365035017,1.0,0.031464019851116624,45.90531921386719,24,26,1.580693460140068
best_model.pt,63259521,20260207,6.334727,3.86,[9.43334828],14.012123499084927,0.45208896130412035,0.9999998494529913,0.05013736263736264,6.334726810455322,13,26,-0.8828785042511258
best_model.pt,63276032,20260207,2662.67,1.0,[2759.05372617],5151.435962312454,0.5168791655060895,0.9999999999999998,0.09874133746695847,2662.6699218749995,711,31,-0.4831208344939105
best_model.pt,63277194,20260207,72.20216,4.15,[6.39427636],7.949277386075771,9.082857611674648,1.0000000000000002,0.34308361391694725,72.20216369628908,36,36,1.1886403380601542
best_model.pt,63287123,20260207,307.8781,3.79,[94.91276854],0.6168246212999999,9.797436733032153,0.019628904260770873,0.09375,6.04331,4,32,1.585075681172814
best_model.pt,63322976,20260207,94.94436,3.45,[34.85537668],10.321717180546207,9.198503307775772,1.0,0.002813172143427297,94.9443588256836,45,24,1.666232805982575
best_model.pt,63324168,20260207,50.0,3.0,[0.93465186],4.085702333925649,12.237795041266176,1.0,0.22293963161861693,50.0,52,6,3.0792650137553923
best_model.pt,63333258,20260207,41.273586,3.44,[0.26368119],7.311835967691628,5.644762931061847,1.0,0.11688888888888888,41.27358627319336,15,3,0.6409194294092105
best_model.pt,63333682,20260207,273.87567,3.79,[46.25782226],0.015576801599999999,34.884254784705945,0.0019841850035400856,0.011494252873563218,0.5434199999999999,1,29,8.204288954042665
best_model.pt,63334016,20260207,133.70215,3.79,[45.66501717],3.7510710017,10.913026991070245,0.30616972485775423,0.11788617886178861,40.93554999999999,8,41,1.8794266757022837
best_model.pt,63338096,20260207,44.41921,1.97,[64.86024678],15.537547623859288,2.8588298966544623,1.0,0.004878048780487805,44.41920852661133,10,25,0.4511826675816209
best_model.pt,63339310,20260207,12.987013,1.94,[5.34169872],0.8095585557754776,16.042072223727764,0.9999999265670821,0.014774292379908368,12.987012863159178,25,24,7.269109149776053
best_model.pt,63339821,20260207,10.85282,2.0,[2.3370996],1.1029404586837277,9.83988797499308,0.9999999121265994,0.015404364569961488,10.852820396423338,24,19,3.9199439874965396
best_model.pt,63339996,20260207,162.68001,2.0,[55.14468534],0.0,0.0,0.0,0.0,0.0,0,23,-1.0
best_model.pt,63344858,20260207,179.59184,8.8,[1.17298565],12.72948605185243,14.108333031787987,0.9999999999999996,0.060216513307603976,179.5918426513671,268,43,0.6032196279543308
best_model.pt,63350356,20260207,7.17026,1.0,[22.22256703],28.547500829206722,0.25116943666185637,0.9999998669958697,0.055172413793103454,7.170259952545167,6,29,-0.7488305633381436
best_model.pt,63352392,20260207,72.20216,4.15,[1.33522696],13.454554140182031,5.366373168344846,1.0000000000000002,0.02245616852380831,72.20216369628908,19,42,0.29310193856024946
best_model.pt,63352636,20260207,507.4561,4.15,[0.10496697],96.85474659120946,5.239351687197362,0.9999999999999996,0.32159635571400275,507.4560852050779,183,3,0.26249435344494415
best_model.pt,63354033,20260207,4.67689,2.06,[2.13933016],2.1176577407685104,2.208519156724729,0.9999997960879681,0.0011214191049036598,4.676889896392822,11,17,0.07209670780125961
best_model.pt,63355127,20260207,1.6891892,1.9,[0.2513405],0.28470412844163573,5.933118257752835,0.9999994354251257,0.17794486215538843,1.6891891956329348,7,3,2.122693859054557
best_model.pt,63355311,20260207,1.6891892,1.9,[0.41941804],0.47295353460151035,3.571567819000123,0.999999463558197,0.045454545454545456,1.6891891956329346,1,2,0.8797725599038914
best_model.pt,63359739,20260207,1000.0,3.32,[7.14293803],161.38014460597313,6.1965491247083575,1.0,0.00313072004183802,1000.0,1317,23,0.8664304967789264
best_model.pt,63370394,20260207,159.52762,8.3,[8.54062092],12.6590337246797,12.601878569555746,1.0,0.0023150957517193917,159.52761840820312,95,26,0.5182985879473821
best_model.pt,63372853,20260207,209.44122,2.5,[75.19263141],0.0,0.0,0.0,0.0,0.0,0,22,-1.0
best_model.pt,63373937,20260207,40.68809,1.15,[50.05249314],18.52971866612577,2.195828755707415,1.0,0.034722222222222224,40.68809127807617,20,24,0.9094163488969116
best_model.pt,63378942,20260207,12.07632,5.6,[2.83567334],0.5411564933826204,22.315721101880033,0.9999999210293979,0.003677018842173359,12.076319694519047,22,21,2.98495026462759
best_model.pt,63380156,20260207,34.70317,2.0,[19.27245353],10.60359538028539,3.272773645070897,0.9999999999999998,0.014660493827160495,34.70317077636718,19,24,0.6363868225354485
best_model.pt,63380247,20260207,6.73505,5.45,[1.33741146],0.24404269309682425,27.59772283377094,0.9999998584013253,0.015583881578947368,6.735050201416015,11,32,4.0638025320393805
best_model.pt,63386669,20260207,1000.0,8.55,[0.0704291],24.617347210675945,40.62175955923324,0.9999999999999989,0.039311068356773886,999.9999999999989,2293,24,3.751082883396035
best_model.pt,63393176,20260207,10.416667,9.38,[0.00764137],0.3380503321787871,30.813861662432334,0.9999999084472768,0.13277777777777777,10.416666984558105,25,5,2.285059838644677
best_model.pt,63400626,20260207,10.53743,3.2,[3.91767969],1.7046798867381812,6.1814676820440795,0.9999999094965044,0.028286926055688732,10.53742980957031,14,22,0.9317086218540733
best_model.pt,63400779,20260207,2.2580645,3.08,[0.02336092],0.461195925725429,4.896096184696678,0.999999577658694,0.2712765957446808,2.2580645084381104,4,2,0.5896416577846468
best_model.pt,63402334,20260207,7.22587,2.4,[1.55752638],0.8969944875042271,8.055637105322939,0.9999998680194674,0.01711237152036515,7.225870132446291,28,21,2.3565153271752886
best_model.pt,63403274,20260207,10.10101,9.3,[0.21543627],0.642712272244663,15.71619998960536,0.9999999055862536,0.0755813953488372,10.1010103225708,26,4,0.6899139427182641
best_model.pt,63403381,20260207,11.363636,9.8,[2.17685475],0.18245980025191408,62.27987601258203,0.9999999160766648,0.0001443719020196025,11.363636016845705,9,19,5.355089265351525
best_model.pt,63407342,20260207,402.3843,1.91,[101.78377592],155.01736600982022,2.5957369527237346,0.9999999999999986,0.021416144745998608,402.38430786132756,1231,24,0.3590246063277879
best_model.pt,63407584,20260207,8.733624,1.18,[10.17999456],3.1234547879242895,2.796141534027273,0.9999998908043027,0.02277432712215321,8.733624458312988,11,23,1.3696115748460564
best_model.pt,63412723,20260207,1017.58417,1.26,[1235.29383744],427.5997859554755,2.3797583593895166,1.0000000000000007,0.029979466119096507,1017.5841674804693,365,25,0.888697124921854
best_model.pt,63413074,20260207,35.0,2.4,[4.07196197],1.9388449540515225,18.051975674943133,0.9999999999999998,0.0015238744385885905,34.99999999999999,42,22,6.52165623234254
best_model.pt,63415176,20260207,391.68222,5.0,[167.08847847],60.75368895152889,6.447052364580324,0.9999999999999996,0.003520652873335643,391.6822204589842,200,25,0.28941047291606486
best_model.pt,63418375,20260207,111.04177,7.1,[8.52963425],11.417190412271905,9.725839475346275,0.9999999999999999,0.011510041682455476,111.04177093505858,31,26,0.3698365642231084
best_model.pt,63419441,20260207,37.5,7.5,[0.23269522],3.6363664447123263,10.312489199772449,1.0,0.03972036860502066,37.5,125,3,0.3749985599696598
best_model.pt,63421324,20260207,1000.0,1.4,[0.86152011],190.85782470526783,5.239502212208213,1.0000000000000002,0.11700600411566621,1000.0000000000002,358,6,2.7425016438831467
best_model.pt,63423264,20260207,2919.6333,6.1,[570.78607345],343.44742637893995,8.500961335080532,0.9999999999999991,0.009742093334789937,2919.6333007812473,515,26,0.3936002406532144
best_model.pt,63428201,20260207,1000.0,3.83,[0.08209216],84.50608964421981,11.833466586569646,1.0000000000000009,0.6574574710221465,1000.0000000000009,354,7,2.0896780214865203
best_model.pt,63428584,20260207,32.258064,8.0,[1.65197101],3.0339981843994677,10.632192795531191,1.0,0.000862663906142167,32.25806427001953,5,63,0.3290240994413989
best_model.pt,63449407,20260207,4.716981,3.36,[0.00020804],0.6054944095673546,7.790283558901788,0.9999997978210773,0.07056451612903225,4.716980934143066,3,2,1.318536845870828
best_model.pt,63451974,20260207,68.71583,2.5,[35.6540986],14.65446057606664,4.689072169947189,0.9999999999999996,0.011371518654755648,68.7158279418945,32,25,0.8756288679788756
best_model.pt,63454972,20260207,67.95028,5.05,[7.86490391],0.9343599480302364,72.72380056025301,1.0,0.025470142977291842,67.95027923583984,12,25,13.400752042282681
best_model.pt,63456215,20260207,279.74338,1.62,[19.50522382],81.3901343937751,3.4370673587421265,0.9999999999999992,0.017334035441852982,279.74337768554665,172,25,1.121646511497116
best_model.pt,63461553,20260207,3.40762,2.84,[0.47569256],0.590886605992309,5.766951140281441,0.9999997201348558,0.3047619047619048,3.4076199531555176,6,3,1.0306166600600941
best_model.pt,63463364,20260207,117.64706,5.0,[4.04439073],12.472643232650936,9.432406984848724,1.0,0.1323529411764706,117.64705657958984,8,34,0.8864813969697447
best_model.pt,63464061,20260207,346.15384,6.1,[49.9737921],39.474104664929605,8.769136964105188,1.0000000000000002,0.012242399510304019,346.1538391113282,55,26,0.43756345921343004
best_model.pt,63466342,20260207,80.63901,2.78,[8.2972548],5.426086381792816,14.861354396713699,1.0000000000000002,0.02683521226327343,80.63900756835939,66,24,4.34581098908582
best_model.pt,63467432,20260207,4.347826,2.19,[0.39063373],0.6766419427762345,6.425583907207238,0.9999997806549512,0.4361111111111111,4.34782600402832,13,4,1.9340565019722273
best_model.pt,63471673,20260207,166.66667,5.0,[5.70884773],17.527414073923886,9.50891338226395,1.0000000000000004,0.018761917564062352,166.66667175292974,36,23,0.90178267645279
best_model.pt,63472525,20260207,1025.556,1.74,[871.85791609],346.74977379480833,2.9576256563693946,0.9999999999999973,0.02148473875617295,1025.5560302734348,570,25,0.6997848506660822
best_model.pt,63473865,20260207,8.695652,1.88,[1.90251813],1.270441991933186,6.844582608799147,0.9999998903274634,0.0006640106241699867,8.695652008056639,8,16,2.6407354394465568
best_model.pt,63480295,20260207,1000.0,5.38,[0.09065174],42.36625946116827,23.603688149832564,0.9999999999999973,0.3468401760092527,999.9999999999974,3187,12,3.387302536755694
best_model.pt,63510498,20260207,2.93115,8.3,[0.1458486],0.01369167877979144,214.06694823588455,0.9999996746416869,0.0033785980579157274,2.931149959564209,6,4,24.79119798995228
best_model.pt,63518080,20260207,1000.0,9.0,[3.24339803],69.18767285551726,14.453441549260276,1.0000000000000022,0.10300607549538028,1000.0000000000022,1662,37,0.6059379499178085
best_model.pt,63524267,20260207,38.46154,2.76,[0.04206534],2.3269443456950283,16.528768195318314,1.0,0.36572104018912527,38.46154022216797,25,3,4.98868414943147
best_model.pt,63529958,20260207,164.5273,5.57,[50.97008599],6.489221414276212,25.35393109838164,1.0000000000000002,0.004247847088574708,164.52729797363284,41,25,3.551872588330507
best_model.pt,63530218,20260207,83.333336,2.47,[14.20114845],18.836507574331133,4.424033017988524,1.0000000000000004,0.00598404255319149,83.33333587646489,81,24,0.7911064642690515
best_model.pt,63531248,20260207,34.41965,2.1,[22.04018501],59.34837758918851,0.5799594167474756,1.0,0.0004430660168365087,34.41965103149414,23,23,-0.7238288366260903
best_model.pt,63531465,20260207,12.32902,1.45,[3.69897094],3.5792385436129424,3.4445919017936633,0.9999999226480063,0.031731601731601736,12.329019546508789,17,21,1.3755805438049349
best_model.pt,63532364,20260207,72.20216,4.15,[9.02839086],12.351300837588042,5.845712836242101,1.0,0.03809523809523809,72.20216369628906,32,24,0.4086054703390398
best_model.pt,63532391,20260207,238.66006,4.15,[4.77656644],42.63571733958678,5.597655533709455,1.0,0.00768716577540107,238.66006469726562,69,22,0.34883262772885576
best_model.pt,63533300,20260207,2094.1917,3.61,[88.02355927],292.7688706461145,7.153054348352952,1.0000000000000009,0.02928978347369289,2094.191650390627,954,26,0.9814555557384798
best_model.pt,63533681,20260207,7.47524,1.97,[11.23535403],1.477095419149989,5.060766605108968,0.999999872422268,0.010649382380631636,7.475240230560303,13,24,1.5689170211226715
best_model.pt,63533738,20260207,74.38692,3.79,[7.22517273],9.64326804064551,7.713869311405051,1.0,0.17895545314900152,74.38691711425781,20,31,1.0353217385346738
best_model.pt,63533942,20260207,1000.0,1.98,[2.83604406],355.5991723607589,2.81215501866617,0.9999999999999997,0.18834039975213573,999.9999999999997,189,27,0.4202802987759966
best_model.pt,63535088,20260207,1582.6045,2.13,[769.19870949],552.4758755550728,2.864567593531371,0.9999999999999997,0.02648702654613425,1582.6044921874995,740,25,0.3448673425462524
best_model.pt,63535386,20260207,117.61521,4.62,[53.1943537],12.360736747907069,9.515225861557585,1.0,0.02341153092431865,117.6152114868164,77,26,1.0595727483240218
best_model.pt,63535808,20260207,9.09778,3.82,[2.53080147],0.988773502990665,9.201066775229158,0.9999998951750655,0.03838235294117647,9.097780227661133,6,20,1.4086562659749506
best_model.pt,63536636,20260207,208.86076,5.6,[1.63272923],29.53876693564746,7.070733755883943,1.0000000000000002,0.025037211610022325,208.86076354980474,19,10,0.26263104933889697
best_model.pt,63537243,20260207,2.6845639,2.14,[0.84322107],1.0904449459021042,2.4618954156205133,0.9999996447564587,0.011403165917529802,2.6845638751983643,5,2,0.15041836212001136
best_model.pt,63537321,20260207,1.8461539,2.49,[0.02720118],0.23124497537500605,7.983506966250669,0.9999994834266813,0.07534246575342465,1.8461538553237915,11,1,2.2062276850095177
best_model.pt,63537589,20260207,4.26584,3.12,[0.46447201],0.1775605832060337,24.02456644356724,0.9999997764393201,0.37142857142857144,4.2658400535583505,11,5,6.700181834866385
best_model.pt,63537852,20260207,12.03287,2.37,[6.56013708],3.9343703601430096,3.058397185014633,0.9999999207442433,0.023819021026839134,12.032870292663574,19,23,0.29046300957654203
best_model.pt,63537981,20260207,1000.0,3.26,[0.02298273],43.27391729882351,23.10860766280984,0.9999999999999999,0.4816210822661242,999.9999999999999,1382,10,6.088529978653781
best_model.pt,63538339,20260207,1011.9877,3.6,[104.41203034],188.4743661344881,5.369365003233154,0.9999999999999999,0.03521498176485269,1011.9876708984374,144,26,0.4914903181868765
best_model.pt,63539511,20260207,354.54544,2.69,[14.27960343],61.99812875417846,5.718647354034628,1.0000000000000002,0.08604375278125538,354.5454406738282,136,28,1.1258911644573084
best_model.pt,63543019,20260207,7.11443,2.32,[3.09833648],1.5201420281809654,4.680105634025362,0.9999998659521289,0.04166666666666667,7.11442995071411,10,20,1.0172869692645674
best_model.pt,63552128,20260207,86.2854,4.15,[12.18227438],17.76905321967389,4.855936580748897,0.9999999999999999,0.005668934240362813,86.28540039062499,20,24,0.17010517329131847
best_model.pt,63554448,20260207,316.3261,8.2,[39.77013989],19.599639323033085,16.13938345940481,1.0,0.0044316363895807375,316.32611083984375,697,34,0.9682175408307945
best_model.pt,63559263,20260207,4.53857,4.5,[0.66466299],0.48676899779977933,9.323848938369458,0.9999997898734334,0.035037878787878785,4.538569927215576,9,4,1.0719664307487686
best_model.pt,63560316,20260207,4.5454545,2.83,[0.0950479],0.09681064529266017,46.95152621737675,0.9999997901916924,0.013793103448275862,4.545454502105713,2,1,15.590645753760626
best_model.pt,63561739,20260207,1000.0,8.37,[0.62055523],22.85253827784107,43.75881331356678,0.9999999999999998,0.04077625473643032,999.9999999999998,2072,27,4.228054230808854
best_model.pt,63563441,20260207,32.60413,2.5,[19.8699626],8.84130422215995,3.687705488273428,1.0,0.004710144927536232,32.604129791259766,13,24,0.47508219530937124
best_model.pt,63568994,20260207,1000.0,1.56,[9.9982732],110.60997637816124,9.040775739254778,1.0,0.03422271445831656,1000.0,567,24,4.795369276197736
best_model.pt,63572763,20260207,16.34594,1.35,[15.40269073],6.745543690317172,2.423220123305104,0.999999883313627,0.012681159420289856,16.34593963623047,7,24,0.7949778374144426
best_model.pt,63573065,20260207,2.75494,5.0,[0.3819591],0.5159460321031302,5.339579184570854,0.9999996423721313,0.0009624639076034649,2.7549400329589844,1,1,0.06791583691417084
best_model.pt,63580443,20260207,130.7283,3.79,[28.65344828],40.8005180403583,3.2040842880611815,0.9999999999999998,0.27976190476190477,130.7283020019531,30,42,-0.15459516614490326
best_model.pt,63581835,20260207,208.86076,4.7,[0.62691936],28.647656006476808,7.290675237510154,1.0000000000000002,0.06478087649402389,208.86076354980474,69,5,0.551207560293514
best_model.pt,63583264,20260207,41.666668,2.37,[3.14652901],10.375020368004037,4.016056108253426,1.0,0.018627026667110566,41.66666793823242,21,22,0.6945385241257257
best_model.pt,63592988,20260207,70.92199,1.65,[32.41290031],8.567357904481412,8.278162527289492,1.0,0.024732175281442923,70.92198944091797,17,24,4.0170682708519525
best_model.pt,63596870,20260207,280.89886,3.0,[4.41667541],49.267797813965274,5.701469753231015,1.0000000000000004,0.028574295921125682,280.89886474609386,122,22,0.9004899177436716
best_model.pt,63597112,20260207,1707.9103,7.91,[27.67185869],147.84833431331188,11.55177212310849,1.0000000000000002,0.0028909250613656763,1707.9102783203127,781,30,0.460401055113528
best_model.pt,63598203,20260207,181.81818,2.55,[70.36833089],46.55566452492408,3.9053931292678636,1.0,0.007858649789029537,181.81817626953125,149,24,0.5315267459987254
best_model.pt,63598374,20260207,5.0761423,2.43,[0.0002938],0.006233195139216375,814.2418063182814,0.9999998211860657,1.0,5.076142311096191,1,1,334.0789234359465
best_model.pt,63599572,20260207,147.05882,2.54,[26.27044761],35.93179588254607,4.092721082459143,1.0000000000000004,0.027106570331903366,147.058822631836,68,25,0.6113075369786013
best_model.pt,63600227,20260207,33.333332,2.5,[2.02386723],4.232378311018628,7.87579033263563,0.9999999999999996,0.13203463203463203,33.333332061767564,49,22,2.150316133054252
best_model.pt,63601569,20260207,115.99469,2.63,[66.05690356],25.26087063281174,4.591872031475702,0.9999999999999996,0.0179270387606584,115.9946899414062,125,25,0.7459588713561089
best_model.pt,63604272,20260207,70.0,8.5,[13.10762524],6.273609553956704,11.157849120209049,1.0000000000000002,0.0026687598116169543,70.00000000000001,17,26,0.31268813178929983
best_model.pt,63611224,20260207,1000.0,6.6,[1.23354341],80.48657679231266,12.42443184229298,1.0000000000000004,0.04501437052491025,1000.0000000000005,564,38,0.8824897002759376
best_model.pt,63613810,20260207,67.22689,4.0,[9.4528637],8.243240526136354,8.155394980337839,1.0,0.007404353204140535,67.22689056396484,38,25,1.0388487450844597
best_model.pt,63615321,20260207,121.09166,2.17,[35.63907684],13.8716904266023,8.729408391659875,1.0000000000000002,0.019909667504091965,121.09165954589845,123,24,3.022768702648378
best_model.pt,63616549,20260207,743.55707,2.0,[360.41571185],251.20795968191794,2.9599263727656804,0.9999999999999991,0.01845983513110585,743.5570678710931,277,25,0.4799631863828402
best_model.pt,63618506,20260207,7.2016463,5.02,[0.46297299],0.3557611968017941,20.242865579067324,0.9999998675755312,0.0021413276231263384,7.201646327972412,2,2,3.0324433577649557
best_model.pt,63619732,20260207,330.87964,2.2,[108.96754828],0.0,0.0,0.0,0.0,0.0,0,20,-1.0
best_model.pt,63622918,20260207,1350.1515,4.28,[332.02644072],169.86219218408408,7.9485108719549915,0.9999999999999991,0.027401450855153813,1350.1514892578114,885,28,0.857128617363061
best_model.pt,63631199,20260207,206.74242,4.15,[0.97709283],42.089812282297444,4.911934747612429,1.0000000000000002,0.04197994987468672,206.74241638183597,67,6,0.1835987071652194
best_model.pt,63631324,20260207,133.48969,2.35,[7.97689872],25.046900385289742,5.329588798436891,0.9999999999999993,0.028077186421931372,133.48968505859366,396,24,1.2679102190304952
best_model.pt,63631326,20260207,80.8756,2.15,[0.30823822],4.487540339490791,18.022252410346603,0.9999999999999997,0.3093498482649426,80.87560272216794,114,3,7.382442609737014
best_model.pt,63634590,20260207,5.0761423,2.07,[0.00055329],0.21655545754911085,23.44027219758626,0.9999998121262018,0.5,5.076142311096192,6,1,10.323803359194054
best_model.pt,63634742,20260207,5.0761423,2.07,[0.02537293],0.23926112738278182,21.215820349934287,0.9999998121262018,0.5,5.076142311096192,7,1,9.249188905382349
best_model.pt,63635613,20260207,1.2315271,6.48,[0.04878385],0.06223492367251159,19.788042297773007,0.9999992256170526,0.31916666666666665,1.2315270900726318,19,4,2.053710222149399
best_model.pt,63636832,20260207,27.027027,1.03,[29.27208641],12.741793593720189,2.1211319120971597,0.999999929428106,0.14814814814814814,27.027027130126957,7,27,1.0593514281705598
best_model.pt,63636929,20260207,35.30304,2.32,[2.89677335],6.55382568721199,5.38663001566177,1.0,0.04923700985126521,35.30303955078125,46,20,1.3218233494225002
best_model.pt,63638951,20260207,2.47032,2.53,[7.28412858],0.3451407902963535,7.157406190140759,0.9999996139471997,0.0035492457852706297,2.470319986343384,4,23,1.8290143363950626
best_model.pt,63639342,20260207,6.451613,2.04,[0.61053511],1.0555030394904323,6.112352684586594,0.9999998521805039,0.5567099567099567,6.451612949371338,31,11,1.9962513720022124
best_model.pt,63639367,20260207,6.451613,2.08,[2.37608465],1.7559010989362982,3.674244112629992,0.999999852180504,0.045454545454545456,6.451612949371339,9,18,0.7664635804809941
best_model.pt,63639383,20260207,481.31552,2.49,[167.08888021],120.78937544436553,3.9847504425351814,0.9999999999999996,0.018115702479338844,481.31552124023415,274,25,0.6003013764150675
best_model.pt,63639592,20260207,10.83412,6.06,[2.02456428],0.8018720559591761,13.511016134334984,0.9999999119749226,0.039615036670866854,10.834119796752928,12,19,1.229540637278931
best_model.pt,63639615,20260207,2473.591,2.49,[1856.10689493],657.6400141915344,3.761314712172285,0.9999999999999994,0.017491536249738017,2473.5910644531236,1215,25,0.5105681517134075
best_model.pt,63640115,20260207,4.347826,2.41,[0.10931371],0.9820424829226911,4.427325347232708,0.9999997806549515,0.5320054945054945,4.347826004028322,26,4,0.8370643940067246
best_model.pt,63645350,20260207,12.57633,2.45,[0.77748715],4.836575491451996,2.600254582381466,0.9999999241691154,0.05282060464077615,12.576330184936525,52,4,0.06132838031566731
best_model.pt,63646194,20260207,576.4706,1.72,[124.39169232],172.59612886354932,3.339997145419382,1.0000000000000004,0.021441690369768385,576.4705810546877,311,25,0.941858773175789
best_model.pt,63650409,20260207,3.00871,3.45,[0.04392597],0.49816288007907455,6.039598669927976,0.9999996830289248,0.6666666666666666,3.0087099075317383,2,3,0.7506082859282516
best_model.pt,63652241,20260207,117.5,8.5,[11.38690416],9.592372147622346,12.249314970521624,1.0000000000000002,0.0025120540612894042,117.50000000000003,33,26,0.44109587888489693
best_model.pt,63653084,20260207,1000.0,1.23,[6.04002327],194.88888175097088,5.131129009948717,1.0000000000000009,0.04743007716831745,1000.0000000000008,385,23,3.171649536894973
best_model.pt,63654692,20260207,1000.0,1.73,[2.86550014],156.82697741411783,6.376453911898986,0.9999999999999996,0.30702644843995863,999.9999999999995,992,31,2.6858114691316253
best_model.pt,63654752,20260207,1000.0,1.4,[0.82914955],150.58680465809036,6.640688044545652,1.0000000000000002,0.5147751632960357,1000.0000000000002,345,9,3.743348684025641
best_model.pt,63654992,20260207,500.0,1.34,[4.73557789],116.1886300308857,4.303347027706078,1.0000000000000002,0.043529788202862525,500.0000000000001,195,22,2.211452925755427
best_model.pt,63655156,20260207,1000.0,1.26,[14.81642974],191.25437795028057,5.2286384525604275,1.0000000000000007,0.03318993038391827,1000.0000000000006,413,24,3.149713088996171
best_model.pt,63659280,20260207,31.39251,7.5,[1.42889271],2.4712302643871573,12.703185619592057,0.9999999392419232,0.014545454545454545,31.392509460449237,104,22,0.6937580826122743
best_model.pt,63664633,20260207,12.5,7.5,[0.21438552],0.20885678394324197,59.84933749654708,0.9999999237060605,0.01210239651416122,12.5,17,4,6.979911666206277
best_model.pt,63670871,20260207,3.54614,1.3,[4.31574796],3.0257284987997126,1.1719950368753589,0.9999997310669994,0.005128205128205128,3.5461399555206308,4,20,-0.09846532318162907
best_model.pt,63681662,20260207,29.74327,6.51,[2.48576065],1.4477412567844299,20.544589849912928,0.9999999358729399,0.007794524835417214,29.74327087402343,18,20,2.155850864454069
best_model.pt,63681685,20260207,52.66818,6.51,[7.81831667],2.079540300834147,25.326824976846243,1.0,0.0016865520049603449,52.66817855834961,17,24,2.890449168416758
best_model.pt,63683340,20260207,85.97987,6.85,[0.28017244],7.703514213964361,11.161122068191496,1.0,0.028735632183908046,85.97987365722656,30,4,0.6293609085517461
best_model.pt,63683627,20260207,71.41286,1.1,[133.85937681],47.31787034904395,1.5092153349182083,0.9999999999999998,0.00442351598173516,71.41285705566405,31,24,0.3720139110971341
best_model.pt,63684378,20260207,64.88098,8.26,[5.67505281],0.0,0.0,0.0,0.0,0.0,0,21,-1.0
best_model.pt,63695352,20260207,244.34483,1.0,[278.00997445],135.64944454903508,1.8012962189786212,0.9999999999999992,0.006992014196983142,244.34483337402324,197,23,0.8012962189786212
best_model.pt,63697940,20260207,1000.0,9.0,[1.7965916],69.44431775576527,14.4000260628517,1.0000000000000009,0.1509191481641009,1000.0000000000009,2965,24,0.6000028958724111
best_model.pt,63698176,20260207,35.21127,8.2,[0.15586578],2.668965125956362,13.192849859061054,1.0000000000000002,0.017826034524593068,35.21126937866212,14,4,0.6088841665769946
best_model.pt,63698780,20260207,1000.0,9.0,[0.8727],51.882318558393266,19.27438881899846,1.0000000000000002,0.19195808310466805,1000.0000000000002,2364,9,1.1415987576664957
best_model.pt,63698963,20260207,1000.0,9.5,[0.13417635],48.35314626506341,20.68117706006143,1.0000000000000013,0.4546547587424323,1000.0000000000014,2351,10,1.1769660063222558
best_model.pt,63699826,20260207,1000.0,9.0,[0.003103],38.71104217720084,25.832421911816596,1.0000000000000013,0.24287508508904843,1000.0000000000013,2205,9,1.870269101312955
best_model.pt,63699827,20260207,1000.0,9.0,[0.0366266],38.21100692019362,26.170469046212318,1.0000000000000009,0.3671883854927097,1000.0000000000008,2179,13,1.907829894023591
best_model.pt,63699925,20260207,1000.0,9.0,[0.413971],51.94078490970503,19.252692897993917,1.0000000000000007,0.27608182579065726,1000.0000000000006,2169,8,1.139188099777102
best_model.pt,63704769,20260207,1000.0,7.57,[1.55878626],85.23000151847899,11.732957531981613,0.9999999999999999,0.08944423879106268,999.9999999999999,149,15,0.5499283046127855
best_model.pt,63705909,20260207,162.7391,2.0,[63.65937628],44.9435901629352,3.6209635459397744,0.9999999999999998,0.022661782661782662,162.73910522460935,96,25,0.8104817729698872
best_model.pt,63707085,20260207,662.2353,1.5,[429.3060518],0.0,0.0,0.0,0.0,0.0,0,22,-1.0
best_model.pt,63708107,20260207,17.33141,5.0,[1.70037433],1.9173556990256353,9.039220226029515,0.9999998899484531,0.00966183574879227,17.331409454345707,14,23,0.807844045205903
best_model.pt,63711593,20260207,132.71461,3.93,[7.46426469],9.219171645366625,14.395501632661563,1.0,0.01498016018631322,132.71461486816406,78,24,2.6629774524507472
best_model.pt,63716161,20260207,41.273586,3.72,[0.99299883],8.965034584426864,4.603839648432583,1.0000000000000002,0.004901960784313725,41.27358627319337,18,6,0.2375912938238742
best_model.pt,63731046,20260207,22.96911,1.0,[27.71091902],12.343517315854648,1.8608236242813283,0.9999999169602812,0.08525641025641026,22.9691104888916,10,26,0.8608236242813283
best_model.pt,63735016,20260207,23.809525,3.03,[2.22599183],3.2611256210450468,7.30101198232619,0.9999999198913662,0.00800343737374385,23.80952453613281,8,19,1.4095749344107862
best_model.pt,63736484,20260207,32.258064,8.5,[1.34077429],2.347417329542789,13.741932515412577,1.0,0.0032873109796186717,32.25806427001953,10,39,0.6166979429897149
best_model.pt,63741668,20260207,29.411764,4.71,[0.34192044],0.5289165117009379,55.60746901782966,0.9999999351501494,0.016493055555555556,29.41176414489746,7,3,10.806256596062996
best_model.pt,63751749,20260207,419.55008,1.0,[617.85063009],434.79622098155806,0.9649349698431796,1.0000000000000002,0.012468468468468467,419.5500793457032,173,25,-0.03506503015682039
best_model.pt,63769539,20260207,9.615385,5.2,[0.58430765],0.8593608978500505,11.188982289763763,0.9999998807907104,0.2,9.615385055541992,1,5,1.1517274423410004
best_model.pt,63774452,20260207,7.52313,2.17,[0.51419074],1.6414880803187692,4.583112997968895,0.9999998732343848,0.10003470414714559,7.523129940032959,13,3,1.1120335653610698
best_model.pt,63774454,20260207,44.39334,2.28,[15.6762113],10.433524380205451,4.254874497998198,1.0,0.01771711422741171,44.393341064453125,63,24,0.8661730488551919
best_model.pt,63775347,20260207,1000.0,3.0,[0.18938951],33.6017812331233,29.76032619526472,0.9999999999999999,0.3986857960568193,999.9999999999999,947,10,8.920108731754906
best_model.pt,63781958,20260207,23.10231,9.0,[0.81840731],1.6509209699636704,13.993580920830828,0.9999999174390587,0.03125,23.102310180664062,6,6,0.5548423245367586
best_model.pt,63782676,20260207,1000.0,7.35,[1.20337855],72.18231286970567,13.853809145063885,1.0,0.053408120772442995,1000.0,198,9,0.8848720169822161
best_model.pt,63786660,20260207,72.20216,3.82,[1.05783151],14.140876313121405,5.1059182607639375,1.0,0.022911051212938006,72.20216369628906,17,7,0.3366278403124273
best_model.pt,63786819,20260207,72.20216,3.82,[1.02745693],15.617352119251565,4.623201072868437,1.0000000000000002,0.05017599436818022,72.20216369628908,22,6,0.21026208211050992
best_model.pt,63786866,20260207,72.20216,3.82,[2.75334866],14.555177371832043,4.960582539889621,1.0,0.0006653992395437262,72.20216369628906,14,20,0.2985818394186678
best_model.pt,63788574,20260207,1000.0,7.7,[1.75649153],67.10001427639564,14.90312626429132,1.0000000000000007,0.43105248736788326,1000.0000000000006,434,56,0.9354709913575474
best_model.pt,63789710,20260207,2299.1038,7.8,[86.36392457],176.13172610705485,13.053319793816634,1.0000000000000016,0.010722319767178525,2299.1037597656286,1333,42,0.6735024967463287
best_model.pt,63791228,20260207,6.381039,4.4,[2.6715755],0.7209854900452998,8.850428171279216,0.9999998505456319,0.0030701754385964912,6.3810391426086435,7,20,1.0114609044207625
best_model.pt,63795480,20260207,1038.258,1.7,[945.85151025],321.14153095445477,3.2330233038430967,0.9999999999999998,0.014959618208516887,1038.2580566406248,326,24,0.9017783606819045
best_model.pt,63796033,20260207,72.20216,3.82,[0.01603254],14.631738951344142,4.934625952647296,1.0000000000000002,0.3235294117647059,72.20216369628908,11,2,0.29178692117365873
best_model.pt,63797111,20260207,322.05246,3.93,[137.49512947],20.612375905073048,15.624227191262658,0.9999999999999997,0.005739004397114652,322.05245971679676,163,25,2.9756302610332583
best_model.pt,63800765,20260207,199.22997,2.25,[100.40840067],33.16163581730976,6.007844736601385,1.0000000000000009,0.02712615000779666,199.2299652099611,459,25,1.670153216267282
best_model.pt,63801794,20260207,10.37795,4.66,[0.35778279],0.5942293119353095,17.464524286654758,0.9999999081057188,0.23076923076923075,10.377949714660645,9,3,2.747752115561448
best_model.pt,63815076,20260207,72.20216,3.82,[5.7805575],15.660402204457256,4.610492000342554,1.0000000000000002,0.0013519359723123514,72.20216369628908,25,23,0.20693509971574992
best_model.pt,63817404,20260207,2.7526882,1.93,[0.11866232],0.8396943194292567,3.278198777326019,0.9999996535481219,0.20588235294117646,2.75268816947937,7,1,0.698548635449969
best_model.pt,63818001,20260207,280.73956,5.0,[35.34906735],30.476009734382124,9.21182123983042,0.9999999999999996,0.01951950756117655,280.73956298828114,160,27,0.8423642479660838
best_model.pt,63818646,20260207,1000.0,7.5,[3.07912534],75.02992802004727,13.328014741061647,0.999999999999999,0.04343701039018281,999.999999999999,3220,23,0.777068632141553
best_model.pt,63819872,20260207,126.29789,6.79,[24.18579015],9.114412036868735,13.856941659170444,0.9999999999999992,0.02092032297999799,126.29788970947256,209,41,1.0407867064831042
best_model.pt,63820079,20260207,68.49315,2.7,[26.97452155],17.504473402706765,3.912893768071073,0.9999999999999998,0.0028904428904428904,68.49314880371092,31,25,0.44921988850625316
best_model.pt,63820271,20260207,68.49315,2.7,[3.14900658],8.57499121676506,7.987546469115068,1.0,0.019725019725019728,68.49314880371094,194,21,1.958350491870342
best_model.pt,63820716,20260207,371.34915,7.1,[35.57215925],35.70246765753119,10.401217774978551,0.9999999999999996,0.005427373242911897,371.34915161132795,81,26,0.4649602696743732
best_model.pt,63822723,20260207,1000.0,7.57,[1.38447979],83.71371223877473,11.945474179931816,0.9999999999999998,0.22149775190933726,999.9999999999998,147,12,0.5780018373909971
best_model.pt,63823693,20260207,16.79295,1.89,[5.18916694],2.2108811226289977,7.595587980305749,0.9999998864196911,0.05971712938711367,16.792949676513675,64,23,3.0188296496272846
best_model.pt,63826134,20260207,1000.0,7.35,[43.93083679],91.082088102131,10.9791069776484,0.9999999999999997,0.03403713176421657,999.9999999999997,240,33,0.49375607076245975
best_model.pt,63835004,20260207,26.35564,6.0,[0.56415225],1.8465789409399371,14.272677736313726,0.9999999276303493,0.0392156862745098,26.355640411376957,10,5,1.3787796227189544
best_model.pt,63835646,20260207,8.16765,2.16,[3.41438216],1.2209806366,5.375813856036172,0.8036300593888448,0.25,6.563770000000001,6,24,1.4888026122317268
best_model.pt,63837272,20260207,98.75586,1.18,[70.72898557],40.943249260300604,2.4120180676216534,1.0000000000000002,0.035218196244379794,98.75585937500001,82,25,1.0440831990153254
best_model.pt,63837886,20260207,132.86555,2.15,[61.8911344],41.20663087312064,3.224373086804978,1.0000000000000004,0.004207218167072182,132.86555480957037,83,24,0.499708345944951
best_model.pt,63840924,20260207,8.088235,1.74,[2.04844641],2.2312738667320424,3.6249388284798707,0.9999998820911845,0.01603281133482476,8.08823490142823,43,18,1.0832981658689604
best_model.pt,63848165,20260207,36.14132,1.05,[29.12192451],9.77790045069217,3.696224538276966,1.0,0.015810276679841896,36.141319274902344,8,23,2.5202140058417624
best_model.pt,63848591,20260207,354.54544,2.7,[15.07816119],61.94989920539681,5.723099464217408,1.0000000000000007,0.025769718602890675,354.54544067382835,483,25,1.1196664307940134
best_model.pt,63862766,20260207,4.5454545,2.97,[0.00097594],0.1289787577888955,35.241611397234706,0.9999997901916922,0.3137591575091575,4.545454502105712,12,4,10.865862309006621
best_model.pt,63864374,20260207,2.05838,6.0,[0.00826127],0.05153005644215048,39.944453513102594,0.9999995366871393,0.6666666666666666,2.058379888534546,4,6,5.657408918850432
best_model.pt,63864918,20260207,11.45841,5.19,[0.2422438],0.6334219321836281,18.089667552073646,0.9999999167708072,0.11551155115511551,11.458410263061523,35,3,2.4854850390428886
best_model.pt,63865915,20260207,49.26318,8.5,[8.13145602],4.069823714084251,12.104496689641193,1.0,0.0027812283791433423,49.263179779052734,25,26,0.4240584340754345
best_model.pt,63866696,20260207,4.347826,2.54,[0.84073868],0.6056308684986713,7.178991447075508,0.9999997806549512,0.38888888888888884,4.34782600402832,5,6,1.8263746279106865
best_model.pt,63872859,20260207,1000.0,1.02,[1.87255237],575.4770667385637,1.7376887039646463,0.9999999999999998,0.0909090909090909,999.9999999999998,456,19,0.7036164082926966
best_model.pt,63873690,20260207,5339.067,1.0,[2656.23472774],3532.5823698884524,1.5113778912927278,1.0000000000000007,0.19881873720116766,5339.066894531254,1658,35,0.5113778912927278
best_model.pt,63877699,20260207,29.96146,9.0,[0.33203642],2.4904714657383398,12.030432187349177,0.9999999363399347,0.016666666666666666,29.961460113525394,30,4,0.3367146874832419
best_model.pt,63886464,20260207,1.45776,5.0,[0.04546823],0.14679120267404008,9.930772546713927,0.9999993457951186,0.04054054054054054,1.457759976387024,3,2,0.9861545093427854
best_model.pt,63886585,20260207,1.2520868,5.0,[0.09330901],0.09516318688005661,13.157121388445175,0.9999992251396179,0.014285714285714285,1.2520867586135864,1,2,1.6314242776890349
best_model.pt,63886628,20260207,2.4251,5.0,[0.77210164],0.2196970566332812,11.038331996570506,0.9999995827674866,0.020833333333333332,2.425100088119507,1,3,1.207666399314101
best_model.pt,63887366,20260207,19.94432,5.05,[2.06872116],0.9984211896835132,19.975838763191977,0.9999999043663366,0.014519056261343012,19.944320678710938,8,19,2.955611486875042
best_model.pt,63887879,20260207,62.70501,4.92,[6.102117],6.271014198727452,9.999179953059857,1.0,0.020196078431372548,62.70500946044922,66,25,1.0323536174804027
best_model.pt,63890282,20260207,42.79496,8.01,[0.0635166],1.260437009999781,33.95245119748499,1.0000000000000002,0.03920709990074152,42.79496002197266,9,3,3.2387578311248832
best_model.pt,63890317,20260207,2.10644,8.01,[0.01790272],0.05879746732923172,35.82474446989609,0.999999547258002,0.04504504504504505,2.1064400672912598,5,3,3.47250230289907
best_model.pt,63891398,20260207,62.13514,6.0,[30.61322416],7.247483871146512,8.573338278042185,0.9999999999999999,0.0023904382470119525,62.135139465332024,15,25,0.42888971300703077
best_model.pt,63893095,20260207,68.181816,3.3,[2.79443213],7.7910453194579645,8.751304164472955,0.9999999999999993,0.14022765360158737,68.18181610107418,189,26,1.6519103911896658
best_model.pt,63893625,20260207,4.9261084,8.0,[0.54881839],0.07589699711312964,64.90432617013495,0.9999998064041506,0.008749999999999999,4.926108360290527,7,5,7.113040771266869
best_model.pt,63893649,20260207,36.47676,4.76,[2.20193781],5.076749479864981,7.1850607999997536,1.0,0.018064182194616977,36.47676086425781,27,20,0.5094664820399777
best_model.pt,63893761,20260207,1000.0,8.0,[0.38915863],61.69858133155458,16.20782783348602,0.9999999999999992,0.40314216237467343,999.9999999999992,701,10,1.0259784791857527
best_model.pt,63894784,20260207,164.6519,1.76,[82.57485252],43.21355421701104,3.810191048115893,1.0000000000000007,0.15001889644746785,164.6519012451173,121,28,1.1648812890692102
best_model.pt,63895426,20260207,2.45433,6.5,[1.25081534],0.09579152342989103,25.621310302938863,0.9999995827674866,0.0078125,2.4543299674987793,1,32,2.941740046605979
best_model.pt,63909258,20260207,1000.0,8.49,[0.07855487],47.33237106149937,21.12718962617573,0.9999999999999996,0.2743200719110996,999.9999999999995,136,8,1.4884794105704908
best_model.pt,63920345,20260207,23.28086,2.28,[12.20284942],5.883920228924309,3.956691463922791,0.9999999180722534,0.00764163372859025,23.28086090087891,29,23,0.7353910147248799
best_model.pt,63921353,20260207,1000.0,1.02,[1.68599384],361.3458830744682,2.767431549860726,0.9999999999999998,0.10324848547463661,999.9999999999998,371,50,1.7131682368728465
best_model.pt,63924789,20260207,7.31947,2.53,[4.27436582],1.3363395333155288,5.477249059101334,0.9999998697072053,0.07954545454545454,7.319469928741455,5,22,1.1649206012016637
best_model.pt,63924884,20260207,6.451613,2.04,[0.06248721],0.5087624397238213,12.680968099581902,0.9999998521805039,0.5595238095238095,6.451612949371338,14,6,5.216160949367462
best_model.pt,63929252,20260207,5.68214,4.3,[4.092076],0.7271071737118254,7.814710491422201,0.999999832162851,0.006993006993006993,5.682139873504639,4,22,0.8173744522757055
best_model.pt,63930481,20260207,154.00256,5.0,[2.6122427],16.197617435192186,9.507728811660646,0.9999999999999992,0.022713238562347835,154.0025634765624,99,22,0.9015457623321292
best_model.pt,63931270,20260207,17.857143,1.05,[9.99743162],4.23503839853072,4.216523560157402,0.9999998931884915,0.003344481605351171,17.857143402099613,9,23,3.015736906326342
best_model.pt,63932875,20260207,77.90089,1.0,[57.15022747],103.50408469579997,0.5769724995350911,0.7666024571963606,0.009486166007905137,59.719011035999976,48,23,-0.4230275004649089
best_model.pt,63935338,20260207,45.15721,1.18,[43.84751496],25.848855348653395,1.746971343514136,0.9999999999999999,0.031100478468899517,45.15721130371093,33,24,0.4804842552276488
best_model.pt,63937480,20260207,27.78555,6.0,[15.92798454],3.8079252250500173,7.2967666708021355,0.9999999313546588,0.014897711338857696,27.78554916381836,14,28,0.21612777846702258
best_model.pt,63937984,20260207,500.0,1.36,[79.24994012],153.16574725237234,3.2644374196256054,0.9999999999999989,0.038941424234412464,499.99999999999943,649,25,1.400321606829948
best_model.pt,63940373,20260207,12.25487,2.1,[9.11345298],2.0748011294092046,5.906524887856865,0.9999999221799816,0.0027870680044593085,12.254870414733887,5,23,1.8126310267096484
best_model.pt,63942050,20260207,5.75402,2.0,[6.88059561],1.057046105012966,5.443485145357104,0.999999834259505,0.03619909502262443,5.7540202140808105,16,26,1.721742572678552
best_model.pt,63942675,20260207,7.03731,2.08,[2.40745589],0.33169790212863326,21.215958443885732,0.9999998644831377,0.14285714285714285,7.0373101234436035,15,21,9.199980395231961
best_model.pt,63942969,20260207,2.16213,4.82,[0.04112297],0.09432516868420325,22.921848174020795,0.999999558919286,0.26666666666666666,2.162130117416382,4,3,3.755569991218486
best_model.pt,63942976,20260207,0.7507508,4.82,[0.09498939],0.053707202551546034,13.978326297273933,0.9999986503142981,0.08333333333333333,0.7507507801055908,2,3,1.900067593245713
best_model.pt,63949306,20260207,37.5,7.5,[0.04496522],2.9319987163978687,12.789905739169349,1.0000000000000002,0.1111111111111111,37.50000000000001,110,3,0.7053207652225798
best_model.pt,63950119,20260207,1127.645,1.49,[1214.67691517],510.68694042860307,2.2080944861773046,1.0000000000000004,0.004668727693158397,1127.6450195312505,743,24,0.4819425986875159
best_model.pt,63950199,20260207,1000.0,1.86,[1.08340723],0.0,0.0,0.0,0.0,0.0,0,45,-1.0
best_model.pt,63952722,20260207,1000.0,6.0,[1.3205694],6.553472695600002,29.175867166198255,0.19120327802000003,0.13496521577748757,191.20327802000003,363,72,3.8626445276997092
best_model.pt,63953184,20260207,10.204082,8.1,[0.37245729],0.348197133499162,29.305388379871705,0.999999906539925,0.03539944903581267,10.204081535339357,11,4,2.6179490123128004
best_model.pt,63953504,20260207,24.7436,9.2,[9.36765972],1.4752906985469125,16.772005746191144,0.9999999229154842,0.06083333333333333,24.74360084533691,10,30,0.8230441406423065
best_model.pt,63957756,20260207,1000.0,9.68,[0.4771472],40.19794808018352,24.876891057433916,1.0000000000000013,0.22459533774691876,1000.0000000000013,3439,16,1.5699266811110055
best_model.pt,63959710,20260207,6.7463,9.0,[1.01165201],0.08220395387058409,82.06683299293928,0.9999998586374531,0.006036217303822937,6.746300220489502,9,7,8.118536999215475
best_model.pt,63965582,20260207,1000.0,2.13,[0.65737985],71.65892777077129,13.954995101850947,0.9999999999999992,0.4370954348972747,999.9999999999992,1544,11,5.551640540880371
best_model.pt,63966360,20260207,1000.0,5.63,[29.11323833],25.62977137390367,39.01712373451286,0.9999999999999989,0.1012850409217971,999.9999999999989,1148,36,5.930217218723346
best_model.pt,63974967,20260207,16.666666,7.15,[0.09070365],0.9232828435029111,18.05150837217183,0.9999998855590908,0.09370554765291608,16.66666603088379,14,4,1.5246864519439116
best_model.pt,63985726,20260207,4994.146,1.0,[6089.8904525],3915.238645656752,1.2755661779029197,1.0000000000000004,0.19017501970028866,4994.145996093753,1661,35,0.2755661779029197
best_model.pt,63987649,20260207,5.0761423,2.07,[1.53290255],1.4592135284581946,3.4786813125138227,0.9999998121262016,0.023238654975781807,5.076142311096191,19,21,0.6805224273916899
best_model.pt,63987864,20260207,138.914,3.0,[5.55396446],11.7539137379,1.4456272977045452,0.12231869948905236,0.00505050505050505,16.991780000000002,2,22,-0.518124234098485
best_model.pt,63993604,20260207,23.71317,4.5,[6.43865063],0.24688972498857917,96.04722534229397,0.9999999195658551,0.0025388765471278957,23.71316909790039,8,23,20.343827853843106
best_model.pt,63993812,20260207,82.35294,2.06,[7.23096445],21.34588527194998,3.858024088164839,1.0000000000000004,0.3938746438746439,82.35294342041018,46,39,0.8728272792858619
best_model.pt,63996813,20260207,2738.0024,2.3,[826.7561496],654.8330014658682,4.1812224354849405,1.000000000000001,0.1205652066581837,2738.002441406253,1062,34,0.8179228357261984
best_model.pt,63997228,20260207,3.88989,3.37,[0.4332658],0.15023414452171235,25.892010607134964,0.999999754832632,0.5714285714285714,3.8898899555206303,5,7,6.683089461838212
best_model.pt,64002649,20260207,59.33854,2.0,[24.47118861],12.045617717930753,4.92615120178141,1.000000000000001,0.035889328063241105,59.33853912353523,129,25,1.463075600890705
best_model.pt,64003921,20260207,896.7005,2.57,[225.29016801],270.3056309922961,3.317357814112573,0.9999999999999994,0.007884415272552629,896.7005004882808,394,26,0.29080073940965706
best_model.pt,64004784,20260207,16.216217,1.18,[1.13358603],9.082752972401572,1.7853854778285814,0.9999998823801874,0.13859649122807016,16.216217041015625,5,5,0.5130386077886565
best_model.pt,64005031,20260207,1000.0,8.49,[1.23163433],53.09096687864933,18.835595581638536,1.0000000000000009,0.5701271401575662,1000.0000000000008,212,51,1.2185625547028511
best_model.pt,64005575,20260207,1000.0,6.38,[2.12911158],48.78865222428556,20.496569056803406,1.000000000000003,0.09209559602486948,1000.0000000000031,2677,28,2.212628321182958
best_model.pt,64007547,20260207,41.666668,6.5,[0.06815347],1.1696366853655134,35.62356827209405,1.0,0.4304597701149426,41.66666793823242,44,6,4.480548964937546
best_model.pt,64009920,20260207,650.6763,2.3,[108.4192968],0.0,0.0,0.0,0.0,0.0,0,24,-1.0
best_model.pt,64020441,20260207,193.6996,2.61,[10.76953842],45.464180980564365,4.260487966164921,0.9999999999999997,0.05957386586995833,193.6996002197265,79,25,0.6323709338725849
best_model.pt,64020537,20260207,40000.0,1.56,[1525.46249437],21846.37921102811,1.8309670271573895,1.0000000000000024,0.06463938959087817,40000.0000000001,8239,40,0.17369685533132195
best_model.pt,64020651,20260207,1000.0,7.0,[3.2944724],70.37797737259831,14.208990129067846,0.9999999999999997,0.358066165049164,999.9999999999997,352,50,1.0298557327239781
best_model.pt,64021638,20260207,380.56766,3.0,[151.39981392],72.31216984928209,5.262843764764127,0.9999999999999982,0.013498759305210918,380.56765747070244,272,25,0.7542812549213757
best_model.pt,64021769,20260207,502.20883,2.57,[116.80017469],86.6503720701316,5.795806919153597,0.9999999999999996,0.11060528301224691,502.20883178710915,208,28,1.2551778481334475
best_model.pt,64024543,20260207,33.333332,3.62,[12.36132078],4.426828515174149,7.529843186304918,0.9999999999999998,0.010056853293783214,33.33333206176757,38,25,1.0800672442955035
best_model.pt,64024748,20260207,106.53732,2.5,[57.40553932],27.772785097505047,3.836032964932446,1.0000000000000002,0.029933333333333336,106.5373229980469,47,25,0.5344131859729784
best_model.pt,64029718,20260207,1000.0,2.75,[337.58636438],183.64604174301246,5.445257545785308,0.9999999999999998,0.003250950570342205,999.9999999999998,171,25,0.9800936530128393
best_model.pt,64040144,20260207,500.0,1.6,[21.03901784],129.4641861792166,3.862071904934242,1.0000000000000007,0.3960920880379643,500.0000000000003,200,40,1.4137949046155542
best_model.pt,64048419,20260207,793.6429,2.67,[3.1898602],10.269445136299998,6.3182492160553405,0.08175581406355205,0.18896925342483045,64.88492000000001,93,26,1.3663854065597234
best_model.pt,64070901,20260207,16.666666,7.15,[0.18408317],0.34503534568504696,48.30408807452799,0.999999885559091,0.12833635813672112,16.666666030883793,24,5,5.755816423810228
best_model.pt,64073560,20260207,62.5,1.39,[27.03498893],16.645742719470963,3.754713580438711,1.0000000000000002,0.030635453286459998,62.500000000000014,46,24,1.701232819482127
best_model.pt,64073567,20260207,1000.0,5.38,[0.0050812],31.78854383677151,31.457872800872842,1.0000000000000013,0.23166639172011716,1000.0000000000014,1856,7,4.84718812857161
best_model.pt,64074041,20260207,1000.0,5.38,[0.0044572],36.428225854653064,27.4512400504684,1.0000000000000007,0.30397210301179195,1000.0000000000007,1954,8,4.102460867386263
best_model.pt,64075202,20260207,16.13854,8.3,[0.23027222],0.10842749656858766,148.84039508687385,0.9999998818140687,0.0036560510685205118,16.138540267944332,56,5,16.93257730921761
best_model.pt,64082498,20260207,130.62898,2.5,[71.42236422],39.654989182195905,3.2941373063961685,1.0,0.010114734299516908,130.6289825439453,134,24,0.3176549225584674
best_model.pt,64094719,20260207,72.20216,3.4,[0.29324328],12.709338903949407,5.681031764195114,1.0,0.17094017094017092,72.20216369628906,20,3,0.6708916484842556
best_model.pt,64101541,20260207,72.20216,3.4,[2.87394336],14.237444668895327,5.071286337129262,0.9999999999999998,0.0018000248769479538,72.20216369628905,18,20,0.49155476320103386
best_model.pt,64101770,20260207,72.20216,3.4,[4.90549062],14.552565836074464,4.961472742891418,1.0,0.043588892576612456,72.20216369628906,23,23,0.4592566481546646
best_model.pt,64102891,20260207,1000.0,1.19,[4.14786939],322.56782289560044,3.100123217260662,0.9999999999999994,0.3405016622962124,999.9999999999994,511,34,1.6051454354563397
best_model.pt,64104600,20260207,1000.0,3.32,[1.96863788],26.312729671699994,3.9357367082916013,0.10355998,0.0016087450233682329,103.55998,37,3,0.1854628877800563
best_model.pt,64105048,20260207,11.61668,2.37,[4.91413283],2.9631071039009926,3.9204375061342085,0.999999917904752,0.02398989898989899,11.616680145263672,24,22,0.6541931204394885
best_model.pt,64105743,20260207,250.0,2.0,[10.78450976],63.5587269011518,3.933370101251972,1.0,0.22626024768881914,250.0,111,35,0.9666850506259861
best_model.pt,64107218,20260207,2941.1765,1.0,[3.57835713],0.0,0.0,0.0,0.0,0.0,0,11,-1.0
best_model.pt,64111322,20260207,23.809525,8.81,[0.11075784],1.3731595311974387,17.339214167021076,0.9999999198913663,0.38571428571428573,23.809524536132812,10,7,0.9681286425835904
best_model.pt,64112353,20260207,13.76477,3.15,[1.38116265],1.5917783898024214,8.647410339850378,0.9999999307162938,0.07208333333333333,13.764769554138184,19,60,1.7452095485862837
best_model.pt,64114440,20260207,609.66254,1.0,[43.12131347],189.75516258050797,3.2128903641793665,0.9999999999999997,0.024204107132624626,609.6625366210935,188,26,2.2128903641793665
best_model.pt,64114731,20260207,814.72974,1.0,[1020.60950392],590.1155494083266,1.3806274648488377,0.9999999999999993,0.04067915920044933,814.7297363281244,255,26,0.3806274648488377
best_model.pt,64115407,20260207,17.81497,1.0,[39.86770342],11.069865308483077,1.6093211534838048,0.9999998929356363,0.006993006993006993,17.814970016479492,4,22,0.6093211534838048
best_model.pt,64115681,20260207,6.81994,1.8,[8.57085682],0.0,0.0,0.0,0.0,0.0,0,12,-1.0
best_model.pt,64116760,20260207,1000.0,9.0,[0.16845799],44.66528999795678,22.388749242577312,1.0000000000000002,0.1235371372541975,1000.0000000000001,1097,6,1.4876388047308124
best_model.pt,64117240,20260207,46.2065,3.0,[17.64888945],6.265493241482095,7.374757557218657,0.9999999999999996,0.07818350513193251,46.20650100708006,64,28,1.4582525190728857
best_model.pt,64117651,20260207,1000.0,1.0,[151.93433458],345.8958024922031,2.891044036683555,1.0000000000000004,0.023016506502450813,1000.0000000000005,4025,24,1.8910440366835548
best_model.pt,64117807,20260207,1000.0,1.0,[2.98939096],456.088587690355,2.19255650063833,0.9999999999999993,0.053354811745674746,999.9999999999993,2230,20,1.19255650063833
best_model.pt,64119370,20260207,1000.0,9.0,[0.0704014],44.26756647988458,22.589901748145646,1.0,0.1746590513924545,1000.0,1150,7,1.509989083127294
best_model.pt,64119946,20260207,1000.0,9.0,[0.04198256],37.637459008635446,26.569274328569485,0.9999999999999983,0.15969279051387084,999.9999999999983,1003,6,1.952141592063276
best_model.pt,64120353,20260207,1000.0,9.0,[2.88141195],55.20429371582095,18.114532667209517,1.0000000000000002,0.03114395894483657,1000.0000000000002,1192,23,1.0127258519121685
best_model.pt,64120867,20260207,1000.0,9.0,[1.47208255],45.48226003906341,21.98659383140887,0.9999999999999996,0.034145797151405075,999.9999999999995,1447,34,1.4429548701565413
best_model.pt,64121070,20260207,1000.0,9.0,[0.11556819],39.3063320619275,25.441192858781584,1.0000000000000004,0.14333169241737062,1000.0000000000003,937,6,1.826799206531287
best_model.pt,64121508,20260207,41.666668,2.76,[9.17517871],3.807700995846603,10.94273343441318,1.0,0.005779390173561953,41.66666793823242,9,24,2.9647585044290086
best_model.pt,64123385,20260207,1000.0,9.0,[0.02230891],38.698328775421466,25.84090853024699,0.9999999999999996,0.1606622185192939,999.9999999999995,942,6,1.8712120589163321
best_model.pt,64124603,20260207,80.0,2.98,[17.45758452],11.262550848571271,7.103185945390212,1.0,0.1919501133786848,80.0,45,35,1.383619429505463
best_model.pt,64125620,20260207,1000.0,7.5,[6.03681066],80.86446243083674,12.366371550282993,0.9999999999999989,0.028949704659335926,999.9999999999989,3156,25,0.6488495400377324
best_model.pt,64126534,20260207,333.33334,6.0,[10.33752043],1.0721473509905564,310.90225825362063,1.0000000000000002,0.0073944805194805195,333.33334350585943,25,25,50.81704304227011
best_model.pt,64136664,20260207,185.32,8.0,[74.34889725],16.753730887169482,11.061416559145394,1.0,0.007437314067148321,185.32000732421875,35,26,0.3826770698931743
best_model.pt,64142416,20260207,111.111115,3.54,[0.26092889],4.643376443091194,23.928943072950812,0.9999999999999997,0.767156862745098,111.11111450195308,82,17,5.759588511527867
best_model.pt,64142620,20260207,10.989011,2.07,[1.0374107],2.894820063437516,3.7960932886825547,0.9999999132156433,0.021227503461006,10.98901081085205,5,5,0.8338615512589473
best_model.pt,64142626,20260207,161.11707,1.78,[76.34240574],58.75853182801056,2.7420198850316098,1.0000000000000004,0.01336050724637681,161.11706542968759,59,24,0.5404606343283944
best_model.pt,64143069,20260207,111.111115,3.21,[0.07414306],4.836061759356387,22.975531962852465,1.0000000000000002,0.8031383840848894,111.11111450195315,375,26,6.157486507730848
best_model.pt,64144354,20260207,1000.0,9.5,[1.8227836],51.901963759367945,19.267093348706158,0.9999999999999994,0.06800346904213683,999.9999999999994,366,38,1.0281150893374904
best_model.pt,64150026,20260207,34.93014,9.0,[0.85200023],2.35531241589086,14.830358122748107,1.0,0.021840787444033394,34.93014144897461,5,6,0.6478175691942342
best_model.pt,64157057,20260207,319.69867,3.0,[1.47537276],7.631270453,11.232204296218999,0.26811497261424955,0.008587905392578518,85.71600000000001,23,43,2.744068098739666
best_model.pt,64162199,20260207,209.54996,1.0,[0.56934478],24.00042756023383,8.731092311517832,1.0,0.040915688045195485,209.54995727539062,48,22,7.731092311517832
best_model.pt,64162266,20260207,1000.0,2.09,[74.27437605],283.6410826752835,3.525582355850865,0.9999999999999983,0.0254469770940521,999.9999999999983,2616,24,0.6868815792521878
best_model.pt,64163843,20260207,118.75,1.9,[14.02769825],36.676040607519106,3.2378085200899798,0.9999999999999997,0.09143709825528008,118.74999999999996,39,33,0.7041097687995382
best_model.pt,64164423,20260207,1000.0,1.03,[3.5592246],483.9855330868627,2.0661774569083025,1.0000000000000004,0.08310557217263995,1000.0000000000005,568,21,1.0059975866993727
best_model.pt,64165844,20260207,1000.0,4.75,[46.44669758],88.69159304159534,11.275025675274387,1.0000000000000002,0.06566474212948505,1000.0000000000002,453,40,1.3736896158472394
best_model.pt,64168025,20260207,1000.0,3.32,[4.54504968],0.0,0.0,0.0,0.0,0.0,0,19,-1.0
best_model.pt,64168581,20260207,760.80664,1.0,[34.04220685],180.5338307193,3.250997657223356,0.7714378826752238,0.10122939751288754,586.9150639689999,69,41,2.250997657223356
best_model.pt,64169222,20260207,159.72878,1.0,[167.88089814],144.56494302016495,1.1048928639444835,0.9999999999999994,0.030957627118644068,159.72877502441398,124,25,0.1048928639444835
best_model.pt,64169699,20260207,8.33142,3.52,[0.03167758],1.36471004920242,6.104896673645551,0.9999998855328127,0.3735274356103024,8.331419944763184,33,3,0.7343456553197639
best_model.pt,64169776,20260207,2.2580645,3.34,[0.18611519],0.09307149159005929,24.261352305725588,0.999999577658694,0.6666666666666666,2.2580645084381104,4,3,6.263878122511751
best_model.pt,64170247,20260207,4.5454545,2.5,[0.04801175],0.33204633288418534,13.689176367187146,0.9999997901916924,0.75,4.545454502105713,7,6,4.475670546874858
best_model.pt,64170856,20260207,81.96722,8.64,[0.83031726],4.8649403138075185,16.848551956641806,1.0000000000000002,0.2068587212032952,81.96721649169923,67,12,0.9500638063820058
best_model.pt,64170903,20260207,348.6739,8.64,[6.85292894],29.06071344640823,11.998118277620323,0.999999999999998,0.010821536693219027,348.67388916015557,208,30,0.38867104176596723
best_model.pt,64171740,20260207,164.7887,1.0,[266.06601628],155.83692994406522,1.0574431573489496,1.0000000000000002,0.028484673221515325,164.78869628906253,60,26,0.05744315734894956
best_model.pt,64172255,20260207,102.14761,1.0,[2.01183042],17.616859926157442,5.7982868771883345,1.0,0.0108224193195658,102.14761352539062,49,19,4.7982868771883345
best_model.pt,64172392,20260207,129.05164,1.0,[14.98830036],27.77280715095294,4.646690210106085,1.0,0.1500148205982184,129.0516357421875,58,32,3.646690210106085
best_model.pt,64175878,20260207,1000.0,8.0,[1.27141677],60.19149585092779,16.613642330188824,1.000000000000001,0.062268726520107454,1000.0000000000011,531,46,1.076705291273603
best_model.pt,64177389,20260207,7.38779,3.93,[4.29372054],0.2821790379901469,26.18112271766173,0.9999998709121176,0.00621237845346504,7.387790203094483,13,22,5.661863173774652
best_model.pt,64178983,20260207,4.4334974,3.12,[2.10552678],1.1021558862631502,4.022564740239263,0.9999997848935007,0.000794912559618442,4.433497428894043,4,17,0.28928361788014856
best_model.pt,64184353,20260207,0.83752096,3.05,[0.07571914],0.018290447906141816,45.787570305568,0.9999987901464115,0.625,0.837520956993103,3,4,14.012318367675778
best_model.pt,64188787,20260207,125.0,1.2,[5.286193],25.486446407260928,4.904567435490766,1.0000000000000002,0.11233256477821696,125.00000000000001,68,24,3.0871393671673117
best_model.pt,64190160,20260207,111.111115,2.0,[24.9558895],32.91741381371282,3.375450810179243,1.0000000000000002,0.019265352832768562,111.11111450195315,68,28,0.6877254050896215
best_model.pt,64190436,20260207,111.111115,2.0,[74.29364538],34.34855329064038,3.2348119679735614,1.0,0.010403587443946188,111.11111450195312,58,25,0.6174059839867807
best_model.pt,64190638,20260207,105.33542,1.76,[48.29596847],37.35502997487458,2.8198455723948324,1.0000000000000002,0.06248067830514639,105.3354187011719,72,27,0.6021849929968518
best_model.pt,64193332,20260207,61.98347,6.9,[3.1744757],6.109344841634477,10.14568049075532,1.0,0.0287231008151838,61.98347091674805,40,25,0.47038845659828243
best_model.pt,64193931,20260207,720.20166,1.8,[843.92260453],161.36511711826932,4.463180571828373,1.0000000000000002,0.04192958759963593,720.2016601562502,374,28,1.4795448278123797
best_model.pt,64196611,20260207,500.0,1.2,[6.22487524],110.47775784893861,4.5257978185787895,0.9999999999999999,0.016676337076350727,499.99999999999994,159,23,2.7714980322831244
best_model.pt,64198178,20260207,1000.0,8.0,[0.12623137],64.75300961659484,15.443297392318012,0.9999999999999996,0.5673485509416601,999.9999999999995,176,11,0.9304121740397515
best_model.pt,64210201,20260207,72.20216,3.4,[0.64618709],15.554088656296493,4.642005111952066,1.0000000000000002,0.04807692307692308,72.20216369628908,20,4,0.3652955828668627
best_model.pt,64210247,20260207,72.20216,3.4,[10.80544793],16.002968183013255,4.511797958901891,1.0,0.0016795865633074936,72.20216369628906,26,24,0.326999362455697
best_model.pt,64213358,20260207,1000.0,1.03,[0.44383522],497.5465950877312,2.009862006620326,1.0000000000000002,0.8008725070094317,1000.0000000000002,374,13,0.951322390726318
best_model.pt,64213628,20260207,4.5454545,2.5,[0.00124408],0.2876270833798733,15.80323607031962,0.9999997901916924,0.875,4.545454502105713,6,4,5.321294428127848
best_model.pt,64215562,20260207,250.0,1.0,[0.12904759],60.64958640467701,4.122039583417199,0.9999999999999992,0.7008381112836202,249.9999999999998,226,6,3.122039583417199
best_model.pt,64218012,20260207,833.3333,5.0,[4.91152227],4.3364675106,7.070011735368969,0.03679066081020949,0.012266666666666665,30.65888326,23,25,0.41400234707379385
best_model.pt,64218299,20260207,833.3333,5.0,[4.2027203],114.1657639168148,7.299327548810075,0.9999999999999996,0.04665267664821178,833.3333129882809,309,25,0.4598655097620149
best_model.pt,64218859,20260207,833.3333,5.0,[3.25121905],15.962428350599998,7.767579061851226,0.14878732203250297,0.13432575757575757,123.989432,72,25,0.5535158123702452
best_model.pt,64221144,20260207,50.0,2.7,[5.91637426],7.525048568212721,6.644474504355396,1.0000000000000002,0.030208333333333334,50.000000000000014,27,24,1.460916439633243
best_model.pt,64223277,20260207,320.8255,6.0,[74.70335045],41.18777813523961,7.789337206914081,1.0000000000000004,0.0022465010657396057,320.82550048828136,72,28,0.2982228678190135
best_model.pt,64223652,20260207,62.5,2.3,[6.48428271],9.050574986856459,6.905637839046327,1.0000000000000002,0.014517771454078787,62.50000000000001,36,24,2.00245129661494
best_model.pt,64224268,20260207,84.22965,3.0,[5.89004207],9.48791098286114,8.8775752301388,1.0,0.06793572984749455,84.22965240478516,33,27,1.9591917433796002
best_model.pt,64225909,20260207,140.0,2.18,[60.84526442],25.889592910340163,5.407578059541705,1.0,0.031021492066548386,140.0,47,26,1.4805403183246668
best_model.pt,64226179,20260207,1000.0,9.0,[0.54941744],44.402398615127886,22.52130534988703,1.0000000000000013,0.09663148296425288,1000.0000000000014,1197,7,1.5023672610985588
best_model.pt,64227028,20260207,1000.0,8.0,[0.05390942],47.898636575608734,20.87742054085536,1.0000000000000002,0.28509098615468337,1000.0000000000002,451,12,1.6096775676069202
best_model.pt,64228972,20260207,841.61334,1.0,[43.75729825],226.10323033789274,3.7222526069405615,0.9999999999999999,0.01497001700242208,841.6133422851561,101,24,2.7222526069405615
best_model.pt,64229089,20260207,1000.0,3.94,[8.43509239],113.4510005786645,8.814377890763888,0.9999999999999994,0.3567975897484988,999.9999999999994,319,44,1.2371517164347816
best_model.pt,64229552,20260207,41.666668,1.4,[7.18596147],9.705020741392723,4.293310107747687,1.0000000000000002,0.06934146341463414,41.66666793823243,31,25,2.0666501291873742
best_model.pt,64229916,20260207,1000.0,9.5,[2.26966903],52.99846087123295,18.86847211584435,0.9999999999999989,0.0386835393313934,999.9999999999989,1167,20,0.9861549595625633
best_model.pt,64238938,20260207,41.666668,1.51,[3.04262653],11.35670139846468,3.6689055041070158,0.9999999999999997,0.046352525801195,41.66666793823241,179,20,1.4297387597872915
best_model.pt,64239841,20260207,41.666668,1.29,[12.53540546],7.520907732079462,5.540110832685503,1.0,0.006460457213469262,41.66666793823242,5,24,3.294659687219976
best_model.pt,64240263,20260207,41.666668,1.29,[18.52793201],21.867696122564904,1.905398072083104,0.9999999999999998,0.01289952122153209,41.666667938232415,35,23,0.4770528127350367
best_model.pt,64242045,20260207,25.0,1.67,[5.94618043],1.875586744706517,13.329155125137527,0.9999999237060608,0.0056608308635562755,25.000000000000007,58,23,6.981530220160266
best_model.pt,64249042,20260207,833.3333,4.88,[0.32767758],87.06809191287756,9.571052783045731,0.9999999999999998,0.7958233164871668,833.333312988281,459,18,0.9612812620071522
best_model.pt,64251345,20260207,169.62833,1.76,[95.44074051],78.44620796322961,2.162352122019387,1.000000000000001,0.129500942000942,169.6283264160158,134,28,0.22860916689563462
best_model.pt,64255540,20260207,1000.0,2.0,[73.34858512],290.96193950872316,3.4368756210918217,0.9999999999999996,0.03612323138864333,999.9999999999995,546,25,0.7184378105459108
best_model.pt,64255680,20260207,606.9564,1.48,[329.98201287],128.396270762185,4.727212189016203,1.0000000000000007,0.00781524411661398,606.9564208984378,89,26,2.1940622487123655
best_model.pt,64255726,20260207,1206.6909,2.0,[945.91496486],476.7587526788858,2.5310304397294856,1.0000000000000016,0.021703738495715642,1206.6909179687518,524,25,0.2655152198647428
best_model.pt,64255761,20260207,3419.8564,2.0,[2706.63781902],1226.871513670902,2.787460956113113,0.9999999999999988,0.017137463609898106,3419.856445312496,1507,24,0.3937304780565565
best_model.pt,64255796,20260207,1000.0,2.0,[198.59441722],294.13215978237264,3.399832229634681,1.0000000000000004,0.016847753185781356,1000.0000000000005,628,25,0.6999161148173405
best_model.pt,64259714,20260207,314.21,2.7,[23.15615653],0.0,0.0,0.0,0.0,0.0,0,23,-1.0
best_model.pt,64265671,20260207,363.78366,3.0,[0.47237063],12.859526032130871,28.289038934302965,0.9999999999999993,0.05108189099297316,363.78366088867165,73,26,8.429679644767655
best_model.pt,64265818,20260207,103.28789,3.0,[2.21127258],11.013743595128233,9.37808995670102,1.0000000000000002,0.008080985399620823,103.28788757324222,21,25,2.1260299855670066
best_model.pt,64267444,20260207,72.20216,3.4,[0.00528562],14.984646732653198,4.81840914677978,1.0,0.4344051446945338,72.20216369628906,15,2,0.4171791210667786
best_model.pt,64269101,20260207,1000.0,2.08,[48.04075789],295.8861665171217,3.379678098477296,1.0000000000000004,0.03004683442288819,1000.0000000000005,2217,24,0.6248452992515164
best_model.pt,64272249,20260207,8.23428,6.0,[0.8628781],0.7096718411724974,11.602923424495097,0.9999998841824362,0.07142857142857142,8.23427963256836,3,6,0.9338205707491829
best_model.pt,64273883,20260207,38.46154,1.32,[24.23472569],7.450901342303388,5.161997628635928,1.0,0.11394557823129252,38.46154022216797,20,28,2.910604108724681
best_model.pt,64273959,20260207,3.27383,2.5,[0.26976729],0.4149053928703317,7.890526618143366,0.9999997086977462,0.1494360902255639,3.2738299369812007,11,4,2.1562106472573466
best_model.pt,64274214,20260207,79.67624,1.6,[40.99543965],25.95067394602087,3.0702954423884457,1.0000000000000004,0.2428125,79.6762390136719,53,32,0.9189346228984244
best_model.pt,64274224,20260207,20.75117,2.6,[11.85970178],5.948067273531761,3.4887241118351473,0.9999999080847715,0.02552742616033755,20.75116920471191,16,24,0.3418170153079961
best_model.pt,64274496,20260207,1.4749262,4.87,[0.63466097],0.18461618224964113,7.989105972255695,0.9999993534092226,0.0925925925925926,1.474926233291626,5,3,0.6404735441464052
best_model.pt,64277365,20260207,1000.0,8.4,[0.34100227],31.773120994743213,31.47314261926943,0.9999999999999997,0.44300432141148793,999.9999999999997,1302,49,2.7468028629239636
best_model.pt,64278016,20260207,1000.0,8.39,[0.0772067],21.114191152500002,22.949077238677464,0.48455122654000016,0.33843558437691834,484.55122654000013,338,64,1.7352891894625087
best_model.pt,64278103,20260207,34.95034,1.0,[8.63609402],38.64381246385169,0.9044226523784835,1.0,0.03742784992784993,34.950340270996094,10,24,-0.09557734762151648
best_model.pt,64278221,20260207,131.12874,1.0,[8.56348699],56.29513190099099,2.329308621296674,1.0000000000000002,0.03183557513914657,131.12873840332034,31,25,1.3293086212966738
best_model.pt,64278923,20260207,285.5196,1.0,[9.06605846],29.816420632024034,9.575917452766921,0.9999999999999996,0.014342588427773065,285.51959228515614,97,28,8.575917452766921
best_model.pt,64279071,20260207,908.5176,1.0,[153.88702649],217.63816786411715,4.174440461738284,0.9999999999999998,0.11698735713579358,908.5175781249998,268,33,3.1744404617382838
best_model.pt,64279494,20260207,2330.6992,1.0,[4.55606586],68.3982957043,10.776158374330725,0.31624452949158566,0.023738696518030407,737.0708778200001,342,35,9.776158374330725
best_model.pt,64279763,20260207,367.64413,3.0,[87.83016903],51.414733551663446,7.150559809893821,0.9999999999999984,0.08035807504601991,367.6441345214838,351,30,1.3835199366312736
best_model.pt,64280314,20260207,148.10777,1.0,[3.05899225],59.9079854025884,2.472254230543613,0.9999999999999998,0.044732879667677194,148.1077728271484,35,22,1.472254230543613
best_model.pt,64280330,20260207,818.67755,1.0,[7.66141475],268.9656195176308,3.0437999834103944,0.9999999999999997,0.10464099410430859,818.677551269531,260,30,2.0437999834103944
best_model.pt,64281525,20260207,22.68966,3.15,[3.39508344],2.973475451235495,7.630683979092781,0.9999999159375442,0.11852771411594941,22.68965911865235,33,28,1.4224392851018948
best_model.pt,64282626,20260207,24.252224,2.1,[11.26059665],23.857666005456515,1.016537952472851,0.9999999213536671,0.003105590062111801,24.252223968505863,12,23,-0.5159342863633548
best_model.pt,64285951,20260207,64.51613,9.5,[0.23088611],0.49209175950808204,131.10562448537604,1.0,0.028225806451612902,64.51612854003906,7,4,12.800592051092215
best_model.pt,64287339,20260207,31.51394,9.5,[3.41815016],0.3471995483245246,90.76581521323371,0.9999999394760389,0.0004841312533620226,31.513940811157216,9,22,8.554296338235128
best_model.pt,64287886,20260207,31.74603,2.66,[18.35447328],6.399995707419696,4.960319865585408,0.9999999399185199,0.020849731663685152,31.746030807495117,23,25,0.8647818441841724
best_model.pt,64287936,20260207,83.333336,2.1,[10.67199712],34.581927858507356,2.409736490333574,1.0,0.03633595571095571,83.33333587646484,35,25,0.147493618936711
best_model.pt,64288096,20260207,63.04892,2.59,[30.43196639],16.845097215962216,3.742864474247463,0.9999999999999989,0.004110612855007473,63.048919677734304,88,24,0.44512146651862294
best_model.pt,64293134,20260207,37.5,7.5,[0.42062228],2.745735982107076,13.657535388266705,1.0000000000000004,0.056973223965471394,37.500000000000014,135,4,0.8210047184355607
best_model.pt,64298582,20260207,300.0,1.65,[53.73150034],88.71588389758375,3.3815815549416985,1.0,0.08532960184036416,300.0,196,27,1.049443396244992
best_model.pt,64301193,20260207,1000.0,3.42,[9.92824131],0.0,0.0,0.0,0.0,0.0,0,8,-1.0
best_model.pt,64302336,20260207,336.3323,1.51,[504.98338231],93.91775367475347,3.5811365707469824,0.9999999999999997,0.2078322422834618,336.332305908203,101,32,1.3716136379897037
best_model.pt,64312289,20260207,16.666666,7.15,[0.03751136],0.25815609236233644,64.56017101204135,0.999999885559091,0.10533910533910533,16.666666030883793,9,3,8.029394426703664
best_model.pt,64312520,20260207,500.0,1.87,[14.81921857],158.7425151314551,3.1497547864615436,0.999999999999999,0.020410816432657308,499.9999999999995,314,24,0.6843608440801525
best_model.pt,64313400,20260207,500.0,1.05,[21.48890643],188.38600065828965,2.6541250177756943,0.9999999999999999,0.12022339800117578,499.99999999999994,298,27,1.5277382269596624
best_model.pt,64315646,20260207,1000.0,8.39,[5.90861679],80.36662659364579,12.442975771687914,0.9999999999999999,0.027181175618313562,999.9999999999999,794,38,0.48307214094344486
best_model.pt,64319351,20260207,6.45712,1.3,[3.08922341],3.806420352578402,1.6963755043401822,0.9999998523065725,0.012578616352201257,6.457119941711426,2,53,0.3049042819714363
best_model.pt,64321572,20260207,4933.3057,1.0,[4041.43898994],2984.289895928711,1.6530919697646052,0.9999999999999986,0.23650606720213035,4933.305664062493,1633,36,0.6530919697646052
best_model.pt,64322287,20260207,72.20216,3.4,[22.97907177],14.842162907296888,4.864665566777103,1.0000000000000002,0.00853018372703412,72.20216369628908,26,24,0.4307839500961507
best_model.pt,64324670,20260207,1000.0,8.39,[4.78991067],54.618827866931184,18.308704539167568,0.9999999999999994,0.02723606509752919,999.9999999999994,671,42,1.1822054576837642
best_model.pt,64329429,20260207,29.27974,2.6,[8.11159126],6.067531939422595,4.825641602972356,0.9999999348577364,0.03664609053497942,29.27973937988282,67,24,0.8560160692214774
best_model.pt,64329848,20260207,3.8860104,2.17,[0.12005748],0.1890861867554831,20.55142114640829,0.9999997545878724,0.47000000000000003,3.8860104084014893,9,5,8.470700656152614
best_model.pt,64331689,20260207,16.34884,2.54,[5.62394288],2.256351907410913,7.245693109355267,0.9999998833343328,0.07444444444444444,16.348840713500977,20,24,1.8526351252656148
best_model.pt,64333572,20260207,45.454544,1.87,[1.19355252],1.9803659107865652,22.952587129083625,1.0,0.008298647242455775,45.45454406738281,43,31,11.274110732917702
best_model.pt,64333955,20260207,1000.0,3.52,[5.89101959],0.0,0.0,0.0,0.0,0.0,0,9,-1.0
best_model.pt,64334757,20260207,1000.0,9.5,[0.01185847],34.6230199574222,28.882517248559964,0.9999999999999998,0.11447022909451571,999.9999999999998,1226,4,2.040264973532628
best_model.pt,64335100,20260207,1000.0,9.0,[0.10060933],37.79128895179463,26.46112374770928,0.9999999999999998,0.1681275226825538,999.9999999999998,1596,6,1.9401248608565866
best_model.pt,64335156,20260207,294.11765,2.39,[4.10582843],1.50695723387439,195.1730569914306,1.0,0.01020408163265306,294.1176452636719,9,21,80.6623633576183
best_model.pt,64335303,20260207,1000.0,5.55,[0.06302217],67.72722423619769,14.765111024591882,0.9999999999999999,0.7513259587363448,999.9999999999999,658,64,1.6603802733629935
best_model.pt,64337049,20260207,377.05362,1.68,[643.22806558],140.9698092367816,2.674711831926586,0.9999999999999992,0.05905331227911873,377.05361938476534,101,26,0.5920904258541978
best_model.pt,64337926,20260207,182.01762,1.0,[25.30466673],79.889085702919,2.2783790804647737,1.0,0.01536148062463852,182.0176239013672,48,26,1.2783790804647737
best_model.pt,64339571,20260207,192.88928,1.0,[2.74538121],22.306124684983303,8.647368214033571,0.9999999999999997,0.008272209708446722,192.88928222656244,92,23,7.6473682140335715
best_model.pt,64340578,20260207,170.38144,1.0,[23.72789827],37.86552363194113,4.49964554473017,1.0000000000000004,0.032821429864440615,170.38143920898443,73,27,3.4996455447301704
best_model.pt,64340747,20260207,166.66667,3.51,[123.3317479],37.18243512970251,4.482403228544537,0.9999999999999993,0.00830261929673345,166.66667175292957,1244,24,0.27703796032003414
best_model.pt,64340988,20260207,299.78012,3.51,[103.91702216],44.12030056987976,6.794607248429706,1.0000000000000007,0.13515698077646168,299.78012084960955,567,46,0.9357855461227338
best_model.pt,64341120,20260207,465.08063,1.0,[0.09031198],31.040334679247128,14.983105603215128,0.9999999999999997,0.3108072667599522,465.0806274414061,103,22,13.983105603215128
best_model.pt,64343041,20260207,1000.0,8.01,[0.28946864],85.48761813759506,11.697600308536698,0.9999999999999997,0.24744287646059432,999.9999999999997,364,5,0.460374528624656
best_model.pt,64343632,20260207,1016.6667,1.8,[36.6308814],298.5916205048152,3.404873458565296,1.0000000000000013,0.10588606492113714,1016.66668701172,425,26,0.8915964159798012
best_model.pt,64344108,20260207,51.07379,1.26,[53.05406459],20.27624391576364,2.5188979377635765,0.9999999999999997,0.021477663230240546,51.073791503906236,50,24,0.9991253625624775
best_model.pt,64348023,20260207,83.333336,2.0,[3.66243132],10.0740873516,3.9536957657984106,0.47795855093386264,0.34961389961389966,39.829880460000005,74,37,0.9768478828992053
best_model.pt,64349849,20260207,82.42704,2.5,[55.39614335],13.492736352600001,4.972274212917371,0.8139269579318608,0.27586805555555555,67.08958999999999,27,32,0.9889096851669485
best_model.pt,64350561,20260207,1000.0,1.0,[150.19925797],386.13493966310244,2.589768225280824,0.9999999999999991,0.026986366191928877,999.9999999999991,4368,24,1.589768225280824
best_model.pt,64354510,20260207,1000.0,4.75,[0.77901916],87.41190743015565,11.440088861565393,0.9999999999999978,0.522978923545425,999.9999999999977,660,20,1.4084397603295564
best_model.pt,64355555,20260207,26.31579,3.26,[1.0140941],4.531451392445893,5.807363268399563,0.9999999275207592,0.39087301587301587,26.3157901763916,79,13,0.7813997807939616
best_model.pt,64356924,20260207,289.65518,1.4,[93.63447101],84.32009091760965,3.4351857937701467,1.0,0.022042573384855265,289.6551818847656,89,27,1.4537041801935808
best_model.pt,64364407,20260207,62.5,2.0,[4.5380464],13.608692312295675,4.592652546848877,1.0,0.04661080917874396,62.5,58,23,1.2963262734244383
best_model.pt,64365263,20260207,41.666668,2.8,[7.12728365],3.924710619959033,10.616491598092841,1.0,0.04924242424242425,41.66666793823242,10,24,2.7916042067466496
