model,ad_id,period,budget,target_CPA,target_conversion,conversion,CPA,budget_used,win_rate,spend,total_win,trajectory_length,CPA_violation
best_model.pt,39801836,20260207,10.45719,1.15,[3.74633022],0.0,0.0,0.0,0.0,0.0,0,27,-1.0
best_model.pt,40094971,20260207,12.328767,1.53,[5.22223499],0.0,0.0,0.0,0.0,0.0,0,37,-1.0
best_model.pt,43248022,20260207,6.67476,1.18,[7.75141488],0.0,0.0,0.0,0.0,0.0,0,28,-1.0
best_model.pt,46398308,20260207,19.79101,1.49,[24.21141073],0.0,0.0,0.0,0.0,0.0,0,22,-1.0
best_model.pt,48623756,20260207,146.44096,1.33,[36.67160579],0.0,0.0,0.0,0.0,0.0,0,22,-1.0
best_model.pt,49311445,20260207,431.85236,1.8,[279.38898166],0.0,0.0,0.0,0.0,0.0,0,65,-1.0
best_model.pt,49847522,20260207,937.1593,1.84,[756.13697984],0.0,0.0,0.0,0.0,0.0,0,66,-1.0
best_model.pt,49902302,20260207,13.93352,5.21,[2.90565631],0.9519754770810862,14.636412403592221,0.9999999315553981,0.004336028250162624,13.933520317077637,6,2,1.8092921874138634
best_model.pt,49990380,20260207,24.528301,1.48,[8.08145047],0.0,0.0,0.0,0.0,0.0,0,31,-1.0
best_model.pt,50103278,20260207,969.91003,1.21,[753.35619906],0.0,0.0,0.0,0.0,0.0,0,39,-1.0
best_model.pt,50250900,20260207,29.411764,1.1,[1.50838678],3.500368137475645,8.402474993282649,0.9999999351501494,0.25,29.41176414489746,5,1,6.6386134646944654
best_model.pt,51225207,20260207,105.26316,2.7,[3.96279239],20.63426057744129,5.101377643707244,0.9999999999999998,0.004946320275969882,105.26316070556638,36,11,0.8893990939309907
best_model.pt,51225953,20260207,54.45402,1.07,[16.52033907],0.0,0.0,0.0,0.0,0.0,0,31,-1.0
best_model.pt,51316356,20260207,1083.6785,6.0,[160.74719048],0.0,0.0,0.0,0.0,0.0,0,65,-1.0
best_model.pt,51711872,20260207,117.17214,1.34,[105.968494],0.0,0.0,0.0,0.0,0.0,0,45,-1.0
best_model.pt,51815043,20260207,131.59317,7.1,[23.00516249],3.4821464693000004,18.73308082874306,0.49570467766454207,8.427810628867424e-05,65.23135,19,72,1.6384621239952697
best_model.pt,51865028,20260207,10.87915,6.1,[1.49543616],0.0,0.0,0.0,0.0,0.0,0,72,-1.0
best_model.pt,51867779,20260207,240.31079,6.1,[60.62360374],0.0,0.0,0.0,0.0,0.0,0,71,-1.0
best_model.pt,51981983,20260207,9.803922,7.0,[1.88451035],1.3544770086785403,7.238154947298743,0.9999998807907104,0.004901960784313725,9.803921699523926,1,12,0.034022135328391885
best_model.pt,52099940,20260207,736.64813,5.0,[182.11165784],0.0188362421,0.1369627244956415,3.502350561671515e-06,1.7274439012593067e-06,0.00258,1,65,-0.9726074551008717
best_model.pt,52158782,20260207,402.12405,1.34,[294.70586683],0.0,0.0,0.0,0.0,0.0,0,52,-1.0
best_model.pt,52697878,20260207,256.73526,1.7,[146.14289987],0.0,0.0,0.0,0.0,0.0,0,72,-1.0
best_model.pt,52880899,20260207,73.77049,8.0,[2.41228638],0.5289659790503636,139.46143233014013,1.0,0.03225806451612903,73.77049255371094,2,31,16.432679041267516
best_model.pt,52881127,20260207,73.77049,8.1,[4.14286714],0.0,0.0,0.0,0.0,0.0,0,68,-1.0
best_model.pt,52896858,20260207,237.28813,6.1,[3.67395475],7.0760799134,31.11528721824748,0.9278773801695912,0.008244545222781622,220.17428999999998,45,67,4.10086683683673
best_model.pt,53225658,20260207,121.21212,5.1,[4.51230342],0.0,0.0,0.0,0.0,0.0,0,65,-1.0
best_model.pt,53375682,20260207,125.0,2.2,[2.06456001],4.589279656480032,27.237384103650506,1.0,0.0009926355976456402,125.0,25,28,11.380628869680054
best_model.pt,53566239,20260207,136.80566,1.01,[212.67307573],0.0,0.0,0.0,0.0,0.0,0,43,-1.0
best_model.pt,53572696,20260207,22.93578,1.09,[42.935085],0.0,0.0,0.0,0.0,0.0,0,34,-1.0
best_model.pt,53577684,20260207,121.21212,5.0,[14.21841216],0.0,0.0,0.0,0.0,0.0,0,65,-1.0
best_model.pt,53730651,20260207,61.29961,2.47,[50.53852614],1.77619277,2.8908219850360135,0.08376333859947446,0.00040397634053276215,5.13466,3,72,0.17037325973739512
best_model.pt,53763548,20260207,488.99796,2.04,[373.13468654],0.0,0.0,0.0,0.0,0.0,0,59,-1.0
best_model.pt,53841870,20260207,200.65753,1.98,[20.96828807],0.0,0.0,0.0,0.0,0.0,0,63,-1.0
best_model.pt,53849804,20260207,55.555557,2.48,[0.25223668],6.8561547784,5.870041653194768,0.7244265378922565,0.01131230738577405,40.24592,34,37,1.3669522613099745
best_model.pt,53854143,20260207,571.02985,1.09,[366.8150792],0.0,0.0,0.0,0.0,0.0,0,26,-1.0
best_model.pt,53919091,20260207,88.28999,2.0,[52.92278121],12.3754935703,4.954854099096707,0.6945155132278277,0.0012443373813812943,61.318769999999994,40,43,1.4774270495483535
best_model.pt,54113091,20260207,148.76033,4.6,[7.87243864],8.14427146152954,18.265637710781757,1.0,0.003490467170608763,148.7603302001953,44,32,2.970790889014323
best_model.pt,54547571,20260207,31.74728,6.5,[5.58273037],0.0,0.0,0.0,0.0,0.0,0,66,-1.0
best_model.pt,54801379,20260207,897.71515,5.26,[164.47739424],0.0,0.0,0.0,0.0,0.0,0,21,-1.0
best_model.pt,54805715,20260207,112.676056,5.1,[1.75252787],3.9925860511039475,28.221314768089595,1.0,0.0030099648000001364,112.67605590820312,18,28,4.533591234473329
best_model.pt,54852798,20260207,100.0,5.0,[32.09324797],0.0,0.0,0.0,0.0,0.0,0,72,-1.0
best_model.pt,54858966,20260207,83.333336,1.76,[0.26597369],12.5875179871,4.400276182841398,0.6646626997161041,0.008173056351736457,55.38856,27,67,1.5001569356163367
best_model.pt,55104462,20260207,55.91231,6.5,[8.17849854],0.0,0.0,0.0,0.0,0.0,0,72,-1.0
best_model.pt,55113470,20260207,420.41623,3.33,[34.42696221],0.0,0.0,0.0,0.0,0.0,0,57,-1.0
best_model.pt,55199224,20260207,78.07889,6.5,[6.50898521],0.0,0.0,0.0,0.0,0.0,0,72,-1.0
best_model.pt,55242717,20260207,498.57053,3.59,[22.04998379],0.0,0.0,0.0,0.0,0.0,0,69,-1.0
best_model.pt,55272899,20260207,18.072289,2.35,[6.39534194],0.0,0.0,0.0,0.0,0.0,0,53,-1.0
best_model.pt,55273179,20260207,148.76033,4.1,[10.45811196],0.0,0.0,0.0,0.0,0.0,0,58,-1.0
best_model.pt,55397530,20260207,472.23608,4.1,[128.75972989],0.0,0.0,0.0,0.0,0.0,0,72,-1.0
best_model.pt,55642709,20260207,64.70373,5.6,[4.89112802],0.0,0.0,0.0,0.0,0.0,0,64,-1.0
best_model.pt,55644105,20260207,390.48068,1.47,[288.68249237],0.0,0.0,0.0,0.0,0.0,0,65,-1.0
best_model.pt,55659771,20260207,110.68762,1.52,[65.454795],0.0,0.0,0.0,0.0,0.0,0,40,-1.0
best_model.pt,55774064,20260207,28.10267,9.1,[2.37391606],1.6324770035202785,17.2147315975805,0.9999999321292796,0.0001887133074563553,28.102670669555664,3,24,0.891728667686075
best_model.pt,55775102,20260207,530.4762,3.15,[118.12669098],0.0,0.0,0.0,0.0,0.0,0,31,-1.0
best_model.pt,55968571,20260207,246.66495,4.1,[98.12811472],0.0,0.0,0.0,0.0,0.0,0,72,-1.0
best_model.pt,56069198,20260207,355.1182,6.0,[32.74950256],0.0,0.0,0.0,0.0,0.0,0,72,-1.0
best_model.pt,56094571,20260207,305.08475,6.1,[0.99213791],0.0,0.0,0.0,0.0,0.0,0,65,-1.0
best_model.pt,56096389,20260207,23.9461,3.1,[14.66979506],0.0,0.0,0.0,0.0,0.0,0,67,-1.0
best_model.pt,56107853,20260207,1000.0,2.71,[7.08487496],0.0,0.0,0.0,0.0,0.0,0,72,-1.0
best_model.pt,56227729,20260207,125.0,1.4,[142.7010595],2.7412192703,1.6734007294853324,0.03669728,0.0002795679835201836,4.58716,20,72,0.1952862557022696
best_model.pt,56235388,20260207,53.333332,4.5,[1.47756882],0.0,0.0,0.0,0.0,0.0,0,51,-1.0
best_model.pt,56718065,20260207,49.68944,8.1,[2.83481153],0.0,0.0,0.0,0.0,0.0,0,70,-1.0
best_model.pt,56771422,20260207,642.421,1.81,[106.68609125],0.0,0.0,0.0,0.0,0.0,0,72,-1.0
best_model.pt,56864799,20260207,6.76347,5.22,[1.4825993],0.0,0.0,0.0,0.0,0.0,0,27,-1.0
best_model.pt,56938464,20260207,749.1659,1.65,[690.00034266],0.0,0.0,0.0,0.0,0.0,0,39,-1.0
best_model.pt,56963719,20260207,31.25,7.0,[2.4867074],0.3324972661,22.677080661023037,0.24128286527326265,0.0006173368066788355,7.540090000000001,10,72,2.2395829515747194
best_model.pt,57222417,20260207,5.5555553,1.52,[0.38508526],0.11365578978806566,48.8801008192058,0.9999998211860657,1.0,5.55555534362793,1,1,31.15796146879621
best_model.pt,57240198,20260207,36.39775,4.14,[14.11884913],5.282238694,2.0836294143375915,0.30238764048909955,0.00048510745300360026,11.006229999999999,15,72,-0.49670785470184964
best_model.pt,57326971,20260207,40.0,4.1,[0.33055519],5.085417368932102,7.865626207741032,1.0,0.0010140669185010572,40.0,11,29,0.9184454611459143
best_model.pt,57339315,20260207,166.66667,6.0,[0.75598828],0.496506636,328.5816937566696,0.9788598901275668,0.002378309814491834,163.14332,2,68,53.7636156261116
best_model.pt,57424010,20260207,5.58992,7.1,[0.90239374],0.30856404605272225,18.115856333870703,0.9999998293939545,0.0006206781215057533,5.5899200439453125,3,24,1.5515290953807717
best_model.pt,57429522,20260207,6.8627453,6.0,[4.83043373],0.0,0.0,0.0,0.0,0.0,0,61,-1.0
best_model.pt,57521810,20260207,626.1568,4.5,[311.66269259],12.012074182600001,4.52316183291152,0.08677149247491435,0.00011243179400447828,54.33256,33,39,0.005147073980337819
best_model.pt,57574306,20260207,21.73913,1.94,[0.15081066],3.6153169896424937,6.013061667721049,0.9999999122619689,0.08331975487412774,21.7391300201416,39,15,2.0995162321470655
best_model.pt,57575512,20260207,5.524862,1.87,[3.95347499],1.7015072171620016,3.247037984810112,0.9999998273849763,0.0031427900132391146,5.524861812591552,21,7,0.7363839446686566
best_model.pt,57579039,20260207,69.34497,5.0,[24.4980702],0.0,0.0,0.0,0.0,0.0,0,69,-1.0
best_model.pt,57611618,20260207,143.08836,5.6,[37.39685107],0.0,0.0,0.0,0.0,0.0,0,71,-1.0
best_model.pt,57655917,20260207,1468.0747,8.5,[19.98186521],0.0,0.0,0.0,0.0,0.0,0,68,-1.0
best_model.pt,57664872,20260207,118.42105,6.1,[0.38507583],3.6102333055205995,32.8014862759203,0.9999999999999998,0.008402424020255494,118.4210510253906,46,33,4.377292916186707
best_model.pt,57724669,20260207,420.41623,3.33,[20.02183388],0.0,0.0,0.0,0.0,0.0,0,57,-1.0
best_model.pt,57813819,20260207,1.3888888,2.63,[0.74368292],0.4135065800539184,3.358798974678727,0.9999993133549375,0.0049382716049382715,1.3888888359069824,4,2,0.2771098207319797
best_model.pt,57813830,20260207,1.3888888,2.63,[0.57066887],0.3926838330965178,3.5369047104643543,0.9999993133549375,0.003472222222222222,1.3888888359069824,3,2,0.34483062987098956
best_model.pt,57847622,20260207,168.9004,1.57,[10.61840298],0.0,0.0,0.0,0.0,0.0,0,57,-1.0
best_model.pt,57855436,20260207,247.62653,1.18,[69.28976918],0.0,0.0,0.0,0.0,0.0,0,72,-1.0
best_model.pt,57863659,20260207,66.666664,5.0,[9.79001159],0.0,0.0,0.0,0.0,0.0,0,70,-1.0
best_model.pt,57922732,20260207,90.90909,6.8,[5.45156222],8.707774711401564,10.43998963084608,1.0000000000000004,0.07180343214947418,90.90908813476567,61,65,0.5352925497076861
best_model.pt,57950075,20260207,3.5460992,3.69,[1.46942648],0.0,0.0,0.0,0.0,0.0,0,23,-1.0
best_model.pt,57950895,20260207,56.603775,2.13,[18.7517804],0.0,0.0,0.0,0.0,0.0,0,69,-1.0
best_model.pt,57951243,20260207,373.10922,2.23,[167.37513284],0.0,0.0,0.0,0.0,0.0,0,70,-1.0
best_model.pt,57999311,20260207,1210.1339,2.2,[396.09265346],0.0,0.0,0.0,0.0,0.0,0,27,-1.0
best_model.pt,58085427,20260207,79.19066,1.9,[23.32713406],0.0,0.0,0.0,0.0,0.0,0,44,-1.0
best_model.pt,58112502,20260207,101.0101,2.4,[28.53483384],0.0,0.0,0.0,0.0,0.0,0,72,-1.0
best_model.pt,58114863,20260207,203.00613,2.08,[69.8970629],0.0,0.0,0.0,0.0,0.0,0,56,-1.0
best_model.pt,58134130,20260207,8.695652,2.0,[4.70832875],4.752480475727145,1.8297077121644494,0.9999998903274635,0.0006704551439372593,8.69565200805664,6,27,-0.08514614391777531
best_model.pt,58240026,20260207,50.0,2.23,[29.81980199],0.0,0.0,0.0,0.0,0.0,0,72,-1.0
best_model.pt,58283047,20260207,420.41623,3.33,[11.93555116],0.6827545125,80.21912529047503,0.13027577479100003,0.00025430359937402187,54.77004999999999,2,71,23.089827966481398
best_model.pt,58492787,20260207,23.529411,2.9,[9.26852865],0.0,0.0,0.0,0.0,0.0,0,50,-1.0
best_model.pt,58511427,20260207,758.94135,2.46,[105.64210955],0.0,0.0,0.0,0.0,0.0,0,52,-1.0
best_model.pt,58588021,20260207,11.049724,1.2,[0.68905492],0.0,0.0,0.0,0.0,0.0,0,68,-1.0
best_model.pt,58685108,20260207,72.20216,4.15,[2.4162877],0.0,0.0,0.0,0.0,0.0,0,72,-1.0
best_model.pt,58706858,20260207,4537.195,1.35,[4585.60332748],0.0,0.0,0.0,0.0,0.0,0,72,-1.0
best_model.pt,58729786,20260207,38.08811,4.36,[24.69978859],0.0,0.0,0.0,0.0,0.0,0,46,-1.0
best_model.pt,58732112,20260207,510.68414,1.1,[412.91477558],0.0,0.0,0.0,0.0,0.0,0,67,-1.0
best_model.pt,58772389,20260207,376.457,2.05,[336.02838801],0.0,0.0,0.0,0.0,0.0,0,72,-1.0
best_model.pt,58803527,20260207,159.76765,7.1,[11.84005197],0.0,0.0,0.0,0.0,0.0,0,56,-1.0
best_model.pt,58886517,20260207,125.0,7.74,[1.43611951],0.042809243374739334,2919.8619336454803,1.0,0.001639344262295082,125.0,3,5,376.2431550374142
best_model.pt,58958928,20260207,51.95611,9.9,[0.32900801],0.0,0.0,0.0,0.0,0.0,0,35,-1.0
best_model.pt,58963446,20260207,1893.6837,9.9,[160.69248167],0.020767159799999997,0.2565564138234337,2.813671869006863e-06,1.4362863380443527e-05,0.0053282046,1,36,-0.9740852097263493
best_model.pt,59027737,20260207,156.41592,8.2,[0.77327443],0.0,0.0,0.0,0.0,0.0,0,45,-1.0
best_model.pt,59090324,20260207,15.0,2.14,[6.87939276],0.0,0.0,0.0,0.0,0.0,0,57,-1.0
best_model.pt,59168672,20260207,114.30078,2.51,[41.7285722],0.0,0.0,0.0,0.0,0.0,0,57,-1.0
best_model.pt,59191554,20260207,38.46154,2.13,[19.65786739],0.0,0.0,0.0,0.0,0.0,0,67,-1.0
best_model.pt,59250609,20260207,59.701492,6.1,[4.1823461],0.9891423399999999,10.868212487787664,0.18006618568689797,8.684586149374881e-05,10.750219999999999,2,71,0.7816742061805504
best_model.pt,59252315,20260207,40.94131,1.5,[4.90639966],13.209469503400001,3.0167507463484657,0.9733366895432468,0.00916514177898959,39.84967999999999,54,29,1.0111671642323106
best_model.pt,59262247,20260207,107.01659,1.61,[75.86964478],21.02783271398126,5.08928250809575,1.0,0.0002795683514087723,107.01658630371094,64,28,2.161045007997912
best_model.pt,59265523,20260207,41.273586,3.61,[2.39599891],0.753341862,0.09301209785671267,0.0016976959437496112,8.72965989245059e-06,0.07007,1,72,-0.9742348751912515
best_model.pt,59289693,20260207,12.224939,8.5,[0.45864554],0.09575029300000001,2.4338052542016326,0.019062669778455502,0.0002830322185008727,0.23304000000000002,2,68,-0.7136699700939255
best_model.pt,59313228,20260207,34.48847,8.56,[2.08560915],0.0,0.0,0.0,0.0,0.0,0,71,-1.0
best_model.pt,59370907,20260207,40.816326,1.39,[8.33626756],0.8959667479,2.1796320286943667,0.04784556045629082,0.0003200018220172749,1.95288,5,40,0.56808061232082
best_model.pt,59397478,20260207,1428.6078,2.5,[414.76037314],10.741579675699999,2.541482564270828,0.019109191639348537,3.8852905436409205e-05,27.299540000000004,2,34,0.01659302570833123
best_model.pt,59437197,20260207,152.54237,5.0,[16.15108739],0.0,0.0,0.0,0.0,0.0,0,72,-1.0
best_model.pt,59469459,20260207,28.45757,1.45,[9.77569587],0.014289379,2.1685918896902594,0.0010889896389153244,1.551831160769708e-05,0.03099,1,72,0.4955805643968419
best_model.pt,59469464,20260207,74.94802,1.45,[77.3941579],0.4663929265,1.3611669533608302,0.008470403782243695,4.9077345897133884e-05,0.63484,1,72,-0.06126420096660753
best_model.pt,59473467,20260207,1000.0,9.99,[0.24184204],0.0,0.0,0.0,0.0,0.0,0,72,-1.0
best_model.pt,59506934,20260207,32.65375,1.62,[16.70791342],0.0,0.0,0.0,0.0,0.0,0,41,-1.0
best_model.pt,59718544,20260207,379.84543,4.15,[77.63524504],0.9364840339,0.7144588282565613,0.0017614533435367798,0.009453781512605041,0.6690800000000001,2,68,-0.8278412501594643
best_model.pt,59764696,20260207,91.22524,4.15,[9.14023838],0.0,0.0,0.0,0.0,0.0,0,72,-1.0
best_model.pt,59770476,20260207,861.02747,3.68,[196.11851472],0.0,0.0,0.0,0.0,0.0,0,28,-1.0
best_model.pt,59790006,20260207,10.65812,1.49,[13.26618954],0.0,0.0,0.0,0.0,0.0,0,46,-1.0
best_model.pt,59818654,20260207,106.38298,1.5,[6.13386325],0.0,0.0,0.0,0.0,0.0,0,66,-1.0
best_model.pt,59870194,20260207,41.35039,1.2,[2.54673699],0.0,0.0,0.0,0.0,0.0,0,72,-1.0
best_model.pt,59873387,20260207,1000.0,5.3,[0.1523253],0.0,0.0,0.0,0.0,0.0,0,60,-1.0
best_model.pt,59941171,20260207,6.730769,6.6,[3.20128956],0.0,0.0,0.0,0.0,0.0,0,43,-1.0
best_model.pt,59942526,20260207,81.56947,1.36,[71.78132874],0.0,0.0,0.0,0.0,0.0,0,37,-1.0
best_model.pt,59985139,20260207,83.23513,1.16,[22.09075142],0.0,0.0,0.0,0.0,0.0,0,25,-1.0
best_model.pt,59999397,20260207,869.56525,6.5,[1.29081363],0.0,0.0,0.0,0.0,0.0,0,72,-1.0
best_model.pt,60033250,20260207,48.95666,1.24,[42.91878264],0.0,0.0,0.0,0.0,0.0,0,70,-1.0
best_model.pt,60081691,20260207,71.942444,3.08,[5.71850071],0.0,0.0,0.0,0.0,0.0,0,53,-1.0
best_model.pt,60140024,20260207,353.31128,2.21,[162.60997766],0.0,0.0,0.0,0.0,0.0,0,53,-1.0
best_model.pt,60144222,20260207,258.7111,2.07,[162.6888179],0.0,0.0,0.0,0.0,0.0,0,65,-1.0
best_model.pt,60163679,20260207,26.84824,1.81,[10.12757826],0.0,0.0,0.0,0.0,0.0,0,51,-1.0
best_model.pt,60190295,20260207,30.120481,3.0,[5.84173005],3.339193682909938,9.020283137502005,0.9999999366760286,0.0002954300338837607,30.12048149108887,5,22,2.006761045834002
best_model.pt,60222062,20260207,4.57056,2.5,[3.51266315],0.0,0.0,0.0,0.0,0.0,0,69,-1.0
best_model.pt,60257685,20260207,166.66667,1.14,[50.54195872],0.0,0.0,0.0,0.0,0.0,0,43,-1.0
best_model.pt,60279269,20260207,5340.282,2.29,[1368.9938361],0.0,0.0,0.0,0.0,0.0,0,72,-1.0
best_model.pt,60280132,20260207,5.1546392,2.4,[1.06686944],4.479592720453672,1.15069347037962,0.9999998149872193,0.019082125603864734,5.15463924407959,3,2,-0.5205444063936785
best_model.pt,60299590,20260207,833.3333,5.11,[75.82956021],72.0935123215,4.792967362182239,0.41465023777329674,0.00022204502817500693,345.54185637499995,58,72,-0.06204163660444487
best_model.pt,60300280,20260207,125.0,6.5,[24.16439599],0.0,0.0,0.0,0.0,0.0,0,68,-1.0
best_model.pt,60363119,20260207,139.53488,8.1,[17.93302136],0.0,0.0,0.0,0.0,0.0,0,60,-1.0
best_model.pt,60371761,20260207,2164.619,2.47,[1172.70721924],0.0,0.0,0.0,0.0,0.0,0,72,-1.0
best_model.pt,60374272,20260207,402.23785,1.94,[310.88510179],0.0,0.0,0.0,0.0,0.0,0,64,-1.0
best_model.pt,60504423,20260207,65.78731,2.35,[8.57009342],0.0,0.0,0.0,0.0,0.0,0,41,-1.0
best_model.pt,60518154,20260207,2168.2776,1.63,[1459.57807967],0.0,0.0,0.0,0.0,0.0,0,72,-1.0
best_model.pt,60518258,20260207,19.23077,2.22,[8.53345634],0.0,0.0,0.0,0.0,0.0,0,35,-1.0
best_model.pt,60537191,20260207,62.5,9.0,[0.76059261],1.7662483225291121,35.385717748220024,1.0,0.059375,62.5,3,16,2.931746416468892
best_model.pt,60548432,20260207,148.9186,1.73,[121.7384681],0.0,0.0,0.0,0.0,0.0,0,72,-1.0
best_model.pt,60566933,20260207,14.03152,5.9,[0.88416029],0.019331340653174826,725.8055370303666,0.9999999403953552,0.14285714285714285,14.031519889831543,1,7,122.01788564380793
best_model.pt,60619154,20260207,346.15384,8.8,[0.7949494],0.0,0.0,0.0,0.0,0.0,0,69,-1.0
best_model.pt,60632826,20260207,103.90999,7.7,[23.06585736],0.0,0.0,0.0,0.0,0.0,0,72,-1.0
best_model.pt,60656113,20260207,304.366,3.0,[115.27257288],0.0,0.0,0.0,0.0,0.0,0,72,-1.0
best_model.pt,60666367,20260207,144.92754,1.95,[23.86429361],14.170039768023551,10.227743051931732,1.0000000000000004,0.0002810719224314882,144.92753601074224,56,71,4.244996308631189
best_model.pt,60679832,20260207,84.40434,1.33,[104.07477375],0.0,0.0,0.0,0.0,0.0,0,72,-1.0
best_model.pt,60726038,20260207,47.8357,9.0,[11.81999238],0.0,0.0,0.0,0.0,0.0,0,72,-1.0
best_model.pt,60739483,20260207,14.583333,1.78,[5.45692048],1.7919365967501828,8.138304058070936,0.9999999346051925,0.03029779411690618,14.583333015441895,13,6,3.5720810049883274
best_model.pt,60739866,20260207,99.7291,1.09,[77.94989425],9.7776333413,1.785978017835982,0.17510074250366806,0.004372559526076079,17.46264,52,67,0.6385118927933461
best_model.pt,60741109,20260207,612.0902,1.82,[352.99568487],0.0,0.0,0.0,0.0,0.0,0,53,-1.0
best_model.pt,60758778,20260207,502.0863,1.73,[414.21884137],0.0,0.0,0.0,0.0,0.0,0,68,-1.0
best_model.pt,60765488,20260207,117.64706,8.1,[0.40429786],0.0,0.0,0.0,0.0,0.0,0,62,-1.0
best_model.pt,60828716,20260207,23.92696,1.88,[28.88029248],0.0,0.0,0.0,0.0,0.0,0,15,-1.0
best_model.pt,60844239,20260207,194.44444,5.0,[21.13600638],8.217240864199999,1.110614747724539,0.04693469183780947,0.0008516827342220923,9.126190000000001,6,72,-0.7778770504550921
best_model.pt,60858118,20260207,119.63921,2.64,[81.71889262],0.0,0.0,0.0,0.0,0.0,0,72,-1.0
best_model.pt,60862222,20260207,166.66667,7.6,[1.2565122],1.4069112239000001,8.182450763053605,0.06907193789209175,0.00022629309232143034,11.51199,7,70,0.07663827180655687
best_model.pt,60906442,20260207,142.7203,2.47,[166.35510684],0.0,0.0,0.0,0.0,0.0,0,29,-1.0
best_model.pt,60908226,20260207,470.27304,2.33,[380.79162164],0.0,0.0,0.0,0.0,0.0,0,57,-1.0
best_model.pt,60912674,20260207,6.02155,2.3,[3.37042867],1.4148801045865085,4.255870093259602,0.9999998416231471,0.04369376968061179,6.021550178527831,9,26,0.8503783397793551
best_model.pt,60916277,20260207,262.2118,1.31,[260.54222287],0.0,0.0,0.0,0.0,0.0,0,24,-1.0
best_model.pt,60930313,20260207,64.68921,1.84,[3.29215912],0.0,0.0,0.0,0.0,0.0,0,28,-1.0
best_model.pt,60949070,20260207,66.13085,9.0,[4.89974264],0.4543384836,131.13786529822082,0.9009578498882602,5.324150060992167e-05,59.58111,2,72,13.570873922024536
best_model.pt,60961963,20260207,27.777779,2.08,[0.44879388],4.771403801830177,5.821719132871204,0.9999999313354557,0.04712108203254409,27.777778625488274,80,50,1.7989035319281714
best_model.pt,60972908,20260207,1000.0,2.2,[34.42935004],0.0,0.0,0.0,0.0,0.0,0,62,-1.0
best_model.pt,61011193,20260207,1128.4313,3.5,[79.66752507],0.0,0.0,0.0,0.0,0.0,0,58,-1.0
best_model.pt,61011487,20260207,420.41623,3.33,[1.08241531],8.3203240255,1.1682720651187382,0.023120904055930088,0.0048782140468855255,9.720403300000001,11,63,-0.6491675399744353
best_model.pt,61012951,20260207,119.05549,2.3,[25.9643353],0.0,0.0,0.0,0.0,0.0,0,66,-1.0
best_model.pt,61019035,20260207,115.38461,2.33,[9.77133554],0.0,0.0,0.0,0.0,0.0,0,51,-1.0
best_model.pt,61034097,20260207,2664.8945,2.82,[1171.39858195],0.0,0.0,0.0,0.0,0.0,0,72,-1.0
best_model.pt,61042371,20260207,220.99026,1.82,[197.7157543],0.0,0.0,0.0,0.0,0.0,0,69,-1.0
best_model.pt,61076126,20260207,40.322582,2.5,[2.20491694],8.712874302134974,4.627930602311333,1.0,0.03046594982078853,40.32258224487305,17,3,0.8511722409245334
best_model.pt,61087629,20260207,57.142857,1.67,[0.55140602],15.992331861688541,3.573140772650664,1.0,0.015512541617971776,57.14285659790039,17,6,1.1396053080674025
best_model.pt,61095720,20260207,7.352941,1.35,[0.60121191],1.6739063022983838,4.3926811395877765,0.9999998703003073,0.006547619047619047,7.352941036224365,2,32,2.253837823711287
best_model.pt,61100993,20260207,118.66019,5.1,[35.57482916],0.0,0.0,0.0,0.0,0.0,0,65,-1.0
best_model.pt,61106509,20260207,50.0,1.11,[29.73147255],0.0,0.0,0.0,0.0,0.0,0,47,-1.0
best_model.pt,61112285,20260207,131.0145,1.96,[36.45122314],0.0,0.0,0.0,0.0,0.0,0,61,-1.0
best_model.pt,61145915,20260207,7.368421,8.1,[0.01351633],0.09621257408446199,76.58400748380716,0.9999998705727885,0.008968609865470852,7.3684210777282715,2,1,8.454815293466833
best_model.pt,61154489,20260207,5.952381,6.1,[0.02376262],0.25844451682513264,23.031473740210618,0.9999998211860657,7.087172218284905e-05,5.952381134033203,1,17,2.7756514918499677
best_model.pt,61185226,20260207,280.89886,3.0,[3.16974885],0.0,0.0,0.0,0.0,0.0,0,57,-1.0
best_model.pt,61185244,20260207,445.26294,1.3,[301.1073522],0.0,0.0,0.0,0.0,0.0,0,32,-1.0
best_model.pt,61185812,20260207,498.57053,3.59,[18.21317164],0.0,0.0,0.0,0.0,0.0,0,72,-1.0
best_model.pt,61190600,20260207,992.44653,6.1,[135.64135158],0.0,0.0,0.0,0.0,0.0,0,72,-1.0
best_model.pt,61191979,20260207,346.15384,6.0,[20.44772052],0.0,0.0,0.0,0.0,0.0,0,72,-1.0
best_model.pt,61194572,20260207,309.09613,3.13,[146.59471069],0.0,0.0,0.0,0.0,0.0,0,39,-1.0
best_model.pt,61218808,20260207,804.4937,4.0,[159.73761264],29.6147045153,3.395359975740803,0.12498865327073233,0.003377885171970524,100.55258580000003,59,38,-0.1511600060647993
best_model.pt,61218812,20260207,1560.8154,4.0,[64.79945808],88.14584272079999,1.9527726903972256,0.11028132674499694,0.009091827975466664,172.12879639,167,38,-0.5118068274006936
best_model.pt,61218892,20260207,119.60393,4.0,[0.659047],0.0,0.0,0.0,0.0,0.0,0,37,-1.0
best_model.pt,61245888,20260207,128.20512,3.76,[7.24486577],0.6293943792,99.76601683954657,0.48977972244158,0.0001176481237247692,62.792269999999995,4,72,25.533515184199437
best_model.pt,61275566,20260207,729.8732,1.8,[380.58487023],0.0,0.0,0.0,0.0,0.0,0,30,-1.0
best_model.pt,61292982,20260207,9.42855,2.24,[0.6256064],2.3938639729425875,3.9386305715274994,0.9999998988525016,0.16321265348244562,9.428549766540526,16,7,0.7583172119459285
best_model.pt,61325277,20260207,159.26295,2.64,[114.76722372],0.0,0.0,0.0,0.0,0.0,0,31,-1.0
best_model.pt,61361730,20260207,372.34042,1.5,[75.30825034],0.0,0.0,0.0,0.0,0.0,0,72,-1.0
best_model.pt,61380657,20260207,27.35469,7.1,[9.9622359],0.0,0.0,0.0,0.0,0.0,0,72,-1.0
best_model.pt,61390918,20260207,14.285714,1.45,[3.18052317],4.359609843504528,3.2768324197467464,0.9999999332428017,0.009155978282682616,14.285714149475098,45,12,1.2598843530945263
best_model.pt,61400136,20260207,267.85715,2.25,[0.58971715],37.916051607790614,7.06447873114725,1.0000000000000004,0.022942326897471596,267.857147216797,150,15,2.1397683249543333
best_model.pt,61404169,20260207,8.77193,1.68,[1.3943859],2.445125682209098,3.587515446431016,0.9999998912811388,0.32175925925925924,8.771929740905762,15,6,1.135425927642002
best_model.pt,61404245,20260207,8.77193,1.51,[0.97563598],3.340100673430733,2.6262463237820577,0.9999998912811388,0.04716981132075472,8.771929740905762,5,2,0.7392359869991422
best_model.pt,61444303,20260207,1000.0,1.05,[76.79421765],0.0,0.0,0.0,0.0,0.0,0,69,-1.0
best_model.pt,61445437,20260207,67.55288,5.6,[23.47298129],0.0,0.0,0.0,0.0,0.0,0,71,-1.0
best_model.pt,61446523,20260207,280.89886,3.0,[5.33627008],0.0,0.0,0.0,0.0,0.0,0,57,-1.0
best_model.pt,61462330,20260207,7.4626865,5.1,[0.03346303],0.09921262035168853,75.21836731935446,0.9999998807907104,9.861932938856015e-05,7.462686538696289,1,26,13.748699750176485
best_model.pt,61515335,20260207,4.78288,2.04,[2.04869914],0.4843614134392362,9.874589143789448,0.9999998006067139,0.004749240121580547,4.782879829406738,2,4,3.8404849649212234
best_model.pt,61521770,20260207,101.2775,3.79,[31.79619869],0.250512228,0.13005301260977725,0.0003216904167072201,0.005405405405405406,0.03258,1,37,-0.9656852206019044
best_model.pt,61547249,20260207,70.0,8.7,[1.84017278],0.6839864514,6.973344306591177,0.06813828571428572,0.00029646980729680097,4.76968,11,72,-0.19846615408372117
best_model.pt,61552681,20260207,1.5432099,3.88,[0.129875],0.091661112,6.121285968187161,0.36358608733563935,0.0009578544061302681,0.56109,1,9,0.5776509761957049
best_model.pt,61619011,20260207,162.85718,1.46,[52.40848591],0.0,0.0,0.0,0.0,0.0,0,47,-1.0
best_model.pt,61627716,20260207,498.57053,3.59,[13.35597685],0.0,0.0,0.0,0.0,0.0,0,57,-1.0
best_model.pt,61652353,20260207,1000.0,2.76,[53.63802462],0.0,0.0,0.0,0.0,0.0,0,66,-1.0
best_model.pt,61663854,20260207,141.18399,3.6,[47.95950821],0.0,0.0,0.0,0.0,0.0,0,39,-1.0
best_model.pt,61697828,20260207,82.35294,1.9,[5.53978306],0.0,0.0,0.0,0.0,0.0,0,71,-1.0
best_model.pt,61709401,20260207,15.873015,8.1,[1.63250317],0.0,0.0,0.0,0.0,0.0,0,72,-1.0
best_model.pt,61709841,20260207,197.8022,3.6,[0.35349137],13.57232628079758,14.57393387479225,1.0,0.003070088007730664,197.8022003173828,17,14,3.0483150724637946
best_model.pt,61768085,20260207,40.322582,2.3,[2.80241079],7.660945170852779,5.263394539735362,1.0,0.09830091533180776,40.32258224487305,18,5,1.288432456024489
best_model.pt,61798105,20260207,45.454544,8.0,[10.37459172],0.1816346135,12.185440714796826,0.048692821485986984,0.0006361834351226829,2.21331,2,72,0.5231800893496033
best_model.pt,61831943,20260207,104.30993,5.6,[47.09096277],0.0,0.0,0.0,0.0,0.0,0,72,-1.0
best_model.pt,61834352,20260207,139.53488,8.1,[21.14228361],0.0,0.0,0.0,0.0,0.0,0,67,-1.0
best_model.pt,61861065,20260207,125.0,2.8,[12.37815026],12.831728698799997,4.52162579495623,0.46416224,0.000701444753903451,58.02028,42,72,0.6148663828425213
best_model.pt,61880373,20260207,461.19568,1.01,[559.35460365],0.0,0.0,0.0,0.0,0.0,0,44,-1.0
best_model.pt,61894872,20260207,59.701492,5.1,[0.68480181],5.624055880000218,10.615378468499415,1.0,0.0008494623487427292,59.70149230957031,6,25,1.081446797451304
best_model.pt,61917856,20260207,183.66035,3.5,[39.25839503],0.0,0.0,0.0,0.0,0.0,0,69,-1.0
best_model.pt,61921752,20260207,50.0,2.83,[5.91152992],0.0,0.0,0.0,0.0,0.0,0,71,-1.0
best_model.pt,61927008,20260207,347.65363,1.0,[307.94050248],0.0,0.0,0.0,0.0,0.0,0,72,-1.0
best_model.pt,61939692,20260207,1000.0,1.29,[9.94276591],0.0,0.0,0.0,0.0,0.0,0,71,-1.0
best_model.pt,61944621,20260207,147.54099,7.1,[9.7872004],0.0,0.0,0.0,0.0,0.0,0,64,-1.0
best_model.pt,61974075,20260207,127.96638,1.28,[79.44295027],0.0,0.0,0.0,0.0,0.0,0,68,-1.0
best_model.pt,61981383,20260207,103.8961,4.0,[30.1628578],0.0,0.0,0.0,0.0,0.0,0,72,-1.0
best_model.pt,61991620,20260207,42.08653,1.92,[10.99126112],0.0,0.0,0.0,0.0,0.0,0,63,-1.0
best_model.pt,61992618,20260207,83.12442,4.0,[9.78810965],0.0,0.0,0.0,0.0,0.0,0,57,-1.0
best_model.pt,62034028,20260207,313.8476,2.57,[108.55843841],0.0,0.0,0.0,0.0,0.0,0,72,-1.0
best_model.pt,62054606,20260207,13.043478,6.2,[1.09900612],0.5960943327547946,21.88153017707057,0.9999999268849731,0.0022471910112359553,13.043478012084961,3,3,2.529279169391476
best_model.pt,62086487,20260207,49.43966,8.0,[0.50637483],0.0,0.0,0.0,0.0,0.0,0,72,-1.0
best_model.pt,62097829,20260207,17.93105,1.97,[1.81956412],4.285024973114929,4.184583584656581,0.9999998936287332,0.019983547766351414,17.931049346923825,61,5,1.1241540730375865
best_model.pt,62103297,20260207,2.3364487,2.96,[0.5465647],0.5355520532187875,4.36268387490472,0.9999995918275716,0.04838709677419355,2.3364486694335938,3,2,0.4738796684732002
best_model.pt,62103431,20260207,2.3364487,3.01,[0.22434496],0.8257126366483768,2.8296113394922053,0.9999995918275716,0.028908999497234793,2.3364486694335938,4,9,-0.059929784565643344
best_model.pt,62110322,20260207,50.68065,1.96,[13.03026842],0.0,0.0,0.0,0.0,0.0,0,70,-1.0
best_model.pt,62110977,20260207,118.0,9.1,[6.7544558],5.12215534656794,23.037172631222973,1.0,0.0015494906386105405,118.0,42,26,1.5315573258802737
best_model.pt,62112393,20260207,11.67876,9.0,[0.27654225],0.0,0.0,0.0,0.0,0.0,0,35,-1.0
best_model.pt,62112636,20260207,118.0,8.1,[1.75843028],0.0,0.0,0.0,0.0,0.0,0,72,-1.0
best_model.pt,62112649,20260207,170.8441,9.0,[18.03429044],0.0,0.0,0.0,0.0,0.0,0,33,-1.0
best_model.pt,62123023,20260207,237.29794,2.34,[220.1115175],0.0,0.0,0.0,0.0,0.0,0,43,-1.0
best_model.pt,62141661,20260207,4.4334974,2.7,[0.67545908],1.5222266962145987,2.9125060856001026,0.9999997848935007,0.025241675617615467,4.433497428894043,3,7,0.07870593857903525
best_model.pt,62141774,20260207,3.8860104,2.03,[0.03898693],0.0,0.0,0.0,0.0,0.0,0,54,-1.0
best_model.pt,62145770,20260207,1.3192612,2.27,[0.7477691],0.07775807075419186,16.966010273525967,0.9999992847442627,0.045454545454545456,1.3192611932754517,1,2,6.474013399154828
best_model.pt,62150859,20260207,1.2315271,5.6,[0.01364581],0.17094800237012756,7.204061287273325,0.9999992256170526,0.009611992945326279,1.2315270900726318,3,42,0.28643953749245715
best_model.pt,62161066,20260207,25.07478,1.94,[27.25342166],0.39294517000000007,0.7998805536137429,0.012534904881615181,2.154568763062073e-05,0.31431,2,54,-0.5876904484426799
best_model.pt,62164374,20260207,8.30901,2.51,[5.17059842],1.4137012123000003,2.8342744073952946,0.4822258916705853,0.0030713021186171163,4.00682,9,72,0.12919299528450923
best_model.pt,62204387,20260207,89.88764,7.0,[4.12175644],0.0,0.0,0.0,0.0,0.0,0,31,-1.0
best_model.pt,62243688,20260207,1032.1405,5.5,[297.12176938],0.0,0.0,0.0,0.0,0.0,0,72,-1.0
best_model.pt,62254595,20260207,6.25,6.78,[0.00105222],0.0,0.0,0.0,0.0,0.0,0,72,-1.0
best_model.pt,62256963,20260207,29.98952,9.0,[0.21673148],0.0,0.0,0.0,0.0,0.0,0,33,-1.0
best_model.pt,62259395,20260207,359.21542,2.06,[279.3308606],0.0,0.0,0.0,0.0,0.0,0,72,-1.0
best_model.pt,62269771,20260207,313.48004,1.5,[218.52118401],0.0,0.0,0.0,0.0,0.0,0,72,-1.0
best_model.pt,62285840,20260207,23.809525,1.19,[0.69471401],3.481833448283895,6.838212697869051,0.9999999198913663,0.04081632653061224,23.809524536132812,4,1,4.746396948787883
best_model.pt,62326550,20260207,40.322582,2.3,[0.35312561],9.135240106935527,4.413959278454064,1.0,0.05666976146052434,40.32258224487305,21,7,0.9191127695497793
best_model.pt,62326559,20260207,40.322582,2.3,[0.83335756],2.621315771,1.9256657783005502,0.1251849390335565,0.00017618040873854828,5.04778,1,33,-0.162753992076717
best_model.pt,62326943,20260207,120.62792,2.1,[65.14375741],0.0,0.0,0.0,0.0,0.0,0,37,-1.0
best_model.pt,62370833,20260207,248.92276,8.02,[32.92933788],0.9429011757,9.620616256681739,0.03644222810177791,4.212718861496222e-05,9.0713,2,72,0.19957801839881553
best_model.pt,62371800,20260207,264.70587,1.58,[27.1001748],0.0,0.0,0.0,0.0,0.0,0,69,-1.0
best_model.pt,62390621,20260207,27.777779,2.99,[6.15675128],0.0,0.0,0.0,0.0,0.0,0,53,-1.0
best_model.pt,62408382,20260207,15.62024,6.06,[5.83438722],0.4366111745,13.176338947919099,0.3683009717437134,0.0006022912676403889,5.752949999999999,8,67,1.1743133782729882
best_model.pt,62425774,20260207,14.70207,2.61,[0.51299161],2.2909914214,4.075591832073444,0.6350907895499026,0.016233766233766236,9.337150000000001,19,65,0.5615295003388535
best_model.pt,62440154,20260207,11.111111,6.81,[0.0114356],0.0,0.0,0.0,0.0,0.0,0,72,-1.0
best_model.pt,62456302,20260207,10.454783,9.0,[1.32208081],0.0,0.0,0.0,0.0,0.0,0,72,-1.0
best_model.pt,62465463,20260207,469.2045,4.78,[106.12060784],29.538946939799995,8.017690761453828,0.5047567763365899,0.0001379576200917053,236.83415000000002,48,72,0.6773410898605988
best_model.pt,62469263,20260207,1466.2635,7.6,[182.21347497],0.79991816,8.263560032741307,0.004508179993208249,1.6503526343888055e-05,6.61018,5,72,0.08731054426780534
best_model.pt,62474596,20260207,1000.0,2.77,[0.77718894],148.53663870229997,4.23461027030532,0.6289947800000004,0.011791247367072438,628.9947800000004,1057,66,0.5287401803118141
best_model.pt,62497963,20260207,479.75705,1.0,[508.48123968],4.3407722968,0.4824186514287073,0.004364855090546661,8.573388203017832e-05,2.09407,2,72,-0.5175813485712927
best_model.pt,62522391,20260207,551.49756,4.91,[104.57649073],72.41536900769998,6.572938865732352,0.8630714544116829,0.00021639799082695042,475.9818000000001,51,72,0.3386841283094378
best_model.pt,62524259,20260207,100.0,6.5,[2.40409449],2.7436212307985963,36.44816654328269,1.0000000000000002,0.0014251123584071439,100.00000000000001,92,42,4.607410237428106
best_model.pt,62527634,20260207,156.86275,7.1,[7.12149866],0.0,0.0,0.0,0.0,0.0,0,70,-1.0
best_model.pt,62529276,20260207,107.15096,6.71,[4.97309853],8.500371753248338,12.605442836450097,1.0,0.00012646684215721069,107.15096282958984,15,23,0.8786054791038725
best_model.pt,62537340,20260207,1000.0,2.56,[23.62377015],0.0,0.0,0.0,0.0,0.0,0,66,-1.0
best_model.pt,62552000,20260207,28.349,1.04,[43.49290032],18.486769900117835,1.533474995928328,0.9999999327190221,0.01611430354649826,28.349000930786133,68,24,0.47449524247678626
best_model.pt,62559786,20260207,10.454783,7.8,[0.65944658],0.0,0.0,0.0,0.0,0.0,0,72,-1.0
best_model.pt,62621349,20260207,1.25,3.15,[0.62550347],0.2360184151720091,5.296174465515939,0.9999992370611289,0.04812834224598931,1.25,3,5,0.6813251762451669
best_model.pt,62626344,20260207,999.45734,4.41,[231.98193968],76.2080023673,4.1127299218087945,0.31359311128862233,0.0005216051288402441,313.42293573000006,142,72,-0.06740814872766035
best_model.pt,62630587,20260207,7.25892,1.96,[1.43548457],0.9875313255289375,7.350564639826364,0.999999868620378,0.05482456140350877,7.258920192718506,7,2,2.7502880085531785
best_model.pt,62640299,20260207,179.92026,5.5,[68.36117962],1.2086349875149254,148.8622376190313,1.0,0.0012315270935960591,179.92025756835938,1,28,26.06586138527842
best_model.pt,62644097,20260207,48.88049,9.4,[6.69323527],0.0,0.0,0.0,0.0,0.0,0,72,-1.0
best_model.pt,62658588,20260207,4.5454545,2.01,[0.20176533],1.0684777857534895,4.254136406555106,0.9999997901916922,0.022142894840231603,4.545454502105712,22,12,1.116485784447506
best_model.pt,62665519,20260207,354.54544,2.61,[25.2807954],0.0,0.0,0.0,0.0,0.0,0,72,-1.0
best_model.pt,62676303,20260207,416.91595,2.04,[56.35796926],0.0,0.0,0.0,0.0,0.0,0,64,-1.0
best_model.pt,62693338,20260207,49.58663,1.83,[5.14698801],4.4801960010999995,3.935438552293798,0.35557043035385155,0.00029214444975314536,17.631539999999998,6,70,1.1505128196742076
best_model.pt,62694436,20260207,89.88764,7.1,[18.69888068],0.0,0.0,0.0,0.0,0.0,0,62,-1.0
best_model.pt,62695450,20260207,4.347826,2.44,[0.35930569],0.6556548081939232,6.631262851167124,0.9999997806549512,0.2571428571428572,4.34782600402832,9,7,1.717730612974316
best_model.pt,62708257,20260207,392.89093,1.85,[310.13680744],0.0,0.0,0.0,0.0,0.0,0,67,-1.0
best_model.pt,62715156,20260207,100.03554,1.47,[80.51573298],0.0,0.0,0.0,0.0,0.0,0,71,-1.0
best_model.pt,62719226,20260207,1000.0,1.5,[0.90980265],27.994234187781938,35.72164030530289,0.9999999999999998,0.03310277399179226,999.9999999999998,190,17,22.814426870201927
best_model.pt,62746245,20260207,272.72726,7.1,[2.05442776],6.881136961299999,8.701448849993426,0.21954486336664417,0.002657147626936985,59.87586999999999,26,72,0.22555619251712286
best_model.pt,62750176,20260207,147.54099,7.1,[13.39176013],0.0,0.0,0.0,0.0,0.0,0,51,-1.0
best_model.pt,62789285,20260207,245.01463,1.42,[284.54943744],0.0,0.0,0.0,0.0,0.0,0,18,-1.0
best_model.pt,62805482,20260207,23.43981,9.5,[2.59619095],0.0,0.0,0.0,0.0,0.0,0,64,-1.0
best_model.pt,62805489,20260207,153.19595,9.0,[2.05449683],0.0,0.0,0.0,0.0,0.0,0,65,-1.0
best_model.pt,62835645,20260207,40.17131,2.0,[8.48461084],3.718847792406663,10.802082221473627,1.0,0.00034240347498137657,40.17131042480469,8,28,4.401041110736814
best_model.pt,62859145,20260207,41.666668,1.85,[27.63385167],0.0,0.0,0.0,0.0,0.0,0,32,-1.0
best_model.pt,62859279,20260207,41.48365,1.48,[13.25956638],0.0,0.0,0.0,0.0,0.0,0,59,-1.0
best_model.pt,62860871,20260207,55.555557,2.59,[20.89862782],6.022175083032299,9.225163210937382,0.9999999999999998,0.00019637558416865902,55.55555725097655,24,29,2.561839195618723
best_model.pt,62863090,20260207,5.1546392,1.96,[0.87851707],1.43374308594906,3.5952296470450653,0.9999998149872191,0.04439806552050026,5.154639244079589,11,13,0.8343008046285932
best_model.pt,62867831,20260207,23.83482,2.71,[5.4080505],3.931849035700001,4.963978743539542,0.8188699812736733,0.008616935135882383,19.517619999999994,40,23,0.8317264478467613
best_model.pt,62875385,20260207,15.73437,6.34,[10.74649324],0.0153701196,4.893592786826016,0.004780616849198396,1.8403666010269246e-05,0.07522,1,67,-0.22813995756316718
best_model.pt,62885425,20260207,587.5,6.1,[12.84312122],0.0,0.0,0.0,0.0,0.0,0,64,-1.0
best_model.pt,62888101,20260207,70.0,8.5,[1.91086751],0.0,0.0,0.0,0.0,0.0,0,72,-1.0
best_model.pt,62896186,20260207,3.8860104,1.84,[0.09456513],0.20338671599999997,11.291439056230912,0.5909761413495324,0.0020242914979757085,2.2965400000000002,1,38,5.136651549672863
best_model.pt,62896511,20260207,1000.0,1.0,[572.33676567],0.0,0.0,0.0,0.0,0.0,0,72,-1.0
best_model.pt,62905440,20260207,2570.3447,5.1,[306.99450721],0.0,0.0,0.0,0.0,0.0,0,68,-1.0
best_model.pt,62905524,20260207,9.39662,6.92,[0.77811271],0.0986140396,27.75286620682957,0.2912589613532674,0.0008944508361220765,2.7368499999999996,15,21,3.010529754458155
best_model.pt,62926061,20260207,694.69086,4.04,[113.74578877],0.0,0.0,0.0,0.0,0.0,0,72,-1.0
best_model.pt,62932631,20260207,405.36728,5.0,[151.14995015],0.0,0.0,0.0,0.0,0.0,0,72,-1.0
best_model.pt,62951533,20260207,4.6296296,3.3,[0.49170268],0.11835093467938909,39.1174814717688,0.9999997940063893,0.00028900919568233883,4.629629611968994,4,41,10.853782435454907
best_model.pt,62952235,20260207,114.07777,5.5,[25.50100001],5.039673818798518,22.63593793649839,1.0,0.0010735404582519826,114.07776641845703,25,57,3.1156250793633435
best_model.pt,62957523,20260207,1233.7502,4.1,[419.77348782],0.0,0.0,0.0,0.0,0.0,0,69,-1.0
best_model.pt,62974470,20260207,256.19916,9.0,[43.75084856],0.0,0.0,0.0,0.0,0.0,0,65,-1.0
best_model.pt,62991598,20260207,53.40617,7.91,[10.57429909],0.0,0.0,0.0,0.0,0.0,0,65,-1.0
best_model.pt,63007107,20260207,10.31706,3.0,[1.37206292],2.391701405295123,4.313689047491668,0.9999999075633768,0.010286243438957218,10.317060470581051,17,5,0.4378963491638892
best_model.pt,63014188,20260207,392.33176,5.5,[58.82476268],1.2812826619962485,306.20210670644263,1.0,0.0001124859392575928,392.3317565917969,2,70,54.673110310262295
best_model.pt,63014342,20260207,16.37466,3.71,[10.03253652],5.1118289835,1.3606594942419605,0.42476967343770944,0.0003987115921708876,6.9554599999999995,3,72,-0.6332454231128346
best_model.pt,63017961,20260207,35.714287,1.45,[5.08196768],0.0,0.0,0.0,0.0,0.0,0,72,-1.0
best_model.pt,63031379,20260207,10.454783,8.0,[0.31799325],0.0,0.0,0.0,0.0,0.0,0,72,-1.0
best_model.pt,63038979,20260207,1000.0,2.25,[255.66614205],0.0,0.0,0.0,0.0,0.0,0,40,-1.0
best_model.pt,63049514,20260207,6.7385445,1.35,[3.23683603],3.933253316557457,1.7132236875059665,0.999999858474751,0.0051330612581595705,6.738544464111326,24,12,0.269054560925443
best_model.pt,63049540,20260207,42.857143,2.7,[1.63084326],8.591710568800002,2.2227983687617385,0.44561165173375483,0.021671210384651637,19.09764246,26,25,-0.17674135944233058
best_model.pt,63049739,20260207,2000.0,2.71,[182.55048794],0.0,0.0,0.0,0.0,0.0,0,72,-1.0
best_model.pt,63050276,20260207,4.5454545,2.32,[0.00255852],0.0037500888,6.640738550364363,0.005480198902471762,0.00012825445684237527,0.024909999999999998,1,69,1.8623873885557485
best_model.pt,63052095,20260207,14.06198,2.43,[13.19428499],0.0,0.0,0.0,0.0,0.0,0,70,-1.0
best_model.pt,63053963,20260207,24.875622,6.0,[3.17092648],0.0,0.0,0.0,0.0,0.0,0,72,-1.0
best_model.pt,63055893,20260207,13.28341,3.03,[3.92034767],2.2632412300619107,5.869195040587102,0.9999999282056157,0.04107888176609334,13.28341007232666,17,11,0.9370280844904026
best_model.pt,63056684,20260207,1319.2388,9.52,[45.98966378],0.7365911486000001,1.9719868081146146,0.001101051631855936,0.0002853464210296169,1.45255,4,72,-0.7928585385196661
best_model.pt,63064394,20260207,11.111111,6.35,[0.00838576],0.0998991062,27.650921556277588,0.24860968814536633,0.00011475331351290793,2.7623300000000004,4,72,3.3544759010319325
best_model.pt,63088516,20260207,1000.0,3.98,[0.22627417],3.0178302389999985,3.8074594269915054,0.011490269999999999,0.01001683667394106,11.490269999999999,18,65,-0.04335190735052988
best_model.pt,63089129,20260207,1000.0,3.32,[25.49643442],0.378419015,4.019290575843352,0.00152098,0.00029027576197387516,1.52098,1,65,0.21062971586192922
best_model.pt,63115257,20260207,1000.0,9.5,[0.00125308],0.0,0.0,0.0,0.0,0.0,0,72,-1.0
best_model.pt,63115262,20260207,1000.0,9.5,[0.01562451],0.0,0.0,0.0,0.0,0.0,0,72,-1.0
best_model.pt,63118770,20260207,299.3164,5.2,[17.39955424],4.7242251658,7.315960071980853,0.11547061663947797,7.623123278491986e-05,34.56225,6,43,0.40691545006320745
best_model.pt,63118785,20260207,70.0,9.0,[7.83276082],0.0213294048,8.691818169339196,0.0026485714285714285,0.0002314814814814815,0.1854,1,72,-0.03424242562897817
best_model.pt,63119851,20260207,20.0,2.42,[0.57388638],0.8691029550282018,23.01220686465639,0.9999999046325778,0.023723222258242478,20.000000000000007,15,10,8.509176090563567
best_model.pt,63129337,20260207,1848.9863,6.1,[501.9724986],0.0,0.0,0.0,0.0,0.0,0,72,-1.0
best_model.pt,63135763,20260207,84.18721,2.1,[35.57837618],19.781182488800003,0.48464946525712543,0.11387644263953356,1.5533900148089847e-05,9.58694,6,61,-0.7692145298730748
best_model.pt,63136956,20260207,1000.0,1.2,[205.14129167],0.0,0.0,0.0,0.0,0.0,0,72,-1.0
best_model.pt,63138541,20260207,887.55536,1.17,[184.9532755],0.0,0.0,0.0,0.0,0.0,0,62,-1.0
best_model.pt,63139989,20260207,582.36536,2.31,[317.78170929],70.90970277599999,2.7350587514320064,0.33302497088391325,0.0004579022046144554,193.94220587399997,52,72,0.18400814683181643
best_model.pt,63153776,20260207,131.89886,8.5,[21.56700081],0.20127270749999998,11.85067850951173,0.018083779603346735,1.1816308396196095e-06,2.38523,1,72,0.39419747170726244
best_model.pt,63155109,20260207,107.97988,3.79,[18.77440435],1.5100692736,1.0529404013823902,0.014725094907073263,0.027989417989417988,1.5900139999999998,5,45,-0.7221793108231113
best_model.pt,63155864,20260207,1000.0,9.0,[0.00150998],0.0,0.0,0.0,0.0,0.0,0,72,-1.0
best_model.pt,63156076,20260207,1000.0,9.0,[1.92386922],0.8248618161000001,7.992468409681292,0.00659269,0.00011953011616036877,6.59269,6,72,-0.11194795447985643
best_model.pt,63158529,20260207,1000.0,7.66,[0.00066175],0.0,0.0,0.0,0.0,0.0,0,72,-1.0
best_model.pt,63163299,20260207,309.5489,3.72,[99.73915944],0.0,0.0,0.0,0.0,0.0,0,72,-1.0
best_model.pt,63169453,20260207,1000.0,3.98,[0.05765783],2.0449338971,4.4309674664214524,0.00906104,0.037327088620192066,9.06104,10,27,0.11330840331326127
best_model.pt,63178103,20260207,24.0051,8.5,[0.85853041],0.0,0.0,0.0,0.0,0.0,0,68,-1.0
best_model.pt,63195753,20260207,72.20216,4.15,[10.5710417],0.2228099041,5.157063585560847,0.01591434302209225,0.00909090909090909,1.1490500000000001,1,55,0.24266589567493785
best_model.pt,63196383,20260207,1000.0,8.0,[1.43074065],0.0,0.0,0.0,0.0,0.0,0,72,-1.0
best_model.pt,63196659,20260207,131.08508,4.15,[41.06715455],0.0,0.0,0.0,0.0,0.0,0,72,-1.0
best_model.pt,63201724,20260207,38.30118,1.53,[55.16257477],0.0,0.0,0.0,0.0,0.0,0,4,-1.0
best_model.pt,63204129,20260207,11.47175,3.76,[0.40058355],2.0354991050851376,5.635838696711633,0.9999999168675908,0.0023371311714869996,11.471750259399414,8,1,0.4988932742037748
best_model.pt,63204861,20260207,111.72721,3.6,[60.63759106],0.0,0.0,0.0,0.0,0.0,0,32,-1.0
best_model.pt,63204884,20260207,184.27386,3.4,[78.66949549],13.0817653376,7.494640820651375,0.5320512495632038,7.070839915349865e-05,98.04314,10,67,1.2043060618918726
best_model.pt,63219307,20260207,33.47138,1.09,[8.01462572],0.0,0.0,0.0,0.0,0.0,0,66,-1.0
best_model.pt,63225492,20260207,135.48969,4.48,[8.77292026],0.0,0.0,0.0,0.0,0.0,0,33,-1.0
best_model.pt,63231083,20260207,5.645161,7.02,[0.1406971],0.018622825311421804,303.11501839656245,0.9999998211860657,0.001968503937007874,5.645161151885986,1,4,42.17877766668551
best_model.pt,63236174,20260207,23.10231,7.91,[1.85090054],0.163757295,17.367914095588258,0.12311062153280168,0.00012703252032520327,2.8441400000000003,1,64,1.1956908256161933
best_model.pt,63252365,20260207,45.90532,2.5,[16.15391367],2.747718636017813,16.706696932295603,1.0,0.001431321212740054,45.90531921386719,14,29,5.6826787729182415
best_model.pt,63259521,20260207,6.334727,3.86,[9.43334828],0.6611282084,0.25349053992877557,0.026455754097118023,0.021739130434782608,0.16759,1,46,-0.9343288738813599
best_model.pt,63276032,20260207,2662.67,1.0,[2759.05372617],231.62089140819998,0.19785361366869747,0.01721093184988564,0.0024875621890547263,45.82703056413094,32,67,-0.8021463863313025
best_model.pt,63277194,20260207,72.20216,4.15,[6.39427636],0.0,0.0,0.0,0.0,0.0,0,40,-1.0
best_model.pt,63287123,20260207,307.8781,3.79,[94.91276854],0.0,0.0,0.0,0.0,0.0,0,32,-1.0
best_model.pt,63322976,20260207,94.94436,3.45,[34.85537668],22.546491796607253,4.211047797197559,1.0000000000000002,0.0003491832526634523,94.94435882568361,29,64,0.22059354753481838
best_model.pt,63324168,20260207,50.0,3.0,[0.93465186],7.601172536197876,6.577931652512977,1.0000000000000002,0.0974996903376381,50.00000000000001,34,17,1.1926438841709925
best_model.pt,63333258,20260207,41.273586,3.44,[0.26368119],0.14780608390000002,0.16129132224900078,0.0005776091237190057,9.259259259259259e-06,0.02384,1,72,-0.9531129884982255
best_model.pt,63333682,20260207,273.87567,3.79,[46.25782226],0.0,0.0,0.0,0.0,0.0,0,29,-1.0
best_model.pt,63334016,20260207,133.70215,3.79,[45.66501717],0.0,0.0,0.0,0.0,0.0,0,41,-1.0
best_model.pt,63338096,20260207,44.41921,1.97,[64.86024678],0.0,0.0,0.0,0.0,0.0,0,69,-1.0
best_model.pt,63339310,20260207,12.987013,1.94,[5.34169872],0.6686834963999999,2.7696170764697277,0.14260399088814985,4.653760238272524e-05,1.8519999999999999,1,68,0.427637626175076
best_model.pt,63339821,20260207,10.85282,2.0,[2.3370996],4.213349760154574,2.575816971864261,0.9999999121265994,0.02830188679245283,10.852820396423338,15,1,0.2879084859321306
best_model.pt,63339996,20260207,162.68001,2.0,[55.14468534],0.0,0.0,0.0,0.0,0.0,0,23,-1.0
best_model.pt,63344858,20260207,179.59184,8.8,[1.17298565],0.0,0.0,0.0,0.0,0.0,0,72,-1.0
best_model.pt,63350356,20260207,7.17026,1.0,[22.22256703],0.0,0.0,0.0,0.0,0.0,0,67,-1.0
best_model.pt,63352392,20260207,72.20216,4.15,[1.33522696],0.9279727887,3.452198800235358,0.04436916895559255,1.942828125012675e-05,3.20355,2,72,-0.16814488652928375
best_model.pt,63352636,20260207,507.4561,4.15,[0.10496697],0.0,0.0,0.0,0.0,0.0,0,72,-1.0
best_model.pt,63354033,20260207,4.67689,2.06,[2.13933016],1.380103860539801,3.3887931490680705,0.9999997960879681,0.02438789280894544,4.676889896392822,7,2,0.6450452636885027
best_model.pt,63355127,20260207,1.6891892,1.9,[0.2513405],0.32340481229078305,5.223125656486774,0.9999994354251256,0.02026618269812462,1.6891891956329346,2,3,1.7490135379096652
best_model.pt,63355311,20260207,1.6891892,1.9,[0.41941804],0.5242757408370324,3.2219418945346776,0.9999994354251256,0.005847953216374269,1.6891891956329346,4,2,0.6957589131393267
best_model.pt,63359739,20260207,1000.0,3.32,[7.14293803],56.78887371650001,4.405740935157239,0.25019707,9.745527144334733e-05,250.19707000000002,72,66,0.3270304288391801
best_model.pt,63370394,20260207,159.52762,8.3,[8.54062092],0.282489746,4.35936404090207,0.007719541056827285,3.7893141341417206e-05,1.2314800000000001,1,65,-0.474775428828502
best_model.pt,63372853,20260207,209.44122,2.5,[75.19263141],0.0,0.0,0.0,0.0,0.0,0,22,-1.0
best_model.pt,63373937,20260207,40.68809,1.15,[50.05249314],0.0,0.0,0.0,0.0,0.0,0,72,-1.0
best_model.pt,63378942,20260207,12.07632,5.6,[2.83567334],1.5487823634877285,7.797294301589216,0.9999999210293976,0.0004794082958127716,12.076319694519043,16,37,0.39237400613863366
best_model.pt,63380156,20260207,34.70317,2.0,[19.27245353],0.0,0.0,0.0,0.0,0.0,0,60,-1.0
best_model.pt,63380247,20260207,6.73505,5.45,[1.33741146],0.12184691927190572,55.27423235177809,0.9999998584013254,0.0009497301873952671,6.735050201416016,3,35,9.142061336921609
best_model.pt,63386669,20260207,1000.0,8.55,[0.0704291],0.0,0.0,0.0,0.0,0.0,0,72,-1.0
best_model.pt,63393176,20260207,10.416667,9.38,[0.00764137],0.0,0.0,0.0,0.0,0.0,0,72,-1.0
best_model.pt,63400626,20260207,10.53743,3.2,[3.91767969],2.3769941756238024,4.433088429304422,0.9999999094965046,0.013516178986695038,10.537429809570312,16,8,0.3853401135144555
best_model.pt,63400779,20260207,2.2580645,3.08,[0.02336092],0.120702979,10.76211414704067,0.5752844732786239,1.534683855125844e-05,1.29903,1,72,2.4941929914371554
best_model.pt,63402334,20260207,7.22587,2.4,[1.55752638],1.1600372090606288,6.2289932141956115,0.9999998680194667,0.08627875392581275,7.225870132446286,20,4,1.5954137361156955
best_model.pt,63403274,20260207,10.10101,9.3,[0.21543627],0.0,0.0,0.0,0.0,0.0,0,67,-1.0
best_model.pt,63403381,20260207,11.363636,9.8,[2.17685475],0.0,0.0,0.0,0.0,0.0,0,72,-1.0
best_model.pt,63407342,20260207,402.3843,1.91,[101.78377592],0.0,0.0,0.0,0.0,0.0,0,72,-1.0
best_model.pt,63407584,20260207,8.733624,1.18,[10.17999456],0.0,0.0,0.0,0.0,0.0,0,45,-1.0
best_model.pt,63412723,20260207,1017.58417,1.26,[1235.29383744],0.0,0.0,0.0,0.0,0.0,0,72,-1.0
best_model.pt,63413074,20260207,35.0,2.4,[4.07196197],2.459782781877978,14.228892904269191,1.0,0.00044802867383512545,35.0,1,4,4.928705141193253
best_model.pt,63415176,20260207,391.68222,5.0,[167.08847847],0.0,0.0,0.0,0.0,0.0,0,72,-1.0
best_model.pt,63418375,20260207,111.04177,7.1,[8.52963425],0.0,0.0,0.0,0.0,0.0,0,69,-1.0
best_model.pt,63419441,20260207,37.5,7.5,[0.23269522],0.0322712805,7.039167870395772,0.006057866666666667,1.3672782958243321e-05,0.22717,1,29,-0.06144428394723036
best_model.pt,63421324,20260207,1000.0,1.4,[0.86152011],81.01367041370001,4.342497801432904,0.35180169,0.0011037548763217053,351.80169,82,72,2.101784196703716
best_model.pt,63423264,20260207,2919.6333,6.1,[570.78607345],0.0,0.0,0.0,0.0,0.0,0,70,-1.0
best_model.pt,63428201,20260207,1000.0,3.83,[0.08209216],0.1079907568,6.663471558599554,0.0007196,0.0006009615384615385,0.7196,1,64,0.7398098410800289
best_model.pt,63428584,20260207,32.258064,8.0,[1.65197101],0.0,0.0,0.0,0.0,0.0,0,72,-1.0
best_model.pt,63449407,20260207,4.716981,3.36,[0.00020804],0.0,0.0,0.0,0.0,0.0,0,51,-1.0
best_model.pt,63451974,20260207,68.71583,2.5,[35.6540986],0.0,0.0,0.0,0.0,0.0,0,67,-1.0
best_model.pt,63454972,20260207,67.95028,5.05,[7.86490391],4.388659691940611,15.483147138858227,1.0,0.0019831473868884664,67.95027923583984,8,72,2.065969614667511
best_model.pt,63456215,20260207,279.74338,1.62,[19.50522382],0.0,0.0,0.0,0.0,0.0,0,69,-1.0
best_model.pt,63461553,20260207,3.40762,2.84,[0.47569256],0.9600694901416826,3.5493434994055875,0.9999997201348558,0.014522334834834836,3.4076199531555176,7,12,0.24976887558947553
best_model.pt,63463364,20260207,117.64706,5.0,[4.04439073],0.0,0.0,0.0,0.0,0.0,0,37,-1.0
best_model.pt,63464061,20260207,346.15384,6.1,[49.9737921],0.0,0.0,0.0,0.0,0.0,0,69,-1.0
best_model.pt,63466342,20260207,80.63901,2.78,[8.2972548],0.0,0.0,0.0,0.0,0.0,0,47,-1.0
best_model.pt,63467432,20260207,4.347826,2.19,[0.39063373],0.18059889243992241,24.07435544555847,0.9999997806549512,0.025,4.34782600402832,4,5,9.992856080612876
best_model.pt,63471673,20260207,166.66667,5.0,[5.70884773],0.0,0.0,0.0,0.0,0.0,0,64,-1.0
best_model.pt,63472525,20260207,1025.556,1.74,[871.85791609],0.0,0.0,0.0,0.0,0.0,0,71,-1.0
best_model.pt,63473865,20260207,8.695652,1.88,[1.90251813],0.6129676337830716,14.186128830751908,0.9999998903274635,0.0625,8.69565200805664,2,2,6.545813226985718
best_model.pt,63480295,20260207,1000.0,5.38,[0.09065174],0.16279978150000002,8.106594991990256,0.0013197600000000001,0.00013679751631316052,1.31976,7,72,0.5068020110688571
best_model.pt,63510498,20260207,2.93115,8.3,[0.1458486],0.006439299399999999,298.2019748957634,0.65520679652693,2.1812913164207814e-05,1.9205099999999997,2,72,34.92794795699411
best_model.pt,63518080,20260207,1000.0,9.0,[3.24339803],0.0,0.0,0.0,0.0,0.0,0,51,-1.0
best_model.pt,63524267,20260207,38.46154,2.76,[0.04206534],0.457480643,6.730893025143743,0.08006075633510941,0.01109269244470352,3.0792599999999997,5,72,1.4387293653627822
best_model.pt,63529958,20260207,164.5273,5.57,[50.97008599],0.8091361891000001,11.999856304713754,0.05901470527739447,0.00014203543067287967,9.70953,9,52,1.1543726992623287
best_model.pt,63530218,20260207,83.333336,2.47,[14.20114845],0.0,0.0,0.0,0.0,0.0,0,70,-1.0
best_model.pt,63531248,20260207,34.41965,2.1,[22.04018501],25.122196881700003,0.5278944964310016,0.38529937412396564,5.103863624763946e-05,13.26187,10,42,-0.7486216569503293
best_model.pt,63531465,20260207,12.32902,1.45,[3.69897094],3.2231433814383776,3.825152735170608,0.9999999226480063,0.049109224109224116,12.329019546508789,12,7,1.6380362823305072
best_model.pt,63532364,20260207,72.20216,4.15,[9.02839086],0.0,0.0,0.0,0.0,0.0,0,72,-1.0
best_model.pt,63532391,20260207,238.66006,4.15,[4.77656644],0.0,0.0,0.0,0.0,0.0,0,72,-1.0
best_model.pt,63533300,20260207,2094.1917,3.61,[88.02355927],0.6393591148,4.5518322657808685,0.001389681789370689,9.605040725372676e-06,2.91026,1,72,0.26089540112300835
best_model.pt,63533681,20260207,7.47524,1.97,[11.23535403],1.1676637611,3.485238345435927,0.5444091902456364,0.00010339975752090424,4.069590000000001,6,72,0.7691564948324637
best_model.pt,63533738,20260207,74.38692,3.79,[7.22517273],0.1254025872,0.3749494017663954,0.0006321003991572549,0.0030303030303030303,0.04702,1,55,-0.9010687584326326
best_model.pt,63533942,20260207,1000.0,1.98,[2.83604406],0.0,0.0,0.0,0.0,0.0,0,56,-1.0
best_model.pt,63535088,20260207,1582.6045,2.13,[769.19870949],0.0,0.0,0.0,0.0,0.0,0,66,-1.0
best_model.pt,63535386,20260207,117.61521,4.62,[53.1943537],9.607711089700002,4.9729341963963725,0.40622738671311687,0.001280651117827775,47.77851999999999,21,69,0.07639270986574508
best_model.pt,63535808,20260207,9.09778,3.82,[2.53080147],0.0,0.0,0.0,0.0,0.0,0,48,-1.0
best_model.pt,63536636,20260207,208.86076,5.6,[1.63272923],0.0,0.0,0.0,0.0,0.0,0,72,-1.0
best_model.pt,63537243,20260207,2.6845639,2.14,[0.84322107],1.1016643995842605,2.4368232643155068,0.999999644756459,0.06140350877192982,2.6845638751983647,7,1,0.1387024041405938
best_model.pt,63537321,20260207,1.8461539,2.49,[0.02720118],0.0,0.0,0.0,0.0,0.0,0,31,-1.0
best_model.pt,63537589,20260207,4.26584,3.12,[0.46447201],0.5215720341906636,8.178797165343772,0.99999977643932,0.21818181818181817,4.26584005355835,12,11,1.621409444019319
best_model.pt,63537852,20260207,12.03287,2.37,[6.56013708],4.669163136782516,2.577093017114479,0.9999999207442434,0.0018653032091281586,12.032870292663576,22,33,0.08738107238623076
best_model.pt,63537981,20260207,1000.0,3.26,[0.02298273],0.0,0.0,0.0,0.0,0.0,0,72,-1.0
best_model.pt,63538339,20260207,1011.9877,3.6,[104.41203034],0.0,0.0,0.0,0.0,0.0,0,70,-1.0
best_model.pt,63539511,20260207,354.54544,2.69,[14.27960343],0.0,0.0,0.0,0.0,0.0,0,67,-1.0
best_model.pt,63543019,20260207,7.11443,2.32,[3.09833648],1.5777709595999998,3.670365647433706,0.8139793720433648,0.004124401239785856,5.791,8,52,0.5820542038996631
best_model.pt,63552128,20260207,86.2854,4.15,[12.18227438],0.0,0.0,0.0,0.0,0.0,0,72,-1.0
best_model.pt,63554448,20260207,316.3261,8.2,[39.77013989],0.0,0.0,0.0,0.0,0.0,0,72,-1.0
best_model.pt,63559263,20260207,4.53857,4.5,[0.66466299],0.033755205299999994,23.29053260023869,0.17322633503651422,0.018357487922705314,0.7862,4,6,4.175673911164154
best_model.pt,63560316,20260207,4.5454545,2.83,[0.0950479],0.1190175393153807,38.1911467595898,0.9999997901916924,0.009238310708898943,4.545454502105713,2,5,12.49510522586029
best_model.pt,63561739,20260207,1000.0,8.37,[0.62055523],0.1375669757,7.380424076415336,0.00101531,1.5270771430299046e-05,1.01531,4,72,-0.11822889159784576
best_model.pt,63563441,20260207,32.60413,2.5,[19.8699626],0.0,0.0,0.0,0.0,0.0,0,61,-1.0
best_model.pt,63568994,20260207,1000.0,1.56,[9.9982732],25.2410985958,11.935340172348452,0.30126111000000005,0.0001374697663909762,301.26111000000003,37,62,6.6508593654706
best_model.pt,63572763,20260207,16.34594,1.35,[15.40269073],0.0,0.0,0.0,0.0,0.0,0,26,-1.0
best_model.pt,63573065,20260207,2.75494,5.0,[0.3819591],0.5159460321031302,5.339579184570854,0.9999996423721313,0.0009624639076034649,2.7549400329589844,1,1,0.06791583691417084
best_model.pt,63580443,20260207,130.7283,3.79,[28.65344828],5.8484498559,0.5874188027987324,0.026279619236151883,0.03324915824915825,3.43549,5,54,-0.8450082298915041
best_model.pt,63581835,20260207,208.86076,4.7,[0.62691936],0.0,0.0,0.0,0.0,0.0,0,72,-1.0
best_model.pt,63583264,20260207,41.666668,2.37,[3.14652901],0.0,0.0,0.0,0.0,0.0,0,28,-1.0
best_model.pt,63592988,20260207,70.92199,1.65,[32.41290031],54.21141294602434,1.3082482871878527,1.0000000000000007,0.0019806081259691123,70.92198944091801,51,61,-0.2071222387324051
best_model.pt,63596870,20260207,280.89886,3.0,[4.41667541],0.0,0.0,0.0,0.0,0.0,0,70,-1.0
best_model.pt,63597112,20260207,1707.9103,7.91,[27.67185869],0.0,0.0,0.0,0.0,0.0,0,65,-1.0
best_model.pt,63598203,20260207,181.81818,2.55,[70.36833089],0.0,0.0,0.0,0.0,0.0,0,69,-1.0
best_model.pt,63598374,20260207,5.0761423,2.43,[0.0002938],0.0,0.0,0.0,0.0,0.0,0,35,-1.0
best_model.pt,63599572,20260207,147.05882,2.54,[26.27044761],0.0,0.0,0.0,0.0,0.0,0,57,-1.0
best_model.pt,63600227,20260207,33.333332,2.5,[2.02386723],4.0086461171,2.4423444902984626,0.29371492720433534,0.003665402902286178,9.7904972,26,38,-0.023062203880614973
best_model.pt,63601569,20260207,115.99469,2.63,[66.05690356],0.0,0.0,0.0,0.0,0.0,0,71,-1.0
best_model.pt,63604272,20260207,70.0,8.5,[13.10762524],0.0,0.0,0.0,0.0,0.0,0,72,-1.0
best_model.pt,63611224,20260207,1000.0,6.6,[1.23354341],0.0,0.0,0.0,0.0,0.0,0,72,-1.0
best_model.pt,63613810,20260207,67.22689,4.0,[9.4528637],0.0,0.0,0.0,0.0,0.0,0,72,-1.0
best_model.pt,63615321,20260207,121.09166,2.17,[35.63907684],4.1496790641131875,29.180962791110133,1.0,0.0013466671402049273,121.09165954589844,50,28,12.447447818042066
best_model.pt,63616549,20260207,743.55707,2.0,[360.41571185],0.0,0.0,0.0,0.0,0.0,0,72,-1.0
best_model.pt,63618506,20260207,7.2016463,5.02,[0.46297299],0.3557611968017941,20.242865579067324,0.9999998675755312,0.0021413276231263384,7.201646327972412,2,2,3.0324433577649557
best_model.pt,63619732,20260207,330.87964,2.2,[108.96754828],0.0,0.0,0.0,0.0,0.0,0,20,-1.0
best_model.pt,63622918,20260207,1350.1515,4.28,[332.02644072],0.0,0.0,0.0,0.0,0.0,0,72,-1.0
best_model.pt,63631199,20260207,206.74242,4.15,[0.97709283],0.8858586177,0.26060562575297536,0.0011166552275060039,1.6544239295877177e-05,0.23086,2,72,-0.9372034651170528
best_model.pt,63631324,20260207,133.48969,2.35,[7.97689872],0.41736413029999997,37.34116453091722,0.1167498447026764,7.696534436610789e-05,15.584900000000001,13,72,14.889857892039215
best_model.pt,63631326,20260207,80.8756,2.15,[0.30823822],5.703210605100001,6.101165870977686,0.43024396516135466,0.0026709741692405573,34.79624,93,72,1.8377514420226138
best_model.pt,63634590,20260207,5.0761423,2.07,[0.00055329],0.0,0.0,0.0,0.0,0.0,0,43,-1.0
best_model.pt,63634742,20260207,5.0761423,2.07,[0.02537293],0.0,0.0,0.0,0.0,0.0,0,43,-1.0
best_model.pt,63635613,20260207,1.2315271,6.48,[0.04878385],0.09252135728133933,13.310589205243005,0.9999992256170526,0.000726772278091514,1.2315270900726318,3,62,1.0541032663679157
best_model.pt,63636832,20260207,27.027027,1.03,[29.27208641],0.0,0.0,0.0,0.0,0.0,0,61,-1.0
best_model.pt,63636929,20260207,35.30304,2.32,[2.89677335],8.969620058890625,3.935845150982062,1.0,0.039257569659218006,35.30303955078125,40,7,0.6964850276873517
best_model.pt,63638951,20260207,2.47032,2.53,[7.28412858],0.0,0.0,0.0,0.0,0.0,0,49,-1.0
best_model.pt,63639342,20260207,6.451613,2.04,[0.61053511],1.629643342194076,3.9589085681635257,0.9999998521805041,0.19061791383219953,6.45161294937134,17,14,0.940641491271139
best_model.pt,63639367,20260207,6.451613,2.08,[2.37608465],1.6744212146114357,3.8530383155890533,0.9999998521805039,0.3590277777777778,6.451612949371338,13,8,0.8524223350565681
best_model.pt,63639383,20260207,481.31552,2.49,[167.08888021],0.0,0.0,0.0,0.0,0.0,0,72,-1.0
best_model.pt,63639592,20260207,10.83412,6.06,[2.02456428],0.307823358837084,35.195784497635834,0.9999999119749229,0.007298056867022385,10.834119796752931,17,13,4.807885285472887
best_model.pt,63639615,20260207,2473.591,2.49,[1856.10689493],0.0,0.0,0.0,0.0,0.0,0,72,-1.0
best_model.pt,63640115,20260207,4.347826,2.41,[0.10931371],0.601115493,5.476758728694539,0.7571989483545501,0.011335782117063625,3.2921699999999996,23,72,1.2725139143747324
best_model.pt,63645350,20260207,12.57633,2.45,[0.77748715],5.664190619975187,2.220322162227911,0.9999999241691152,0.043602479151957196,12.576330184936522,102,8,-0.09374607387169129
best_model.pt,63646194,20260207,576.4706,1.72,[124.39169232],0.0,0.0,0.0,0.0,0.0,0,62,-1.0
best_model.pt,63650409,20260207,3.00871,3.45,[0.04392597],0.0,0.0,0.0,0.0,0.0,0,40,-1.0
best_model.pt,63652241,20260207,117.5,8.5,[11.38690416],0.0,0.0,0.0,0.0,0.0,0,72,-1.0
best_model.pt,63653084,20260207,1000.0,1.23,[6.04002327],9.9083066351,2.94132672029272,0.029143569999999997,0.0007812370319057356,29.143569999999997,20,72,1.3913224997413518
best_model.pt,63654692,20260207,1000.0,1.73,[2.86550014],73.00495635840001,3.343167922170114,0.24406783159999992,0.04850765173908148,244.06783159999992,369,70,0.9324669857290354
best_model.pt,63654752,20260207,1000.0,1.4,[0.82914955],34.4309028396,5.063103798033356,0.17432724000000002,0.007648216988813116,174.32724000000002,44,72,2.6165027744696436
best_model.pt,63654992,20260207,500.0,1.34,[4.73557789],4.109756846000001,3.266837245184007,0.026851820000000002,0.0008601237307591363,13.425910000000002,3,72,1.4379381819470456
best_model.pt,63655156,20260207,1000.0,1.26,[14.81642974],9.0358303351,67.56208890581775,0.61047964,0.0005196379753129093,610.47964,15,72,52.620705886654484
best_model.pt,63659280,20260207,31.39251,7.5,[1.42889271],0.5235961806,7.128667109557005,0.11889937559531523,1.0528250591750543e-05,3.73255,3,41,-0.04951105205906595
best_model.pt,63664633,20260207,12.5,7.5,[0.21438552],0.027078208200000002,16.195082099926392,0.035083997323303424,3.232696859006888e-05,0.43855,2,66,1.1593442799901856
best_model.pt,63670871,20260207,3.54614,1.3,[4.31574796],3.2881757370873874,1.078451749726124,0.9999997310669991,0.016363636363636365,3.54613995552063,9,1,-0.17042170055115402
best_model.pt,63681662,20260207,29.74327,6.51,[2.48576065],3.8815711836501507,7.66268652668813,0.9999999358729402,0.0014840828289712446,29.743270874023438,9,3,0.1770639412103801
best_model.pt,63681685,20260207,52.66818,6.51,[7.81831667],3.9641091590511155,13.28625503458681,1.0,9.560321303662708e-05,52.66817855834961,3,28,1.040899319118591
best_model.pt,63683340,20260207,85.97987,6.85,[0.28017244],0.0,0.0,0.0,0.0,0.0,0,36,-1.0
best_model.pt,63683627,20260207,71.41286,1.1,[133.85937681],0.0,0.0,0.0,0.0,0.0,0,63,-1.0
best_model.pt,63684378,20260207,64.88098,8.26,[5.67505281],0.0,0.0,0.0,0.0,0.0,0,21,-1.0
best_model.pt,63695352,20260207,244.34483,1.0,[278.00997445],0.0,0.0,0.0,0.0,0.0,0,55,-1.0
best_model.pt,63697940,20260207,1000.0,9.0,[1.7965916],0.0354582396,17.509399722153095,0.00062087,1.152604887044721e-05,0.62087,1,72,0.9454888580170105
best_model.pt,63698176,20260207,35.21127,8.2,[0.15586578],0.0,0.0,0.0,0.0,0.0,0,45,-1.0
best_model.pt,63698780,20260207,1000.0,9.0,[0.8727],0.11262048529999999,20.014303309849886,0.002254040566,1.5127087949646517e-05,2.254040566,2,72,1.2238114788722096
best_model.pt,63698963,20260207,1000.0,9.5,[0.13417635],0.4592169973,0.6526312160283445,0.0002997,7.936507936507937e-05,0.2997,1,72,-0.9313019772601742
best_model.pt,63699826,20260207,1000.0,9.0,[0.003103],0.0,0.0,0.0,0.0,0.0,0,72,-1.0
best_model.pt,63699827,20260207,1000.0,9.0,[0.0366266],0.0,0.0,0.0,0.0,0.0,0,72,-1.0
best_model.pt,63699925,20260207,1000.0,9.0,[0.413971],0.0,0.0,0.0,0.0,0.0,0,72,-1.0
best_model.pt,63704769,20260207,1000.0,7.57,[1.55878626],1.2281201625000002,6.361326747351769,0.007812479999999999,2.346096096096096e-05,7.812479999999999,1,72,-0.15966623472933716
best_model.pt,63705909,20260207,162.7391,2.0,[63.65937628],0.0,0.0,0.0,0.0,0.0,0,71,-1.0
best_model.pt,63707085,20260207,662.2353,1.5,[429.3060518],0.0,0.0,0.0,0.0,0.0,0,22,-1.0
best_model.pt,63708107,20260207,17.33141,5.0,[1.70037433],0.0,0.0,0.0,0.0,0.0,0,72,-1.0
best_model.pt,63711593,20260207,132.71461,3.93,[7.46426469],0.8278367379999999,42.663880104484925,0.2661257016424674,0.0001381136093682423,35.31877,4,72,9.855948951595966
best_model.pt,63716161,20260207,41.273586,3.72,[0.99299883],3.0972887974,4.953191662232671,0.37170188939854926,2.3749233624041322e-05,15.34147,5,72,0.3315031247682959
best_model.pt,63731046,20260207,22.96911,1.0,[27.71091902],0.0,0.0,0.0,0.0,0.0,0,61,-1.0
best_model.pt,63735016,20260207,23.809525,3.03,[2.22599183],2.90955770659111,8.183208155311107,0.9999999198913662,0.01947087688706917,23.80952453613281,13,7,1.7007287896302234
best_model.pt,63736484,20260207,32.258064,8.5,[1.34077429],0.0,0.0,0.0,0.0,0.0,0,72,-1.0
best_model.pt,63741668,20260207,29.411764,4.71,[0.34192044],2.074969265507593,14.174547285718601,0.9999999351501494,0.005348006133534205,29.41176414489746,7,70,2.0094579980715266
best_model.pt,63751749,20260207,419.55008,1.0,[617.85063009],38.091273632100005,0.5042448745942919,0.04578078028242593,0.00034475328592975654,19.20733,8,65,-0.4957551254057081
best_model.pt,63769539,20260207,9.615385,5.2,[0.58430765],0.0,0.0,0.0,0.0,0.0,0,72,-1.0
best_model.pt,63774452,20260207,7.52313,2.17,[0.51419074],1.2923248372361473,5.821387859986162,0.9999998732343849,0.02998122821131671,7.52312994003296,7,3,1.6826671222649323
best_model.pt,63774454,20260207,44.39334,2.28,[15.6762113],0.0,0.0,0.0,0.0,0.0,0,65,-1.0
best_model.pt,63775347,20260207,1000.0,3.0,[0.18938951],2.6450978453999996,16.55846248474568,0.04379877000000001,0.0033087318649456837,43.798770000000005,71,72,4.519487494915226
best_model.pt,63781958,20260207,23.10231,9.0,[0.81840731],0.0,0.0,0.0,0.0,0.0,0,65,-1.0
best_model.pt,63782676,20260207,1000.0,7.35,[1.20337855],0.0,0.0,0.0,0.0,0.0,0,69,-1.0
best_model.pt,63786660,20260207,72.20216,3.82,[1.05783151],0.0,0.0,0.0,0.0,0.0,0,72,-1.0
best_model.pt,63786819,20260207,72.20216,3.82,[1.02745693],1.7364354183,3.9823168456521656,0.09577330714197708,3.840417058755143e-05,6.915039999999999,3,72,0.04249133906962583
best_model.pt,63786866,20260207,72.20216,3.82,[2.75334866],0.0,0.0,0.0,0.0,0.0,0,72,-1.0
best_model.pt,63788574,20260207,1000.0,7.7,[1.75649153],0.58558899,2.87040425673943,0.00168088,1.4512945547428308e-05,1.6808800000000002,1,72,-0.6272202171634375
best_model.pt,63789710,20260207,2299.1038,7.8,[86.36392457],0.0,0.0,0.0,0.0,0.0,0,72,-1.0
best_model.pt,63791228,20260207,6.381039,4.4,[2.6715755],0.5504274129063097,11.592859294665047,0.9999998505456318,0.002514099868898946,6.381039142608643,10,30,1.634740691681044
best_model.pt,63795480,20260207,1038.258,1.7,[945.85151025],0.0,0.0,0.0,0.0,0.0,0,65,-1.0
best_model.pt,63796033,20260207,72.20216,3.82,[0.01603254],0.0,0.0,0.0,0.0,0.0,0,72,-1.0
best_model.pt,63797111,20260207,322.05246,3.93,[137.49512947],4.1721661802,9.111597967696413,0.118040116922036,3.0076169114552136e-05,38.01510999999999,8,72,1.3184727259342648
best_model.pt,63800765,20260207,199.22997,2.25,[100.40840067],1.179379016,4.443164992546389,0.02630216792176605,8.682816705739342e-05,5.2401800000000005,4,66,0.9747399966872842
best_model.pt,63801794,20260207,10.37795,4.66,[0.35778279],1.3337250546000001,4.790399031318436,0.6156398506975236,0.0068779259955730546,6.38908,8,34,0.027982658406897242
best_model.pt,63815076,20260207,72.20216,3.82,[5.7805575],0.2725691472,0.4394098225001803,0.0016588145544197278,8.669718407546123e-06,0.11976999999999999,1,72,-0.8849712486441943
best_model.pt,63817404,20260207,2.7526882,1.93,[0.11866232],0.5206664882820193,5.286844735710438,0.9999996535481219,0.0003440223354855125,2.75268816947937,6,6,1.7392978649701185
best_model.pt,63818001,20260207,280.73956,5.0,[35.34906735],0.0,0.0,0.0,0.0,0.0,0,72,-1.0
best_model.pt,63818646,20260207,1000.0,7.5,[3.07912534],2.1754320190000005,5.891397201413902,0.01281634,0.0003251621382779798,12.81634,30,72,-0.21448037314481308
best_model.pt,63819872,20260207,126.29789,6.79,[24.18579015],0.0,0.0,0.0,0.0,0.0,0,67,-1.0
best_model.pt,63820079,20260207,68.49315,2.7,[26.97452155],0.0,0.0,0.0,0.0,0.0,0,61,-1.0
best_model.pt,63820271,20260207,68.49315,2.7,[3.14900658],9.05625406867988,7.563076380278575,0.9999999999999998,0.016996496913842783,68.49314880371092,149,7,1.8011393506332751
best_model.pt,63820716,20260207,371.34915,7.1,[35.57215925],0.0,0.0,0.0,0.0,0.0,0,72,-1.0
best_model.pt,63822723,20260207,1000.0,7.57,[1.38447979],0.23490230499999998,7.895120930716578,0.00185459,0.0007716049382716049,1.85459,1,72,0.04294858014301038
best_model.pt,63823693,20260207,16.79295,1.89,[5.18916694],5.883282010515332,2.8543501386044547,0.9999998864196908,0.022886835070559712,16.792949676513672,31,7,0.5102381800045425
best_model.pt,63826134,20260207,1000.0,7.35,[43.93083679],0.0,0.0,0.0,0.0,0.0,0,72,-1.0
best_model.pt,63835004,20260207,26.35564,6.0,[0.56415225],0.0,0.0,0.0,0.0,0.0,0,72,-1.0
best_model.pt,63835646,20260207,8.16765,2.16,[3.41438216],0.0,0.0,0.0,0.0,0.0,0,24,-1.0
best_model.pt,63837272,20260207,98.75586,1.18,[70.72898557],0.0,0.0,0.0,0.0,0.0,0,45,-1.0
best_model.pt,63837886,20260207,132.86555,2.15,[61.8911344],0.0,0.0,0.0,0.0,0.0,0,72,-1.0
best_model.pt,63840924,20260207,8.088235,1.74,[2.04844641],2.3949323283399635,3.377227585301735,0.9999998820911836,0.014487113082074322,8.088234901428223,9,8,0.9409353832135247
best_model.pt,63848165,20260207,36.14132,1.05,[29.12192451],0.0,0.0,0.0,0.0,0.0,0,44,-1.0
best_model.pt,63848591,20260207,354.54544,2.7,[15.07816119],0.0,0.0,0.0,0.0,0.0,0,72,-1.0
best_model.pt,63862766,20260207,4.5454545,2.97,[0.00097594],0.32151306879999997,3.608737883012354,0.2552571488792407,0.0018414262776966282,1.16026,6,71,0.2150632485687258
best_model.pt,63864374,20260207,2.05838,6.0,[0.00826127],0.0,0.0,0.0,0.0,0.0,0,42,-1.0
best_model.pt,63864918,20260207,11.45841,5.19,[0.2422438],0.18111579,7.276906795885683,0.11502205454758067,0.0005475230394477972,1.31797,3,38,0.4021014866390737
best_model.pt,63865915,20260207,49.26318,8.5,[8.13145602],0.0,0.0,0.0,0.0,0.0,0,65,-1.0
best_model.pt,63866696,20260207,4.347826,2.54,[0.84073868],0.3987220922,7.29415992425432,0.6689203660342438,0.029411764705882353,2.90835,3,34,1.8717165487407923
best_model.pt,63872859,20260207,1000.0,1.02,[1.87255237],297.97778063819993,1.410613356100355,0.42033143859999994,0.004305281276134171,420.33143859999996,334,72,0.38295429654717156
best_model.pt,63873690,20260207,5339.067,1.0,[2656.23472774],47.011835155200004,0.29810380313022217,0.0026248794830337884,0.0008693492300049677,14.014407150000002,14,66,-0.7018961968697779
best_model.pt,63877699,20260207,29.96146,9.0,[0.33203642],0.0,0.0,0.0,0.0,0.0,0,33,-1.0
best_model.pt,63886464,20260207,1.45776,5.0,[0.04546823],0.1478925825402574,9.856816985214447,0.9999993443489075,0.001443001443001443,1.457759976387024,1,11,0.9713633970428894
best_model.pt,63886585,20260207,1.2520868,5.0,[0.09330901],0.0796095186,7.120792703892774,0.452755820887451,7.507507507507509e-05,0.56689,1,72,0.4241585407785548
best_model.pt,63886628,20260207,2.4251,5.0,[0.77210164],0.3824701066084828,6.340609908088991,0.9999996067486262,0.009389671361502348,2.425100088119507,4,2,0.26812198161779827
best_model.pt,63887366,20260207,19.94432,5.05,[2.06872116],2.043938820613652,9.757782728027214,0.9999999043663366,0.004164354164354164,19.944320678710938,3,39,0.9322341305906537
best_model.pt,63887879,20260207,62.70501,4.92,[6.102117],0.0,0.0,0.0,0.0,0.0,0,72,-1.0
best_model.pt,63890282,20260207,42.79496,8.01,[0.0635166],1.1877165698,24.724059613721817,0.6861836063153868,0.00015432098765432096,29.3652,2,72,2.0866490520903764
best_model.pt,63890317,20260207,2.10644,8.01,[0.01790272],0.0,0.0,0.0,0.0,0.0,0,72,-1.0
best_model.pt,63891398,20260207,62.13514,6.0,[30.61322416],0.0,0.0,0.0,0.0,0.0,0,65,-1.0
best_model.pt,63893095,20260207,68.181816,3.3,[2.79443213],0.0,0.0,0.0,0.0,0.0,0,69,-1.0
best_model.pt,63893625,20260207,4.9261084,8.0,[0.54881839],0.0,0.0,0.0,0.0,0.0,0,72,-1.0
best_model.pt,63893649,20260207,36.47676,4.76,[2.20193781],0.0,0.0,0.0,0.0,0.0,0,72,-1.0
best_model.pt,63893761,20260207,1000.0,8.0,[0.38915863],0.0,0.0,0.0,0.0,0.0,0,72,-1.0
best_model.pt,63894784,20260207,164.6519,1.76,[82.57485252],0.0,0.0,0.0,0.0,0.0,0,58,-1.0
best_model.pt,63895426,20260207,2.45433,6.5,[1.25081534],0.0,0.0,0.0,0.0,0.0,0,72,-1.0
best_model.pt,63909258,20260207,1000.0,8.49,[0.07855487],0.0,0.0,0.0,0.0,0.0,0,72,-1.0
best_model.pt,63920345,20260207,23.28086,2.28,[12.20284942],0.0,0.0,0.0,0.0,0.0,0,57,-1.0
best_model.pt,63921353,20260207,1000.0,1.02,[1.68599384],10.5327029424,1.78388785375075,0.018789162629999998,0.00022644927536231884,18.78916263,3,72,0.7489096932436816
best_model.pt,63924789,20260207,7.31947,2.53,[4.27436582],1.5729615989970762,4.653301949714738,0.9999998697072053,0.12698412698412698,7.319469928741455,2,9,0.8392498032949
best_model.pt,63924884,20260207,6.451613,2.04,[0.06248721],0.2868417214321963,22.49181334341916,0.9999998521805037,0.14484126984126985,6.451612949371337,7,6,10.025398903923897
best_model.pt,63929252,20260207,5.68214,4.3,[4.092076],0.0,0.0,0.0,0.0,0.0,0,51,-1.0
best_model.pt,63930481,20260207,154.00256,5.0,[2.6122427],0.0,0.0,0.0,0.0,0.0,0,72,-1.0
best_model.pt,63931270,20260207,17.857143,1.05,[9.99743162],0.0,0.0,0.0,0.0,0.0,0,72,-1.0
best_model.pt,63932875,20260207,77.90089,1.0,[57.15022747],9.767000479,0.4819186328701078,0.060421648704168454,0.0034875610323180655,4.7069,15,23,-0.5180813671298923
best_model.pt,63935338,20260207,45.15721,1.18,[43.84751496],0.0,0.0,0.0,0.0,0.0,0,45,-1.0
best_model.pt,63937480,20260207,27.78555,6.0,[15.92798454],0.0,0.0,0.0,0.0,0.0,0,62,-1.0
best_model.pt,63937984,20260207,500.0,1.36,[79.24994012],0.0,0.0,0.0,0.0,0.0,0,72,-1.0
best_model.pt,63940373,20260207,12.25487,2.1,[9.11345298],2.669671775,2.9291792137334136,0.6381095129369555,7.115209471766849e-06,7.81995,1,72,0.3948473079792471
best_model.pt,63942050,20260207,5.75402,2.0,[6.88059561],0.0,0.0,0.0,0.0,0.0,0,28,-1.0
best_model.pt,63942675,20260207,7.03731,2.08,[2.40745589],1.697917026588422,4.144670127322618,0.9999998644831377,0.06730451261701262,7.0373101234436035,13,12,0.9926299419943354
best_model.pt,63942969,20260207,2.16213,4.82,[0.04112297],0.0,0.0,0.0,0.0,0.0,0,59,-1.0
best_model.pt,63942976,20260207,0.7507508,4.82,[0.09498939],0.0,0.0,0.0,0.0,0.0,0,52,-1.0
best_model.pt,63949306,20260207,37.5,7.5,[0.04496522],0.0,0.0,0.0,0.0,0.0,0,29,-1.0
best_model.pt,63950119,20260207,1127.645,1.49,[1214.67691517],0.0,0.0,0.0,0.0,0.0,0,62,-1.0
best_model.pt,63950199,20260207,1000.0,1.86,[1.08340723],0.0,0.0,0.0,0.0,0.0,0,45,-1.0
best_model.pt,63952722,20260207,1000.0,6.0,[1.3205694],0.3463649248999999,1.2624221049638251,0.00043726,0.00044976753588033143,0.43726000000000004,3,72,-0.7895963158393625
best_model.pt,63953184,20260207,10.204082,8.1,[0.37245729],0.0963606753,22.735387208445513,0.21470034198163024,0.0009646161957838239,2.19082,3,72,1.8068377947804775
best_model.pt,63953504,20260207,24.7436,9.2,[9.36765972],0.0677398953,29.088632373006142,0.07963634155038853,0.0005330490405117271,1.9704899999999999,1,67,2.1618079321818637
best_model.pt,63957756,20260207,1000.0,9.68,[0.4771472],0.0,0.0,0.0,0.0,0.0,0,72,-1.0
best_model.pt,63959710,20260207,6.7463,9.0,[1.01165201],0.30705332206473135,21.971031624388885,0.9999998586374531,0.0009700046885275576,6.746300220489502,3,60,1.4412257360432095
best_model.pt,63965582,20260207,1000.0,2.13,[0.65737985],54.889753037099986,8.44340493285413,0.46345641999999987,0.006233319233433833,463.45641999999987,170,72,2.9640396615989633
best_model.pt,63966360,20260207,1000.0,5.63,[29.11323833],1.6174068068999998,8.986243257881485,0.014534420000000001,0.00043717831442727673,14.53442,11,72,0.5961355373389465
best_model.pt,63974967,20260207,16.666666,7.15,[0.09070365],0.2664425295,22.816204286920016,0.3647537721714956,0.0017504392909967787,6.07923,13,68,2.191077480083238
best_model.pt,63985726,20260207,4994.146,1.0,[6089.8904525],54.17588963359999,0.3700347657518127,0.004014092302403663,0.0008875364523900089,20.046962999999998,14,66,-0.6299652342481873
best_model.pt,63987649,20260207,5.0761423,2.07,[1.53290255],0.008562275351535474,592.780461063417,0.9999998211860657,0.09090909090909091,5.076142311096191,1,1,285.3673817297112
best_model.pt,63987864,20260207,138.914,3.0,[5.55396446],0.0,0.0,0.0,0.0,0.0,0,22,-1.0
best_model.pt,63993604,20260207,23.71317,4.5,[6.43865063],2.3974625588,8.031638240890704,0.8120196154170055,0.0010097942684468982,19.25556,29,37,0.784808497975712
best_model.pt,63993812,20260207,82.35294,2.06,[7.23096445],0.0,0.0,0.0,0.0,0.0,0,51,-1.0
best_model.pt,63996813,20260207,2738.0024,2.3,[826.7561496],0.0,0.0,0.0,0.0,0.0,0,40,-1.0
best_model.pt,63997228,20260207,3.88989,3.37,[0.4332658],0.7476744927203705,5.202644721398462,0.9999997548326319,0.017687074829931974,3.88988995552063,4,15,0.5438115424550957
best_model.pt,64002649,20260207,59.33854,2.0,[24.47118861],0.0,0.0,0.0,0.0,0.0,0,69,-1.0
best_model.pt,64003921,20260207,896.7005,2.57,[225.29016801],0.0,0.0,0.0,0.0,0.0,0,27,-1.0
best_model.pt,64004784,20260207,16.216217,1.18,[1.13358603],2.3164572888,1.7800536361637072,0.2542775238253632,0.0014619883040935672,4.123419999999999,4,72,0.508520097702318
best_model.pt,64005031,20260207,1000.0,8.49,[1.23163433],0.0,0.0,0.0,0.0,0.0,0,71,-1.0
best_model.pt,64005575,20260207,1000.0,6.38,[2.12911158],1.0910413468,5.802222084749608,0.00633047,0.00020190209146010485,6.33047,10,72,-0.09056081807640236
best_model.pt,64007547,20260207,41.666668,6.5,[0.06815347],0.4647133077840551,89.66082438243804,1.0,0.0037878787878787876,41.66666793823242,2,19,12.793972981913544
best_model.pt,64009920,20260207,650.6763,2.3,[108.4192968],0.0,0.0,0.0,0.0,0.0,0,24,-1.0
best_model.pt,64020441,20260207,193.6996,2.61,[10.76953842],0.0,0.0,0.0,0.0,0.0,0,50,-1.0
best_model.pt,64020537,20260207,40000.0,1.56,[1525.46249437],0.3306874436,0.5203387155800808,4.30175e-06,8.640055296353896e-06,0.17207,2,72,-0.6664495290602617
best_model.pt,64020651,20260207,1000.0,7.0,[3.2944724],1.9660205238,5.904309723712294,0.011608,9.384384384384384e-05,11.608,1,72,-0.15652718232681512
best_model.pt,64021638,20260207,380.56766,3.0,[151.39981392],0.0,0.0,0.0,0.0,0.0,0,57,-1.0
best_model.pt,64021769,20260207,502.20883,2.57,[116.80017469],0.0,0.0,0.0,0.0,0.0,0,41,-1.0
best_model.pt,64024543,20260207,33.333332,3.62,[12.36132078],0.0,0.0,0.0,0.0,0.0,0,72,-1.0
best_model.pt,64024748,20260207,106.53732,2.5,[57.40553932],0.0,0.0,0.0,0.0,0.0,0,47,-1.0
best_model.pt,64029718,20260207,1000.0,2.75,[337.58636438],40.13189606099999,2.2080727922058503,0.08861414999999999,9.860660637601475e-06,88.61415,8,72,-0.19706443919787262
best_model.pt,64040144,20260207,500.0,1.6,[21.03901784],0.0,0.0,0.0,0.0,0.0,0,59,-1.0
best_model.pt,64048419,20260207,793.6429,2.67,[3.1898602],0.2776565901,3.2639842464727926,0.0011419115814795687,0.0008000239865992302,0.9062699999999999,4,26,0.2224659749835357
best_model.pt,64070901,20260207,16.666666,7.15,[0.18408317],0.453804147265097,36.72648080641472,0.9999998855590908,0.0005131548446340499,16.66666603088379,7,39,4.136570673643799
best_model.pt,64073560,20260207,62.5,1.39,[27.03498893],0.0,0.0,0.0,0.0,0.0,0,72,-1.0
best_model.pt,64073567,20260207,1000.0,5.38,[0.0050812],0.0,0.0,0.0,0.0,0.0,0,72,-1.0
best_model.pt,64074041,20260207,1000.0,5.38,[0.0044572],0.0,0.0,0.0,0.0,0.0,0,72,-1.0
best_model.pt,64075202,20260207,16.13854,8.3,[0.23027222],0.0,0.0,0.0,0.0,0.0,0,72,-1.0
best_model.pt,64082498,20260207,130.62898,2.5,[71.42236422],0.0,0.0,0.0,0.0,0.0,0,56,-1.0
best_model.pt,64094719,20260207,72.20216,3.4,[0.29324328],0.0,0.0,0.0,0.0,0.0,0,72,-1.0
best_model.pt,64101541,20260207,72.20216,3.4,[2.87394336],3.3785390795000003,15.186458882439311,0.7106166543127717,0.00010123393240028797,51.30806,4,72,3.466605428373713
best_model.pt,64101770,20260207,72.20216,3.4,[4.90549062],0.0,0.0,0.0,0.0,0.0,0,72,-1.0
best_model.pt,64102891,20260207,1000.0,1.19,[4.14786939],0.0,0.0,0.0,0.0,0.0,0,71,-1.0
best_model.pt,64104600,20260207,1000.0,3.32,[1.96863788],53.8612709246,3.7919821181704636,0.20424098000000002,0.004331964752379853,204.24098,93,3,0.14216331157171405
best_model.pt,64105048,20260207,11.61668,2.37,[4.91413283],2.9222264084000003,1.8821841120884886,0.47347172166952506,0.0011218166784142103,5.50017,20,40,-0.20582945022190072
best_model.pt,64105743,20260207,250.0,2.0,[10.78450976],0.0,0.0,0.0,0.0,0.0,0,44,-1.0
best_model.pt,64107218,20260207,2941.1765,1.0,[3.57835713],0.0,0.0,0.0,0.0,0.0,0,11,-1.0
best_model.pt,64111322,20260207,23.809525,8.81,[0.11075784],0.0,0.0,0.0,0.0,0.0,0,58,-1.0
best_model.pt,64112353,20260207,13.76477,3.15,[1.38116265],0.9119356051,2.679659952603869,0.1775314741799026,0.004850241005764261,2.4436799999999996,6,72,-0.14931432651550433
best_model.pt,64114440,20260207,609.66254,1.0,[43.12131347],31.9080690769,0.6197150110409033,0.032434189100075075,0.0006838974572396199,19.77391,11,72,-0.3802849889590967
best_model.pt,64114731,20260207,814.72974,1.0,[1020.60950392],23.740811047100003,0.42520293661282266,0.012390198307349451,0.0006825006825006824,10.094662999999999,10,66,-0.5747970633871773
best_model.pt,64115407,20260207,17.81497,1.0,[39.86770342],6.4073281054999995,0.36077279033720144,0.12975546691197254,0.0006561679790026247,2.31159,6,72,-0.6392272096627986
best_model.pt,64115681,20260207,6.81994,1.8,[8.57085682],0.0,0.0,0.0,0.0,0.0,0,12,-1.0
best_model.pt,64116760,20260207,1000.0,9.0,[0.16845799],0.7974112382,4.4445141800182615,0.00354411,0.00024186798071308246,3.54411,9,72,-0.506165091109082
best_model.pt,64117240,20260207,46.2065,3.0,[17.64888945],0.0,0.0,0.0,0.0,0.0,0,72,-1.0
best_model.pt,64117651,20260207,1000.0,1.0,[151.93433458],0.0,0.0,0.0,0.0,0.0,0,67,-1.0
best_model.pt,64117807,20260207,1000.0,1.0,[2.98939096],123.77750960480002,2.142037424282454,0.26513605999999995,0.0024849899988609544,265.13605999999993,467,67,1.1420374242824538
best_model.pt,64119370,20260207,1000.0,9.0,[0.0704014],0.0,0.0,0.0,0.0,0.0,0,72,-1.0
best_model.pt,64119946,20260207,1000.0,9.0,[0.04198256],0.0,0.0,0.0,0.0,0.0,0,72,-1.0
best_model.pt,64120353,20260207,1000.0,9.0,[2.88141195],2.2620887512000003,2.2154647035297526,0.005011580000000001,8.58908487673165e-05,5.01158,10,72,-0.7538372551633609
best_model.pt,64120867,20260207,1000.0,9.0,[1.47208255],0.18980580620000004,1.1747207830105726,0.00022297000000000004,1.6950259124769353e-05,0.22297000000000003,2,72,-0.8694754685543808
best_model.pt,64121070,20260207,1000.0,9.0,[0.11556819],0.0,0.0,0.0,0.0,0.0,0,72,-1.0
best_model.pt,64121508,20260207,41.666668,2.76,[9.17517871],0.0,0.0,0.0,0.0,0.0,0,66,-1.0
best_model.pt,64123385,20260207,1000.0,9.0,[0.02230891],0.0,0.0,0.0,0.0,0.0,0,72,-1.0
best_model.pt,64124603,20260207,80.0,2.98,[17.45758452],0.0,0.0,0.0,0.0,0.0,0,36,-1.0
best_model.pt,64125620,20260207,1000.0,7.5,[6.03681066],3.7331280367,8.208378735037687,0.030642937000000006,0.00032219194197084144,30.642937000000007,55,72,0.09445049800502497
best_model.pt,64126534,20260207,333.33334,6.0,[10.33752043],8.913543563100001,12.974619600687639,0.34694953941194034,0.00023881234911570876,115.64985,9,72,1.1624366001146065
best_model.pt,64136664,20260207,185.32,8.0,[74.34889725],0.0,0.0,0.0,0.0,0.0,0,72,-1.0
best_model.pt,64142416,20260207,111.111115,3.54,[0.26092889],5.8110901333,12.71965424469692,0.6652356096986202,0.12236594337593291,73.91506999999999,75,56,2.5931227067129026
best_model.pt,64142620,20260207,10.989011,2.07,[1.0374107],3.2790272965670395,3.3513010004692347,0.9999999132156433,0.021551450517361775,10.98901081085205,6,3,0.6189860427769146
best_model.pt,64142626,20260207,161.11707,1.78,[76.34240574],0.0,0.0,0.0,0.0,0.0,0,24,-1.0
best_model.pt,64143069,20260207,111.111115,3.21,[0.07414306],2.1604546182000006,33.97836983161961,0.6606788198376825,0.09433683755208677,73.40876,220,71,9.585161815522657
best_model.pt,64144354,20260207,1000.0,9.5,[1.8227836],0.5833793448,10.631794600701468,0.00620238,0.00011574074074074075,6.202380000000001,1,72,0.11913627375804929
best_model.pt,64150026,20260207,34.93014,9.0,[0.85200023],0.0,0.0,0.0,0.0,0.0,0,72,-1.0
best_model.pt,64157057,20260207,319.69867,3.0,[1.47537276],0.31527859519999996,1.8891485813478364,0.001863035592407172,0.0010570824524312897,0.59561,1,43,-0.3702838062173879
best_model.pt,64162199,20260207,209.54996,1.0,[0.56934478],7.316907941600001,2.0825243448592046,0.07271603009670236,0.0004319322169754853,15.237640999999998,8,65,1.0825243448592046
best_model.pt,64162266,20260207,1000.0,2.09,[74.27437605],0.0,0.0,0.0,0.0,0.0,0,42,-1.0
best_model.pt,64163843,20260207,118.75,1.9,[14.02769825],0.0,0.0,0.0,0.0,0.0,0,35,-1.0
best_model.pt,64164423,20260207,1000.0,1.03,[3.5592246],0.0,0.0,0.0,0.0,0.0,0,72,-1.0
best_model.pt,64165844,20260207,1000.0,4.75,[46.44669758],0.0,0.0,0.0,0.0,0.0,0,72,-1.0
best_model.pt,64168025,20260207,1000.0,3.32,[4.54504968],98.74605050190004,4.06621210562808,0.40152238999999973,0.004093631896904465,401.52238999999975,224,19,0.2247627070451239
best_model.pt,64168581,20260207,760.80664,1.0,[34.04220685],0.0,0.0,0.0,0.0,0.0,0,41,-1.0
best_model.pt,64169222,20260207,159.72878,1.0,[167.88089814],1.157385012,0.3967388539684546,0.0028747481468496565,3.1764182707578934e-05,0.45918000000000003,1,66,-0.6032611460315453
best_model.pt,64169699,20260207,8.33142,3.52,[0.03167758],0.0,0.0,0.0,0.0,0.0,0,72,-1.0
best_model.pt,64169776,20260207,2.2580645,3.34,[0.18611519],0.31974957039870555,7.061956154206291,0.999999577658694,0.03298789346246973,2.2580645084381104,7,5,1.1143581843362602
best_model.pt,64170247,20260207,4.5454545,2.5,[0.04801175],0.04852292009891354,93.67451130988665,0.9999997901916924,0.2222222222222222,4.545454502105713,3,9,36.469804523954664
best_model.pt,64170856,20260207,81.96722,8.64,[0.83031726],0.0,0.0,0.0,0.0,0.0,0,69,-1.0
best_model.pt,64170903,20260207,348.6739,8.64,[6.85292894],0.0,0.0,0.0,0.0,0.0,0,65,-1.0
best_model.pt,64171740,20260207,164.7887,1.0,[266.06601628],2.3108221894,0.33390265578923045,0.0046822993164926975,0.0018115942028985507,0.77159,3,72,-0.6660973442107696
best_model.pt,64172255,20260207,102.14761,1.0,[2.01183042],41.67139999801594,2.451264202282377,0.9999999999999997,0.008311412387596485,102.1476135253906,66,19,1.4512642022823772
best_model.pt,64172392,20260207,129.05164,1.0,[14.98830036],0.0,0.0,0.0,0.0,0.0,0,43,-1.0
best_model.pt,64175878,20260207,1000.0,8.0,[1.27141677],0.0,0.0,0.0,0.0,0.0,0,72,-1.0
best_model.pt,64177389,20260207,7.38779,3.93,[4.29372054],0.2212709066,28.46556572310929,0.8525728281083185,7.796540292121907e-05,6.29863,5,72,6.243146371393665
best_model.pt,64178983,20260207,4.4334974,3.12,[2.10552678],1.1185297116045176,3.963679658410317,0.9999997848935007,0.04935843883212304,4.433497428894043,10,9,0.2704101935247518
best_model.pt,64184353,20260207,0.83752096,3.05,[0.07571914],0.0,0.0,0.0,0.0,0.0,0,20,-1.0
best_model.pt,64188787,20260207,125.0,1.2,[5.286193],43.20671769808668,2.89306857281748,0.9999999999999997,0.10647736161452769,124.99999999999996,149,11,1.4108903815477236
best_model.pt,64190160,20260207,111.111115,2.0,[24.9558895],0.0,0.0,0.0,0.0,0.0,0,69,-1.0
best_model.pt,64190436,20260207,111.111115,2.0,[74.29364538],0.0,0.0,0.0,0.0,0.0,0,68,-1.0
best_model.pt,64190638,20260207,105.33542,1.76,[48.29596847],0.0,0.0,0.0,0.0,0.0,0,58,-1.0
best_model.pt,64193332,20260207,61.98347,6.9,[3.1744757],0.0,0.0,0.0,0.0,0.0,0,46,-1.0
best_model.pt,64193931,20260207,720.20166,1.8,[843.92260453],1.9835646048000002,1.8885485768330355,0.0052014042833326436,9.454923651491515e-06,3.7460599999999995,1,33,0.04919368159027156
best_model.pt,64196611,20260207,500.0,1.2,[6.22487524],15.8795845439,3.298574125577308,0.10475998,0.0006810740766751125,52.37999,14,70,1.7488116620864615
best_model.pt,64198178,20260207,1000.0,8.0,[0.12623137],0.0,0.0,0.0,0.0,0.0,0,59,-1.0
best_model.pt,64210201,20260207,72.20216,3.4,[0.64618709],0.0,0.0,0.0,0.0,0.0,0,72,-1.0
best_model.pt,64210247,20260207,72.20216,3.4,[10.80544793],2.6899011064000002,0.9580199940617438,0.035691174170898815,2.747554676338059e-05,2.5769800000000003,2,72,-0.7182294214147037
best_model.pt,64213358,20260207,1000.0,1.03,[0.44383522],0.0,0.0,0.0,0.0,0.0,0,67,-1.0
best_model.pt,64213628,20260207,4.5454545,2.5,[0.00124408],0.0,0.0,0.0,0.0,0.0,0,44,-1.0
best_model.pt,64215562,20260207,250.0,1.0,[0.12904759],0.11542123519999997,1.1221408056738102,0.00051808,0.0008189297510128154,0.12952,3,71,0.12214080567381025
best_model.pt,64218012,20260207,833.3333,5.0,[4.91152227],0.0,0.0,0.0,0.0,0.0,0,25,-1.0
best_model.pt,64218299,20260207,833.3333,5.0,[4.2027203],0.0,0.0,0.0,0.0,0.0,0,25,-1.0
best_model.pt,64218859,20260207,833.3333,5.0,[3.25121905],0.0,0.0,0.0,0.0,0.0,0,25,-1.0
best_model.pt,64221144,20260207,50.0,2.7,[5.91637426],0.0,0.0,0.0,0.0,0.0,0,70,-1.0
best_model.pt,64223277,20260207,320.8255,6.0,[74.70335045],0.0,0.0,0.0,0.0,0.0,0,67,-1.0
best_model.pt,64223652,20260207,62.5,2.3,[6.48428271],0.0,0.0,0.0,0.0,0.0,0,67,-1.0
best_model.pt,64224268,20260207,84.22965,3.0,[5.89004207],0.0,0.0,0.0,0.0,0.0,0,69,-1.0
best_model.pt,64225909,20260207,140.0,2.18,[60.84526442],0.0,0.0,0.0,0.0,0.0,0,65,-1.0
best_model.pt,64226179,20260207,1000.0,9.0,[0.54941744],0.0,0.0,0.0,0.0,0.0,0,72,-1.0
best_model.pt,64227028,20260207,1000.0,8.0,[0.05390942],0.0,0.0,0.0,0.0,0.0,0,72,-1.0
best_model.pt,64228972,20260207,841.61334,1.0,[43.75729825],0.0,0.0,0.0,0.0,0.0,0,72,-1.0
best_model.pt,64229089,20260207,1000.0,3.94,[8.43509239],4.8527258311,14.273142175674359,0.06926365999999999,0.011483516483516485,69.26365999999999,10,70,2.6226248650726145
best_model.pt,64229552,20260207,41.666668,1.4,[7.18596147],0.0,0.0,0.0,0.0,0.0,0,71,-1.0
best_model.pt,64229916,20260207,1000.0,9.5,[2.26966903],0.6897643285,0.8040850664473489,0.00055463,8.387010198604401e-06,0.55463,1,72,-0.9153594666897527
best_model.pt,64238938,20260207,41.666668,1.51,[3.04262653],0.0,0.0,0.0,0.0,0.0,0,29,-1.0
best_model.pt,64239841,20260207,41.666668,1.29,[12.53540546],0.0,0.0,0.0,0.0,0.0,0,29,-1.0
best_model.pt,64240263,20260207,41.666668,1.29,[18.52793201],0.0,0.0,0.0,0.0,0.0,0,29,-1.0
best_model.pt,64242045,20260207,25.0,1.67,[5.94618043],8.082269443671892,3.093190233392159,0.9999999237060606,0.0059597389329550205,25.000000000000004,20,40,0.8522097681918435
best_model.pt,64249042,20260207,833.3333,4.88,[0.32767758],0.0,0.0,0.0,0.0,0.0,0,70,-1.0
best_model.pt,64251345,20260207,169.62833,1.76,[95.44074051],0.0,0.0,0.0,0.0,0.0,0,57,-1.0
best_model.pt,64255540,20260207,1000.0,2.0,[73.34858512],0.0,0.0,0.0,0.0,0.0,0,63,-1.0
best_model.pt,64255680,20260207,606.9564,1.48,[329.98201287],0.0,0.0,0.0,0.0,0.0,0,26,-1.0
best_model.pt,64255726,20260207,1206.6909,2.0,[945.91496486],0.0,0.0,0.0,0.0,0.0,0,51,-1.0
best_model.pt,64255761,20260207,3419.8564,2.0,[2706.63781902],0.0,0.0,0.0,0.0,0.0,0,51,-1.0
best_model.pt,64255796,20260207,1000.0,2.0,[198.59441722],0.0,0.0,0.0,0.0,0.0,0,51,-1.0
best_model.pt,64259714,20260207,314.21,2.7,[23.15615653],0.0,0.0,0.0,0.0,0.0,0,23,-1.0
best_model.pt,64265671,20260207,363.78366,3.0,[0.47237063],0.447735684,1.3302684843219146,0.0016372642975360939,0.0007309941520467836,0.59561,1,72,-0.5565771718926952
best_model.pt,64265818,20260207,103.28789,3.0,[2.21127258],4.457874842,3.120501892165529,0.13467997387530795,0.000502353719265484,13.910810000000001,3,72,0.04016729738850966
best_model.pt,64267444,20260207,72.20216,3.4,[0.00528562],0.0,0.0,0.0,0.0,0.0,0,72,-1.0
best_model.pt,64269101,20260207,1000.0,2.08,[48.04075789],0.1317075048,2.48047763123646,0.00032669999999999997,0.00012121212121212121,0.3267,1,30,0.19253736645184646
best_model.pt,64272249,20260207,8.23428,6.0,[0.8628781],0.017627857800000004,178.41768512081364,0.3819762961751597,0.0006541397476872636,3.1453,5,67,28.73628085346894
best_model.pt,64273883,20260207,38.46154,1.32,[24.23472569],0.0,0.0,0.0,0.0,0.0,0,31,-1.0
best_model.pt,64273959,20260207,3.27383,2.5,[0.26976729],0.03470433836322035,94.33217168833903,0.9999997019767761,0.014285714285714285,3.273829936981201,1,10,36.73286867533561
best_model.pt,64274214,20260207,79.67624,1.6,[40.99543965],0.0,0.0,0.0,0.0,0.0,0,42,-1.0
best_model.pt,64274224,20260207,20.75117,2.6,[11.85970178],0.0,0.0,0.0,0.0,0.0,0,62,-1.0
best_model.pt,64274496,20260207,1.4749262,4.87,[0.63466097],0.26758601791926917,5.511949887406759,0.9999993534092226,0.01372480065426293,1.474926233291626,3,5,0.13181725193695368
best_model.pt,64277365,20260207,1000.0,8.4,[0.34100227],0.34610894379999996,6.325475587217151,0.00218931,0.0027541417263940732,2.18931,8,70,-0.24696715780043052
best_model.pt,64278016,20260207,1000.0,8.39,[0.0772067],0.0,0.0,0.0,0.0,0.0,0,64,-1.0
best_model.pt,64278103,20260207,34.95034,1.0,[8.63609402],28.4269766354,0.5591902946518191,0.4548193201195107,0.003968253968253968,15.89609,10,72,-0.44080970534818087
best_model.pt,64278221,20260207,131.12874,1.0,[8.56348699],0.0,0.0,0.0,0.0,0.0,0,72,-1.0
best_model.pt,64278923,20260207,285.5196,1.0,[9.06605846],4.0054525353,3.249442262978384,0.04558527803934756,0.00027279184052127496,13.015490000000002,7,72,2.249442262978384
best_model.pt,64279071,20260207,908.5176,1.0,[153.88702649],4.142368578399999,0.4758822125092498,0.00216977639999914,0.00046977778112589725,1.97128,3,68,-0.5241177874907502
best_model.pt,64279494,20260207,2330.6992,1.0,[4.55606586],0.0,0.0,0.0,0.0,0.0,0,35,-1.0
best_model.pt,64279763,20260207,367.64413,3.0,[87.83016903],0.0,0.0,0.0,0.0,0.0,0,72,-1.0
best_model.pt,64280314,20260207,148.10777,1.0,[3.05899225],18.4401896261,0.7753222453006581,0.09653166560465162,0.002367547637757419,14.29709,7,72,-0.22467775469934193
best_model.pt,64280330,20260207,818.67755,1.0,[7.66141475],7.736201250799999,0.49675536851464763,0.004694155829777697,0.0004084967320261438,3.843,2,72,-0.5032446314853524
best_model.pt,64281525,20260207,22.68966,3.15,[3.39508344],0.5944914409000001,1.554667370708363,0.04073388310829674,0.022837022132796782,0.924238,6,71,-0.5064548178919915
best_model.pt,64282626,20260207,24.252224,2.1,[11.26059665],36.9550039953,0.6179165718663605,0.9415675953576957,3.624764390314629e-05,22.83511,11,66,-0.7057540000343591
best_model.pt,64285951,20260207,64.51613,9.5,[0.23088611],0.0,0.0,0.0,0.0,0.0,0,72,-1.0
best_model.pt,64287339,20260207,31.51394,9.5,[3.41815016],1.031258213,22.664098129128664,0.7416577547523111,6.110805283523585e-05,23.37256,3,72,1.3856945399082805
best_model.pt,64287886,20260207,31.74603,2.66,[18.35447328],0.0,0.0,0.0,0.0,0.0,0,67,-1.0
best_model.pt,64287936,20260207,83.333336,2.1,[10.67199712],16.5386229219,0.5382835985653915,0.10682963673981823,2.8887540803651383e-05,8.902470000000001,6,66,-0.7436744652330955
best_model.pt,64288096,20260207,63.04892,2.59,[30.43196639],0.0,0.0,0.0,0.0,0.0,0,50,-1.0
best_model.pt,64293134,20260207,37.5,7.5,[0.42062228],0.0,0.0,0.0,0.0,0.0,0,29,-1.0
best_model.pt,64298582,20260207,300.0,1.65,[53.73150034],0.0,0.0,0.0,0.0,0.0,0,61,-1.0
best_model.pt,64301193,20260207,1000.0,3.42,[9.92824131],0.854997635,3.714590725633147,0.0031759700000000006,2.2719011268629588e-05,3.1759700000000004,1,8,0.08613761484427584
best_model.pt,64302336,20260207,336.3323,1.51,[504.98338231],0.0,0.0,0.0,0.0,0.0,0,65,-1.0
best_model.pt,64312289,20260207,16.666666,7.15,[0.03751136],0.0,0.0,0.0,0.0,0.0,0,72,-1.0
best_model.pt,64312520,20260207,500.0,1.87,[14.81921857],0.0,0.0,0.0,0.0,0.0,0,72,-1.0
best_model.pt,64313400,20260207,500.0,1.05,[21.48890643],0.0,0.0,0.0,0.0,0.0,0,72,-1.0
best_model.pt,64315646,20260207,1000.0,8.39,[5.90861679],0.0,0.0,0.0,0.0,0.0,0,67,-1.0
best_model.pt,64319351,20260207,6.45712,1.3,[3.08922341],0.0,0.0,0.0,0.0,0.0,0,72,-1.0
best_model.pt,64321572,20260207,4933.3057,1.0,[4041.43898994],15.963342102600002,0.23531628662345652,0.000761443720863352,0.0004979371176554276,3.7564346209999995,7,66,-0.7646837133765435
best_model.pt,64322287,20260207,72.20216,3.4,[22.97907177],0.0,0.0,0.0,0.0,0.0,0,72,-1.0
best_model.pt,64324670,20260207,1000.0,8.39,[4.78991067],0.0,0.0,0.0,0.0,0.0,0,68,-1.0
best_model.pt,64329429,20260207,29.27974,2.6,[8.11159126],0.0285121539,1.8700141060158204,0.0018210543418719425,3.352442254182172e-05,0.053320000000000006,1,61,-0.28076377899710325
best_model.pt,64329848,20260207,3.8860104,2.17,[0.12005748],0.2850320893834609,13.633541343593127,0.9999997545878724,0.016709183673469387,3.8860104084014893,4,7,5.282737725464644
best_model.pt,64331689,20260207,16.34884,2.54,[5.62394288],0.13281998829999997,4.257685530261938,0.03459021614648168,0.0015254237288135593,0.5655100000000001,2,59,0.6762541709472283
best_model.pt,64333572,20260207,45.454544,1.87,[1.19355252],2.205811510385697,20.60671242608687,1.0000000000000002,0.14103753576901662,45.45454406738282,76,15,10.019632285316133
best_model.pt,64333955,20260207,1000.0,3.52,[5.89101959],7.5927301545,4.329018021469049,0.03286907,0.00295512103628611,32.86907,79,9,0.22983467185405795
best_model.pt,64334757,20260207,1000.0,9.5,[0.01185847],0.0,0.0,0.0,0.0,0.0,0,72,-1.0
best_model.pt,64335100,20260207,1000.0,9.0,[0.10060933],0.0,0.0,0.0,0.0,0.0,0,72,-1.0
best_model.pt,64335156,20260207,294.11765,2.39,[4.10582843],0.0389362848,0.6068733380197071,8.034200049036866e-05,1.996213509276474e-05,0.02363,3,68,-0.7460781123923678
best_model.pt,64335303,20260207,1000.0,5.55,[0.06302217],0.0,0.0,0.0,0.0,0.0,0,72,-1.0
best_model.pt,64337049,20260207,377.05362,1.68,[643.22806558],0.0,0.0,0.0,0.0,0.0,0,45,-1.0
best_model.pt,64337926,20260207,182.01762,1.0,[25.30466673],1.376927776,0.7583115540901442,0.005736482971373176,0.00033875338753387534,1.044141,1,72,-0.24168844590985583
best_model.pt,64339571,20260207,192.88928,1.0,[2.74538121],48.9254331355,1.6545737698679435,0.4196746395941142,0.002126513943821446,80.95074,10,72,0.6545737698679435
best_model.pt,64340578,20260207,170.38144,1.0,[23.72789827],2.8076394929000004,0.8854669984589606,0.014591219627806191,0.0009311448156498372,2.486073,4,41,-0.1145330015410394
best_model.pt,64340747,20260207,166.66667,3.51,[123.3317479],0.15715120119999998,3.274150766397283,0.003087239905784915,3.7401074158849837e-06,0.51454,2,72,-0.06719351131247323
best_model.pt,64340988,20260207,299.78012,3.51,[103.91702216],15.6715911499,1.993882287205859,0.10423409634848946,0.0019677642117748623,31.247309999999995,13,72,-0.43194236677399467
best_model.pt,64341120,20260207,465.08063,1.0,[0.09031198],8.0430331074,1.8198294082245985,0.03147185484917678,0.0006694167028513533,14.63695,2,56,0.8198294082245985
best_model.pt,64343041,20260207,1000.0,8.01,[0.28946864],0.7183445903999999,7.5790678926119295,0.0054443899999999995,5.383290267011197e-05,5.444389999999999,1,72,-0.05379929138030286
best_model.pt,64343632,20260207,1016.6667,1.8,[36.6308814],0.0,0.0,0.0,0.0,0.0,0,48,-1.0
best_model.pt,64344108,20260207,51.07379,1.26,[53.05406459],0.0,0.0,0.0,0.0,0.0,0,44,-1.0
best_model.pt,64348023,20260207,83.333336,2.0,[3.66243132],0.0,0.0,0.0,0.0,0.0,0,37,-1.0
best_model.pt,64349849,20260207,82.42704,2.5,[55.39614335],0.0,0.0,0.0,0.0,0.0,0,32,-1.0
best_model.pt,64350561,20260207,1000.0,1.0,[150.19925797],0.49389993,1.1585521817098017,0.00057221,8.174476016087369e-06,0.57221,1,68,0.15855218170980168
best_model.pt,64354510,20260207,1000.0,4.75,[0.77901916],0.0465784437,4.266903685670251,0.00019874999999999998,0.002020447906523856,0.19874999999999998,2,65,-0.10170448722731551
best_model.pt,64355555,20260207,26.31579,3.26,[1.0140941],0.0,0.0,0.0,0.0,0.0,0,42,-1.0
best_model.pt,64356924,20260207,289.65518,1.4,[93.63447101],0.0,0.0,0.0,0.0,0.0,0,57,-1.0
best_model.pt,64364407,20260207,62.5,2.0,[4.5380464],0.0,0.0,0.0,0.0,0.0,0,63,-1.0
best_model.pt,64365263,20260207,41.666668,2.8,[7.12728365],1.1959182948015545,34.84070214382351,1.0,0.002747252747252747,41.66666793823242,1,26,11.443108120413266
