ad_id,period,budget_real,target_CPA_real,conversion_real,conversion_model,CPA_real,CPA_model,spend_real,spend_model,total_win_real,total_win_model,win_rate_real,win_rate_model,budget_used_real,budget_used_model,CPA_violation_real,CPA_violation_model
39801836,20260207,10.45719,1.15,3.74633019,0.0,1.0395319692843197,0.0,3.89443,0.0,1189,0,0.020152542372881357,0.0,0.37241649047210573,0.0,-0.09605915714406978,-1.0
40094971,20260207,12.32876712328767,1.53,5.453421629999999,0.0,1.5977326880555174,0.0,8.71311,0.0,1266,0,0.00809462915601023,0.0,0.7067300333333334,0.0,0.0442697307552401,-1.0
43248022,20260207,6.674759999999999,1.18,7.7514149399999965,0.0,0.7036341161217725,0.0,5.45416,0.0,1234,0,0.0017424456368257553,0.0,0.8171320017498758,0.0,-0.4036999015917182,-1.0
46398308,20260207,19.791010000000004,1.49,24.211410569999995,0.0,0.5822147354547961,0.0,14.09624,0.0,17809,0,0.028636436726161764,0.0,0.7122547055455986,0.0,-0.6092518553994657,-1.0
48623756,20260207,146.44096,1.33,36.671605389999996,0.0,0.8267388263363945,0.0,30.317839999999997,0.0,3881,0,0.010991220617388841,0.0,0.20703114756964172,0.0,-0.3783918598974478,-1.0
49311445,20260207,431.8523599999999,1.8,279.38898144000007,0.0,1.1955223798678374,0.0,334.01577999999995,0.0,25292,0,0.001249592395332062,0.0,0.7734490092864145,0.0,-0.3358209000734237,-1.0
49847522,20260207,937.1593,1.84,756.1369726700001,0.0,1.1993375443575636,0.0,906.86346,0.0,43366,0,0.005254064794397732,0.0,0.9676726891575423,0.0,-0.34818611719697634,-1.0
49902302,20260207,13.933519999999998,5.21,2.9056562999999986,0.9519754770810862,2.7783705870511954,14.63641240359222,8.07299,13.933520317077637,89933,6,0.013377313024335098,0.0043360282501626,0.5793934339635642,0.999999931555398,-0.46672349576752487,1.8092921874138637
49990380,20260207,24.52830188679245,1.48,8.081450539999999,0.0,0.6440873422706117,0.0,5.205159999999999,0.0,2063,0,0.0027495668399306946,0.0,0.21221036923076925,0.0,-0.5648058498171542,-1.0
50103278,20260207,969.91004,1.21,753.3561821700011,0.0,0.6609873148789418,0.0,497.95888,0.0,38515,0,0.008279768686716683,0.0,0.513407284659101,0.0,-0.45372949183558525,-1.0
50250900,20260207,29.41176470588235,1.1,1.5846344299999995,3.500368137475645,1.1556040720382432,8.402474993282649,1.83121,29.41176414489746,5488,5,0.020882800608828005,0.25,0.062261140000000006,0.9999999351501494,0.05054915639840284,6.6386134646944654
51225207,20260207,105.26315789473684,2.7,4.752202259999999,20.63426057744129,3.2378546110114437,5.101377643707244,15.38694,105.26316070556638,73031,36,0.024762986572629864,0.0049463202759698,0.14617593,0.9999999999999998,0.1992054114857198,0.8893990939309907
51225953,20260207,54.45402,1.07,16.520339259999997,0.0,0.5183937124545469,0.0,8.56404,0.0,1187,0,0.0007935552881401257,0.0,0.1572710334333443,0.0,-0.5155198949022927,-1.0
51316356,20260207,1083.6785099999995,6.0,160.74719046,0.0,3.742855152107397,0.0,601.65345,0.0,22279,0,0.005450919945194754,0.0,0.5551955164267309,0.0,-0.37619080798210053,-1.0
51711872,20260207,117.17214,1.34,105.96849434999996,0.0,0.566520930284408,0.0,60.033370000000005,0.0,45749,0,0.02908206725573708,0.0,0.5123519123231854,0.0,-0.5772231863549194,-1.0
51815043,20260207,131.59317,7.1,23.005162579999997,3.4821464693000004,4.60826780212218,18.73308082874306,106.01395,65.23135,898324,19,0.04486819103559192,8.427810628867424e-05,0.8056189390376416,0.495704677664542,-0.3509481968842,1.6384621239952697
51865028,20260207,10.87915,6.1,1.495436169999999,0.0,4.134726793454517,0.0,6.1832199999999995,0.0,2826,0,0.00098258057786586,0.0,0.5683550645041202,0.0,-0.3221759354992595,-1.0
51867779,20260207,240.31079,6.1,60.62360383999997,0.0,3.105365865362584,0.0,188.25847,0.0,9295,0,0.005096781268849043,0.0,0.7833958267125666,0.0,-0.4909236286290845,-1.0
51981983,20260207,9.803921568627452,7.0,1.8845103699999983,1.3544770086785405,1.7240287194599002,7.238154947298743,3.24895,9.803921699523926,3036,1,0.028914285714285715,0.0049019607843137,0.33139289999999993,0.9999998807907104,-0.7537101829342999,0.0340221353283918
52099940,20260207,736.6481200000002,5.0,182.11165715999994,0.0188362421,2.6855808553227716,0.1369627244956415,489.07558,0.00258,527210,1,0.017040194963024256,1.7274439012593067e-06,0.6639202174302703,3.502350561671515e-06,-0.46288382893544566,-0.9726074551008717
52158782,20260207,402.12405,1.34,294.7058680499997,0.0,0.8504043766019618,0.0,250.61916000000002,0.0,131160,0,0.02709133721650762,0.0,0.6232384260528561,0.0,-0.36536986820749123,-1.0
52697878,20260207,256.73525,1.7,146.14289968,0.0,1.186323867800787,0.0,173.37281000000002,0.0,17489,0,0.025940373776327498,0.0,0.6752980356222996,0.0,-0.30216243070541937,-1.0
52880899,20260207,73.77049180327869,8.0,2.412286369999999,0.5289659790503636,4.581989160764526,139.46143233014013,11.05307,73.77049255371094,6712,2,0.007554305008441193,0.032258064516129,0.14983050444444446,1.0,-0.4272513549044342,16.432679041267516
52881127,20260207,73.77049180327869,8.1,4.142867119999997,0.0,3.102274253005732,0.0,12.85231,0.0,4748,0,0.002931950104977152,0.0,0.1742202022222222,0.0,-0.6170031786412677,-1.0
52896858,20260207,237.28813559322035,6.1,3.673954739999999,7.0760799134,2.1277970343205705,31.11528721824748,7.817430000000001,220.17429,19393,45,0.023086904761904763,0.0082445452227816,0.03294488357142857,0.9278773801695912,-0.6511808140458081,4.10086683683673
53225658,20260207,121.21212121212122,5.1,4.512303389999997,0.0,4.225841738004238,0.0,19.06828,0.0,2791,0,0.0030085156839495526,0.0,0.15731331,0.0,-0.17140358078348267,-1.0
53375682,20260207,125.0,2.2,2.064560029999999,4.589279656480032,0.611452310253241,27.237384103650506,1.26238,125.0,5055,25,0.0009694122159363314,0.0009926355976456,0.01009904,1.0,-0.7220671317030724,11.380628869680054
53566239,20260207,136.80566000000002,1.01,212.6730757199995,0.0,0.582330553976907,0.0,123.84603000000001,0.0,43985,0,0.016136547068750458,0.0,0.9052697819666233,0.0,-0.42343509507236926,-1.0
53572696,20260207,22.93577981651376,1.09,42.93508533,0.0,0.11696890693008435,0.0,5.02207,0.0,18731,0,0.007998548125373645,0.0,0.218962252,0.0,-0.8926890762109319,-1.0
53577684,20260207,121.21212121212122,5.0,14.218412060000002,0.0,4.192357047218675,0.0,59.60866000000001,0.0,16730,0,0.006814386379373549,0.0,0.49177144500000003,0.0,-0.16152859055626506,-1.0
53730651,20260207,61.29961,2.47,50.53852638000001,1.77619277,1.183268177436716,2.890821985036013,59.80063,5.13466,180208,3,0.06955152450791201,0.0004039763405327,0.9755466633474503,0.0837633385994744,-0.5209440577179288,0.1703732597373951
53763548,20260207,488.9979699999999,2.04,373.1346906,0.0,1.2708799582195698,0.0,474.2094000000001,0.0,31128,0,0.006987205387205387,0.0,0.9697574000153828,0.0,-0.3770196283237403,-1.0
53841870,20260207,200.65753,1.98,20.968288079999997,0.0,1.1407717172111649,0.0,23.920029999999997,0.0,1423,0,0.0010842730874733313,0.0,0.11920823504605083,0.0,-0.42385266807516925,-1.0
53849804,20260207,55.55555555555556,2.48,0.252236679999999,6.8561547784,2.2162121702521707,5.870041653194768,0.55901,40.24592,1420,34,0.005107913669064748,0.011312307385774,0.01006218,0.7244265378922565,-0.10636606038218925,1.3669522613099745
53854143,20260207,571.02984,1.09,366.8150784600001,0.0,0.7371172721011375,0.0,270.38573,0.0,23132,0,0.012759666832147389,0.0,0.47350543011902846,0.0,-0.32374562192556194,-1.0
53919091,20260207,88.28998999999999,2.0,52.92278080999999,12.3754935703,0.7699551946503245,4.954854099096707,40.74817,61.31877,252269,40,0.03235420861602391,0.0012443373813812,0.4615264992101597,0.6945155132278277,-0.6150224026748378,1.4774270495483537
54113091,20260207,148.7603305785124,4.6,7.872438679999999,8.14427146152954,3.7364266900837904,18.26563771078176,29.41479,148.7603302001953,115122,44,0.031389775051124745,0.0034904671706087,0.197732755,1.0,-0.1877333282426542,2.970790889014323
54547571,20260207,31.747280000000007,6.5,5.582730409999998,0.0,2.2236090744707844,0.0,12.413809999999998,0.0,1179,0,0.0020264695771742866,0.0,0.3910196401077508,0.0,-0.6579062962352639,-1.0
54801379,20260207,897.71512,5.26,164.4773952400001,0.0,3.0362670157275753,0.0,499.39729000000005,0.0,46647,0,0.03595698758960919,0.0,0.5562981828801102,0.0,-0.42276292476662064,-1.0
54805715,20260207,112.67605633802818,5.1,1.7525278699999993,3.992586051103948,1.720651666441117,28.221314768089595,3.01549,112.67605590820312,24745,18,0.02838380362468456,0.0030099648000001,0.026762473749999998,1.0,-0.6626173203056633,4.533591234473329
54852798,20260207,100.0,5.0,32.09324778,0.0,2.5229902113696268,0.0,80.97095,0.0,32972,0,0.006027787934186472,0.0,0.8097095,0.0,-0.49540195772607465,-1.0
54858966,20260207,83.33333333333333,1.76,0.2659736899999991,12.5875179871,0.4945225973290834,4.400276182841398,0.13153,55.38856,2289,27,0.01026457399103139,0.0081730563517364,0.0015783600000000002,0.6646626997161041,-0.7190212515175662,1.500156935616337
55104462,20260207,55.912310000000005,6.5,8.178498529999999,0.0,3.226703520603311,0.0,26.38959,0.0,36516,0,0.010754867022059906,0.0,0.4719817514246862,0.0,-0.5035840737533368,-1.0
55113470,20260207,420.4162162162162,3.33,34.42696216,0.0,2.352422488618438,0.0,80.98676,0.0,17313,0,0.001576675439634996,0.0,0.1926347197757692,0.0,-0.2935668202347033,-1.0
55199224,20260207,78.07889,6.5,6.828174149999999,0.0,6.8187481715005775,0.0,46.5596,0.0,41439,0,0.009419024889191954,0.0,0.5963148297830566,0.0,0.04903818023085808,-1.0
55242717,20260207,498.5705128205128,3.59,22.04998385,0.0,2.2690588047754967,0.0,50.03271000000001,0.0,5102,0,0.0036784426820475847,0.0,0.10035232472324725,0.0,-0.36795019365585047,-1.0
55272899,20260207,18.072289156626507,2.35,6.395341979999998,0.0,1.2834419215843096,0.0,8.20805,0.0,4658,0,0.007769808173477898,0.0,0.4541787666666666,0.0,-0.4538545014534853,-1.0
55273179,20260207,148.7603305785124,4.1,10.458111869999998,0.0,2.030104502984247,0.0,21.23106,0.0,12559,0,0.003642507033266626,0.0,0.14271990333333334,0.0,-0.5048525602477446,-1.0
55397530,20260207,472.23607,4.1,128.75972898999999,0.0,2.5972748826302112,0.0,334.42441,0.0,20374,0,0.005869101803307023,0.0,0.7081721012967096,0.0,-0.3665183213097045,-1.0
55642709,20260207,64.70373000000001,5.6,4.8911279799999985,0.0,2.948667476903764,0.0,14.42231,0.0,4270,0,0.006827630316597378,0.0,0.22289765984124868,0.0,-0.47345223626718497,-1.0
55644105,20260207,390.48067,1.47,288.6824965200002,0.0,1.0924418134168066,0.0,315.36883,0.0,48655,0,0.011736823061150646,0.0,0.8076426164706182,0.0,-0.25684230379809075,-1.0
55659771,20260207,110.68761999999998,1.52,65.45479549000001,0.0,1.1798455624507824,0.0,77.22655,0.0,14522,0,0.024638615541228367,0.0,0.6976981707620059,0.0,-0.22378581417711682,-1.0
55774064,20260207,28.10267,9.1,2.3739160499999987,1.6324770035202785,5.885098590575689,17.2147315975805,13.97073,28.102670669555664,90164,3,0.029310187894155126,0.0001887133074563,0.49713176719507435,0.9999999321292796,-0.3532858691675067,0.891728667686075
55775102,20260207,530.4762099999999,3.15,118.12668964,0.0,2.353077707054248,0.0,277.96128,0.0,21812,0,0.004552988081073747,0.0,0.5239844403201418,0.0,-0.25299120410976256,-1.0
55968571,20260207,246.66494000000003,4.1,98.12811453,0.0,2.34502487999654,0.0,230.11287000000002,0.0,15626,0,0.002897244780657841,0.0,0.93289654378932,0.0,-0.4280427121959658,-1.0
56069198,20260207,355.11819,6.0,32.74950241,0.0,2.545594707251004,0.0,83.36695999999999,0.0,6120,0,0.0018228933964793137,0.0,0.23475834904429982,0.0,-0.575734215458166,-1.0
56094571,20260207,305.08474576271186,6.1,0.9921379099999985,0.0,2.440678836675038,0.0,2.42149,0.0,1618,0,0.007816425120772947,0.0,0.007937106111111111,0.0,-0.5998887152991741,-1.0
56096389,20260207,23.9461,3.1,14.66979494,0.0,1.54519746817947,0.0,22.66773,0.0,2687,0,0.00853829043533524,0.0,0.9466146888219793,0.0,-0.5015492038130742,-1.0
56107853,20260207,1000.0,2.71,7.084875049999999,0.0,2.0602141741370588,0.0,14.59636,0.0,2537,0,0.0008503720587249447,0.0,0.014596360000000001,0.0,-0.23977336747710007,-1.0
56227729,20260207,125.0,1.4,142.70105870999998,2.7412192703,0.6140845820778705,1.6734007294853324,87.63052,4.58716,330480,20,0.015198256118760519,0.0002795679835201,0.70104416,0.03669728,-0.5613681556586638,0.1952862557022696
56235388,20260207,53.333333333333336,4.5,1.4775688199999997,0.0,1.2219261638182108,0.0,1.80548,0.0,1042,0,0.05954285714285714,0.0,0.03385275,0.0,-0.728460852484842,-1.0
56718065,20260207,49.68944099378882,8.1,2.8348115399999987,0.0,3.167385158873738,0.0,8.978940000000001,0.0,2607,0,0.0030881307746979387,0.0,0.18070116750000004,0.0,-0.608964795200773,-1.0
56771422,20260207,642.4210000000002,1.81,106.68609073999998,0.0,1.2758754122102722,0.0,136.11816,0.0,13297,0,0.0032126117419666585,0.0,0.21188311091947484,0.0,-0.29509645734239104,-1.0
56864799,20260207,6.76347,5.22,1.48259931,0.0,3.4828560658105254,0.0,5.163679999999999,0.0,3353,0,0.011482876712328767,0.0,0.7634660906309926,0.0,-0.33278619428917133,-1.0
56938464,20260207,749.1658900000002,1.65,690.0003460000001,0.0,1.080412037938311,0.0,745.4846799999999,0.0,40046,0,0.006792177614952764,0.0,0.995086255195094,0.0,-0.34520482549193265,-1.0
56963719,20260207,31.25,7.0,2.4867073999999993,0.3324972661,1.7048045137920131,22.67708066102304,4.23935,7.540090000000001,77818,10,0.030130483602431563,0.0006173368066788,0.1356592,0.2412828652732626,-0.7564564980297125,2.2395829515747194
57222417,20260207,5.555555555555555,1.52,0.3850852599999995,0.1136557897880656,0.0,48.8801008192058,0.0,5.55555534362793,4585,1,0.07616279069767441,1.0,0.0,0.9999998211860656,-1.0,31.15796146879621
57240198,20260207,36.39775,4.14,14.118849459999996,5.282238694,1.2265425769331777,2.0836294143375915,17.31737,11.00623,8359,15,0.003749607500112143,0.0004851074530036,0.4757813326373196,0.3023876404890995,-0.7037336770692807,-0.4967078547018496
57326971,20260207,40.0,4.1,0.9091355399999992,5.085417368932102,11.27634939890262,7.865626207741032,10.251729999999998,40.0,8459,11,0.0029473867595818815,0.001014066918501,0.25629325,1.0,1.750329121683566,0.9184454611459144
57339315,20260207,166.66666666666666,6.0,0.7559882799999987,0.496506636,5.09047574123769,328.5816937566696,3.8483400000000003,163.14332,4267,2,0.010458333333333333,0.0023783098144918,0.023090040000000003,0.9788598901275668,-0.15158737646038492,53.7636156261116
57424010,20260207,5.589919999999999,7.1,0.9023937399999991,0.3085640460527222,6.194546518019957,18.115856333870703,5.58992,5.5899200439453125,43574,3,0.01645357399086206,0.0006206781215057,1.0000000000000002,0.9999998293939544,-0.1275286594338089,1.5515290953807717
57429522,20260207,6.862745098039215,6.0,4.830433759999999,0.0,1.3065203485990875,0.0,6.31106,0.0,1224,0,0.0012989493791786056,0.0,0.9196116000000001,0.0,-0.7822466085668188,-1.0
57521810,20260207,626.15678,4.5,311.66268919000015,12.0120741826,2.0498868557555228,4.52316183291152,638.8732500000002,54.33256,840623,33,0.04613256575878476,0.0001124317940044,1.0203087635655725,0.0867714924749143,-0.5444695876098838,0.0051470739803378
57574306,20260207,21.73913043478261,1.94,0.1508106599999999,3.6153169896424937,1.378284532406397,6.013061667721049,0.20786,21.7391300201416,8010,39,0.1273449920508744,0.0833197548741277,0.009561559999999998,0.9999999122619688,-0.28954405546062006,2.099516232147065
57575512,20260207,5.524861878453039,1.87,3.953474889999998,1.7015072171620016,0.8566438624832146,3.247037984810112,3.38672,5.524861812591552,18413,21,0.0026078150891554663,0.0031427900132391,0.6129963199999999,0.9999998273849764,-0.5419016778164628,0.7363839446686566
57579039,20260207,69.34497,5.0,24.49807011,0.0,2.8512694953667923,0.0,69.8506,0.0,3000,0,0.006489292667099286,0.0,1.0072915166017087,0.0,-0.42974610092664156,-1.0
57611618,20260207,143.08837,5.6,37.39685122999999,0.0,3.830063368680039,0.0,143.23231,0.0,37627,0,0.01273807508717289,0.0,1.0010059517765142,0.0,-0.3160601127357073,-1.0
57655917,20260207,1468.0747299999998,8.5,19.981865049999996,0.0,3.354199912385056,0.0,67.02317,0.0,159610,0,0.011986332231901473,0.0,0.045653786302826696,0.0,-0.6053882456017581,-1.0
57664872,20260207,118.42105263157896,6.1,0.385075829999999,3.6102333055206,0.773509986331785,32.8014862759203,0.29786,118.4210510253906,29746,46,0.020181830517674196,0.0084024240202554,0.0025152622222222223,0.9999999999999998,-0.8731950842079041,4.377292916186707
57724669,20260207,420.4162162162162,3.33,20.021833800000003,0.0,1.8702108095613095,0.0,37.445049999999995,0.0,13280,0,0.006686807653575025,0.0,0.08906661673759594,0.0,-0.43837513226387104,-1.0
57813819,20260207,1.3888888888888888,2.63,0.7436829199999995,0.4135065800539184,0.3781853696465157,3.358798974678727,0.28125,1.3888888359069824,25133,4,0.04126251846987358,0.0049382716049382,0.2025,0.9999993133549376,-0.8562032815032259,0.2771098207319797
57813830,20260207,1.3888888888888888,2.63,0.5706688599999996,0.3926838330965178,1.2017477175817872,3.5369047104643543,0.6858,1.3888888359069824,16591,3,0.029307542836954602,0.0034722222222222,0.493776,0.9999993133549376,-0.5430617043415258,0.3448306298709895
57847622,20260207,168.90041,1.57,10.618402929999998,0.0,0.9005704589513067,0.0,9.562619999999999,0.0,1758,0,0.0006158696794534945,0.0,0.05661691407380242,0.0,-0.4263882427061741,-1.0
57855436,20260207,247.62652,1.18,72.07211233,0.0,1.227383063159903,0.0,88.46009000000001,0.0,49160,0,0.08080210387902696,0.0,0.35723189099455105,0.0,0.04015513827110427,-1.0
57863659,20260207,66.66666666666667,5.0,9.79001151,0.0,1.3871485223616453,0.0,13.5802,0.0,1997,0,0.002747660979636764,0.0,0.20370299999999997,0.0,-0.7225702955276709,-1.0
57922732,20260207,90.9090909090909,6.8,5.4587086299999985,8.707774711401564,6.808914437332774,10.43998963084608,37.16788,90.90908813476568,45552,61,0.34640304182509507,0.0718034321494741,0.40884667999999996,1.0000000000000004,0.0013109466665844568,0.5352925497076861
57950075,20260207,3.5460992907801416,3.69,1.4694264899999996,0.0,0.6567936583203969,0.0,0.9651099999999999,0.0,1541,0,0.011215429403202328,0.0,0.27216102,0.0,-0.8220071386665592,-1.0
57950895,20260207,56.60377358490566,2.13,18.751780509999996,0.0,0.7874580225661997,0.0,14.76624,0.0,9230,0,0.013494152046783626,0.0,0.26087024,0.0,-0.6303013978562443,-1.0
57951243,20260207,373.1092299999999,2.23,167.37513349,0.0,1.463428496770306,0.0,244.94154,0.0,46360,0,0.02010058966354492,0.0,0.6564874849115903,0.0,-0.34375403732273274,-1.0
57999311,20260207,1210.1338899999996,2.2,396.0926555,0.0,1.352627377863612,0.0,535.76577,0.0,29254,0,0.00438768317009884,0.0,0.44273263845209737,0.0,-0.38516937369835824,-1.0
58085427,20260207,79.19066,1.9,23.327134010000005,0.0,1.3871228238380577,0.0,32.357600000000005,0.0,5678,0,0.014334763948497854,0.0,0.40860374190592685,0.0,-0.2699353558747064,-1.0
58112502,20260207,101.010101010101,2.4,28.534833840000005,0.0,1.327708800143481,0.0,37.88595,0.0,11011,0,0.014779865771812081,0.0,0.37507090500000007,0.0,-0.4467879999402163,-1.0
58114863,20260207,203.00614,2.08,69.89706244000001,0.0,1.434260131977014,0.0,100.25057000000001,0.0,39102,0,0.006518412322669912,0.0,0.49383023587365393,0.0,-0.31045185962643557,-1.0
58134130,20260207,8.695652173913043,2.0,4.70832877,4.752480475727145,1.4064332215271367,1.8297077121644492,6.62195,8.69565200805664,305049,6,0.07139323160456844,0.0006704551439372,0.76152425,0.9999998903274636,-0.29678338923643166,-0.0851461439177753
58240026,20260207,50.0,2.23,29.819801929999997,0.0,1.1137411334240879,0.0,33.21154,0.0,26610,0,0.007303617500137235,0.0,0.6642308,0.0,-0.5005645141596019,-1.0
58283047,20260207,420.4162162162162,3.33,11.93555118,0.6827545125,2.88911081524096,80.21912529047503,34.48313,54.77004999999999,5696,2,0.004605805773429288,0.000254303599374,0.0820214079997943,0.130275774791,-0.13239915458229426,23.0898279664814
58492787,20260207,23.529411764705884,2.9,9.26852865,0.0,1.434778971093756,0.0,13.29829,0.0,1815,0,0.003260869565217391,0.0,0.565177325,0.0,-0.5052486306573255,-1.0
58511427,20260207,758.94134,2.46,105.6421092,0.0,1.6723872832330766,0.0,176.67452,0.0,12621,0,0.003926271581894541,0.0,0.23279074506601527,0.0,-0.3201677710434648,-1.0
58588021,20260207,11.049723756906078,1.2,0.6890549199999997,0.0,0.47925062344812824,0.0,0.33022999999999997,0.0,1261,0,0.04945098039215686,0.0,0.029885814999999996,0.0,-0.6006244804598931,-1.0
58685108,20260207,72.20216606498195,4.15,2.4162877099999993,0.0,0.893610471577493,0.0,2.15922,0.0,62729,0,0.004396943889531419,0.0,0.029905196999999998,0.0,-0.7846721755234957,-1.0
58706858,20260207,4537.1946,1.35,4585.603338600001,0.0,0.8081044011825379,0.0,3705.64624,0.0,334790,0,0.007567705637295346,0.0,0.8167263180644709,0.0,-0.4014041472721942,-1.0
58729786,20260207,38.08811,4.36,24.699788530000014,0.0,1.8660062592851672,0.0,46.089960000000005,0.0,9219,0,0.007764022233451238,0.0,1.2100878725670559,0.0,-0.5720169130079892,-1.0
58732112,20260207,510.68414,1.1,412.9147775900001,0.0,0.6438584774119708,0.0,265.85868,0.0,23329,0,0.006674964234620887,0.0,0.5205931791811667,0.0,-0.41467411144366295,-1.0
58772389,20260207,376.45701,2.05,336.02838544,0.0,1.1243684949569894,0.0,377.81973,0.0,33151,0,0.004024058653589377,0.0,1.0036198555580091,0.0,-0.45152756343561484,-1.0
58803527,20260207,159.76764999999995,7.1,11.840051959999998,0.0,3.329771704819444,0.0,39.42467,0.0,1901,0,0.005489460005775339,0.0,0.2467625329658414,0.0,-0.5310180697437402,-1.0
58886517,20260207,125.0,7.74,1.4361195099999997,0.0428092433747393,2.9673435743519705,2919.8619336454803,4.26146,125.0,10806,3,0.0023351701782820095,0.001639344262295,0.03409168,1.0,-0.6166222772155078,376.2431550374142
58958928,20260207,51.95611,9.9,0.371641709999999,0.0,11.182867498914508,0.0,4.15602,0.0,2488,0,0.002318732525629077,0.0,0.07999097699962525,0.0,0.12958257564793005,-1.0
58963446,20260207,1893.68373,9.9,161.07246772000005,0.0207671597999999,9.923410081346454,0.2565564138234337,1598.3881499999998,0.0053282046,695806,1,0.06913262061839281,1.4362863380443528e-05,0.8440628837213486,2.813671869006863e-06,0.0023646546814599274,-0.9740852097263492
59027737,20260207,156.4159300000001,8.2,0.7732744199999991,0.0,5.620229879064154,0.0,4.345979999999999,0.0,5752,0,0.0014127471447869335,0.0,0.027784765912269912,0.0,-0.31460611230924945,-1.0
59090324,20260207,15.0,2.14,6.879392809999999,0.0,0.825138229023442,0.0,5.676449999999999,0.0,1312,0,0.007908378541289934,0.0,0.37842999999999993,0.0,-0.6144213883068028,-1.0
59168672,20260207,114.30078,2.51,41.728572589999985,0.0,1.6602583242112292,0.0,69.28021000000001,0.0,9493,0,0.005189700415482178,0.0,0.606121935475856,0.0,-0.33854250031425126,-1.0
59191554,20260207,38.46153846153846,2.13,19.65786732,0.0,1.1910707107163443,0.0,23.41391,0.0,5187,0,0.007145612343297975,0.0,0.6087616600000001,0.0,-0.44081187290312474,-1.0
59250609,20260207,59.70149253731344,6.1,4.1823460699999995,0.98914234,3.2753626244037726,10.868212487787664,13.698700000000002,10.75022,21619,2,0.01802334305960817,8.684586149374881e-05,0.229453225,0.1800661856868979,-0.46305530747479134,0.7816742061805504
59252315,20260207,40.94131000000001,1.5,4.90639966,13.2094695034,0.9706445316360552,3.0167507463484657,4.762370000000001,39.84967999999999,4727,54,0.004943009515842309,0.0091651417789895,0.11632187636399519,0.9733366895432468,-0.35290364557596315,1.0111671642323106
59262247,20260207,107.01659,1.61,75.86964482,21.02783271398126,0.6698374576626889,5.08928250809575,50.82033,107.01658630371094,987523,64,0.02368569633126103,0.0002795683514087,0.47488272612685567,1.0,-0.5839518896505038,2.161045007997912
59265523,20260207,41.27358490566038,3.61,2.889063029999999,0.753341862,4.352888763385685,0.0930120978567126,12.575769999999999,0.07007,25608,1,0.003269913425441173,8.72965989245059e-06,0.3046929417142857,0.0016976959437496,0.20578636104866635,-0.9742348751912516
59289693,20260207,12.224938875305623,8.5,0.5073364399999993,0.095750293,9.40238000645096,2.4338052542016326,4.77017,0.23304,3439,2,0.011097128105840594,0.0002830322185008,0.39019990600000004,0.0190626697784555,0.10616235370011291,-0.7136699700939255
59313228,20260207,34.48846999999999,8.56,2.0856091599999984,0.0,3.623718261766747,0.0,7.55766,0.0,2170,0,0.0032282058911038383,0.0,0.21913584453007054,0.0,-0.5766684273636978,-1.0
59370907,20260207,40.81632653061224,1.39,8.33626761,0.8959667479,1.3111851144135713,2.1796320286943667,10.93039,1.95288,8323,5,0.003647558944692786,0.0003200018220172,0.26779455500000005,0.0478455604562908,-0.056701356536998974,0.56808061232082
59397478,20260207,1428.6078200000013,2.5,414.76037126000006,10.7415796757,2.107125970943225,2.541482564270828,873.95235,27.299540000000004,46381,2,0.01472693211405347,3.8852905436409205e-05,0.6117510612534651,0.0191091916393485,-0.15714961162271007,0.0165930257083312
59437197,20260207,152.54237288135593,5.0,16.1510875,0.0,2.8022422638723246,0.0,45.25926,0.0,6653,0,0.0067107121242687105,0.0,0.29669959333333334,0.0,-0.4395515472255351,-1.0
59469459,20260207,28.457570000000004,1.45,9.77569584,0.014289379,1.0808499131863334,2.1685918896902594,10.56606,0.03099,28262,1,0.010530983343890897,1.551831160769708e-05,0.37129171605305716,0.0010889896389153,-0.2545862667680459,0.4955805643968419
59469464,20260207,74.94802000000001,1.45,77.39415861,0.4663929265,0.7098819986771091,1.3611669533608302,54.94072,0.63484,147284,1,0.038720227141279775,4.907734589713389e-05,0.7330509865370691,0.0084704037822436,-0.5104262078088903,-0.0612642009666075
59473467,20260207,1000.0,9.99,0.2418420399999997,0.0,3.8170782879601948,0.0,0.9231299999999998,0.0,1241,0,0.007703289882060832,0.0,0.0009231299999999998,0.0,-0.6179100812852658,-1.0
59506934,20260207,32.65375000000002,1.62,16.70791339,0.0,0.9128279303343932,0.0,15.251449999999998,0.0,4322,0,0.0026943457390437007,0.0,0.46706580408069487,0.0,-0.43652596892938694,-1.0
59718544,20260207,379.8454299999999,4.15,77.63524532,0.9364840339,2.7436655751138166,0.7144588282565613,213.00515000000001,0.6690800000000001,32689,2,0.3459153439153439,0.009453781512605,0.5607679681706321,0.0017614533435367,-0.33887576503281536,-0.8278412501594643
59764696,20260207,91.22524,4.15,9.140238239999999,0.0,1.7727765485465075,0.0,16.2036,0.0,219836,0,0.026650018184022305,0.0,0.17762189499309622,0.0,-0.5728249280610826,-1.0
59770476,20260207,861.0274499999999,3.68,196.11851326999997,0.0,2.345526499921545,0.0,460.0011700000001,0.0,59736,0,0.013706576109402964,0.0,0.534246811759602,0.0,-0.3626286684995802,-1.0
59790006,20260207,10.658120000000002,1.49,13.266189650000001,0.0,0.7818567556811612,0.0,10.37226,0.0,2973,0,0.0012820733968692051,0.0,0.9731791347817438,0.0,-0.4752639223616368,-1.0
59818654,20260207,106.38297872340424,1.5,6.133863259999998,0.0,0.5175221333512415,0.0,3.17441,0.0,1343,0,0.005147566117286316,0.0,0.029839454000000005,0.0,-0.6549852444325056,-1.0
59870194,20260207,41.35039,1.2,3.6109786800000006,0.0,1.7014611673088027,0.0,6.143940000000001,0.0,4932,0,0.030844277673545965,0.0,0.1485823954743837,0.0,0.41788430609066896,-1.0
59873387,20260207,1000.0,5.3,0.1523252999999997,0.0,3.5814142496354906,0.0,0.5455399999999999,0.0,1390,0,0.054940711462450595,0.0,0.00054554,0.0,-0.3242614623329263,-1.0
59941171,20260207,6.730769230769231,6.6,3.2012895599999984,0.0,2.0334399241285763,0.0,6.50963,0.0,2579,0,0.2803260869565217,0.0,0.9671450285714285,0.0,-0.6919030417987007,-1.0
59942526,20260207,81.56946999999998,1.36,71.78132998,0.0,0.7364183697171446,0.0,52.86108999999999,0.0,12990,0,0.010508858506593317,0.0,0.6480499382918634,0.0,-0.4585159046197467,-1.0
59985139,20260207,83.23513,1.16,22.090751589999996,0.0,0.5260599646261289,0.0,11.62106,0.0,1359,0,0.013782961460446247,0.0,0.13961725055274138,0.0,-0.5465000304947164,-1.0
59999397,20260207,869.5652173913044,6.5,1.2908136399999992,0.0,3.574706570345819,0.0,4.61428,0.0,1077,0,0.00042812847829543646,0.0,0.005306422,0.0,-0.4500451430237202,-1.0
60033250,20260207,48.95666000000001,1.24,42.918783,0.0,1.1454211085155888,0.0,49.16008000000001,0.0,7396,0,0.014157733537519143,0.0,1.0041551037182683,0.0,-0.0762732995842026,-1.0
60081691,20260207,71.94244604316546,3.08,5.718500619999999,0.0,1.269079166419676,0.0,7.25723,0.0,14120,0,0.004916776934326903,0.0,0.10087549700000001,0.0,-0.5879613096040013,-1.0
60140024,20260207,353.31129000000004,2.21,162.60997909000002,0.0,1.163488126981961,0.0,189.19477999999998,0.0,27733,0,0.0016713875897979846,0.0,0.5354903320525081,0.0,-0.4735347841710584,-1.0
60144222,20260207,258.71110000000004,2.07,162.68881801000003,0.0,1.4376479149637897,0.0,233.88924,0.0,20308,0,0.017348368358106953,0.0,0.9040556821875828,0.0,-0.30548409905130924,-1.0
60163679,20260207,26.848240000000004,1.81,10.12757828,0.0,1.3256644015789332,0.0,13.42577,0.0,1646,0,0.005957292797683677,0.0,0.5000614565424027,0.0,-0.2675887284094292,-1.0
60190295,20260207,30.120481927710845,3.0,5.84173005,3.339193682909938,2.608386534396604,9.020283137502004,15.237490000000001,30.12048149108887,25493,5,0.011012570737396863,0.0002954300338837,0.505884668,0.9999999366760286,-0.1305378218677986,2.006761045834002
60222062,20260207,4.57056,2.5,3.512663129999998,0.0,0.9781638240954807,0.0,3.4359599999999992,0.0,4250,0,0.004315597075548335,0.0,0.7517590842260027,0.0,-0.6087344703618077,-1.0
60257685,20260207,166.66666666666666,1.14,50.54195902,0.0,0.6235717928450016,0.0,31.516540000000003,0.0,3942,0,0.0007531812449845237,0.0,0.18909924000000003,0.0,-0.4530071992587704,-1.0
60279269,20260207,5340.28227,2.29,1368.993826169999,0.0,1.5528944100117579,0.0,2125.9028599999997,0.0,162415,0,0.004502734937053476,0.0,0.39808810705431114,0.0,-0.32188017030054245,-1.0
60280132,20260207,5.154639175257732,2.4,1.06686943,4.479592720453672,0.0,1.15069347037962,0.0,5.15463924407959,5581,3,0.010383255813953489,0.0190821256038647,0.0,0.9999998149872192,-1.0,-0.5205444063936785
60299590,20260207,833.3333333333334,5.11,75.82956043,72.0935123215,4.817436998559692,4.792967362182239,365.30413,345.54185637499995,1012161,58,0.0235578028627953,0.000222045028175,0.438364956,0.4146502377732967,-0.057253033549962556,-0.0620416366044448
60300280,20260207,125.0,6.5,24.164395879999994,0.0,4.042689520777707,0.0,97.68914999999998,0.0,24478,0,0.6244387755102041,0.0,0.7815131999999999,0.0,-0.3780477660341989,-1.0
60363119,20260207,139.53488372093022,8.1,17.93302123,0.0,3.403725407846405,0.0,61.03908,0.0,2481,0,0.006539272535582499,0.0,0.43744674,0.0,-0.579786986685629,-1.0
60371761,20260207,2164.6189100000006,2.47,1172.7072273100002,0.0,1.7740084153587783,0.0,2080.39249,0.0,207642,0,0.011056549520766772,0.0,0.9610894926534664,0.0,-0.2817779694903732,-1.0
60374272,20260207,402.23784,1.94,310.88509954999984,0.0,1.2579067011125917,0.0,391.06444999999997,0.0,48059,0,0.00856758298570257,0.0,0.9722219321782355,0.0,-0.3515944839625816,-1.0
60504423,20260207,65.78731,2.35,8.57009342,0.0,1.523455971848671,0.0,13.05616,0.0,3657,0,0.005028877887788779,0.0,0.1984601589577078,0.0,-0.3517208630431187,-1.0
60518154,20260207,2168.27759,1.63,1459.57807851,0.0,1.1712830064871975,0.0,1709.5789999999997,0.0,135999,0,0.005647001669199531,0.0,0.7884502463542962,0.0,-0.2814214684127622,-1.0
60518258,20260207,19.23076923076923,2.22,8.53345646,0.0,1.9034069109201268,0.0,16.24264,0.0,2394,0,0.013472144063027575,0.0,0.8446172800000001,0.0,-0.14260949958552854,-1.0
60537191,20260207,62.5,9.0,0.7605926099999993,1.766248322529112,3.653309226867196,35.385717748220024,2.77868,62.5,2857,3,0.25508928571428574,0.059375,0.04445888,1.0,-0.5940767525703117,2.931746416468892
60548432,20260207,148.91858999999997,1.73,121.73846705000003,0.0,1.2188282273922386,0.0,148.37828,0.0,20942,0,0.003180258162490509,0.0,0.9963717760153384,0.0,-0.29547501306807017,-1.0
60566933,20260207,14.03152,5.9,1.1282154199999987,0.0193313406531748,7.5285799586040145,725.8055370303666,8.493860000000002,14.031519889831545,1745,1,0.27265625,0.1428571428571428,0.6053414027845879,0.9999999403953552,0.2760305014583075,122.01788564380792
60619154,20260207,346.15384615384613,8.8,0.7949493999999991,0.0,3.9788192808246707,0.0,3.16296,0.0,2190,0,0.0075647668393782385,0.0,0.00913744,0.0,-0.5478614453608329,-1.0
60632826,20260207,103.90999000000002,7.7,23.06585713,0.0,3.268534942148061,0.0,75.39156,0.0,74110,0,0.021213075337760477,0.0,0.7255467929503215,0.0,-0.5755149425781739,-1.0
60656113,20260207,304.366,3.0,115.27257251999998,0.0,1.6945611235153861,0.0,195.33642,0.0,46205,0,0.008842385271940903,0.0,0.6417813421998515,0.0,-0.43514629216153794,-1.0
60666367,20260207,144.92753623188406,1.95,23.86429345,14.170039768023551,1.062162181885171,10.227743051931732,25.347749999999998,144.92753601074224,143938,56,0.010040668271075302,0.0002810719224314,0.17489947499999997,1.0000000000000004,-0.4553014451870918,4.244996308631189
60679832,20260207,84.40433999999999,1.33,104.07477300999997,0.0,0.622716227243396,0.0,64.80905,0.0,56104,0,0.005226171845890156,0.0,0.7678402556077093,0.0,-0.5317923103433113,-1.0
60726038,20260207,47.8357,9.0,11.819992299999997,0.0,3.9694002169527645,0.0,46.918279999999996,0.0,31724,0,0.0001872077460716115,0.0,0.980821436709403,0.0,-0.5589555314496928,-1.0
60739483,20260207,14.583333333333334,1.78,5.456920499999997,1.7919365967501828,0.40989418848964376,8.138304058070936,2.23676,14.583333015441896,207241,13,0.5357833505687694,0.0302977941169061,0.15337782857142856,0.9999999346051924,-0.7697223660170541,3.572081004988328
60739866,20260207,99.7291,1.09,77.94989387999999,9.7776333413,0.49769112014088107,1.785978017835982,38.794970000000006,17.46264,22631,52,0.014751971840166873,0.004372559526076,0.38900351050997156,0.175100742503668,-0.5434026420725862,0.6385118927933461
60741109,20260207,612.09021,1.82,352.99568687,0.0,0.8441795214051535,0.0,297.99173,0.0,24102,0,0.0017224080267558529,0.0,0.48684282991554473,0.0,-0.5361650981290366,-1.0
60758778,20260207,502.08629,1.73,414.21884197000014,0.0,1.0995104129835436,0.0,455.43793000000005,0.0,34947,0,0.009321188520217646,0.0,0.9070909504420047,0.0,-0.364444847986391,-1.0
60765488,20260207,117.6470588235294,8.1,0.40429785999999945,0.0,6.290189119477415,0.0,2.54311,0.0,3581,0,0.005104047890535918,0.0,0.021616435,0.0,-0.22343344203982524,-1.0
60828716,20260207,23.92696,1.88,28.880292099999956,0.0,0.8284874653328054,0.0,23.926960000000005,0.0,3371,0,0.004836441893830703,0.0,1.0000000000000002,0.0,-0.5593151780144652,-1.0
60844239,20260207,194.44444444444449,5.0,21.136006599999998,8.217240864199999,4.264975958135819,1.110614747724539,90.14456,9.12619,35519,6,0.024398268992993542,0.000851682734222,0.4636005942857142,0.0469346918378094,-0.14700480837283614,-0.7778770504550921
60858118,20260207,119.63921,2.64,81.71889277,0.0,1.522887006683559,0.0,124.44864000000001,0.0,23090,0,0.01317471185667009,0.0,1.0401994463186441,0.0,-0.42314886110471256,-1.0
60862222,20260207,166.66666666666666,7.6,1.2565122099999995,1.4069112239,3.240740493878688,8.182450763053605,4.07203,11.51199,34315,7,0.017338689303218635,0.0002262930923214,0.02443218,0.0690719378920917,-0.5735867771212253,0.0766382718065568
60906442,20260207,142.7203,2.47,166.35510802000022,0.0,0.8585150266791298,0.0,142.81836,0.0,22295,0,0.020072926982983703,0.0,1.000687078152162,0.0,-0.6524230661218099,-1.0
60908226,20260207,470.27303,2.33,380.7916222499998,0.0,1.2054486579503527,0.0,459.0247499999999,0.0,134816,0,0.009801235914213013,0.0,0.9760813840419467,0.0,-0.4826400609655139,-1.0
60912674,20260207,6.021550000000003,2.3,3.3704286399999983,1.4148801045865085,0.6195206079188791,4.255870093259602,2.08805,6.021550178527831,3379,9,0.0064806290755657844,0.0436937696806117,0.34676287666796735,0.9999998416231471,-0.7306432139483134,0.8503783397793551
60916277,20260207,262.21178,1.31,260.5422288999996,0.0,0.7796023733179953,0.0,203.11934000000008,0.0,22338,0,0.049662072032014226,0.0,0.7746385002229881,0.0,-0.40488368449007994,-1.0
60930313,20260207,64.68921,1.84,3.2921591299999995,0.0,1.1474384593310958,0.0,3.7775499999999997,0.0,4987,0,0.010312241521918942,0.0,0.05839536454379331,0.0,-0.37639214166788276,-1.0
60949070,20260207,66.13085000000001,9.0,4.899742599999998,0.4543384836,7.56743833849558,131.13786529822082,37.0785,59.58111,11699,2,0.004128815952002823,5.324150060992167e-05,0.5606838563242419,0.9009578498882602,-0.15917351794493553,13.570873922024536
60961963,20260207,27.77777777777778,2.08,0.4487938799999991,4.771403801830177,0.16782760050114798,5.821719132871204,0.07532,27.777778625488278,6459,80,0.031157742402315485,0.047121082032544,0.00271152,0.9999999313354556,-0.9193136536052173,1.7989035319281714
60972908,20260207,1000.0,2.2,34.42934963000001,0.0,1.5905987359192524,0.0,54.76328,0.0,3110,0,0.009444275736410568,0.0,0.054763280000000004,0.0,-0.27700057458215804,-1.0
61011193,20260207,1128.4313299999994,3.5,79.66752448,0.0,2.3493236575586893,0.0,187.1648,0.0,34621,0,0.0036072183960740595,0.0,0.16586281772236872,0.0,-0.32876466926894593,-1.0
61011487,20260207,420.4162162162162,3.33,1.3659385899999992,8.3203240255,4.202246017516793,1.1682720651187382,5.74001,9.7204033,4418,11,0.03440809968847352,0.0048782140468855,0.01365316031731746,0.02312090405593,0.26193574099603395,-0.6491675399744353
61012951,20260207,119.05549000000002,2.3,25.964335379999998,0.0,1.5891668088597923,0.0,41.26166,0.0,7512,0,0.002485277575597168,0.0,0.3465750298453267,0.0,-0.3090579091913946,-1.0
61019035,20260207,115.3846153846154,2.33,9.77133559,0.0,1.4269789294996469,0.0,13.94349,0.0,2589,0,0.00909697821503865,0.0,0.12084357999999999,0.0,-0.3875626912018683,-1.0
61034097,20260207,2664.894420000001,2.82,1171.39858301,0.0,1.5425399997983218,0.0,1806.9291699999999,0.0,150689,0,0.002572639256184943,0.0,0.6780490650732794,0.0,-0.4530000000715171,-1.0
61042371,20260207,220.99027000000007,1.82,197.71575504,0.0,1.240848206306908,0.0,245.33524,0.0,18111,0,0.002402116823173643,0.0,1.1101630854607305,0.0,-0.3182152712599407,-1.0
61076126,20260207,40.32258064516129,2.5,2.2049169599999994,8.712874302134974,2.2142194416246865,4.627930602311333,4.88217,40.32258224487305,46879,17,0.07186723900045991,0.0304659498207885,0.12107781600000002,1.0,-0.11431222335012539,0.8511722409245334
61087629,20260207,57.142857142857146,1.67,0.5514060199999995,15.99233186168854,0.4873722633641182,3.573140772650664,0.26874,57.14285659790039,5071,17,0.0024530766253869967,0.0155125416179717,0.004702949999999999,1.0,-0.7081603213388513,1.1396053080674025
61095720,20260207,7.352941176470588,1.35,0.6012119099999996,1.6739063022983838,1.2261733138320572,4.3926811395877765,0.73719,7.352941036224365,2877,2,0.017003546099290782,0.006547619047619,0.10025784,0.9999998703003072,-0.09172347123551325,2.253837823711287
61100993,20260207,118.66019,5.1,35.57482887999999,0.0,3.314711938538495,0.0,117.92031,0.0,8192,0,0.005963890506697728,0.0,0.9937647158663744,0.0,-0.3500564826395108,-1.0
61106509,20260207,50.0,1.11,29.731472540000006,0.0,0.6189720329270982,0.0,18.40295,0.0,18744,0,0.005610632183908046,0.0,0.368059,0.0,-0.44236753790351513,-1.0
61112285,20260207,131.01449000000002,1.96,36.45122326,0.0,1.0054381368379899,0.0,36.64945,0.0,5231,0,0.000506928965985076,0.0,0.279735852118342,0.0,-0.4870213587561276,-1.0
61145915,20260207,7.368421052631579,8.1,0.01351633,0.0962125740844619,0.0,76.58400748380716,0.0,7.368421077728271,26806,2,0.008582863729508197,0.0089686098654708,0.0,0.9999998705727884,-1.0,8.454815293466833
61154489,20260207,5.9523809523809526,6.1,0.023762619999999898,0.2584445168251326,0.0,23.031473740210615,0.0,5.952381134033203,20510,1,0.006707217371398672,7.087172218284905e-05,0.0,0.9999998211860656,-1.0,2.775651491849968
61185226,20260207,280.8988764044944,3.0,3.1697488299999996,0.0,1.8745428482420168,0.0,5.9418299999999995,0.0,2263,0,0.0033821551337617694,0.0,0.0211529148,0.0,-0.37515238391932776,-1.0
61185244,20260207,445.2629400000001,1.3,301.10735144999995,0.0,0.7926854952248961,0.0,238.68343000000004,0.0,13593,0,0.007295121558525197,0.0,0.5360505188237763,0.0,-0.39024192675007996,-1.0
61185812,20260207,498.5705128205128,3.59,18.21317155,0.0,1.8193399161169161,0.0,33.13595,0.0,67957,0,0.030691446120494986,0.0,0.06646191290484334,0.0,-0.4932200790760679,-1.0
61190600,20260207,992.44652,6.1,135.64135211999996,0.0,3.1525223931835877,0.0,427.6124,0.0,19949,0,0.0025239119433198383,0.0,0.43086694485059,0.0,-0.4831930502977725,-1.0
61191979,20260207,346.15384615384613,6.0,20.44772062,0.0,1.9336790997294055,0.0,39.53933,0.0,6946,0,0.0035624166581187814,0.0,0.11422473111111112,0.0,-0.677720150045099,-1.0
61194572,20260207,309.0961200000001,3.13,146.59471051999998,0.0,2.1085080007564794,0.0,309.09612,0.0,16315,0,0.008944627192982457,0.0,0.9999999999999997,0.0,-0.3263552713238085,-1.0
61218808,20260207,804.4937299999997,4.0,165.45907342999993,29.6147045153,4.1432715401372615,3.395359975740803,685.54187,100.55258580000005,599199,59,0.2709346174715138,0.0033778851719705,0.8521407245771826,0.1249886532707323,0.03581788503431538,-0.1511600060647993
61218812,20260207,1560.8154700000005,4.0,64.79945852,88.14584272079999,3.0986670967015355,1.9527726903972256,200.79194999999999,172.12879639,521523,167,0.25519817968291253,0.0090918279754666,0.1286455406544631,0.1102813267449969,-0.22533322582461612,-0.5118068274006936
61218892,20260207,119.60393,4.0,0.6590469999999994,0.0,2.8258530878677877,0.0,1.86237,0.0,2101,0,0.011575757575757576,0.0,0.015571143857898316,0.0,-0.2935367280330531,-1.0
61245888,20260207,128.2051282051282,3.76,7.244865859999999,0.6293943792,2.092156058221346,99.76601683954657,15.15739,62.79227,4819,4,0.0017333908852199562,0.0001176481237247,0.118227642,0.48977972244158,-0.44357551643049303,25.53351518419944
61275566,20260207,729.8732500000002,1.8,380.58487383000016,0.0,1.1486562132662985,0.0,437.16117999999994,0.0,33835,0,0.011720184280716339,0.0,0.5989549281330694,0.0,-0.3618576592965008,-1.0
61292982,20260207,9.42855,2.24,0.6256063999999997,2.3938639729425875,1.4892590612883763,3.9386305715274994,0.9316899999999999,9.428549766540526,20124,16,0.1099672131147541,0.1632126534824456,0.09881583064203933,0.9999998988525016,-0.33515220478197494,0.7583172119459285
61325277,20260207,159.26296000000002,2.64,114.76722292000011,0.0,1.382764747306128,0.0,158.69607000000002,0.0,8885,0,0.009974180511899416,0.0,0.9964405408514321,0.0,-0.4762254745052546,-1.0
61361730,20260207,372.3404255319149,1.5,75.30825108,0.0,0.44157166742159853,0.0,33.25399,0.0,6373,0,0.0029048726013036147,0.0,0.08931071600000001,0.0,-0.7056188883856009,-1.0
61380657,20260207,27.354690000000005,7.1,9.962235880000001,0.0,2.362850095454676,0.0,23.539270000000002,0.0,17955,0,0.01990355836381776,0.0,0.8605204445745865,0.0,-0.6672042119077921,-1.0
61390918,20260207,14.285714285714286,1.45,3.180523099999999,4.359609843504528,0.3972837046836731,3.2768324197467464,1.26357,14.285714149475098,9510,45,0.0026764606551840596,0.0091559782826826,0.0884499,0.9999999332428016,-0.726011238149191,1.2598843530945265
61400136,20260207,267.85714285714283,2.25,0.5897171499999989,37.91605160779061,1.7456165214120056,7.06447873114725,1.02942,267.857147216797,14208,150,0.007076754495193505,0.0229423268974715,0.0038431680000000005,1.0000000000000004,-0.2241704349279975,2.1397683249543333
61404169,20260207,8.771929824561404,1.68,1.3943859299999994,2.445125682209098,0.33074774356049347,3.587515446431016,0.46119,8.771929740905762,6830,15,0.015572275421796625,0.3217592592592592,0.052575659999999996,0.9999998912811388,-0.8031263431187539,1.135425927642002
61404245,20260207,8.771929824561404,1.51,0.9756359899999988,3.340100673430733,0.5204400054983628,2.6262463237820577,0.50776,8.771929740905762,11517,5,0.010368203096867123,0.0471698113207547,0.057884639999999994,0.9999998912811388,-0.655337744703071,0.7392359869991422
61444303,20260207,1000.0,1.05,76.79421796,0.0,0.6856417240608619,0.0,52.65332,0.0,2343,0,0.004015424164524422,0.0,0.05265332,0.0,-0.34700788184679826,-1.0
61445437,20260207,67.55288000000002,5.6,23.472981179999998,0.0,2.877899465857281,0.0,67.55288,0.0,3453,0,0.001667632570269487,0.0,0.9999999999999998,0.0,-0.4860893810969141,-1.0
61446523,20260207,280.8988764044944,3.0,5.3362700499999995,0.0,1.898284739169076,0.0,10.129760000000001,0.0,2873,0,0.002981837052413077,0.0,0.036061945600000006,0.0,-0.3672384202769747,-1.0
61462330,20260207,7.462686567164179,5.1,0.03346303,0.0992126203516885,0.0,75.21836731935446,0.0,7.462686538696289,1398,1,0.0009484396200814112,9.861932938856015e-05,0.0,0.9999998807907104,-1.0,13.748699750176485
61515335,20260207,4.7828800000000005,2.04,2.1967934799999984,0.4843614134392362,2.187465523613992,9.874589143789448,4.80541,4.782879829406738,43633,2,0.01808546795987731,0.0047492401215805,1.0047105509651089,0.999999800606714,0.0722870213794079,3.840484964921224
61521770,20260207,101.2775,3.79,34.56488058000001,0.250512228,4.1200177061337895,0.1300530126097772,142.40792,0.03258,5436,1,0.5490909090909091,0.0054054054054054,1.406116067240996,0.0003216904167072,0.08707591190865156,-0.9656852206019044
61547249,20260207,70.0,8.7,1.840172769999998,0.6839864514,4.046842840740442,6.973344306591177,7.44689,4.76968,14952,11,0.0038398520763245074,0.0002964698072968,0.10638414285714286,0.0681382857142857,-0.5348456504896043,-0.1984661540837211
61552681,20260207,1.5432098765432098,3.88,0.1298749999999998,0.091661112,1.3054090471607336,6.121285968187161,0.16954,0.56109,3937,1,0.02909830007390983,0.0009578544061302,0.10986192,0.3635860873356393,-0.6635543692884707,0.5776509761957049
61619011,20260207,162.85718,1.46,52.408485999999996,0.0,0.7158806304765225,0.0,37.51822,0.0,4171,0,0.008682348043297252,0.0,0.23037498254605662,0.0,-0.5096708010434777,-1.0
61627716,20260207,498.5705128205128,3.59,13.355976779999999,0.0,1.9288458211889765,0.0,25.76162,0.0,12170,0,0.006199378533951403,0.0,0.051670965966802526,0.0,-0.4627170414515386,-1.0
61652353,20260207,1000.0,2.76,53.638024000000044,0.0,0.8649744442487286,0.0,46.395520000000005,0.0,1590250,0,0.07337606009431263,0.0,0.04639552,0.0,-0.6866034622287215,-1.0
61663854,20260207,141.18399000000002,3.6,47.95950828,0.0,2.476000781882912,0.0,118.74778,0.0,5127,0,0.004582588487665355,0.0,0.8410853100270079,0.0,-0.3122220050325244,-1.0
61697828,20260207,82.3529411764706,1.9,5.539783079999999,0.0,1.4736587844880022,0.0,8.16375,0.0,4965,0,0.003538088790707618,0.0,0.09913124999999999,0.0,-0.2243901134273672,-1.0
61709401,20260207,15.873015873015872,8.1,1.6325031599999984,0.0,2.87170041373764,0.0,4.68806,0.0,2118,0,0.005498442367601246,0.0,0.29534778000000006,0.0,-0.6454690847237481,-1.0
61709841,20260207,197.8021978021978,3.6,0.3534913699999999,13.57232628079758,3.192298584262468,14.57393387479225,1.12845,197.8022003173828,9560,17,0.0032396895862279304,0.0030700880077306,0.005704941666666666,1.0,-0.11325039326042563,3.048315072463794
61768085,20260207,40.32258064516129,2.3,2.802410779999999,7.660945170852779,1.792842090052195,5.263394539735362,5.02428,40.32258224487305,23636,18,0.02418747441670078,0.0983009153318077,0.12460214400000001,1.0,-0.2205034391077412,1.288432456024489
61798105,20260207,45.45454545454545,8.0,10.374591689999999,0.1816346135,2.458500610157507,12.185440714796826,25.50594,2.21331,15819,2,0.04744751049790042,0.0006361834351226,0.56113068,0.0486928214859869,-0.6926874237303116,0.5231800893496033
61831943,20260207,104.30993,5.6,47.090962860000005,0.0,1.9429874532830904,0.0,91.49715,0.0,9182,0,0.0035209755349336607,0.0,0.8771662486975115,0.0,-0.6530379547708767,-1.0
61834352,20260207,139.53488372093022,8.1,21.142283720000002,0.0,4.583750331016748,0.0,96.91095,0.0,3701,0,0.003429709943471411,0.0,0.694528475,0.0,-0.4341048974053398,-1.0
61861065,20260207,125.0,2.8,12.378150309999999,12.831728698799996,1.112624233434438,4.52162579495623,13.77223,58.02028,251668,42,0.031950538289660775,0.0007014447539034,0.11017784,0.46416224,-0.6026342023448436,0.6148663828425213
61880373,20260207,461.1956700000001,1.01,559.35460876,0.0,0.583894375562631,0.0,326.60401,0.0,110215,0,0.010199048711874445,0.0,0.7081679886543599,0.0,-0.42188675686868216,-1.0
61894872,20260207,59.70149253731344,5.1,1.1046315399999997,5.624055880000218,8.226643610049376,10.615378468499417,9.087409999999998,59.70149230957031,5999,6,0.004337358108596631,0.0008494623487427,0.15221411749999994,1.0,0.6130673745194856,1.081446797451304
61917856,20260207,183.66036000000005,3.5,39.25839492,0.0,1.1879578901541092,0.0,46.63732,0.0,11011,0,0.005503023639362287,0.0,0.25393242178116165,0.0,-0.6605834599559687,-1.0
61921752,20260207,50.0,2.83,5.9115299199999995,0.0,1.2549610845917871,0.0,7.41874,0.0,2278,0,0.0029458166300271563,0.0,0.1483748,0.0,-0.5565508535011353,-1.0
61927008,20260207,347.65362000000005,1.0,307.94050145,0.0,0.7964333981570192,0.0,245.2541,0.0,52743,0,0.04114760493056639,0.0,0.7054553322355739,0.0,-0.2035666018429808,-1.0
61939692,20260207,1000.0,1.29,9.942765969999998,0.0,1.21084414903512,0.0,12.039139999999998,0.0,3112,0,0.031182364729458917,0.0,0.012039139999999999,0.0,-0.061361124778976726,-1.0
61944621,20260207,147.54098360655738,7.1,9.787200359999998,0.0,2.3385574176597324,0.0,22.887929999999997,0.0,2033,0,0.002781121751025992,0.0,0.15512930333333333,0.0,-0.6706257158225729,-1.0
61974075,20260207,127.96638000000002,1.28,79.44294961,0.0,0.9657286187966856,0.0,76.72032999999999,0.0,4271,0,0.006751501738855517,0.0,0.5995350497529115,0.0,-0.2455245165650894,-1.0
61981383,20260207,103.8961038961039,4.0,30.162857709999994,0.0,2.3545835969134377,0.0,71.02097,0.0,3839,0,0.0017016843971631205,0.0,0.6835768362500001,0.0,-0.4113541007716406,-1.0
61991620,20260207,42.08653000000001,1.92,10.99126112,0.0,1.0846980951354197,0.0,11.9222,0.0,3853,0,0.005161419959812458,0.0,0.28327828404955213,0.0,-0.4350530754503022,-1.0
61992618,20260207,83.12442,4.0,9.788109599999999,0.0,3.4120040911679212,0.0,33.39707,0.0,4399,0,0.04470528455284553,0.0,0.40177206649983244,0.0,-0.1469989772080197,-1.0
62034028,20260207,313.8476000000001,2.57,108.55843762000006,0.0,1.8011911767231996,0.0,195.53449999999998,0.0,28096,0,0.0038723726827923645,0.0,0.6230237223416712,0.0,-0.2991474020532297,-1.0
62054606,20260207,13.043478260869565,6.2,1.0990061199999988,0.5960943327547946,1.5146321478173406,21.88153017707057,1.66459,13.04347801208496,39204,3,0.009777533918595371,0.0022471910112359,0.12761856666666668,0.9999999268849732,-0.7557044922875258,2.529279169391476
62086487,20260207,49.43966,8.0,0.5063748299999995,0.0,1.34088418257282,0.0,0.67899,0.0,2641,0,0.0007080998471726949,0.0,0.013733710951895704,0.0,-0.8323894771783975,-1.0
62097829,20260207,17.931050000000003,1.97,1.8195641399999993,4.285024973114929,1.8374510282446,4.184583584656581,3.34336,17.931049346923825,5353,61,0.0009055384511283283,0.0199835477663514,0.1864564540280686,0.9999998936287332,-0.06728374200781728,1.1241540730375863
62103297,20260207,2.336448598130841,2.96,0.5465646999999999,0.5355520532187875,0.3559322437032616,4.36268387490472,0.19454000000000002,2.3364486694335938,8076,3,0.07833171677982541,0.0483870967741935,0.08326312000000001,0.9999995918275716,-0.8797526203705197,0.4738796684732002
62103431,20260207,2.336448598130841,3.01,0.2243449599999997,0.8257126366483768,0.934186353016356,2.8296113394922053,0.20958,2.3364486694335938,3713,4,0.20627777777777778,0.0289089994972347,0.08970024,0.9999995918275716,-0.6896390853766259,-0.0599297845656433
62110322,20260207,50.68064999999999,1.96,13.75778575,0.0,2.069432575659931,0.0,28.47081,0.0,62855,0,0.07342016119612195,0.0,0.5617688407705901,0.0,0.05583294676527105,-1.0
62110977,20260207,118.0,9.1,6.754455839999997,5.12215534656794,3.73756533435268,23.037172631222973,25.24522,118.0,438721,42,0.03988590286742913,0.0015494906386105,0.21394254237288135,1.0,-0.5892785346865187,1.5315573258802735
62112393,20260207,11.67876,9.0,0.2765422499999996,0.0,8.383818385798204,0.0,2.31848,0.0,1385,0,0.001233193838482771,0.0,0.19852107586764348,0.0,-0.06846462380019958,-1.0
62112636,20260207,118.0,8.1,1.758430279999998,0.0,2.913416618371702,0.0,5.12304,0.0,1379,0,0.0010908084163898117,0.0,0.04341559322033898,0.0,-0.6403189360034935,-1.0
62112649,20260207,170.84410000000003,9.0,18.034290420000005,0.0,3.997236282723675,0.0,72.08732,0.0,78439,0,0.036973367900070706,0.0,0.4219479630844729,0.0,-0.555862635252925,-1.0
62123023,20260207,237.2979400000001,2.34,220.11151707,0.0,1.07469006233223,0.0,236.55166,0.0,19017,0,0.0008044280130623848,0.0,0.9968550928002152,0.0,-0.5407307425930641,-1.0
62141661,20260207,4.433497536945813,2.7,0.6754590699999994,1.5222266962145987,0.8644491219875108,2.9125060856001026,0.5839000000000001,4.433497428894043,9488,3,0.2657703081232493,0.0252416756176154,0.1317018888888889,0.9999997848935008,-0.6798336585231441,0.0787059385790352
62141774,20260207,3.886010362694301,2.03,0.0389869299999996,0.0,0.0,0.0,0.0,0.0,3969,0,0.009994963485268194,0.0,0.0,0.0,-1.0,-1.0
62145770,20260207,1.3192612137203166,2.27,0.7477690899999994,0.0777580707541918,1.034811428217768,16.966010273525967,0.7738,1.3192611932754517,36887,1,0.02167273795534665,0.0454545454545454,0.5865404000000001,0.9999992847442628,-0.5441359347058291,6.474013399154828
62150859,20260207,1.2315270935960592,5.6,0.0136458099999996,0.1709480023701275,0.0,7.204061287273325,0.0,1.2315270900726318,11370,3,0.17020958083832335,0.0096119929453262,0.0,0.9999992256170526,-1.0,0.2864395374924571
62161066,20260207,25.074780000000008,1.94,27.253421699999997,0.39294517,0.9091779473694491,0.7998805536137429,24.77821,0.31431,72252,2,0.011391542900387854,2.154568763062073e-05,0.9881725781841354,0.0125349048816151,-0.5313515735209025,-0.5876904484426799
62164374,20260207,8.309009999999999,2.51,5.170598479999997,1.4137012123000003,1.577384132909892,2.8342744073952946,8.156020000000002,4.00682,47991,9,0.09854414784394251,0.0030713021186171,0.9815874574708663,0.4822258916705853,-0.3715601064104015,0.1291929952845092
62204387,20260207,89.88764044943821,7.0,4.121756329999999,0.0,5.0488938049377605,0.0,20.810309999999998,0.0,1330,0,0.011280746395250212,0.0,0.23151469874999997,0.0,-0.2787294564374628,-1.0
62243688,20260207,1032.14053,5.5,297.12176547,0.0,3.4096952082841963,0.0,1013.0946599999999,0.0,65490,0,0.0071972569318519,0.0,0.9815472123742685,0.0,-0.38005541667560067,-1.0
62254595,20260207,6.25,6.78,0.00105222,0.0,0.0,0.0,0.0,0.0,3063,0,0.002160541722508288,0.0,0.0,0.0,-1.0,-1.0
62256963,20260207,29.98952,9.0,0.21673147999999937,0.0,1.8715786003952963,0.0,0.40563,0.0,4045,0,0.002596944016435542,0.0,0.013525724986595317,0.0,-0.7920468221783004,-1.0
62259395,20260207,359.21541,2.06,279.33086143,0.0,1.201357087011651,0.0,335.57610999999997,0.0,42563,0,0.010578337806939059,0.0,0.9341918544084731,0.0,-0.4168169480525966,-1.0
62269771,20260207,313.4800300000003,1.5,218.52118453999998,0.0,1.281411459440188,0.0,280.01555,0.0,138696,0,0.14471619365609348,0.0,0.8932484471179863,0.0,-0.14572569370654134,-1.0
62285840,20260207,23.80952380952381,1.19,0.6947140099999998,3.481833448283895,0.7779172324450462,6.838212697869051,0.54043,23.80952453613281,2904,4,0.0005787858253278591,0.0408163265306122,0.02269806,0.9999999198913664,-0.346288039962146,4.746396948787883
62326550,20260207,40.32258064516129,2.3,0.6950244499999997,9.135240106935528,4.5268767163514925,4.413959278454064,3.1462900000000005,40.32258224487305,8543,21,0.009443953128454566,0.0566697614605243,0.07802799200000002,1.0,0.9682072679789099,0.9191127695497792
62326559,20260207,40.32258064516129,2.3,0.8333575799999995,2.621315771,0.0,1.9256657783005504,0.0,5.04778,6016,1,0.01201517874975035,0.0001761804087385,0.0,0.1251849390335565,-1.0,-0.162753992076717
62326943,20260207,120.62792,2.1,65.14375743000001,0.0,0.8276395487001923,0.0,53.91555,0.0,13051,0,0.017821930902635532,0.0,0.44695747054247476,0.0,-0.6058859291903845,-1.0
62370833,20260207,248.92276000000004,8.02,32.929337829999994,0.9429011757,7.4122094789781565,9.62061625668174,244.07914999999997,9.0713,16934,2,0.0036212390137501872,4.212718861496222e-05,0.9805417150283885,0.0364422281017779,-0.07578435424212507,0.1995780183988155
62371800,20260207,264.7058823529412,1.58,27.10017516,0.0,0.8880702747457814,0.0,24.06686,0.0,9483,0,0.014819503047351149,0.0,0.09091924888888887,0.0,-0.4379302058571004,-1.0
62390621,20260207,27.77777777777778,2.99,6.15675128,0.0,1.2665624523977845,0.0,7.797909999999999,0.0,2863,0,0.013303903345724908,0.0,0.28072475999999996,0.0,-0.5764005175927143,-1.0
62408382,20260207,15.62024,6.06,5.834387239999998,0.4366111745,2.512819152538803,13.1763389479191,14.66076,5.752949999999999,536599,8,0.3100652952733156,0.0006022912676403,0.9385745673561994,0.3683009717437134,-0.5853433741685143,1.1743133782729882
62425774,20260207,14.70207,2.61,0.512991599999999,2.2909914214,0.9221008687081835,4.075591832073444,0.47303000000000006,9.33715,23960,19,0.02187328829651269,0.0162337662337662,0.03217438088650102,0.6350907895499026,-0.6467046480045273,0.5615295003388535
62440154,20260207,11.11111111111111,6.81,0.0114356,0.0,3.1498128650879704,0.0,0.036019999999999996,0.0,134734,0,0.039243293624209946,0.0,0.0032418,0.0,-0.537472413349784,-1.0
62456302,20260207,10.454783063251435,9.0,1.3220808099999997,0.0,4.990753931297135,0.0,6.598179999999999,0.0,4304,0,0.0013423572341951782,0.0,0.631115917,0.0,-0.4454717854114294,-1.0
62465463,20260207,469.2045099999999,4.78,106.12060824999999,29.538946939799995,4.069732798577321,8.017690761453828,431.88252,236.83415,4881766,48,0.08436022610039037,0.0001379576200917,0.920456881371409,0.5047567763365899,-0.14859146473277812,0.6773410898605988
62469263,20260207,1466.2635899999996,7.6,182.21347595999993,0.79991816,4.836374946238639,8.263560032741307,881.2526900000001,6.61018,474263,5,0.007028242609618315,1.6503526343888055e-05,0.6010192819423419,0.0045081799932082,-0.3636348754949159,0.0873105442678053
62474596,20260207,1000.0,2.77,0.7771889399999993,148.53663870229997,0.1782320782897401,4.23461027030532,0.13852,628.9947800000004,25049,1057,0.0033319144973995396,0.0117912473670724,0.00013852,0.6289947800000004,-0.9356562894260867,0.5287401803118141
62497963,20260207,479.75704,1.0,508.4812406699999,4.3407722968,0.8405779128386582,0.4824186514287073,427.4181,2.09407,172994,2,0.11075869133747358,8.573388203017832e-05,0.8909053215769381,0.0043648550905466,-0.15942208716134176,-0.5175813485712927
62522391,20260207,551.4975700000001,4.91,104.57649042999999,72.41536900769998,3.847171752902743,6.572938865732352,402.32372000000004,475.9818000000001,4134875,51,0.08061819550162216,0.0002163979908269,0.7295113195149707,0.8630714544116829,-0.21646196478559204,0.3386841283094378
62524259,20260207,100.0,6.5,2.4040944999999994,2.7436212307985963,3.2069704414697515,36.44816654328269,7.70986,100.0,54331,92,0.006929355797314015,0.0014251123584071,0.0770986,1.0000000000000002,-0.5066199320815767,4.607410237428106
62527634,20260207,156.86274509803923,7.1,7.121498639999998,0.0,3.71790704996891,0.0,26.477069999999998,0.0,2811,0,0.0040422778257118205,0.0,0.16879132124999996,0.0,-0.4763511197226887,-1.0
62529276,20260207,107.15096,6.71,4.973098589999998,8.500371753248338,3.0067732882005873,12.605442836450097,14.95298,107.15096282958984,141631,15,0.008479882648784577,0.0001264668421572,0.13955059292049274,1.0,-0.5518966783605682,0.8786054791038725
62537340,20260207,1000.0,2.56,23.62376996000001,0.0,1.2114840285212456,0.0,28.619819999999997,0.0,1048631,0,0.011972450249466245,0.0,0.028619819999999997,0.0,-0.5267640513588885,-1.0
62552000,20260207,28.349000000000004,1.04,43.49290014,18.486769900117835,0.6384642070456329,1.533474995928328,27.768659999999997,28.349000930786133,71404,68,0.051896213387600844,0.0161143035464982,0.9795287311721752,0.999999932719022,-0.3860921086099684,0.4744952424767862
62559786,20260207,10.454783063251435,7.8,0.6594465799999987,0.0,6.573587810554736,0.0,4.33493,0.0,3243,0,0.0021246069182389938,0.0,0.4146360545000001,0.0,-0.157232331980162,-1.0
62621349,20260207,1.25,3.15,0.6255034799999991,0.2360184151720091,0.817645331085929,5.296174465515939,0.51144,1.25,21664,3,0.12818934911242605,0.0481283422459893,0.409152,0.9999992370611288,-0.7404300536235146,0.6813251762451669
62626344,20260207,999.4573299999998,4.41,231.98193855999997,76.2080023673,3.9039427621894944,4.1127299218087945,905.6442099999999,313.42293573000006,4846691,142,0.13283627782558885,0.0005216051288402,0.9061359427920751,0.3135931112886223,-0.11475220812029607,-0.0674081487276603
62630587,20260207,7.25892,1.96,1.5839314599999992,0.9875313255289376,2.1626882769283475,7.350564639826364,3.42555,7.258920192718506,18733,7,0.06058538163001294,0.0548245614035087,0.47190904432064273,0.999999868620378,0.10341238618793243,2.7502880085531785
62640299,20260207,179.92026000000004,5.5,68.36117978,1.2086349875149254,2.558909172763841,148.8622376190313,174.93005,179.92025756835938,12430,1,0.006127680552132118,0.001231527093596,0.9722643242067345,1.0,-0.5347437867702107,26.06586138527842
62644097,20260207,48.88049,9.4,6.693235189999998,0.0,5.857136181105869,0.0,39.20319,0.0,11134,0,0.0026967326277036355,0.0,0.8020212154174395,0.0,-0.37690040626533317,-1.0
62658588,20260207,4.545454545454546,2.01,0.2017653299999995,1.0684777857534895,0.0,4.254136406555106,0.0,4.545454502105712,10142,22,0.011223992917220009,0.0221428948402316,0.0,0.9999997901916922,-1.0,1.116485784447506
62665519,20260207,354.54545454545456,2.61,25.28079539,0.0,1.5743673957245692,0.0,39.80126,0.0,15789,0,0.008859772178890073,0.0,0.1122599641025641,0.0,-0.3967941012549543,-1.0
62676303,20260207,416.91595,2.04,56.357969910000016,0.0,1.4724080752467967,0.0,82.98193,0.0,6661,0,0.005170780934637478,0.0,0.19903755181350102,0.0,-0.27823133566333497,-1.0
62693338,20260207,49.58663000000001,1.83,5.146988039999998,4.4801960011,1.5020648853110607,3.935438552293798,7.731109999999999,17.631539999999998,62999,6,0.07116118829775217,0.0002921444497531,0.15591118009027832,0.3555704303538515,-0.1791995162234641,1.1505128196742076
62694436,20260207,89.88764044943821,7.1,18.698880709999997,0.0,1.8978055719143634,0.0,35.48684,0.0,1926,0,0.004319354115272483,0.0,0.394791095,0.0,-0.7327034405754418,-1.0
62695450,20260207,4.3478260869565215,2.44,0.3593056899999997,0.6556548081939232,1.0693401487741547,6.631262851167124,0.38422,4.34782600402832,5850,9,0.2611607142857143,0.2571428571428572,0.08837060000000001,0.9999997806549512,-0.56174584066633,1.717730612974316
62708257,20260207,392.89094,1.85,310.1368070499999,0.0,1.2143733070008726,0.0,376.62185999999997,0.0,27589,0,0.001176899680489376,0.0,0.9585913587114021,0.0,-0.34358199621574453,-1.0
62715156,20260207,100.03554,1.47,80.51573367,0.0,0.9892120008052085,0.0,79.64713,0.0,9468,0,0.004812932086213908,0.0,0.7961883346658598,0.0,-0.3270666661189057,-1.0
62719226,20260207,1000.0,1.5,0.9098026499999986,27.994234187781935,0.6072086072732377,35.72164030530289,0.55244,999.9999999999998,5223,190,0.0022071501014198783,0.0331027739917922,0.0005524400000000001,0.9999999999999998,-0.5951942618178415,22.814426870201927
62746245,20260207,272.72727272727275,7.1,2.0544277699999984,6.881136961299999,3.1640635387244616,8.701448849993426,6.50034,59.87586999999999,57735,26,0.029068069680797504,0.0026571476269369,0.023834579999999998,0.2195448633666441,-0.5543572480669772,0.2255561925171228
62750176,20260207,147.54098360655738,7.1,13.391760140000002,0.0,3.9217234665913003,0.0,52.51878000000001,0.0,2316,0,0.0029860752965446104,0.0,0.35596062000000006,0.0,-0.44764458217023934,-1.0
62789285,20260207,245.01463,1.42,284.54943309000004,0.0,0.8472182755104991,0.0,241.07547999999997,0.0,15256,0,0.01341540626099191,0.0,0.9839227967734007,0.0,-0.40336741161232453,-1.0
62805482,20260207,23.43981,9.5,2.5961909499999987,0.0,9.028538521020579,0.0,23.43981,0.0,2726,0,0.005712489522212909,0.0,1.0,0.0,-0.04962752410309696,-1.0
62805489,20260207,153.19595999999993,9.0,2.0544968399999988,0.0,3.3657973404330006,0.0,6.91502,0.0,3784,0,0.0005653330146114082,0.0,0.0451383966000148,0.0,-0.6260225177296665,-1.0
62835645,20260207,40.17131,2.0,8.572203199999999,3.718847792406663,2.020647387360113,10.802082221473627,17.3214,40.17131042480469,43453,8,0.00723866797714438,0.0003424034749813,0.4311883281874552,1.0,0.01032369368005659,4.401041110736814
62859145,20260207,41.66666666666666,1.85,27.633851930000002,0.0,0.8610153249815143,0.0,23.79317,0.0,4616,0,0.011595076613916101,0.0,0.5710360800000002,0.0,-0.5345863108208031,-1.0
62859279,20260207,41.48365,1.48,13.259566359999997,0.0,1.0155596068829509,0.0,13.465879999999999,0.0,49848,0,0.025848068446979518,0.0,0.32460692345056424,0.0,-0.3138110764304386,-1.0
62860871,20260207,55.55555555555556,2.59,20.898627779999998,6.022175083032299,1.6524099267918542,9.225163210937382,34.533100000000005,55.55555725097655,292851,24,0.016188825685334748,0.0001963755841686,0.6215958,0.9999999999999998,-0.36200388926955435,2.561839195618723
62863090,20260207,5.154639175257732,1.96,0.878517069999999,1.43374308594906,1.077349584112237,3.5952296470450653,0.9464699999999999,5.154639244079589,16877,11,0.13687753446877535,0.0443980655205002,0.18361517999999996,0.9999998149872192,-0.45033184484069544,0.8343008046285932
62867831,20260207,23.834820000000004,2.71,5.408050499999998,3.931849035700001,1.1625594102717793,4.963978743539542,6.287179999999999,19.517619999999997,12435,40,0.013547227366815557,0.0086169351358823,0.2637813081869298,0.8188699812736733,-0.5710112877225907,0.8317264478467613
62875385,20260207,15.734370000000002,6.34,10.746493319999997,0.0153701196,1.2864261474272245,4.893592786826016,13.82457,0.07522,175064,1,0.032017264713413075,1.840366601026925e-05,0.8786224043288672,0.0047806168491983,-0.7970936675982295,-0.2281399575631671
62885425,20260207,587.5,6.1,12.843121099999998,0.0,3.289800794605916,0.0,42.25131,0.0,2410,0,0.0036883991429445973,0.0,0.07191712340425531,0.0,-0.460688394326899,-1.0
62888101,20260207,70.0,8.5,1.910867519999999,0.0,3.7311639479852605,0.0,7.12976,0.0,5622,0,0.001985940866862129,0.0,0.10185371428571428,0.0,-0.5610395355311458,-1.0
62896186,20260207,3.886010362694301,1.84,0.1361367799999993,0.2033867159999999,2.6488800454954338,11.291439056230912,0.36061,2.29654,15361,1,0.18964197530864196,0.0020242914979757,0.09279697333333332,0.5909761413495324,0.43960872037795307,5.136651549672863
62896511,20260207,1000.0,1.0,572.3367657900001,0.0,0.5633462137539886,0.0,322.4237499999999,0.0,25409,0,0.00437467718053786,0.0,0.32242374999999995,0.0,-0.43665378624601137,-1.0
62905440,20260207,2570.3447100000008,5.1,306.9945056899999,0.0,2.7067632957545396,0.0,830.96146,0.0,74420,0,0.006862781261527112,0.0,0.32328794529664456,0.0,-0.4692620988716589,-1.0
62905524,20260207,9.39662,6.92,0.7781126999999994,0.0986140396,5.856349600771203,27.75286620682957,4.5569,2.73685,13792,15,0.008394911437092945,0.000894450836122,0.4849509717323888,0.2912589613532674,-0.15370670509086656,3.010529754458155
62926061,20260207,694.6908400000003,4.04,113.74578940999999,0.0,3.539709839708607,0.0,402.62709,0.0,126795,0,0.021483759467290194,0.0,0.5795773699851863,0.0,-0.123834198091929,-1.0
62932631,20260207,405.3672800000001,5.0,151.14995084000003,0.0,2.3348014209648547,0.0,352.90512,0.0,77916,0,0.007008725375550958,0.0,0.8705811677745671,0.0,-0.533039715807029,-1.0
62951533,20260207,4.62962962962963,3.3,0.4917026799999982,0.118350934679389,2.1750542421286045,39.1174814717688,1.06948,4.629629611968994,2481,4,0.001283762806581807,0.0002890091956823,0.23100768,0.9999997940063892,-0.34089265390042284,10.853782435454908
62952235,20260207,114.07776999999996,5.5,25.500999999999998,5.039673818798518,4.349893337516176,22.63593793649839,110.92662999999999,114.07776641845705,403084,25,0.03554313225814985,0.0010735404582519,0.9723772650885447,1.0,-0.20911030226978625,3.1156250793633435
62957523,20260207,1233.7502500000005,4.1,419.77348746999985,0.0,2.471231201980418,0.0,1037.3573399999998,0.0,68128,0,0.007876160418039515,0.0,0.8408163159440084,0.0,-0.3972606824438004,-1.0
62974470,20260207,256.19916000000006,9.0,43.75084866,0.0,4.557627248549926,0.0,199.40006,0.0,205148,0,0.02219039686746206,0.0,0.7783009905262763,0.0,-0.4935969723833416,-1.0
62991598,20260207,53.40617000000002,7.91,10.574299029999999,0.0,3.636666590466187,0.0,38.455200000000005,0.0,16144,0,0.003839421613394216,0.0,0.7200516344834312,0.0,-0.5402444259840472,-1.0
63007107,20260207,10.31706,3.0,1.3720628999999993,2.391701405295123,1.721641187149657,4.313689047491668,2.3622,10.317060470581051,4996,17,0.004669158878504673,0.0102862434389572,0.22896057597804026,0.9999999075633768,-0.42611960428344764,0.4378963491638892
63014188,20260207,392.33176,5.5,58.82476267000001,1.2812826619962483,3.468668648009013,306.20210670644263,204.04361,392.3317565917969,23881,2,0.0037035141589901056,0.0001124859392575,0.5200792563926,1.0,-0.3693329730892703,54.673110310262295
63014342,20260207,16.374660000000002,3.71,10.03253646,5.1118289835,1.6321555436440447,1.3606594942419603,16.37466,6.95546,50906,3,0.07819662058371736,0.0003987115921708,0.9999999999999998,0.4247696734377094,-0.5600658912010662,-0.6332454231128346
63017961,20260207,35.714285714285715,1.45,5.081967689999999,0.0,0.5707789141807788,0.0,2.90068,0.0,3460,0,0.008777270421106037,0.0,0.08121903999999999,0.0,-0.6063593695304974,-1.0
63031379,20260207,10.454783063251435,8.0,0.3179932499999987,0.0,3.7103617765471593,0.0,1.17987,0.0,2650,0,0.009423897581792318,0.0,0.11285456550000002,0.0,-0.536204777931605,-1.0
63038979,20260207,1000.0,2.25,255.66614177999998,0.0,1.6327005097108018,0.0,417.42624000000006,0.0,23412,0,0.0043872273442770405,0.0,0.41742624000000006,0.0,-0.27435532901742143,-1.0
63049514,20260207,6.738544474393531,1.35,3.2368360099999984,3.933253316557457,0.6516178124204695,1.7132236875059663,2.10918,6.738544464111326,3907,24,0.0018683946248386017,0.0051330612581595,0.313002312,0.999999858474751,-0.5173201389478005,0.269054560925443
63049540,20260207,42.85714285714285,2.7,1.63084324,8.591710568800002,0.8899874398719032,2.2227983687617385,1.4514299999999998,19.09764246,1052,26,0.013715775749674055,0.0216712103846516,0.0338667,0.4456116517337548,-0.6703750222696655,-0.1767413594423305
63049739,20260207,2000.0,2.71,182.5504879,0.0,2.4596120512477686,0.0,449.00338,0.0,110322,0,0.007533751715754898,0.0,0.22450169,0.0,-0.09239407703034368,-1.0
63050276,20260207,4.545454545454546,2.32,0.0025585199999999995,0.0037500888,0.0,6.640738550364363,0.0,0.0249099999999999,3088,1,0.013304610081861267,0.0001282544568423,0.0,0.0054801989024717,-1.0,1.8623873885557485
63052095,20260207,14.06198,2.43,13.194284979999995,0.0,0.5511545347870759,0.0,7.27209,0.0,334006,0,0.04620042879867211,0.0,0.5171455228922243,0.0,-0.7731874342440017,-1.0
63053963,20260207,24.875621890547265,6.0,3.1709264699999995,0.0,4.788862228016281,0.0,15.18513,0.0,10146,0,0.005146596327483007,0.0,0.610442226,0.0,-0.20185629533061977,-1.0
63055893,20260207,13.28341,3.03,3.9203477099999997,2.2632412300619107,2.5349460647713826,5.869195040587102,9.93787,13.28341007232666,13982,17,0.07720596355604638,0.0410788817660933,0.7481414787317413,0.9999999282056156,-0.1633841370391476,0.9370280844904026
63056684,20260207,1319.2388100000005,9.52,51.22440965999999,0.7365911486000001,10.603609170027088,1.9719868081146144,543.16362,1.45255,129865,4,0.10832012678288432,0.0002853464210296,0.4117250158824541,0.0011010516318559,0.11382449264990425,-0.7928585385196661
63064394,20260207,11.11111111111111,6.35,0.0083857599999998,0.0998991062,1.5216271393410146,27.650921556277588,0.01276,2.7623300000000004,63425,4,0.02161135341420199,0.0001147533135129,0.0011484000000000002,0.2486096881453663,-0.7603736788439347,3.3544759010319325
63088516,20260207,1000.0,3.98,0.22627416999999958,3.0178302389999985,0.9415126790654028,3.8074594269915054,0.21304,11.49027,9050,18,0.050502232142857144,0.010016836673941,0.00021304,0.0114902699999999,-0.7634390253604515,-0.0433519073505298
63089129,20260207,1000.0,3.32,25.49643398999998,0.378419015,1.52297611561012,4.019290575843352,38.83046,1.52098,1039747,1,0.00801911327131405,0.0002902757619738,0.038830460000000004,0.00152098,-0.5412722543343012,0.2106297158619292
63115257,20260207,1000.0,9.5,0.0012530799999999,0.0,0.0,0.0,0.0,0.0,2395,0,0.0025427327741798494,0.0,0.0,0.0,-1.0,-1.0
63115262,20260207,1000.0,9.5,0.015624509999999897,0.0,0.0,0.0,0.0,0.0,8467,0,0.0027850141438063285,0.0,0.0,0.0,-1.0,-1.0
63118770,20260207,299.31642000000005,5.2,17.39955433,4.7242251658,4.548526272511716,7.315960071980853,79.14233,34.56225,126908,6,0.006458323791494277,7.623123278491986e-05,0.2644102518665698,0.1154706166394779,-0.1252834091323623,0.4069154500632074
63118785,20260207,70.0,9.0,7.83276084,0.0213294048,6.856636005753496,8.691818169339196,53.70639,0.1854,22254,1,0.010747090355918289,0.0002314814814814,0.7672341428571429,0.0026485714285714,-0.23815155491627818,-0.0342424256289781
63119851,20260207,20.0,2.42,0.5738863799999998,0.8691029550282018,0.1583588723607625,23.01220686465639,0.09088,20.000000000000007,1674,15,0.013212312549329124,0.0237232222582424,0.004544,0.9999999046325778,-0.9345624494377014,8.509176090563567
63129337,20260207,1848.98638,6.1,501.9724976299999,0.0,3.499209634577844,0.0,1756.5069999999996,0.0,143884,0,0.008111990618586924,0.0,0.9499837419029553,0.0,-0.42635907629871406,-1.0
63135763,20260207,84.18721000000001,2.1,35.578376250000005,19.781182488800003,1.3908939984297342,0.4846494652571254,49.485749999999996,9.58694,7019,6,0.00028126177099946305,1.5533900148089847e-05,0.5878060337193737,0.1138764426395335,-0.33766952455726945,-0.7692145298730748
63136956,20260207,1000.0,1.2,205.14129334999998,0.0,0.7065947456648421,0.0,144.95176,0.0,25676,0,0.002855490558064014,0.0,0.14495176,0.0,-0.4111710452792982,-1.0
63138541,20260207,887.555370000001,1.17,184.95327466999998,0.0,0.7450620717360669,0.0,137.80167,0.0,20159,0,0.005813028057325759,0.0,0.15525980086177593,0.0,-0.3631948104819941,-1.0
63139989,20260207,582.36534,2.31,317.78170979000004,70.90970277599999,1.4538725035664046,2.7350587514320064,462.01409,193.942205874,1556932,52,0.050493836369474056,0.0004579022046144,0.7933406373394406,0.3330249708839132,-0.37061796382406725,0.1840081468318164
63153776,20260207,131.89886999999993,8.5,21.567000660000005,0.2012727074999999,4.5428148097436925,11.85067850951173,97.97489000000002,2.38523,347190,1,0.005814691562927594,1.1816308396196097e-06,0.7428031036202211,0.0180837796033467,-0.46555119885368323,0.3941974717072624
63155109,20260207,107.97988,3.79,18.7744043,1.5100692736,3.21094022674264,1.0529404013823902,60.28349,1.5900139999999998,6426,5,0.401625,0.0279894179894179,0.5582844692918718,0.0147250949070732,-0.1527862198568232,-0.7221793108231113
63155864,20260207,1000.0,9.0,0.0059480099999998995,0.0,35.45219325455128,0.0,0.21087,0.0,5311,0,0.0005500264087241997,0.0,0.00021087,0.0,2.939132583839031,-1.0
63156076,20260207,1000.0,9.0,1.9238692299999978,0.8248618161000001,2.616685126774446,7.992468409681292,5.03416,6.59269,424013,6,0.050271266820795545,0.0001195301161603,0.00503416,0.00659269,-0.7092572081361728,-0.1119479544798564
63158529,20260207,1000.0,7.66,0.00066175,0.0,0.0,0.0,0.0,0.0,2431,0,0.003409059038003085,0.0,0.0,0.0,-1.0,-1.0
63163299,20260207,309.54889000000003,3.72,99.73916304,0.0,2.0701145237923786,0.0,206.47149000000002,0.0,54211,0,0.007639656144306652,0.0,0.667007689803055,0.0,-0.4435176011310811,-1.0
63169453,20260207,1000.0,3.98,0.05765783000000001,2.0449338971,0.0,4.4309674664214524,0.0,9.06104,2566,10,0.07481049562682215,0.037327088620192,0.0,0.00906104,-1.0,0.1133084033132612
63178103,20260207,24.0051,8.5,0.8585304199999988,0.0,6.398736575927044,0.0,5.49351,0.0,6752,0,0.002830196588003521,0.0,0.22884761988077534,0.0,-0.24720746165564186,-1.0
63195753,20260207,72.20216606498195,4.15,10.571041659999999,0.2228099041,2.0553631987105425,5.157063585560847,21.727330000000002,1.14905,2174,1,0.14025806451612904,0.009090909090909,0.30092352050000004,0.0159143430220922,-0.5047317593468573,0.2426658956749378
63196383,20260207,1000.0,8.0,1.4307406499999988,0.0,2.846455784981019,0.0,4.07254,0.0,137689,0,0.013906575093424906,0.0,0.00407254,0.0,-0.6441930268773726,-1.0
63196659,20260207,131.08508,4.15,41.06715432,0.0,2.443052401883589,0.0,100.32921,0.0,705837,0,0.08316880331809398,0.0,0.7653747474540962,0.0,-0.4113126742449184,-1.0
63201724,20260207,38.30118,1.53,55.162574809999946,0.0,0.6882927443248557,0.0,37.96800000000002,0.0,4717,0,0.01245576973857935,0.0,0.9913010512992032,0.0,-0.5501354612255845,-1.0
63204129,20260207,11.47175,3.76,0.7570996899999991,2.0354991050851376,7.1063693078516605,5.635838696711633,5.38023,11.471750259399414,228723,8,0.013768789467664357,0.0023371311714869,0.4689981912088391,0.9999999168675908,0.8899918371945906,0.4988932742037748
63204861,20260207,111.72721,3.6,60.63759065,0.0,1.8356304860869337,0.0,111.30821,0.0,9074,0,0.022839164359426126,0.0,0.9962497944771019,0.0,-0.4901026427536295,-1.0
63204884,20260207,184.27386,3.4,78.66949489,13.0817653376,2.3226391659879133,7.494640820651375,182.72084999999998,98.04314,306129,10,0.023265617875056998,7.070839915349865e-05,0.9915722718349742,0.5320512495632038,-0.31687083353296663,1.2043060618918726
63219307,20260207,33.47138,1.09,8.01462566,0.0,0.7191227943140142,0.0,5.7635,0.0,1067,0,0.0012850776827652655,0.0,0.17219188452940987,0.0,-0.34025431714310633,-1.0
63225492,20260207,135.48968000000002,4.48,8.7729203,0.0,3.8448781986541016,0.0,33.73081,0.0,2541,0,0.003021043871121151,0.0,0.24895482814632075,0.0,-0.14176825922899525,-1.0
63231083,20260207,5.645161290322581,7.02,0.1406970999999993,0.0186228253114218,3.9112391086952236,303.11501839656245,0.5503,5.645161151885986,3852,1,0.0014747884681649375,0.0019685039370078,0.09748171428571428,0.9999998211860656,-0.4428434318097972,42.17877766668551
63236174,20260207,23.102310231023104,7.91,1.8509005299999988,0.163757295,3.41908703219184,17.367914095588258,6.32839,2.8441400000000003,2346,1,0.001385133140461711,0.0001270325203252,0.2739288814285714,0.1231106215328016,-0.5677513233638635,1.195690825616193
63252365,20260207,45.90532,2.5,16.153913609999996,2.747718636017813,1.3372103207626356,16.706696932295603,21.60118,45.90531921386719,111546,14,0.034644842687206884,0.00143132121274,0.47055940357239634,1.0,-0.4651158716949458,5.6826787729182415
63259521,20260207,6.334726973267452,3.86,9.433348259999999,0.6611282084,0.6430908552081803,0.2534905399287755,6.0665,0.16759,1845,1,0.05125,0.0217391304347826,0.9576576899999999,0.026455754097118,-0.8333961515004714,-0.93432887388136
63276032,20260207,2662.6699100000005,1.0,2759.05372097,231.6208914082,0.7121862597547318,0.1978536136686974,1964.9601499999999,45.82703056413094,272728,32,0.2127031664326938,0.0024875621890547,0.7379661078605119,0.0172109318498856,-0.2878137402452682,-0.8021463863313025
63277194,20260207,72.20216606498195,4.15,6.394276399999999,0.0,1.3477177808578937,0.0,8.61768,0.0,1620,0,0.17608695652173914,0.0,0.11935486799999999,0.0,-0.675248727504122,-1.0
63287123,20260207,307.8781,3.79,94.91277078999994,0.0,2.770039034912471,0.0,262.91208,0.0,27674,0,0.6122566371681416,0.0,0.8539486244718283,0.0,-0.26911898814974383,-1.0
63322976,20260207,94.94436,3.45,34.85537662,22.546491796607253,1.8235132184321237,4.211047797197559,63.559239999999996,94.9443588256836,2681385,29,0.12720284066111312,0.0003491832526634,0.6694367100899937,1.0000000000000002,-0.4714454439327178,0.2205935475348183
63324168,20260207,50.0,3.0,0.9346518599999998,7.601172536197876,1.7914691786950494,6.577931652512977,1.6743999999999999,50.00000000000001,18881,34,0.030409083588339506,0.0974996903376381,0.033488,1.0000000000000002,-0.4028436071016502,1.1926438841709923
63333258,20260207,41.27358490566038,3.44,0.2636811899999995,0.1478060839,2.44753901482317,0.1612913222490007,0.64537,0.02384,7570,1,0.000604608442154866,9.25925925925926e-06,0.01563639314285714,0.000577609123719,-0.28850610034210167,-0.9531129884982256
63333682,20260207,273.87567,3.79,46.25782208,0.0,3.609786464032334,0.0,166.98086,0.0,10298,0,0.635679012345679,0.0,0.6096958521361171,0.0,-0.04754974563790659,-1.0
63334016,20260207,133.70215,3.79,45.665018149999995,0.0,2.4448922725326896,0.0,111.64605,0.0,9951,0,0.3827307692307692,0.0,0.8350355622553565,0.0,-0.3549096906246202,-1.0
63338096,20260207,44.41921000000001,1.97,64.86024656000001,0.0,0.6848887007992897,0.0,44.42205,0.0,4549,0,0.0015275865542832196,0.0,1.0000639363014334,0.0,-0.652340761015589,-1.0
63339310,20260207,12.987012987012989,1.94,5.341698699999999,0.6686834963999999,0.8382239904321075,2.769617076469728,4.47754,1.852,1751,1,0.0032211184694628404,4.653760238272524e-05,0.34477058,0.1426039908881498,-0.5679257781277796,0.427637626175076
63339821,20260207,10.85282,2.0,2.33709963,4.213349760154574,1.3221173630496872,2.575816971864261,3.0899199999999993,10.852820396423338,45365,15,0.0212233918128655,0.0283018867924528,0.2847112547706494,0.9999999121265994,-0.3389413184751564,0.2879084859321306
63339996,20260207,162.68000999999998,2.0,55.59990414000002,0.0,2.0165099514864013,0.0,112.11776,0.0,140241,0,0.7688651315789473,0.0,0.6891919910749945,0.0,0.008254975743200665,-1.0
63344858,20260207,179.59183673469389,8.8,1.1729856499999987,0.0,3.45213089350241,0.0,4.049300000000001,0.0,1350,0,0.0032782904322486645,0.0,0.02254723863636364,0.0,-0.6077123984656352,-1.0
63350356,20260207,7.170259999999998,1.0,22.22256703,0.0,0.2762840130805536,0.0,6.13974,0.0,1467,0,0.035264423076923075,0.0,0.8562785728829919,0.0,-0.7237159869194464,-1.0
63352392,20260207,72.20216606498195,4.15,1.33522697,0.9279727887,1.8795306388995427,3.452198800235358,2.5096000000000003,3.20355,40758,2,0.004318362416960681,1.942828125012675e-05,0.034757960000000004,0.0443691689555925,-0.5471010508675801,-0.1681448865292837
63352636,20260207,507.4560800000001,4.15,0.3064362899999994,0.0,12.11534051662095,0.0,3.71258,0.0,26494,0,0.0027641971058040417,0.0,0.007316061717104659,0.0,1.919359160631554,-1.0
63354033,20260207,4.67689,2.06,2.139330179999999,1.380103860539801,1.234563988621897,3.3887931490680705,2.64114,4.676889896392822,162457,7,0.045727756354322066,0.0243878928089454,0.5647214281285213,0.999999796087968,-0.40069709290199174,0.6450452636885027
63355127,20260207,1.6891891891891893,1.9,0.2513404999999994,0.323404812290783,0.5325444964102495,5.223125656486774,0.13385,1.6891891956329346,2255,2,0.02185077519379845,0.0202661826981246,0.0792392,0.9999994354251256,-0.7197134229419739,1.7490135379096652
63355311,20260207,1.6891891891891893,1.9,0.41941804999999976,0.5242757408370324,0.8393534803759644,3.2219418945346776,0.35204,1.6891891956329346,7857,4,0.0046269359872799015,0.0058479532163742,0.20840768,0.9999994354251256,-0.5582350103284398,0.6957589131393267
63359739,20260207,1000.0,3.32,7.14293801,56.78887371650001,1.9924504426715586,4.405740935157239,14.231950000000001,250.19707,453747,72,0.002442170631755371,9.745527144334733e-05,0.014231950000000002,0.25019707,-0.3998643244965185,0.3270304288391801
63370394,20260207,159.52762,8.3,8.540620879999997,0.282489746,6.998756980300479,4.35936404090207,59.77373,1.23148,8011,1,0.0009915708432869997,3.7893141341417206e-05,0.3746920439231777,0.0077195410568272,-0.15677626743367729,-0.474775428828502
63372853,20260207,209.44123,2.5,75.19263075000002,0.0,1.8230887605963961,0.0,137.08284,0.0,8056,0,0.019634413843529125,0.0,0.6545169735681938,0.0,-0.27076449576144157,-1.0
63373937,20260207,40.68809,1.15,50.05249349,0.0,0.8240208853578935,0.0,41.2443,0.0,3242,0,0.0014676324128564961,0.0,1.013670093631822,0.0,-0.28346009968878816,-1.0
63378942,20260207,12.07632,5.6,2.8356733399999987,1.5487823634877285,4.281226553408302,7.797294301589216,12.140160000000002,12.076319694519045,29652,16,0.006126066566121934,0.0004794082958127,1.005286378631901,0.9999999210293976,-0.23549525831994608,0.3923740061386336
63380156,20260207,34.70317,2.0,19.27245353,0.0,1.4694444563540736,0.0,28.319799999999997,0.0,2817,0,0.010479910714285714,0.0,0.8160580142966766,0.0,-0.2652777718229632,-1.0
63380247,20260207,6.73505,5.45,1.3374114599999993,0.1218469192719057,3.8597695282198363,55.27423235177809,5.1621,6.735050201416016,3746,3,0.006459734436971892,0.0009497301873952,0.7664531072523588,0.9999998584013254,-0.29178540766608513,9.142061336921609
63386669,20260207,1000.0,8.55,0.0704290999999995,0.0,5.999366739032629,0.0,0.4225299999999999,0.0,96791,0,0.008226330103688595,0.0,0.0004225299999999999,0.0,-0.2983196796453066,-1.0
63393176,20260207,10.416666666666666,9.38,0.007641369999999899,0.0,0.0,0.0,0.0,0.0,1698,0,0.0019171276956079938,0.0,0.0,0.0,-1.0,-1.0
63400626,20260207,10.53743,3.2,3.917679739999998,2.3769941756238024,2.6897119466942456,4.433088429304422,10.53743,10.537429809570312,45662,16,0.013993870671161509,0.013516178986695,1.0,0.9999999094965046,-0.1594650166580483,0.3853401135144555
63400779,20260207,2.2580645161290325,3.08,0.023360919999999702,0.120702979,0.0,10.76211414704067,0.0,1.29903,27613,1,0.012522334588000544,1.534683855125844e-05,0.0,0.5752844732786239,-1.0,2.4941929914371554
63402334,20260207,7.225870000000001,2.4,1.5575263699999984,1.1600372090606288,0.6297678285857857,6.228993214195612,0.9808800000000001,7.225870132446286,147004,20,0.009981531274613651,0.0862787539258127,0.13574559188028568,0.9999998680194668,-0.737596738089256,1.5954137361156957
63403274,20260207,10.1010101010101,9.3,0.23528397999999978,0.0,10.156790105301697,0.0,2.38973,0.0,16599,0,0.0008686346438645057,0.0,0.23658327000000004,0.0,0.09212796831201037,-1.0
63403381,20260207,11.363636363636363,9.8,2.176854729999999,0.0,3.2080000120173393,0.0,6.98335,0.0,160225,0,0.004290205024808082,0.0,0.6145348,0.0,-0.6726530599982307,-1.0
63407342,20260207,402.38432,1.91,101.78377334999979,0.0,1.4890730124420202,0.0,151.56347,0.0,223543,0,0.009349078027828545,0.0,0.376663459450905,0.0,-0.22038062175810458,-1.0
63407584,20260207,8.733624454148472,1.18,10.17999462000001,0.0,0.6641172468517467,0.0,6.7607099999999996,0.0,1088,0,0.0017212466381901599,0.0,0.7741012949999999,0.0,-0.43718877385445193,-1.0
63412723,20260207,1017.58415,1.26,1235.2938429400003,0.0,0.7762061921380209,0.0,958.8427300000001,0.0,68367,0,0.0038366396363534333,0.0,0.9422736488181347,0.0,-0.3839633395729993,-1.0
63413074,20260207,35.0,2.4,4.243047229999998,2.459782781877978,2.5008371165361747,14.228892904269191,10.61117,35.0,4758,1,0.0006743675147048402,0.0004480286738351,0.3031762857142857,1.0,0.042015465223406157,4.928705141193253
63415176,20260207,391.68223000000006,5.0,167.08847776,0.0,2.359302839339004,0.0,394.21232,0.0,61727,0,0.006827830319119518,0.0,1.0064595475776368,0.0,-0.5281394321321992,-1.0
63418375,20260207,111.04177,7.1,8.529634269999999,0.0,3.6520018343060805,0.0,31.150240000000004,0.0,1367,0,0.001835145657135186,0.0,0.2805272286275696,0.0,-0.4856335444639323,-1.0
63419441,20260207,37.5,7.5,0.2326952199999996,0.0322712805,1.0109361077550298,7.039167870395772,0.23523999999999998,0.22717,35384,1,0.0060163569278900925,1.367278295824332e-05,0.006273066666666666,0.0060578666666666,-0.865208518965996,-0.0614442839472303
63421324,20260207,1000.0,1.4,0.8615201099999998,81.01367041370001,1.1642096201329535,4.342497801432904,1.00299,351.80169,5298,82,0.0007478192135053496,0.0011037548763217,0.00100299,0.35180169,-0.16842169990503317,2.101784196703716
63423264,20260207,2919.6333800000007,6.1,570.78606884,0.0,3.4091879886884024,0.0,1945.9170099999997,0.0,79940,0,0.0045280753130965265,0.0,0.666493616400563,0.0,-0.4411167231658356,-1.0
63428201,20260207,1000.0,3.83,0.0820921599999999,0.1079907568,0.0,6.663471558599554,0.0,0.7196,4074,1,0.004803678811460913,0.0006009615384615,0.0,0.0007196,-1.0,0.7398098410800289
63428584,20260207,32.25806451612903,8.0,1.651971029999999,0.0,5.9712245680240565,0.0,9.86429,0.0,1789,0,0.001184846678587986,0.0,0.30579299000000004,0.0,-0.25359692899699293,-1.0
63449407,20260207,4.716981132075472,3.36,0.00020804,0.0,0.0,0.0,0.0,0.0,2619,0,0.004398723547195163,0.0,0.0,0.0,-1.0,-1.0
63451974,20260207,68.71583000000001,2.5,35.654098270000006,0.0,1.3379210894288027,0.0,47.70237,0.0,10076,0,0.0029741137577850587,0.0,0.6941976834158882,0.0,-0.46483156422847893,-1.0
63454972,20260207,67.95027999999999,5.05,7.864903899999998,4.388659691940611,2.4337741749139497,15.483147138858229,19.1414,67.95027923583984,7264,8,0.01486088379705401,0.0019831473868884,0.2816971467961575,1.0,-0.5180645198190199,2.065969614667511
63456215,20260207,279.7433699999999,1.62,19.505223919999995,0.0,1.1436213237791943,0.0,22.30659,0.0,3619,0,0.0016377047696624128,0.0,0.07973947693559282,0.0,-0.29406091124741096,-1.0
63461553,20260207,3.4076200000000005,2.84,0.47569255999999926,0.9600694901416826,0.7092185759642752,3.5493434994055875,0.33737,3.4076199531555176,133743,7,0.10012952010181927,0.0145223348348348,0.09900458384444273,0.9999997201348558,-0.7502751493083537,0.2497688755894755
63463364,20260207,117.6470588235294,5.0,4.04439071,0.0,2.421155793822897,0.0,9.7921,0.0,3884,0,0.020792291220556744,0.0,0.08323285,0.0,-0.5157688412354207,-1.0
63464061,20260207,346.15384615384613,6.1,49.97379218,0.0,3.0249067242189027,0.0,151.16606000000002,0.0,5947,0,0.0024273469387755104,0.0,0.4367019511111112,0.0,-0.504113651767393,-1.0
63466342,20260207,80.63901,2.78,8.29725483,0.0,2.439680402102342,0.0,20.24265,0.0,75031,0,0.15825986078886312,0.0,0.2510280074122934,0.0,-0.12241712154592002,-1.0
63467432,20260207,4.3478260869565215,2.19,0.3906337299999991,0.1805988924399224,0.9827364370199185,24.07435544555847,0.38389,4.34782600402832,11977,4,0.009260805690868321,0.025,0.0882947,0.9999997806549512,-0.5512619009041467,9.992856080612876
63471673,20260207,166.66666666666666,5.0,5.7088477399999995,0.0,2.4998091821590607,0.0,14.271030000000001,0.0,1675,0,0.0019364161849710982,0.0,0.08562618000000001,0.0,-0.5000381635681879,-1.0
63472525,20260207,1025.55606,1.74,871.8579168499999,0.0,1.171362145439696,0.0,1021.26136,0.0,87878,0,0.016773811796144303,0.0,0.9958123205863559,0.0,-0.32680336468982984,-1.0
63473865,20260207,8.695652173913043,1.88,1.9025181299999996,0.6129676337830716,1.3132542395272735,14.186128830751908,2.49849,8.69565200805664,58806,2,0.010723194748358863,0.0625,0.28732635,0.9999998903274636,-0.3014605108897481,6.545813226985718
63480295,20260207,1000.0,5.38,0.0906517399999994,0.1627997815,2.795533764713195,8.106594991990256,0.25342000000000003,1.31976,239305,7,0.045338372930165585,0.0001367975163131,0.00025342,0.00131976,-0.48038405860349537,0.5068020110688571
63510498,20260207,2.93115,8.3,0.1458485999999991,0.0064392993999999,3.0990355752472274,298.2019748957634,0.45199,1.92051,1655,2,0.00024791407642644217,2.181291316420781e-05,0.1542022755573751,0.65520679652693,-0.6266222198497317,34.92794795699411
63518080,20260207,1000.0,9.0,3.2433980099999986,0.0,3.1579781354062075,0.0,10.24258,0.0,9056,0,0.0022488763068365244,0.0,0.01024258,0.0,-0.6491135405104215,-1.0
63524267,20260207,38.46153846153846,2.76,0.0967084699999996,0.457480643,6.345256004980769,6.730893025143743,0.61364,3.07926,30200,5,0.039989406779661014,0.0110926924447035,0.01595464,0.0800607563351094,1.2990057989060757,1.4387293653627822
63529958,20260207,164.5273,5.57,50.97008587000001,0.8091361891000001,3.073191801157936,11.999856304713754,156.64085,9.70953,35747,9,0.0038173702252170478,0.0001420354306728,0.9520660097138894,0.0590147052773944,-0.44825999979211206,1.1543726992623289
63530218,20260207,83.33333333333333,2.47,14.201148289999999,0.0,1.4361697789158148,0.0,20.39526,0.0,6160,0,0.0015419660066584896,0.0,0.24474312,0.0,-0.4185547453782127,-1.0
63531248,20260207,34.41965,2.1,22.040185029999993,25.122196881700003,1.5493454321513018,0.5278944964310016,34.147859999999994,13.26187,2961,10,0.0002115634690407122,5.103863624763946e-05,0.992103638473953,0.3852993741239656,-0.2622164608803325,-0.7486216569503293
63531465,20260207,12.32902,1.45,3.698970939999999,3.2231433814383776,0.494091472911112,3.825152735170608,1.8276299999999999,12.329019546508787,37700,12,0.015354539160184092,0.0491092241092241,0.14823805947269125,0.9999999226480064,-0.6592472600613021,1.6380362823305072
63532364,20260207,72.20216606498195,4.15,9.028390819999998,0.0,4.069692011848463,0.0,36.74276999999999,0.0,187643,0,0.025304160204976063,0.0,0.5088873644999998,0.0,-0.01935132244615348,-1.0
63532391,20260207,238.66007,4.15,4.7765663499999995,0.0,2.805858647812984,0.0,13.40237,0.0,67630,0,0.009047491638795986,0.0,0.056156733717542276,0.0,-0.3238894824547027,-1.0
63533300,20260207,2094.1917699999995,3.61,88.02355833999997,0.6393591148,2.606760443763265,4.5518322657808685,229.45632999999998,2.91026,889339,1,0.07179963508364012,9.605040725372676e-06,0.10956796473323932,0.0013896817893706,-0.27790569424840295,0.2608954011230083
63533681,20260207,7.475240000000001,1.97,11.235353969999998,1.1676637611,0.43910766079762414,3.485238345435927,4.933529999999999,4.069590000000001,10962,6,0.0008309896524276996,0.0001033997575209,0.6599828232939676,0.5444091902456364,-0.7771027102550131,0.7691564948324637
63533738,20260207,74.38692,3.79,7.22517268,0.1254025872,3.456444725415199,0.3749494017663954,24.973409999999998,0.04702,2051,1,0.1289937106918239,0.003030303030303,0.335723135196349,0.0006321003991572,-0.08800930727831165,-0.9010687584326326
63533942,20260207,1000.0,1.98,2.8360440499999995,0.0,1.7843305360507362,0.0,5.06044,0.0,1437,0,0.0070268948655256725,0.0,0.00506044,0.0,-0.09882296159053726,-1.0
63535088,20260207,1582.6044799999995,2.13,769.19871332,0.0,1.7369839897849193,0.0,1336.08585,0.0,78492,0,0.008242360600651056,0.0,0.8442323188671881,0.0,-0.1845145587864228,-1.0
63535386,20260207,117.61521,4.62,53.19435337000005,9.607711089700002,2.211046897814746,4.9729341963963725,117.61521,47.77851999999999,18871,21,0.01845935635332094,0.0012806511178277,1.0,0.4062273867131168,-0.5214184203864186,0.076392709865745
63535808,20260207,9.097779999999998,3.82,2.5308014499999993,0.0,2.793494527198095,0.0,7.069780000000001,0.0,1234,0,0.003295060080106809,0.0,0.7770884765294392,0.0,-0.26871871015756676,-1.0
63536636,20260207,208.86075949367088,5.6,1.6327292399999997,0.0,5.438880974533169,0.0,8.88022,0.0,5207,0,0.0026184250226289852,0.0,0.04251741696969697,0.0,-0.028771254547648333,-1.0
63537243,20260207,2.684563758389262,2.14,0.8432210599999994,1.1016643995842603,0.6256840881085208,2.4368232643155068,0.52759,2.6845638751983647,7458,7,0.03288359788359788,0.0614035087719298,0.196527275,0.999999644756459,-0.7076242578932146,0.1387024041405938
63537321,20260207,1.8461538461538465,2.49,0.08482196999999969,0.0,7.764615700389914,0.0,0.6586099999999999,0.0,3041,0,0.0032302953048650948,0.0,0.3567470833333332,0.0,2.1183195583895236,-1.0
63537589,20260207,4.265840000000001,3.12,0.46447200999999905,0.5215720341906636,0.8152052047226717,8.178797165343772,0.37864000000000003,4.26584005355835,22902,12,0.14198388096714198,0.2181818181818181,0.08876094743356525,0.99999977643932,-0.7387162805376053,1.621409444019319
63537852,20260207,12.032870000000004,2.37,6.560137069999999,4.669163136782516,1.4343435052645936,2.577093017114479,9.40949,12.032870292663576,151575,22,0.10128633478115603,0.0018653032091281,0.7819821871257644,0.9999999207442434,-0.3947917699305512,0.0873810723862307
63537981,20260207,1000.0,3.26,0.0229827299999998,0.0,0.7888531954210904,0.0,0.01813,0.0,12517,0,0.0040982908781350275,0.0,1.813e-05,0.0,-0.7580204922021195,-1.0
63538339,20260207,1011.98769,3.6,104.41202985000001,0.0,1.929018526786164,0.0,201.41273999999999,0.0,18666,0,0.0026352496046984416,0.0,0.19902686760942712,0.0,-0.4641615203371767,-1.0
63539511,20260207,354.54545454545456,2.69,14.27960337,0.0,1.5852604174957556,0.0,22.63689,0.0,2912,0,0.0026429479034307496,0.0,0.06384763846153846,0.0,-0.4106838596670053,-1.0
63543019,20260207,7.1144300000000005,2.32,3.098336459999999,1.5777709595999998,2.2962096246964743,3.670365647433706,7.1144300000000005,5.791,98680,8,0.49538152610441766,0.0041244012397858,1.0,0.8139793720433648,-0.010254472113588608,0.5820542038996631
63552128,20260207,86.28540000000001,4.15,12.18227423,0.0,3.2091774706339042,0.0,39.095079999999996,0.0,92113,0,0.011114288472212167,0.0,0.45309032582569,0.0,-0.2267042239436376,-1.0
63554448,20260207,316.32612000000006,8.2,39.77014,0.0,5.836267863276317,0.0,232.10918999999998,0.0,228834,0,0.008870772665953389,0.0,0.733765488603976,0.0,-0.2882600166736198,-1.0
63559263,20260207,4.53857,4.5,0.6646629899999998,0.0337552052999999,4.291573388191812,23.29053260023869,2.8524499999999997,0.7862,2305,4,0.0985042735042735,0.0183574879227053,0.6284909123358238,0.1732263350365142,-0.04631702484626407,4.175673911164154
63560316,20260207,4.545454545454546,2.83,0.0950478999999996,0.1190175393153807,0.0,38.1911467595898,0.0,4.545454502105713,7375,2,0.007341961174713788,0.0092383107088989,0.0,0.9999997901916924,-1.0,12.49510522586029
63561739,20260207,1000.0,8.37,0.6205552399999996,0.1375669757,2.245634087305428,7.380424076415336,1.39354,1.01531,152808,4,0.010491308049323043,1.5270771430299046e-05,0.00139354,0.00101531,-0.7317044101188258,-0.1182288915978457
63563441,20260207,32.60413000000001,2.5,19.86996271,0.0,1.4766222980999242,0.0,29.340429999999998,0.0,2810,0,0.0009405857740585774,0.0,0.8998991845511592,0.0,-0.40935108076003035,-1.0
63568994,20260207,1000.0,1.56,9.99827321,25.2410985958,0.7065810117025199,11.935340172348452,7.064590000000001,301.26111000000003,75557,37,0.004441028836093902,0.0001374697663909,0.007064590000000001,0.30126111,-0.5470634540368463,6.6508593654706
63572763,20260207,16.345940000000002,1.35,15.402690830000001,0.0,1.061239245818193,0.0,16.34594,0.0,4061,0,0.010608672936259143,0.0,0.9999999999999998,0.0,-0.21389685494948676,-1.0
63573065,20260207,2.7549400000000004,5.0,0.45875361999999986,0.5159460321031302,6.005271413444107,5.339579184570854,2.75494,2.7549400329589844,78890,1,0.005231883385172462,0.0009624639076034,0.9999999999999999,0.9999996423721312,0.2010542826888214,0.0679158369141708
63580443,20260207,130.7283,3.79,31.344804149999995,5.8484498559,4.145986345236106,0.5874188027987324,129.95513,3.43549,6367,5,0.2829777777777778,0.0332491582491582,0.9940856723448558,0.0262796192361518,0.09392779557680898,-0.8450082298915041
63581835,20260207,208.86075949367088,4.7,0.8883164599999998,0.0,6.65968747218756,0.0,5.91591,0.0,4506,0,0.001673848439821694,0.0,0.02832466,0.0,0.4169547813165021,-1.0
63583264,20260207,41.66666666666666,2.37,3.1465289999999992,0.0,1.0070239301783015,0.0,3.1686300000000003,0.0,1618,0,0.003867112810707457,0.0,0.07604712000000002,0.0,-0.5750953881104214,-1.0
63592988,20260207,70.92198581560284,1.65,32.41290016,54.21141294602434,1.3753918896469397,1.308248287187853,44.580439999999996,70.92198944091801,57186,51,0.006098929226568833,0.0019806081259691,0.6285842039999999,1.0000000000000009,-0.16642915778973347,-0.2071222387324051
63596870,20260207,280.8988764044944,3.0,4.416675419999999,0.0,1.6782804474230533,0.0,7.41242,0.0,1258,0,0.000632446835252124,0.0,0.0263882152,0.0,-0.44057318419231556,-1.0
63597112,20260207,1707.9102600000006,7.91,27.67185854000001,0.0,4.238905378561535,0.0,117.29838999999998,0.0,75380,0,0.001408377022043025,0.0,0.06867948085281714,0.0,-0.4641080431654191,-1.0
63598203,20260207,181.8181818181818,2.55,70.36833114999999,0.0,1.390405007494625,0.0,97.84047999999999,0.0,28852,0,0.006100820434745835,0.0,0.53812264,0.0,-0.4547431343158333,-1.0
63598374,20260207,5.076142131979696,2.43,0.0002938,0.0,0.0,0.0,0.0,0.0,4492,0,0.03452728670253651,0.0,0.0,0.0,-1.0,-1.0
63599572,20260207,147.05882352941177,2.54,26.270447849999996,0.0,1.6296433256275835,0.0,42.81146,0.0,4837,0,0.0017515208574739281,0.0,0.29111792799999997,0.0,-0.3584081395166994,-1.0
63600227,20260207,33.333333333333336,2.5,2.023867249999999,4.0086461171,1.6398358143302143,2.4423444902984626,3.3188099999999996,9.7904972,2678,26,0.006910967741935484,0.0036654029022861,0.09956429999999998,0.2937149272043353,-0.3440656742679143,-0.0230622038806149
63601569,20260207,115.99468999999996,2.63,66.05690421,0.0,1.4745648644135878,0.0,97.40519,0.0,31414,0,0.005856122886490315,0.0,0.8397383535401495,0.0,-0.4393289488921719,-1.0
63604272,20260207,70.0,8.5,13.107625269999993,0.0,4.387274492170468,0.0,57.50675000000001,0.0,26513,0,0.0016779954937849674,0.0,0.8215250000000002,0.0,-0.4838500597446509,-1.0
63611224,20260207,1000.0,6.6,1.2335434099999987,0.0,5.162696301056812,0.0,6.36841,0.0,25822,0,0.012463558258519162,0.0,0.00636841,0.0,-0.21777328771866483,-1.0
63613810,20260207,67.22689075630252,4.0,10.665219319999999,0.0,4.513010802294501,0.0,48.13225,0.0,7724,0,0.00571682332913922,0.0,0.7159672187499999,0.0,0.12825270057362514,-1.0
63615321,20260207,121.09166,2.17,35.639077019999995,4.149679064113188,1.0431768471202683,29.180962791110133,37.17786,121.09165954589844,1087679,50,0.0806871559769143,0.0013466671402049,0.30702246546128775,1.0,-0.5192733423408902,12.447447818042066
63616549,20260207,743.5570799999998,2.0,360.4157111799999,0.0,0.9672894082741249,0.0,348.6263,0.0,24195,0,0.004942092039953429,0.0,0.46886286120764276,0.0,-0.5163552958629376,-1.0
63618506,20260207,7.20164609053498,5.02,0.4629729899999988,0.3557611968017941,0.31919788668449184,20.242865579067324,0.14778,7.201646327972412,62768,2,0.008383822193727627,0.0021413276231263,0.02052030857142857,0.9999998675755312,-0.9364147636086669,3.032443357764956
63619732,20260207,330.87964000000005,2.2,108.96754836999996,0.0,1.26041451839998,0.0,137.34428000000003,0.0,9613,0,0.004368949688678817,0.0,0.41508833846651916,0.0,-0.42708430981819095,-1.0
63622918,20260207,1350.15143,4.28,332.02644047,0.0,3.261464534171169,0.0,1082.89246,0.0,431052,0,0.04836325284983395,0.0,0.8020525964261654,0.0,-0.23797557612823153,-1.0
63631199,20260207,206.74242000000004,4.15,1.1974355599999988,0.8858586177,5.085860319698545,0.2606056257529753,6.08999,0.23086,29067,2,0.002988310767048083,1.6544239295877177e-05,0.02945689617060688,0.001116655227506,0.2255085107707337,-0.9372034651170528
63631324,20260207,133.48968,2.35,7.976898749999997,0.4173641302999999,0.8591459180800061,37.34116453091722,6.85332,15.5849,188214,13,0.009959835532060136,7.696534436610789e-05,0.05133969906887184,0.1167498447026764,-0.6344059923063804,14.889857892039217
63631326,20260207,80.87560000000002,2.15,0.30823821999999973,5.703210605100001,0.4089369579152128,6.101165870977686,0.12605,34.79624,7201,93,0.0021875569597180873,0.0026709741692405,0.0015585664897694728,0.4302439651613546,-0.8097967637603662,1.8377514420226135
63634590,20260207,5.076142131979696,2.07,0.00055329,0.0,0.0,0.0,0.0,0.0,6458,0,0.0067453519949864215,0.0,0.0,0.0,-1.0,-1.0
63634742,20260207,5.076142131979696,2.07,0.025372929999999898,0.0,0.0,0.0,0.0,0.0,10968,0,0.011801162040025823,0.0,0.0,0.0,-1.0,-1.0
63635613,20260207,1.2315270935960592,6.48,0.04878384999999941,0.0925213572813393,0.7307746313585425,13.310589205243003,0.03565,1.2315270900726318,13284,3,0.020436923076923078,0.0007267722780915,0.0289478,0.9999992256170526,-0.8872261371360274,1.0541032663679155
63636832,20260207,27.027027027027028,1.03,29.272086110000004,0.0,0.5428858039117048,0.0,15.8914,0.0,2199,0,0.007295952222959522,0.0,0.5879818,0.0,-0.47292640396921864,-1.0
63636929,20260207,35.30304,2.32,3.0551764899999982,8.969620058890625,2.4468635525537197,3.935845150982062,7.4756,35.30303955078125,143036,40,0.16013882669055082,0.039257569659218,0.2117551349685466,1.0,0.05468256575591373,0.6964850276873517
63638951,20260207,2.47032,2.53,7.284128580000001,0.0,0.24201384978846704,0.0,1.7628599999999999,0.0,19284,0,0.008461605967529618,0.0,0.7136160497425434,0.0,-0.904342351862266,-1.0
63639342,20260207,6.451612903225806,2.04,0.6874497099999993,1.629643342194076,2.2969971141598142,3.9589085681635257,1.5790699999999998,6.45161294937134,10334,17,0.07397279885468862,0.1906179138321995,0.24475584999999997,0.999999852180504,0.1259789775293207,0.940641491271139
63639367,20260207,6.451612903225806,2.08,2.3760846399999984,1.6744212146114357,1.86910008390947,3.853038315589053,4.44114,6.451612949371338,51864,13,0.21574043261231282,0.3590277777777778,0.6883767000000001,0.999999852180504,-0.10139419042813945,0.8524223350565681
63639383,20260207,481.31553,2.49,167.08888093999997,0.0,1.471916195837801,0.0,245.94083000000003,0.0,27485,0,0.0030282830731261224,0.0,0.5109763028007844,0.0,-0.4088689976555016,-1.0
63639592,20260207,10.834120000000002,6.06,2.02456432,0.307823358837084,0.9281256127244205,35.195784497635834,1.8790499999999999,10.834119796752931,37450,17,0.10160065111231688,0.0072980568670223,0.17343817495098812,0.9999999119749228,-0.8468439582963003,4.807885285472887
63639615,20260207,2473.59103,2.49,1856.1068889899996,0.0,1.2703519845686562,0.0,2357.90907,0.0,320781,0,0.004372726095461392,0.0,0.9532331906944214,0.0,-0.48981848009290924,-1.0
63640115,20260207,4.3478260869565215,2.41,0.1585456099999995,0.601115493,3.495397948893077,5.476758728694539,0.55418,3.29217,8107,23,0.009292755616689592,0.0113357821170636,0.1274614,0.7571989483545501,0.4503725929016916,1.2725139143747324
63645350,20260207,12.57633,2.45,0.7774871499999998,5.664190619975187,1.7448905747188237,2.220322162227911,1.35663,12.576330184936522,2949,102,0.003492420653718617,0.0436024791519571,0.10787169229815056,0.9999999241691152,-0.28779976542088836,-0.0937460738716912
63646194,20260207,576.4705882352941,1.72,124.39169135000002,0.0,1.3190589999964653,0.0,164.07997999999998,0.0,15197,0,0.005929379633242294,0.0,0.28462853673469385,0.0,-0.2331052325601946,-1.0
63650409,20260207,3.00871,3.45,0.0439259699999998,0.0,0.0,0.0,0.0,0.0,2765,0,0.09469178082191781,0.0,0.0,0.0,-1.0,-1.0
63652241,20260207,117.5,8.5,11.386904179999998,0.0,5.165096594322971,0.0,58.81446,0.0,8317,0,0.0018191561495220806,0.0,0.5005485957446808,0.0,-0.39234157713847395,-1.0
63653084,20260207,1000.0,1.23,6.040023199999999,9.9083066351,0.9943090947067886,2.94132672029272,6.00565,29.14357,52051,20,0.023910606826220773,0.0007812370319057,0.00600565,0.0291435699999999,-0.19161862218960274,1.3913224997413518
63654692,20260207,1000.0,1.73,2.86550017,73.00495635840001,1.028455705867224,3.343167922170114,2.94704,244.06783159999992,2084,369,0.003602420051858254,0.0485076517390814,0.0029470399999999997,0.2440678315999999,-0.4055169330247261,0.9324669857290354
63654752,20260207,1000.0,1.4,0.9703912699999997,34.4309028396,1.638483412984538,5.063103798033356,1.5899699999999999,174.32724000000002,3670,44,0.005662706372473384,0.0076482169888131,0.0015899699999999998,0.17432724,0.17034529498895581,2.616502774469644
63654992,20260207,500.0,1.34,4.735577859999999,4.109756846000001,1.0693457376709672,3.266837245184007,5.063969999999999,13.425910000000002,83981,3,0.04990551461849299,0.0008601237307591,0.010127939999999998,0.02685182,-0.20198079278286035,1.4379381819470456
63655156,20260207,1000.0,1.26,16.85680374,9.0358303351,1.433514939885039,67.56208890581775,24.16448,610.47964,202830,15,0.05356803296006761,0.0005196379753129,0.024164480000000002,0.61047964,0.137710269750031,52.62070588665448
63659280,20260207,31.392510000000005,7.5,1.428892689999999,0.5235961806,1.6754722147819245,7.128667109557005,2.39407,3.73255,104913,3,0.003650277825135433,1.0528250591750545e-05,0.07626245878395833,0.1188993755953152,-0.7766037046957434,-0.0495110520590659
63664633,20260207,12.5,7.5,0.2143855199999996,0.0270782082,3.3663187700363406,16.195082099926392,0.7216899999999999,0.43855,2078,2,0.0005883851969306566,3.232696859006888e-05,0.057735199999999993,0.0350839973233034,-0.551157497328488,1.1593442799901856
63670871,20260207,3.5461400000000003,1.3,4.315747939999999,3.2881757370873874,0.4677497453662691,1.078451749726124,2.01869,3.54613995552063,418402,9,0.08361016745933415,0.0163636363636363,0.569264044848765,0.9999997310669992,-0.6401925035644084,-0.170421700551154
63681662,20260207,29.743270000000003,6.51,2.485760659999999,3.881571183650151,1.338310664229436,7.66268652668813,3.32672,29.74327087402344,224413,9,0.02954201990416513,0.0014840828289712,0.11184782305375299,0.9999999358729402,-0.7944223250031589,0.1770639412103801
63681685,20260207,52.66818000000001,6.51,7.81831669,3.964109159051116,3.241294898224441,13.28625503458681,25.341469999999997,52.66817855834961,450248,3,0.0474564694970277,9.560321303662708e-05,0.48115332635378694,1.0,-0.5021052383679814,1.040899319118591
63683340,20260207,85.97987,6.85,0.4298652799999994,0.0,10.509874163365803,0.0,4.51783,0.0,6907,0,0.006296836539338135,0.0,0.0525452062209445,0.0,0.5342881990315042,-1.0
63683627,20260207,71.41286,1.1,133.8593769,0.0,0.5489452565948707,0.0,73.48147,0.0,8350,0,0.008425832492431886,0.0,1.0289669115618671,0.0,-0.5009588576410267,-1.0
63684378,20260207,64.88098000000002,8.26,6.50553055,0.0,9.468754243264604,0.0,61.599270000000004,0.0,65042,0,0.07503691739732349,0.0,0.9494195371278298,0.0,0.1463382861095162,-1.0
63695352,20260207,244.34484,1.0,278.00997194,0.0,0.812903107118669,0.0,225.99517,0.0,56566,0,0.007163245406308964,0.0,0.9249025680264007,0.0,-0.18709689288133102,-1.0
63697940,20260207,1000.0,9.0,1.7965915899999985,0.0354582396,1.928485037603901,17.509399722153095,3.4646999999999997,0.62087,175194,1,0.02677251749747853,1.152604887044721e-05,0.0034647,0.00062087,-0.7857238847106777,0.9454888580170104
63698176,20260207,35.2112676056338,8.2,0.1558657799999998,0.0,4.483344580189449,0.0,0.6988000000000001,0.0,1698,0,0.00019187091087833485,0.0,0.019845920000000003,0.0,-0.45325066095250616,-1.0
63698780,20260207,1000.0,9.0,0.8726999999999979,0.1126204852999999,3.309774263779084,20.01430330984989,2.8884399999999997,2.254040566,458486,2,0.03698392340020489,1.5127087949646515e-05,0.0028884399999999995,0.002254040566,-0.6322473040245462,1.2238114788722096
63698963,20260207,1000.0,9.5,0.1341763499999994,0.4592169973,1.7842935807987108,0.6526312160283445,0.23941,0.2997,25039,1,0.0066331991098866165,7.936507936507937e-05,0.00023941,0.0002997,-0.81217962307382,-0.9313019772601742
63699826,20260207,1000.0,9.0,0.0031029999999999,0.0,0.0,0.0,0.0,0.0,1482,0,0.00023699865668777586,0.0,0.0,0.0,-1.0,-1.0
63699827,20260207,1000.0,9.0,0.0366265999999998,0.0,0.0,0.0,0.0,0.0,8919,0,0.002628414817434356,0.0,0.0,0.0,-1.0,-1.0
63699925,20260207,1000.0,9.0,0.413970999999999,0.0,2.090943568510843,0.0,0.8655900000000001,0.0,127476,0,0.016399634637403352,0.0,0.0008655900000000001,0.0,-0.7676729368321286,-1.0
63704769,20260207,1000.0,7.57,1.558786249999999,1.2281201625000002,3.203665672570568,6.361326747351769,4.99383,7.812479999999999,7522,1,0.006137902896776826,2.346096096096096e-05,0.00499383,0.0078124799999999,-0.576794495036913,-0.1596662347293371
63705909,20260207,162.73909999999995,2.0,63.65937559000001,0.0,1.6774542478669003,0.0,106.78568999999999,0.0,9465,0,0.003376257401726475,0.0,0.6561772186278529,0.0,-0.16127287606654983,-1.0
63707085,20260207,662.23531,1.5,429.30605014,0.0,0.891995814815842,0.0,382.9392,0.0,179555,0,0.049763039742808046,0.0,0.5782524643695003,0.0,-0.4053361234561053,-1.0
63708107,20260207,17.33141,5.0,1.7003743199999994,0.0,4.742097022495613,0.0,8.06334,0.0,18142,0,0.015942003514938487,0.0,0.4652443165328152,0.0,-0.05158059550087746,-1.0
63711593,20260207,132.71462,3.93,7.46426473,0.8278367379999999,1.8850912325560027,42.663880104484925,14.07082,35.31877,8992,4,0.0031473573678683932,0.0001381136093682,0.10602313445195412,0.2661257016424674,-0.5203330197058518,9.855948951595966
63716161,20260207,41.27358490566038,3.72,0.9929988299999999,3.0972887974,1.2684506385571475,4.953191662232671,1.25957,15.34147,42793,5,0.0029517095815198274,2.374923362404132e-05,0.030517581714285716,0.3717018893985492,-0.6590186455491539,0.3315031247682959
63731046,20260207,22.96911,1.0,27.71091917,0.0,0.9539611384893661,0.0,26.43514,0.0,1050,0,0.034653465346534656,0.0,1.150899621273963,0.0,-0.046038861510633855,-1.0
63735016,20260207,23.80952380952381,3.03,2.225991839999999,2.90955770659111,1.6612100428903647,8.183208155311107,3.6978400000000002,23.80952453613281,18663,13,0.00972081879264545,0.0194708768870691,0.15530928,0.9999999198913662,-0.45174586043222287,1.7007287896302234
63736484,20260207,32.25806451612903,8.5,1.3407742899999984,0.0,2.678325521889299,0.0,3.59103,0.0,2282,0,0.002973677352097993,0.0,0.11132193,0.0,-0.6849028797777296,-1.0
63741668,20260207,29.41176470588235,4.71,0.34192043999999966,2.074969265507593,0.0,14.1745472857186,0.0,29.41176414489746,1648,7,0.001961904761904762,0.0053480061335342,0.0,0.9999999351501494,-1.0,2.0094579980715266
63751749,20260207,419.55009,1.0,617.8506275100001,38.091273632100005,0.6493419964900926,0.5042448745942919,401.19636,19.20733,23624,8,0.005607804970683884,0.0003447532859297,0.956253781282707,0.0457807802824259,-0.3506580035099074,-0.4957551254057081
63769539,20260207,9.615384615384617,5.2,0.5843076499999994,0.0,3.459958123088072,0.0,2.02168,0.0,4073,0,0.026345407503234154,0.0,0.21025471999999995,0.0,-0.33462343786767845,-1.0
63774452,20260207,7.523130000000001,2.17,0.514190739999999,1.292324837236147,1.3174099556907644,5.821387859986162,0.6774,7.52312994003296,87780,7,0.0464321608040201,0.0299812282113167,0.09004230951744818,0.9999998732343848,-0.3928986379305233,1.6826671222649323
63774454,20260207,44.39334000000001,2.28,15.67621129,0.0,1.5965707234353053,0.0,25.02818,0.0,298579,0,0.04470013174441583,0.0,0.5637823150950119,0.0,-0.2997496827038134,-1.0
63775347,20260207,1000.0,3.0,0.1893895099999993,2.6450978454,2.7002551514072866,16.55846248474568,0.5113999999999999,43.798770000000005,17561,71,0.004448751076658053,0.0033087318649456,0.0005113999999999999,0.04379877,-0.09991494953090448,4.519487494915226
63781958,20260207,23.102310231023104,9.0,0.8184073199999986,0.0,5.7609455399299305,0.0,4.714799999999999,0.0,2239,0,0.0004908365485794458,0.0,0.20408348571428567,0.0,-0.3598949400077855,-1.0
63782676,20260207,1000.0,7.35,2.1781402499999993,0.0,13.303652049035872,0.0,28.97722,0.0,6436,0,0.005100649865271834,0.0,0.028977219999999998,0.0,0.8100206869436561,-1.0
63786660,20260207,72.20216606498195,3.82,1.0599790199999997,0.0,3.8277550059434207,0.0,4.05734,0.0,27811,0,0.0030885325278191145,0.0,0.056194159,0.0,0.0020301062679112104,-1.0
63786819,20260207,72.20216606498195,3.82,1.0274569299999996,1.7364354183,0.0,3.9823168456521656,0.0,6.915039999999999,10096,3,0.0014038210183820463,3.840417058755143e-05,0.0,0.095773307141977,-1.0,0.0424913390696258
63786866,20260207,72.20216606498195,3.82,2.75334863,0.0,2.45339436001608,0.0,6.755050000000001,0.0,53379,0,0.0069606321801609135,0.0,0.0935574425,0.0,-0.35775016753505756,-1.0
63788574,20260207,1000.0,7.7,1.7564915299999986,0.58558899,6.797379774441616,2.87040425673943,11.93954,1.6808800000000002,43077,1,0.033110684089162186,1.4512945547428308e-05,0.011939539999999998,0.00168088,-0.11722340591667327,-0.6272202171634375
63789710,20260207,2299.103779999999,7.8,86.36392502000001,0.0,5.588769730975342,0.0,482.66809,0.0,102528,0,0.006346203840106959,0.0,0.20993749573148898,0.0,-0.28349106013136643,-1.0
63791228,20260207,6.381039197812215,4.4,2.6715754899999995,0.5504274129063097,1.4288871919542878,11.592859294665049,3.81738,6.381039142608643,4453,10,0.00455410104315811,0.0025140998688989,0.5982379800000001,0.9999998505456318,-0.6752529109194801,1.634740691681044
63795480,20260207,1038.25801,1.7,945.8515169700004,0.0,1.008024803992824,0.0,953.4417899999999,0.0,87881,0,0.007716237455110588,0.0,0.9183091108538617,0.0,-0.4070442329453977,-1.0
63796033,20260207,72.20216606498195,3.82,0.016032539999999998,0.0,0.0,0.0,0.0,0.0,1094,0,0.0001674344572154456,0.0,0.0,0.0,-1.0,-1.0
63797111,20260207,322.0524500000001,3.93,137.49512894999992,4.1721661802,1.9699917522059982,9.111597967696412,270.86427000000003,38.01510999999999,316892,8,0.01681436871567665,3.0076169114552136e-05,0.8410563869332464,0.118040116922036,-0.4987298340442753,1.3184727259342648
63800765,20260207,199.22996,2.25,100.40840010999989,1.179379016,1.4375852004599796,4.443164992546389,144.34563000000003,5.2401800000000005,308909,4,0.047207806100617394,8.682816705739342e-05,0.7245176880023467,0.026302167921766,-0.3610732442400091,0.9747399966872842
63801794,20260207,10.37795,4.66,0.3577827899999998,1.3337250546,3.8538186814407727,4.790399031318436,1.37883,6.38908,20449,8,0.31077507598784193,0.006877925995573,0.13286149962179428,0.6156398506975236,-0.17300028295262393,0.0279826584068972
63815076,20260207,72.20216606498195,3.82,5.78055757,0.2725691472,1.496078863548106,0.4394098225001803,8.64817,0.1197699999999999,137529,1,0.01988102810223199,8.669718407546123e-06,0.1197771545,0.0016588145544197,-0.6083563184429042,-0.8849712486441943
63817404,20260207,2.752688172043011,1.93,0.1186623199999996,0.5206664882820193,0.0,5.286844735710438,0.0,2.75268816947937,41986,6,0.001464646640829127,0.0003440223354855,0.0,0.999999653548122,-1.0,1.7392978649701183
63818001,20260207,280.7395600000003,5.0,35.34906767,0.0,2.420431305253716,0.0,85.55999000000001,0.0,43338,0,0.010312678469446031,0.0,0.3047664176719516,0.0,-0.5159137389492569,-1.0
63818646,20260207,1000.0,7.5,3.0791252999999967,2.1754320190000005,2.1578530760018135,5.891397201413902,6.644299999999999,12.81634,814754,30,0.052729084825617896,0.0003251621382779,0.0066443,0.01281634,-0.7122862565330915,-0.214480373144813
63819872,20260207,126.29789,6.79,24.185790499999996,0.0,4.716534280738106,0.0,114.07310999999999,0.0,9801,0,0.009385234128124103,0.0,0.903206775663473,0.0,-0.3053705035731803,-1.0
63820079,20260207,68.4931506849315,2.7,26.974521619999997,0.0,2.0078888057033137,0.0,54.161840000000005,0.0,5876,0,0.0024855124571718625,0.0,0.7907628640000001,0.0,-0.2563374793691431,-1.0
63820271,20260207,68.4931506849315,2.7,3.1490065699999983,9.05625406867988,1.4951318440723362,7.563076380278575,4.70818,68.49314880371092,55247,149,0.0037335108395956103,0.0169964969138427,0.06873942799999999,0.9999999999999998,-0.44624746515839403,1.8011393506332751
63820716,20260207,371.34914,7.1,35.57215952,0.0,4.3508932853228135,0.0,154.77067,0.0,6115,0,0.0017293552036199095,0.0,0.4167793952612897,0.0,-0.3871981288277727,-1.0
63822723,20260207,1000.0,7.57,1.3844797899999994,0.2349023049999999,5.685550671707532,7.895120930716578,7.87153,1.85459,6464,1,0.01990760702186634,0.0007716049382716,0.00787153,0.00185459,-0.24893650307694423,0.0429485801430103
63823693,20260207,16.79295,1.89,5.189166969999999,5.883282010515332,1.4393948090670132,2.8543501386044547,7.46926,16.792949676513672,14048,31,0.010583892111805921,0.0228868350705597,0.4447854605652967,0.9999998864196908,-0.2384154449380882,0.5102381800045425
63826134,20260207,1000.0,7.35,43.93083675,0.0,6.009085861538934,0.0,263.98417,0.0,306930,0,0.026005727648613843,0.0,0.26398417,0.0,-0.18243729774980483,-1.0
63835004,20260207,26.35564,6.0,0.5641522499999997,0.0,3.3944560178568834,0.0,1.91499,0.0,2386,0,0.0004980483019183,0.0,0.07265959012947514,0.0,-0.4342573303571861,-1.0
63835646,20260207,8.167650000000002,2.16,3.4143821599999997,0.0,0.6635168220302559,0.0,2.2655000000000003,0.0,1164,0,0.18476190476190477,0.0,0.27737476507930675,0.0,-0.6928162860971038,-1.0
63837272,20260207,98.75586,1.18,70.72898577000001,0.0,1.0467772044796282,0.0,74.03749,0.0,13400,0,0.006857727737973388,0.0,0.74970224551738,0.0,-0.11290067416980658,-1.0
63837886,20260207,132.86555999999993,2.15,61.89113417000001,0.0,1.5391900839680477,0.0,95.26222000000001,0.0,9704,0,0.0007980853846090583,0.0,0.7169820380842113,0.0,-0.2840976353636987,-1.0
63840924,20260207,8.088235294117647,1.74,2.048446409999999,2.3949323283399635,0.3984580685222808,3.377227585301735,0.8162199999999997,8.088234901428223,1406,9,0.000976049982644915,0.0144871130820743,0.10091447272727269,0.9999998820911836,-0.7710011100446662,0.9409353832135248
63848165,20260207,36.14132,1.05,31.217929419999997,0.0,1.1255720879901971,0.0,35.13803,0.0,85555,0,0.0425540910221338,0.0,0.9722398075111811,0.0,0.07197341713352104,-1.0
63848591,20260207,354.54545454545456,2.7,15.07816122,0.0,1.2602451799490706,0.0,19.00218,0.0,6421,0,0.0018034490506684642,0.0,0.0535958923076923,0.0,-0.5332425259447887,-1.0
63862766,20260207,4.545454545454546,2.97,0.00097594,0.3215130687999999,0.0,3.608737883012354,0.0,1.16026,5024,6,0.013483628556092324,0.0018414262776966,0.0,0.2552571488792407,-1.0,0.2150632485687258
63864374,20260207,2.05838,6.0,0.0151464699999999,0.0,11.000582974118794,0.0,0.16662,0.0,1236,0,0.08643356643356644,0.0,0.08094715261516337,0.0,0.8334304956864657,-1.0
63864918,20260207,11.45841,5.19,0.2422437999999994,0.18111579,0.7143216874900428,7.276906795885683,0.17304,1.31797,14949,3,0.021441480206540447,0.0005475230394477,0.01510157168402946,0.1150220545475806,-0.8623657634893945,0.4021014866390737
63865915,20260207,49.263179999999984,8.5,8.131456029999999,0.0,4.07247851772495,0.0,33.11518,0.0,20478,0,0.002728072045188106,0.0,0.6722095487948608,0.0,-0.5208848802676529,-1.0
63866696,20260207,4.3478260869565215,2.54,0.8407386899999991,0.3987220922,0.36164625657943766,7.29415992425432,0.30405,2.90835,8583,3,0.49045714285714287,0.0294117647058823,0.06993150000000001,0.6689203660342438,-0.8576195840238434,1.8717165487407923
63872859,20260207,1000.0,1.02,1.87255238,297.9777806382,0.9822208551517261,1.410613356100355,1.83926,420.3314386,8381,334,0.0032792080757492762,0.0043052812761341,0.00183926,0.4203314385999999,-0.03703837730222935,0.3829542965471715
63873690,20260207,5339.06705,1.0,2656.2347215300006,47.0118351552,0.5232151619490466,0.2981038031302221,1389.78228,14.014407150000002,72743,14,0.05629827412738952,0.0008693492300049,0.2603043316341195,0.0026248794830337,-0.4767848380509534,-0.7018961968697779
63877699,20260207,29.96146,9.0,0.3320364199999993,0.0,2.186717951000681,0.0,0.72607,0.0,1703,0,0.0008784236859751379,0.0,0.024233465258368586,0.0,-0.7570313387777021,-1.0
63886464,20260207,1.45776,5.0,0.11513623999999979,0.1478925825402574,12.661174274928577,9.856816985214447,1.45776,1.457759976387024,21711,1,0.01826602725896012,0.0014430014430014,1.0,0.9999993443489076,1.5322348549857154,0.9713633970428894
63886585,20260207,1.252086811352254,5.0,0.0933090099999999,0.0796095186,0.0,7.120792703892774,0.0,0.56689,28100,1,0.0070295692199929954,7.507507507507509e-05,0.0,0.452755820887451,-1.0,0.4241585407785548
63886628,20260207,2.4251000000000005,5.0,0.7721016299999993,0.3824701066084828,3.034626413105749,6.340609908088991,2.3430400000000002,2.425100088119507,76994,4,0.06573941256830601,0.0093896713615023,0.9661622201146344,0.9999996067486262,-0.3930747173788502,0.2681219816177982
63887366,20260207,19.94432,5.05,2.068721169999999,2.043938820613652,4.993128194265061,9.757782728027214,10.32939,19.944320678710938,1654,3,0.005743055555555556,0.0041643541643541,0.5179113652408305,0.9999999043663366,-0.0112617437098888,0.9322341305906536
63887879,20260207,62.70501,4.92,6.102116979999998,0.0,3.8811923923490577,0.0,23.68349,0.0,6013,0,0.003711041165216318,0.0,0.37769693362619666,0.0,-0.21113975765263054,-1.0
63890282,20260207,42.79496,8.01,0.0635166,1.1877165698,0.0,24.724059613721817,0.0,29.3652,4495,2,0.0031823008849557522,0.0001543209876543,0.0,0.6861836063153868,-1.0,2.0866490520903764
63890317,20260207,2.10644,8.01,0.0179027199999998,0.0,0.0,0.0,0.0,0.0,1135,0,0.0011656567731334086,0.0,0.0,0.0,-1.0,-1.0
63891398,20260207,62.135140000000014,6.0,30.61322343999998,0.0,2.0021648527189546,0.0,61.29272000000001,0.0,6389,0,0.004364369150898285,0.0,0.9864421324229735,0.0,-0.6663058578801743,-1.0
63893095,20260207,68.18181818181819,3.3,2.794432129999999,0.0,2.135432074351365,0.0,5.96732,0.0,3366,0,0.00829064039408867,0.0,0.08752069333333333,0.0,-0.3528993714086773,-1.0
63893625,20260207,4.926108374384237,8.0,0.5488183999999994,0.0,2.9332289150655333,0.0,1.60981,0.0,3342,0,0.002368029476369305,0.0,0.32679143,0.0,-0.6333463856168083,-1.0
63893649,20260207,36.47676,4.76,2.2019377899999992,0.0,3.5351589110971218,0.0,7.7842,0.0,1170,0,0.0005691215098745014,0.0,0.2134016288727398,0.0,-0.2573195564922013,-1.0
63893761,20260207,1000.0,8.0,0.3891586299999991,0.0,3.910487607585635,0.0,1.5217999999999998,0.0,7556,0,0.008974937641050005,0.0,0.0015217999999999998,0.0,-0.5111890490517956,-1.0
63894784,20260207,164.65190000000004,1.76,86.79048194,0.0,1.8498518087616,0.0,160.54953,0.0,6483,0,0.040493441599000625,0.0,0.9750845875449963,0.0,0.05105216406909093,-1.0
63895426,20260207,2.45433,6.5,1.2508153499999992,0.0,1.7856352658288062,0.0,2.2335,0.0,1785,0,0.009365162644281217,0.0,0.9100243243573601,0.0,-0.7252868821801837,-1.0
63909258,20260207,1000.0,8.49,0.0785548699999998,0.0,6.25409984129566,0.0,0.49129,0.0,1031,0,0.0007925282496733031,0.0,0.00049129,0.0,-0.2633569091524547,-1.0
63920345,20260207,23.28086,2.28,12.20284938,0.0,1.6407045089660854,0.0,20.02127,0.0,278446,0,0.09462262548000136,0.0,0.859988419671782,0.0,-0.2803927592254011,-1.0
63921353,20260207,1000.0,1.02,1.6859938299999995,10.5327029424,0.3282692914718438,1.78388785375075,0.5534600000000001,18.78916263,2735,3,0.0044616639477977164,0.0002264492753623,0.0005534600000000001,0.0187891626299999,-0.678167361302114,0.7489096932436816
63924789,20260207,7.319470000000001,2.53,4.274365819999999,1.5729615989970762,1.5365250136685777,4.653301949714738,6.56767,7.319469928741455,2115,2,0.19766355140186917,0.1269841269841269,0.8972876451437056,0.9999998697072052,-0.3926778602100483,0.8392498032949
63924884,20260207,6.451612903225806,2.04,0.0624872099999997,0.2868417214321963,0.30022143731493356,22.49181334341916,0.01876,6.451612949371337,2086,7,0.008091543832428239,0.1448412698412698,0.0029078,0.9999998521805036,-0.8528326287671893,10.025398903923897
63929252,20260207,5.68214,4.3,4.09207596,0.0,1.3836791045296237,0.0,5.66212,0.0,1100,0,0.0019593872461702885,0.0,0.9964766795608696,0.0,-0.6782141617372968,-1.0
63930481,20260207,154.00257,5.0,2.6122427199999994,0.0,3.2410196553251387,0.0,8.466330000000001,0.0,2812,0,0.0011808180062148315,0.0,0.05497525138703855,0.0,-0.3517960689349723,-1.0
63931270,20260207,17.857142857142858,1.05,9.997431630000001,0.0,0.7097622932181032,0.0,7.0958000000000006,0.0,9372,0,0.002013535288430551,0.0,0.3973648,0.0,-0.32403591122085407,-1.0
63932875,20260207,77.90089,1.0,57.15022754,9.767000479,0.5269629062967681,0.4819186328701078,30.11605,4.7069,2937,15,0.008738470693246058,0.003487561032318,0.3865944278685391,0.0604216487041684,-0.4730370937032319,-0.5180813671298923
63935338,20260207,45.15721,1.18,43.847514660000016,0.0,0.807353855161468,0.0,35.400459999999995,0.0,5753,0,0.004228281640452742,0.0,0.7839381573839481,0.0,-0.3158018176597729,-1.0
63937480,20260207,27.785550000000004,6.0,15.92798474,0.0,1.7353620342556908,0.0,27.640819999999998,0.0,3633,0,0.00724571200638213,0.0,0.9947911774285553,0.0,-0.7107729942907182,-1.0
63937984,20260207,500.0,1.36,79.24994016,0.0,1.2026851983429938,0.0,95.31272999999999,0.0,26547,0,0.004116707502403623,0.0,0.19062545999999997,0.0,-0.1156726482772105,-1.0
63940373,20260207,12.25487,2.1,9.113452929999998,2.669671775,1.344701080274302,2.9291792137334136,12.25487,7.81995,22502,1,0.0036067255445671512,7.115209471766849e-06,1.0,0.6381095129369555,-0.3596661522503324,0.3948473079792471
63942050,20260207,5.754020000000001,2.0,6.880595539999999,0.0,0.8362677280693642,0.0,5.75402,0.0,91254,0,0.4581024096385542,0.0,0.9999999999999999,0.0,-0.5818661359653179,-1.0
63942675,20260207,7.03731,2.08,2.40745589,1.697917026588422,1.3539936551028562,4.144670127322618,3.25968,7.037310123443604,17441,13,0.28405537459283386,0.0673045126170126,0.46319971693729567,0.9999998644831376,-0.3490415119697807,0.9926299419943354
63942969,20260207,2.16213,4.82,0.041122969999999995,0.0,0.0,0.0,0.0,0.0,4559,0,0.007320166987797046,0.0,0.0,0.0,-1.0,-1.0
63942976,20260207,0.7507507507507507,4.82,0.09498938999999951,0.0,0.6256488224632278,0.0,0.05943,0.0,5076,0,0.04691312384473198,0.0,0.07916076,0.0,-0.8701973397379195,-1.0
63949306,20260207,37.5,7.5,0.0449652199999997,0.0,2.641597216693275,0.0,0.11878,0.0,11375,0,0.0014147482059127148,0.0,0.0031674666666666666,0.0,-0.64778703777423,-1.0
63950119,20260207,1127.6450100000006,1.49,1214.6769155400002,0.0,0.9169166761557043,0.0,1113.75752,0.0,164069,0,0.009557064884984826,0.0,0.9876845196166828,0.0,-0.38461968043241324,-1.0
63950199,20260207,1000.0,1.86,1.0834072399999997,0.0,0.5502547684654573,0.0,0.59615,0.0,1021,0,0.0457847533632287,0.0,0.0005961499999999999,0.0,-0.7041641029755606,-1.0
63952722,20260207,1000.0,6.0,1.3205693899999993,0.3463649248999999,3.1496035206449866,1.2624221049638251,4.15927,0.43726,1816,3,0.0033642089662838087,0.0004497675358803,0.0041592700000000005,0.00043726,-0.4750660798925022,-0.7895963158393625
63953184,20260207,10.20408163265306,8.1,0.3724572899999989,0.0963606753,0.9627949556310229,22.735387208445516,0.3586,2.19082,33825,3,0.017681651855723995,0.0009646161957838,0.0351428,0.2147003419816302,-0.8811364252307379,1.8068377947804772
63953504,20260207,24.7436,9.2,9.367659570000002,0.0677398953,2.004393932090766,29.088632373006146,18.77648,1.97049,74031,1,0.43598939929328623,0.0005330490405117,0.7588418823453337,0.0796363415503885,-0.7821310943379602,2.161807932181864
63957756,20260207,1000.0,9.68,0.47714719999999844,0.0,2.629062897152082,0.0,1.2544499999999998,0.0,94937,0,0.013725169871331502,0.0,0.0012544499999999998,0.0,-0.728402593269413,-1.0
63959710,20260207,6.746300000000001,9.0,1.0116520099999995,0.3070533220647313,5.871090000602088,21.971031624388885,5.939500000000001,6.746300220489502,53675,3,0.012660691119235758,0.0009700046885275,0.8804085202259017,0.9999998586374532,-0.347656666599768,1.4412257360432097
63965582,20260207,1000.0,2.13,0.6573798499999994,54.88975303709999,1.6206611748139235,8.44340493285413,1.0653899999999998,463.4564199999999,1179,170,0.0005254010695187166,0.0062333192334338,0.0010653899999999998,0.4634564199999998,-0.23912620900754764,2.9640396615989637
63966360,20260207,1000.0,5.63,29.11323841,1.6174068068999998,1.621798967708862,8.986243257881485,47.215819999999994,14.53442,213733,11,0.08134152839092708,0.0004371783144272,0.04721581999999999,0.01453442,-0.7119362401938079,0.5961355373389465
63974967,20260207,16.666666666666668,7.15,0.1509424199999995,0.2664425295,11.898510703618015,22.816204286920016,1.79599,6.07923,35391,13,0.006478545800688291,0.0017504392909967,0.10775939999999999,0.3647537721714956,0.6641273711353867,2.191077480083238
63985726,20260207,4994.14603,1.0,6089.890448690001,54.17588963359999,0.7498611984033832,0.3700347657518127,4566.572550000001,20.046963,160888,14,0.11837833860643072,0.00088753645239,0.914385066549606,0.0040140923024036,-0.25013880159661683,-0.6299652342481873
63987649,20260207,5.076142131979696,2.07,1.5329025399999994,0.0085622753515354,0.7985439178670813,592.780461063417,1.22409,5.076142311096191,48582,1,0.03132705700283724,0.0909090909090909,0.24114572999999992,0.9999998211860656,-0.6142299913685596,285.3673817297112
63987864,20260207,138.91400000000002,3.0,7.335207660000001,0.0,3.962146860338511,0.0,29.06317,0.0,1273,0,0.08056962025316455,0.0,0.2092169975668399,0.0,0.32071562011283694,-1.0
63993604,20260207,23.71317,4.5,6.438650769999999,2.3974625588,3.4845048755455337,8.031638240890704,22.43551,19.25556,31270,29,0.007909047221589903,0.0010097942684468,0.9461202361388207,0.8120196154170055,-0.22566558321210362,0.784808497975712
63993812,20260207,82.3529411764706,2.06,7.230964519999999,0.0,1.849822380265254,0.0,13.375999999999998,0.0,1675,0,0.0027773171944951085,0.0,0.1624228571428571,0.0,-0.10202797074502234,-1.0
63996813,20260207,2738.002499999999,2.3,826.7561539400001,0.0,1.3900978354052935,0.0,1149.2719399999999,0.0,49542,0,0.010018807255960686,0.0,0.41974831651906824,0.0,-0.39560963678030714,-1.0
63997228,20260207,3.88989,3.37,0.707181539999999,0.7476744927203705,5.500553648501636,5.202644721398462,3.8898900000000003,3.88988995552063,29994,4,0.055792410714285715,0.0176870748299319,1.0000000000000002,0.999999754832632,0.6322117651340167,0.5438115424550957
64002649,20260207,59.33854,2.0,24.471188329999997,0.0,1.5503991669046997,0.0,37.940110000000004,0.0,2433,0,0.003844816687737042,0.0,0.6393839484422772,0.0,-0.22480041654765015,-1.0
64003921,20260207,896.7005099999998,2.57,225.29017244999997,0.0,1.9243652543087217,0.0,433.54058,0.0,27229,0,0.002557818400435869,0.0,0.483484257190843,0.0,-0.2512197454051666,-1.0
64004784,20260207,16.216216216216218,1.18,1.51071968,2.3164572888,1.5725749994863374,1.7800536361637072,2.37572,4.123419999999999,1092,4,0.006019845644983462,0.0014619883040935,0.1465027333333333,0.2542775238253632,0.33269067753079445,0.508520097702318
64005031,20260207,1000.0,8.49,1.23163432,0.0,6.591412619940631,0.0,8.118209999999998,0.0,12273,0,0.011165393013100437,0.0,0.008118209999999997,0.0,-0.2236263109610564,-1.0
64005575,20260207,1000.0,6.38,2.129111579999998,1.0910413468,2.8943386799859523,5.802222084749608,6.162369999999999,6.33047,515162,10,0.0924024250251112,0.0002019020914601,0.0061623699999999995,0.00633047,-0.5463418996887222,-0.0905608180764023
64007547,20260207,41.66666666666666,6.5,0.0681534699999993,0.4647133077840551,0.0,89.66082438243804,0.0,41.66666793823242,3976,2,0.01602579604997985,0.0037878787878787,0.0,1.0,-1.0,12.793972981913544
64009920,20260207,650.6762800000001,2.3,108.41929587999999,0.0,1.5695649802812575,0.0,170.17113,0.0,12907,0,0.02348435225618632,0.0,0.2615296349822372,0.0,-0.31758044335597496,-1.0
64020441,20260207,193.69960000000003,2.61,10.769538549999998,0.0,1.0929456211473425,0.0,11.77052,0.0,1050,0,0.0030585493737256045,0.0,0.06076687819696064,0.0,-0.5812468884492941,-1.0
64020537,20260207,40000.0,1.56,1525.4624940200001,0.3306874436,1.2181481926199602,0.5203387155800808,1858.23938,0.17207,845119,2,0.04100310027121309,8.640055296353896e-06,0.0464559845,4.30175e-06,-0.219135773961564,-0.6664495290602617
64020651,20260207,1000.0,7.0,3.29447241,1.9660205238,6.385538375171883,5.904309723712294,21.03698,11.608,46180,1,0.06013803880713635,9.384384384384384e-05,0.02103698,0.011608,-0.0877802321183024,-0.1565271823268151
64021638,20260207,380.56766,3.0,151.39981512,0.0,1.5370415731059843,0.0,232.70781,0.0,53398,0,0.012248371410221122,0.0,0.6114755257974364,0.0,-0.4876528089646719,-1.0
64021769,20260207,502.20883,2.57,116.80017328000002,0.0,1.7394896282640169,0.0,203.17269,0.0,9418,0,0.0017058503894222061,0.0,0.40455817951269396,0.0,-0.3231557866676977,-1.0
64024543,20260207,33.333333333333336,3.62,12.361320649999998,0.0,1.168799063553133,0.0,14.4479,0.0,11659,0,0.009005174944002471,0.0,0.43343699999999996,0.0,-0.6771273305101843,-1.0
64024748,20260207,106.53732000000002,2.5,57.40553908,0.0,1.522462664764858,0.0,87.39778999999999,0.0,6898,0,0.008261077844311378,0.0,0.8203490570252749,0.0,-0.3910149340940568,-1.0
64029718,20260207,1000.0,2.75,337.58636083,40.13189606099999,2.0149579157392052,2.2080727922058503,680.22231,88.61415,1576390,8,0.033443795016495,9.860660637601475e-06,0.68022231,0.0886141499999999,-0.267288030640289,-0.1970644391978726
64040144,20260207,500.0,1.6,21.039017819999998,0.0,0.6015523209438491,0.0,12.65607,0.0,2695,0,0.012216681776971895,0.0,0.02531214,0.0,-0.6240297994100943,-1.0
64048419,20260207,793.6428571428571,2.67,3.1898601900000005,0.2776565901,1.0692443545621348,3.2639842464727926,3.4107399999999997,0.90627,2208,4,0.01645305514157973,0.0008000239865992,0.004297575375753758,0.0011419115814795,-0.5995339496021966,0.2224659749835357
64070901,20260207,16.666666666666668,7.15,0.18408316999999957,0.453804147265097,2.875548047113711,36.72648080641472,0.52934,16.66666603088379,22140,7,0.014451697127937337,0.000513154844634,0.0317604,0.9999998855590908,-0.5978254479561245,4.136570673643799
64073560,20260207,62.5,1.39,27.034988699999996,0.0,0.7600576507731258,0.0,20.54815,0.0,4967,0,0.0009770827185993903,0.0,0.3287704,0.0,-0.4531959346955929,-1.0
64073567,20260207,1000.0,5.38,0.0058745699999998,0.0,6.220029721324497,0.0,0.03654,0.0,13883,0,0.00218760833254546,0.0,3.6540000000000006e-05,0.0,0.1561393534060404,-1.0
64074041,20260207,1000.0,5.38,0.0044572,0.0,0.0,0.0,0.0,0.0,5315,0,0.0008910758294633427,0.0,0.0,0.0,-1.0,-1.0
64075202,20260207,16.138539999999995,8.3,0.23027221999999897,0.0,3.809968914183413,0.0,0.87733,0.0,1729,0,6.995128898095254e-05,0.0,0.05436241444393361,0.0,-0.5409676007007936,-1.0
64082498,20260207,130.62899000000007,2.5,71.42236495999998,0.0,1.823401816404933,0.0,130.23167,0.0,25097,0,0.005292381012631534,0.0,0.9969584086962621,0.0,-0.2706392734380268,-1.0
64094719,20260207,72.20216606498195,3.4,0.29324328,0.0,0.0,0.0,0.0,0.0,11408,0,0.00128044537230341,0.0,0.0,0.0,-1.0,-1.0
64101541,20260207,72.20216606498195,3.4,3.3380556999999995,3.3785390795000003,3.9490653196709693,15.186458882439313,13.1822,51.30806,49177,4,0.006359533416097662,0.0001012339324002,0.18257347,0.7106166543127717,0.1614897999032263,3.466605428373713
64101770,20260207,72.20216606498195,3.4,4.905490569999999,0.0,1.4534876580141916,0.0,7.13007,0.0,40501,0,0.0052632194513391635,0.0,0.0987514695,0.0,-0.572503629995826,-1.0
64102891,20260207,1000.0,1.19,4.1478693699999996,0.0,0.9946311303434324,0.0,4.1256,0.0,5381,0,0.014104849279161205,0.0,0.0041256,0.0,-0.16417552071980465,-1.0
64104600,20260207,1000.0,3.32,1.9686378299999996,53.8612709246,1.252144992052703,3.791982118170464,2.46502,204.24098,101155,93,0.04687224873731523,0.0043319647523798,0.00246502,0.20424098,-0.6228478939600292,0.142163311571714
64105048,20260207,11.616680000000002,2.37,4.914132839999999,2.9222264084000003,0.9571739619476793,1.8821841120884888,4.70368,5.50017,204118,20,0.09910565158283162,0.0011218166784142,0.4049074262181621,0.473471721669525,-0.5961291299798821,-0.2058294502219007
64105743,20260207,250.0,2.0,10.7845097,0.0,1.5314947512171093,0.0,16.51642,0.0,1068,0,0.01706070287539936,0.0,0.06606568,0.0,-0.23425262439144534,-1.0
64107218,20260207,2941.176470588235,1.0,3.578357160000001,0.0,0.6744827003238546,0.0,2.41354,0.0,6855,0,0.0591458153580673,0.0,0.0008206035999999999,0.0,-0.3255172996761454,-1.0
64111322,20260207,23.80952380952381,8.81,0.11075783999999969,0.0,3.904915444360429,0.0,0.43250000000000005,0.0,1304,0,0.02015455950540958,0.0,0.018165,0.0,-0.5567632866787255,-1.0
64112353,20260207,13.764770000000002,3.15,1.3811626599999993,0.9119356051,3.1148177724410835,2.679659952603869,4.30207,2.44368,1321,6,0.007314507198228129,0.0048502410057642,0.31254209115008813,0.1775314741799026,-0.011168961129814739,-0.1493143265155043
64114440,20260207,609.6625099999999,1.0,111.51835625000001,31.9080690769,2.586153882625937,0.6197150110409033,288.40362999999996,19.77391,11209,11,0.005964137490688518,0.0006838974572396,0.4730545593167604,0.032434189100075,1.5861538826259372,-0.3802849889590967
64114731,20260207,814.7297199999998,1.0,1020.60950375,23.740811047100003,0.7809207410586979,0.4252029366128226,797.01513,10.094663,25262,10,0.018622926649465535,0.0006825006825006,0.9782570961078972,0.0123901983073494,-0.2190792589413021,-0.5747970633871773
64115407,20260207,17.81497,1.0,39.86770361,6.4073281055,0.44141092680306493,0.3607727903372014,17.598039999999997,2.31159,10906,6,0.00822535636171657,0.0006561679790026,0.987823162205718,0.1297554669119725,-0.5585890731969351,-0.6392272096627986
64115681,20260207,6.819940000000001,1.8,8.570856709999997,0.0,0.7909804386404218,0.0,6.779380000000001,0.0,20773,0,0.03970374617737003,0.0,0.9940527336017618,0.0,-0.5605664229775434,-1.0
64116760,20260207,1000.0,9.0,0.1684579899999996,0.7974112382,4.504149669600128,4.4445141800182615,0.75876,3.54411,143384,9,0.016324244321739626,0.000241867980713,0.00075876,0.00354411,-0.49953892559998575,-0.506165091109082
64117240,20260207,46.206500000000005,3.0,17.648889509999997,0.0,2.516745882217266,0.0,44.41777,0.0,11820,0,0.03323025021085184,0.0,0.9612883468776037,0.0,-0.16108470592757795,-1.0
64117651,20260207,1000.0,1.0,151.93433550000003,0.0,0.48836360626331227,0.0,74.1992,0.0,1331088,0,0.02246615109892892,0.0,0.0741992,0.0,-0.5116363937366877,-1.0
64117807,20260207,1000.0,1.0,2.9893909799999987,123.77750960480002,0.5779136993314942,2.142037424282454,1.7276099999999999,265.13606,30216,467,0.001591807061352214,0.0024849899988609,0.0017276099999999999,0.2651360599999999,-0.42208630066850583,1.1420374242824538
64119370,20260207,1000.0,9.0,0.0704013999999996,0.0,3.5968034726582347,0.0,0.25322,0.0,26653,0,0.00498904966025869,0.0,0.00025322,0.0,-0.6003551697046405,-1.0
64119946,20260207,1000.0,9.0,0.0419825599999997,0.0,0.0,0.0,0.0,0.0,18374,0,0.002513611863525678,0.0,0.0,0.0,-1.0,-1.0
64120353,20260207,1000.0,9.0,2.8814119499999995,2.2620887512000003,4.086940779155165,2.215464703529753,11.77616,5.01158,353560,10,0.034720953755806305,8.58908487673165e-05,0.01177616,0.00501158,-0.5458954689827595,-0.7538372551633609
64120867,20260207,1000.0,9.0,1.4720825399999993,0.1898058062,6.463190576256685,1.1747207830105726,9.51435,0.22297,261822,2,0.02192281606644952,1.6950259124769353e-05,0.00951435,0.00022297,-0.28186771374925723,-0.8694754685543808
64121070,20260207,1000.0,9.0,0.1155681899999996,0.0,2.601927052764269,0.0,0.3007,0.0,52642,0,0.004484903217011995,0.0,0.00030070000000000004,0.0,-0.7108969941373035,-1.0
64121508,20260207,41.66666666666666,2.76,9.175178890000002,0.0,1.8963717447475288,0.0,17.399549999999998,0.0,2646,0,0.0016637323943661973,0.0,0.41758920000000005,0.0,-0.31290878813495326,-1.0
64123385,20260207,1000.0,9.0,0.022308909999999498,0.0,8.713558842633027,0.0,0.19439,0.0,33796,0,0.004005309440849511,0.0,0.00019439000000000001,0.0,-0.03182679526299697,-1.0
64124603,20260207,80.0,2.98,17.45758461,0.0,1.727849566469894,0.0,30.16408,0.0,3176,0,0.009110728628800918,0.0,0.37705099999999997,0.0,-0.4201847092382906,-1.0
64125620,20260207,1000.0,7.5,6.036810639999998,3.7331280367,1.7993938600664807,8.208378735037687,10.862599999999999,30.642937000000007,1887451,55,0.07749747485115993,0.0003221919419708,0.010862599999999998,0.030642937,-0.7600808186578026,0.0944504980050249
64126534,20260207,333.3333333333333,6.0,10.337520489999998,8.913543563100001,1.4352861514860227,12.97461960068764,14.8373,115.64985,16174,9,0.004599198111866238,0.0002388123491157,0.04451190000000001,0.3469495394119403,-0.7607856414189963,1.1624366001146065
64136664,20260207,185.32,8.0,74.34889722,0.0,2.302170528414463,0.0,171.16384,0.0,235029,0,0.01282678338508893,0.0,0.9236123462119576,0.0,-0.7122286839481922,-1.0
64142416,20260207,111.11111111111111,3.54,0.2609288899999992,5.8110901333,0.30912636772417285,12.71965424469692,0.08066,73.91506999999999,9221,75,0.10256952169076752,0.1223659433759329,0.0007259399999999999,0.6652356096986202,-0.9126761673095557,2.5931227067129026
64142620,20260207,10.989010989010987,2.07,1.1625168399999988,3.2790272965670395,2.319630913905731,3.3513010004692347,2.6966099999999997,10.98901081085205,24136,6,0.015620995404828166,0.0215514505173617,0.24539151,0.9999999132156432,0.12059464439890404,0.6189860427769146
64142626,20260207,161.11706,1.78,76.34240495000002,0.0,1.212263486598479,0.0,92.54710999999999,0.0,10826,0,0.022102899142507147,0.0,0.5744091283691496,0.0,-0.3189530974165849,-1.0
64143069,20260207,111.11111111111111,3.21,0.0741430599999993,2.1604546182000006,0.710248538433678,33.97836983161961,0.05266,73.40876,12899,220,0.05717641843971631,0.0943368375520867,0.00047393999999999995,0.6606788198376825,-0.7787387730736205,9.585161815522657
64144354,20260207,1000.0,9.5,1.822783599999998,0.5833793448,7.64773723002556,10.631794600701468,13.940170000000002,6.202380000000001,2155,1,0.0033328178162697186,0.0001157407407407,0.013940170000000002,0.00620238,-0.19497502841836215,0.1191362737580492
64150026,20260207,34.930139720558884,9.0,0.8520002499999999,0.0,5.433308264874336,0.0,4.62918,0.0,4230,0,0.00021615158204562178,0.0,0.13252681028571428,0.0,-0.39629908168062933,-1.0
64157057,20260207,319.6986600000001,3.0,9.951795829999998,0.3152785951999999,20.23582612023905,1.8891485813478364,201.38281,0.59561,32315,1,0.09315364658402998,0.0010570824524312,0.6299144638266546,0.0018630355924071,5.745275373413016,-0.3702838062173879
64162199,20260207,209.54995,1.0,7.434174840000001,7.316907941600001,13.057420909406536,2.082524344859205,97.07115,15.237640999999998,16762,8,0.037026728517782194,0.0004319322169754,0.4632363310036581,0.0727160300967023,12.057420909406536,1.0825243448592046
64162266,20260207,1000.0,2.09,74.27437595999999,0.0,0.8667137107239858,0.0,64.37462,0.0,2371583,0,0.14983276683387878,0.0,0.06437462,0.0,-0.5853044446296719,-1.0
64163843,20260207,118.75,1.9,14.027698139999998,0.0,0.6696565542149597,0.0,9.39374,0.0,1759,0,0.01556637168141593,0.0,0.07910517894736842,0.0,-0.6475491819921264,-1.0
64164423,20260207,1000.0,1.03,3.5592245899999986,0.0,0.901227196792322,0.0,3.2076700000000002,0.0,7933,0,0.004614355514192647,0.0,0.00320767,0.0,-0.1250221390365806,-1.0
64165844,20260207,1000.0,4.75,46.44669738,0.0,2.7559875560736797,0.0,128.00652,0.0,13710,0,0.006478899862955437,0.0,0.12800651999999998,0.0,-0.4197920934581727,-1.0
64168025,20260207,1000.0,3.32,4.545049579999997,98.74605050190004,1.339050299204878,4.06621210562808,6.086050000000001,401.52238999999975,97159,224,0.04426579798624083,0.0040936318969044,0.006086050000000001,0.4015223899999997,-0.5966715966250367,0.2247627070451239
64168581,20260207,760.80663,1.0,160.28754673999998,0.0,4.7084945483893925,0.0,754.7130399999999,0.0,3993,0,0.11919402985074627,0.0,0.9919906192194984,0.0,3.7084945483893925,-1.0
64169222,20260207,159.72876999999997,1.0,167.88089781000002,1.157385012,0.9001820455537151,0.3967388539684546,151.12337000000002,0.45918,8423,1,0.0013296604416941607,3.1764182707578934e-05,0.9461249216406039,0.0028747481468496,-0.09981795444628494,-0.6032611460315453
64169699,20260207,8.33142,3.52,0.0316775799999998,0.0,0.44384703629507327,0.0,0.01406,0.0,5372,0,0.010257781172426962,0.0,0.0016875874700831312,0.0,-0.873907091961627,-1.0
64169776,20260207,2.2580645161290325,3.34,0.1861151899999996,0.3197495703987055,0.12830763571742881,7.061956154206291,0.02388,2.2580645084381104,25496,7,0.9768582375478927,0.0329878934624697,0.010575428571428569,0.999999577658694,-0.9615845402043626,1.1143581843362602
64170247,20260207,4.545454545454546,2.5,0.048011749999999805,0.0485229200989135,0.0,93.67451130988664,0.0,4.545454502105713,4025,3,0.34698275862068967,0.2222222222222222,0.0,0.9999997901916924,-1.0,36.46980452395466
64170856,20260207,81.9672131147541,8.64,0.8303172599999996,0.0,3.7580093180286305,0.0,3.1203399999999997,0.0,16098,0,0.04203133159268929,0.0,0.038068147999999996,0.0,-0.5650452178207603,-1.0
64170903,20260207,348.6739,8.64,6.852928969999999,0.0,7.300951201891708,0.0,50.0329,0.0,7766,0,0.002764192916889126,0.0,0.14349482424695395,0.0,-0.15498249978105236,-1.0
64171740,20260207,164.78868999999997,1.0,266.06601492,2.3108221894,0.6179224732983423,0.3339026557892304,164.40817,0.77159,10036,3,0.015017207840790064,0.0018115942028985,0.9976908609444012,0.0046822993164926,-0.38207752670165773,-0.6660973442107696
64172255,20260207,102.14761,1.0,17.230847659999995,41.67139999801594,8.564760881879913,2.451264202282377,147.57809,102.1476135253906,9059,66,0.0030282466989804448,0.0083114123875964,1.444753235048769,0.9999999999999996,7.564760881879913,1.4512642022823772
64172392,20260207,129.05163000000002,1.0,40.188840209999995,0.0,2.6813473451066776,0.0,107.76023999999998,0.0,1255,0,0.005158240854911632,0.0,0.8350164968857811,0.0,1.6813473451066776,-1.0
64175878,20260207,1000.0,8.0,1.2714167699999979,0.0,2.969553406158081,0.0,3.775539999999999,0.0,53765,0,0.04790181753385602,0.0,0.003775539999999999,0.0,-0.6288058242302399,-1.0
64177389,20260207,7.387790000000001,3.93,4.293720529999998,0.2212709066,0.8169255487152075,28.46556572310929,3.50765,6.29863,24634,5,0.005196279030522918,7.796540292121907e-05,0.4747901605216174,0.8525728281083185,-0.7921309036348073,6.243146371393665
64178983,20260207,4.433497536945813,3.12,2.1055268100000006,1.1185297116045176,0.5951052221462807,3.963679658410317,1.2530100000000002,4.433497428894043,66908,10,0.17050968399592253,0.049358438832123,0.2826233666666667,0.9999997848935008,-0.809261146747987,0.2704101935247518
64184353,20260207,0.8375209380234506,3.05,0.0757191399999994,0.0,0.5608885679367244,0.0,0.04247,0.0,3052,0,0.872,0.0,0.05070918,0.0,-0.816102108873205,-1.0
64188787,20260207,125.0,1.2,5.286193009999999,43.20671769808668,1.1586466836177822,2.89306857281748,6.12483,124.99999999999996,1668,149,0.004547437295528899,0.1064773616145276,0.04899864,0.9999999999999996,-0.03446109698518145,1.4108903815477236
64190160,20260207,111.11111111111111,2.0,24.95588943,0.0,1.1133123537003906,0.0,27.783699999999996,0.0,4183,0,0.008793357157872609,0.0,0.2500533,0.0,-0.4433438231498047,-1.0
64190436,20260207,111.11111111111111,2.0,74.29364426,0.0,0.9990722724576709,0.0,74.22471999999999,0.0,9285,0,0.010572762468685949,0.0,0.6680224799999999,0.0,-0.5004638637711645,-1.0
64190638,20260207,105.33542000000004,1.76,53.76335006000001,0.0,1.9592421209326698,0.0,105.33542,0.0,10150,0,0.0603807257584771,0.0,0.9999999999999996,0.0,0.11320575052992603,-1.0
64193332,20260207,61.98347107438016,6.9,3.1744756999999995,0.0,4.3376296753508,0.0,13.7697,0.0,2731,0,0.01029788838612368,0.0,0.22215116000000001,0.0,-0.3713580180651015,-1.0
64193931,20260207,720.20164,1.8,843.9225962099988,1.9835646048,0.7151252409999752,1.8885485768330357,603.5103500000001,3.74606,54048,1,0.005119781749978686,9.454923651491517e-06,0.8379741401310891,0.0052014042833326,-0.6027081994444582,0.0491936815902715
64196611,20260207,500.0,1.2,8.82136257,15.8795845439,1.7005377435699256,3.298574125577308,15.001059999999999,52.37999,31102,14,0.016978927830549186,0.0006810740766751,0.030002119999999997,0.10475998,0.41711478630827137,1.7488116620864615
64198178,20260207,1000.0,8.0,0.1262313699999998,0.0,5.840465804973845,0.0,0.7372500000000001,0.0,1104,0,0.010855457227138644,0.0,0.0007372500000000001,0.0,-0.2699417743782694,-1.0
64210201,20260207,72.20216606498195,3.4,0.9287681399999996,0.0,4.886838603227714,0.0,4.53874,0.0,1569,0,0.0002135972554998911,0.0,0.06286154899999999,0.0,0.437305471537563,-1.0
64210247,20260207,72.20216606498195,3.4,10.805448110000002,2.6899011064,1.5694453230778593,0.9580199940617438,16.95856,2.5769800000000003,114966,2,0.015569399114313187,2.747554676338059e-05,0.23487605599999997,0.0356911741708988,-0.5383984343888649,-0.7182294214147037
64213358,20260207,1000.0,1.03,0.4438352199999998,0.0,0.49869859359065755,0.0,0.22133999999999998,0.0,3813,0,0.031101141924959216,0.0,0.00022134,0.0,-0.5158266081644101,-1.0
64213628,20260207,4.545454545454546,2.5,0.00124408,0.0,0.0,0.0,0.0,0.0,3523,0,0.2429655172413793,0.0,0.0,0.0,-1.0,-1.0
64215562,20260207,250.0,1.0,0.1290475899999997,0.1154212351999999,0.7006717444316488,1.1221408056738102,0.09042,0.12952,3186,3,0.009409332545776727,0.0008189297510128,0.00036168,0.00051808,-0.2993282555683512,0.1221408056738102
64218012,20260207,833.3333333333334,5.0,4.91152224,0.0,4.351946088306829,0.0,21.374679999999998,0.0,22309,0,0.0484767492394611,0.0,0.025649615999999997,0.0,-0.12961078233863416,-1.0
64218299,20260207,833.3333333333334,5.0,4.2027202599999995,0.0,4.71227414027314,0.0,19.804370000000002,0.0,25249,0,0.0408229587712207,0.0,0.023765244,0.0,-0.05754517194537208,-1.0
64218859,20260207,833.3333333333334,5.0,3.2512190699999994,0.0,3.7780197936646585,0.0,12.28317,0.0,7956,0,0.02911086717892426,0.0,0.014739803999999999,0.0,-0.24439604126706832,-1.0
64221144,20260207,50.0,2.7,5.916374259999998,0.0,1.839430624525772,0.0,10.88276,0.0,1484,0,0.002312607137291569,0.0,0.2176552,0.0,-0.31872939832378816,-1.0
64223277,20260207,320.82551,6.0,74.70335081,0.0,4.2342341617915435,0.0,316.31147999999996,0.0,8811,0,0.00046424751437107133,0.0,0.985929953014023,0.0,-0.2942943063680761,-1.0
64223652,20260207,62.5,2.3,6.484282639999999,0.0,1.1662091891787125,0.0,7.56203,0.0,1612,0,0.002448359659781288,0.0,0.12099248,0.0,-0.492952526444038,-1.0
64224268,20260207,84.22965000000002,3.0,7.046226269999998,0.0,3.588884181546445,0.0,25.288090000000004,0.0,1008,0,0.011300448430493274,0.0,0.3002278888728612,0.0,0.19629472718214838,-1.0
64225909,20260207,140.0,2.18,60.84526391,0.0,1.1273534798281395,0.0,68.59412,0.0,7047,0,0.006342934293429343,0.0,0.489958,0.0,-0.48286537622562414,-1.0
64226179,20260207,1000.0,9.0,0.5494174299999994,0.0,2.266236802862263,0.0,1.24511,0.0,138148,0,0.013889525647986166,0.0,0.00124511,0.0,-0.7481959107930819,-1.0
64227028,20260207,1000.0,8.0,0.0792921999999998,0.0,11.766731153884017,0.0,0.9330099999999999,0.0,1988,0,0.003682845498332716,0.0,0.0009330099999999999,0.0,0.4708413942355021,-1.0
64228972,20260207,841.6133500000001,1.0,183.48983352,0.0,4.193353850943098,0.0,769.4378,0.0,30279,0,0.011038643820634342,0.0,0.9142414387794585,0.0,3.1933538509430983,-1.0
64229089,20260207,1000.0,3.94,10.034370079999999,4.8527258311,4.687016686153558,14.27314217567436,47.03126,69.26365999999999,29921,10,0.0248616535105941,0.0114835164835164,0.047031260000000005,0.0692636599999999,0.1895981436937964,2.6226248650726145
64229552,20260207,41.66666666666666,1.4,7.185961429999999,0.0,0.5687116525477927,0.0,4.086739999999999,0.0,3698,0,0.02213046080191502,0.0,0.09808175999999999,0.0,-0.5937773910372909,-1.0
64229916,20260207,1000.0,9.5,2.2696690199999994,0.6897643285,2.840193853463269,0.8040850664473489,6.4463,0.55463,351420,1,0.04074009668556325,8.387010198604401e-06,0.0064463,0.00055463,-0.7010322259512348,-0.9153594666897528
64238938,20260207,41.66666666666666,1.51,3.0426265499999996,0.0,0.6378469286676015,0.0,1.9407300000000003,0.0,12280,0,0.029676172063798936,0.0,0.04657752000000002,0.0,-0.5775848154519195,-1.0
64239841,20260207,41.66666666666666,1.29,12.535405400000002,0.0,0.41321758927716845,0.0,5.17985,0.0,2911,0,0.0015077433055368519,0.0,0.12431640000000004,0.0,-0.67967628738204,-1.0
64240263,20260207,41.66666666666666,1.29,18.52793197,0.0,0.7015828869108266,0.0,12.99888,0.0,13181,0,0.017579354494531876,0.0,0.31197312000000005,0.0,-0.4561372969683515,-1.0
64242045,20260207,25.0,1.67,5.946180449999998,8.082269443671892,0.9144222994443435,3.093190233392159,5.43732,25.000000000000004,32066,20,0.010450057031122699,0.005959738932955,0.2174928,0.9999999237060606,-0.45244173685967454,0.8522097681918435
64249042,20260207,833.3333333333334,4.88,0.3276775799999993,0.0,3.3559512982243156,0.0,1.0996699999999997,0.0,4519,0,0.024519804666304938,0.0,0.0013196039999999996,0.0,-0.3123050618392796,-1.0
64251345,20260207,169.62831999999997,1.76,95.44074008000001,0.0,1.6484152351304773,0.0,157.32596999999998,0.0,9311,0,0.06575564971751413,0.0,0.9274746693240846,0.0,-0.0634004345849561,-1.0
64255540,20260207,1000.0,2.0,73.34858521999999,0.0,1.3878901644069095,0.0,101.79978,0.0,188516,0,0.028558703226783822,0.0,0.10179977999999999,0.0,-0.30605491779654526,-1.0
64255680,20260207,606.9564399999999,1.48,329.98200748000005,0.0,0.9332794607556459,0.0,307.96542999999997,0.0,77651,0,0.022702315518652788,0.0,0.5073929687606576,0.0,-0.3694057697596987,-1.0
64255726,20260207,1206.6908999999998,2.0,945.9149886999992,0.0,1.240916249369504,0.0,1173.80128,0.0,1746530,0,0.046620131863438594,0.0,0.9727439562194429,0.0,-0.37954187531524797,-1.0
64255761,20260207,3419.8565500000004,2.0,2706.637810390003,0.0,1.2560370238492091,0.0,3399.6372999999994,0.0,3919395,0,0.07816762363659209,0.0,0.9940876906079581,0.0,-0.37198148807539544,-1.0
64255796,20260207,1000.0,2.0,198.59441599,0.0,1.4178653946351583,0.0,281.5801500000001,0.0,558633,0,0.03837529452981706,0.0,0.28158015000000014,0.0,-0.29106730268242087,-1.0
64259714,20260207,314.20998000000014,2.7,23.736493330000002,0.0,2.7676670301156063,0.0,65.69471,0.0,6372,0,0.016973894512519978,0.0,0.2090790050653387,0.0,0.025061863005780054,-1.0
64265671,20260207,363.78365,3.0,3.2387437199999987,0.447735684,20.569083496362605,1.3302684843219146,66.61799,0.59561,4342,1,0.013788504287075261,0.0007309941520467,0.1831252998863473,0.001637264297536,5.856361165454202,-0.5565771718926952
64265818,20260207,103.28789000000005,3.0,8.711936509999997,4.457874842,11.81935266422184,3.120501892165529,102.96945,13.91081,12071,3,0.023955149831315737,0.0005023537192654,0.99691696674218,0.1346799738753079,2.93978422140728,0.0401672973885096
64267444,20260207,72.20216606498195,3.4,0.0052856199999999996,0.0,0.0,0.0,0.0,0.0,1372,0,0.00017793225086891112,0.0,0.0,0.0,-1.0,-1.0
64269101,20260207,1000.0,2.08,48.0407577,0.1317075048,0.7118522195997753,2.48047763123646,34.197919999999996,0.3267,1547805,1,0.1394695345023338,0.0001212121212121,0.03419792,0.0003266999999999,-0.6577633559616466,0.1925373664518464
64272249,20260207,8.23428,6.0,0.8628780999999992,0.0176278578,4.745583414389592,178.41768512081364,4.09486,3.1453,2611,5,0.006648841354723708,0.0006541397476872,0.4972942382333367,0.3819762961751597,-0.20906943093506802,28.73628085346894
64273883,20260207,38.46153846153846,1.32,24.234725759999996,0.0,0.6362085609175056,0.0,15.418339999999999,0.0,2637,0,0.03642265193370166,0.0,0.40087684,0.0,-0.5180238174867382,-1.0
64273959,20260207,3.27383,2.5,0.2697672899999996,0.0347043383632203,0.05805003267816503,94.33217168833905,0.01566,3.273829936981201,4144,1,0.017209302325581394,0.0142857142857142,0.004783388263898859,0.999999701976776,-0.9767799869287339,36.73286867533561
64274214,20260207,79.67623999999999,1.6,40.99543987,0.0,0.9381767855635404,0.0,38.46097,0.0,3973,0,0.009967385850476669,0.0,0.48271567533809334,0.0,-0.41363950902278723,-1.0
64274224,20260207,20.75117,2.6,11.859701890000004,0.0,1.5895610340674418,0.0,18.85172,0.0,47499,0,0.0851236559139785,0.0,0.9084654021917801,0.0,-0.38863037151252244,-1.0
64274496,20260207,1.4749262536873156,4.87,0.6346609699999999,0.2675860179192691,0.19281160459575766,5.511949887406759,0.12236999999999999,1.474926233291626,11921,3,0.06405695862439549,0.0137248006542629,0.08296686,0.9999993534092226,-0.9604082947441976,0.1318172519369536
64277365,20260207,1000.0,8.4,0.3410022699999993,0.3461089437999999,2.546053432430235,6.325475587217151,0.8682099999999999,2.18931,3623,8,0.012219224283305227,0.002754141726394,0.0008682099999999999,0.00218931,-0.6968984009011626,-0.2469671578004305
64278016,20260207,1000.0,8.39,0.0772066999999996,0.0,2.689921988635715,0.0,0.20768,0.0,1631,0,0.016954261954261956,0.0,0.00020768,0.0,-0.6793895126775071,-1.0
64278103,20260207,34.95034,1.0,8.63609402,28.4269766354,0.4151228543479891,0.5591902946518191,3.58504,15.89609,1317,10,0.004391463821273758,0.0039682539682539,0.1025752539174154,0.4548193201195107,-0.5848771456520109,-0.4408097053481808
64278221,20260207,131.12874,1.0,29.110290070000005,0.0,3.399350187237759,0.0,98.95607,0.0,22930,0,0.03133798004646713,0.0,0.7546482182319452,0.0,2.399350187237759,-1.0
64278923,20260207,285.51958,1.0,41.16057128000001,4.0054525353,4.540073040502268,3.249442262978384,186.87199999999999,13.015490000000002,14070,7,0.006094602789569436,0.0002727918405212,0.6544980207662114,0.0455852780393475,3.540073040502268,2.249442262978384
64279071,20260207,908.5176,1.0,363.02720205,4.142368578399999,2.3590500248024044,0.4758822125092498,856.3993300000001,1.97128,34428,3,0.03479684657368102,0.0004697777811258,0.94263372553267,0.0021697763999991,1.3590500248024044,-0.5241177874907502
64279494,20260207,2330.69918,1.0,45.67883813999999,0.0,10.02593867638158,0.0,457.97322999999994,0.0,19741,0,0.0148943715104874,0.0,0.1964960703337099,0.0,9.02593867638158,-1.0
64279763,20260207,367.6441400000002,3.0,100.87297744000001,0.0,3.445501152245952,0.0,347.55796,0.0,18790,0,0.0223610615256456,0.0,0.945365156643051,0.0,0.148500384081984,-1.0
64280314,20260207,148.10778000000005,1.0,8.279366869999999,18.4401896261,2.70656686095129,0.7753222453006581,22.40866,14.29709,1579,7,0.004259509036957108,0.0023675476377574,0.1512996818938208,0.0965316656046516,1.7065668609512898,-0.2246777546993419
64280330,20260207,818.6775700000001,1.0,26.509144259999996,7.736201250799999,3.460084908829117,0.4967553685146476,91.72389,3.843,1318,2,0.002494794624266515,0.0004084967320261,0.11203909006570192,0.0046941558297776,2.460084908829117,-0.5032446314853524
64281525,20260207,22.689660000000003,3.15,3.3950834399999987,0.5944914409000001,1.4608683667580202,1.554667370708363,4.959769999999999,0.924238,3435,6,0.05252293577981652,0.0228370221327967,0.21859164042123144,0.0407338831082967,-0.5362322645212634,-0.5064548178919915
64282626,20260207,24.252223120452708,2.1,11.260596589999999,36.9550039953,1.0874530405320206,0.6179165718663605,12.245370000000001,22.83511,4456,11,0.0002377585811319144,3.624764390314629e-05,0.5049174230000001,0.9415675953576956,-0.48216521879427593,-0.7057540000343591
64285951,20260207,64.51612903225806,9.5,0.2308861099999996,0.0,2.757593343315459,0.0,0.6366899999999998,0.0,7739,0,0.018027020731423246,0.0,0.009868694999999997,0.0,-0.7097270164931095,-1.0
64287339,20260207,31.51393999999999,9.5,3.4181501899999986,1.031258213,8.02072421516388,22.664098129128664,27.416040000000002,23.37256,1032,3,0.00018701072774717308,6.110805283523585e-05,0.8699654819422773,0.7416577547523111,-0.15571324050906535,1.3856945399082805
64287886,20260207,31.746031746031747,2.66,18.354473369999997,0.0,1.2150552919950108,0.0,22.301699999999997,0.0,4361,0,0.0076055109870945235,0.0,0.7025035499999999,0.0,-0.5432122962424771,-1.0
64287936,20260207,83.33333333333333,2.1,10.671996870000001,16.5386229219,0.578496234135421,0.5382835985653915,6.17371,8.902470000000001,2186,6,0.000713469760762427,2.8887540803651383e-05,0.07408452,0.1068296367398182,-0.7245256027926567,-0.7436744652330955
64288096,20260207,63.048920000000045,2.59,30.43196622,0.0,0.9891733508897146,0.0,30.10249,0.0,14465,0,0.004192389067617309,0.0,0.4774465605437806,0.0,-0.6180797873012684,-1.0
64293134,20260207,37.5,7.5,0.42062227999999935,0.0,2.63264703904891,0.0,1.1073499999999998,0.0,59369,0,0.010632365056055016,0.0,0.029529333333333328,0.0,-0.6489803947934786,-1.0
64298582,20260207,300.0,1.65,53.73150039,0.0,0.9656210904852419,0.0,51.88427,0.0,6656,0,0.010524984187223276,0.0,0.17294756666666666,0.0,-0.4147750966756109,-1.0
64301193,20260207,1000.0,3.42,9.928241279999998,0.854997635,1.860995263805676,3.714590725633147,18.476409999999998,3.1759700000000004,115018,1,0.030119674234687196,2.2719011268629588e-05,0.01847641,0.00317597,-0.4558493380685158,0.0861376148442758
64302336,20260207,336.33232000000004,1.51,504.9833824899996,0.0,0.6660265103013773,0.0,336.33232000000004,0.0,26034,0,0.010646111065674327,0.0,1.0,0.0,-0.5589228408600151,-1.0
64312289,20260207,16.666666666666668,7.15,0.03751136,0.0,0.0,0.0,0.0,0.0,2427,0,0.006325254104769351,0.0,0.0,0.0,-1.0,-1.0
64312520,20260207,500.0,1.87,14.819218549999997,0.0,0.8621905370307129,0.0,12.77699,0.0,2305,0,0.0003892529046203729,0.0,0.02555398,0.0,-0.5389355416948061,-1.0
64313400,20260207,500.0,1.05,21.488906529999998,0.0,0.4705595413095223,0.0,10.111809999999998,0.0,2270,0,0.0035810064678971445,0.0,0.020223619999999998,0.0,-0.5518480558956931,-1.0
64315646,20260207,1000.0,8.39,5.908616819999999,0.0,2.321692270442408,0.0,13.717989999999999,0.0,5380,0,0.0016883198393271826,0.0,0.01371799,0.0,-0.7232786328435746,-1.0
64319351,20260207,6.45712,1.3,3.6792115499999998,0.0,1.5482773748087413,0.0,5.69644,0.0,2480,0,0.005968712394705174,0.0,0.8821951582129495,0.0,0.19098259600672401,-1.0
64321572,20260207,4933.305690000001,1.0,4041.43899848,15.963342102600002,0.7567647541260137,0.2353162866234565,3058.41859,3.756434621,107475,7,0.10128640090472152,0.0004979371176554,0.6199531880214785,0.0007614437208633,-0.24323524587398626,-0.7646837133765435
64322287,20260207,72.20216606498195,3.4,22.97907131,0.0,1.7013389911448082,0.0,39.09519,0.0,29656,0,0.0036958201440642057,0.0,0.5414683815,0.0,-0.4996061790750564,-1.0
64324670,20260207,1000.0,8.39,4.789910639999999,0.0,2.115461176954233,0.0,10.13287,0.0,5060,0,0.0012384052473139334,0.0,0.01013287,0.0,-0.7478592160960391,-1.0
64329429,20260207,29.27974,2.6,9.278404769999998,0.0285121539,2.9739972208606296,1.8700141060158204,27.593950000000003,0.05332,45730,1,0.1421510724277277,3.352442254182172e-05,0.9424246936618974,0.0018210543418719,0.14384508494639595,-0.2807637789971032
64329848,20260207,3.886010362694301,2.17,0.1599893299999996,0.2850320893834609,2.891755343934506,13.633541343593128,0.46265,3.886010408401489,7868,4,0.03297569153394803,0.0167091836734693,0.11905526666666666,0.9999997545878724,0.3326061492785743,5.282737725464644
64331689,20260207,16.34884,2.54,5.623942929999998,0.1328199882999999,1.6838079827385455,4.257685530261938,9.469640000000002,0.5655100000000001,67274,2,0.38245594087549745,0.0015254237288135,0.5792239694070039,0.0345902161464816,-0.3370834713627774,0.6762541709472283
64333572,20260207,45.45454545454545,1.87,1.1935525299999994,2.205811510385697,1.2449473003086013,20.60671242608687,1.48591,45.45454406738282,43109,76,0.092767376802238,0.1410375357690166,0.03269002,1.0000000000000002,-0.33425278058363567,10.019632285316131
64333955,20260207,1000.0,3.52,5.891019679999999,7.5927301545,2.1134218991439533,4.329018021469049,12.450210000000002,32.86907,49397,79,0.01920642326684552,0.0029551210362861,0.012450210000000001,0.03286907,-0.3995960513795587,0.2298346718540579
64334757,20260207,1000.0,9.5,0.01185847,0.0,0.0,0.0,0.0,0.0,11534,0,0.0010162025004184984,0.0,0.0,0.0,-1.0,-1.0
64335100,20260207,1000.0,9.0,0.10060932999999989,0.0,4.072584520739781,0.0,0.40974,0.0,26057,0,0.0017954371627999918,0.0,0.00040974,0.0,-0.547490608806691,-1.0
64335156,20260207,294.11764705882354,2.39,4.105828419999999,0.0389362848,0.6907448899191946,0.6068733380197071,2.83608,0.02363,6434,3,0.0027916865535644554,1.996213509276474e-05,0.009642672,8.034200049036866e-05,-0.71098540170745,-0.7460781123923678
64335303,20260207,1000.0,5.55,0.0630221699999996,0.0,0.2705397164204296,0.0,0.01705,0.0,4310,0,0.03489878542510121,0.0,1.7049999999999998e-05,0.0,-0.9512541051494721,-1.0
64337049,20260207,377.0536200000001,1.68,643.2280633900001,0.0,0.5572734313096401,0.0,358.45391000000006,0.0,29053,0,0.01457971596326592,0.0,0.950670915187076,0.0,-0.6682896242204522,-1.0
64337926,20260207,182.01762,1.0,58.044686819999995,1.376927776,2.293833204973437,0.7583115540901442,133.14483,1.044141,9463,1,0.00877097043284827,0.0003387533875338,0.7314941817171328,0.0057364829713731,1.2938332049734371,-0.2416884459098558
64339571,20260207,192.88928000000004,1.0,22.06659899,48.9254331355,8.037718004499794,1.6545737698679437,177.36509999999998,80.95074,28596,10,0.025937414965986394,0.0021265139438214,0.9195176631899914,0.4196746395941142,7.037718004499794,0.6545737698679435
64340578,20260207,170.38144000000003,1.0,62.611087510000004,2.8076394929000004,2.638711873094568,0.8854669984589606,165.21262000000002,2.486073,18598,4,0.016979822879576372,0.0009311448156498,0.9696632450107241,0.0145912196278061,1.638711873094568,-0.1145330015410394
64340747,20260207,166.66666666666666,3.51,123.33174859,0.1571512011999999,0.5481618542906285,3.274150766397283,67.60576,0.51454,8121770,2,0.12690245796490943,3.740107415884984e-06,0.40563456000000003,0.0030872399057849,-0.8438285315411315,-0.0671935113124732
64340988,20260207,299.78013000000004,3.51,103.91702236,15.6715911499,0.8185853296037418,1.993882287205859,85.06495000000001,31.247309999999995,66715,13,0.1213,0.0019677642117748,0.28375779942453155,0.1042340963484894,-0.7667848063807003,-0.4319423667739946
64341120,20260207,465.08062,1.0,6.480922269999999,8.0430331074,71.76148711933249,1.8198294082245985,465.08061999999995,14.63695,2575,2,0.009272596326971552,0.0006694167028513,0.9999999999999999,0.0314718548491767,70.76148711933249,0.8198294082245985
64343041,20260207,1000.0,8.01,0.38945017999999954,0.7183445903999999,10.776628733359438,7.5790678926119295,4.19696,5.444389999999999,8214,1,0.01154949381327334,5.383290267011197e-05,0.00419696,0.0054443899999999,0.3453968456129136,-0.0537992913803028
64343632,20260207,1016.6666666666666,1.8,36.63088083999999,0.0,0.6298278793996921,0.0,23.071150000000003,0.0,3502,0,0.005900589721988206,0.0,0.02269293442622951,0.0,-0.6500956225557266,-1.0
64344108,20260207,51.07379,1.26,53.05406530999997,0.0,0.9595707643237722,0.0,50.90913,0.0,9039,0,0.009559010152284265,0.0,0.9967760371807143,0.0,-0.23843590133033954,-1.0
64348023,20260207,83.33333333333333,2.0,3.6624313799999992,0.0,1.3603504019780435,0.0,4.982189999999999,0.0,5329,0,0.053611670020120725,0.0,0.05978628,0.0,-0.31982479901097827,-1.0
64349849,20260207,82.42704000000005,2.5,55.3961432,0.0,1.3588158967716728,0.0,75.27316,0.0,5391,0,0.013948253557567918,0.0,0.9132095487111992,0.0,-0.4564736412913309,-1.0
64350561,20260207,1000.0,1.0,150.19925780000005,0.49389993,0.5822726508838978,1.1585521817098017,87.45692,0.57221,2474552,1,0.0637802366610736,8.174476016087369e-06,0.08745692,0.00057221,-0.4177273491161022,0.1585521817098016
64354510,20260207,1000.0,4.75,0.7790191499999997,0.0465784437,0.8858447189648679,4.266903685670251,0.69009,0.1987499999999999,2625,2,0.0030544565976262507,0.0020204479065238,0.00069009,0.0001987499999999,-0.8135063749547647,-0.1017044872273155
64355555,20260207,26.31578947368421,3.26,1.0140940999999992,0.0,1.1852055938398622,0.0,1.2019099999999998,0.0,1608,0,0.028817204301075268,0.0,0.04567258,0.0,-0.6364400018896127,-1.0
64356924,20260207,289.6551724137931,1.4,93.63447074000001,0.0,0.6825761868988377,0.0,63.91266,0.0,8551,0,0.006604618830617131,0.0,0.22065085000000004,0.0,-0.5124455807865445,-1.0
64364407,20260207,62.5,2.0,4.538046429999998,0.0,0.8006550959858737,0.0,3.6334099999999996,0.0,1243,0,0.002587965854674162,0.0,0.058134559999999995,0.0,-0.5996724520070631,-1.0
64365263,20260207,41.66666666666666,2.8,7.127283669999999,1.1959182948015543,0.5786566370803649,34.84070214382351,4.12425,41.66666793823242,2368,1,0.032438356164383564,0.0027472527472527,0.09898200000000003,1.0,-0.7933369153284411,11.443108120413266
