ad_id,period,budget_real,target_CPA_real,conversion_real,conversion_model,CPA_real,CPA_model,spend_real,spend_model,total_win_real,total_win_model,win_rate_real,win_rate_model,budget_used_real,budget_used_model,CPA_violation_real,CPA_violation_model
39801836,20260207,10.45719,1.15,3.74633019,4.170313868588274,1.0395319692843197,2.507529980218608,3.89443,10.457189559936522,1189,18,0.020152542372881357,0.6206896551724138,0.37241649047210573,0.9999999088020518,-0.09605915714406978,1.180460897569432
40094971,20260207,12.32876712328767,1.53,5.453421629999999,5.019870582709976,1.5977326880555174,2.4559924730503293,8.71311,12.328766822814943,1266,14,0.00809462915601023,0.3684210526315789,0.7067300333333334,0.9999999226464208,0.0442697307552401,0.6052238686118644
43248022,20260207,6.674759999999999,1.18,7.7514149399999965,3.089792997451231,0.7036341161217725,2.16026048024986,5.45416,6.674759864807131,1234,8,0.0017424456368257553,0.32,0.8171320017498758,0.999999857122324,-0.4036999015917182,0.8307293019283333
46398308,20260207,19.791010000000004,1.49,24.211410569999995,8.116112140332852,0.5822147354547961,2.438483737320406,14.09624,19.791009902954105,17809,28,0.028636436726161764,0.7777777777777778,0.7122547055455986,0.999999903625512,-0.6092518553994657,0.6365662561831502
46573939,20260207,432.71963,80.19,3.0510733199999986,2.5974723295,28.255768039032258,159.43651467432704,86.21042,414.1320946149999,78283,273,0.016314056475982077,0.0047126891839411,0.19922927924485423,0.9570448417614648,-0.647639755093749,0.9882343162518936
48623756,20260207,146.44096,1.33,36.671605389999996,50.80970710386031,0.8267388263363945,2.8821453460385302,30.317839999999997,146.4409637451172,3881,34,0.010991220617388841,0.8292682926829268,0.20703114756964172,1.0,-0.3783918598974478,1.1670265060449938
49311445,20260207,431.8523599999999,1.8,279.38898144000007,90.76037748567566,1.1955223798678374,4.758159487239123,334.01577999999995,431.8523559570313,25292,122,0.001249592395332062,0.6703296703296703,0.7734490092864145,1.0,-0.3358209000734237,1.643422007381837
49847522,20260207,937.1593,1.84,756.1369726700001,251.96363236049783,1.1993375443575636,3.719422875669399,906.86346,937.159301757813,43366,164,0.005254064794397732,0.7488584474885844,0.9676726891575423,1.0000000000000004,-0.34818611719697634,1.0214254392375246
49902302,20260207,13.933519999999998,5.21,2.9056562999999986,0.9201695554310528,2.7783705870511954,15.142323599509764,8.07299,13.933520317077637,89933,4,0.013377313024335098,0.0291970802919708,0.5793934339635642,0.999999931555398,-0.46672349576752487,1.906396063078609
49990380,20260207,24.52830188679245,1.48,8.081450539999999,9.214054421563686,0.6440873422706117,2.6620527136845737,5.205159999999999,24.52830123901367,2063,54,0.0027495668399306946,0.2769230769230769,0.21221036923076925,0.9999999222388672,-0.5648058498171542,0.7986842428225638
50103278,20260207,969.91004,1.21,753.3561821700011,373.8072579533219,0.6609873148789418,2.5946795064801123,497.95888,969.9100341796888,38515,281,0.008279768686716683,0.8949044585987261,0.513407284659101,1.000000000000001,-0.45372949183558525,1.144363160891859
50250900,20260207,29.41176470588235,1.1,1.5846344299999995,6.9992608445329845,1.1556040720382432,4.202123709355228,1.83121,29.41176414489746,5488,7,0.020882800608828005,1.0,0.062261140000000006,0.9999999351501494,0.05054915639840284,2.8201123802515013
51094622,20260207,377.10074,304.69,3.0487181499999987,0.0795649801573808,143.902347942528,4739.472042944594,438.71770000000004,377.1007385253906,20559,6,0.02253535021374548,0.0028183866399348,1.1633965502162633,1.0,-0.5277089896533264,14.55506253887022
51225207,20260207,105.26315789473684,2.7,4.752202259999999,14.495172861248314,3.2378546110114437,7.261945369760552,15.38694,105.26316070556636,73031,38,0.024762986572629864,0.0225453013063632,0.14617593,0.9999999999999996,0.1992054114857198,1.6896093487074015
51225953,20260207,54.45402,1.07,16.520339259999997,22.10198739263261,0.5183937124545469,2.463761200418009,8.56404,54.45402145385742,1187,23,0.0007935552881401257,0.9583333333333334,0.1572710334333443,1.0,-0.5155198949022927,1.3025804482643537
51316356,20260207,1083.6785099999995,6.0,160.74719046,93.271525700933,3.742855152107397,11.618534671053416,601.65345,1083.6784667968743,22279,178,0.005450919945194754,0.048290830168204,0.5551955164267309,0.9999999999999996,-0.37619080798210053,0.9364224451755692
51711872,20260207,117.17214,1.34,105.96849434999996,39.79775770237213,0.566520930284408,2.944189468182908,60.033370000000005,117.17214202880868,45749,195,0.02908206725573708,0.8863636363636364,0.5123519123231854,1.0000000000000009,-0.5772231863549194,1.1971562648096312
51815043,20260207,131.59317,7.1,23.005162579999997,7.3222135740393215,4.60826780212218,17.971771905261427,106.01395,131.59317016601565,898324,44,0.04486819103559192,0.0320615185484647,0.8056189390376416,1.0000000000000002,-0.3509481968842,1.5312355136139235
51865028,20260207,10.87915,6.1,1.495436169999999,0.764479903945803,4.134726793454517,14.2307680080342,6.1832199999999995,10.879150390625,2826,4,0.00098258057786586,0.5714285714285714,0.5683550645041202,0.999999912339273,-0.3221759354992595,1.3329128246750992
51867779,20260207,240.31079,6.1,60.62360383999997,23.39059054626245,3.105365865362584,10.27382272655793,188.25847,240.31079101562497,9295,59,0.005096781268849043,0.0461658841940532,0.7833958267125666,1.0,-0.4909236286290845,0.6842332601932671
51981983,20260207,9.803921568627452,7.0,1.8845103699999983,0.0077204518826899,1.7240287194599002,1269.699254553729,3.24895,9.803921699523926,3036,1,0.028914285714285715,0.025,0.33139289999999993,0.9999998807907104,-0.7537101829342999,180.38560779338985
52099940,20260207,736.6481200000002,5.0,182.11165715999994,60.34334589178359,2.6855808553227716,12.20761144795768,489.07558,736.6481323242189,527210,570,0.017040194963024256,0.0379832742108201,0.6639202174302703,1.0000000000000002,-0.46288382893544566,1.441522289591536
52158782,20260207,402.12405,1.34,294.7058680499997,156.99335288267883,0.8504043766019618,2.561408136140501,250.61916000000002,402.12405395507847,131160,305,0.02709133721650762,0.5575868372943327,0.6232384260528561,1.0000000000000009,-0.36536986820749123,0.9114985614457856
52697878,20260207,256.73525,1.7,146.14289968,57.71079400327909,1.186323867800787,4.448652284120815,173.37281000000002,256.7352600097656,17489,121,0.025940373776327498,0.105987205541403,0.6752980356222996,1.0,-0.30216243070541937,1.616854211376166
52816063,20260207,1000.0,20.92,0.0251866399999995,1.4989157508000004,4.235578862444618,32.23600950767358,0.10668,48.31909463,39534,91,0.05298043419994639,0.0120045975686721,0.00010668,0.04831909463,-0.7975344712024561,0.5409182308848397
52880899,20260207,73.77049180327869,8.0,2.412286369999999,3.570480653739909,4.581989160764526,20.661215966882185,11.05307,73.77049255371092,6712,37,0.007554305008441193,0.0383941813133066,0.14983050444444446,0.9999999999999998,-0.4272513549044342,1.5826519958602732
52881127,20260207,73.77049180327869,8.1,4.142867119999997,4.045141300379458,3.102274253005732,18.2368102468956,12.85231,73.77049255371095,4748,101,0.002931950104977152,0.0980582524271844,0.1742202022222222,1.0000000000000002,-0.6170031786412677,1.2514579491398214
52896858,20260207,237.28813559322035,6.1,3.673954739999999,4.347055080356308,2.1277970343205705,54.58593754659309,7.817430000000001,237.2881317138672,19393,53,0.023086904761904763,0.1653837935568704,0.03294488357142857,1.0,-0.6511808140458081,7.948514491801628
52964940,20260207,0.64461,18.58,0.0552908999999997,0.0071428677,9.9855491590841,24.574923189017067,0.55211,0.17556,6734,2,0.07866822429906542,0.0105820105820105,0.8565023812848078,0.2723503007606814,-0.4625646308350861,0.3226546442372232
53225658,20260207,121.21212121212122,5.1,4.512303389999997,9.67713163927698,4.225841738004238,12.525623505890964,19.06828,121.2121200561524,2791,175,0.0030085156839495526,0.1806492724614338,0.15731331,1.0000000000000004,-0.17140358078348267,1.4560046549242784
53375682,20260207,125.0,2.2,2.064560029999999,5.063938089840924,0.611452310253241,24.68434113885179,1.26238,125.0,5055,131,0.0009694122159363314,0.0606237604369111,0.01009904,1.0000000000000002,-0.7220671317030724,10.220154819924144
53566239,20260207,136.80566000000002,1.01,212.6730757199995,71.99543195451025,0.582330553976907,1.9001991994261576,123.84603000000001,136.8056640625,43985,53,0.016136547068750458,0.9464285714285714,0.9052697819666233,1.0,-0.42343509507236926,0.8813853637311354
53572696,20260207,22.93577981651376,1.09,42.93508533,7.280386316462015,0.11696890693008435,3.1503515643559323,5.02207,22.9357795715332,18731,33,0.007998548125373645,0.717391304347826,0.218962252,0.9999999168396052,-0.8926890762109319,1.8902307044808024
53577684,20260207,121.21212121212122,5.0,14.218412060000002,10.48391409509039,4.192357047218675,11.561722787407536,59.60866000000001,121.2121200561524,16730,163,0.006814386379373549,0.0368444846292947,0.49177144500000003,1.0000000000000004,-0.16152859055626506,1.3123445574815071
53730651,20260207,61.29961,2.47,50.53852638000001,4.611381081606291,1.183268177436716,13.293110189773484,59.80063,61.29961013793945,180208,15,0.06955152450791201,0.7142857142857143,0.9755466633474503,1.0,-0.5209440577179288,4.381825925424376
53731452,20260207,194.1747572815534,79.32,0.0548519499999991,0.1230503417187966,119.63658539031171,1577.9979007044976,6.5623000000000005,194.1747589111328,4431,2,0.0072627438124897555,0.0031293767507002,0.033795845,1.0,0.5082776776388265,18.894073459098426
53763548,20260207,488.9979699999999,2.04,373.1346906,112.6490984000583,1.2708799582195698,4.340895381556974,474.2094000000001,488.9979553222656,31128,102,0.006987205387205387,0.6986301369863014,0.9697574000153828,1.0,-0.3770196283237403,1.1278899327105556
53841870,20260207,200.65753,1.98,20.968288079999997,66.74113271712903,1.1407717172111649,3.006504693023857,23.920029999999997,200.65753173828125,1423,51,0.0010842730874733313,0.0202035095559569,0.11920823504605083,1.0,-0.42385266807516925,0.5184366990211999
53849804,20260207,55.55555555555556,2.48,0.252236679999999,3.235349779883414,2.2162121702521707,17.171416959300622,0.55901,55.55555725097655,1420,52,0.005107913669064748,0.7761194029850746,0.01006218,0.9999999999999998,-0.10636606038218925,5.9239583980792725
53854143,20260207,571.02984,1.09,366.8150784600001,287.9654083416394,0.7371172721011375,1.982980690274302,270.38573,571.029846191406,23132,173,0.012759666832147389,0.3620823620823621,0.47350543011902846,0.9999999999999996,-0.32374562192556194,0.819248283991137
53919091,20260207,88.28998999999999,2.0,52.92278080999999,9.243329137261936,0.7699551946503245,9.5517515846606,40.74817,88.28999328613277,252269,66,0.03235420861602391,0.3728813559322034,0.4615264992101597,0.9999999999999996,-0.6150224026748378,3.7758757923303
54113091,20260207,148.7603305785124,4.6,7.872438679999999,12.79548164904252,3.7364266900837904,11.626003823413958,29.41479,148.76033020019528,115122,35,0.031389775051124745,0.1046738681711848,0.197732755,0.9999999999999998,-0.1877333282426542,1.5273921879227956
54524974,20260207,38.62359550561798,1100.0,0.0039551199999995,0.0,512.2221323247477,0.0,2.0259,0.0,2452,0,0.0009708968521084934,0.0,0.05245239272727273,0.0,-0.5343435160684112,-1.0
54547571,20260207,31.747280000000007,6.5,5.582730409999998,1.9855878964734364,2.2236090744707844,15.988848536187575,12.413809999999998,31.74728012084961,1179,16,0.0020264695771742866,0.0634920634920634,0.3910196401077508,0.9999999399208842,-0.6579062962352639,1.4598228517211658
54562194,20260207,194.1747572815534,79.32,0.3278965799999997,0.0,45.45948603672539,0.0,14.906009999999997,0.0,2409,0,0.0014174757281553397,0.0,0.07676595149999997,0.0,-0.42688494658692144,-1.0
54801379,20260207,897.71512,5.26,164.4773952400001,132.28335465696404,3.0362670157275753,6.7863046296899805,499.39729000000005,897.7151489257812,46647,329,0.03595698758960919,0.073994507786748,0.5562981828801102,1.0,-0.42276292476662064,0.2901719266906961
54805715,20260207,112.67605633802818,5.1,1.7525278699999993,5.8094244228852805,1.720651666441117,19.39538727260948,3.01549,112.67605590820312,24745,33,0.02838380362468456,0.6,0.026762473749999998,1.0,-0.6626173203056633,2.8030171833908746
54852798,20260207,100.0,5.0,32.09324778,7.769889068221398,2.5229902113696268,12.8701949605435,80.97095,100.00000000000004,32972,161,0.006027787934186472,0.0325344864408064,0.8097095,1.0000000000000004,-0.49540195772607465,1.5740389921087
54858966,20260207,83.33333333333333,1.76,0.2659736899999991,7.493975435037035,0.4945225973290834,11.1200424232523,0.13153,83.33333587646486,2289,80,0.01026457399103139,0.6230689245395127,0.0015783600000000002,1.0000000000000002,-0.7190212515175662,5.318205956538299
55104462,20260207,55.912310000000005,6.5,8.178498529999999,3.860844367657162,3.226703520603311,14.481883170546086,26.38959,55.91231155395508,36516,23,0.010754867022059906,0.0483193277310924,0.4719817514246862,1.0,-0.5035840737533368,1.2279820262378591
55113470,20260207,420.4162162162162,3.33,34.42696216,42.197525831786585,2.352422488618438,9.963053780947066,80.98676,420.4162292480466,17313,448,0.001576675439634996,0.0771730051918006,0.1926347197757692,0.9999999999999992,-0.2935668202347033,1.991908110874336
55199224,20260207,78.07889,6.5,6.828174149999999,7.263646887678381,6.8187481715005775,10.749266642164947,46.5596,78.07888793945311,41439,31,0.009419024889191954,0.0521885521885521,0.5963148297830566,0.9999999999999998,0.04903818023085808,0.6537333295638381
55242717,20260207,498.5705128205128,3.59,22.04998385,61.67998416618739,2.2690588047754967,8.083181680081857,50.03271000000001,498.5705261230466,5102,219,0.0036784426820475847,0.0988588941053729,0.10035232472324725,0.9999999999999994,-0.36795019365585047,1.2515826945227717
55272899,20260207,18.072289156626507,2.35,6.395341979999998,4.229945399976573,1.2834419215843096,4.272462770044483,8.20805,18.0722885131836,4658,28,0.007769808173477898,0.1179122764028424,0.4541787666666666,0.99999989446005,-0.4538545014534853,0.8180693376293985
55273179,20260207,148.7603305785124,4.1,10.458111869999998,10.345559326754854,2.030104502984247,14.379146754911218,21.23106,148.76033020019528,12559,202,0.003642507033266626,0.0765441455096627,0.14271990333333334,0.9999999999999998,-0.5048525602477446,2.5071090461890733
55397530,20260207,472.23607,4.1,128.75972898999999,49.79450125307312,2.5972748826302112,9.483699256281458,334.42441,472.2360839843749,20374,119,0.005869101803307023,0.0548216978254912,0.7081721012967096,0.9999999999999998,-0.3665183213097045,1.3130974333842973
55642709,20260207,64.70373000000001,5.6,4.8911279799999985,5.410298585024327,2.948667476903764,11.9593613450293,14.42231,64.703727722168,4270,86,0.006827630316597378,0.0811320754716981,0.22289765984124868,1.0000000000000004,-0.47345223626718497,1.1356002765528597
55644105,20260207,390.48067,1.47,288.6824965200002,96.84834579612,1.0924418134168066,4.031877624045211,315.36883,390.480682373047,48655,154,0.011736823061150646,0.6553191489361702,0.8076426164706182,1.0000000000000002,-0.25684230379809075,1.7427738405264093
55659771,20260207,110.68761999999998,1.52,65.45479549000001,34.07447966206608,1.1798455624507824,3.248402321023111,77.22655,110.68762207031256,14522,68,0.024638615541228367,0.7391304347826086,0.6976981707620059,1.0000000000000009,-0.22378581417711682,1.13710681696394
55774064,20260207,28.10267,9.1,2.3739160499999987,1.0507353780603363,5.885098590575689,26.74569117082756,13.97073,28.102670669555664,90164,15,0.029310187894155126,0.0403477090936778,0.49713176719507435,0.9999999321292796,-0.3532858691675067,1.9390868186433967
55775102,20260207,530.4762099999999,3.15,118.12668964,99.71649216267642,2.353077707054248,5.319844084605431,277.96128,530.476196289062,21812,241,0.004552988081073747,0.2159498207885304,0.5239844403201418,0.9999999999999992,-0.25299120410976256,0.6888393408079875
55954706,20260207,1000.0,33.01,0.7130576899999979,0.4854220385,6.659937991833472,11.985978288090667,4.74892,5.81827,4075,8,0.21335078534031413,0.0442857142857142,0.00474892,0.00581827,-0.7982448351459112,-0.6368985489989579
55963763,20260207,1000.0,22.5,21.29788494,19.52629405600661,16.441292221574,51.212992384460776,350.16475,1000.0000000000005,52096,222,0.012338299031333634,0.0232023411371237,0.35016475,1.0000000000000004,-0.2692759012633778,1.2761329948649234
55968571,20260207,246.66494000000003,4.1,98.12811453,35.27127914298528,2.34502487999654,6.993365324700928,230.11287000000002,246.6649475097656,15626,50,0.002897244780657841,0.0671536796536796,0.93289654378932,1.0,-0.4280427121959658,0.7056988993583052
56069198,20260207,355.11819,6.0,32.74950241,31.78238582441986,2.545594707251004,11.1734274880584,83.36695999999999,355.118194580078,6120,55,0.0018228933964793137,0.0526819923371647,0.23475834904429982,0.9999999999999996,-0.575734215458166,0.8622379146764002
56094571,20260207,305.08474576271186,6.1,0.9921379099999985,1.9099085576,2.440678836675038,12.479999330414367,2.42149,23.83567,1618,20,0.007816425120772947,0.045737324515605,0.007937106111111111,0.0781280290470647,-0.5998887152991741,1.0459015615617615
56096389,20260207,23.9461,3.1,14.66979494,3.301090486116278,1.54519746817947,7.253994727409948,22.66773,23.94610023498535,2687,2,0.00853829043533524,0.0703703703703703,0.9466146888219793,0.9999999203482628,-0.5015492038130742,1.3399983711514782
56107853,20260207,1000.0,2.71,7.084875049999999,156.27257041077132,2.0602141741370588,6.39907560854965,14.59636,1000.0,2537,611,0.0008503720587249447,0.1234627046110019,0.014596360000000001,1.0000000000000002,-0.23977336747710007,1.36128247914165
56227729,20260207,125.0,1.4,142.70105870999998,31.468119083932287,0.6140845820778705,3.972274151318791,87.63052,124.99999999999991,330480,262,0.015198256118760519,0.4860853432282003,0.70104416,0.9999999999999994,-0.5613681556586638,1.8373387278330129
56235388,20260207,53.333333333333336,4.5,1.4775688199999997,0.8597538128,1.2219261638182108,6.192998190565057,1.80548,5.324459999999999,1042,5,0.05954285714285714,0.0326797385620915,0.03385275,0.0998336273802191,-0.728460852484842,0.3762218201255682
56704977,20260207,70.4225352112676,17.31,3.397282229999999,0.9238540288337064,7.796738159137283,76.22682840859468,26.48772,70.42253875732422,4257,25,0.01258722649319929,0.0997129735935706,0.376125624,1.0,-0.5495818510030454,3.403629737746198
56718065,20260207,49.68944099378882,8.1,2.8348115399999987,2.9717289405741147,3.167385158873738,16.72071240474449,8.978940000000001,49.6894416809082,2607,50,0.0030881307746979387,0.0466853408029878,0.18070116750000004,1.0,-0.608964795200773,1.064285384849643
56771422,20260207,642.4210000000002,1.81,106.68609073999998,187.21119918267013,1.2758754122102722,3.4315309120446567,136.11816,642.4210205078128,13297,238,0.0032126117419666585,0.0599329709277877,0.21188311091947484,1.0000000000000004,-0.29509645734239104,0.8958734920040928
56864799,20260207,6.76347,5.22,1.48259931,0.6803094133664214,3.4828560658105254,9.941741358057405,5.163679999999999,6.76347017288208,3353,18,0.011482876712328767,0.782608695652174,0.7634660906309926,0.9999998589963204,-0.33278619428917133,0.9045482294343918
56938464,20260207,749.1658900000002,1.65,690.0003460000001,227.24401578182923,1.080412037938311,3.296746396953287,745.4846799999999,749.1658935546877,40046,227,0.006792177614952764,0.8798449612403101,0.995086255195094,1.0000000000000002,-0.34520482549193265,0.9980281482363575
56963719,20260207,31.25,7.0,2.4867073999999993,0.7989221299052214,1.7048045137920131,39.11515242237046,4.23935,31.25000000000001,77818,42,0.030130483602431563,0.0542890149589969,0.1356592,0.9999999389648478,-0.7564564980297125,4.587878917481494
57191417,20260207,1000.0,29.87,5.052083789999999,17.538364140762294,43.581280349271495,57.01785725032154,220.17628000000002,1000.0,6439,42,0.024566959175887065,0.0965886306489427,0.22017628000000003,1.0,0.45903181617915945,0.9088669450397272
57222417,20260207,5.555555555555555,1.52,0.3850852599999995,0.1136557897880656,0.0,48.8801008192058,0.0,5.55555534362793,4585,1,0.07616279069767441,1.0,0.0,0.9999998211860656,-1.0,31.15796146879621
57240198,20260207,36.39775,4.14,14.118849459999996,4.220594503049972,1.2265425769331777,8.623842495256822,17.31737,36.39775085449219,8359,24,0.003749607500112143,0.0343174846625766,0.4757813326373196,1.0,-0.7037336770692807,1.0830538099938432
57326971,20260207,40.0,4.1,0.9091355399999992,1.576711171317365,11.27634939890262,25.36924666889546,10.251729999999998,39.99999999999999,8459,36,0.0029473867595818815,0.3466172381835032,0.25629325,0.9999999999999996,1.750329121683566,5.187621282681222
57339315,20260207,166.66666666666666,6.0,0.7559882799999987,7.53569509359145,5.09047574123769,22.116957701448094,3.8483400000000003,166.66667175292974,4267,111,0.010458333333333333,0.2792368393794983,0.023090040000000003,1.0000000000000004,-0.15158737646038492,2.686159616908016
57374168,20260207,122.44897959183672,13.0,0.7889959199999992,0.0593518619594892,2.6231187608676128,2063.067865579017,2.06963,122.44898223876952,1041,1,0.003721844833750447,0.0185185185185185,0.016901978333333335,1.0,-0.7982216337794145,157.69752812146285
57424010,20260207,5.589919999999999,7.1,0.9023937399999991,0.4079452921435565,6.194546518019957,13.70258818770736,5.58992,5.5899200439453125,43574,2,0.01645357399086206,1.0,1.0000000000000002,0.9999998293939544,-0.1275286594338089,0.9299420241916864
57429522,20260207,6.862745098039215,6.0,4.830433759999999,0.9119054370278878,1.3065203485990875,7.525712075683378,6.31106,6.86274528503418,1224,1,0.0012989493791786056,0.0017857142857142,0.9196116000000001,0.9999998807907104,-0.7822466085668188,0.2542853459472297
57449176,20260207,1000.0,43.65,0.1794650699999996,0.0130558995,76.09636794502703,14.551693531837325,13.65664,0.19,2056,1,0.00040588293357023,2.9239766081871343e-05,0.01365664,0.00019,0.7433303080189468,-0.6666278803401641
57521810,20260207,626.15678,4.5,311.66268919000015,22.802088714255326,2.0498868557555228,27.460500645471456,638.8732500000002,626.1567993164065,840623,453,0.04613256575878476,0.0398735235031186,1.0203087635655725,1.0000000000000004,-0.5444695876098838,5.102333476771435
57574306,20260207,21.73913043478261,1.94,0.1508106599999999,0.4791816199820007,1.378284532406397,45.36710872560066,0.20786,21.73913002014161,8010,17,0.1273449920508744,0.7727272727272727,0.009561559999999998,0.9999999122619692,-0.28954405546062006,22.38510690077016
57575512,20260207,5.524861878453039,1.87,3.953474889999998,0.0720347214385723,0.8566438624832146,76.69614050166511,3.38672,5.524861812591553,18413,2,0.0026078150891554663,0.5,0.6129963199999999,0.9999998273849764,-0.5419016778164628,40.01397877331295
57579039,20260207,69.34497,5.0,24.49807011,9.241197872798477,2.8512694953667923,7.50389334302093,69.8506,69.344970703125,3000,13,0.006489292667099286,0.0644016227180527,1.0072915166017087,1.0,-0.42974610092664156,0.500778668604186
57611618,20260207,143.08837,5.6,37.39685122999999,13.21836269522803,3.830063368680039,10.824967972330594,143.23231,143.0883636474609,37627,184,0.01273807508717289,0.05,1.0010059517765142,0.9999999999999998,-0.3160601127357073,0.9330300279783398
57654377,20260207,2386.38826,430.5,4.378679559999998,2.2595980017,505.21757751097016,195.51157774792355,2212.18588,441.7777659,339592,73,0.0321610743339868,0.0005505485752617,0.9270016606601977,0.1851240166780873,0.17355999421828144,-0.5458499936169023
57655917,20260207,1468.0747299999998,8.5,19.981865049999996,55.64014134995994,3.354199912385056,26.385171658934635,67.02317,1468.0747070312516,159610,501,0.011986332231901473,0.0507239040194391,0.045653786302826696,1.000000000000001,-0.6053882456017581,2.104137842227604
57664872,20260207,118.42105263157896,6.1,0.385075829999999,1.6034011516608506,0.773509986331785,73.85611332922727,0.29786,118.42105102539062,29746,29,0.020181830517674196,0.4677419354838709,0.0025152622222222223,1.0,-0.8731950842079041,11.107559751458057
57699816,20260207,73.77049180327869,11.1,1.9700780999999987,0.0,5.268613462583035,0.0,10.37958,0.0,5093,0,0.030082693443591258,0.0,0.14070097333333334,0.0,-0.5253501385060328,-1.0
57724669,20260207,420.4162162162162,3.33,20.021833800000003,47.640656952025374,1.8702108095613095,8.82473599905797,37.445049999999995,420.4162292480456,13280,844,0.006686807653575025,0.1012263744937814,0.08906661673759594,0.9999999999999968,-0.43837513226387104,1.6500709313040047
57795555,20260207,577.2744,290.0,1.133149469999998,0.1247711934999999,113.5467856680904,1351.696762468153,128.66548,168.65416999999997,948240,51,0.0519637660907163,0.0003805068020142,0.22288443762619647,0.2921559762420723,-0.6084593597652055,3.661023318855701
57813819,20260207,1.3888888888888888,2.63,0.7436829199999995,0.0336612254989397,0.3781853696465157,41.25956663057613,0.28125,1.3888888359069824,25133,2,0.04126251846987358,0.5,0.2025,0.9999993133549376,-0.8562032815032259,14.688047465863718
57813830,20260207,1.3888888888888888,2.63,0.5706688599999996,0.0112293504627621,1.2017477175817872,123.67279547617754,0.6858,1.3888888359069824,16591,2,0.029307542836954602,1.0,0.493776,0.9999993133549376,-0.5430617043415258,46.02387456073086
57847622,20260207,168.90041,1.57,10.618402929999998,59.24390006677721,0.9005704589513067,2.850933224221876,9.562619999999999,168.90040588378895,1758,79,0.0006158696794534945,0.4438202247191011,0.05661691407380242,0.9999999999999992,-0.4263882427061741,0.8158809738695083
57855436,20260207,247.62652,1.18,72.07211233,65.04349828188273,1.227383063159903,3.807091079244568,88.46009000000001,247.62652587890625,49160,32,0.08080210387902696,0.7619047619047619,0.35723189099455105,1.0,0.04015513827110427,2.226348515655324
57863659,20260207,66.66666666666667,5.0,9.79001151,6.370402007011057,1.3871485223616453,10.46506226531728,13.5802,66.66666412353514,1997,19,0.002747660979636764,0.0502645502645502,0.20370299999999997,0.9999999999999998,-0.7225702955276709,1.0930124530634555
57922732,20260207,90.9090909090909,6.8,5.4587086299999985,5.216960633855603,6.808914437332774,17.425676958175973,37.16788,90.90908813476564,45552,46,0.34640304182509507,0.231547742874974,0.40884667999999996,1.0000000000000002,0.0013109466665844568,1.5625994807939576
57950075,20260207,3.5460992907801416,3.69,1.4694264899999996,0.369646344837501,0.6567936583203969,9.59319534001384,0.9651099999999999,3.5460991859436035,1541,5,0.011215429403202328,0.8333333333333334,0.27216102,0.9999997310639072,-0.8220071386665592,1.5997818946485436
57950895,20260207,56.60377358490566,2.13,18.751780509999996,13.245577471591098,0.7874580225661997,4.273409058412731,14.76624,56.60377502441405,9230,50,0.013494152046783626,0.098901677026677,0.26087024,0.9999999999999998,-0.6303013978562443,1.0062952247936447
57951243,20260207,373.1092299999999,2.23,167.37513349,95.58538914989605,1.463428496770306,3.9034126640797626,244.94154,373.1092224121092,46360,171,0.02010058966354492,0.0980017006802721,0.6564874849115903,0.9999999999999994,-0.34375403732273274,0.7504092514319981
57959122,20260207,1000.0,19.0,2.9014034099999977,20.74600344590673,5.3684537442519975,48.202052718508135,15.57605,1000.0000000000005,27317,222,0.0028583536502422334,0.0392156862745098,0.015576050000000001,1.0000000000000004,-0.7174498029341054,1.5369501430793755
57999311,20260207,1210.1338899999996,2.2,396.0926555,298.7080553566288,1.352627377863612,4.051226223667795,535.76577,1210.1339111328125,29254,391,0.00438768317009884,0.7548262548262549,0.44273263845209737,0.9999999999999998,-0.38516937369835824,0.8414664253908334
58085427,20260207,79.19066,1.9,23.327134010000005,26.22756666870368,1.3871228238380577,3.019367238687215,32.357600000000005,79.19065856933591,5678,58,0.014334763948497854,0.121590909090909,0.40860374190592685,0.9999999999999996,-0.2699353558747064,0.5891406718817268
58112502,20260207,101.010101010101,2.4,28.534833840000005,20.884423792187548,1.327708800143481,4.836623575869098,37.88595,101.01010131835938,11011,54,0.014779865771812081,0.0711548987411056,0.37507090500000007,1.0,-0.4467879999402163,1.0152597431995634
58114863,20260207,203.00614,2.08,69.89706244000001,42.36126640141933,1.434260131977014,4.792258270025256,100.25057000000001,203.00613403320304,39102,127,0.006518412322669912,0.4601449275362319,0.49383023587365393,0.9999999999999996,-0.31045185962643557,1.3039704066366578
58134130,20260207,8.695652173913043,2.0,4.70832877,2.122842227843317,1.4064332215271367,4.096229007401036,6.62195,8.69565200805664,305049,5,0.07139323160456844,0.3571428571428571,0.76152425,0.9999998903274636,-0.29678338923643166,1.0481145037005182
58199587,20260207,142.85714285714286,21.02,0.93978854,1.8530565363,39.67798968904217,68.79606677218746,37.28892,127.48306999999998,16606,83,0.0013222390317700454,0.0007794679265404,0.26102243999999997,0.8923814627666788,0.8876303372522442,2.272886073928597
58240026,20260207,50.0,2.23,29.819801929999997,12.054133052828403,1.1137411334240879,4.147954534176423,33.21154,50.0,26610,144,0.007303617500137235,0.0765594032522232,0.6642308,1.0,-0.5005645141596019,0.8600692819275411
58246735,20260207,46.6873,11.42,3.3026487499999977,1.5044432178777003,8.044185746364949,31.03292304290507,26.56712,46.68730163574218,6207,77,0.006402929647204457,0.0626016260162601,0.5690438299066342,1.0,-0.2956054512815281,1.717418812222633
58283047,20260207,420.4162162162162,3.33,11.93555118,17.066431382995443,2.88911081524096,24.63410159858244,34.48313,420.4162292480471,5696,272,0.004605805773429288,0.2586671760388106,0.0820214079997943,1.0000000000000004,-0.13239915458229426,6.397628277170175
58416741,20260207,1.9904900000000003,35.0,0.0471419399999997,0.0,33.41461976320893,0.0,1.57523,0.0,17338,0,0.01923879272081669,0.0,0.7913780024014185,0.0,-0.0452965781940305,-1.0
58417305,20260207,1.0332357499569484,52.0,0.00749337,0.0236591750785071,0.0,43.66982851635473,0.0,1.033235788345337,37048,2,0.0031913720625732205,0.000637937535757,0.0,0.9999990770030937,-1.0,-0.1601956054547167
58419221,20260207,46.08294930875576,52.0,0.949742499999999,0.0801989053999999,16.274147992745416,5.835667731348721,15.456249999999997,0.46802,1948710,3,0.047577437760475794,4.772016342492968e-06,0.33540062499999995,0.0101560337171819,-0.6870356155241267,-0.8877756205509861
58432699,20260207,116.6156,35.0,8.019357389999996,1.9797501821202608,12.629938419542125,58.90417020034068,101.28399,116.6156005859375,35909,71,0.06658446133877248,0.0708180708180708,0.8685286531133056,1.0,-0.6391446165845107,0.6829762914383052
58435300,20260207,48.31349,57.2,1.7800080499999984,0.0599457836,25.441873703885797,237.0420754317168,45.286739999999995,14.209910000000002,920418,22,0.08910576504187037,0.0001718922837872,0.9373518659074307,0.2941188778605004,-0.5552119981838147,3.1440921725528908
58492787,20260207,23.529411764705884,2.9,9.26852865,3.1674308847979558,1.434778971093756,7.428545323688581,13.29829,23.52941131591796,1815,15,0.003260869565217391,0.056390977443609,0.565177325,0.9999999189376878,-0.5052486306573255,1.5615672687581
58502564,20260207,145.41256,15.28,23.000822049999996,0.7548202691858789,4.968254167246167,192.64503144632943,114.27393000000001,145.41256713867193,163693,34,0.02726716972331884,0.0347124195586358,0.7858601072699635,1.0000000000000004,-0.674852475965565,11.607659346396446
58511427,20260207,758.94134,2.46,105.6421092,154.826647927585,1.6723872832330766,4.901878006607337,176.67452,758.9413452148442,12621,231,0.003926271581894541,0.0781763826606876,0.23279074506601527,1.0000000000000009,-0.3201677710434648,0.9926333051196784
58544782,20260207,11.096610000000002,52.0,0.7104463299999981,0.0,18.122790499882,0.0,12.875269999999999,0.0,736806,0,0.029093213613049194,0.0,1.160288592642257,0.0,-0.6514847980791922,-1.0
58588021,20260207,11.049723756906078,1.2,0.6890549199999997,2.8584424740013445,0.47925062344812824,3.865643566397111,0.33022999999999997,11.049723625183104,1261,6,0.04945098039215686,0.875,0.029885814999999996,0.9999999136924808,-0.6006244804598931,2.221369510658536
58685108,20260207,72.20216606498195,4.15,2.4162877099999993,13.447063240014964,0.893610471577493,5.369362591533861,2.15922,72.20216369628905,62729,51,0.004396943889531419,0.9272727272727272,0.029905196999999998,0.9999999999999998,-0.7846721755234957,0.2938222814808079
58706858,20260207,4537.1946,1.35,4585.603338600001,1459.006717570578,0.8081044011825379,3.109783365949102,3705.64624,4537.194824218766,334790,1257,0.007567705637295346,0.7219988512349225,0.8167263180644709,1.0000000000000036,-0.4014041472721942,1.303543193354335
58729786,20260207,38.08811,4.36,24.699788530000014,6.22330934042114,1.8660062592851672,6.120233411799279,46.089960000000005,38.088111877441406,9219,19,0.007764022233451238,0.1144688644688644,1.2100878725670559,1.0,-0.5720169130079892,0.4037232166013784
58732112,20260207,510.68414,1.1,412.9147775900001,197.693172797,0.6438584774119708,2.583215865565492,265.85868,510.6841430664065,23329,174,0.006674964234620887,0.7733333333333333,0.5205931791811667,1.0000000000000004,-0.41467411144366295,1.34837800870527
58772389,20260207,376.45701,2.05,336.02838544,88.93198794344072,1.1243684949569894,4.233088736740639,377.81973,376.45700073242193,33151,81,0.004024058653589377,0.7232142857142857,1.0036198555580091,1.0000000000000002,-0.45152756343561484,1.064921383026226
58803527,20260207,159.76764999999995,7.1,11.840051959999998,13.331071043920318,3.329771704819444,11.98460663122797,39.42467,159.76765441894526,1901,44,0.005489460005775339,0.0965189873417721,0.2467625329658414,0.9999999999999996,-0.5310180697437402,0.6879727876345916
58804408,20260207,32.35294117647059,13.15,1.0830477099999998,0.0343768152,3.7412940931291017,16.9504663577341,4.052,0.58272,1005,1,0.003298326222513948,0.0049751243781094,0.12524363636363636,0.0180113463290087,-0.7154909434882814,0.2890088858898835
58886517,20260207,125.0,7.74,1.4361195099999997,1.5891415272504583,2.9673435743519705,78.65877217210691,4.26146,125.0,10806,78,0.0023351701782820095,0.0929382748101512,0.03409168,1.0,-0.6166222772155078,9.16263236410192
58921051,20260207,5945.759109999998,16.88,258.68405907,251.1981233220836,12.259917373346171,23.669600612623103,3171.44519,5945.759277343764,257387,1237,0.047388702728578265,0.0696191159795887,0.5333961789111232,1.0000000000000022,-0.2737015774084021,0.402227594159913
58958928,20260207,51.95611,9.9,0.371641709999999,2.2133397029771187,11.182867498914508,23.47406706223614,4.15602,51.95610809326177,2488,72,0.002318732525629077,0.4675324675324675,0.07999097699962525,1.0000000000000009,0.12958257564793005,1.3711179764389765
58963446,20260207,1893.68373,9.9,161.07246772000005,81.24859225142534,9.923410081346454,23.307280040655883,1598.3881499999998,1893.6837158203136,695806,589,0.06913262061839281,0.1791180635802149,0.8440628837213486,1.0000000000000009,0.0023646546814599274,1.3542708018928205
59027737,20260207,156.4159300000001,8.2,0.7732744199999991,8.24323627380446,5.620229879064154,18.975060267806143,4.345979999999999,156.41592407226565,5752,42,0.0014127471447869335,0.2876712328767123,0.027784765912269912,1.0000000000000002,-0.31460611230924945,1.3140317938015469
59090324,20260207,15.0,2.14,6.879392809999999,6.1950907462287566,0.825138229023442,2.421271647692902,5.676449999999999,15.0,1312,8,0.007908378541289934,0.0934256055363321,0.37842999999999993,0.9999999364217164,-0.6144213883068028,0.1314352939255215
59168672,20260207,114.30078,2.51,41.728572589999985,26.59643615766922,1.6602583242112292,4.2975974779028165,69.28021000000001,114.30078125,9493,76,0.005189700415482178,0.2037533512064343,0.606121935475856,1.0,-0.33854250031425126,0.7121902367456315
59180301,20260207,127.4666,11.1,19.235940279999994,6.000671090235207,6.929982005537815,21.24205365565075,133.30472,127.46659851074222,3447,41,0.0012346872985170858,0.0188505747126436,1.0458011745822042,1.0000000000000002,-0.375677296798395,0.9136984617687136
59183637,20260207,42.81511,27.0,3.814563589999999,0.2617557077287261,12.195476337569723,163.5683365077372,46.52042,42.81510925292969,6777,8,0.01574581784386617,0.0322723253757736,1.0865421109510172,1.0,-0.5483156912011213,5.0580865373236
59191554,20260207,38.46153846153846,2.13,19.65786732,12.290669260181827,1.1910707107163443,3.129328133289207,23.41391,38.46154022216797,5187,13,0.007145612343297975,0.0225112519467358,0.6087616600000001,1.0,-0.44081187290312474,0.4691680587588101
59250609,20260207,59.70149253731344,6.1,4.1823460699999995,2.289178680702801,3.2753626244037726,26.079862936421552,13.698700000000002,59.70149230957031,21619,14,0.01802334305960817,0.0468227424749163,0.229453225,1.0,-0.46305530747479134,3.2753874334679134
59252106,20260207,75.31489,12.1,1.338674409999999,0.7550930403,4.548051381664945,15.917328648528068,6.088360000000001,12.01908,2315,5,0.0015699172656991726,0.0007260055176419,0.08083872923402,0.159584383899264,-0.6241279849863681,0.3154816650174906
59252315,20260207,40.94131000000001,1.5,4.90639966,8.21940496002691,0.9706445316360552,4.981054723623156,4.762370000000001,40.94131088256835,4727,47,0.004943009515842309,0.076179658855412,0.11632187636399519,0.9999999999999998,-0.35290364557596315,2.3207031490821035
59262247,20260207,107.01659,1.61,75.86964482,10.396091692000924,0.6698374576626889,10.293923830253338,50.82033,107.01658630371088,987523,51,0.02368569633126103,0.6,0.47488272612685567,0.9999999999999994,-0.5839518896505038,5.393741452664679
59265523,20260207,41.27358490566038,3.61,2.889063029999999,6.364495164993337,4.352888763385685,6.484973076142402,12.575769999999999,41.27358627319336,25608,19,0.003269913425441173,0.76,0.3046929417142857,1.0,0.20578636104866635,0.7963914860363901
59284251,20260207,112.67605633802818,19.0,2.134217979999998,1.897807378351883,10.006855063605085,59.37167165741708,21.35681,112.67605590820315,14849,45,0.03147975408098368,0.0319602272727272,0.18954168875,1.0000000000000002,-0.4733234177049955,2.124824824074583
59289693,20260207,12.224938875305623,8.5,0.5073364399999993,0.7543642453160362,9.40238000645096,16.205597251755574,4.77017,12.224939346313477,3439,9,0.011097128105840594,0.1833333333333333,0.39019990600000004,0.99999992198945,0.10616235370011291,0.9065408531477146
59313228,20260207,34.48846999999999,8.56,2.0856091599999984,1.6669100294522403,3.623718261766747,20.69004737553341,7.55766,34.488468170166016,2170,9,0.0032282058911038383,0.0197368421052631,0.21913584453007054,1.0,-0.5766684273636978,1.4170614908053791
59335998,20260207,1000.0,22.43,3.7110197099999986,18.15906221820651,12.892259739574387,55.06892001991525,47.84343,999.9999999999992,26442,393,0.005514034282854402,0.0505401234567901,0.04784343,0.9999999999999992,-0.42522248151696895,1.45514575437647
59370907,20260207,40.81632653061224,1.39,8.33626761,13.928889464837546,1.3111851144135713,2.9303357826235508,10.93039,40.81632614135744,8323,54,0.003647558944692786,0.4864864864864865,0.26779455500000005,1.0000000000000004,-0.056701356536998974,1.108155260993492
59397478,20260207,1428.6078200000013,2.5,414.76037126000006,239.7926407001164,2.107125970943225,5.957679843539762,873.95235,1428.6077880859357,46381,581,0.01472693211405347,0.0542746377161204,0.6117510612534651,0.9999999999999988,-0.15714961162271007,1.3830719374159048
59437197,20260207,152.54237288135593,5.0,16.1510875,16.73406250898029,2.8022422638723246,9.115680335225514,45.25926,152.5423736572265,6653,37,0.0067107121242687105,0.0251700680272108,0.29669959333333334,0.9999999999999996,-0.4395515472255351,0.8231360670451029
59469459,20260207,28.457570000000004,1.45,9.77569584,3.1383706568598395,1.0808499131863334,9.06762239587272,10.56606,28.457569122314457,28262,63,0.010530983343890897,0.0505076399006027,0.37129171605305716,0.9999999329757052,-0.2545862667680459,5.253532481159348
59469464,20260207,74.94802000000001,1.45,77.39415861,13.472167449458198,0.7098819986771091,5.5631742741513,54.94072,74.94802093505865,147284,60,0.038720227141279775,0.7142857142857143,0.7330509865370691,1.0000000000000009,-0.5104262078088903,2.836671787037609
59473467,20260207,1000.0,9.99,0.2418420399999997,8.6558191171,3.8170782879601948,14.8424531473562,0.9231299999999998,128.47360454,1241,13,0.007703289882060832,0.01875,0.0009231299999999998,0.12847360454,-0.6179100812852658,0.4857310798211268
59473469,20260207,1000.0,10.59,0.5106441099999997,4.1921939784,4.325732847481589,17.153379165452225,2.2089100000000004,71.91031,2988,23,0.002217604274899807,0.0019651066289311,0.0022089100000000006,0.0719103099999999,-0.5915266432973003,0.6197713803866598
59474185,20260207,28.30188679245283,20.0,0.0811987799999988,0.0120165746999999,0.5140471322352456,27.91578237495791,0.04174,0.33548,5911,4,0.005611886452102915,0.000199670543603,0.0014748133333333333,0.0118536255663621,-0.9742976433882378,0.3957891187478955
59506934,20260207,32.65375000000002,1.62,16.70791339,10.638249222014185,0.9128279303343932,3.0694663776303384,15.251449999999998,32.653751373291016,4322,59,0.0026943457390437007,0.427536231884058,0.46706580408069487,1.0,-0.43652596892938694,0.8947323262935497
59718544,20260207,379.8454299999999,4.15,77.63524532,79.28685215653753,2.7436655751138166,4.79077442658572,213.00515000000001,379.8454284667973,32689,274,0.3459153439153439,0.4571465569233426,0.5607679681706321,1.000000000000001,-0.33887576503281536,0.1544034497574042
59764696,20260207,91.22524,4.15,9.140238239999999,17.401265824314315,1.7727765485465075,5.242448353661214,16.2036,91.22524261474608,219836,43,0.026650018184022305,0.0682447598328671,0.17762189499309622,1.0,-0.5728249280610826,0.2632405381178814
59770476,20260207,861.0274499999999,3.68,196.11851326999997,160.4338302165382,2.345526499921545,5.366869688838756,460.0011700000001,861.0274658203119,59736,544,0.013706576109402964,0.2472727272727272,0.534246811759602,0.9999999999999992,-0.3626286684995802,0.4583884759458755
59789974,20260207,7.079646017699115,270.0,0.048692969999999405,0.0,121.2910200384177,0.0,5.90602,0.0,1389,0,0.0012187417741510924,0.0,0.8342253249999999,0.0,-0.5507739998577122,-1.0
59790006,20260207,10.658120000000002,1.49,13.266189650000001,3.983503730352514,0.7818567556811612,2.6755635744886628,10.37226,10.65812015533447,2973,14,0.0012820733968692051,0.0544217687074829,0.9731791347817438,0.9999999105213472,-0.4752639223616368,0.7956802398414239
59818654,20260207,106.38297872340424,1.5,6.133863259999998,30.75768047134876,0.5175221333512415,3.458745108787768,3.17441,106.38298034667967,1343,77,0.005147566117286316,0.1519940476190476,0.029839454000000005,1.0,-0.6549852444325056,1.3058300725251788
59851958,20260207,3043.8813700000005,91.58,19.084504250000002,2.1972556150000004,110.35471146702697,932.0149539793124,2106.06496,2047.8760229099653,4149,35,0.010308074534161491,0.0074172425032507,0.6919011301678948,0.6727844449281192,0.20500886074499863,9.177057603675076
59870194,20260207,41.35039,1.2,3.6109786800000006,17.312174624768943,1.7014611673088027,2.388515013028082,6.143940000000001,41.35039138793944,4932,38,0.030844277673545965,0.7969924812030075,0.1485823954743837,0.9999999999999996,0.41788430609066896,0.9904290984308556
59873387,20260207,1000.0,5.3,0.1523252999999997,7.5593887095,3.5814142496354906,11.907462435344366,0.5455399999999999,90.01314900000001,1390,32,0.054940711462450595,0.0730674539885066,0.00054554,0.090013149,-0.3242614623329263,1.2466909446834105
59941171,20260207,6.730769230769231,6.6,3.2012895599999984,0.0482016393600871,2.0334399241285763,139.63486744219446,6.50963,6.730769157409668,2579,1,0.2803260869565217,0.3333333333333333,0.9671450285714285,0.9999998807907104,-0.6919030417987007,20.15679840300969
59942526,20260207,81.56946999999998,1.36,71.78132998,30.179242146200203,0.7364183697171446,2.70283362877746,52.86108999999999,81.56947326660158,12990,25,0.010508858506593317,0.9615384615384616,0.6480499382918634,1.0000000000000002,-0.4585159046197467,0.9873776473145548
59978838,20260207,57.754450000000006,45.0,0.23929870999999903,0.0012857085,1.2219037871119371,104.44479071988722,0.2924,0.13439,4249,1,0.0014929201363269036,5.668934240362812e-05,0.005062813341655923,0.0023269201927109,-0.9728465825086237,1.320995349330827
59985139,20260207,83.23513,1.16,22.090751589999996,5.9639039671,0.5260599646261289,1.6967926309732426,11.62106,10.11951,1359,4,0.013782961460446247,0.0666666666666666,0.13961725055274138,0.1215773912085424,-0.5465000304947164,0.4627523101705763
59998752,20260207,1236.13103,28.8,21.77063850000001,5.633376101266419,35.391437876293786,219.429830317488,770.4942000000001,1236.1309814453127,225739,840,0.01912718183358753,0.0730279230306844,0.6233111064285799,1.0000000000000002,0.2288693707046453,6.6190915323053305
59999397,20260207,869.5652173913044,6.5,1.2908136399999992,22.6837679991,3.574706570345819,11.54111109182901,4.61428,261.7958980000001,1077,159,0.00042812847829543646,0.0056560337810337,0.005306422,0.3010652725934388,-0.4500451430237202,0.7755555525890784
60033250,20260207,48.95666000000001,1.24,42.918783,18.441520433353656,1.1454211085155888,2.654697520553882,49.16008000000001,48.95666122436522,7396,42,0.014157733537519143,0.529532967032967,1.0041551037182683,0.9999999999999996,-0.0762732995842026,1.1408850807554924
60078895,20260207,1000.0,25.95,13.767983299999997,23.1523487066379,15.646896521148456,43.19216030644595,215.42621,1000.000000000001,1273762,605,0.09389232062036532,0.0616908666179963,0.21542621,1.000000000000001,-0.3970367429229882,0.6644377278065795
60081691,20260207,71.94244604316546,3.08,5.718500619999999,6.498101948263603,1.269079166419676,11.07129948855003,7.25723,71.94244384765628,14120,151,0.004916776934326903,0.0920440384514424,0.10087549700000001,1.0000000000000004,-0.5879613096040013,2.594577845063168
60083626,20260207,1000.0,36.35,1.2863628299999987,19.836834979479388,26.165386013213734,50.41126523576992,33.65818,999.9999999999992,487559,436,0.04779568469448774,0.0242227637638711,0.03365818,0.9999999999999992,-0.2801819528689482,0.3868299133948948
60134489,20260207,1000.0,300.0,1.6652470899999985,0.0,299.996476799128,0.0,499.56825999999995,0.0,18160,0,0.0057459262774877395,0.0,0.49956825999999993,0.0,-1.1744002906652895e-05,-1.0
60140024,20260207,353.31129000000004,2.21,162.60997909000002,81.52093833851396,1.163488126981961,4.333994212575958,189.19477999999998,353.3112792968753,27733,169,0.0016713875897979846,0.6842105263157895,0.5354903320525081,1.0000000000000009,-0.4735347841710584,0.9610833202563648
60144222,20260207,258.71110000000004,2.07,162.68881801000003,68.42601758078618,1.4376479149637897,3.780887671879477,233.88924,258.7110900878905,20308,119,0.017348368358106953,0.1272681747669526,0.9040556821875828,0.9999999999999996,-0.30548409905130924,0.8265158424215288
60145854,20260207,131.14754098360655,12.1,3.257562019999999,4.667498086167121,3.1347614987235155,28.09803168898779,10.21168,131.1475372314453,262138,54,0.08886033898305085,0.0567160802568665,0.07786406,1.0,-0.7409288017583872,1.3221513060460632
60163679,20260207,26.848240000000004,1.81,10.12757828,7.728009031784184,1.3256644015789332,3.4741466157857874,13.42577,26.84823989868164,1646,19,0.005957292797683677,0.08140756302521,0.5000614565424027,0.999999928958155,-0.2675887284094292,0.9194180804507022
60190295,20260207,30.120481927710845,3.0,5.84173005,2.5341978369288363,2.608386534396604,11.88560307587841,15.237490000000001,30.120481491088867,25493,6,0.011012570737396863,0.0092504125770867,0.505884668,0.9999999366760284,-0.1305378218677986,2.9618676919594704
60191018,20260207,70.4225352112676,15.06,0.48831324999999925,0.3661142585145317,12.298068913755687,192.350734146004,6.00531,70.42253875732422,1564,5,0.001637353433835846,0.020675505050505,0.085275402,1.0,-0.1833951584491576,11.772292748110006
60222062,20260207,4.57056,2.5,3.512663129999998,1.061136474897807,0.9781638240954807,4.30722699613005,3.4359599999999992,4.570559978485107,4250,19,0.004315597075548335,0.0659266409266409,0.7517590842260027,0.9999997913441412,-0.6087344703618077,0.7228907984520202
60257685,20260207,166.66666666666666,1.14,50.54195902,62.28258834357488,0.6235717928450016,2.6759753168502947,31.516540000000003,166.66667175292957,3942,67,0.0007531812449845237,0.8271604938271605,0.18909924000000003,0.9999999999999992,-0.4530071992587704,1.3473467986222456
60279269,20260207,5340.28227,2.29,1368.993826169999,925.2332229891,1.5528944100117579,4.681132250039073,2125.9028599999997,4331.139083623,162415,1240,0.004502734937053476,0.0069276839188343,0.39808810705431114,0.8110318705779193,-0.32188017030054245,1.0441625886540118
60280132,20260207,5.154639175257732,2.4,1.06686943,0.5420250663492514,0.0,9.509947148479435,0.0,5.15463924407959,5581,6,0.010383255813953489,0.8571428571428571,0.0,0.9999998149872192,-1.0,2.9624778210783766
60299590,20260207,833.3333333333334,5.11,75.82956043,72.77585677418114,4.817436998559692,11.450683488665462,365.30413,833.3333129882819,1012161,344,0.0235578028627953,0.1308980213089802,0.438364956,1.0000000000000009,-0.057253033549962556,1.2408381975501537
60300280,20260207,125.0,6.5,24.164395879999994,3.4204376331771424,4.042689520777707,36.54502050922377,97.68914999999998,125.0,24478,18,0.6244387755102041,0.1267361111111111,0.7815131999999999,1.0,-0.3780477660341989,4.622310847572887
60319297,20260207,48.38709677419355,10.0,4.149910089999999,0.3338266558687671,5.652922470905871,144.94633849045456,23.45912,48.3870964050293,721473,36,0.06832907148539606,0.1008883248730964,0.4848218133333333,1.0000000000000002,-0.4347077529094129,13.494633849045456
60363119,20260207,139.53488372093022,8.1,17.93302123,9.168299003094887,3.403725407846405,15.219275279462378,61.03908,139.53488159179685,2481,40,0.006539272535582499,0.0543478260869565,0.43744674,0.9999999999999998,-0.579786986685629,0.8789227855197799
60371761,20260207,2164.6189100000006,2.47,1172.7072273100002,510.2594058431023,1.7740084153587783,4.242193024674531,2080.39249,2164.6188964843723,207642,938,0.011056549520766772,0.0481841591463066,0.9610894926534664,0.9999999999999988,-0.2817779694903732,0.7174870346302967
60374272,20260207,402.23784,1.94,310.88509954999984,95.34486026863216,1.2579067011125917,4.218768045302509,391.06444999999997,402.2378540039063,48059,132,0.00856758298570257,0.6984126984126984,0.9722219321782355,1.0,-0.3515944839625816,1.174622639623507
60394559,20260207,1.0332357499569484,52.0,0.00042083,0.0,0.0,0.0,0.0,0.0,1745,0,0.0003385719829258828,0.0,0.0,0.0,-1.0,-1.0
60395737,20260207,17.623949999999997,52.0,0.8606289799999988,0.1712135713,16.543842156000863,26.099063684073247,14.238110000000002,4.46854,1830148,5,0.018604756129669747,3.295982401853587e-06,0.8078841576377602,0.2535492756751983,-0.6818491893076757,-0.4980949291524376
60491784,20260207,521.94218,19.24,26.77029479,2.8666843720832014,19.48326135709318,182.0716723188005,521.57265,521.9421997070314,11239,356,0.009902202643171806,0.072449536834958,0.9992920097011511,1.0000000000000002,0.012643521678439818,8.463184744529709
60503054,20260207,4002.55829,900.0,5.135001049999998,1.8337028733558776,611.4705273526674,2182.7724791158644,3139.9017999999996,4002.558349609372,1620181,175,0.06475336520015347,0.0010587227123195,0.7844737221803207,0.9999999999999992,-0.3205883029414806,1.425302754573183
60504423,20260207,65.78731,2.35,8.57009342,18.12065399789584,1.523455971848671,3.630514887397668,13.05616,65.7873077392578,3657,72,0.005028877887788779,0.0200600925642713,0.1984601589577078,0.9999999999999998,-0.3517208630431187,0.54490001477907
60505342,20260207,1287.7824600000004,483.0,2.494942609999998,6.12620773824509,425.03862243147984,210.20871565535683,1060.44697,1287.7824707031243,472777,130,0.04588063467417148,0.0016466085992376,0.8234674744676983,0.9999999999999996,-0.1200028521087374,-0.5647852677942923
60518154,20260207,2168.27759,1.63,1459.57807851,537.4480223331374,1.1712830064871975,4.034394943800207,1709.5789999999997,2168.277587890625,135999,725,0.005647001669199531,0.0211274159920666,0.7884502463542962,1.0,-0.2814214684127622,1.4750889298173928
60518258,20260207,19.23076923076923,2.22,8.53345646,6.496888545878537,1.9034069109201268,2.959996468353614,16.24264,19.230770111083984,2394,12,0.013472144063027575,0.0937183704453441,0.8446172800000001,0.9999999008178856,-0.14260949958552854,0.3333317253183276
60537191,20260207,62.5,9.0,0.7605926099999993,1.943381460300251,3.653309226867196,32.16042198422631,2.77868,62.5,2857,10,0.25508928571428574,0.7333333333333333,0.04445888,1.0,-0.5940767525703117,2.57338022046959
60547751,20260207,192.36432,54.68,2.4952917799999974,1.8285134912648529,40.42407417380267,105.20251262246782,100.86986,192.364318847656,2556841,307,0.15597626963550404,0.0251618719777067,0.5243688642467584,0.9999999999999986,-0.2607155418104851,0.923966935539863
60547769,20260207,21.234762092017306,54.68,0.0717451299999981,0.2155129892999999,8.100201365584192,34.2965671231255,0.58115,7.39139,569049,25,0.03380315072887336,0.0001511757172275,0.027367860185185184,0.3480796850625682,-0.8518617160646637,-0.3727767569182122
60548432,20260207,148.91858999999997,1.73,121.73846705000003,33.841122029478655,1.2188282273922386,4.400521644350578,148.37828,148.9185943603516,20942,119,0.003180258162490509,0.0621284292294775,0.9963717760153384,1.0000000000000002,-0.29547501306807017,1.543654101638281
60566933,20260207,14.03152,5.9,1.1282154199999987,0.0888938078632991,7.5285799586040145,157.8440881655199,8.493860000000002,14.031519889831545,1745,2,0.27265625,1.0,0.6053414027845879,0.999999932033432,0.2760305014583075,25.75323484985299
60580455,20260207,27.1370420624152,15.0,0.16572462999999932,0.0322092177,6.578744511301694,27.611424681553764,1.0902599999999996,0.88937,1484,4,0.005051055139550714,0.0013227513227513,0.040176080999999975,0.0327732810650715,-0.5614170325798872,0.8407616454369176
60619154,20260207,346.15384615384613,8.8,0.7949493999999991,0.8002750524000001,3.9788192808246707,15.71998807445509,3.16296,12.580329999999998,2190,17,0.0075647668393782385,0.0177696699435829,0.00913744,0.0363431762949593,-0.5478614453608329,0.7863622424697195
60632826,20260207,103.90999000000002,7.7,23.06585713,5.432259506657717,3.268534942148061,19.12831468151599,75.39156,103.90998840332033,74110,51,0.021213075337760477,0.053125,0.7255467929503215,1.0,-0.5755149425781739,1.4841967734206394
60656113,20260207,304.366,3.0,115.27257251999998,61.83013597062545,1.6945611235153861,4.922615608292321,195.33642,304.3659973144529,46205,189,0.008842385271940903,0.0649973605022742,0.6417813421998515,0.9999999999999992,-0.43514629216153794,0.6408718694307737
60666367,20260207,144.92753623188406,1.95,23.86429345,16.737458993421843,1.062162181885171,8.658872736227696,25.347749999999998,144.9275360107422,143938,50,0.010040668271075302,0.1412429378531073,0.17489947499999997,1.0,-0.4553014451870918,3.4404474484567498
60679080,20260207,33.333333333333336,26.0,0.1549441299999988,0.2600339854999999,12.11552835205835,92.54016321584548,1.8772300000000002,24.06368,7581,23,0.00962544438801422,0.0025863316772723,0.0563169,0.7219104275386974,-0.534018140305448,2.559237046763287
60679832,20260207,84.40433999999999,1.33,104.07477300999997,1.1473039281240105,0.622716227243396,73.5674889755586,64.80905,84.40434265136719,56104,62,0.005226171845890156,0.7380952380952381,0.7678402556077093,1.0,-0.5317923103433113,54.31389970055906
60695475,20260207,34.930139720558884,11.0,2.3717372799999987,0.7564906889852152,6.548043972222762,46.173860146211446,15.53024,34.93014144897462,9663,26,0.003470905172413793,0.0343915343915343,0.4446085851428571,1.0000000000000002,-0.4047232752524762,3.197623649655586
60726038,20260207,47.8357,9.0,11.819992299999997,1.9086983004233764,3.9694002169527645,25.06193666973048,46.918279999999996,47.83570098876953,31724,27,0.0001872077460716115,0.0482142857142857,0.980821436709403,1.0,-0.5589555314496928,1.7846596299700537
60739483,20260207,14.583333333333334,1.78,5.456920499999997,2.062589828487085,0.40989418848964376,7.070395550114415,2.23676,14.583333015441893,207241,24,0.5357833505687694,0.6153846153846154,0.15337782857142856,0.9999999346051924,-0.7697223660170541,2.972132395369682
60739866,20260207,99.7291,1.09,77.94989387999999,29.630807674230287,0.49769112014088107,3.3657232978292853,38.794970000000006,99.72910308837896,22631,59,0.014751971840166873,0.7972972972972973,0.38900351050997156,1.0000000000000004,-0.5434026420725862,2.087819444735956
60741109,20260207,612.09021,1.82,352.99568687,135.5919158934373,0.8441795214051535,4.514208693147864,297.99173,612.0902099609373,24102,149,0.0017224080267558529,0.5843137254901961,0.48684282991554473,0.9999999999999996,-0.5361650981290366,1.4803343753017295
60745623,20260207,1000.0,22.2,11.508108750000002,17.653135876894513,11.136856001643189,56.64715608186664,128.16415,999.9999999999992,245460,259,0.027238528546856794,0.0501355013550135,0.12816415,0.9999999999999992,-0.4983398197458023,1.5516736096889268
60758778,20260207,502.08629,1.73,414.21884197000014,173.6079411937255,1.0995104129835436,2.892069898223145,455.43793000000005,502.0863037109373,34947,175,0.009321188520217646,0.0389340562542016,0.9070909504420047,0.9999999999999996,-0.364444847986391,0.6717166857443235
60762511,20260207,2000.0,33.74,0.6070166399999992,1.1972523891,17.502535021115754,45.0344935256613,10.62433,53.9177,88047,14,0.00562198298980921,6.647138595749988e-05,0.005312165000000001,0.02695885,-0.4812526668311869,0.3347507790553183
60762714,20260207,122.44897959183672,18.6,1.0652595699999985,0.0,7.856141578714014,0.0,8.368829999999999,0.0,1905,0,0.005614500442086649,0.0,0.068345445,0.0,-0.5776267968433327,-1.0
60765488,20260207,117.6470588235294,8.1,0.40429785999999945,4.985286582799999,6.290189119477415,17.890075250163964,2.54311,89.18717,3581,93,0.005104047890535918,0.0133241869015179,0.021616435,0.7580909594594375,-0.22343344203982524,1.208651161435853
60769562,20260207,583.7024200000001,400.0,2.0659779499999984,0.4070333745,279.36323328136217,700.1884861692439,577.15828,285.00078250000007,167281,103,0.058614877886401066,0.0032458293209566,0.98878856798298,0.4882638586441196,-0.3015919167965946,0.7504712154231098
60828716,20260207,23.92696,1.88,28.880292099999956,6.061568771263413,0.8284874653328054,3.947320726206536,23.926960000000005,23.92695999145508,3371,9,0.004836441893830703,0.5,1.0000000000000002,0.999999920284546,-0.5593151780144652,1.0996386894778687
60844239,20260207,194.44444444444449,5.0,21.136006599999998,10.591240876327042,4.264975958135819,18.35898424561853,90.14456,194.44444274902335,35519,45,0.024398268992993542,0.0551889885189189,0.4636005942857142,0.9999999999999996,-0.14700480837283614,2.671796849123706
60848391,20260207,41.73037999999999,16.0,3.2187120799999978,1.0273588031820795,6.117872462826813,40.619051750623136,19.69167,41.73038101196288,17991,19,0.0030296039337195206,0.0395833333333333,0.4718785211157915,0.9999999999999998,-0.6176329710733242,1.538690734413946
60858118,20260207,119.63921,2.64,81.71889277,26.71749479350432,1.522887006683559,4.47793515105929,124.44864000000001,119.63921356201172,23090,82,0.01317471185667009,0.0850481144538521,1.0401994463186441,1.0,-0.42314886110471256,0.6961874898189928
60862222,20260207,166.66666666666666,7.6,1.2565122099999995,7.6785226720000015,3.240740493878688,17.04680555681693,4.07203,130.8943,34315,78,0.017338689303218635,0.0108680350655571,0.02443218,0.7853657760325385,-0.5735867771212253,1.2430007593060728
60880371,20260207,33.805879999999995,45.0,0.7045939199999972,0.0331847731,43.47542482342186,206.51620739249856,30.632519999999996,6.853400000000001,29736,8,0.006883333333333333,0.0001489192460408,0.9061299395253134,0.2027280371301812,-0.03387944836840309,3.589249053166635
60882186,20260207,112.01828,35.0,4.6258222700000005,2.089484936010129,24.577976274043053,53.61044939273228,113.69334999999998,112.01828002929688,34696,103,0.2579628252788104,0.3735957792207792,1.0149535415112603,1.0000000000000002,-0.2977721064559128,0.5317271255066365
60882731,20260207,92.20477000000002,37.0,2.940335039999998,1.2151660216161808,22.973970340468426,75.87827130675893,67.55117,92.20477294921876,305221,34,0.08228755526798232,0.023876404494382,0.7326212082086424,1.0,-0.3790818826900425,1.050764089371863
60906442,20260207,142.7203,2.47,166.35510802000022,19.22741531016227,0.8585150266791298,7.422750102989781,142.81836,142.7203063964844,22295,213,0.020072926982983703,0.1925643425648931,1.000687078152162,1.0000000000000002,-0.6524230661218099,2.005161950207048
60906649,20260207,4.077471967380224,52.0,0.2873187599999986,0.0,10.01208553176275,0.0,2.87666,0.0,684928,0,0.00945419410051486,0.0,0.7055008650000001,0.0,-0.8074598936199471,-1.0
60908226,20260207,470.27303,2.33,380.7916222499998,99.2937594282546,1.2054486579503527,4.7361791792676,459.0247499999999,470.27304077148455,134816,224,0.009801235914213013,0.6363636363636364,0.9760813840419467,1.0000000000000004,-0.4826400609655139,1.0326949932832277
60912674,20260207,6.021550000000003,2.3,3.3704286399999983,1.2750233016698402,0.6195206079188791,4.72269443856222,2.08805,6.021550178527832,3379,6,0.0064806290755657844,0.0794025157232704,0.34676287666796735,0.9999998416231474,-0.7306432139483134,1.0533454506405917
60916277,20260207,262.21178,1.31,260.5422288999996,121.01629507540952,0.7796023733179953,2.166747789312558,203.11934000000008,262.2117919921876,22338,105,0.049662072032014226,0.9130434782608696,0.7746385002229881,1.0000000000000002,-0.40488368449007994,0.6540060182866729
60917464,20260207,1000.0,20.54,0.0020245699999999,0.254747708,0.0,47.504460748825466,0.0,12.1017,2370,7,0.6405405405405405,0.21875,0.0,0.0121017,-1.0,1.3127779275274605
60930313,20260207,64.68921,1.84,3.2921591299999995,21.950651073278536,1.1474384593310958,2.947029034418704,3.7775499999999997,64.68920898437497,4987,30,0.010312241521918942,0.7317073170731707,0.05839536454379331,0.9999999999999996,-0.37639214166788276,0.6016461853032581
60949070,20260207,66.13085000000001,9.0,4.899742599999998,3.251600301023728,7.56743833849558,20.337933720467188,37.0785,66.13085174560545,11699,126,0.004128815952002823,0.0874392782789729,0.5606838563242419,0.9999999999999998,-0.15917351794493553,1.259770413385243
60961963,20260207,27.77777777777778,2.08,0.4487938799999991,2.5373381804750323,0.16782760050114798,10.947601660526844,0.07532,27.77777862548829,6459,30,0.031157742402315485,0.8571428571428571,0.00271152,0.9999999313354564,-0.9193136536052173,4.263270222155046
60972908,20260207,1000.0,2.2,34.42934963000001,193.75372923628092,1.5905987359192524,5.161190955036107,54.76328,999.9999999999992,3110,287,0.009444275736410568,0.1221265395194539,0.054763280000000004,0.9999999999999992,-0.27700057458215804,1.3459958378046852
61011193,20260207,1128.4313299999994,3.5,79.66752448,171.91177943708735,2.3493236575586893,6.564013655986904,187.1648,1128.4312744140636,34621,594,0.0036072183960740595,0.0746070242995467,0.16586281772236872,1.000000000000001,-0.32876466926894593,0.8754324731391154
61011487,20260207,420.4162162162162,3.33,1.3659385899999992,11.8415487948,4.202246017516793,4.860588436259843,5.74001,57.55689999999999,4418,63,0.03440809968847352,0.0748214629102193,0.01365316031731746,0.1369045626591195,0.26193574099603395,0.4596362004868611
61012951,20260207,119.05549000000002,2.3,25.964335379999998,27.668204009078984,1.5891668088597923,4.302971173856748,41.26166,119.05548858642577,7512,62,0.002485277575597168,0.5254237288135594,0.3465750298453267,1.0,-0.3090579091913946,0.8708570708983325
61019035,20260207,115.3846153846154,2.33,9.77133559,8.027674264812681,1.4269789294996469,14.373353334665788,13.94349,115.3846130371094,2589,23,0.00909697821503865,0.0391156462585034,0.12084357999999999,1.0000000000000002,-0.3875626912018683,5.168821375669317
61022895,20260207,1.32579105532968,26.0,0.0056692399999997,0.0223538622865006,0.0,59.30660562022272,0.0,1.3257910013198853,10028,4,0.005366297426018087,0.1904761904761904,0.0,0.9999992806757404,-1.0,1.2810232930854892
61027483,20260207,4.077471967380224,52.0,0.3563199199999988,0.4210331170933902,8.884235268126492,9.68442120852841,3.1656299999999997,4.077471733093262,968242,12,0.0309867187249976,0.0010212390850291,0.7763707575,0.9999997661114152,-0.8291493217667983,-0.8137611306052229
61030217,20260207,46.25146000000001,20.1,2.3149738599999976,0.784556529681242,17.61766329404689,58.952287473226114,40.78443,46.25146102905271,9946,86,0.0033724399837243998,0.0379523389232127,0.8817976773057541,0.9999999999999996,-0.12349933860463248,1.93294956987038
61034097,20260207,2664.894420000001,2.82,1171.39858301,551.3669492956702,1.5425399997983218,4.833250396711222,1806.9291699999999,2664.8945312500045,150689,898,0.002572639256184943,0.4616966580976864,0.6780490650732794,1.0000000000000018,-0.4530000000715171,0.7139186209672459
61042371,20260207,220.99027000000007,1.82,197.71575504,49.83425442427436,1.240848206306908,4.434505201515129,245.33524,220.99026489257815,18111,69,0.002402116823173643,0.4367088607594936,1.1101630854607305,1.0000000000000002,-0.3182152712599407,1.436541249293107
61076126,20260207,40.32258064516129,2.5,2.2049169599999994,5.624079445115831,2.2142194416246865,7.169631131412911,4.88217,40.32258224487305,46879,17,0.07186723900045991,0.2969959926481665,0.12107781600000002,1.0,-0.11431222335012539,1.8678524525651643
61087629,20260207,57.142857142857146,1.67,0.5514060199999995,8.059278651789665,0.4873722633641182,7.0903181260388575,0.26874,57.14285659790038,5071,30,0.0024530766253869967,0.967741935483871,0.004702949999999999,1.0,-0.7081603213388513,3.24569958577516
61095720,20260207,7.352941176470588,1.35,0.6012119099999996,1.4175790510608666,1.2261733138320572,5.186967064556027,0.73719,7.352941036224366,2877,6,0.017003546099290782,1.0,0.10025784,0.9999998703003076,-0.09172347123551325,2.842197757741403
61098328,20260207,175.43859649122808,52.0,0.2929606599999988,0.0,13.9853931241144,0.0,4.09717,0.0,12796,0,0.3797032640949555,0.0,0.023353869,0.0,-0.7310501322285692,-1.0
61100993,20260207,118.66019,5.1,35.57482887999999,15.616200750463715,3.314711938538495,7.598530594294773,117.92031,118.66018676757814,8192,19,0.005963890506697728,0.0480120902115787,0.9937647158663744,1.0000000000000002,-0.3500564826395108,0.4899079875261707
61106509,20260207,50.0,1.11,29.731472540000006,17.155595144125495,0.6189720329270982,2.91450087656215,18.40295,50.0,18744,99,0.005610632183908046,0.825,0.368059,1.0,-0.44236753790351513,1.6256764315329255
61109358,20260207,21.234762092017306,54.68,0.24533726999999983,0.0,6.697922415130817,0.0,1.64325,0.0,253967,0,0.024310506566604127,0.0,0.07738490277777776,0.0,-0.8775069053560567,-1.0
61112285,20260207,131.01449000000002,1.96,36.45122326,42.34348617884178,1.0054381368379899,3.0940884792094967,36.64945,131.01449584960938,5231,69,0.000506928965985076,0.0948320169751267,0.279735852118342,1.0,-0.4870213587561276,0.5786165403010484
61136703,20260207,28.116213683224,52.0,0.1347540599999996,0.0,16.376129965954323,0.0,2.20675,0.0,5691,0,0.47425,0.0,0.07848674166666665,0.0,-0.6850744237316477,-1.0
61145915,20260207,7.368421052631579,8.1,0.01351633,0.1865524045097776,0.0,39.49765000049667,0.0,7.368421077728271,26806,3,0.008582863729508197,1.0,0.0,0.9999998705727884,-1.0,3.8762528568338057
61154489,20260207,5.9523809523809526,6.1,0.023762619999999898,0.2681615611889961,0.0,22.19691334853441,0.0,5.952381134033203,20510,6,0.006707217371398672,0.75,0.0,0.9999998397827454,-1.0,2.6388383107477176
61159718,20260207,3.703703703703704,13.8,0.5030550199999981,0.1386372507583028,7.174642646444544,26.71487574052265,3.6092399999999993,3.70370364189148,2845,3,0.008697645979822683,0.0857142857142857,0.9744947999999997,0.9999997425079966,-0.48009835895329395,0.9358605341511996
61185226,20260207,280.8988764044944,3.0,3.1697488299999996,31.590674384359925,1.8745428482420168,8.891828405959396,5.9418299999999995,280.89886474609386,2263,98,0.0033821551337617694,0.0886017830671787,0.0211529148,1.0000000000000004,-0.37515238391932776,1.963942801986465
61185244,20260207,445.2629400000001,1.3,301.10735144999995,177.13313604994656,0.7926854952248961,2.5137190413308903,238.68343000000004,445.2629394531249,13593,92,0.007295121558525197,0.8214285714285714,0.5360505188237763,0.9999999999999998,-0.39024192675007996,0.933630102718122
61185698,20260207,7.1040600000000005,52.0,0.42989980999999794,0.0243814009962443,16.52492007381914,291.36015661988847,7.1040600000000005,7.104060173034668,1136270,6,0.017067287111402173,0.0003083517093047,1.0,0.9999998657564596,-0.6822130755034781,4.603079934997855
61185812,20260207,498.5705128205128,3.59,18.21317155,69.58933763808338,1.8193399161169161,7.164467084764042,33.13595,498.5705261230469,67957,266,0.030691446120494986,0.0596453378689451,0.06646191290484334,1.0000000000000002,-0.4932200790760679,0.995673330377175
61186486,20260207,21.234762092017306,54.68,0.006260219999999799,0.1503517014,8.807997163039282,17.89073275673117,0.05514,2.6899200000000003,209741,9,0.01405591781207487,5.016904625064836e-05,0.002596685555555555,0.1266752946933531,-0.8389173891177892,-0.6728103025442429
61188825,20260207,23.36448598130841,52.0,0.0494918399999988,0.0719639007,0.0,27.882481327456343,0.0,2.00656,332981,6,0.005326945966007986,7.713957309946601e-06,0.0,0.0858807583682926,-1.0,-0.4637984360104549
61190600,20260207,992.44652,6.1,135.64135211999996,98.24052332682548,3.1525223931835877,10.102211281990568,427.6124,992.446533203125,19949,158,0.0025239119433198383,0.0363134911514594,0.43086694485059,1.0,-0.4831930502977725,0.6561002360538676
61191979,20260207,346.15384615384613,6.0,20.44772062,22.622525878375622,1.9336790997294055,15.301289770693504,39.53933,346.15383911132784,6946,233,0.0035624166581187814,0.0671173167848699,0.11422473111111112,0.9999999999999992,-0.677720150045099,1.5502149617822507
61194572,20260207,309.0961200000001,3.13,146.59471051999998,59.44108427022563,2.1085080007564794,5.2000418391741885,309.09612,309.09613037109386,16315,91,0.008944627192982457,0.35546875,0.9999999999999997,1.0000000000000004,-0.3263552713238085,0.6613551594399932
61218808,20260207,804.4937299999997,4.0,165.45907342999993,193.20564934418675,4.1432715401372615,4.163924357003733,685.54187,804.4937133789059,599199,467,0.2709346174715138,0.1153644500196064,0.8521407245771826,0.9999999999999996,0.03581788503431538,0.0409810892509332
61218812,20260207,1560.8154700000005,4.0,64.79945852,159.59686366808685,3.0986670967015355,9.779737421117414,200.79194999999999,1560.8154296875005,521523,1026,0.25519817968291253,0.0961929215103567,0.1286455406544631,1.0000000000000002,-0.22533322582461612,1.4449343552793534
61218892,20260207,119.60393,4.0,0.6590469999999994,9.413791398316134,2.8258530878677877,12.70518007532209,1.86237,119.60392761230467,2101,59,0.011575757575757576,0.4016290726817042,0.015571143857898316,1.0,-0.2935367280330531,2.1762950188305226
61245888,20260207,128.2051282051282,3.76,7.244865859999999,8.807039645995951,2.092156058221346,14.557117317228984,15.15739,128.2051239013672,4819,134,0.0017333908852199562,0.0792823878308131,0.118227642,1.0,-0.44357551643049303,2.871573764401912
61261395,20260207,4.044489383215369,16.0,0.0256127899999997,0.1444309571210493,0.0,28.002731973698847,0.0,4.04448938369751,195510,6,0.039794422959495215,1.0,0.0,0.9999997642040808,-1.0,0.7501707483561779
61275566,20260207,729.8732500000002,1.8,380.58487383000016,193.3721826602008,1.1486562132662985,3.7744478867913216,437.16117999999994,729.8732299804683,33835,157,0.011720184280716339,0.7621359223300971,0.5989549281330694,0.9999999999999992,-0.3618576592965008,1.096915548211137
61280560,20260207,1000.0,30.15,0.8278719799999977,0.0,11.119980168914552,0.0,9.205919999999999,0.0,20802,0,0.01524961513085551,0.0,0.00920592,0.0,-0.6311781038502636,-1.0
61292982,20260207,9.42855,2.24,0.6256063999999997,0.9040398070789382,1.4892590612883763,10.429340902215772,0.9316899999999999,9.428549766540527,20124,6,0.1099672131147541,1.0,0.09881583064203933,0.9999998988525018,-0.33515220478197494,3.655955740095142
61325277,20260207,159.26296000000002,2.64,114.76722292000011,37.283205920031776,1.382764747306128,4.271707502348576,158.69607000000002,159.2629547119141,8885,50,0.009974180511899416,0.7936507936507936,0.9964405408514321,1.0000000000000002,-0.4762254745052546,0.6180709593205218
61327659,20260207,1111.111111111111,41.78,0.2157626299999992,0.0,19.956838679617576,0.0,4.30594,0.0,250533,0,0.002811808714448773,0.0,0.0038753459999999996,0.0,-0.5223351201623366,-1.0
61328223,20260207,1666.6666666666667,48.86,9.830470329999999,19.086519254151767,19.741280273006026,87.32165967308931,194.06607000000002,1666.6666259765668,3080441,2130,0.034758816248097284,0.0188418075657217,0.11643964200000001,1.0000000000000029,-0.595962335796029,0.7871808960761495
61329740,20260207,25.42372881355932,10.0,2.322882929999999,0.959510120222974,2.7071273884646447,26.49654434120893,6.28834,25.423728942871087,147899,47,0.01869677892394822,0.0427272727272727,0.24734137333333336,0.999999924977626,-0.7292872611535355,1.6496544341208934
61361730,20260207,372.3404255319149,1.5,75.30825108,141.68111400651603,0.44157166742159853,2.628017315976516,33.25399,372.3404235839844,6373,88,0.0029048726013036147,0.0217762400599559,0.08931071600000001,1.0,-0.7056188883856009,0.7520115439843439
61380657,20260207,27.354690000000005,7.1,9.962235880000001,1.810451707294952,2.362850095454676,15.10930964478449,23.539270000000002,27.35469055175781,17955,43,0.01990355836381776,0.0689102564102564,0.8605204445745865,0.999999930273439,-0.6672042119077921,1.128071809539892
61390918,20260207,14.285714285714286,1.45,3.180523099999999,1.168687099269983,0.3972837046836731,12.223718337166796,1.26357,14.285714149475098,9510,16,0.0026764606551840596,0.1379310344827586,0.0884499,0.9999999332428016,-0.726011238149191,7.43015030012821
61390940,20260207,58.39817,10.0,12.34167202,3.413818484353208,4.677778659686015,17.106402590661787,57.731609999999996,58.39817047119139,763272,105,0.028406209178299884,0.070359380151665,0.9885859437033728,0.9999999999999998,-0.5322221340313985,0.7106402590661787
61400136,20260207,267.85714285714283,2.25,0.5897171499999989,23.238810223224004,1.7456165214120056,11.526284397418337,1.02942,267.857147216797,14208,366,0.007076754495193505,0.8498534845203211,0.0038431680000000005,1.0000000000000004,-0.2241704349279975,4.122793065519261
61404169,20260207,8.771929824561404,1.68,1.3943859299999994,2.131442672424674,0.33074774356049347,4.11548747658297,0.46119,8.771929740905762,6830,14,0.015572275421796625,0.6416666666666666,0.052575659999999996,0.9999998912811388,-0.8031263431187539,1.4496950030205873
61404245,20260207,8.771929824561404,1.51,0.9756359899999988,0.3125926149307889,0.5204400054983628,28.061768769166797,0.50776,8.771929740905762,11517,7,0.010368203096867123,0.7,0.057884639999999994,0.9999998912811388,-0.655337744703071,17.583952944633893
61423925,20260207,1000.0,20.04,2.8435154499999977,21.953123164330965,13.622349053879779,45.55160315745768,38.73536,999.9999999999987,974466,708,0.019203154590295417,0.0480841167000271,0.03873536,0.9999999999999988,-0.32024206317965176,1.2730339858499455
61443196,20260207,27.77777777777778,25.0,0.5755063499999986,0.0070739394,5.57340505452287,16.193778281691007,3.20753,0.11457,148960,2,0.022692096764365365,5.201831044527674e-05,0.11547108,0.0041245195909213,-0.7770637978190852,-0.3522488687323597
61444303,20260207,1000.0,1.05,76.79421796,20.389550264400004,0.6856417240608619,2.457977586171991,52.65332,50.11706,2343,24,0.004015424164524422,0.0198488425470522,0.05265332,0.05011706,-0.34700788184679826,1.340931140758368
61445437,20260207,67.55288000000002,5.6,23.472981179999998,7.471013501014883,2.877899465857281,9.041995477899222,67.55288,67.5528793334961,3453,10,0.001667632570269487,0.0297619047619047,0.9999999999999998,1.0,-0.4860893810969141,0.6146420771220519
61446523,20260207,280.8988764044944,3.0,5.3362700499999995,42.40208237039684,1.898284739169076,6.624647715829085,10.129760000000001,280.89886474609386,2873,77,0.002981837052413077,0.0746124031007752,0.036061945600000006,1.0000000000000004,-0.3672384202769747,1.2082159052763617
61451829,20260207,72.63998000000001,19.25,3.4158564799999995,1.59363161720514,18.170526297990133,45.581381629135066,62.06791,72.6399765014648,44344,32,0.011303882331948303,0.0653061224489795,0.8544593486947545,0.9999999999999994,-0.05607655594856453,1.3678639807342892
61462330,20260207,7.462686567164179,5.1,0.03346303,0.4208546855997973,0.0,17.73217469560992,0.0,7.462686538696289,1398,10,0.0009484396200814112,0.7692307692307693,0.0,0.9999998722076574,-1.0,2.476897064155424
61467151,20260207,5.652430000000001,19.25,1.012363219999999,0.0,5.583401182828437,0.0,5.65243,0.0,2921,0,0.007875438123483418,0.0,0.9999999999999999,0.0,-0.7099531853076136,-1.0
61470571,20260207,1162.7906976744189,20.6,3.157815789999999,21.954701373952663,10.263480251962388,52.9631706961152,32.41018,1162.790649414061,1818,309,0.004984919111598574,0.2205533409833161,0.02787275479999999,0.9999999999999984,-0.5017728033027967,1.5710276560847565
61471905,20260207,1000.0,28.73,7.482276129999999,16.355105264866403,15.36913206650127,61.14298395897153,114.99609000000001,1000.0000000000013,207203,377,0.011154639175257731,0.0407479463899697,0.11499609000000001,1.000000000000001,-0.46504935375909257,1.1281930015029924
61515335,20260207,4.7828800000000005,2.04,2.1967934799999984,0.2553556493854486,2.187465523613992,18.73019496816475,4.80541,4.782879829406738,43633,7,0.01808546795987731,0.3043478260869565,1.0047105509651089,0.999999800606714,0.0722870213794079,8.18146829333822
61521770,20260207,101.2775,3.79,34.56488058000001,33.1796550575,4.1200177061337895,2.96741223535813,142.40792,98.45771734999998,5436,51,0.5490909090909091,0.2505287896592244,1.406116067240996,0.9721578920307916,0.08707591190865156,-0.2170416186739784
61524679,20260207,2.69648,52.0,0.1033659199999992,0.1247409378,6.895599632838421,11.338929192103668,0.71277,1.41444,289788,5,0.010954452840601953,9.267687530267372e-06,0.26433350145374707,0.5245503326486507,-0.8673923147531073,-0.7819436693826217
61524837,20260207,1000.0,18.9,2.185272169999998,18.948094618356706,10.3555750677958,52.77575225191554,22.62975,999.9999999999998,27875,557,0.0031670737942396184,0.0608695652173913,0.02262975,0.9999999999999998,-0.4520859752488995,1.7923679003766857
61547249,20260207,70.0,8.7,1.840172769999998,1.3557645987,4.046842840740442,18.803449714644245,7.44689,25.49307026,14952,11,0.0038398520763245074,0.0002207747854502,0.10638414285714286,0.3641867179999999,-0.5348456504896043,1.1613161065382271
61552681,20260207,1.5432098765432098,3.88,0.1298749999999998,0.1112180267987854,1.3054090471607336,13.87541282108767,0.16954,1.5432099103927608,3937,5,0.02909830007390983,0.4545454545454545,0.10986192,0.9999993820194382,-0.6635543692884707,2.576137219544135
61583194,20260207,2182.06944,300.0,6.364344179999998,0.3739306348,207.2730893695948,406.8318800610876,1319.1572800000001,152.12731000000002,384103,10,0.008865231530527224,1.590121675140329e-05,0.6045441340308584,0.0697169917997314,-0.30908970210135067,0.3561062668702919
61590141,20260207,28.447170000000018,21.41,1.570751739999998,0.6051025770309384,11.944541917235135,47.01206758213211,18.76191,28.447170257568363,11590,14,0.0017102719612790886,0.0109546165884194,0.6595352015683805,0.9999999329512044,-0.4421045344588914,1.1957995290604635
61593737,20260207,118.54912000000002,22.0,7.486773609999998,3.349715902641791,9.508955887875446,35.390787188164225,71.1914,118.54911804199226,132279,26,0.009254551051534275,0.0555555555555555,0.6005223826208073,1.0000000000000009,-0.5677747323692979,0.6086721449165556
61619011,20260207,162.85718,1.46,52.408485999999996,45.467960970933966,0.7158806304765225,3.581800693826648,37.51822,162.8571777343749,4171,41,0.008682348043297252,0.640625,0.23037498254605662,0.9999999999999992,-0.5096708010434777,1.4532880823569412
61622102,20260207,100000.0,60.0,0.7477592299999991,0.0,66.80131517734668,0.0,49.9513,0.0,3065,0,0.004780845421931056,0.0,0.000499513,0.0,0.113355252955778,-1.0
61627716,20260207,498.5705128205128,3.59,13.355976779999999,58.6691763005208,1.9288458211889765,8.497997569817997,25.76162,498.570526123047,12170,248,0.006199378533951403,0.0468277945619335,0.051670965966802526,1.0000000000000002,-0.4627170414515386,1.3671302988831255
61630077,20260207,1000.0,30.15,0.45239702999999837,0.0,12.688986928141459,0.0,5.740459999999999,0.0,8913,0,0.0014324515444698017,0.0,0.0057404599999999984,0.0,-0.5791380786686082,-1.0
61642024,20260207,20.98801,12.13,2.5296678399999997,0.9650363493415888,7.168751451573975,21.748391832516656,18.13456,20.988010406494134,191357,33,0.02518949017336475,0.0454545454545454,0.8640438040576501,0.9999999091219972,-0.40900647555037306,0.792942425995934
61652353,20260207,1000.0,2.76,53.638024000000044,275.9371062853237,0.8649744442487286,3.62401421772529,46.395520000000005,1000.000000000002,1590250,1461,0.07337606009431263,0.0392363061587227,0.04639552,1.000000000000002,-0.6866034622287215,0.3130486341476441
61663854,20260207,141.18399000000002,3.6,47.95950828,26.5928688762408,2.476000781882912,5.309091915824227,118.74778,141.18399047851562,5127,35,0.004582588487665355,0.058578431372549,0.8410853100270079,1.0,-0.3122220050325244,0.4747477934630933
61697828,20260207,82.3529411764706,1.9,5.539783079999999,22.69805366001057,1.4736587844880022,3.628193898285897,8.16375,82.35294342041014,4965,50,0.003538088790707618,0.0668435013262599,0.09913124999999999,0.9999999999999998,-0.2243901134273672,0.9095757599019638
61702785,20260207,0.8682062858135093,52.0,0.0372381799999999,0.0611105069349935,0.0,14.206919549734591,0.0,0.868206262588501,133808,4,0.004937418821584602,4.535362239706292e-05,0.0,0.9999988329066234,-1.0,-0.7267900086589502
61709401,20260207,15.873015873015872,8.1,1.6325031599999984,0.0,2.87170041373764,0.0,4.68806,0.0,2118,0,0.005498442367601246,0.0,0.29534778000000006,0.0,-0.6454690847237481,-1.0
61709841,20260207,197.8021978021978,3.6,0.3534913699999999,7.65596253483185,3.192298584262468,25.836356118658976,1.12845,197.80220031738287,9560,78,0.0032396895862279304,0.7572815533980582,0.005704941666666666,1.0000000000000002,-0.11325039326042563,6.176765778635749
61736578,20260207,1000.0,23.79,13.92317826,17.493369434668402,22.28128407227618,57.16451290702658,310.22628999999995,999.9999999999992,286701,338,0.004583234086225887,0.0438391699092088,0.31022628999999996,0.9999999999999992,-0.06341807178326272,1.4028798111443634
61768085,20260207,40.32258064516129,2.3,2.802410779999999,4.002726852276634,1.792842090052195,10.073775618279605,5.02428,40.32258224487305,23636,17,0.02418747441670078,0.5666666666666667,0.12460214400000001,1.0,-0.2205034391077412,3.3799025335346227
61777401,20260207,4432.506930000003,300.0,11.881192509999998,0.4246491449999999,227.87231228862566,400.3515646980411,2707.39481,170.00935,694307,13,0.013002977751142408,1.7609817845035252e-05,0.6108044167231562,0.0383551241526832,-0.24042562570458112,0.334505215660137
61795733,20260207,47.716910000000006,13.34,2.913293729999999,2.294183140691116,3.5670965453936576,20.79907644272329,10.392,47.71691131591797,177887,33,0.006695107584955795,0.0455177573297619,0.21778442904203138,1.0,-0.7326014583662926,0.5591511397912824
61798105,20260207,45.45454545454545,8.0,10.374591689999999,2.692020957759857,2.458500610157507,16.884908362785946,25.50594,45.45454406738282,15819,36,0.04744751049790042,0.0835597826086956,0.56113068,1.0000000000000002,-0.6926874237303116,1.1106135453482433
61810671,20260207,83.33333333333333,10.0,0.0028838699999999997,2.5480459029837825,5.617451549480386,32.704788824287675,0.0162,83.33333587646484,5158,21,0.14653409090909092,0.21,0.0001944,1.0,-0.43825484505196144,2.270478882428768
61831943,20260207,104.30993,5.6,47.090962860000005,9.763572964948134,1.9429874532830904,10.683580548324048,91.49715,104.30992889404295,9182,21,0.0035209755349336607,0.0333333333333333,0.8771662486975115,1.0,-0.6530379547708767,0.9077822732614896
61834352,20260207,139.53488372093022,8.1,21.142283720000002,9.40963868756467,4.583750331016748,14.828929292181034,96.91095,139.5348815917969,3701,32,0.003429709943471411,0.0384153661464585,0.694528475,1.0000000000000002,-0.4341048974053398,0.8307319251620033
61861065,20260207,125.0,2.8,12.378150309999999,6.198385859551503,1.112624233434438,20.166537331786444,13.77223,124.99999999999991,251668,202,0.031950538289660775,0.0830275245229161,0.11017784,0.9999999999999994,-0.6026342023448436,6.202334884007334
61869045,20260207,593.0689100000001,13.49,11.021867570000008,18.560199775800832,13.759977520760566,31.95379812187492,151.66065,593.0689086914061,185192,196,0.012635744599555137,0.0571428571428571,0.255721801367062,0.9999999999999998,0.020013159433696526,1.3687026437381713
61879187,20260207,66.1471,54.0,1.5291670999999987,0.7033848372759496,43.25694686996604,94.0409926536614,66.1471,66.14710235595705,840301,281,0.011986183739433828,0.0106409834454417,1.0,1.0000000000000002,-0.19894542833396217,0.7414998639566924
61880373,20260207,461.1956700000001,1.01,559.35460876,128.00268122901738,0.583894375562631,3.6030157390435353,326.60401,461.1956787109378,110215,462,0.010199048711874445,0.6328767123287671,0.7081679886543599,1.0000000000000009,-0.42188675686868216,2.567342349568676
61887714,20260207,555.5555555555555,11.1,0.1607658499999996,2.4138607642,0.0,201.9152037737058,0.0,487.39539,1021,14,0.2430952380952381,0.4045454545454545,0.0,0.8773117234187432,-1.0,17.19055827338365
61894872,20260207,59.70149253731344,5.1,1.1046315399999997,3.4119700395260706,8.226643610049376,17.497655055672144,9.087409999999998,59.7014923095703,5999,15,0.004337358108596631,0.6,0.15221411749999994,0.9999999999999998,0.6130673745194856,2.430912820170488
61914746,20260207,20.83333333333333,11.0,0.3186287699999997,1.004144635584146,2.3789753825431417,20.747323128080662,0.75801,20.83333396911621,17018,57,0.002918138482115299,0.7125,0.036384480000000004,0.9999999084472768,-0.7837295106778961,0.8861202843709693
61915131,20260207,1000.0,20.52,0.755107939999999,0.0,8.749662995200406,0.0,6.60694,0.0,3623,0,0.01010599721059972,0.0,0.0066069399999999995,0.0,-0.5736031678752238,-1.0
61917856,20260207,183.66036000000005,3.5,39.25839492,29.37174181371045,1.1879578901541092,6.252960737778452,46.63732,183.66035461425784,11011,40,0.005503023639362287,0.0532988984169968,0.25393242178116165,1.0000000000000002,-0.6605834599559687,0.7865602107938433
61921752,20260207,50.0,2.83,5.9115299199999995,6.375809966239405,1.2549610845917871,7.842139653254358,7.41874,50.00000000000002,2278,78,0.0029458166300271563,0.1947391688770999,0.1483748,1.0000000000000004,-0.5565508535011353,1.7710741571273985
61927008,20260207,347.65362000000005,1.0,307.94050145,267.14179360039407,0.7964333981570192,1.3013823838696652,245.2541,347.6536254882813,52743,50,0.04114760493056639,0.8771929824561403,0.7054553322355739,1.0000000000000002,-0.2035666018429808,0.3013823838696652
61939692,20260207,1000.0,1.29,9.942765969999998,246.0537345587,1.21084414903512,2.055645726944607,12.039139999999998,505.7993101,3112,118,0.031182364729458917,0.0284286688387765,0.012039139999999999,0.5057993101,-0.061361124778976726,0.5935238664594715
61944621,20260207,147.54098360655738,7.1,9.787200359999998,12.572372997896354,2.3385574176597324,11.735332176095689,22.887929999999997,147.54098510742185,2033,22,0.002781121751025992,0.0809523809523809,0.15512930333333333,0.9999999999999998,-0.6706257158225729,0.6528637089753597
61946302,20260207,17.54385964912281,10.0,0.0284664499999998,0.765141836432909,0.0,22.92886850199224,0.0,17.54385948181153,2839,70,0.001992700217589668,0.8235294117647058,0.0,0.9999998912811392,-1.0,1.292886850199224
61947448,20260207,142.85714285714286,25.0,0.00273055,0.0,0.0,0.0,0.0,0.0,2821,0,0.020973977695167286,0.0,0.0,0.0,-1.0,-1.0
61974075,20260207,127.96638000000002,1.28,79.44294961,36.3061409827,0.9657286187966856,1.780715506230499,76.72032999999999,64.65091,4271,16,0.006751501738855517,0.0200244129272262,0.5995350497529115,0.505217943847092,-0.2455245165650894,0.3911840203379633
61981383,20260207,103.8961038961039,4.0,30.162857709999994,16.848304440250047,2.3545835969134377,6.166560979899442,71.02097,103.89610290527344,3839,19,0.0017016843971631205,0.0397736330304479,0.6835768362500001,1.0,-0.4113541007716406,0.5416402449748605
61991620,20260207,42.08653000000001,1.92,10.99126112,12.8577971500502,1.0846980951354197,3.2732298552930583,11.9222,42.08652877807617,3853,9,0.005161419959812458,0.2903225806451613,0.28327828404955213,1.0,-0.4350530754503022,0.7048072544038795
61992618,20260207,83.12442,4.0,9.788109599999999,11.892109269334949,3.4120040911679212,6.989879700355676,33.39707,83.12442016601561,4399,25,0.04470528455284553,0.125,0.40177206649983244,0.9999999999999998,-0.1469989772080197,0.747469925088919
62027377,20260207,2104.15374,13.5,184.01624725,72.26126878644517,10.056164700967727,29.11869407792288,1850.4976899999997,2104.1538085937486,515431,430,0.018754061498269883,0.0347222222222222,0.8794498495152733,0.9999999999999992,-0.2550989110394276,1.1569403020683615
62034028,20260207,313.8476000000001,2.57,108.55843762000006,63.102746876192896,1.8011911767231996,4.973596329443691,195.53449999999998,313.84759521484364,28096,205,0.0038723726827923645,0.0990410919569631,0.6230237223416712,0.9999999999999996,-0.2991474020532297,0.935251540325163
62054606,20260207,13.043478260869565,6.2,1.0990061199999988,0.1752371426320653,1.5146321478173406,74.43287069911142,1.66459,13.043478012084964,39204,11,0.009777533918595371,0.5238095238095238,0.12761856666666668,0.9999999268849732,-0.7557044922875258,11.005302094990496
62086487,20260207,49.43966,8.0,0.5063748299999995,2.998263463751351,1.34088418257282,16.4894257048942,0.67899,49.43965911865235,2641,6,0.0007080998471726949,0.5,0.013733710951895704,1.0000000000000002,-0.8323894771783975,1.0611782131117748
62095724,20260207,12.5,10.5,0.24413513999999892,0.1203011833667517,1.9979508070816934,103.90501360970862,0.48777000000000004,12.500000000000004,2214,22,0.0005013814031432583,0.0753424657534246,0.039021600000000004,0.999999923706061,-0.8097189707541245,8.895715581877012
62097829,20260207,17.931050000000003,1.97,1.8195641399999993,0.3233763776666311,1.8374510282446,55.44930036945532,3.34336,17.93104934692382,5353,32,0.0009055384511283283,0.8648648648648649,0.1864564540280686,0.999999893628733,-0.06728374200781728,27.14685257064336
62098540,20260207,25.64102564102564,13.15,0.8453693999999992,1.0743079029855664,5.758736949787874,23.867460720054545,4.86826,25.64102554321289,62481,37,0.0020591230411785063,0.5285714285714286,0.18986214000000004,0.9999999256134088,-0.5620732357575762,0.8150160769907401
62103297,20260207,2.336448598130841,2.96,0.5465646999999999,0.4201229301987927,0.3559322437032616,5.561332029641924,0.19454000000000002,2.3364486694335938,8076,3,0.07833171677982541,0.75,0.08326312000000001,0.9999995918275716,-0.8797526203705197,0.8788283641791587
62103431,20260207,2.336448598130841,3.01,0.2243449599999997,0.4740665755948561,0.934186353016356,4.928513970823331,0.20958,2.3364486694335938,3713,14,0.20627777777777778,0.5714285714285714,0.08970024,0.9999995918275716,-0.6896390853766259,0.6373800619397355
62108188,20260207,46.08294930875576,52.0,0.10987818999999929,0.0086991219,20.17943688369834,44.022371686539245,2.2172799999999997,0.383,155760,1,0.008314916242272829,4.926885026211028e-06,0.048114976,0.0083110997685583,-0.6119339060827242,-0.1534159291050145
62110322,20260207,50.68064999999999,1.96,13.75778575,11.833901901730757,2.069432575659931,4.282665594315355,28.47081,50.68064880371095,62855,52,0.07342016119612195,0.0475270342299716,0.5617688407705901,1.0000000000000002,0.05583294676527105,1.185033423960686
62110977,20260207,118.0,9.1,6.754455839999997,2.081026480120562,3.73756533435268,56.70275915489775,25.24522,118.0,438721,22,0.03988590286742913,0.0057009953058485,0.21394254237288135,1.0,-0.5892785346865187,5.231072173399159
62112393,20260207,11.67876,9.0,0.2765422499999996,0.7351479724328293,8.383818385798204,15.886248927535878,2.31848,11.678759574890137,1385,1,0.001233193838482771,1.0,0.19852107586764348,0.9999999403953552,-0.06846462380019958,0.7651387697262086
62112636,20260207,118.0,8.1,1.758430279999998,0.0246936234,2.913416618371702,11.5709397698286,5.12304,0.28574,1379,2,0.0010908084163898117,0.0006775067750677,0.04341559322033898,0.0024215254237288,-0.6403189360034935,0.4285110154191227
62112649,20260207,170.84410000000003,9.0,18.034290420000005,6.643614305743183,3.997236282723675,25.715531843702564,72.08732,170.84410095214858,78439,50,0.036973367900070706,0.0639497629117006,0.4219479630844729,1.0000000000000009,-0.555862635252925,1.857281315966952
62123023,20260207,237.2979400000001,2.34,220.11151707,52.742050642274336,1.07469006233223,4.499217146968797,236.55166,237.2979431152345,19017,85,0.0008044280130623848,0.6159420289855072,0.9968550928002152,1.0000000000000004,-0.5407307425930641,0.9227424410252584
62141016,20260207,133.90189999999998,12.42,19.187915150000002,4.635338921791246,6.019843693127859,28.887180552957844,115.50825,133.90190124511722,7910,21,0.0018851286939942802,0.0162790697674418,0.8626333905642863,1.0000000000000002,-0.5153104916966297,1.3258599336158463
62141274,20260207,284.49023000000017,3000.0,0.758970299999999,0.0,374.01028735907107,0.0,283.8627,0.0,45402,0,0.007887358198843007,0.0,0.9977941949008227,0.0,-0.8753299042136429,-1.0
62141661,20260207,4.433497536945813,2.7,0.6754590699999994,0.7495137302356636,0.8644491219875108,5.915157167758472,0.5839000000000001,4.433497428894043,9488,5,0.2657703081232493,1.0,0.1317018888888889,0.9999997848935008,-0.6798336585231441,1.1907989123307552
62141774,20260207,3.886010362694301,2.03,0.0389869299999996,0.7270375197773521,0.0,5.344985585621432,0.0,3.886010408401489,3969,5,0.009994963485268194,1.0,0.0,0.9999997545878724,-1.0,1.6329978625379826
62145179,20260207,10.638297872340424,10.0,0.0263947999999999,0.7203400992934168,5.128282843590424,14.76841741378228,0.13536,10.638298034667969,1595,2,0.0008828739067862283,1.0,0.012723840000000004,0.9999999103546235,-0.4871717156409576,0.4768417413782281
62145770,20260207,1.3192612137203166,2.27,0.7477690899999994,0.0977196653965729,1.034811428217768,13.500329617298304,0.7738,1.3192611932754517,36887,4,0.02167273795534665,0.5714285714285714,0.5865404000000001,0.9999992771153796,-0.5441359347058291,4.947281819706477
62150859,20260207,1.2315270935960592,5.6,0.0136458099999996,0.0001842501692799,0.0,6647.913439752392,0.0,1.2315270900726318,11370,1,0.17020958083832335,1.0,0.0,0.999999225139618,-1.0,1186.127420172444
62161066,20260207,25.074780000000008,1.94,27.253421699999997,1.2331904707586157,0.9091779473694491,20.33324111062245,24.77821,25.074779510498043,72252,23,0.011391542900387854,0.4259259259259259,0.9881725781841354,0.9999999239335888,-0.5313515735209025,9.48105180973807
62164374,20260207,8.309009999999999,2.51,5.170598479999997,2.0427691344397614,1.577384132909892,4.067520575084547,8.156020000000002,8.309009552001957,47991,23,0.09854414784394251,0.5476190476190477,0.9815874574708663,0.9999998852240816,-0.3715601064104015,0.6205261316888799
62171512,20260207,62.5,15.0,1.5066085199999992,0.948964060338188,4.675620711344446,65.86122357099904,7.0443299999999995,62.49999999999999,1122,9,0.0019428571428571429,0.0054878048780487,0.11270928,1.0,-0.6882919525770369,3.3907482380666027
62187452,20260207,3.25476,380.0,0.0138394999999995,0.0,99.38364825319194,0.0,1.37542,0.0,1199,0,0.001906200317965024,0.0,0.42258722609347543,0.0,-0.7384640835442318,-1.0
62204387,20260207,89.88764044943821,7.0,4.121756329999999,6.21466665209436,5.0488938049377605,14.463789045331474,20.810309999999998,89.88764190673828,1330,24,0.011280746395250212,0.1404532967032967,0.23151469874999997,1.0,-0.2787294564374628,1.0662555779044962
62210221,20260207,41.66666666666666,12.0,7.524852289999998,1.2477975698688886,4.971173992307031,33.39214272589725,37.407349999999994,41.66666793823239,559609,55,0.012481771687175609,0.0818452380952381,0.8977764,0.9999999999999992,-0.5857355006410808,1.7826785604914377
62243266,20260207,1.32579105532968,26.0,0.0029903999999998996,0.0305690135632132,0.0,43.36900271824836,0.0,1.3257910013198857,1780,9,0.016808309726156753,0.072452636968766,0.0,0.9999992806757408,-1.0,0.6680385660864754
62243688,20260207,1032.14053,5.5,297.12176547,145.64989520543867,3.4096952082841963,7.086448599138421,1013.0946599999999,1032.1405029296873,65490,186,0.0071972569318519,0.0049422716657484,0.9815472123742685,0.9999999999999998,-0.38005541667560067,0.2884451998433493
62254595,20260207,6.25,6.78,0.00105222,0.1659859292603769,0.0,37.653567228753765,0.0,6.249999999999999,3063,10,0.002160541722508288,0.7142857142857143,0.0,0.9999998474121324,-1.0,4.55362331320903
62256963,20260207,29.98952,9.0,0.21673147999999937,1.8453444323513797,1.8715786003952963,16.25143921214219,0.40563,29.98951911926269,4045,3,0.002596944016435542,0.75,0.013525724986595317,0.9999999363994968,-0.7920468221783004,0.8057154680157991
62259395,20260207,359.21541,2.06,279.33086143,97.8401878479918,1.201357087011651,3.671450636119221,335.57610999999997,359.2154235839842,42563,239,0.010578337806939059,0.0957615524842415,0.9341918544084731,0.9999999999999996,-0.4168169480525966,0.7822576398547674
62269771,20260207,313.4800300000003,1.5,218.52118453999998,148.69976742771706,1.281411459440188,2.108140751115487,280.01555,313.4800415039064,138696,47,0.14471619365609348,0.9591836734693876,0.8932484471179863,1.0000000000000004,-0.14572569370654134,0.4054271674103245
62285840,20260207,23.80952380952381,1.19,0.6947140099999998,3.9603018614659824,0.7779172324450462,6.012046393673856,0.54043,23.80952453613281,2904,13,0.0005787858253278591,0.9285714285714286,0.02269806,0.9999999198913664,-0.346288039962146,4.052139583687487
62297437,20260207,6.289308176100629,58.0,0.036082419999999296,0.0,14.352418712492403,0.0,0.51787,0.0,3843,0,0.029157814871016693,0.0,0.08234133,0.0,-0.7525445049570275,-1.0
62326550,20260207,40.32258064516129,2.3,0.6950244499999997,5.683169440438174,4.5268767163514925,7.0950858622786885,3.1462900000000005,40.32258224487304,8543,26,0.009443953128454566,0.7647058823529411,0.07802799200000002,0.9999999999999998,0.9682072679789099,2.0848200040758127
62326559,20260207,40.32258064516129,2.3,0.8333575799999995,5.85896367288757,0.0,6.882202657999678,0.0,40.32258224487305,6016,19,0.01201517874975035,0.8958333333333334,0.0,1.0,-1.0,1.99226208725298
62326943,20260207,120.62792,2.1,65.14375743000001,30.74196108470431,0.8276395487001923,3.923884940256432,53.91555,120.62792205810548,13051,54,0.017821930902635532,0.5294117647058824,0.44695747054247476,1.0000000000000002,-0.6058859291903845,0.8685167230724157
62336447,20260207,1.32579105532968,26.0,0.013772849999999802,0.0399797749694549,0.0,33.16071292596956,0.0,1.3257910013198857,10092,11,0.02028135048231511,0.3055555555555556,0.0,0.9999992806757406,-1.0,0.2754120356142139
62338437,20260207,151.5151515151515,52.0,0.869796189999997,0.0,13.602577403793918,0.0,11.83147,0.0,841481,0,0.02165416881111683,0.0,0.07808770200000001,0.0,-0.7384119730039631,-1.0
62367731,20260207,72.79249000000002,15.0,2.2769717699999985,1.8676221484461264,11.811376124351344,38.97600442504064,26.894170000000003,72.79248809814455,33383,20,0.008282184235988786,0.0378787878787878,0.3694635257016211,1.0000000000000002,-0.2125749250432437,1.598400295002709
62370833,20260207,248.92276000000004,8.02,32.929337829999994,12.216436616024763,7.4122094789781565,20.37605133621312,244.07914999999997,248.92276000976557,16934,34,0.0036212390137501872,0.0333333333333333,0.9805417150283885,0.9999999999999996,-0.07578435424212507,1.5406546350615613
62371800,20260207,264.7058823529412,1.58,27.10017516,43.45519453582228,0.8880702747457814,6.091466585711735,24.06686,264.70587158203114,9483,194,0.014819503047351149,0.2380275048015247,0.09091924888888887,0.9999999999999996,-0.4379302058571004,2.855358493833986
62382189,20260207,100.0,13.32,1.440011719999999,5.4736711385973615,2.5911802995603415,18.269271061168308,3.7313300000000003,100.00000000000004,184779,170,0.001389972107130284,0.1416666666666666,0.0373133,1.0000000000000002,-0.8054669444774518,0.3715669279082069
62390621,20260207,27.77777777777778,2.99,6.15675128,5.639492026111793,1.2665624523977845,4.925580809635286,7.797909999999999,27.77777862548828,2863,10,0.013303903345724908,0.0649350649350649,0.28072475999999996,0.999999931335456,-0.5764005175927143,0.6473514360952904
62408382,20260207,15.62024,6.06,5.834387239999998,1.7913980075872415,2.512819152538803,8.71957623361925,14.66076,15.62024021148682,536599,43,0.3100652952733156,0.1043942123369407,0.9385745673561994,0.9999999389462492,-0.5853433741685143,0.4388739795300792
62425774,20260207,14.70207,2.61,0.512991599999999,1.050268661765961,0.9221008687081835,13.998376580244612,0.47303000000000006,14.702070236206051,23960,18,0.02187328829651269,0.6726190476190477,0.03217438088650102,0.9999999351333356,-0.6467046480045273,4.363362889993781
62428947,20260207,32.35294117647059,10.1,0.14758721999999969,0.6843418631396321,4.946634268197488,47.27592168826586,0.73006,32.35293960571289,23407,21,0.017271989374262102,0.4437340153452685,0.02256549090909091,1.0,-0.5102342308715359,3.680784148781031
62435576,20260207,363.6363636363636,104.43,0.34070405999999875,0.0,22.91088048671926,0.0,7.805829999999999,0.0,11706,0,0.006803045272272912,0.0,0.0214660325,0.0,-0.7806101648308028,-1.0
62440154,20260207,11.11111111111111,6.81,0.0114356,0.0651058583686589,3.1498128650879704,170.65960431296912,0.036019999999999996,11.11111068725586,134734,8,0.039243293624209946,0.5333333333333333,0.0032418,0.9999999141693156,-0.537472413349784,24.060147686772726
62450179,20260207,139.06444000000005,11.0,10.378513549999996,5.182086753450611,12.486475002000653,26.83560072359093,129.59105,139.06443786621094,15568,38,0.0026618336012037068,0.0372549019607843,0.9318776964118214,1.0,0.1351340910909684,1.4396000657809938
62456302,20260207,10.454783063251435,9.0,1.3220808099999997,0.957512209529312,4.990753931297135,10.91868324696588,6.598179999999999,10.45478343963623,4304,4,0.0013423572341951782,0.6666666666666666,0.631115917,0.9999999087810632,-0.4454717854114294,0.2131870274406533
62462575,20260207,51.30043,10.0,1.302296579999999,3.0016805489,4.359214396462597,14.222138259684591,5.67699,42.69033,11007,27,0.0034054204566549098,0.0014258555133079,0.11066164552616811,0.8321631953599392,-0.5640785603537404,0.4222138259684593
62463469,20260207,223.48889000000003,10.0,25.21536293,8.790992577783369,8.189880533280114,25.422483775481812,206.51081000000002,223.4888916015625,31814,55,0.006617439054829853,0.042016806722689,0.9240316599183074,1.0,-0.1810119466719886,1.5422483775481814
62465463,20260207,469.2045099999999,4.78,106.12060824999999,37.927701158497655,4.069732798577321,12.371023594580976,431.88252,469.2044982910143,4881766,352,0.08436022610039037,0.1535106846925425,0.920456881371409,0.9999999999999972,-0.14859146473277812,1.5880801363138397
62469263,20260207,1466.2635899999996,7.6,182.21347595999993,57.62263344692885,4.836374946238639,25.44596518153182,881.2526900000001,1466.2635498046875,474263,350,0.007028242609618315,0.0353858640427854,0.6010192819423419,1.0000000000000002,-0.3636348754949159,2.348153355373238
62474596,20260207,1000.0,2.77,0.7771889399999993,131.08110687680863,0.1782320782897401,7.628864419881244,0.13852,1000.0000000000005,25049,1803,0.0033319144973995396,0.8980922356885477,0.00013852,1.0000000000000004,-0.9356562894260867,1.7541026976215104
62497963,20260207,479.75704,1.0,508.4812406699999,356.1840084484163,0.8405779128386582,1.3469359567923749,427.4181,479.7570495605469,172994,75,0.11075869133747358,0.9146341463414634,0.8909053215769381,1.0000000000000002,-0.15942208716134176,0.3469359567923749
62516634,20260207,17.806910000000002,12.0,1.0020338499999992,0.85189251239445,10.48906681146551,20.90274113146684,10.5104,17.806909561157223,74440,45,0.0067361638976363705,0.5421686746987951,0.5902427765401184,0.9999998928871724,-0.1259110990445409,0.741895094288903
62522391,20260207,551.4975700000001,4.91,104.57649042999999,40.849780906006885,3.847171752902743,13.50062430841652,402.32372000000004,551.4975585937498,4134875,379,0.08061819550162216,0.2090457804743519,0.7295113195149707,0.9999999999999996,-0.21646196478559204,1.74961807087066
62524259,20260207,100.0,6.5,2.4040944999999994,0.9193607493240626,3.2069704414697515,108.77111221292648,7.70986,100.0,54331,64,0.006929355797314015,0.0526850285325273,0.0770986,1.0,-0.5066199320815767,15.734017263527148
62527634,20260207,156.86274509803923,7.1,7.121498639999998,8.445537229255685,3.71790704996891,18.573445875717415,26.477069999999998,156.86274719238276,2811,74,0.0040422778257118205,0.115282392026578,0.16879132124999996,0.9999999999999996,-0.4763511197226887,1.6159783274924722
62529276,20260207,107.15096,6.71,4.973098589999998,3.3919783317613863,3.0067732882005873,31.589509354099896,14.95298,107.15096282958984,141631,67,0.008479882648784577,0.0776680100072712,0.13955059292049274,1.0,-0.5518966783605682,3.707825510359256
62537183,20260207,1000.0,19.0,5.247883999999996,20.39188561967292,16.335054280925426,49.03911141969857,85.72447,1000.0000000000008,58807,458,0.001917755058781327,0.0700325861852183,0.08572447,1.0000000000000009,-0.14026030100392492,1.5810058641946616
62537340,20260207,1000.0,2.56,23.62376996000001,178.41877351064835,1.2114840285212456,5.604791327273228,28.619819999999997,999.9999999999995,1048631,2133,0.011972450249466245,0.1127239363855159,0.028619819999999997,0.9999999999999996,-0.5267640513588885,1.1893716611523746
62543564,20260207,1000.0,32.62,0.4121149299999988,0.0,32.585885689703204,0.0,13.42913,0.0,2011,0,0.0027315946753599567,0.0,0.013429130000000001,0.0,-0.00104580963509483,-1.0
62552000,20260207,28.349000000000004,1.04,43.49290014,12.36951692389095,0.6384642070456329,2.291843635719368,27.768659999999997,28.34900093078612,71404,49,0.051896213387600844,0.6981481481481482,0.9795287311721752,0.9999999327190215,-0.3860921086099684,1.2036958844073986
62552558,20260207,118.0,11.0,2.2494264799999995,5.224522786006143,5.807711483862323,22.58579055876103,13.06402,118.0,1704,45,0.006360582306830907,0.1761633428300095,0.11071203389830508,1.0,-0.47202622873978883,1.0532536871600937
62559786,20260207,10.454783063251435,7.8,0.6594465799999987,0.953462689794517,6.573587810554736,10.96505672060712,4.33493,10.45478343963623,3243,2,0.0021246069182389938,1.0,0.4146360545000001,0.9999999087810632,-0.157232331980162,0.4057764682662227
62621349,20260207,1.25,3.15,0.6255034799999991,0.0314564453083969,0.817645331085929,39.73622103592554,0.51144,1.25,21664,4,0.12818934911242605,0.25,0.409152,0.9999992370611288,-0.7404300536235146,11.61467296282431
62626344,20260207,999.4573299999998,4.41,231.98193855999997,94.60940077087086,3.9039427621894944,10.564038221553396,905.6442099999999,999.4573364257814,4846691,624,0.13283627782558885,0.2868965517241379,0.9061359427920751,1.0000000000000002,-0.11475220812029607,1.395473602511034
62630587,20260207,7.25892,1.96,1.5839314599999992,0.0853046628973516,2.1626882769283475,85.09306353381449,3.42555,7.258920192718506,18733,4,0.06058538163001294,0.5,0.47190904432064273,0.999999868620378,0.10341238618793243,42.41482748860727
62632452,20260207,1000.0,300.0,0.6336520499999971,0.0,106.2013292626455,0.0,67.29469,0.0,21837,0,0.0048997038233710285,0.0,0.06729469,0.0,-0.645995569124515,-1.0
62637401,20260207,70.21918999999998,10.5,10.540656519999999,5.1570173563870325,6.729086548396514,13.61623861934008,70.92899,70.21919250488281,11674,4,0.004179735051915503,0.0357142857142857,1.010108347874705,1.0,-0.35913461443842726,0.2967846304133408
62640299,20260207,179.92026000000004,5.5,68.36117978,17.34993374655227,2.558909172763841,10.370082665821702,174.93005,179.92025756835935,12430,49,0.006127680552132118,0.04688995215311,0.9722643242067345,1.0,-0.5347437867702107,0.8854695756039458
62644097,20260207,48.88049,9.4,6.693235189999998,3.3376082558646365,5.857136181105869,14.645360077269537,39.20319,48.880489349365234,11134,6,0.0026967326277036355,0.0714285714285714,0.8020212154174395,1.0,-0.37690040626533317,0.558017092724031
62658588,20260207,4.545454545454546,2.01,0.2017653299999995,0.3074705674845056,0.0,14.78333277867968,0.0,4.545454502105713,10142,2,0.011223992917220009,1.0,0.0,0.9999997901916924,-1.0,6.354891964587759
62665519,20260207,354.54545454545456,2.61,25.28079539,46.77883116247961,1.5743673957245692,7.579185376889366,39.80126,354.5454406738274,15789,637,0.008859772178890073,0.3041783624274032,0.1122599641025641,0.999999999999998,-0.3967941012549543,1.903902559969681
62676303,20260207,416.91595,2.04,56.357969910000016,119.7294527727244,1.4724080752467967,3.482150310158864,82.98193,416.9159545898436,6661,159,0.005170780934637478,0.0943882180821511,0.19903755181350102,0.9999999999999996,-0.27823133566333497,0.7069364584673148
62681129,20260207,48.53814999999999,48.0,2.193455649999998,0.5715339787555783,14.018943122921144,84.92594957711464,30.74993,48.53815078735353,8052,34,0.004581768521679754,0.0032060348892032,0.6335208490640869,1.0000000000000002,-0.7079386849391428,0.7692906161898883
62693338,20260207,49.58663000000001,1.83,5.146988039999998,9.139456665755745,1.5020648853110607,5.425555168409658,7.731109999999999,49.58663177490234,62999,49,0.07116118829775217,0.1430807356201904,0.15591118009027832,1.0,-0.1791995162234641,1.9647841755054232
62694436,20260207,89.88764044943821,7.1,18.698880709999997,6.817665883660864,1.8978055719143634,13.184516556853474,35.48684,89.8876419067383,1926,14,0.004319354115272483,0.0588235294117647,0.394791095,1.0000000000000002,-0.7327034405754418,0.8569741878800469
62695450,20260207,4.3478260869565215,2.44,0.3593056899999997,0.2218792038873767,1.0693401487741547,19.595375918417737,0.38422,4.34782600402832,5850,5,0.2611607142857143,1.0,0.08837060000000001,0.9999997806549512,-0.56174584066633,7.030891581510834
62699077,20260207,44.67285000000001,60.0,1.0580723799999983,0.0,34.75645021562708,0.0,36.77484,0.0,3010,0,0.0035927428980663642,0.0,0.8232033550579376,0.0,-0.4207258297395486,-1.0
62708257,20260207,392.89094,1.85,310.1368070499999,93.8923128880762,1.2143733070008726,4.184484479146232,376.62185999999997,392.8909301757811,27589,172,0.001176899680489376,0.0893112123478615,0.9585913587114021,0.9999999999999996,-0.34358199621574453,1.2618834730912043
62715156,20260207,100.03554,1.47,80.51573367,22.46147146238152,0.9892120008052085,4.453650039518384,79.64713,100.03553771972652,9468,30,0.004812932086213908,0.6818181818181818,0.7961883346658598,0.9999999999999996,-0.3270666661189057,2.0296938454681275
62719226,20260207,1000.0,1.5,0.9098026499999986,17.969052090126517,0.6072086072732377,55.65123520890876,0.55244,999.9999999999995,5223,516,0.0022071501014198783,0.6944514233702922,0.0005524400000000001,0.9999999999999996,-0.5951942618178415,36.10082347260584
62719771,20260207,19.466780000000004,160.0,0.13359869999999863,0.0,88.12675572442039,0.0,11.773620000000001,0.0,3794,0,0.013492176386913229,0.0,0.6048057254461189,0.0,-0.44920777672237255,-1.0
62730483,20260207,83.33333333333333,16.0,0.2413561299999997,0.3104033504,3.1298977158773673,24.18989936940008,0.75542,7.50865,1254,6,0.003365539452495974,0.0008367404200737,0.00906504,0.0901037972502503,-0.8043813927576645,0.5118687105875048
62733626,20260207,33.333333333333336,36.0,0.08459705999999889,0.0779844517,1.1628063670297915,315.0563273585553,0.09837,24.56981,21399,8,0.09199914015477215,0.0055921648610473,0.0029511,0.7370943281179172,-0.9676998231380612,7.751564648848758
62746245,20260207,272.72727272727275,7.1,2.0544277699999984,7.67987939147016,3.1640635387244616,35.51191561618691,6.50034,272.7272644042968,57735,135,0.029068069680797504,0.0457646697602321,0.023834579999999998,0.9999999999999998,-0.5543572480669772,4.00167832298368
62750176,20260207,147.54098360655738,7.1,13.391760140000002,12.773332643561623,3.9217234665913003,11.55070314645618,52.51878000000001,147.54098510742185,2316,31,0.0029860752965446104,0.0254934210526315,0.35596062000000006,0.9999999999999998,-0.44764458217023934,0.6268596199444514
62753184,20260207,165.83097,21.6,9.966304629999998,2.594103361671137,16.084771231802094,63.92609548982693,160.30572999999998,165.83096313476568,8657,175,0.019388577827547594,0.1129753754829145,0.9666814950186927,1.0000000000000004,-0.25533466519434755,1.959541405594976
62758884,20260207,83.33333333333333,26.4,0.25335120999999916,2.3066987613228616,0.9222770240568445,36.12665040927314,0.2336599999999999,83.33333587646482,56280,20,0.006387542702788592,0.0201816347124117,0.002803919999999999,0.9999999999999996,-0.9650652642402711,0.3684337473973177
62759058,20260207,1000.0,31.5,32.574883729999996,20.007050447864632,15.366511025763225,49.98237759351244,500.56231,1000.0,4262135,548,0.06937102557466915,0.0424719307300851,0.5005623100000001,1.0,-0.5121742531503739,0.5867421458257918
62759116,20260207,1000.0,30.0,20.775714540000003,26.58355470253225,20.264739351775862,37.617240191263946,421.01444000000004,1000.0,37958,327,0.08008016877637131,0.1033328727140402,0.42101444000000005,1.0000000000000002,-0.3245086882741379,0.2539080063754648
62766768,20260207,34.31616,50.63,0.9474606899999991,0.0076444346,23.51535027801525,354.9530068571904,22.279870000000003,2.71377,8028,3,0.023577092511013215,0.0010769210302256,0.6492530049982282,0.0790814046460699,-0.5355451258539354,6.010724854215452
62781570,20260207,1.32579105532968,26.0,0.0087054899999999,0.0204998491999999,0.0,50.43742285563469,0.0,1.03401,7729,5,0.011758709873725848,0.00133547008547,0.0,0.7799187467573088,-1.0,0.9399008790628728
62782340,20260207,292.4077699999999,25.0,8.833024349999995,4.382268466037603,11.462082067055556,66.72519299533118,101.24485000000001,292.407775878906,2683616,490,0.043072863583616484,0.0530877573131094,0.3462454161187305,0.9999999999999992,-0.5415167173177777,1.6690077198132474
62785644,20260207,316.29635,10.0,28.86067261,11.837089351980792,6.699915231116298,26.72078583469153,193.36406,316.2963562011721,307704,175,0.02337749954415608,0.0434027777777777,0.6113382591990074,1.0000000000000009,-0.33000847688837015,1.672078583469153
62789285,20260207,245.01463,1.42,284.54943309000004,57.063417844186496,0.8472182755104991,4.293725089408529,241.07547999999997,245.014633178711,15256,18,0.01341540626099191,0.4285714285714285,0.9839227967734007,1.0000000000000002,-0.40336741161232453,2.023750154347752
62789760,20260207,87.71929824561404,10.5,14.185952799999999,4.219886930520616,4.288910364906895,20.78711585726498,60.842279999999995,87.7192993164062,1234298,226,0.07426582430806257,0.0707036949890063,0.693601992,0.9999999999999992,-0.5915323461993433,0.9797253197395218
62805482,20260207,23.43981,9.5,2.5961909499999987,1.4408989657549465,9.028538521020579,16.26747890643002,23.43981,23.43980979919433,2726,3,0.005712489522212909,0.0476190476190476,1.0,0.9999999186278176,-0.04962752410309696,0.7123662006768443
62805489,20260207,153.19595999999993,9.0,2.0544968399999988,9.97167474767078,3.3657973404330006,15.363110197894738,6.91502,153.1959533691406,3784,28,0.0005653330146114082,0.0106382978723404,0.0451383966000148,0.9999999999999998,-0.6260225177296665,0.7070122442105264
62824285,20260207,288.6240099999998,10.0,43.15919143000001,11.333234343240004,6.145476344944583,25.46704579020827,265.23379,288.6240234374999,76092,64,0.004326629479896969,0.0278867102396514,0.9189595487915234,0.9999999999999996,-0.38545236550554174,1.5467045790208271
62835645,20260207,40.17131,2.0,8.572203199999999,3.7981279265655705,2.020647387360113,10.576605271040467,17.3214,40.17131042480469,43453,13,0.00723866797714438,0.0878378378378378,0.4311883281874552,1.0,0.01032369368005659,4.288302635520234
62841880,20260207,197.99366,11.0,38.87389505,12.405403223190431,4.956325054440358,15.960275380016512,192.67166,197.99366760253912,160694,25,0.019588468336685563,0.0230840258541089,0.9731203514294346,1.0000000000000002,-0.5494249950508766,0.4509341254560465
62854671,20260207,363.6363636363636,57.4,2.284162339999999,3.28561291583394,17.06687362685439,110.67531421955466,38.983509999999995,363.6363525390627,6537,89,0.0011314190767952646,0.005725911683199,0.1072046525,1.0000000000000009,-0.7026677068492265,0.9281413114537372
62859145,20260207,41.66666666666666,1.85,27.633851930000002,11.947397399097689,0.8610153249815143,3.4875097110161866,23.79317,41.66666793823243,4616,15,0.011595076613916101,0.8333333333333334,0.5710360800000002,1.0000000000000002,-0.5345863108208031,0.8851403600383448
62859279,20260207,41.48365,1.48,13.259566359999997,2.9519694243801835,1.0155596068829509,14.0528678285216,13.465879999999999,41.48365020751954,49848,39,0.025848068446979518,0.5064935064935064,0.32460692345056424,1.0000000000000002,-0.3138110764304386,8.495180842848242
62860871,20260207,55.55555555555556,2.59,20.898627779999998,4.1388685169496044,1.6524099267918542,13.422882026955431,34.533100000000005,55.55555725097656,292851,57,0.016188825685334748,0.1536388140161725,0.6215958,1.0,-0.36200388926955435,4.1825801049343045
62863090,20260207,5.154639175257732,1.96,0.878517069999999,0.8406712486335861,1.077349584112237,6.131568221096687,0.9464699999999999,5.15463924407959,16877,5,0.13687753446877535,0.7142857142857143,0.18361517999999996,0.9999998149872192,-0.45033184484069544,2.1283510723263084
62863416,20260207,2.360717658168083,25.0,0.0957556699999993,0.0823783920036468,0.0,28.65665448627,0.0,2.3607177734375,72312,17,0.014178267518920826,0.6538461538461539,0.0,0.9999995960237424,-1.0,0.1462661794508
62863799,20260207,26.5748031496063,65.54,0.30854336999999954,0.0,27.733702396522126,0.0,8.55705,0.0,6960,0,0.0034383954154727794,0.0,0.3219986222222222,0.0,-0.5768431126560555,-1.0
62864009,20260207,1.0332357499569484,52.0,0.00049049,0.0,0.0,0.0,0.0,0.0,3919,0,0.0007419257127711938,0.0,0.0,0.0,-1.0,-1.0
62867831,20260207,23.834820000000004,2.71,5.408050499999998,2.282900189812333,1.1625594102717793,10.440583193029276,6.287179999999999,23.83481979370118,12435,24,0.013547227366815557,0.0911781000309009,0.2637813081869298,0.9999999199763836,-0.5710112877225907,2.8526136701342164
62868116,20260207,1000.0,16.0,12.598702109999998,26.57670015105993,11.973630194832825,37.62694227233383,150.8522,1000.0,280295,418,0.013983078327588013,0.1810032074887657,0.15085220000000002,1.0,-0.2516481128229484,1.3516838920208645
62868895,20260207,1083.0701399999996,81.2,9.66944152,1.423279529165661,66.65794696279418,760.967474953509,644.54512,1083.0701904296873,84844,187,0.08475077414843672,0.0564795931587922,0.5951093065865524,0.9999999999999998,-0.17908932311829825,8.371520979718245
62875385,20260207,15.734370000000002,6.34,10.746493319999997,1.0003499178999915,1.2864261474272245,15.728850696372763,13.82457,15.734370231628418,175064,26,0.032017264713413075,0.073787714632785,0.8786224043288672,0.9999999393891053,-0.7970936675982295,1.4808912173215785
62885425,20260207,587.5,6.1,12.843121099999998,48.45866558239687,3.289800794605916,12.123734337614142,42.25131,587.4999999999998,2410,125,0.0036883991429445973,0.1065677013045434,0.07191712340425531,0.9999999999999996,-0.460688394326899,0.9874974634683066
62888101,20260207,70.0,8.5,1.910867519999999,0.0,3.7311639479852605,0.0,7.12976,0.0,5622,0,0.001985940866862129,0.0,0.10185371428571428,0.0,-0.5610395355311458,-1.0
62896186,20260207,3.886010362694301,1.84,0.1361367799999993,0.7396968233550392,2.6488800454954338,5.253510671122101,0.36061,3.886010408401489,15361,2,0.18964197530864196,1.0,0.09279697333333332,0.9999997545878724,0.43960872037795307,1.8551687912068269
62896511,20260207,1000.0,1.0,572.3367657900001,432.5190324739774,0.5633462137539886,2.3120369801255576,322.4237499999999,999.9999999999995,25409,216,0.00437467718053786,0.9152542372881356,0.32242374999999995,0.9999999999999996,-0.43665378624601137,1.3120369801255576
62904543,20260207,1000.0,299.26,0.0049137499999999,0.0,0.0,0.0,0.0,0.0,5909,0,0.045003808073115006,0.0,0.0,0.0,-1.0,-1.0
62905440,20260207,2570.3447100000008,5.1,306.9945056899999,251.0773595932648,2.7067632957545396,10.237262015536144,830.96146,2570.344726562501,74420,642,0.006862781261527112,0.0716402117510699,0.32328794529664456,1.0000000000000004,-0.4692620988716589,1.007306315091724
62905524,20260207,9.39662,6.92,0.7781126999999994,0.4531884247412919,5.856349600771203,20.73441983364261,4.5569,9.39661979675293,13792,4,0.008394911437092945,0.2857142857142857,0.4849509717323888,0.9999998985088,-0.15370670509086656,1.996303411133353
62926061,20260207,694.6908400000003,4.04,113.74578940999999,101.4592683196488,3.539709839708607,6.846992508343037,402.62709,694.6908569335939,126795,250,0.021483759467290194,0.0534816294260143,0.5795773699851863,1.0000000000000002,-0.123834198091929,0.6948001418303297
62932631,20260207,405.3672800000001,5.0,151.14995084000003,25.05723397666029,2.3348014209648547,16.177654056016795,352.90512,405.3672790527343,77916,49,0.007008725375550958,0.0609681372549019,0.8705811677745671,0.9999999999999996,-0.533039715807029,2.235530811203359
62941923,20260207,1000000.0,41.96,1.279913989999998,2.4996599741,7.1795996229403,541.3700387898535,9.18927,1353.24155851,17538,49,0.07611979166666667,0.1558843234263402,9.18927e-06,0.00135324155851,-0.8288941939242064,11.90205077697888
62951533,20260207,4.62962962962963,3.3,0.4917026799999982,0.2322252402260148,2.1750542421286045,19.935859132297853,1.06948,4.629629611968992,2481,13,0.001283762806581807,0.5416666666666666,0.23100768,0.9999997940063888,-0.34089265390042284,5.041169521322201
62952235,20260207,114.07776999999996,5.5,25.500999999999998,5.243050782501293,4.349893337516176,21.757894285765406,110.92662999999999,114.07776641845702,403084,19,0.03554313225814985,0.0497382198952879,0.9723772650885447,1.0,-0.20911030226978625,2.955980779230074
62957523,20260207,1233.7502500000005,4.1,419.77348746999985,179.0560338066588,2.471231201980418,6.890302499286336,1037.3573399999998,1233.7502441406225,68128,314,0.007876160418039515,0.0441509108175774,0.8408163159440084,0.9999999999999978,-0.3972606824438004,0.6805616242822394
62968126,20260207,1000.0,209.58,0.037234579999999795,0.1278482974,29.915739616238614,161.61050878016013,1.1139,20.661790000000003,12437,4,0.9870634920634921,0.2548418621179815,0.0011139,0.02066179,-0.8572586142941186,-0.2288839232359747
62972330,20260207,56.30614,10.0,9.848400379999998,3.0127796996876888,5.094553233425712,18.68909373506509,50.1732,56.3061408996582,14530,27,0.004479728688145522,0.0585029069767441,0.8910786638899417,1.0,-0.4905446766574288,0.868909373506509
62974470,20260207,256.19916000000006,9.0,43.75084866,11.546985055932106,4.557627248549926,22.18753503934692,199.40006,256.19915771484386,205148,65,0.02219039686746206,0.0383013379368005,0.7783009905262763,1.0000000000000004,-0.4935969723833416,1.4652816710385466
62987009,20260207,225.48274,23.0,5.1095899299999985,6.761134345030493,23.910811175408757,33.34983413330166,122.17444,225.48274230957028,27461,52,0.0008659306839215834,0.062200956937799,0.5418349981022937,1.0,0.03960048588733724,0.4499927884044201
62988138,20260207,24.390243902439025,15.0,2.4136559099999984,0.578055606076505,5.712090088267806,42.19352096989169,13.787020000000002,24.39024353027344,23025,5,0.003048619018616106,0.0238095238095238,0.5652678200000001,0.999999921798711,-0.6191939941154795,1.8129013979927795
62991598,20260207,53.40617000000002,7.91,10.574299029999999,4.44893473297809,3.636666590466187,12.004257444197258,38.455200000000005,53.40616989135742,16144,19,0.003839421613394216,0.0168888888888888,0.7200516344834312,1.0,-0.5402444259840472,0.5176052687440511
63002552,20260207,2532.0,23.0,7.605305499999998,18.34046486756006,9.690716566218152,138.05538083296506,73.70086,2532.000000000001,66520,1958,0.015049092801230714,0.0836525840471639,0.02910776461295419,1.0000000000000004,-0.5786644971209499,5.002407862302829
63002557,20260207,2000.0,21.0,0.9106115599999993,1.1690583788,2.031250295131331,19.826862878250235,1.8496800000000002,23.17878,26159,21,0.004422186158163438,0.0004356466713164,0.0009248400000000001,0.01158939,-0.9032737954699367,-0.0558636724642745
63007107,20260207,10.31706,3.0,1.3720628999999993,0.4238377264039296,1.721641187149657,24.34194854754405,2.3622,10.317060470581051,4996,25,0.004669158878504673,0.7142857142857143,0.22896057597804026,0.9999999075633768,-0.42611960428344764,7.113982849181348
63008487,20260207,1052.6315789473683,17.0,37.05166655,6.835029816891104,6.546252370934176,154.00539075779363,242.54955999999999,1052.631591796876,540254,563,0.023679253139313187,0.0266696529629574,0.230422082,1.0000000000000009,-0.6149263311215191,8.05914063281139
63014188,20260207,392.33176,5.5,58.82476267000001,59.88877876060076,3.468668648009013,6.551006017489471,204.04361,392.3317565917972,23881,335,0.0037035141589901056,0.0760183363950772,0.5200792563926,1.0000000000000009,-0.3693329730892703,0.1910920031799038
63014342,20260207,16.374660000000002,3.71,10.03253646,1.2164290820967978,1.6321555436440447,13.46124264184412,16.37466,16.37466049194336,50906,20,0.07819662058371736,0.0846952307216027,0.9999999999999998,0.9999998835182928,-0.5600658912010662,2.628367251599163
63017961,20260207,35.714285714285715,1.45,5.081967689999999,14.100516897005445,0.5707789141807788,2.5328351103886715,2.90068,35.71428680419922,3460,9,0.008777270421106037,0.0513080037371535,0.08121903999999999,1.0,-0.6063593695304974,0.7467827773072951
63018312,20260207,969.31033,280.0,2.373022949999998,0.0,132.30025019353494,0.0,313.95153000000005,0.0,9399,0,0.02289089137847053,0.0,0.32389165810293186,0.0,-0.527499106451661,-1.0
63024133,20260207,1000.0,77.59,0.12709319999999819,0.0035236944,15.419078282709286,406.02385273458026,1.95966,1.43111,54688,1,0.733083109919571,0.0003220611916264,0.00195966,0.00143111,-0.8012749286930109,4.232940738473793
63024390,20260207,1000.0,84.69,2.7926086299999984,4.130327706199999,34.97746477994665,113.02880061318643,97.67837,466.8460998,5840,127,0.008940600122473974,0.0117423286668164,0.09767837,0.4668460997999999,-0.5869941577524306,0.3346179874228567
63029536,20260207,1000.0,14.88,0.013316019999999897,4.0133564150000005,7.059917302617503,22.20476907113442,0.09401,89.1156746,4213,43,0.023483835005574136,0.0178563473116395,9.401e-05,0.0891156746,-0.5255431920283936,0.4922559744865106
63031140,20260207,9.95539,12.0,0.6151091899999985,0.5419250336002601,4.336888544942738,18.370385180359943,2.6676599999999997,9.955389976501465,2998,17,0.0024713543813370703,0.1338582677165354,0.26796137569698425,0.9999999042052368,-0.6385926212547718,0.5308654316966622
63031379,20260207,10.454783063251435,8.0,0.3179932499999987,0.5102014950703532,3.7103617765471593,20.491439263139224,1.17987,10.454783439636232,2650,5,0.009423897581792318,0.625,0.11285456550000002,0.9999999087810634,-0.536204777931605,1.561429907892403
63038827,20260207,0.206347241137386,26.0,0.0021923399999999,0.0071679117293132,0.0,28.78362152988688,0.0,0.2063472419977188,1267,1,0.0018668041844703109,1.0,0.0,0.9999951720237732,-1.0,0.1070623665341107
63038979,20260207,1000.0,2.25,255.66614177999998,235.526144140181,1.6327005097108018,4.245813132146402,417.42624000000006,1000.0,23412,322,0.0043872273442770405,0.0418583025330318,0.41742624000000006,1.0,-0.27435532901742143,0.8870280587317344
63039945,20260207,13.6986301369863,12.0,0.06251371,0.5831351870292103,0.0,23.49130552630339,0.0,13.698630332946776,8944,43,0.004338377958866899,0.8269230769230769,0.0,0.9999999303817806,-1.0,0.9576087938586156
63041128,20260207,86.78675999999997,10.0,5.560731969999999,5.044734966541739,4.811032098711279,17.20342927726018,26.752860000000002,86.78675842285159,646006,193,0.012517385634592617,0.0450934579439252,0.3082596930683898,1.0000000000000002,-0.5188967901288721,0.720342927726018
63049514,20260207,6.738544474393531,1.35,3.2368360099999984,2.218907963528116,0.6516178124204695,3.0368728843191874,2.10918,6.738544464111328,3907,18,0.0018683946248386017,0.1956521739130435,0.313002312,0.9999998584747511,-0.5173201389478005,1.2495354301378396
63049540,20260207,42.85714285714285,2.7,1.63084324,9.0295440833444,0.8899874398719032,4.746323652689045,1.4514299999999998,42.8571434020996,1052,48,0.013715775749674055,0.5714285714285714,0.0338667,1.0,-0.6703750222696655,0.7578976180985018
63049739,20260207,2000.0,2.71,182.5504879,336.02610755507465,2.4596120512477686,5.9519184643124365,449.00338,2000.000000000004,110322,556,0.007533751715754898,0.0186355801783712,0.22450169,1.000000000000002,-0.09239407703034368,1.1962798452143946
63050276,20260207,4.545454545454546,2.32,0.0025585199999999995,0.1594101815590728,0.0,28.514025538549248,0.0,4.545454502105713,3088,9,0.013304610081861267,0.8181818181818182,0.0,0.9999997901916924,-1.0,11.29052860303041
63051533,20260207,1000.0,84.69,0.0017571199999998999,0.0,46.792478601350325,0.0,0.08222,0.0,10550,0,0.22934782608695653,0.0,8.222e-05,0.0,-0.447485197764195,-1.0
63052095,20260207,14.06198,2.43,13.194284979999995,0.8563119578041544,0.5511545347870759,16.421543221250246,7.27209,14.06198024749756,334006,14,0.04620042879867211,0.6666666666666666,0.5171455228922243,0.9999999321806576,-0.7731874342440017,5.757836530911929
63053963,20260207,24.875621890547265,6.0,3.1709264699999995,1.7044798081163086,4.788862228016281,14.59425162031913,15.18513,24.875621795654293,10146,9,0.005146596327483007,0.0630877742946708,0.610442226,0.9999999233245904,-0.20185629533061977,1.4323752700531882
63055893,20260207,13.28341,3.03,3.9203477099999997,1.89581220169051,2.5349460647713826,7.006708287758388,9.93787,13.28341007232666,13982,17,0.07720596355604638,0.0792929292929292,0.7481414787317413,0.9999999282056156,-0.1633841370391476,1.3124450012930593
63056684,20260207,1319.2388100000005,9.52,51.22440965999999,67.19303152968115,10.603609170027088,19.633564967446617,543.16362,1319.2387695312486,129865,329,0.10832012678288432,0.0938905426121594,0.4117250158824541,0.999999999999999,0.11382449264990425,1.0623491621195476
63057736,20260207,312.5,46.75,2.166353999999998,2.0954062190059792,6.752474434002944,149.13568931400528,14.62825,312.49999999999955,88197,728,0.004935008980678951,0.0400849671829841,0.046810399999999995,0.9999999999999986,-0.8555620441924504,2.1900682206204336
63064394,20260207,11.11111111111111,6.35,0.0083857599999998,0.2271574716774533,1.5216271393410146,48.913477033041225,0.01276,11.11111068725586,63425,10,0.02161135341420199,0.4347826086956521,0.0011484000000000002,0.9999999141693158,-0.7603736788439347,6.702909884668969
63064523,20260207,1678.5256200000006,391.72,8.525770279999996,0.0,193.0094966152432,0.0,1645.5546300000003,0.0,289770,0,0.003106586903383507,0.0,0.9803571720281515,0.0,-0.5072768900866864,-1.0
63064971,20260207,1006.7315300000002,408.89,0.31065263,0.0,385.318707908573,0.0,119.70027,0.0,22142,0,0.013032371983519718,0.0,0.11889989181127562,0.0,-0.057647025095813015,-1.0
63067488,20260207,6.0449600000000006,12.5,0.8674467099999993,0.2439541727068938,6.968681684203983,24.778978674231787,6.04496,6.044960021972656,1498,1,0.002029810298102981,0.2,0.9999999999999999,0.9999998211860656,-0.44250546526368134,0.982318293938543
63075099,20260207,2516.66506,16.88,204.85770876,96.490316960388,12.395182662981181,26.08204732101373,2539.24872,2516.6650390625005,332873,473,0.06651340766494825,0.0587291923775981,1.0089736454639697,1.0000000000000002,-0.2656882308660437,0.54514506029331
63077278,20260207,6.073970000000001,52.0,0.8694183699999986,0.0062143535999999,6.0839984321932485,43.91865975251996,5.289540000000001,0.27297,1598248,1,0.032657428105550085,1.1508857216513828e-06,0.8708538237758829,0.04494094707192,-0.8830000301501298,-0.1554103893746162
63086700,20260207,233.5167930000001,32.0,0.3155038899999992,282.9569898479883,150.06829234340066,0.8252731244664988,47.34713,233.51679992675784,3053,23,0.8979411764705882,0.9027777777777778,0.2027568526945297,1.0000000000000002,3.6896341357312705,-0.974210214860422
63086847,20260207,73.61649750000005,27.63,0.1974057299999995,53.53662,157.41766968973027,0.1344488640775442,31.07515,7.1979378800000005,1169,10,1.0627272727272727,0.875,0.4221220929452665,0.0977761479620879,4.6973459894944005,-0.9951339533781652
63087865,20260207,1000.0,84.69,0.0250146999999996,0.0,14.25801628642381,0.0,0.35666,0.0,38105,0,0.6256978653530377,0.0,0.00035665999999999996,0.0,-0.8316446299867303,-1.0
63088304,20260207,2000.0,15.0,0.0573125199999996,2.3976862978000004,4.341808735682914,75.59219676656869,0.24884,181.24645,14520,156,0.013672316384180792,0.0048247535118363,0.00012442,0.090623225,-0.7105460842878057,4.039479784437913
63088516,20260207,1000.0,3.98,0.22627416999999958,32.5350939534,0.9415126790654028,6.746179837937217,0.21304,219.4876016,9050,507,0.050502232142857144,0.247438476593649,0.00021304,0.2194876015999999,-0.7634390253604515,0.6950200516601194
63089129,20260207,1000.0,3.32,25.49643398999998,118.02508428052504,1.52297611561012,8.472775068310042,38.83046,999.9999999999992,1039747,1537,0.00801911327131405,0.0842221013166793,0.038830460000000004,0.9999999999999992,-0.5412722543343012,1.5520407345413076
63092554,20260207,86.40656,18.32,1.0485455099999998,0.8610128189166513,8.196992803869811,100.35444368813336,8.59492,86.40656280517575,72811,69,0.003075165455228892,0.0379329301814183,0.0994706883366263,0.9999999999999996,-0.5525658949852723,4.477862737982774
63092860,20260207,1000.0,264.8,0.00020505,1.2881333494,0.0,432.369310126247,0.0,556.94976,6524,12,0.33285714285714285,0.0517635370094386,0.0,0.55694976,-1.0,0.6328146905516123
63096817,20260207,1000.0,14.61,0.6980512899999984,1.3304941538,7.139604311883746,39.72421083162009,4.98381,52.85287,9425,7,0.007543017206882753,0.0008773138912213,0.00498381,0.0528528699999999,-0.5113207178724335,1.718974111232428
63099873,20260207,172.3989100000001,22.0,5.9025735999999975,4.986829716571167,25.371124554889086,34.57083673395645,149.75493,172.39891052246085,19418,47,0.0008439159647796118,0.0700447093889716,0.8686535779141523,0.9999999999999996,0.15323293431314025,0.571401669725293
63099926,20260207,1000.0,55.51,2.9197034499999988,6.680033938358458,16.960105999806252,149.699815828469,49.51848,999.9999999999994,226734,2195,0.03606222066705899,0.0385362130463143,0.04951848,0.9999999999999994,-0.6944675553989146,1.6968081490717335
63113659,20260207,715.3814399999999,12.42,102.6781206,21.84590013357759,6.719723403273901,32.746713690240355,689.96857,715.3814697265626,52530,145,0.006909387454456969,0.0348019135073734,0.9644764756547222,1.0000000000000002,-0.4589594683354347,1.6366113920356578
63115257,20260207,1000.0,9.5,0.0012530799999999,13.9508650922,0.0,22.519772120503276,0.0,314.17032528,2395,490,0.0025427327741798494,0.0689516712715185,0.0,0.31417032528,-1.0,1.3705023284740288
63115262,20260207,1000.0,9.5,0.015624509999999897,33.208519549600005,0.0,26.953959283223217,0.0,895.10111075,8467,1663,0.0027850141438063285,0.0625078402516159,0.0,0.89510111075,-1.0,1.8372588719182328
63116306,20260207,1000.0,24.5,1.437166389999999,15.271751450631326,8.31511930918452,65.48036993348855,11.950210000000002,999.9999999999994,7103,575,0.0011041676382346998,0.0186144686479901,0.011950210000000003,0.9999999999999994,-0.6606073751353256,1.672668160550553
63117307,20260207,44.70852000000001,22.1,2.0507180199999993,0.0,14.176146947789542,0.0,29.07128,0.0,2705,0,0.01020754716981132,0.0,0.6502402674031705,0.0,-0.3585453869778488,-1.0
63118770,20260207,299.31642000000005,5.2,17.39955433,18.67575595692192,4.548526272511716,16.027002650570605,79.14233,299.31640625,126908,231,0.006458323791494277,0.0785758872084773,0.2644102518665698,1.0,-0.1252834091323623,2.0821160073918423
63118785,20260207,70.0,9.0,7.83276084,2.420895982097092,6.856636005753496,28.914902417434888,53.70639,70.00000000000003,22254,31,0.010747090355918289,0.0503246753246753,0.7672341428571429,1.0000000000000004,-0.23815155491627818,2.212766935270543
63119851,20260207,20.0,2.42,0.5738863799999998,1.7731430695849235,0.1583588723607625,11.279399312816023,0.09088,20.0,1674,23,0.013212312549329124,0.8214285714285714,0.004544,0.9999999046325772,-0.9345624494377014,3.6609086600069887
63120136,20260207,305.25518000000005,25.0,15.297062569999998,6.241671995225103,14.424013041086754,48.90598854214287,220.64503000000002,305.2551879882814,27467,117,0.0039039470130903817,0.028965895464149,0.7228215750507493,1.0000000000000009,-0.42303947835652983,0.9562395416857146
63120878,20260207,81.95608000000001,55.0,2.1227523499999985,1.2474889370756006,36.894308467023976,65.69678451098954,78.31747999999999,81.95607757568364,17744,40,0.008186012179368887,0.004650081376424,0.9556030498286396,1.0000000000000004,-0.329194391508655,0.1944869911089008
63121462,20260207,312.5,27.0,5.042213929999999,5.601369032859912,14.960654396510307,55.78992249516606,75.43482,312.5000000000003,4242,143,0.0020922318125770655,0.0719901719901719,0.241391424,1.0000000000000009,-0.44590168901813676,1.066293425746891
63125663,20260207,470.4109,20.0,5.02379563,2.141174298151128,10.15245717708465,219.6975133601008,51.00387,470.4108886718752,27821,310,0.008420654378159146,0.0646545324530119,0.10842408201000443,1.0000000000000004,-0.4923771411457675,9.98487566800504
63129337,20260207,1848.98638,6.1,501.9724976299999,141.2322127510011,3.499209634577844,13.091817220856193,1756.5069999999996,1848.9863281249989,143884,486,0.008111990618586924,0.050016018882794,0.9499837419029553,0.9999999999999992,-0.42635907629871406,1.14619957795635
63129888,20260207,2000.0,12.0,0.38690968999999886,5.5614175455,7.344840600916479,51.67470091466792,2.84179,287.38464,56786,107,0.022986560880829017,0.0118393670765587,0.001420895,0.1436923199999999,-0.3879299499236268,3.306225076222326
63131421,20260207,1000.0,23.0,1.0601811499999987,0.0,10.036284836794177,0.0,10.64028,0.0,6163,0,0.0048020882032102225,0.0,0.01064028,0.0,-0.5636397897046009,-1.0
63135763,20260207,84.18721000000001,2.1,35.578376250000005,26.286047258264457,1.3908939984297342,3.202733604376572,49.485749999999996,84.18721008300784,7019,28,0.00028126177099946305,0.4,0.5878060337193737,1.0000000000000004,-0.33766952455726945,0.5251113094392956
63135951,20260207,6.385696040868455,52.0,0.08681835999999901,0.0744870912,14.609467398370741,24.63199110678782,1.26837,1.83479,56015,4,0.006448512058942036,3.383221022413683e-05,0.198626742,0.2873280758841787,-0.7190487038774858,-0.5263078633310034
63136165,20260207,6.385696040868455,52.0,0.0732189399999996,0.0511526595,3.570797392040932,29.69640911028076,0.26145,1.5190800000000002,30719,3,0.005860167874856925,4.811194963366187e-05,0.040943070000000005,0.23788789644272,-0.9313308193838282,-0.4289152094176777
63136956,20260207,1000.0,1.2,205.14129334999998,365.3231623376211,0.7065947456648421,2.737302477247602,144.95176,1000.0000000000006,25676,674,0.002855490558064014,0.0871100064835944,0.14495176,1.0000000000000009,-0.4111710452792982,1.2810853070641488
63138541,20260207,887.555370000001,1.17,184.95327466999998,318.9381929130762,0.7450620717360669,2.7828443749468703,137.80167,887.5553588867183,20159,323,0.005813028057325759,0.144004109143354,0.15525980086177593,0.9999999999999994,-0.3631948104819941,1.3784995530093995
63139989,20260207,582.36534,2.31,317.78170979000004,88.48397685351347,1.4538725035664046,6.581591047019009,462.01409,582.3653564453125,1556932,322,0.050493836369474056,0.29009009009009,0.7933406373394406,1.0,-0.37061796382406725,1.849173684004344
63140913,20260207,199.83509,11.5,8.40245083,11.332235652467013,6.282768095650969,17.63421371581652,52.79065,199.83508300781244,90551,98,0.00716276825477183,0.0250511247443762,0.26417107225763004,0.9999999999999996,-0.4536723395086114,0.5334098883318714
63140934,20260207,114.94252873563218,11.5,0.0972153599999998,4.780915618508481,4.004614085675358,24.041943615167053,0.38931,114.94252777099604,2265,48,0.0013238646326494828,0.7058823529411765,0.003386997,0.9999999999999996,-0.6517726882021428,1.090603792623222
63151168,20260207,746.9214000000002,400.0,3.420182069999998,0.0,184.25181966993952,0.0,630.1747700000001,0.0,7995,0,0.009324702589223233,0.0,0.8436962309554927,0.0,-0.5393704508251512,-1.0
63151343,20260207,342.40937999999994,30.0,23.723716439999997,9.84614708230502,13.038796884220389,34.7759743656412,309.32872,342.4093933105466,117641,301,0.041968178088544826,0.0720004151914455,0.9033885695537898,0.9999999999999992,-0.5653734371926536,0.1591991455213732
63152431,20260207,1000.0,43.2,13.094098639999995,2.836018682282978,35.957734315647414,352.6068617390572,470.83412,999.9999999999987,233328,1735,0.015028501130383815,0.0506840255186902,0.47083411999999997,0.9999999999999988,-0.16764503898964325,7.162195729439723
63152697,20260207,1785.3398499999994,17.0,48.95267046,67.35106336651451,13.594006491305928,26.50796777367088,665.4629199999999,1785.3398437499995,718630,1169,0.041142153775691304,0.0226866946126377,0.3727373922673603,0.9999999999999998,-0.20035255933494542,0.5592922219806399
63153776,20260207,131.89886999999993,8.5,21.567000660000005,4.863643644270846,4.5428148097436925,27.119346579208795,97.97489000000002,131.89886474609375,347190,71,0.005814691562927594,0.0576298701298701,0.7428031036202211,1.0,-0.46555119885368323,2.1905113622598584
63154710,20260207,1000.0,23.61,0.0218982999999998,0.0760948189,9.924971344807675,30.946246903455037,0.21733999999999992,2.35488,1561,1,0.01018929503916449,0.0046296296296296,0.00021733999999999992,0.00235488,-0.579628490266511,0.3107262220860329
63155109,20260207,107.97988,3.79,18.7744043,29.6627358922,3.21094022674264,2.154731745397604,60.28349,63.91524083699999,6426,122,0.401625,0.4777777777777778,0.5582844692918718,0.5919180506167051,-0.1527862198568232,-0.4314691907426563
63155864,20260207,1000.0,9.0,0.0059480099999998995,33.29676332220627,35.45219325455128,30.03294825656921,0.21087,1000.0000000000005,5311,1786,0.0005500264087241997,0.3276687670532949,0.00021087,1.0000000000000004,2.939132583839031,2.336994250729912
63156076,20260207,1000.0,9.0,1.9238692299999978,0.0251432223,2.616685126774446,15.166506064496572,5.03416,0.38135,424013,3,0.050271266820795545,4.664165155845228e-05,0.00503416,0.00038135,-0.7092572081361728,0.6851673404996192
63156284,20260207,714.2857142857143,50.0,0.647811879999999,0.9476612089999998,86.49822846719033,35.252877747708105,56.03458,33.40782,190073,19,0.011765437753788254,0.0001152885338928,0.078448412,0.0467709485709344,0.7299645693438066,-0.2949424450458379
63158529,20260207,1000.0,7.66,0.00066175,3.9189450226,0.0,52.537059406448186,0.0,205.8899,2431,344,0.003409059038003085,0.0616767448716276,0.0,0.2058899,-1.0,5.858624080024956
63161144,20260207,60.10060000000001,32.0,3.0264052499999985,2.667063480810936,18.78458279835459,22.53436376536916,56.849759999999996,60.10060119628906,182407,28,0.00641853280222951,0.0026445110291299,0.9459100241927699,1.0,-0.412981787551419,-0.2958011323322138
63163299,20260207,309.54889000000003,3.72,99.73916304,47.56948046392442,2.0701145237923786,6.50730005108235,206.47149000000002,309.54888916015625,54211,167,0.007639656144306652,0.5901060070671378,0.667007689803055,1.0,-0.4435176011310811,0.7492741938266704
63169453,20260207,1000.0,3.98,0.05765783000000001,11.3403474917,0.0,6.679566581700764,0.0,75.74861280999998,2566,221,0.07481049562682215,0.6481746929935336,0.0,0.0757486128099999,-1.0,0.6782830526859434
63170448,20260207,2.7777777777777777,24.94,0.0944938899999999,0.0895557950462274,8.6806670780513,31.01693925491787,0.82027,2.777777671813965,1705,1,0.002586468446601942,0.0714285714285714,0.29529720000000004,0.9999996423721312,-0.6519379680011508,0.2436623332289706
63178103,20260207,24.0051,8.5,0.8585304199999988,1.2518852529287214,6.398736575927044,19.175144861672123,5.49351,24.00510025024414,6752,6,0.002830196588003521,0.2222222222222222,0.22884761988077534,0.999999920544032,-0.24720746165564186,1.255899395490838
63183978,20260207,1000.0,31.5,10.746477059999997,15.738309644349531,19.175730692901144,63.53922111449902,206.07155,999.9999999999984,1715965,496,0.031789256642348745,0.0644281135360129,0.20607155,0.9999999999999984,-0.39124664466980497,1.0171181306190165
63195753,20260207,72.20216606498195,4.15,10.571041659999999,5.26211720839874,2.0553631987105425,13.721121578198094,21.727330000000002,72.20216369628905,2174,29,0.14025806451612904,0.3576388888888888,0.30092352050000004,0.9999999999999998,-0.5047317593468573,2.3062942802133253
63196191,20260207,2000.0,25.0,0.4326052599999986,0.0379178763,5.661211793864939,74.72689795926259,2.4490700000000003,2.8335600000000003,6448,4,0.012564302416212004,0.0009874384874384,0.0012245350000000001,0.00141678,-0.7735515282454024,1.989075918370504
63196383,20260207,1000.0,8.0,1.4307406499999988,5.034204654500005,2.846455784981019,24.032315781905822,4.07254,120.98362000000004,137689,127,0.013906575093424906,0.002235600619631,0.00407254,0.12098362,-0.6441930268773726,2.004039472738228
63196659,20260207,131.08508,4.15,41.06715432,25.35289247930089,2.443052401883589,5.170419033820955,100.32921,131.08508300781253,705837,45,0.08316880331809398,0.9375,0.7653747474540962,1.0000000000000002,-0.4113126742449184,0.2458840759046242
63201724,20260207,38.30118,1.53,55.162574809999946,12.29818805880693,0.6882927443248557,3.114375751589605,37.96800000000002,38.30118179321289,4717,19,0.01245576973857935,0.7307692307692307,0.9913010512992032,1.0,-0.5501354612255845,1.0355397449848789
63203969,20260207,10.309278350515465,12.13,1.1682131499999997,0.5332024919474717,5.367547865729813,19.334604224937816,6.270440000000001,10.309278488159183,73691,23,0.004980568678737742,0.5897435897435898,0.6082326800000001,0.9999999074936016,-0.5574981149439561,0.5939492203235618
63204129,20260207,11.47175,3.76,0.7570996899999991,1.0149021008412271,7.1063693078516605,11.303296097815425,5.38023,11.471750259399414,228723,12,0.013768789467664357,0.9230769230769232,0.4689981912088391,0.9999999168675908,0.8899918371945906,2.0061957783204094
63204861,20260207,111.72721,3.6,60.63759065,20.97412477158376,1.8356304860869337,5.326906695196127,111.30821,111.72721099853516,9074,35,0.022839164359426126,0.0775316455696202,0.9962497944771019,1.0,-0.4901026427536295,0.4796963434197129
63204884,20260207,184.27386,3.4,78.66949489,15.965435438381244,2.3226391659879133,11.542049943783276,182.72084999999998,184.2738647460937,306129,64,0.023265617875056998,0.2344322344322344,0.9915722718349742,1.0,-0.31687083353296663,2.3947204764816186
63205388,20260207,51.54639175257732,14.5,0.08118716999999921,1.8092010107,5.323378065770789,25.730465544855697,0.43219,46.55161,2201,14,0.008658536585365854,0.0047074385309679,0.008384486,0.9031012553593588,-0.6328704782227041,0.7745148651624618
63209471,20260207,17.54385964912281,10.0,0.2077001199999994,0.769462620625858,3.0483371892129956,22.800115576018896,0.63314,17.54385948181152,9545,38,0.006773827265630544,0.926829268292683,0.03608898,0.9999998912811384,-0.6951662810787005,1.2800115576018896
63212211,20260207,46.08294930875576,52.0,0.3373562199999993,0.0865689306,18.153689296139294,14.890736206735507,6.1242600000000005,1.28909,1018719,3,0.027919594602001777,1.8631437604849392e-05,0.132896442,0.0279732522210207,-0.6508905904588598,-0.7136396883320094
63212433,20260207,59.58013,95.0,1.0589843699999977,0.1840728546,49.14955449248048,88.69184619117547,52.048610000000004,16.32585,724807,6,0.08704194737663773,0.0001550445516816,0.8735900710522116,0.274015004340345,-0.4826362685002054,-0.0664016190402582
63213666,20260207,0.206347241137386,26.0,0.014919279999999799,0.0048687183169215,0.0,42.373547825280525,0.0,0.2063472419977188,8655,2,0.06772300469483568,0.6666666666666666,0.0,0.9999951616849352,-1.0,0.6297518394338664
63215668,20260207,1000.0,158.41,0.00331338,0.0,116.3796485763782,0.0,0.38561,0.0,1252,0,0.006352105530187722,0.0,0.00038561,0.0,-0.2653263772717745,-1.0
63219307,20260207,33.47138,1.09,8.01462566,14.360165600712694,0.7191227943140142,2.3308488861650694,5.7635,33.47137832641601,1067,22,0.0012850776827652655,0.0946969696969697,0.17219188452940987,0.9999999999999998,-0.34025431714310633,1.1383934080628335
63221312,20260207,1000.0,79.06,0.48195347999999893,0.0,53.42322665664756,0.0,25.74751,0.0,1633,0,0.001555386227259739,0.0,0.025747509999999998,0.0,-0.32426983738113385,-1.0
63224395,20260207,45.16711833785005,14.0,0.3635722799999984,1.938771244633981,5.830257466273307,23.2967632982784,2.11972,45.167118072509766,24101,13,0.00990221455277538,0.2203389830508474,0.0469306008,1.0,-0.5835530381233353,0.6640545213055999
63224447,20260207,142.85714285714286,1500.0,0.0055760899999997005,0.0,698.7817628481982,0.0,3.8964700000000003,0.0,4185,0,0.012012055109070035,0.0,0.02727529,0.0,-0.5341454914345345,-1.0
63225492,20260207,135.48968000000002,4.48,8.7729203,10.36442362933034,3.8448781986541016,13.072571792858696,33.73081,135.48968505859375,2541,41,0.003021043871121151,0.2244397759103641,0.24895482814632075,1.0,-0.14176825922899525,1.9179847627684272
63226351,20260207,1000.0,10.01,0.39856129999999934,72.09929042935504,5.879923615263208,13.86976182671405,2.34351,1000.0,7044,353,0.004633905664101046,0.7668422207592714,0.00234351,1.0,-0.41259504343024894,0.3855905603973565
63231083,20260207,5.645161290322581,7.02,0.1406970999999993,0.0401966013522633,3.9112391086952236,140.4352737969558,0.5503,5.645161151885986,3852,6,0.0014747884681649375,0.375,0.09748171428571428,0.9999998310634312,-0.4428434318097972,19.00502481175518
63231247,20260207,1000.0,379.36,0.032276759999998496,0.0,149.06855582779136,0.0,4.811449999999999,0.0,8390,0,0.007620345140781108,0.0,0.004811449999999999,0.0,-0.6070525204876862,-1.0
63231700,20260207,1000.0,24.0,1.532146019999999,0.0,12.629044325683795,0.0,19.349539999999998,0.0,40279,0,0.009755855353985515,0.0,0.01934954,0.0,-0.4737898197631752,-1.0
63233770,20260207,1000.0,84.69,0.00178839,0.0,294.3038151633592,0.0,0.52633,0.0,2739,0,0.038523206751054855,0.0,0.00052633,0.0,2.4750716160510002,-1.0
63234573,20260207,229.51535,15.4,1.8101369199999988,0.0,11.342014945477171,0.0,20.5306,0.0,29614,0,0.006837366087920207,0.0,0.08945196911666256,0.0,-0.2635055230209629,-1.0
63236174,20260207,23.102310231023104,7.91,1.8509005299999988,2.609027878060399,3.41908703219184,8.854754493111917,6.32839,23.102310180664062,2346,1,0.001385133140461711,0.0030864197530864,0.2739288814285714,0.9999999403953552,-0.5677513233638635,0.119438010609937
63245295,20260207,1000.0,84.69,0.00070822,0.0,120.48515997853775,0.0,0.08533,0.0,2241,0,0.3863793103448276,0.0,8.533e-05,0.0,0.4226609986838795,-1.0
63246122,20260207,1000.0,84.69,1.1978429299999975,0.0416135937,28.621331846905893,138.48483158445447,34.28386,5.76299,17587,3,0.010030226987567012,0.0032824361628709,0.03428386,0.00576299,-0.6620459104155639,0.6351969251655978
63246165,20260207,1000.0,84.69,0.6329608899999981,0.0,29.164582348839996,0.0,18.46004,0.0,8752,0,0.0062778853740764655,0.0,0.01846004,0.0,-0.6556313337012635,-1.0
63252365,20260207,45.90532,2.5,16.153913609999996,9.226359052809268,1.3372103207626356,4.975452827671712,21.60118,45.9053192138672,111546,35,0.034644842687206884,0.3153153153153153,0.47055940357239634,1.0000000000000002,-0.4651158716949458,0.9901811310686848
63259521,20260207,6.334726973267452,3.86,9.433348259999999,21.59213486178549,0.6430908552081803,0.2933812037403275,6.0665,6.334726810455322,1845,11,0.05125,0.1771561771561771,0.9576576899999999,0.9999998494529913,-0.8333961515004714,-0.923994504737404
63273998,20260207,11.750881316098708,13.0,0.5521018899999983,0.5266079771239829,4.917769797890038,22.314243975187257,2.71511,11.75088119506836,2729,9,0.002720566244641611,0.3103448275862069,0.231055861,0.9999999188423214,-0.6217100155469202,0.7164803057836351
63274135,20260207,5.00167,10.0,1.413662929999999,0.0072388704,3.538092351335833,10.815110723528974,5.00167,0.0783,7991,2,0.01040630290402396,0.0033333333333333,1.0,0.015654768685391,-0.6461907648664167,0.0815110723528974
63276032,20260207,2662.6699100000005,1.0,2759.05372097,3738.950814803101,0.7121862597547318,0.4287254151720691,1964.9601499999999,1602.9832408131308,272728,460,0.2127031664326938,0.0287576937650928,0.7379661078605119,0.6020210119338943,-0.2878137402452682,-0.5712745848279308
63277194,20260207,72.20216606498195,4.15,6.394276399999999,50.77956607437921,1.3477177808578937,1.4218743454533824,8.61768,72.20216369628906,1620,22,0.17608695652173914,0.2270531400966183,0.11935486799999999,1.0,-0.675248727504122,-0.6573796836678162
63281072,20260207,277.77777777777777,34.1,0.1704646299999994,0.8158005190999998,4.037025158826218,92.67656192085656,0.68817,75.60567999999999,74545,40,0.0063686458778299876,0.0003394396562132,0.002477412,0.2721804546450306,-0.8816121654303162,1.7177878612279105
63287123,20260207,307.8781,3.79,94.91277078999994,33.126783026900014,2.770039034912471,1.5162254824740462,262.91208,50.227674094,27674,113,0.6122566371681416,0.4009281859083795,0.8539486244718283,0.1631414251515026,-0.26911898814974383,-0.5999405019168589
63298743,20260207,6.849315068493151,28.08,0.3764911899999997,0.0,13.412026985279534,0.0,5.04951,0.0,14493,0,0.02115457597431032,0.0,0.7372284599999999,0.0,-0.5223637113504439,-1.0
63299682,20260207,97.50139,69.3,0.524341599999999,0.0,59.81119941656367,0.0,31.3615,0.0,14714,0,0.009649157321791594,0.0,0.32165182465603825,0.0,-0.1369235293425156,-1.0
63302969,20260207,1000.0,20.0,4.725168639999996,16.855172911030447,15.126380759184936,59.328963633272025,71.4747,1000.0000000000008,28237,225,0.0008841939797027114,0.0659824046920821,0.0714747,1.0000000000000009,-0.24368096204075318,1.9664481816636008
63304451,20260207,884.4620500000002,28.53,3.3237044899999986,13.021436855497209,18.87653074717242,67.92353086870679,62.74001,884.4620361328118,19981,99,0.002316154309825196,0.0240232953166707,0.07093578520412491,0.9999999999999992,-0.33836204881975396,1.3807756478779492
63305006,20260207,1000.0,12.0,8.843033169999998,35.75182309784173,8.440567683633377,27.97060080804009,74.64022,999.9999999999987,49568,336,0.01529215770963164,0.0657662947739283,0.07464022,0.9999999999999988,-0.2966193596972186,1.3308834006700072
63311767,20260207,1000.0,12.0,0.9559277099999997,0.0,6.866314190222608,0.0,6.5637,0.0,2665,0,0.009579439252336449,0.0,0.0065637,0.0,-0.42780715081478266,-1.0
63316232,20260207,126.52847,36.0,2.6108107399999985,2.1007355636265026,32.71654995566628,60.2305282305195,85.41672,126.5284729003906,184079,41,0.08173297220495515,0.0232426303854875,0.6750790553303933,1.0,-0.09120694567593664,0.6730702286255418
63317909,20260207,114.94252873563218,11.5,1.4736124399999986,0.9994775070000002,5.083527932215343,13.638582425264696,7.491149999999999,13.63147,26542,8,0.006626388715516165,0.0002827254735651,0.06517300499999999,0.1185937899952787,-0.5579540928508397,0.1859636891534518
63320611,20260207,1000.0,84.69,0.0047769099999996,0.0,0.0,0.0,0.0,0.0,1904,0,0.0966497461928934,0.0,0.0,0.0,-1.0,-1.0
63322976,20260207,94.94436,3.45,34.85537662,8.44699111068469,1.8235132184321237,11.240019829731752,63.559239999999996,94.94435882568358,2681385,66,0.12720284066111312,0.2357142857142857,0.6694367100899937,1.0,-0.4714454439327178,2.257976717211396
63324168,20260207,50.0,3.0,0.9346518599999998,2.639684641341772,1.7914691786950494,18.94164942102145,1.6743999999999999,50.000000000000014,18881,26,0.030409083588339506,1.0,0.033488,1.0000000000000002,-0.4028436071016502,5.313883140340484
63333258,20260207,41.27358490566038,3.44,0.2636811899999995,5.608571795519824,2.44753901482317,7.359017664202033,0.64537,41.27358627319336,7570,17,0.000604608442154866,0.9444444444444444,0.01563639314285714,1.0,-0.28850610034210167,1.139249285405002
63333434,20260207,1000.0,22.2,0.7047265799999984,0.0,11.988763074609755,0.0,8.448799999999999,0.0,17261,0,0.013412852591498952,0.0,0.0084488,0.0,-0.4599656272698308,-1.0
63333682,20260207,273.87567,3.79,46.25782208,18.4963835628,3.609786464032334,6.918185635984045,166.98086,127.96142199999998,10298,25,0.635679012345679,0.2630399390834962,0.6096958521361171,0.4672244940636421,-0.04754974563790659,0.8253788141468921
63334016,20260207,133.70215,3.79,45.665018149999995,4.4169784697,2.4448922725326896,13.59895209204576,111.64605,60.06629219999999,9951,21,0.3827307692307692,0.2926829268292683,0.8350355622553565,0.4492545026535486,-0.3549096906246202,2.588114044570303
63335323,20260207,15.89825119236884,13.0,0.1714528099999994,0.8080639106967207,5.1501634764691415,19.67447332888231,0.8830100000000001,15.8982515335083,1585,5,0.0023960695389266817,0.5555555555555556,0.05554132900000001,0.9999999400138904,-0.6038335787331429,0.5134210252986393
63336283,20260207,1000.0,12.0,0.1539623499999997,1.8001533115,7.6086783554550985,22.85700161210874,1.1714499999999999,41.14613,11296,9,0.061026472177201516,0.0114823820604666,0.0011714499999999999,0.0411461299999999,-0.3659434703787418,0.9047501343423948
63336654,20260207,370.3703703703704,22.0,5.149750259999998,8.809671960500365,11.6326184718713,42.041329228535766,59.90508,370.3703613281252,94138,125,0.0008275467999349482,0.0767813267813267,0.16174371599999998,1.0000000000000004,-0.4712446149149409,0.9109695103879892
63338096,20260207,44.41921000000001,1.97,64.86024656000001,10.257758841367655,0.6848887007992897,4.330303030441096,44.42205,44.41920852661133,4549,8,0.0015275865542832196,0.2758620689655172,1.0000639363014334,1.0,-0.652340761015589,1.1981233337828845
63339310,20260207,12.987012987012989,1.94,5.341698699999999,0.3345614062050153,0.8382239904321075,38.81790847475228,4.47754,12.98701286315918,1751,6,0.0032211184694628404,0.1025641025641025,0.34477058,0.9999999265670824,-0.5679257781277796,19.009230582378827
63339821,20260207,10.85282,2.0,2.33709963,1.7388375578061377,1.3221173630496872,6.241419220721765,3.0899199999999993,10.85282039642334,45365,8,0.0212233918128655,0.8888888888888888,0.2847112547706494,0.9999999121265996,-0.3389413184751564,2.1207096103608825
63339996,20260207,162.68000999999998,2.0,55.59990414000002,39.927507605104445,2.0165099514864013,4.074384143111119,112.11776,162.68000793457028,140241,185,0.7688651315789473,0.375,0.6891919910749945,0.9999999999999998,0.008254975743200665,1.0371920715555594
63342003,20260207,98.41694,64.62,1.109429919999999,0.9242702298439583,48.36653404840573,106.48058232684978,53.65928,98.41693878173832,716237,171,0.06920498574810377,0.0223407988427264,0.5452240234252356,1.0000000000000004,-0.25152376898165074,0.6477960043491626
63344858,20260207,179.59183673469389,8.8,1.1729856499999987,0.5028984549,3.45213089350241,13.265375285257642,4.049300000000001,6.67115,1350,7,0.0032782904322486645,0.0052503945047804,0.02254723863636364,0.0371461749125787,-0.6077123984656352,0.5074289770157252
63346965,20260207,139.99414000000007,12.0,22.4187794,3.189432494774288,5.402917698543392,43.893105422756975,121.12682000000001,139.99414062500003,130044,35,0.010297415431394907,0.0405092592592592,0.8652277873916718,1.0000000000000002,-0.5497568584547173,2.657758785229748
63350356,20260207,7.170259999999998,1.0,22.22256703,11.249457087657715,0.2762840130805536,0.6373871431559872,6.13974,7.170259952545166,1467,4,0.035264423076923075,0.875,0.8562785728829919,0.9999998669958696,-0.7237159869194464,-0.3626128568440128
63352392,20260207,72.20216606498195,4.15,1.33522697,13.37204548748721,1.8795306388995427,5.399484945243922,2.5096000000000003,72.20216369628906,40758,28,0.004318362416960681,1.0,0.034757960000000004,1.0,-0.5471010508675801,0.3010806797983613
63352636,20260207,507.4560800000001,4.15,0.3064362899999994,95.58133950489804,12.11534051662095,5.309154302759264,3.71258,507.4560852050778,26494,156,0.0027641971058040417,0.9936305732484076,0.007316061717104659,0.9999999999999992,1.919359160631554,0.2793142604227347
63354033,20260207,4.67689,2.06,2.139330179999999,0.6024336290770169,1.234563988621897,7.763315172566078,2.64114,4.676889896392823,162457,8,0.045727756354322066,0.3333333333333333,0.5647214281285213,0.9999997960879684,-0.40069709290199174,2.7685997030131477
63355127,20260207,1.6891891891891893,1.9,0.2513404999999994,0.0145620980972832,0.5325444964102495,115.99106071722817,0.13385,1.6891891956329346,2255,1,0.02185077519379845,0.3333333333333333,0.0792392,0.999999463558197,-0.7197134229419739,60.04792745932851
63355311,20260207,1.6891891891891893,1.9,0.41941804999999976,0.0083183286227078,0.8393534803759644,203.0439320574786,0.35204,1.6891891956329346,7857,1,0.0046269359872799015,1.0,0.20840768,0.999999463558197,-0.5582350103284398,105.86522873965484
63359739,20260207,1000.0,3.32,7.14293801,146.01114465752852,1.9924504426715586,6.8487922308719975,14.231950000000001,1000.0000000000008,453747,890,0.002442170631755371,0.0029434256540126,0.014231950000000002,1.0000000000000009,-0.3998643244965185,1.062889267645998
63359921,20260207,1000.0,86.31,0.4171241699999992,0.0,50.863847088985615,0.0,21.21654,0.0,6267,0,0.005875128902221805,0.0,0.02121654,0.0,-0.4106841954699848,-1.0
63360454,20260207,1000.0,22.01,0.0619317599999995,5.019747447099999,7.273650869925279,28.380830533909407,0.45047,142.46463,1797,53,0.004085019322573312,0.008300978409674,0.00045046999999999996,0.14246463,-0.6695297196762708,0.2894516237518106
63363585,20260207,2928.89804,300.0,2.8451989899999983,0.0,287.7728457228225,0.0,818.77101,0.0,17123,0,0.011131842413210245,0.0,0.27954916791845713,0.0,-0.04075718092392492,-1.0
63370394,20260207,159.52762,8.3,8.540620879999997,7.467422031677163,6.998756980300479,21.36314197434368,59.77373,159.52761840820315,8011,50,0.0009915708432869997,0.0435540069686411,0.3746920439231777,1.0000000000000002,-0.15677626743367729,1.573872467881502
63371100,20260207,1.32579105532968,26.0,0.023680179999999697,0.0356142504744701,0.0,37.22537350313576,0.0,1.325791001319885,22269,8,0.011053807207386081,0.25,0.0,0.9999992806757404,-1.0,0.4317451347359906
63372853,20260207,209.44123,2.5,75.19263075000002,47.86199096550775,1.8230887605963961,4.375940376561581,137.08284,209.4412231445313,8056,55,0.019634413843529125,0.6111111111111112,0.6545169735681938,1.0000000000000004,-0.27076449576144157,0.7503761506246324
63372872,20260207,4.077471967380224,52.0,0.0248075999999995,0.0887069038845111,27.101775262420126,45.96514577102083,0.67233,4.077471733093262,220997,4,0.0040673570838310235,0.0006291286568103,0.1648889325,0.9999997661114152,-0.47881201418422836,-0.1160548890188302
63373937,20260207,40.68809,1.15,50.05249349,11.918873208842449,0.8240208853578935,3.413752890175671,41.2443,40.68809127807617,3242,16,0.0014676324128564961,0.7272727272727273,1.013670093631822,1.0,-0.28346009968878816,1.968480835608495
63374999,20260207,500.0,10.0,0.4245971199999996,10.214821697414996,2.197824610774564,48.948475642806,0.93319,499.9999999999998,15243,377,0.0021201752555810556,0.2515444301670456,0.00186638,0.9999999999999996,-0.7802175389225436,3.8948475642806
63375302,20260207,1000.0,393.19,0.0245535699999987,0.0,63.32032368409491,0.0,1.5547399999999998,0.0,90164,0,0.03656137220712866,0.0,0.0015547399999999998,0.0,-0.8389574412266464,-1.0
63375453,20260207,1000.0,386.54,0.8522436399999993,0.0,123.31840927554482,0.0,105.09733,0.0,36666,0,0.0002457879008482518,0.0,0.10509733,0.0,-0.6809685691634894,-1.0
63377282,20260207,1000.0,28.0,0.0134913799999999,0.0,0.0,0.0,0.0,0.0,6494,0,0.06069158878504673,0.0,0.0,0.0,-1.0,-1.0
63377702,20260207,23.80952380952381,25.93,0.00267095,0.5291981391,0.0,37.44660286806577,0.0,19.81671,1387,4,0.0034086999262718113,0.0039682539682539,0.0,0.8323017279256052,-1.0,0.444142014166934
63378800,20260207,376.11769,28.6,27.498617760000002,7.148069918190334,13.593646533890364,52.618067180070895,373.80649000000005,376.11767578125006,265565,57,0.02248530980644506,0.0310457516339869,0.9938551148710928,1.0000000000000002,-0.524697673640197,0.8397925342043965
63378942,20260207,12.07632,5.6,2.8356733399999987,0.7469894181385907,4.281226553408302,16.16663266526465,12.140160000000002,12.07631969451904,29652,13,0.006126066566121934,0.0182072829131652,1.005286378631901,0.9999999210293976,-0.23549525831994608,1.886898739389423
63379069,20260207,1000.0,116.0,0.0457642999999987,0.0,22.245724287272587,0.0,1.01806,0.0,25447,0,0.019813906408160088,0.0,0.0010180599999999999,0.0,-0.8082265147648914,-1.0
63380156,20260207,34.70317,2.0,19.27245353,9.160793329240274,1.4694444563540736,3.7882272572803415,28.319799999999997,34.70317077636719,2817,18,0.010479910714285714,0.0784722222222222,0.8160580142966766,1.0,-0.2652777718229632,0.8941136286401707
63380247,20260207,6.73505,5.45,1.3374114599999993,0.2734363497053486,3.8597695282198363,24.63105427504176,5.1621,6.735050201416015,3746,9,0.006459734436971892,0.75,0.7664531072523588,0.9999998584013252,-0.29178540766608513,3.5194596581761988
63381071,20260207,1000.0,19.41,20.43495700999999,27.91933391983467,8.9418617279489,35.81747211641404,182.72656,1000.0000000000032,10808951,3522,0.3924533802919178,0.0522787125521186,0.18272656,1.000000000000003,-0.5393167579624472,0.8453102729513673
63382374,20260207,1000.0,83.45,0.1044110699999986,0.0021016232,13.333260544116811,728.1380705777431,1.39214,1.531,262873,2,0.007438103753671332,5.503819650837681e-06,0.0013921399999999998,0.001531,-0.8402245590878753,7.725441548300509
63383639,20260207,1000.0,23.0,10.404426669999998,21.38489898765972,16.561577630879686,46.76196758353117,172.31372,1000.0,64988,378,0.0025482792018100046,0.054989816700611,0.17231371999999998,1.0,-0.2799314073530571,1.0331290253709209
63385982,20260207,166.66666666666666,44.0,5.198072819999998,1.5761678972215083,13.756742638322644,105.74163216057104,71.50855,166.66667175292966,1176471,224,0.02329082875028211,0.0565656565656565,0.4290513,0.9999999999999998,-0.68734675821994,1.403218912740251
63386669,20260207,1000.0,8.55,0.0704290999999995,15.108017955191231,5.999366739032629,66.19001491630996,0.4225299999999999,1000.0000000000013,96791,1544,0.008226330103688595,0.7144840351689032,0.0004225299999999999,1.000000000000001,-0.2983196796453066,6.741522039734715
63387460,20260207,1000.0,20.0,1.3358856599999989,18.425952024979225,9.48619360132963,54.27127696702293,12.672469999999999,1000.0000000000016,14065,772,0.0023212252240357796,0.0307494559099788,0.012672469999999998,1.0000000000000016,-0.5256903199335186,1.7135638483511464
63392724,20260207,1000.0,12.0,0.5881267999999983,5.693533082200002,3.039599623754614,20.830771940188725,1.7876699999999999,118.60070999999998,5190,36,0.013175932977913175,0.0062633547008547,0.0017876699999999999,0.1186007099999999,-0.746700031353782,0.7358976616823938
63393176,20260207,10.416666666666666,9.38,0.007641369999999899,0.2982587810690975,0.0,34.924812682487975,0.0,10.416666984558102,1698,28,0.0019171276956079938,0.5301542776998598,0.0,0.9999999084472764,-1.0,2.723327532663854
63395435,20260207,166.66666666666666,34.0,0.5034334099999986,0.0661824905,7.193126097848789,39.47661237359488,3.62126,2.6127,76757,2,0.020294273174342976,5.39966944632259e-05,0.02172756,0.0156761995216003,-0.7884374677103297,0.1610768345174965
63396395,20260207,35.40957,45.67,1.5490944399999982,0.338295217605529,18.730530076655647,104.67030650608844,29.01536,35.409568786621115,224889,83,0.17834179222839017,0.0096067777041621,0.8194214163007345,1.0000000000000009,-0.5898723434058322,1.2918833085756978
63400025,20260207,37.5,12.3,0.173732089999999,1.3777178464613873,5.323599111712783,27.218906162398195,0.9248799999999999,37.49999999999999,9486,81,0.001108656779215315,0.6428571428571429,0.024663466666666665,0.9999999999999996,-0.5671870640883917,1.2129191658794602
63400463,20260207,37.93626707132018,175.0,0.1020145199999998,0.0,57.58729247562025,0.0,5.87474,0.0,1272,0,0.23127272727272727,0.0,0.1548581464,0.0,-0.6709297572821701,-1.0
63400580,20260207,62.5,12.3,2.7837648,2.009978643280376,10.22704576191207,31.094842283077668,28.46969,62.50000000000001,308398,202,0.023964224382435447,0.0460241512873091,0.45551504,1.0000000000000002,-0.16853286488519761,1.5280359187717951
63400626,20260207,10.53743,3.2,3.917679739999998,2.3205454427042542,2.6897119466942456,4.540926057610161,10.53743,10.537429809570312,45662,18,0.013993870671161509,0.0922080592105263,1.0,0.9999999094965046,-0.1594650166580483,0.4190393718578408
63400716,20260207,72.28915662650603,20.0,0.3840823499999987,0.1456696628,8.020701810432087,82.21284759610498,3.08061,11.976,2073,2,0.007148275862068966,0.0006459948320413,0.042615105,0.1656680058984173,-0.5989649094783956,3.110642379805249
63400779,20260207,2.2580645161290325,3.08,0.023360919999999702,0.3345250653428352,0.0,6.750040557001019,0.0,2.2580645084381104,27613,10,0.012522334588000544,0.8333333333333334,0.0,0.999999577658694,-1.0,1.1915716637028142
63402273,20260207,1.6937669376693767,48.0,0.0148208899999999,0.0090083438919514,0.0,188.001143243529,0.0,1.693766951560974,142431,2,0.10401738114365004,0.0114942528735632,0.0,0.9999994369510052,-1.0,2.916690484240188
63402334,20260207,7.225870000000001,2.4,1.5575263699999984,0.4513475216054908,0.6297678285857857,16.00951323988647,0.9808800000000001,7.225870132446289,147004,16,0.009981531274613651,0.2166666666666666,0.13574559188028568,0.9999998680194672,-0.737596738089256,5.670630251552331
63403274,20260207,10.1010101010101,9.3,0.23528397999999978,0.4822377895242271,10.156790105301697,20.94607597314263,2.38973,10.1010103225708,16599,36,0.0008686346438645057,0.8780487804878049,0.23658327000000004,0.9999999055862536,0.09212796831201037,1.2522661874792416
63403381,20260207,11.363636363636363,9.8,2.176854729999999,0.4889385817079381,3.2080000120173393,23.241391047030493,6.98335,11.363636016845708,160225,45,0.004290205024808082,0.041591814431783,0.6145348,0.9999999160766648,-0.6726530599982307,1.3715704688458494
63405128,20260207,1000.0,86.31,0.6356251999999994,0.0,20.628367157249293,0.0,13.111910000000002,0.0,23871,0,0.004416384525725703,0.0,0.013111910000000001,0.0,-0.7609967888164836,-1.0
63406536,20260207,19.62989,98.0,0.19507661999999798,0.0712450207417957,25.23746823171352,275.52262200068185,4.92324,19.62989044189453,8533,1,0.2922260273972603,0.1,0.2508032393457121,0.9999998807907104,-0.7424748139621069,1.81145532653757
63406884,20260207,988.0561600000004,23.0,31.67529463999999,24.35128951165807,22.184647624796344,40.575104299738165,702.7052500000002,988.0561523437506,160685,164,0.0039596116409157,0.048235294117647,0.7111997054904247,1.0000000000000009,-0.035450103269724156,0.7641349695538332
63407342,20260207,402.38432,1.91,101.78377334999979,142.3048012978744,1.4890730124420202,2.8276228304583246,151.56347,402.3843078613279,223543,1313,0.009349078027828545,0.1029904239068789,0.376663459450905,0.9999999999999994,-0.22038062175810458,0.4804308271586568
63407584,20260207,8.733624454148472,1.18,10.17999462000001,3.875715735730117,0.6641172468517467,2.2534217678495345,6.7607099999999996,8.733624458312988,1088,8,0.0017212466381901599,0.5,0.7741012949999999,0.9999998908043028,-0.43718877385445193,0.9096795491662824
63411075,20260207,850.2778400000001,260.5,1.4200786899999966,0.784292415063404,87.53609280623758,1084.1323103069933,124.30813999999998,850.2778320312498,1511725,476,0.06434213942481624,0.0024079423783388,0.1461970830616966,0.9999999999999998,-0.6639689335653068,3.161736315957748
63412723,20260207,1017.58415,1.26,1235.2938429400003,350.0784655987769,0.7762061921380209,2.906731674664001,958.8427300000001,1017.5841674804684,68367,237,0.0038366396363534333,0.7669902912621359,0.9422736488181347,0.9999999999999996,-0.3839633395729993,1.306929917987777
63413074,20260207,35.0,2.4,4.243047229999998,1.1340769923215055,2.5008371165361747,30.86207495161203,10.61117,34.99999999999999,4758,42,0.0006743675147048402,0.0939696028959223,0.3031762857142857,0.9999999999999998,0.042015465223406157,11.859197385526418
63414046,20260207,1912.7930200000008,303.8,9.382286910000001,0.0143198724,201.46342657517386,333.9028423994617,1890.18767,4.78178,401134,1,0.006066518860419886,7.842399146746973e-07,0.9881820198193735,0.0024998941747077,-0.3368550803977161,0.09908774133002
63415176,20260207,391.68223000000006,5.0,167.08847776,45.297933360763714,2.359302839339004,8.646800918989642,394.21232,391.6822204589842,61727,200,0.006827830319119518,0.0527040464415708,1.0064595475776368,0.9999999999999996,-0.5281394321321992,0.7293601837979284
63417058,20260207,4.0387200000000005,17.27,0.07157956999999951,0.1174973724604389,15.816663888872311,34.37256232872695,1.13215,4.03872013092041,12348,4,0.05119402985074627,0.4166666666666667,0.2803239640282069,0.99999976386725,-0.08415379913883547,0.9903046564932126
63417588,20260207,250.18294000000003,52.0,7.085179469999998,0.9242875557081428,23.712244793708813,270.67622559752783,168.00551000000002,250.18293762207043,524464,118,0.03980419092144109,0.0330622687820217,0.6715306407383334,1.0000000000000004,-0.5439952924286767,4.205312030721689
63418375,20260207,111.04177,7.1,8.529634269999999,7.541534495862474,3.6520018343060805,14.72402682397764,31.150240000000004,111.04177093505858,1367,25,0.001835145657135186,0.0727636849132176,0.2805272286275696,1.0,-0.4856335444639323,1.0738066227818663
63418435,20260207,1.7391304347826086,17.27,0.0111358899999997,0.00025572380769,88.58384915799515,6774.324490658305,0.98646,1.7391303777694702,2594,1,0.0029215001689379435,0.0192307692307692,0.5672145000000001,0.999999463558197,4.129348532599604,391.2596590096169
63419441,20260207,37.5,7.5,0.2326952199999996,2.6208105688406604,1.0109361077550298,14.308544897254274,0.23523999999999998,37.5,35384,113,0.0060163569278900925,0.795774647887324,0.006273066666666666,1.0,-0.865208518965996,0.90780598630057
63421324,20260207,1000.0,1.4,0.8615201099999998,100.9326342701506,1.1642096201329535,9.907598244348392,1.00299,1000.0000000000006,5298,448,0.0007478192135053496,0.8784313725490196,0.00100299,1.0000000000000009,-0.16842169990503317,6.07685600933842
63423264,20260207,2919.6333800000007,6.1,570.78606884,290.8830683379589,3.4091879886884024,10.037137284841783,1945.9170099999997,2919.633300781245,79940,582,0.0045280753130965265,0.0330794589064453,0.666493616400563,0.9999999999999984,-0.4411167231658356,0.64543236750204
63423338,20260207,1000.0,15.5,0.887547869999999,0.3117604729,14.683433356670683,20.0951385741288,13.032250000000001,6.264889999999999,6657,2,0.020295731707317074,0.0019841269841269,0.01303225,0.0062648899999999,-0.05268171892447206,0.2964605531695998
63423732,20260207,114.94252873563218,11.5,0.3046941499999983,4.969749347,5.677857615579458,21.542878922404757,1.73001,107.06273,4741,63,0.002625138427464009,0.0102834486480354,0.015051087000000001,0.931445758817004,-0.5062732508191775,0.8732938193395438
63425723,20260207,243.00836,27.5,14.681358509999999,4.845479706671874,16.26848086553538,50.15154873732165,238.84340000000003,243.00836181640625,111832,26,0.021381565110987898,0.0597701149425287,0.982860836557228,1.0,-0.40841887761689527,0.8236926813571508
63425781,20260207,21.27659574468085,27.5,0.7513968699999993,0.0,11.601911517145403,0.0,8.71764,0.0,50204,0,0.012421198475926567,0.0,0.40972907999999997,0.0,-0.5781123084674399,-1.0
63426601,20260207,7170.80575,339.26,20.49040154,0.0639359442,129.28927404513905,538.4070263401798,2649.1891399999995,34.42410000000001,5034386,125,0.02410306742356816,2.930474239214277e-05,0.36944092928469013,0.0048005902840905,-0.6189079937359575,0.5870040996347723
63426622,20260207,2070.2722899999994,414.17,8.96231607,0.0,232.0046306958688,0.0,2079.29883,0.0,466821,0,0.00901856953529796,0.0,1.0043600738142522,0.0,-0.4398323618420726,-1.0
63427727,20260207,1000.0,86.19,0.0043750299999998,0.0381840756,10.687926711360182,62.74702779428306,0.046759999999999996,2.396,7488,2,0.17577464788732394,0.0047794117647058,4.675999999999999e-05,0.0023959999999999,-0.8759957453143036,-0.2719918085982212
63428201,20260207,1000.0,3.83,0.0820921599999999,87.12378539612862,0.0,11.47792171764972,0.0,1000.0,4074,327,0.004803678811460913,0.8788143304824777,0.0,1.0000000000000002,-1.0,1.9968464611725747
63428371,20260207,52.63157894736842,10.0,3.9220124899999997,2.8093845964125457,4.672942793203599,18.73419598220738,18.32734,52.6315803527832,6159,16,0.008650280898876404,0.0496894409937888,0.34821946000000004,1.0,-0.5327057206796402,0.8734195982207378
63428584,20260207,32.25806451612903,8.0,1.651971029999999,2.8362001101502154,5.9712245680240565,11.373687202425158,9.86429,32.25806427001953,1789,2,0.001184846678587986,0.074074074074074,0.30579299000000004,1.0,-0.25359692899699293,0.4217109003031447
63430523,20260207,1000.0,321.87,0.0062351199999998,0.0,128.7032166181285,0.0,0.8024799999999996,0.0,1586,0,0.010510271703114646,0.0,0.0008024799999999996,0.0,-0.6001391349982027,-1.0
63437499,20260207,1000.0,23.0,1.5970414799999997,0.0,31.52378359014195,0.0,50.34479,0.0,10556,0,0.0006314907872696817,0.0,0.05034479,0.0,0.37059928652791085,-1.0
63449407,20260207,4.716981132075472,3.36,0.00020804,0.2828295297939682,0.0,16.677764375646493,0.0,4.716980934143067,2619,8,0.004398723547195163,0.7272727272727273,0.0,0.9999997978210776,-1.0,3.963620504866371
63450741,20260207,77.27272727272727,21.92,0.8908534999999991,0.0108801276,2.565438649564718,55.447378450005495,2.28543,0.60333,1595,3,0.11557971014492753,0.0392156862745098,0.02957615294117647,0.007807799929919,-0.882963565257084,1.5295336796084575
63451974,20260207,68.71583000000001,2.5,35.654098270000006,13.480710205089364,1.3379210894288027,5.097344412804593,47.70237,68.71582794189453,10076,49,0.0029741137577850587,0.0469658119658119,0.6941976834158882,1.0,-0.46483156422847893,1.0389377651218372
63454972,20260207,67.95027999999999,5.05,7.864903899999998,2.1869872605039644,2.4337741749139497,31.07025330816432,19.1414,67.95027923583983,7264,32,0.01486088379705401,0.0914030414030414,0.2816971467961575,0.9999999999999998,-0.5180645198190199,5.152525175180846
63456215,20260207,279.7433699999999,1.62,19.505223919999995,77.49980167225712,1.1436213237791943,3.6096011607741487,22.30659,279.7433776855468,3619,143,0.0016377047696624128,0.0586599099099099,0.07973947693559282,0.9999999999999996,-0.29406091124741096,1.2281488581169795
63456596,20260207,351.75879396984925,550.0,0.17648230999999917,0.0,39.548326401666166,0.0,6.97958,0.0,1246,0,0.0016505497416876408,0.0,0.01984194885714286,0.0,-0.9280939519969706,-1.0
63458242,20260207,51.78524999999999,52.0,1.8017747599999996,0.7860866431249588,26.885108547086105,65.87719838918736,48.44091,51.785251617431626,5749211,55,0.027824089870109002,0.0209603658536585,0.9354190623778008,0.9999999999999998,-0.4829786817868057,0.2668691997920645
63459526,20260207,1000.0,11.82,7.652120039999999,30.548606068699257,7.4657741516558875,32.73471676633735,57.129000000000005,1000.0000000000014,19060,370,0.007965563356736878,0.0773495487143129,0.057129000000000006,1.000000000000001,-0.3683778213489097,1.7694346541033616
63461105,20260207,0.8063703255720189,33.0,0.0147580499999998,0.0085401823,0.0,35.62621535428414,0.0,0.3042899999999999,6950,4,0.03683094859565448,0.0050559768869628,0.0,0.3773571656392433,-1.0,0.0795822834631558
63461403,20260207,7.76066,25.0,0.1303049099999993,0.2590026631156138,28.85992553926034,29.963515103045456,3.76059,7.760660171508791,108803,40,0.03164441729924672,0.6557377049180327,0.48457089989768914,0.9999998771142948,0.15439702157041368,0.1985406041218182
63461553,20260207,3.4076200000000005,2.84,0.47569255999999926,0.4004932198034042,0.7092185759642752,8.5085371639777,0.33737,3.4076199531555176,133743,2,0.10012952010181927,1.0,0.09900458384444273,0.9999997201348558,-0.7502751493083537,1.995963880677233
63463244,20260207,1000.0,36.49,2.4433357199999985,14.783565933445606,46.379062472839415,67.64267409224837,113.31962,1000.0000000000008,10343,188,0.007451192277213458,0.0285240176657806,0.11331962,1.0000000000000009,0.2710074670550675,0.8537317341962511
63463364,20260207,117.6470588235294,5.0,4.04439071,13.037523753198297,2.421155793822897,9.023726420977978,9.7921,117.64705657958984,3884,89,0.020792291220556744,0.0405097860719162,0.08323285,1.0,-0.5157688412354207,0.8047452841955955
63464061,20260207,346.15384615384613,6.1,49.97379218,43.16816598721155,3.0249067242189027,8.018729153217816,151.16606000000002,346.1538391113281,5947,30,0.0024273469387755104,0.0316502829907655,0.4367019511111112,1.0,-0.504113651767393,0.3145457833742083
63465917,20260207,1000.0,310.7,0.7894095599999976,0.0,140.38786153033203,0.0,110.82352,0.0,260708,0,0.004393639109097773,0.0,0.11082352000000001,0.0,-0.5481562229471129,-1.0
63466342,20260207,80.63901,2.78,8.29725483,11.303426697019676,2.439680402102342,7.134031351359119,20.24265,80.63900756835936,75031,95,0.15825986078886312,0.1877712495103799,0.2510280074122934,0.9999999999999998,-0.12241712154592002,1.5661983542369218
63467432,20260207,4.3478260869565215,2.19,0.3906337299999991,0.441336417607951,0.9827364370199185,9.851478326024427,0.38389,4.34782600402832,11977,14,0.009260805690868321,0.7171717171717171,0.0882947,0.9999997806549512,-0.5512619009041467,3.4983918121572524
63468715,20260207,1000.0,86.19,0.0005304000000000001,0.0,0.0,0.0,0.0,0.0,2420,0,0.6914285714285714,0.0,0.0,0.0,-1.0,-1.0
63471673,20260207,166.66666666666666,5.0,5.7088477399999995,16.105912438011355,2.4998091821590607,10.34816636724136,14.271030000000001,166.66667175292977,1675,25,0.0019364161849710982,0.0661375661375661,0.08562618000000001,1.0000000000000004,-0.5000381635681879,1.069633273448272
63471771,20260207,33.333333333333336,11.0,2.1988669999999995,0.0,11.77652400076949,0.0,25.89501,0.0,1281,0,0.0014328859060402685,0.0,0.7768502999999999,0.0,0.07059309097904451,-1.0
63472525,20260207,1025.55606,1.74,871.8579168499999,380.15341921644415,1.171362145439696,2.6977424790483995,1021.26136,1025.556030273438,87878,432,0.016773811796144303,0.0902882621130047,0.9958123205863559,1.0000000000000004,-0.32680336468982984,0.550426703599068
63473865,20260207,8.695652173913043,1.88,1.9025181299999996,1.1425743080202568,1.3132542395272735,7.610572315905916,2.49849,8.69565200805664,58806,4,0.010723194748358863,1.0,0.28732635,0.9999998903274636,-0.3014605108897481,3.048176774047408
63474208,20260207,1000.0,82.0,0.00130291,0.0,8.28913739245228,0.0,0.0108,0.0,2552,0,0.0004302235409150679,0.0,1.08e-05,0.0,-0.8989129586286307,-1.0
63474289,20260207,1000.0,73.77,1.35e-05,2.681414260861919,0.0,372.9373866838359,0.0,1000.0,180632,22,0.23122375832053252,0.1098331988162496,0.0,1.0000000000000002,-1.0,4.055407396699239
63480295,20260207,1000.0,5.38,0.0906517399999994,31.77095243543445,2.795533764713195,31.475290851192742,0.25342000000000003,1000.0000000000006,239305,2135,0.045338372930165585,0.657492822491802,0.00025342,1.0000000000000009,-0.48038405860349537,4.850425684324286
63481146,20260207,1000.0,327.97,1.778907409999998,0.0585732017,173.24472778490497,430.10129491871504,308.18633,25.19284,360066,3,0.019118785542475748,2.8097916475736358e-05,0.30818633,0.02519284,-0.471766540278364,0.3114043763694228
63483455,20260207,26154.11694,96.0,360.67545835999977,285.6115558240754,62.10609896180354,91.57233509150322,22400.145709999997,26154.11718750015,35031774,22464,0.7995949502304168,0.2115201989405777,0.8564672919903217,1.0000000000000058,-0.3530614691478798,-0.0461215094635081
63488641,20260207,1884.9242100000013,20.6,28.056852819999996,43.24620653555295,19.022322048164778,43.58588421392398,533.70649,1884.9241943359373,92500,468,0.006170286568119964,0.0315462099228748,0.28314480081933885,1.0,-0.0765863083415157,1.115819582854508
63494257,20260207,83.03227000000001,11.0,14.871869980000005,3.7887903725465018,5.067624992778478,21.9152400262831,75.36506,83.03227233886719,51983,20,0.002313429846774158,0.0405679513184584,0.9076598772983081,1.0,-0.5393068188383201,0.9922945478439182
63494470,20260207,58.7649,10.5,0.40920028999999974,3.624412355166257,6.277219402752627,16.213630855254333,2.5686400000000003,58.76490020751952,1300,16,0.00012331391929578268,0.7272727272727273,0.04371044620172927,0.9999999999999998,-0.40216958069022596,0.5441553195480318
63501118,20260207,1000.0,15.36,0.4264734999999989,1.2968530173,7.775231051870769,23.768588899601195,3.31593,30.82439,16886,11,0.04375745011661052,0.0025367975022301,0.00331593,0.0308243899999999,-0.49380006172716345,0.5474342077389693
63510498,20260207,2.93115,8.3,0.1458485999999991,0.0318587266051481,3.0990355752472274,92.00172982936294,0.45199,2.931149959564209,1655,17,0.00024791407642644217,0.0527950310559006,0.1542022755573751,0.9999996746416872,-0.6266222198497317,10.08454550784984
63517708,20260207,2000.0,15.0,0.34900786999999933,0.7485468164,0.0,33.48925673253758,0.0,25.06831,2029,9,0.013954607977991747,0.0066949938660464,0.0,0.012534155,-1.0,1.2326171155025052
63518080,20260207,1000.0,9.0,3.2433980099999986,42.356494504898585,3.1579781354062075,23.609129794138635,10.24258,1000.0000000000005,9056,1134,0.0022488763068365244,0.0995931734360907,0.01024258,1.0000000000000004,-0.6491135405104215,1.6232366437931818
63520550,20260207,1000.0,25.3,0.8662697799999988,0.0,11.146215905165263,0.0,9.65563,0.0,31832,0,0.007775470822443147,0.0,0.00965563,0.0,-0.559438106515207,-1.0
63523189,20260207,1000.0,18.66,0.5611918599999988,0.1436682585,10.00761130070563,18.804063271475712,5.61619,2.701565827,27816,10,0.027983903420523138,0.0008105147609996,0.005616189999999999,0.002701565827,-0.4636864254712953,0.0077204407953723
63524267,20260207,38.46153846153846,2.76,0.0967084699999996,1.5154477744140211,6.345256004980769,25.37963728733748,0.61364,38.46154022216797,30200,26,0.039989406779661014,1.0,0.01595464,1.0,1.2990057989060757,8.195520788055362
63529958,20260207,164.5273,5.57,50.97008587000001,7.858417502301121,3.073191801157936,20.936438791781764,156.64085,164.52729797363276,35747,35,0.0038173702252170478,0.0857843137254902,0.9520660097138894,0.9999999999999996,-0.44825999979211206,2.7587860227187395
63530218,20260207,83.33333333333333,2.47,14.201148289999999,15.768347564021724,1.4361697789158148,5.284848666182112,20.39526,83.33333587646483,6160,66,0.0015419660066584896,0.0420161366702247,0.24474312,0.9999999999999998,-0.4185547453782127,1.139614819824794
63530858,20260207,731.0965000000001,13.27,20.323064679999995,16.890386651199996,11.184759955209671,7.379561362000153,227.30859999999998,124.64365210000004,13044,36,1.344742268041237,0.4739583333333333,0.31091463302040145,0.1704886464136059,-0.1571394155832953,-0.443891401097676
63531248,20260207,34.41965,2.1,22.040185029999993,13.253382728691356,1.5493454321513018,2.5970462891662422,34.147859999999994,34.41965103149414,2961,9,0.0002115634690407122,0.391304347826087,0.992103638473953,1.0,-0.2622164608803325,0.2366887652886064
63531465,20260207,12.32902,1.45,3.698970939999999,3.3768068194473586,0.494091472911112,3.651087123023344,1.8276299999999999,12.329019546508787,37700,15,0.015354539160184092,0.0625,0.14823805947269125,0.9999999226480064,-0.6592472600613021,1.5179910365215
63532364,20260207,72.20216606498195,4.15,9.028390819999998,11.574887134229012,4.069692011848463,6.237828206976304,36.74276999999999,72.20216369628905,187643,31,0.025304160204976063,0.0667506297229219,0.5088873644999998,0.9999999999999998,-0.01935132244615348,0.5030910996699678
63532391,20260207,238.66007,4.15,4.7765663499999995,42.49319912168139,2.805858647812984,5.616429546700434,13.40237,238.66006469726585,67630,90,0.009047491638795986,0.0666666666666666,0.056156733717542276,1.0000000000000009,-0.3238894824547027,0.3533564861769402
63533300,20260207,2094.1917699999995,3.61,88.02355833999997,330.48214634165583,2.606760443763265,6.3367769401039,229.45632999999998,2094.191650390624,889339,906,0.07179963508364012,0.0162206514866308,0.10956796473323932,0.9999999999999996,-0.27790569424840295,0.7553399236139574
63533681,20260207,7.475240000000001,1.97,11.235353969999998,0.0957366280155644,0.43910766079762414,78.08048293556035,4.933529999999999,7.475240230560304,10962,5,0.0008309896524276996,0.2941176470588235,0.6599828232939676,0.9999998724222682,-0.7771027102550131,38.63476233583792
63533738,20260207,74.38692,3.79,7.22517268,5.56070148924738,3.456444725415199,13.377251751572452,24.973409999999998,74.38691711425781,2051,9,0.1289937106918239,0.1916666666666666,0.335723135196349,1.0,-0.08800930727831165,2.529617911930525
63533809,20260207,2000.0,18.0,6.488862299999999,24.68496450254996,9.62495074059439,81.02097609953707,62.454980000000006,1999.999999999997,1746866,1984,0.06095455100580979,0.0499201964562819,0.031227490000000004,0.9999999999999986,-0.4652805144114228,3.5011653388631703
63533942,20260207,1000.0,1.98,2.8360440499999995,293.6134292461345,1.7843305360507362,3.405838755950999,5.06044,1000.0,1437,333,0.0070268948655256725,0.3503207179677768,0.00506044,1.0000000000000002,-0.09882296159053726,0.7201205672435872
63534270,20260207,2000.0,15.0,0.971887609999999,5.4382187615,13.00418882796542,57.38476444245842,12.63861,312.0709599999999,620602,200,0.09342757354048113,0.0039871274136728,0.006319305,0.1560354799999999,-0.1330540781356387,2.825650962830561
63535088,20260207,1582.6044799999995,2.13,769.19871332,440.3807725281177,1.7369839897849193,3.5937184076144777,1336.08585,1582.604492187499,78492,642,0.008242360600651056,0.0935806609639371,0.8442323188671881,0.9999999999999994,-0.1845145587864228,0.6871916500144208
63535386,20260207,117.61521,4.62,53.19435337000005,4.375177524655952,2.211046897814746,26.8823799586704,117.61521,117.6152114868163,18871,129,0.01845935635332094,0.0466733771548546,1.0,0.9999999999999992,-0.5214184203864186,4.818697104884727
63535808,20260207,9.097779999999998,3.82,2.5308014499999993,1.3785110368102689,2.793494527198095,6.59971040130519,7.069780000000001,9.097780227661133,1234,6,0.003295060080106809,0.0181914144968332,0.7770884765294392,0.9999998951750656,-0.26871871015756676,0.7276729101151308
63536636,20260207,208.86075949367088,5.6,1.6327292399999997,25.258456412062998,5.438880974533169,8.268943749908356,8.88022,208.8607635498047,5207,23,0.0026184250226289852,0.575,0.04251741696969697,1.0,-0.028771254547648333,0.4765971233442199
63537092,20260207,714.2857142857143,50.0,3.451404789999997,2.547239928366597,53.77970458226088,280.4154477937181,185.61552999999998,714.2857055664056,392553,517,0.028821382945918562,0.0176209952283571,0.25986174199999995,0.999999999999999,0.07559409164521753,4.608308955874362
63537243,20260207,2.684563758389262,2.14,0.8432210599999994,0.0302195726262086,0.6256840881085208,88.83232983051371,0.52759,2.6845638751983643,7458,3,0.03288359788359788,0.6,0.196527275,0.9999996447564587,-0.7076242578932146,40.510432465371984
63537321,20260207,1.8461538461538465,2.49,0.08482196999999969,0.0533292611978869,7.764615700389914,34.617378836257046,0.6586099999999999,1.8461538553237915,3041,4,0.0032302953048650948,1.0,0.3567470833333332,0.9999994834266812,2.1183195583895236,12.902561728382285
63537589,20260207,4.265840000000001,3.12,0.46447200999999905,0.2341288812100495,0.8152052047226717,18.219972741246355,0.37864000000000003,4.265840053558349,22902,14,0.14198388096714198,0.7142857142857143,0.08876094743356525,0.9999997764393198,-0.7387162805376053,4.839735067163781
63537852,20260207,12.032870000000004,2.37,6.560137069999999,3.089467628148329,1.4343435052645936,3.89480255051998,9.40949,12.032870292663574,151575,19,0.10128633478115603,0.0793650793650793,0.7819821871257644,0.9999999207442432,-0.3947917699305512,0.6433766829491628
63537981,20260207,1000.0,3.26,0.0229827299999998,47.7246152632145,0.7888531954210904,20.95354721103933,0.01813,1000.0000000000006,12517,1529,0.0040982908781350275,0.4621032227835954,1.813e-05,1.0000000000000009,-0.7580204922021195,5.427468488446763
63538339,20260207,1011.98769,3.6,104.41202985000001,189.7751114867175,1.929018526786164,5.332562619185735,201.41273999999999,1011.9876708984376,18666,166,0.0026352496046984416,0.2943262411347517,0.19902686760942712,1.0000000000000002,-0.4641615203371767,0.481267433458446
63539511,20260207,354.54545454545456,2.69,14.27960337,74.37407382635362,1.5852604174957556,4.76705682056026,22.63689,354.5454406738282,2912,150,0.0026429479034307496,0.0199893390191897,0.06384763846153846,1.0000000000000002,-0.4106838596670053,0.7721400442965031
63541222,20260207,468.76926,17.6,0.7891167299999984,12.3507117594,174.5205554062962,8.49829589690004,137.71709,104.96001156699998,25442,130,0.041194948186528496,0.0201223559408909,0.2937843876537468,0.2239054931420106,8.915940648085012,-0.5171422890508841
63541909,20260207,312.5,26.0,23.84098275999999,5.005327962132116,10.391828746911944,62.43345889235709,247.75140999999996,312.49999999999983,6515232,610,0.08059416130628402,0.0435378243682439,0.7928045119999999,0.9999999999999994,-0.6003142789649252,1.4012868804752725
63543019,20260207,7.1144300000000005,2.32,3.098336459999999,1.2389816616920717,2.2962096246964743,5.742154568166414,7.1144300000000005,7.114429950714111,98680,16,0.49538152610441766,0.9,1.0,0.999999865952129,-0.010254472113588608,1.475066695428854
63548375,20260207,1000.0,18.08,0.18686605999999947,0.0,13.590536451616773,0.0,2.5396099999999997,0.0,2795,0,0.008013188073394495,0.0,0.00253961,0.0,-0.24831103696809878,-1.0
63552128,20260207,86.28540000000001,4.15,12.18227423,19.43589052682229,3.2091774706339042,4.439487649514187,39.095079999999996,86.285400390625,92113,26,0.011114288472212167,0.0597701149425287,0.45309032582569,1.0,-0.2267042239436376,0.0697560355407955
63554448,20260207,316.32612000000006,8.2,39.77014,8.100903649645616,5.836267863276317,39.04824516773964,232.10918999999998,316.326110839844,228834,890,0.008870772665953389,0.0292587399007509,0.733765488603976,1.0000000000000009,-0.2882600166736198,3.7619812287823753
63557880,20260207,197.3684210526316,25.75,12.6591705,5.295690106608477,13.65377376029496,37.26962534042413,172.84545000000003,197.368423461914,29478,29,0.06263918402039949,0.0379084967320261,0.8757502800000001,0.9999999999999996,-0.4697563588234967,0.4473640908902573
63558513,20260207,1000.0,30.39,0.0284800699999999,0.0,24.025924093585534,0.0,0.6842600000000001,0.0,3497,0,0.053389312977099236,0.0,0.0006842600000000001,0.0,-0.20941348820054184,-1.0
63559263,20260207,4.53857,4.5,0.6646629899999998,0.3379046543138541,4.291573388191812,13.431470794507788,2.8524499999999997,4.538569927215576,2305,8,0.0985042735042735,0.9166666666666669,0.6284909123358238,0.9999997898734334,-0.04631702484626407,1.9847712876683972
63559570,20260207,1000.0,33.45,5.341683049999997,17.659974574177134,23.87749119633747,56.625219882083215,127.54599,999.9999999999992,187286,171,0.010673634778247638,0.0642374154770848,0.12754599,0.9999999999999992,-0.28617365631278124,0.6928316469523218
63559834,20260207,315.59441000000004,15.4,13.990619959999998,15.029586963327326,22.228635392080225,20.99820847762288,310.99239,315.59442138671864,138984,99,0.02254111388627591,0.0662207357859531,0.98541792929729,0.9999999999999996,0.44341788260261195,0.3635200647899031
63560316,20260207,4.545454545454546,2.83,0.0950478999999996,0.168171058484166,0.0,27.02859525581464,0.0,4.545454502105713,7375,11,0.007341961174713788,0.6875,0.0,0.9999997901916924,-1.0,8.550740630557712
63560778,20260207,65.36903000000001,10.0,0.10663860999999959,4.011803064253492,14.370404865554848,16.294174083908132,1.53244,65.36903381347656,3387,41,0.0012009786539961705,0.6721311475409836,0.023442905608359186,1.0,0.4370404865554848,0.6294174083908132
63561739,20260207,1000.0,8.37,0.6205552399999996,16.962811712671808,2.245634087305428,58.95248724010051,1.39354,999.9999999999995,152808,1243,0.010491308049323043,0.4608081313468238,0.00139354,0.9999999999999996,-0.7317044101188258,6.043308010291893
63563441,20260207,32.60413000000001,2.5,19.86996271,6.762814552295776,1.4766222980999242,4.821088130991777,29.340429999999998,32.604129791259766,2810,14,0.0009405857740585774,0.0374331550802139,0.8998991845511592,1.0,-0.40935108076003035,0.9284352523967108
63568994,20260207,1000.0,1.56,9.99827321,144.32288316935498,0.7065810117025199,6.928908092125951,7.064590000000001,1000.0,75557,452,0.004441028836093902,0.3782426778242678,0.007064590000000001,1.0,-0.5470634540368463,3.4416079142799965
63570480,20260207,1000.0,300.0,0.06755915999999869,0.0,170.27876012668338,0.0,11.50389,0.0,3633,0,0.0013534758959839058,0.0,0.011503890000000001,0.0,-0.4324041329110554,-1.0
63572499,20260207,1000.0,18.54,5.736335839999997,21.864339084334688,11.17819489453045,45.736573623663965,64.12188,1000.0000000000008,29393,467,0.0075328036904151715,0.097234643533217,0.06412188,1.0000000000000009,-0.3970768665301807,1.466913234365558
63572763,20260207,16.345940000000002,1.35,15.402690830000001,7.325482757544436,1.061239245818193,2.2313802306087926,16.34594,16.34593963623047,4061,8,0.010608672936259143,0.3636363636363636,0.9999999999999998,0.999999883313627,-0.21389685494948676,0.6528742157045929
63573065,20260207,2.7549400000000004,5.0,0.45875361999999986,0.0955270880979169,6.005271413444107,28.839057577862896,2.75494,2.754940032958985,78890,4,0.005231883385172462,0.5,0.9999999999999999,0.9999996538313088,0.2010542826888214,4.767811515572579
63574325,20260207,1000.0,300.0,0.21468064999999903,0.0,333.8551005877816,0.0,71.67223000000001,0.0,1650,0,0.0012172630025820731,0.0,0.07167223000000002,0.0,0.11285033529260526,-1.0
63574326,20260207,1000.0,11.0,0.2076069899999985,2.0096558939,3.3728151446153385,81.12459917653608,0.7002200000000001,163.03260999999998,2116,4,0.0024742750233863425,0.0006564771942108,0.0007002200000000001,0.1630326099999999,-0.6933804413986056,6.37496356150328
63576343,20260207,1000.0,18.08,0.0782647799999994,0.5909236842000001,10.709542657629733,29.21165837465281,0.8381799999999999,17.26189,1868,5,0.005077466702908399,0.0034722222222222,0.0008381799999999999,0.01726189,-0.40765803884791296,0.6156890762123951
63576544,20260207,0.8063703255720189,33.0,0.012353309999999802,0.0050669345,14.293335146612757,46.206200968066966,0.17657,0.23417,12911,1,0.0519975835682642,0.0003974562798092,0.21896887125,0.2903997090858773,-0.5668686319208256,0.4001879081232414
63577289,20260207,1000.0,10.01,0.00039359999999999997,9.925992582,0.0,38.854381358797056,0.0,385.66834000000006,4114,149,0.04968599033816425,0.0973409486922128,0.0,0.38566834,-1.0,2.8815564905473807
63577520,20260207,151.5151515151515,52.0,0.1348435899999989,0.0,12.359949775884887,0.0,1.66666,0.0,118256,0,0.008404056483764827,0.0,0.010999956000000002,0.0,-0.7623086581560599,-1.0
63578117,20260207,23.45548,52.0,0.4015116299999989,0.02932522,38.00402992062781,41.66817271370125,15.25906,1.22197,2123830,2,0.026811803692599022,1.7630150833628988e-06,0.6505541562142407,0.052097414789499,-0.26915327075715756,-0.1986889862749759
63578431,20260207,57.67297,52.0,1.7675212699999978,0.8158982662581886,15.274260320499586,70.686385198764,26.997580000000003,57.672969818115234,4603726,101,0.06034064873990112,0.0276918549120988,0.4681149592261332,1.0,-0.7062642246057772,0.3593535615146923
63580443,20260207,130.7283,3.79,31.344804149999995,15.15175285794011,4.145986345236106,8.627932002303904,129.95513,130.72830200195312,6367,39,0.2829777777777778,0.4759358288770054,0.9940856723448558,1.0,0.09392779557680898,1.2764992319645008
63581835,20260207,208.86075949367088,4.7,0.8883164599999998,16.50005981392239,6.65968747218756,12.658181439766128,5.91591,208.86076354980483,4506,79,0.001673848439821694,0.7181818181818181,0.02832466,1.0000000000000009,0.4169547813165021,1.693230202863622
63583264,20260207,41.66666666666666,2.37,3.1465289999999992,8.380179950247676,1.0070239301783015,4.97204871656154,3.1686300000000003,41.66666793823242,1618,22,0.003867112810707457,0.1111111111111111,0.07604712000000002,1.0,-0.5750953881104214,1.0979109521723187
63585050,20260207,67.94634,20.0,0.3353909899999996,0.1317786939,17.5320750268217,30.40612617480059,5.8801000000000005,4.00691,2035,1,0.0022062012142237642,0.0003968253968253,0.08654034934037654,0.0589716805120402,-0.12339624865891494,0.5203063087400295
63585415,20260207,1000.0,229.83,0.00066909,2.845873877790498,283.1158737987416,351.3857927500971,0.18943,1000.0,131415,20,0.6986443381180223,0.3732118758434548,0.00018942999999999998,1.0,0.2318490788789173,0.5288943564835222
63585819,20260207,104.16666666666669,20.0,1.9629655399999975,2.711900771491535,19.71715713358883,38.41092816066257,38.704100000000004,104.16666412353491,36527,193,0.001641928581703107,0.0293536121673003,0.37155935999999995,0.9999999999999976,-0.014142143320558454,0.9205464080331286
63585859,20260207,106.96745000000004,20.0,5.668696339999999,2.037641843765493,18.016849708340526,52.49568310276476,102.13204999999999,106.96745300292972,113001,71,0.006919883159113038,0.0596638655462184,0.9547955943607139,1.0000000000000002,-0.09915751458297369,1.6247841551382378
63592846,20260207,1000.0,22.0,0.1877847999999994,0.0,11.101803766865086,0.0,2.08475,0.0,5571,0,0.0018148944487881157,0.0,0.0020847500000000002,0.0,-0.49537255605158703,-1.0
63592988,20260207,70.92198581560284,1.65,32.41290016,5.028655505280296,1.3753918896469397,14.103566104872533,44.580439999999996,70.92198944091795,57186,19,0.006098929226568833,0.9047619047619048,0.6285842039999999,0.9999999999999998,-0.16642915778973347,7.547615944644592
63596498,20260207,524.1248999999999,24.0,1.3448374800000003,0.3478214223,28.736528074752943,35.56087591538805,38.64596000000001,12.36887,10764,5,0.000396654014813723,1.270712615634848e-05,0.0737342568536622,0.0235990896842323,0.1973553364480393,0.4817031631411688
63596870,20260207,280.8988764044944,3.0,4.416675419999999,51.95020619885262,1.6782804474230533,5.407078814351639,7.41242,280.898864746094,1258,124,0.000632446835252124,0.0858041329739442,0.0263882152,1.0000000000000009,-0.44057318419231556,0.8023596047838796
63597112,20260207,1707.9102600000006,7.91,27.67185854000001,88.41931233186767,4.238905378561535,19.31603191612614,117.29838999999998,1707.9102783203134,75380,477,0.001408377022043025,0.0304480015349836,0.06867948085281714,1.0000000000000004,-0.4641080431654191,1.4419762691203726
63598203,20260207,181.8181818181818,2.55,70.36833114999999,33.491963629201926,1.390405007494625,5.42871038717754,97.84047999999999,181.8181762695312,28852,98,0.006100820434745835,0.1005104085082976,0.53812264,1.0,-0.4547431343158333,1.1289060739967418
63598374,20260207,5.076142131979696,2.43,0.0002938,0.0062331951392163,0.0,814.2418063182814,0.0,5.076142311096191,4492,1,0.03452728670253651,1.0,0.0,0.9999998211860656,-1.0,334.0789234359465
63599572,20260207,147.05882352941177,2.54,26.270447849999996,37.38283464293694,1.6296433256275835,3.933859486649752,42.81146,147.05882263183594,4837,69,0.0017515208574739281,0.0163835865982556,0.29111792799999997,1.0,-0.3584081395166994,0.5487636006812576
63599957,20260207,1000.0,36.05,0.07052639999999971,0.0,18.042179949635955,0.0,1.27245,0.0,1402,0,0.0015661304736371761,0.0,0.00127245,0.0,-0.49952344106418983,-1.0
63600227,20260207,33.333333333333336,2.5,2.023867249999999,5.503541995269994,1.6398358143302143,6.056704215887082,3.3188099999999996,33.33333206176759,2678,68,0.006910967741935484,0.6126126126126126,0.09956429999999998,1.0000000000000004,-0.3440656742679143,1.4226816863548328
63601569,20260207,115.99468999999996,2.63,66.05690421,19.07369950796553,1.4745648644135878,6.081394110857756,97.40519,115.9946899414062,31414,130,0.005856122886490315,0.080485442079879,0.8397383535401495,0.9999999999999996,-0.4393289488921719,1.312317051800027
63601844,20260207,1000.0,79.04,0.0006831699999999,0.0005877351999999,144.07834067657305,107.94326549525152,0.09843,0.06355,11917,1,0.21433453237410072,0.0018382352941176,9.843e-05,6.355e-05,0.8228535004627155,0.3656789504672963
63604272,20260207,70.0,8.5,13.107625269999993,3.310032144187556,4.387274492170468,21.14782449321408,57.50675000000001,70.0,26513,10,0.0016779954937849674,0.0294117647058823,0.8215250000000002,1.0,-0.4838500597446509,1.4879793521428326
63610006,20260207,2000.0,18.0,0.529217199999999,2.2190980597,15.002176799998214,25.896797958973966,7.9394100000000005,57.467560000000006,64840,123,0.043287268843046935,0.0076706213150542,0.0039697050000000005,0.02873378,-0.16654573333343256,0.4387109977207759
63611224,20260207,1000.0,6.6,1.2335434099999987,6.8851537801,5.162696301056812,11.549251908443662,6.36841,79.51838698399992,25822,227,0.012463558258519162,0.0068304807680349,0.00636841,0.0795183869839999,-0.21777328771866483,0.7498866780796757
63612668,20260207,2000.0,15.0,0.4373678399999993,3.2258715884000004,1.6438565761945396,122.39319724522323,0.71897,394.8248600000001,112188,169,0.07312475557293703,0.0072661685133569,0.000359485,0.19741243,-0.8904095615870307,7.159546483014882
63613810,20260207,67.22689075630252,4.0,10.665219319999999,5.805452877521906,4.513010802294501,11.579954295091405,48.13225,67.22689056396483,7724,72,0.00571682332913922,0.0683760683760683,0.7159672187499999,0.9999999999999998,0.12825270057362514,1.894988573772851
63614842,20260207,1000.0,10.01,0.0895118499999998,14.9657666837,11.244991584913086,14.769292258942352,1.0065600000000001,221.0337968,1927,66,0.013135650988411724,0.0476684936969659,0.00100656,0.2210337968,0.12337578270859999,0.4754537383853938
63615321,20260207,121.09166,2.17,35.639077019999995,7.232276666530202,1.0431768471202683,16.743226011121063,37.17786,121.09165954589842,1087679,137,0.0806871559769143,0.4005847953216374,0.30702246546128775,1.0,-0.5192733423408902,6.7157720840803545
63615646,20260207,81.49904000000001,20.0,0.30864491999999943,2.9937629482754016,14.896049479771152,27.22293410715889,4.59759,81.49903869628909,3548,14,0.0016356260372487553,0.1359223300970873,0.056412811733733303,1.0000000000000004,-0.2551975260114424,0.3611467053579444
63616549,20260207,743.5570799999998,2.0,360.4157111799999,199.84505958172332,0.9672894082741249,3.720667729823769,348.6263,743.5570678710942,24195,252,0.004942092039953429,0.0602173713572416,0.46886286120764276,1.0000000000000009,-0.5163552958629376,0.8603338649118846
63616775,20260207,1000.0,69.33,0.0978666399999997,0.391088941,1.5294282096534677,28.68209796272924,0.14967999999999998,11.21728,77497,3,0.04828774378465948,0.0001809780882285,0.00014968,0.01121728,-0.9779398787010893,-0.5862960160794083
63617797,20260207,1000.0,42.0,0.5115784799999996,0.0,33.68474373667949,0.0,17.232390000000002,0.0,7869,0,0.005602705589177644,0.0,0.017232390000000004,0.0,-0.19798229198382158,-1.0
63618506,20260207,7.20164609053498,5.02,0.4629729899999988,0.2990895849403536,0.31919788668449184,24.07847886421637,0.14778,7.201646327972414,62768,11,0.008383822193727627,0.9166666666666666,0.02052030857142857,0.9999998675755314,-0.9364147636086669,3.7965097521319775
63619732,20260207,330.87964000000005,2.2,108.96754836999996,82.88488863808085,1.26041451839998,3.992038115954184,137.34428000000003,330.8796386718747,9613,128,0.004368949688678817,0.7272727272727273,0.41508833846651916,0.9999999999999992,-0.42708430981819095,0.8145627406495861
63621161,20260207,1000.0,100.0,0.7172931699999964,0.0,50.74114953583092,0.0,36.396280000000004,0.0,13786,0,0.01804214108101034,0.0,0.03639628,0.0,-0.4925885046416908,-1.0
63621861,20260207,1000.0,23.0,1.069345609999999,0.0,30.21282333594658,0.0,32.30795,0.0,5607,0,0.001464503996238834,0.0,0.032307949999999995,0.0,0.3136010146063731,-1.0
63622918,20260207,1350.15143,4.28,332.02644047,169.07377517441142,3.261464534171169,7.985576000059513,1082.89246,1350.151489257814,431052,831,0.04836325284983395,0.0676684655326791,0.8020525964261654,1.000000000000001,-0.23797557612823153,0.8657886935984735
63623050,20260207,85.65348999999999,25.0,2.660454639999999,1.876979739464921,16.851288996229613,45.63365321670658,44.83209,85.65348815917969,38445,22,0.01309033334468317,0.0505747126436781,0.5234122976191631,1.0,-0.3259484401508155,0.8253461286682634
63623138,20260207,37.101850000000006,25.0,0.3890167799999993,1.3798111117962084,17.54309929767043,26.889058506666224,6.824559999999999,37.10184860229492,22824,5,0.011059211163872469,0.0316455696202531,0.1839412320409898,1.0,-0.29827602809318277,0.0755623402666489
63623552,20260207,23.47515,25.0,0.7338591299999992,0.9217229049461436,6.39203057949283,25.468742894364595,4.690849999999999,23.47514915466309,32235,10,0.005635982166273276,0.0144092219020172,0.19982193936992945,0.9999999187503148,-0.7443187768202868,0.0187497157745838
63623668,20260207,23.80952380952381,25.0,0.22626095999999962,0.8260997684697389,8.588755214333059,28.82157412858645,1.9433000000000002,23.80952453613281,26480,7,0.014940194087113518,0.0945945945945946,0.08161860000000001,0.9999999198913664,-0.6564497914266777,0.152862965143458
63623744,20260207,91.2677,25.0,0.8465259399999996,0.0,23.216075339640522,0.0,19.653010000000002,0.0,5636,0,0.002809431234734061,0.0,0.21533368321980284,0.0,-0.07135698641437913,-1.0
63624347,20260207,166.66666666666666,35.0,1.5245267499999986,1.7250788067983347,15.194721903043039,96.61389061312768,23.164759999999998,166.66667175292972,7431,241,0.03205780845556514,0.1080950402401412,0.13898855999999998,1.0000000000000002,-0.5658650884844846,1.7603968746607903
63624431,20260207,1000.0,38.5,10.820987509999997,13.862983197310385,20.817467887457166,72.13454085838269,225.26556000000002,999.9999999999995,137793,999,0.20260696956329952,0.3510147952721604,0.22526556000000003,0.9999999999999996,-0.45928654837773597,0.8736244378800699
63624433,20260207,1045.55126,38.5,37.189085069999976,28.20504526333161,19.284177834708974,37.069652705747686,717.16093,1045.551269531249,495721,2173,0.28145176858002613,0.2347672336893942,0.6859165661566895,0.9999999999999992,-0.49911226403353315,-0.0371518777727873
63624751,20260207,434.7826086956522,42.0,0.7637385299999984,0.1990693348,26.10380282896038,43.21819224669329,19.93648,8.603459999999998,16639,11,0.0169889728405146,0.0012263090474142,0.045853904,0.0197879573357314,-0.37848088502475286,0.0290045773022212
63625403,20260207,119.04761904761904,24.0,3.80856712,2.036319277807253,25.47873962636111,58.4621309221832,97.03749000000002,119.04762268066408,44188,20,0.001990020175817841,0.0571428571428571,0.8151149160000002,1.0000000000000002,0.061614151098379644,1.4359221217576332
63626085,20260207,1000.0,96.08,0.0130614599999997,0.0127414998,39.61272323308511,69.44398774877753,0.5174,0.8848900000000001,3202,2,0.25616,0.0112179487179487,0.0005174,0.00088489,-0.5877110404549842,-0.2772274518594768
63627097,20260207,1000.0,30.0,0.6938685999999983,0.4202506833,1.2967584928904436,111.8569939586486,0.8997799999999999,47.00809,52608,7,0.688586387434555,0.0046905168666538,0.0008997799999999999,0.0470080899999999,-0.9567747169036519,2.7285664652882864
63631007,20260207,10.416666666666666,10.4,0.0313070299999997,0.244028039300694,2.5974996670077224,42.68617790083019,0.08132,10.416666984558104,7460,18,0.0013101510361784334,0.5806451612903226,0.0078067200000000005,0.9999999084472768,-0.7502404166338729,3.104440333322108
63631199,20260207,206.74242000000004,4.15,1.1974355599999988,38.256387666103,5.085860319698545,5.404127874856616,6.08999,206.74241638183597,29067,72,0.002988310767048083,1.0,0.02945689617060688,1.0,0.2255085107707337,0.3021994579925779
63631324,20260207,133.48968,2.35,7.976898749999997,2.734866562831069,0.8591459180800061,48.81029226892745,6.85332,133.4896850585938,188214,77,0.009959835532060136,0.3043478260869565,0.05133969906887184,1.0000000000000004,-0.6344059923063804,19.77033797861329
63631326,20260207,80.87560000000002,2.15,0.30823821999999973,4.970583730193233,0.4089369579152128,16.2708427905672,0.12605,80.87560272216798,7201,144,0.0021875569597180873,0.7741935483870968,0.0015585664897694728,1.0000000000000002,-0.8097967637603662,6.567833520391793
63632757,20260207,1000.0,86.31,0.012578059999999,0.0,9.92601402760123,0.0,0.12485,0.0,6899,0,0.011775046936337259,0.0,0.00012485,0.0,-0.8849957823241661,-1.0
63634169,20260207,1000.0,12.0,7.828716789999996,31.28353955008044,2.8161843877354014,31.965691300162863,22.047109999999996,999.9999999999984,33681,395,0.002161490922392715,0.0599574984820886,0.022047109999999995,0.9999999999999986,-0.7653179676887166,1.663807608346905
63634530,20260207,119.04761904761904,89.0,0.8656309699999982,0.3132587078509528,12.191003286308048,380.0285185010332,10.55291,119.04762268066408,108408,13,0.043526860997350036,0.0078403062206406,0.08864444400000002,1.0000000000000002,-0.8630224349853028,3.2699833539441934
63634590,20260207,5.076142131979696,2.07,0.00055329,0.4339757941420699,0.0,11.696805865233497,0.0,5.076142311096191,6458,12,0.0067453519949864215,1.0,0.0,0.9999998121262016,-1.0,4.650631035001842
63634742,20260207,5.076142131979696,2.07,0.025372929999999898,0.5374528449969557,0.0,9.444796717613851,0.0,5.076142311096191,10968,14,0.011801162040025823,1.0,0.0,0.9999998121262016,-1.0,3.5627038754624145
63635613,20260207,1.2315270935960592,6.48,0.04878384999999941,0.0344684864034443,0.7307746313585425,35.72803712995189,0.03565,1.2315270900726318,13284,10,0.020436923076923078,0.5555555555555556,0.0289478,0.9999992256170526,-0.8872261371360274,4.513585960615523
63636525,20260207,1000.0,20.0,3.5062172199999977,17.25565228059286,10.43995500084847,57.95202208453522,36.604749999999996,1000.0,22037,531,0.004973032744341389,0.0414261195194258,0.03660475,1.0000000000000002,-0.47800224995757656,1.897601104226761
63636832,20260207,27.027027027027028,1.03,29.272086110000004,8.765385041099815,0.5428858039117048,3.0833812684804247,15.8914,27.027027130126957,2199,12,0.007295952222959522,0.9230769230769232,0.5879818,0.9999999294281058,-0.47292640396921864,1.993574130220648
63636929,20260207,35.30304,2.32,3.0551764899999982,3.742320019429988,2.4468635525537197,9.433461043958877,7.4756,35.30303955078126,143036,26,0.16013882669055082,0.7647058823529411,0.2117551349685466,1.0000000000000002,0.05468256575591373,3.066147118708397
63638721,20260207,1000.0,30.2,1.7043895799999988,16.057811297368048,17.99136791249335,62.27498375752632,30.664299999999997,1000.0000000000016,60229,262,0.011499131298088857,0.0187089403027706,0.0306643,1.0000000000000016,-0.40425934064591557,1.062085502790726
63638728,20260207,1000.0,30.2,4.311500569999999,15.233887922714468,21.958619386196673,65.64312009056022,94.67459999999998,1000.0000000000008,381242,258,0.023354263276220113,0.0644355644355644,0.09467459999999998,1.0000000000000009,-0.27289339780805716,1.1736131931200318
63638938,20260207,1000.0,36.08,0.10309321999999971,0.0,13.866188290558817,0.0,1.42951,0.0,3419,0,0.005704989154013016,0.0,0.0014295100000000002,0.0,-0.6156821427228709,-1.0
63638951,20260207,2.47032,2.53,7.284128580000001,0.5141247920107554,0.24201384978846704,4.804894103215317,1.7628599999999999,2.470319986343384,19284,2,0.008461605967529618,0.0408163265306122,0.7136160497425434,0.9999996139471996,-0.904342351862266,0.8991676512059049
63639183,20260207,1000.0,34.1,0.039602299999999896,0.0,14.820856364403117,0.0,0.58694,0.0,1549,0,0.02073627844712182,0.0,0.00058694,0.0,-0.5653707811025479,-1.0
63639342,20260207,6.451612903225806,2.04,0.6874497099999993,0.7749032954482116,2.2969971141598142,8.325690007486237,1.5790699999999998,6.451612949371338,10334,15,0.07397279885468862,1.0,0.24475584999999997,0.999999852180504,0.1259789775293207,3.081220668221789
63639367,20260207,6.451612903225806,2.08,2.3760846399999984,0.0018491005469982,1.86910008390947,3487.1688243317485,4.44114,6.451612949371338,51864,1,0.21574043261231282,1.0,0.6883767000000001,0.9999998807907104,-0.10139419042813945,1675.5235347309342
63639383,20260207,481.31553,2.49,167.08888093999997,100.8929515813434,1.471916195837801,4.770556405832025,245.94083000000003,481.3155212402344,27485,189,0.0030282830731261224,0.1060023890508584,0.5109763028007844,1.0000000000000002,-0.4088689976555016,0.9158860994219724
63639547,20260207,1000.0,35.0,0.0711344499999999,0.0,16.6570487295537,0.0,1.1848899999999998,0.0,9561,0,0.03293489493627282,0.0,0.0011848899999999999,0.0,-0.5240843220127515,-1.0
63639568,20260207,1000.0,35.0,5.76262225,18.19627862840552,29.411028980773466,54.956288890996056,169.48465,1000.0,439392,267,0.03191979949874687,0.0760900541464804,0.16948465,1.0000000000000002,-0.15968488626361527,0.5701796825998873
63639572,20260207,1000.0,35.0,1.8767961799999995,0.0,19.813589987166328,0.0,37.18607,0.0,146818,0,0.018123441550425872,0.0,0.03718607,0.0,-0.4338974289381049,-1.0
63639592,20260207,10.834120000000002,6.06,2.02456432,1.1060825286,0.9281256127244205,8.482668584601143,1.8790499999999999,9.38254,37450,6,0.10160065111231688,0.0333333333333333,0.17343817495098812,0.8660176691892599,-0.8468439582963003,0.3997803077058109
63639615,20260207,2473.59103,2.49,1856.1068889899996,503.3943335662612,1.2703519845686562,4.913823804919139,2357.90907,2473.591064453124,320781,1104,0.004372726095461392,0.552,0.9532331906944214,0.9999999999999994,-0.48981848009290924,0.9734232072687184
63640115,20260207,4.3478260869565215,2.41,0.1585456099999995,0.5717295444908531,3.495397948893077,7.60467679385613,0.55418,4.34782600402832,8107,19,0.009292755616689592,0.96875,0.1274614,0.9999997806549512,0.4503725929016916,2.155467436937837
63645350,20260207,12.57633,2.45,0.7774871499999998,3.209414302561137,1.7448905747188237,3.918573633926567,1.35663,12.576330184936523,2949,8,0.003492420653718617,1.0,0.10787169229815056,0.9999999241691154,-0.28779976542088836,0.5994177786368914
63645523,20260207,111.24086,12.3,20.94655676999999,4.217261140333018,5.061078112457719,26.37750661061999,106.01216,111.24085998535158,924647,347,0.07352940708696482,0.049923482474627,0.9529965877646037,1.0000000000000002,-0.588530234759535,1.144512699315988
63645554,20260207,62.5,12.3,0.309572549999999,2.0865426224,6.603298645180287,25.26883667035669,2.0442,52.72453,49582,209,0.009984293193717278,0.0167051894233312,0.0327072,0.84359248,-0.46314645161135887,1.0543769332126331
63645608,20260207,62.5,12.3,3.618889709999998,1.7883256476127711,5.432796126854059,34.948872502364694,19.66069,62.50000000000001,182073,186,0.0726925380285064,0.137466307277628,0.31457103999999997,1.0000000000000002,-0.5583092579793448,1.8413717040988655
63645835,20260207,62.5,12.3,2.190383879999999,1.8034012304307856,4.473608525643462,34.65671659121234,9.79892,62.49999999999994,425060,265,0.03458021477383664,0.0391086186540731,0.15678272000000001,0.9999999999999992,-0.6362919897850844,1.817619191365376
63646194,20260207,576.4705882352941,1.72,124.39169135000002,160.9587216805171,1.3190589999964653,3.5814808384066845,164.07997999999998,576.4705810546874,15197,237,0.005929379633242294,0.0656445004271091,0.28462853673469385,0.9999999999999998,-0.2331052325601946,1.0822562667632878
63648944,20260207,26.5748031496063,68.0,0.0985532899999986,0.0,154.52239088111838,0.0,15.22869,0.0,2386,0,0.0018899009900990099,0.0,0.5730499644444444,0.0,1.2723881011929175,-1.0
63650409,20260207,3.00871,3.45,0.0439259699999998,0.4649642685952275,0.0,6.470827200968747,0.0,3.008709907531738,2765,3,0.09469178082191781,1.0,0.0,0.9999996830289248,-1.0,0.8756020613139338
63650940,20260207,2000.0,15.0,3.231039879999998,10.724216018386915,12.081098175736543,186.49380151212475,39.03451,1999.9999999999995,98586,934,0.006995983479754183,0.0423371934390111,0.019517254999999997,0.9999999999999998,-0.19459345495089717,11.432920100808316
63650951,20260207,2000.0,15.0,3.228901949999999,13.533790563171722,7.154506503364095,147.77824755646603,23.101200000000002,2000.000000000002,177265,1402,0.0223244420935973,0.1019761545480067,0.011550600000000001,1.000000000000001,-0.523032899775727,8.85188317043107
63652241,20260207,117.5,8.5,11.386904179999998,7.070482991559175,5.165096594322971,16.618381448889906,58.81446,117.50000000000004,8317,59,0.0018191561495220806,0.0397574123989218,0.5005485957446808,1.0000000000000004,-0.39234157713847395,0.9551036998694008
63652316,20260207,188.16694,10.0,23.739062800000003,8.048829865296698,4.659807378747908,23.378171259932,110.61946,188.16694641113284,12354,70,0.0032140069722670275,0.0541844831658318,0.5878793586163436,1.0000000000000002,-0.5340192621252091,1.3378171259932
63653084,20260207,1000.0,1.23,6.040023199999999,190.844317785797,0.9943090947067886,5.239873035583501,6.00565,999.9999999999994,52051,443,0.023910606826220773,0.1343638685620751,0.00600565,0.9999999999999994,-0.19161862218960274,3.26005931246286
63654692,20260207,1000.0,1.73,2.86550017,135.12057257853448,1.028455705867224,7.400797476771971,2.94704,999.9999999999994,2084,1024,0.003602420051858254,0.4488471883623683,0.0029470399999999997,0.9999999999999994,-0.4055169330247261,3.277917569466572
63654752,20260207,1000.0,1.4,0.9703912699999997,136.1410251897438,1.638483412984538,7.345324388889725,1.5899699999999999,1000.0,3670,379,0.005662706372473384,0.8540891773214517,0.0015899699999999998,1.0,0.17034529498895581,4.246660367128469
63654992,20260207,500.0,1.34,4.735577859999999,88.55119509213964,1.0693457376709672,5.646451116027141,5.063969999999999,500.0,83981,209,0.04990551461849299,0.189545587149073,0.010127939999999998,1.0,-0.20198079278286035,3.21376938461001
63655156,20260207,1000.0,1.26,16.85680374,171.23275156536772,1.433514939885039,5.840004234109664,24.16448,999.9999999999998,202830,295,0.05356803296006761,0.1004915327833261,0.024164480000000002,0.9999999999999998,0.137710269750031,3.634924030406146
63656523,20260207,8.51284,48.0,0.08668503999999919,0.0,37.584916613063,0.0,3.25805,0.0,2767,0,0.007919290211791642,0.0,0.38272186485356235,0.0,-0.21698090389452082,-1.0
63657517,20260207,1000.0,22.0,2.9143161699999984,21.68572291766927,14.092887526338647,46.113286501134894,41.07113,999.9999999999964,12712,389,0.0003755136283206754,0.0409301346801346,0.04107113,0.9999999999999964,-0.3594142033482433,1.0960584773243134
63659280,20260207,31.392510000000005,7.5,1.428892689999999,1.6526093467393237,1.6754722147819245,18.995711555593303,2.39407,31.392509460449222,104913,81,0.003650277825135433,0.4285714285714285,0.07626245878395833,0.9999999392419228,-0.7766037046957434,1.5327615407457738
63661292,20260207,1000.0,300.0,1.0850393199999973,0.0,148.59921389761288,0.0,161.23599000000002,0.0,83196,0,0.008652730109204369,0.0,0.16123599000000002,0.0,-0.5046692870079571,-1.0
63663934,20260207,2.1367521367521367,21.0,0.01623013,0.0760480717623071,22.84085216815885,28.09701787392664,0.37071,2.136752128601074,1186,2,0.0030201171377641964,0.0666666666666666,0.17349228,0.9999995536806174,0.08765962705518335,0.3379532320917449
63664633,20260207,12.5,7.5,0.2143855199999996,0.18936906167801,3.3663187700363406,66.00832195563217,0.7216899999999999,12.500000000000004,2078,25,0.0005883851969306566,0.0889679715302491,0.057735199999999993,0.9999999237060608,-0.551157497328488,7.80110959408429
63665246,20260207,1000.0,30.0,0.4747129299999995,0.0,15.489656032752272,0.0,7.353139999999999,0.0,76393,0,0.03200242972644632,0.0,0.007353139999999999,0.0,-0.48367813224159095,-1.0
63665437,20260207,1000.0,30.2,13.408579269999993,16.37525268498709,15.393079001426534,61.06775621539255,206.39932000000002,1000.0,574208,740,0.058646512102951694,0.0570987654320987,0.20639932000000002,1.0000000000000002,-0.49029539730375715,1.0221110818756367
63665441,20260207,1000.0,30.2,3.5299054999999977,16.06160585817776,13.333334277645685,62.260271268615256,47.06541,999.9999999999986,221445,736,0.039142538975501115,0.1169471415396412,0.04706541,0.9999999999999988,-0.5584988649786197,1.0615983342960449
63665444,20260207,1000.0,30.2,3.5630725699999983,16.499516901477374,15.767801215454904,60.607831451272816,56.18182,999.9999999999992,321322,487,0.015549920392568682,0.0586252558083544,0.05618182,0.9999999999999992,-0.4778873769716919,1.006881785435216
63666595,20260207,1000.0,20.0,1.5735898499999985,24.292359734659534,7.530774299287715,41.16520460579321,11.850349999999999,999.9999999999968,27333,809,0.0013065300210800036,0.0149593195266272,0.011850349999999999,0.9999999999999968,-0.6234612850356143,1.0582602302896604
63670871,20260207,3.5461400000000003,1.3,4.315747939999999,1.8004289030723153,0.4677497453662691,1.9696073418184048,2.01869,3.5461399555206308,418402,15,0.08361016745933415,0.6,0.569264044848765,0.9999997310669994,-0.6401925035644084,0.5150826262024417
63675336,20260207,1000.0,36.05,4.888550489999998,15.16565687876216,23.228668750028607,65.93845173049765,113.55452,1000.0,171703,171,0.004073444075935073,0.0631318051675416,0.11355451999999999,1.0,-0.3556541262127986,0.8290833044653942
63675362,20260207,1000.0,34.86,1.4007500399999986,15.453856922159025,28.292264050194166,64.70876107681286,39.63039,1000.0,24330,281,0.00813848469643753,0.0119819205185058,0.03963039,1.0,-0.18840321141152705,0.85624669947934
63675427,20260207,1000.0,34.85,0.1049685599999992,0.0,18.840784326278413,0.0,1.97769,0.0,2304,0,0.0032089136490250697,0.0,0.00197769,0.0,-0.4593749117280226,-1.0
63676199,20260207,1000.0,82.32,0.00042779,0.0,0.0,0.0,0.0,0.0,1147,0,0.08077464788732394,0.0,0.0,0.0,-1.0,-1.0
63677098,20260207,1000.0,82.32,1.3251689699999991,0.4828631617,16.193716036076527,114.53767826811986,21.45941,55.30614,23460,5,0.010019218449711723,0.0002245776849055,0.021459409999999998,0.05530614,-0.8032833328950859,0.3913712183276562
63679958,20260207,22.0820189274448,72.6,0.613100849999999,0.0,12.155912033069294,0.0,7.4528,0.0,5073,0,0.004921420256111758,0.0,0.33750537142857134,0.0,-0.8325631951367866,-1.0
63681662,20260207,29.743270000000003,6.51,2.485760659999999,2.2926680081487905,1.338310664229436,12.973207544703348,3.32672,29.74327087402343,224413,17,0.02954201990416513,0.0341365461847389,0.11184782305375299,0.99999993587294,-0.7944223250031589,0.9928121487841542
63681685,20260207,52.66818000000001,6.51,7.81831669,4.89534433665321,3.241294898224441,10.75882801648415,25.341469999999997,52.6681785583496,450248,19,0.0474564694970277,0.003009415314755,0.48115332635378694,0.9999999999999998,-0.5021052383679814,0.6526616955790948
63683340,20260207,85.97987,6.85,0.4298652799999994,4.618224875498057,10.509874163365803,18.61751156724312,4.51783,85.97987365722655,6907,29,0.006296836539338135,0.58,0.0525452062209445,1.0,0.5342881990315042,1.7178849381665435
63683627,20260207,71.41286,1.1,133.8593769,28.67136945381944,0.5489452565948707,2.490737482210266,73.48147,71.41285705566405,8350,12,0.008425832492431886,0.525974025974026,1.0289669115618671,0.9999999999999998,-0.5009588576410267,1.2643067529318055
63684003,20260207,1044.4733200000005,250.0,3.149361279999999,0.0,172.59930877158692,0.0,543.57758,0.0,9378,0,0.09934322033898305,0.0,0.5204322308587066,0.0,-0.3096027649136523,-1.0
63684378,20260207,64.88098000000002,8.26,6.50553055,2.728101220197708,9.468754243264604,23.782459823155197,61.599270000000004,64.88098144531247,65042,72,0.07503691739732349,0.0654545454545454,0.9494195371278298,0.9999999999999996,0.1463382861095162,1.8792323443282333
63686060,20260207,1000.0,38.46,0.033940119999999796,0.0,13.901836528568634,0.0,0.47183,0.0,1848,0,0.0033363423000541616,0.0,0.00047183,0.0,-0.6385377917688863,-1.0
63693341,20260207,1000.0,82.32,0.0232848699999989,0.0,38.02168532613845,0.0,0.8853299999999996,0.0,2180,0,0.00798242402050531,0.0,0.0008853299999999996,0.0,-0.5381233560964717,-1.0
63695352,20260207,244.34484,1.0,278.00997194,98.9630718072101,0.812903107118669,2.469050590719142,225.99517,244.34483337402352,56566,484,0.007163245406308964,0.0702892210794465,0.9249025680264007,1.0000000000000004,-0.18709689288133102,1.4690505907191418
63696056,20260207,714.2857142857143,50.0,0.9845240299999984,0.9292992239,41.3467713936856,49.31666733885526,40.70689,45.82999000000001,154975,43,0.010802135682770254,0.0003300528676974,0.056989646,0.0641619867832273,-0.173064572126288,-0.0136666532228947
63697940,20260207,1000.0,9.0,1.7965915899999985,0.5057166705,1.928485037603901,19.389277005696403,3.4646999999999997,9.805500000000002,175194,18,0.02677251749747853,0.0003869969040247,0.0034647,0.0098055,-0.7857238847106777,1.1543641117440449
63698176,20260207,35.2112676056338,8.2,0.1558657799999998,1.6327490789277808,4.483344580189449,21.565620993131528,0.6988000000000001,35.21126937866211,1698,9,0.00019187091087833485,0.75,0.019845920000000003,1.0,-0.45325066095250616,1.629953840823831
63698780,20260207,1000.0,9.0,0.8726999999999979,40.87048057130339,3.309774263779084,24.467536509335723,2.8884399999999997,999.9999999999984,458486,1867,0.03698392340020489,0.2992913552497262,0.0028884399999999995,0.9999999999999984,-0.6322473040245462,1.7186151677039692
63698963,20260207,1000.0,9.5,0.1341763499999994,22.453907011999995,1.7842935807987108,21.73646857460904,0.23941,488.0686658800001,25039,986,0.0066331991098866165,0.0458522970225419,0.00023941,0.4880686658800001,-0.81217962307382,1.288049323643057
63699826,20260207,1000.0,9.0,0.0031029999999999,36.9877958218,0.0,25.79084160692047,0.0,953.94640922,1482,1985,0.00023699865668777586,0.0318031038768174,0.0,0.95394640922,-1.0,1.865649067435608
63699827,20260207,1000.0,9.0,0.0366265999999998,19.8738211203,0.0,27.42287152823592,0.0,544.99727078,8919,893,0.002628414817434356,0.0333803725889395,0.0,0.54499727078,-1.0,2.0469857253595465
63699925,20260207,1000.0,9.0,0.413970999999999,36.2436014474,2.090943568510843,20.30716396423773,0.8655900000000001,736.0047775539997,127476,1719,0.016399634637403352,0.0247038306525643,0.0008655900000000001,0.7360047775539997,-0.7676729368321286,1.25635155158197
63701114,20260207,166.66666666666666,34.0,0.10341095999999951,0.028616781,16.52697160919895,58.48811268770279,1.70907,1.6738,24190,3,0.0056870812272246385,0.0006611028166308,0.010254420000000002,0.010042799693518,-0.5139125997294427,0.7202386084618467
63701115,20260207,166.66666666666666,34.0,1.0170834799999982,0.6821051587,21.73359457180451,58.58566073668264,22.10488,39.96164,317627,10,0.0073764160539528745,2.3685346635465883e-05,0.13262928000000002,0.2397698326828054,-0.36077663024104384,0.7231076687259598
63701441,20260207,1000.0,36.05,0.2813880899999992,0.0,29.27586594016834,0.0,8.23788,0.0,5351,0,0.0011830120268836223,0.0,0.008237880000000001,0.0,-0.18790940526578798,-1.0
63704769,20260207,1000.0,7.57,1.558786249999999,45.9939944359,3.203665672570568,11.41809240582066,4.99383,525.1636899999997,7522,68,0.006137902896776826,0.0056894243641231,0.00499383,0.5251636899999997,-0.576794495036913,0.508334497608703
63705909,20260207,162.73909999999995,2.0,63.65937559000001,49.54829997496172,1.6774542478669003,3.284453796041291,106.78568999999999,162.73910522460943,9465,61,0.003376257401726475,0.062620623104494,0.6561772186278529,1.0000000000000004,-0.16127287606654983,0.6422268980206456
63707085,20260207,662.23531,1.5,429.30605014,229.1917598923552,0.891995814815842,2.8894375956139933,382.9392,662.235290527344,179555,129,0.049763039742808046,0.8486842105263158,0.5782524643695003,1.0000000000000004,-0.4053361234561053,0.9262917304093288
63707198,20260207,1000.0,31.53,0.28251825999999913,0.7467653683000001,39.9191188562468,42.31530950159957,11.27788,31.59965,8643,1,0.0017044647787331387,1.331628848407372e-05,0.01127788,0.03159965,0.2660678355929843,0.3420649724096634
63707818,20260207,5.59174,15.0,0.0957549899999994,0.1151257043669121,21.719285856538782,48.57031356997013,2.0797299999999996,5.591740131378174,2019,2,0.06641447368421052,1.0,0.3719289523475698,0.999999829449486,0.44795239043591883,2.2380209046646757
63708107,20260207,17.33141,5.0,1.7003743199999994,1.7779161394001148,4.742097022495613,9.748153651408906,8.06334,17.331409454345707,18142,9,0.015942003514938487,0.5,0.4652443165328152,0.9999998899484532,-0.05158059550087746,0.9496307302817812
63708168,20260207,1000.0,10.01,0.08658829999999959,19.144973465,6.560008684776147,15.96970163417766,0.5680199999999997,305.73953000000006,1442,111,0.008593563766388557,0.0449050799921131,0.0005680199999999997,0.30573953,-0.34465447704533997,0.5953747521503853
63711027,20260207,1000.0,29.95,0.0126712699999998,0.0,238.15844820606355,0.0,3.0177699999999996,0.0,1269,0,0.003895027624309392,0.0,0.0030177699999999995,0.0,6.951868053624827,-1.0
63711593,20260207,132.71462,3.93,7.46426473,8.461994348422774,1.8850912325560027,15.683607636690642,14.07082,132.7146148681641,8992,62,0.0031473573678683932,0.0160643889422907,0.10602313445195412,1.0000000000000002,-0.5203330197058518,2.990739788875323
63712035,20260207,59.29753,27.0,3.042648139999999,1.3944182478198028,19.37017600727241,42.52489430323222,58.93663,59.29753112792969,50946,10,0.0514034910705277,0.037037037037037,0.9939137431188112,1.0,-0.2825860738047256,0.5749960853048971
63712496,20260207,2000.0,20.0,16.819040249999993,13.32438787325752,10.369814650987594,150.10069272400654,174.41033,1999.9999999999984,528273,559,0.027510493370689386,0.0436023956468614,0.08720516499999999,0.9999999999999992,-0.4815092674506203,6.505034636200326
63713068,20260207,7500.0,120.0,2.623684459999997,8.138688664100002,53.54639711514706,382.2287270298573,140.48885,3110.84099,682511,1640,0.057855114479227594,0.0125892885783354,0.01873184666666667,0.4147787986666666,-0.5537800240404411,2.1852393919154776
63713425,20260207,1000.0,30.45,1.0893592299999995,0.0,20.33258578990515,0.0,22.149490000000004,0.0,35785,0,0.020940370998888173,0.0,0.022149490000000004,0.0,-0.3322631924497488,-1.0
63713531,20260207,1000.0,31.5,0.7566933199999988,0.0,21.502885739760497,0.0,16.27109,0.0,33282,0,0.003938651613590372,0.0,0.016271090000000002,0.0,-0.3173687066742699,-1.0
63715009,20260207,1000.0,86.31,0.0051365599999996,0.0,21.30998177768945,0.0,0.10946,0.0,6310,0,0.13228511530398324,0.0,0.00010946,0.0,-0.753099504371574,-1.0
63716161,20260207,41.27358490566038,3.72,0.9929988299999999,6.349697364630307,1.2684506385571475,6.5000861305632105,1.25957,41.27358627319336,42793,17,0.0029517095815198274,0.9444444444444444,0.030517581714285716,1.0,-0.6590186455491539,0.7473349678955796
63719668,20260207,1000.0,84.69,0.0002581,0.0,216.1565284773344,0.0,0.055790000000000006,0.0,1498,0,0.5548148148148148,0.0,5.5790000000000006e-05,0.0,1.552326466847732,-1.0
63721302,20260207,1000.0,50.24,0.8255604899999986,0.2772708552,15.980779312730942,64.2922808993417,13.193099999999998,17.826439999999998,13876,1,0.019640481245576786,0.0001693766937669,0.013193099999999998,0.01782644,-0.6819112397943683,0.2797030006250539
63731046,20260207,22.96911,1.0,27.71091917,18.37175784507971,0.9539611384893661,1.250240147531827,26.43514,22.969110488891605,1050,15,0.034653465346534656,0.0495847176079734,1.150899621273963,0.9999999169602816,-0.046038861510633855,0.250240147531827
63735016,20260207,23.80952380952381,3.03,2.225991839999999,2.109844491505837,1.6612100428903647,11.284961212557556,3.6978400000000002,23.80952453613281,18663,6,0.00972081879264545,0.3157894736842105,0.15530928,0.9999999198913662,-0.45174586043222287,2.7244096762751724
63736256,20260207,500.0,13.0,10.698062729999997,4.528578219362275,6.3182336564967985,110.40990469200877,67.59286,500.0000000000002,29176,210,0.04695204377212745,0.1363429360853588,0.13518572,1.0000000000000004,-0.5139820264233232,7.493069591692982
63736484,20260207,32.25806451612903,8.5,1.3407742899999984,2.6798449241651525,2.678325521889299,12.037283180774216,3.59103,32.25806427001953,2282,7,0.002973677352097993,0.3684210526315789,0.11132193,1.0,-0.6849028797777296,0.4161509624440255
63740865,20260207,1000.0,32.3,0.2595279799999977,0.0,14.968135612969492,0.0,3.88465,0.0,11269,0,0.02029353502611201,0.0,0.0038846500000000003,0.0,-0.5365902287006349,-1.0
63741668,20260207,29.41176470588235,4.71,0.34192043999999966,2.296367287712382,0.0,12.807947358564665,0.0,29.41176414489746,1648,11,0.001961904761904762,0.55,0.0,0.9999999351501494,-1.0,1.7193093959302
63751749,20260207,419.55009,1.0,617.8506275100001,256.1337389216244,0.6493419964900926,1.6380117647682158,401.19636,419.5500793457032,23624,147,0.005607804970683884,0.8121546961325967,0.956253781282707,1.0000000000000002,-0.3506580035099074,0.6380117647682158
63761622,20260207,1000.0,40.0,18.74194842,13.628241506689315,43.66644447311951,73.37703298933508,818.3942499999999,1000.0000000000005,48158,175,0.0031624846498860644,0.0313395415472779,0.81839425,1.0000000000000004,0.09166111182798779,0.8344258247333769
63762250,20260207,1000.0,80.06,0.0012215399999999,0.0,26.80223324655982,0.0,0.03274,0.0,31157,0,0.02060920756713851,0.0,3.274e-05,0.0,-0.6652231670427202,-1.0
63768177,20260207,1000.0,95.0,0.36684069999999724,0.0259419586,46.32155047136298,429.9139574620452,16.99263,11.15324,352894,9,0.007251450211958007,1.8542477172906768e-05,0.016992629999999998,0.01115324,-0.5124047318803897,3.525410078547844
63769208,20260207,72.71365000000002,12.0,0.19943325999999917,3.59643746017345,3.179610061029954,20.21823934141397,0.63412,72.71365356445311,1139,15,7.967597968577304e-05,0.6818181818181818,0.008720783511761546,0.9999999999999998,-0.7350324949141704,0.6848532784511638
63769423,20260207,161.29032258064515,10.57,3.8894000799999984,9.49526312147687,6.894304892388446,16.986397315128634,26.81471,161.29032897949196,80688,62,0.01269018448327383,0.047112462006079,0.16625120200000001,0.9999999999999986,-0.3477478815148112,0.6070385814151267
63769539,20260207,9.615384615384617,5.2,0.5843076499999994,1.2807299190833212,3.459958123088072,7.50773243018461,2.02168,9.615385055541992,4073,1,0.026345407503234154,1.0,0.21025471999999995,0.9999998807907104,-0.33462343786767845,0.4437947510705009
63774452,20260207,7.523130000000001,2.17,0.514190739999999,0.05528178747268,1.3174099556907644,136.08449001872012,0.6774,7.523129940032959,87780,8,0.0464321608040201,1.0,0.09004230951744818,0.9999998732343848,-0.3928986379305233,61.71174434755471
63774454,20260207,44.39334000000001,2.28,15.67621129,5.303230064305625,1.5965707234353053,8.370998835643933,25.02818,44.393341064453125,298579,44,0.04470013174441583,0.2009132420091324,0.5637823150950119,1.0,-0.2997496827038134,2.671490763458827
63775060,20260207,2944.59903,40.0,46.15729392,15.830659309375944,29.309820509512225,186.00608335647064,1352.8619999999999,2944.599121093753,90473,908,0.03990340934150752,0.0970967715120445,0.4594384451726183,1.000000000000001,-0.26725448726219436,3.650152083911766
63775265,20260207,1000.0,35.0,0.25472956999999946,0.0,22.000547482571466,0.0,5.60419,0.0,90912,0,0.11241746012118214,0.0,0.00560419,0.0,-0.37141292906938667,-1.0
63775313,20260207,10.31746,35.0,0.0838143999999999,0.0701334344,20.138782834453295,33.467582936692224,1.68792,2.34723,4648,2,0.002767819924968737,6.327512022272843e-05,0.16359840503379708,0.2275007384919475,-0.42460620472990585,-0.0437833446659364
63775347,20260207,1000.0,3.0,0.1893895099999993,34.7545447561,2.7002551514072866,27.78295190437136,0.5113999999999999,965.5838732,17561,928,0.004448751076658053,0.0542378067638587,0.0005113999999999999,0.9655838731999998,-0.09991494953090448,8.260983968123787
63777240,20260207,1000.0,31.86,1.0178924899999986,0.9129258957,17.526408903950184,48.72902771244316,17.84,44.48604,45926,2,0.003431256817536572,6.431243988079306e-06,0.017839999999999998,0.04448604,-0.44989300364249263,0.5294735335507406
63778195,20260207,172.21994,11.9,1.6319999099999987,2.6492703743999986,0.6056985628142595,44.90273104881213,0.9885,118.95952,275730,72,0.014598544010589014,0.0002851386669927,0.00573975348034612,0.690741849473615,-0.9491009611080454,2.7733388645568637
63778231,20260207,86.95652173913044,11.9,1.2184025999999986,1.2853917853024404,3.4808527164994603,67.64976517283503,4.24108,86.95652008056643,161388,53,0.10263800559654032,0.1911096256684492,0.048772420000000004,1.0000000000000002,-0.7074913683613898,4.6848543984399065
63778991,20260207,1000.0,35.43,0.5420475799999995,0.0,23.998188498507847,0.0,13.00816,0.0,24893,0,0.005960539233292627,0.0,0.01300816,0.0,-0.3226590883853275,-1.0
63781958,20260207,23.102310231023104,9.0,0.8184073199999986,1.6011400547862238,5.7609455399299305,14.428653935020463,4.714799999999999,23.102310180664062,2239,3,0.0004908365485794458,0.6,0.20408348571428567,0.9999999174390588,-0.3598949400077855,0.6031837705578292
63782676,20260207,1000.0,7.35,2.1781402499999993,63.68923476379998,13.303652049035872,13.752675463847329,28.97722,875.8973899999997,6436,130,0.005100649865271834,0.005864262215956,0.028977219999999998,0.8758973899999998,0.8100206869436561,0.8711123322844225
63783298,20260207,1000.0,300.0,0.1415983799999996,0.0008187285,34.3548421952286,142.26661632479534,4.86459,0.1166199999999999,267372,1,0.030204017080499763,7.335680751173709e-06,0.004864589999999999,0.0001166199999999,-0.8854838593492381,-0.5257779455840156
63786660,20260207,72.20216606498195,3.82,1.0599790199999997,13.245636696297517,3.8277550059434207,5.451014541675966,4.05734,72.20216369628909,27811,32,0.0030885325278191145,0.9696969696969696,0.056194159,1.0000000000000004,0.0020301062679112104,0.4269671824440583
63786819,20260207,72.20216606498195,3.82,1.0274569299999996,14.197007356714924,0.0,5.085730872457984,0.0,72.20216369628908,10096,23,0.0014038210183820463,1.0,0.0,1.0000000000000002,-1.0,0.331343183595479
63786866,20260207,72.20216606498195,3.82,2.75334863,13.853060848652207,2.45339436001608,5.212000385554748,6.755050000000001,72.20216369628908,53379,24,0.0069606321801609135,0.8571428571428571,0.0935574425,1.0000000000000002,-0.35775016753505756,0.3643980305335453
63788574,20260207,1000.0,7.7,1.7564915299999986,8.9152085405,6.797379774441616,11.101899461854831,11.93954,98.97576,43077,26,0.033110684089162186,0.0004203854611305,0.011939539999999998,0.09897576,-0.11722340591667327,0.4418051606308235
63789710,20260207,2299.103779999999,7.8,86.36392502000001,61.10450811589186,5.588769730975342,37.62576269789032,482.66809,2299.1037597656227,102528,1445,0.006346203840106959,0.0305578976225942,0.20993749573148898,0.999999999999999,-0.28349106013136643,3.8238156125410905
63789859,20260207,1000.0,86.31,4.594512219999999,2.5814831379,11.325663641395215,137.41979460256593,52.0359,354.74702,74167,1478,0.05780297716467929,0.0437653460054923,0.052035899999999996,0.3547470199999999,-0.8687792417866388,0.5921654326229703
63791228,20260207,6.381039197812215,4.4,2.6715754899999995,0.3167376611184528,1.4288871919542878,20.146069696942632,3.81738,6.381039142608643,4453,10,0.00455410104315811,0.1058139534883721,0.5982379800000001,0.9999998505456318,-0.6752529109194801,3.5786521046109865
63792158,20260207,846.3299899999997,34.0,17.75001759,8.682571753696722,11.334654119630088,97.47456670944769,201.19031,846.3300170898439,18890,19,0.0061321214088621975,0.0172101449275362,0.23772088000804517,1.0000000000000002,-0.6666278200108797,1.866899020866108
63792540,20260207,0.8063703255720189,33.0,0.0018740500000000002,0.0,0.0,0.0,0.0,0.0,1371,0,0.010976781425140112,0.0,0.0,0.0,-1.0,-1.0
63792692,20260207,1000.0,113.9,0.1488420799999985,0.0,39.639529358902124,0.0,5.900029999999999,0.0,1172,0,0.007051744885679904,0.0,0.005900029999999999,0.0,-0.6519795490877777,-1.0
63793115,20260207,13.157894736842104,19.23,0.8729048300000002,1.4116677258,2.003803782366515,7.463634921875238,1.74913,10.53618,1025,8,0.08686440677966102,0.0677966101694915,0.13293388,0.8007496005799499,-0.8957980352383508,-0.6118754498416766
63793364,20260207,56.66666666666666,32.0,0.6381336399999991,0.5322136324,17.258782972168678,55.53949140162724,11.01341,29.55893,106341,1,0.0077744310330962185,5.186291594058585e-06,0.1943542941176471,0.5216281647655675,-0.4606630321197288,0.7356091063008512
63793392,20260207,5.12241,52.0,0.23949078999999848,0.2341382146744563,16.914178620397156,21.877624505056804,4.050789999999999,5.1224098205566415,2134035,7,0.03358003924425695,0.0010888163011354,0.790797690930636,0.9999998138231474,-0.6747273342231317,-0.5792764518258307
63793948,20260207,1000.0,15.05,1.001926469999999,16.7904238398,7.307871604589912,19.813469472876225,7.321949999999999,332.67657,29248,150,0.009765283296050215,0.0039191211009138,0.007321949999999999,0.3326765699999999,-0.5144271359076471,0.31650958284199
63795480,20260207,1038.25801,1.7,945.8515169700004,257.1386233644701,1.008024803992824,4.037736684664652,953.4417899999999,1038.2580566406248,87881,303,0.007716237455110588,0.7408312958435208,0.9183091108538617,0.9999999999999998,-0.4070442329453977,1.3751391596524654
63795874,20260207,40.54054054054054,17.0,0.485676569999999,1.2313314271,8.577560165193903,24.083886160493044,4.16592,29.65527,2382,4,0.0022972321342463113,0.0002926543751829,0.10275936,0.7314966916249688,-0.4954376373415351,0.4166991859113556
63796033,20260207,72.20216606498195,3.82,0.016032539999999998,13.663627957088025,0.0,5.284259688480059,0.0,72.20216369628908,1094,19,0.0001674344572154456,1.0,0.0,1.0000000000000002,-1.0,0.3833140787503237
63797111,20260207,322.0524500000001,3.93,137.49512894999992,27.720353992903824,1.9699917522059982,11.61790531900618,270.86427000000003,322.0524597167969,316892,125,0.01681436871567665,0.1145737855178735,0.8410563869332464,1.0,-0.4987298340442753,1.956209954620324
63798182,20260207,1000.0,15.4,2.7928968899999975,21.960307504567503,7.1213835609949845,45.53670089798656,19.88929,1000.0000000000013,23253,370,0.006334586466165413,0.1200877179085008,0.01988929,1.000000000000001,-0.5375724960392868,1.9569287029847628
63798620,20260207,1000.0,15.0,1.3629326299999986,0.7746686766,9.287869203043448,15.323240806454455,12.658739999999998,11.870449999999998,30468,1,0.017411280644608264,5.0505050505050505e-05,0.012658739999999998,0.0118704499999999,-0.3808087197971035,0.0215493870969638
63800765,20260207,199.22996,2.25,100.40840010999989,28.73668579021587,1.4375852004599796,6.932948348025766,144.34563000000003,199.22996520996097,308909,211,0.047207806100617394,0.6413373860182371,0.7245176880023467,1.0000000000000002,-0.3610732442400091,2.0813103769003405
63801044,20260207,750.0,12.0,10.220424519999998,13.53881543808847,8.865229602028315,55.39627510496714,90.60641000000001,750.0000000000001,520350,262,0.05984336185481645,0.0575286343115176,0.12080854666666668,1.0000000000000002,-0.26123086649764043,3.6163562587472615
63801794,20260207,10.37795,4.66,0.3577827899999998,0.8122058113773263,3.8538186814407727,12.777471906523283,1.37883,10.377949714660645,20449,18,0.31077507598784193,0.8545454545454545,0.13286149962179428,0.9999999081057188,-0.17300028295262393,1.7419468508393072
63804346,20260207,1000.0,68.63,2.3593407299999996,6.946335968647037,48.18304476098289,143.96076730996444,113.68022000000002,999.9999999999998,51870,145,0.009968099008378814,0.0212544763218083,0.11368022000000003,0.9999999999999998,-0.2979302817866401,1.0976362096939292
63805495,20260207,896.1630500000002,18.02,2.5270412799999984,11.167783207186991,9.404361609795316,80.24537439804944,23.76521,896.1630249023439,14689,112,0.007788854128002546,0.0294736842105263,0.026518846096142877,1.0000000000000002,-0.4781153379691833,3.4531283218406807
63807604,20260207,1000.0,22.0,0.16320020999999948,0.0,10.508993830338854,0.0,1.7150699999999999,0.0,14590,0,0.024063994722084776,0.0,0.00171507,0.0,-0.5223184622573248,-1.0
63808209,20260207,1000.0,189.69,0.11222384999999949,0.1157549316,17.345154349988963,79.30893797929575,1.94654,9.18048,32932,1,0.008086631961496907,0.0021186440677966,0.0019465399999999999,0.00918048,-0.9085605232221573,-0.5819023830536686
63809133,20260207,1000.0,57.6,0.0702853799999989,0.0793407756,7.162513740410991,328.7911040901888,0.50342,26.08687,10175,1,0.04368827823100043,0.0028248587570621,0.00050342,0.02608687,-0.8756508031178647,4.708179041669771
63811082,20260207,1000.0,27.67,0.020046869999999897,3.475462152199999,20.929451829637344,33.965680207334536,0.41956999999999983,118.04647,1634,49,0.003588842521414452,0.0028122130394857,0.0004195699999999998,0.11804647,-0.24360492122741806,0.2275272899776522
63815076,20260207,72.20216606498195,3.82,5.78055757,13.3070591105487,1.496078863548106,5.425853877300317,8.64817,72.20216369628905,137529,21,0.01988102810223199,0.0769230769230769,0.1197771545,0.9999999999999998,-0.6083563184429042,0.4203806209740715
63817404,20260207,2.752688172043011,1.93,0.1186623199999996,0.5013866961152609,0.0,5.49013904969573,0.0,2.75268816947937,41986,6,0.001464646640829127,0.75,0.0,0.999999653548122,-1.0,1.8446317092759592
63818001,20260207,280.7395600000003,5.0,35.34906767,19.094473275499965,2.420431305253716,14.702659991456116,85.55999000000001,280.73956298828136,43338,107,0.010312678469446031,0.0539831907632302,0.3047664176719516,1.0000000000000004,-0.5159137389492569,1.9405319982912232
63818646,20260207,1000.0,7.5,3.0791252999999967,57.21990320451714,2.1578530760018135,17.476436109116296,6.644299999999999,999.9999999999986,814754,2561,0.052729084825617896,0.0793008780288063,0.0066443,0.9999999999999988,-0.7122862565330915,1.3301914812155062
63819872,20260207,126.29789,6.79,24.185790499999996,16.363589138737662,4.716534280738106,7.718226174003625,114.07310999999999,126.29788970947264,9801,5,0.009385234128124103,0.0023257921953311,0.903206775663473,1.0,-0.3053705035731803,0.1367048921009537
63820079,20260207,68.4931506849315,2.7,26.974521619999997,12.526403069164328,2.0078888057033137,5.467901915468091,54.161840000000005,68.49314880371091,5876,48,0.0024855124571718625,0.0720485211939484,0.7907628640000001,0.9999999999999996,-0.2563374793691431,1.0251488218153593
63820271,20260207,68.4931506849315,2.7,3.1490065699999983,6.039212899111528,1.4951318440723362,11.341401372418265,4.70818,68.49314880371094,55247,135,0.0037335108395956103,0.2112676056338028,0.06873942799999999,1.0,-0.44624746515839403,3.200518952637745
63820716,20260207,371.34914,7.1,35.57215952,23.40510332842592,4.3508932853228135,15.866160919450286,154.77067,371.349151611328,6115,91,0.0017293552036199095,0.0532163742690058,0.4167793952612897,0.9999999999999996,-0.3871981288277727,1.2346705820514197
63821686,20260207,1000.0,24.0,0.09226331999999911,0.140593121,6.854294859539047,36.74207686109436,0.6324000000000001,5.16572,1604,4,0.0003157356009605921,3.3445375340724764e-05,0.0006324000000000001,0.00516572,-0.7144043808525398,0.5309198692122651
63821754,20260207,1000.0,80.0,0.0509125599999998,0.0,0.0,0.0,0.0,0.0,1008,0,0.0003950772125107784,0.0,0.0,0.0,-1.0,-1.0
63821933,20260207,1000.0,86.31,0.0005317900000000001,0.0,0.0,0.0,0.0,0.0,1104,0,0.06814814814814815,0.0,0.0,0.0,-1.0,-1.0
63822517,20260207,1000.0,25.0,0.32362780999999885,0.0,4.927728553365069,0.0,1.59475,0.0,2689,0,4.2486964765365774e-05,0.0,0.0015947499999999998,0.0,-0.8028908578653972,-1.0
63822518,20260207,1000.0,25.0,0.12756324999999918,0.0,9.43359470693956,0.0,1.2033800000000001,0.0,1706,0,0.002953601108033241,0.0,0.0012033800000000002,0.0,-0.6226562117224176,-1.0
63822723,20260207,1000.0,7.57,1.3844797899999994,32.8452343514,5.685550671707532,11.977162464851444,7.87153,393.3927199999998,6464,58,0.01990760702186634,0.0057303979511426,0.00787153,0.3933927199999998,-0.24893650307694423,0.5821878722920601
63823693,20260207,16.79295,1.89,5.189166969999999,0.4092109385365041,1.4393948090670132,41.03729166986568,7.46926,16.79294967651367,14048,15,0.010583892111805921,0.1530612244897959,0.4447854605652967,0.9999998864196906,-0.2384154449380882,20.71285289971986
63824197,20260207,1000.0,10.01,3.470039719999999,58.647226874832825,8.684750732478651,17.051104310236795,30.136430000000004,1000.0000000000014,32672,335,0.004807746074723723,0.0404198841698841,0.030136430000000006,1.000000000000001,-0.13239253421791694,0.703406985050737
63824247,20260207,1.1217500000000002,18.58,0.1343322499999995,0.0,8.75433858957923,0.0,1.17599,0.0,43501,0,0.22331108829568788,0.0,1.048353019835079,0.0,-0.5288300005608595,-1.0
63825190,20260207,83.33333333333333,16.0,0.4254814299999992,3.4478727083252667,10.541541143170475,24.169486160484183,4.4852300000000005,83.33333587646482,1972,25,0.00206600314300681,0.2551020408163265,0.05382276000000001,0.9999999999999996,-0.3411536785518453,0.5105928850302615
63825455,20260207,137.20322999999996,35.0,1.6012345599999986,2.556371376943808,32.92780540534926,53.67106648818999,52.725139999999996,137.2032318115234,177198,44,0.017557916014347714,0.0186838624338624,0.38428497638138703,0.9999999999999998,-0.05920555984716397,0.5334590425197139
63826134,20260207,1000.0,7.35,43.93083675,68.5470008449347,6.009085861538934,14.588530104674389,263.98417,1000.0000000000006,306930,191,0.026005727648613843,0.0587965187369097,0.26398417,1.0000000000000009,-0.18243729774980483,0.9848340536003964
63827381,20260207,15.45503,10.0,0.8057040099999992,1.0056566706181054,9.282527959616345,15.36808289025935,7.47897,15.455030441284178,13098,11,0.005142520612485277,0.34375,0.4839181806829233,0.999999938293602,-0.07174720403836546,0.536808289025935
63827404,20260207,10.638297872340424,10.0,0.020658699999999704,0.5666665943841999,6.485887301718013,18.77343638509743,0.13399,10.63829803466797,1424,13,0.04127536231884058,0.3389880952380952,0.012595060000000002,0.999999910354624,-0.3514112698281987,0.877343638509743
63833627,20260207,1000.0,45.0,0.1808049099999991,0.0,15.492886780563724,0.0,2.80119,0.0,11048,0,0.005345978902545244,0.0,0.0028011900000000003,0.0,-0.6557136270985839,-1.0
63834572,20260207,1000.0,13.88,0.520016749999998,1.9075838724000005,5.830235276075263,24.868235582260745,3.0318199999999997,47.43827000000001,8303,38,0.003331995665957703,0.0011728395061728,0.0030318199999999997,0.04743827,-0.5799542308303125,0.7916596093099117
63835004,20260207,26.35564,6.0,0.5641522499999997,1.3265664157454922,3.3944560178568834,19.867546947522342,1.91499,26.35564041137696,2386,20,0.0004980483019183,0.303030303030303,0.07265959012947514,0.9999999276303492,-0.4342573303571861,2.3112578245870576
63835415,20260207,1700.05321,30.2,49.63370162,29.300760623631955,34.0422252391338,58.02078609742022,1689.64165,1700.0532226562489,1559686,554,0.05997454414015335,0.0436495430192247,0.9938757446303695,0.9999999999999992,0.12722600129582118,0.9212180341605029
63835646,20260207,8.167650000000002,2.16,3.4143821599999997,2.6553788512242544,0.6635168220302559,3.075887699837992,2.2655000000000003,8.16765022277832,1164,3,0.18476190476190477,0.1428571428571428,0.27737476507930675,0.999999883237629,-0.6928162860971038,0.424022026672778
63837148,20260207,750.0,800.0,0.6018965999999984,0.0,588.2991696580458,0.0,354.09527,0.0,46328,0,0.014694240040598832,0.0,0.4721270266666667,0.0,-0.26462603792744277,-1.0
63837272,20260207,98.75586,1.18,70.72898577000001,31.785260529628548,1.0467772044796282,3.106970168640739,74.03749,98.755859375,13400,54,0.006857727737973388,0.5294117647058824,0.74970224551738,1.0000000000000002,-0.11290067416980658,1.6330256836851125
63837886,20260207,132.86555999999993,2.15,61.89113417000001,29.09495156627724,1.5391900839680477,4.566618711850708,95.26222000000001,132.86555480957043,9704,46,0.0007980853846090583,0.3511450381679389,0.7169820380842113,1.0000000000000009,-0.2840976353636987,1.124008608971843
63839772,20260207,21.73913043478261,32.0,0.00565656,0.1677155512711447,27.960456531885104,129.61827473423477,0.15816,21.7391300201416,20151,8,0.34863321799307956,0.15625,0.00727536,0.9999999122619688,-0.1262357333785905,3.050571085444836
63840064,20260207,1000.0,40.0,0.1193747299999997,0.0,19.089299720300986,0.0,2.2787800000000002,0.0,3614,0,0.014946236559139785,0.0,0.00227878,0.0,-0.5227675069924753,-1.0
63840552,20260207,1000.0,62.32,0.5946225499999989,0.7019886959,10.568199944653985,65.86418614125415,6.28409,46.23598,413262,6,0.011731132798528434,1.343412377168504e-05,0.00628409,0.0462359799999999,-0.8304204116711492,0.0568707712417444
63840776,20260207,1000.0,120.0,2.8582393999999973,0.6136254979,78.71762246367474,123.56482102628571,224.99381000000002,75.82264839,52475,35,0.03344700108356173,0.0019311670348996,0.22499381000000002,0.07582264839,-0.3440198128027105,0.0297068418857143
63840924,20260207,8.088235294117647,1.74,2.048446409999999,1.6231732683475306,0.3984580685222808,4.982973830445474,0.8162199999999997,8.088234901428223,1406,14,0.000976049982644915,0.8235294117647058,0.10091447272727269,0.9999998820911836,-0.7710011100446662,1.8637780477783663
63843847,20260207,1000.0,300.0,0.8526294699999981,0.0,363.9800885606273,0.0,310.34015,0.0,7746,0,0.007241959611069559,0.0,0.31034015,0.0,0.2132669618687576,-1.0
63847388,20260207,66.11570247933884,566.0,0.10638380999999891,0.0,165.44359522374864,0.0,17.600520000000003,0.0,5656,0,0.08126436781609195,0.0,0.2662078650000001,0.0,-0.7076968282265925,-1.0
63848165,20260207,36.14132,1.05,31.217929419999997,9.204182064396626,1.1255720879901971,3.926618910341237,35.13803,36.14131927490234,85555,16,0.0425540910221338,0.6153846153846154,0.9722398075111811,1.0,0.07197341713352104,2.7396372272962246
63848591,20260207,354.54545454545456,2.7,15.07816122,46.51202747637211,1.2602451799490706,7.622661326283274,19.00218,354.545440673828,6421,484,0.0018034490506684642,0.0717358219669777,0.0535958923076923,0.9999999999999996,-0.5332425259447887,1.8232078487637904
63848648,20260207,1000.0,19.0,0.1148203099999997,1.2445300525,5.431965825558227,28.69169871516726,0.6236999999999999,35.707710000000006,1028,14,0.0030668257756563248,0.0026964560862865,0.0006236999999999999,0.03570771,-0.714107061812725,0.5100894060614347
63851682,20260207,1000.0,26.66,0.057909639999999304,0.0,9.536408791351604,0.0,0.5522499999999999,0.0,2004,0,0.021973684210526315,0.0,0.0005522499999999999,0.0,-0.6422952441353487,-1.0
63856317,20260207,208.3333333333333,20.0,1.0764064999999994,1.3406875716000002,21.7667210296482,21.38727860250226,23.42984,28.67368,20309,13,0.007146778336911004,0.0004836605025444,0.11246323200000002,0.1376336673601969,0.08833605148240994,0.069363930125113
63862766,20260207,4.545454545454546,2.97,0.00097594,0.3477346871900982,0.0,13.071578988154954,0.0,4.545454502105712,5024,3,0.013483628556092324,1.0,0.0,0.9999997901916922,-1.0,3.4012050041196864
63864374,20260207,2.05838,6.0,0.0151464699999999,0.0983638584372199,11.000582974118794,20.92596808694926,0.16662,2.058379888534546,1236,2,0.08643356643356644,1.0,0.08094715261516337,0.9999995366871391,0.8334304956864657,2.487661347824877
63864918,20260207,11.45841,5.19,0.2422437999999994,0.4536463917024636,0.7143216874900428,25.258406578862957,0.17304,11.458410263061523,14949,26,0.021441480206540447,0.6666666666666666,0.01510157168402946,0.9999999167708074,-0.8623657634893945,3.866744951904735
63865915,20260207,49.263179999999984,8.5,8.131456029999999,1.7059176884620448,4.07247851772495,28.877800631556184,33.11518,49.263179779052734,20478,16,0.002728072045188106,0.0439560439560439,0.6722095487948608,1.0,-0.5208848802676529,2.397388309594845
63866050,20260207,15.1697,17.6,0.36975308999999745,0.4682325898687669,6.154620641574668,32.39771771422023,2.27569,15.16969966888428,281826,10,0.08785647484257124,0.2941176470588235,0.15001549140721307,0.9999999371329508,-0.6503056453650757,0.8407793756828763
63866696,20260207,4.3478260869565215,2.54,0.8407386899999991,0.6495048554064848,0.36164625657943766,6.694052051782182,0.30405,4.347826004028321,8583,8,0.49045714285714287,0.9,0.06993150000000001,0.9999997806549512,-0.8576195840238434,1.6354536032743143
63867023,20260207,34.770514603616135,1100.0,0.0538456399999992,0.0,218.2925117056864,0.0,11.754100000000001,0.0,1655,0,0.0034827441077441078,0.0,0.338047916,0.0,-0.8015522620857397,-1.0
63867737,20260207,1000.0,86.31,0.056081989999999304,0.0,14.151067035959489,0.0,0.7936199999999999,0.0,11505,0,0.10100965759438103,0.0,0.0007936199999999999,0.0,-0.8360437141008054,-1.0
63869005,20260207,1000.0,220.68,0.168519159999998,0.0,80.42147848351583,0.0,13.55256,0.0,33289,0,0.020847319639278557,0.0,0.01355256,0.0,-0.6355742319942186,-1.0
63869176,20260207,9.995780000000002,13.5,0.5404916199999992,0.3890935178811864,12.86043990839305,25.689850490780252,6.95096,9.995779991149902,1270,2,0.002455055093756041,0.2857142857142857,0.6953894543497355,0.9999999045923154,-0.04737482160051488,0.9029518882059449
63871771,20260207,1000.0,34.86,0.0277688099999997,0.0,61.88705961832785,0.0,1.71853,0.0,1753,0,0.0063193943763518385,0.0,0.0017185299999999998,0.0,0.7753029150409595,-1.0
63872859,20260207,1000.0,1.02,1.87255238,545.4001764765544,0.9822208551517261,1.8335160883642856,1.83926,999.9999999999992,8381,717,0.0032792080757492762,0.8819188191881919,0.00183926,0.9999999999999992,-0.03703837730222935,0.7975648261275627
63873690,20260207,5339.06705,1.0,2656.2347215300006,501.4359936836,0.5232151619490466,1.381640940866544,1389.78228,692.8044994790005,72743,253,0.05629827412738952,0.0158086136027212,0.2603043316341195,0.1297613446627973,-0.4767848380509534,0.381640940866544
63874819,20260207,1000.0,33.66,0.9448800599999992,0.0,13.054323529697527,0.0,12.33477,0.0,4311,0,0.0022930851063829786,0.0,0.01233477,0.0,-0.6121710181313865,-1.0
63874908,20260207,1000.0,53.49,9.167999999999999e-05,0.0,0.0,0.0,0.0,0.0,9777,0,0.06255278310940499,0.0,0.0,0.0,-1.0,-1.0
63875138,20260207,1238.53337,53.47,10.592815259999995,13.21727813562154,32.13774729797375,93.70561917372042,340.42922,1238.5333251953127,19238,426,0.0013424326794922788,0.0302170520641225,0.2748647943171688,1.0000000000000002,-0.39895740980037864,0.7524895648859348
63875140,20260207,1133.601050000001,53.47,34.681602780000006,13.244915060905374,32.250395032060275,85.58763747584382,1118.49539,1133.6010742187505,79437,517,0.003742438518797701,0.0209150855617136,0.9866746241986978,1.0000000000000004,-0.3968506633241018,0.6006664582364929
63877699,20260207,29.96146,9.0,0.3320364199999993,1.648686955325639,2.186717951000681,18.172911384924618,0.72607,29.96146011352539,1703,4,0.0008784236859751379,0.4444444444444444,0.024233465258368586,0.9999999363399346,-0.7570313387777021,1.0192123761027352
63882142,20260207,1000.0,24.0,0.1685235099999997,0.1811437401,6.389256905460858,28.715931785424218,1.07674,5.201739999999999,2222,2,0.00010528909485495503,4.551607629371242e-06,0.00107674,0.0052017399999999,-0.7337809622724643,0.196497157726009
63882670,20260207,241.69816,26.88,8.43129418,6.11192574278159,15.586514619752005,39.54533096768692,131.41449,241.69816589355463,18967,32,0.020368341924398625,0.0469445188957384,0.543713241342011,1.0,-0.4201445453961307,0.4711805134803101
63882681,20260207,117.4279,26.88,1.9953992999999992,1.9918255745014304,28.544818072252518,58.95488278193739,56.958310000000004,117.4279022216797,3797,5,0.02480078380143697,0.0260416666666666,0.4850492089188345,1.0000000000000002,0.06193519614034669,1.1932620767334887
63883442,20260207,21.30237,69.3,0.27093459000000014,0.0,78.17403455202965,0.0,21.180049999999998,0.0,17550,0,0.058695652173913045,0.0,0.9942579159032539,0.0,0.12805244663823456,-1.0
63883962,20260207,83.33333333333333,54.0,0.2335484499999973,0.5766052828322287,4.35305821982553,144.52380828585558,1.01665,83.33333587646484,273998,4,0.17760938614118105,0.5714285714285714,0.012199800000000002,1.0,-0.9193878107439717,1.6763668201084367
63885852,20260207,1000.0,16.0,0.0638222699999996,16.4287686118,8.720780379638699,19.879521845958664,0.5565800000000001,326.59608439999994,1762,152,0.005830575777630708,0.0258916837027821,0.0005565800000000001,0.3265960843999999,-0.45495122627258133,0.2424701153724164
63886292,20260207,1000.0,18.66,0.5595576999999992,0.6341747140999999,11.649504599793746,24.753108091308416,6.518569999999999,15.697820000000002,46331,12,0.033857790119848,0.000937426763534,0.006518569999999999,0.01569782,-0.3756964308792205,0.3265331347117529
63886464,20260207,1.45776,5.0,0.11513623999999979,0.1748144436391769,12.661174274928577,8.338851225272029,1.45776,1.457759976387024,21711,2,0.01826602725896012,1.0,1.0,0.9999993457951186,1.5322348549857154,0.6677702450544057
63886585,20260207,1.252086811352254,5.0,0.0933090099999999,0.1154162493381689,0.0,10.848350361781808,0.0,1.2520867586135864,28100,3,0.0070295692199929954,0.6,0.0,0.9999992383326608,-1.0,1.1696700723563616
63886628,20260207,2.4251000000000005,5.0,0.7721016299999993,0.0909733895757063,3.034626413105749,26.65695367047676,2.3430400000000002,2.425100088119507,76994,5,0.06573941256830601,0.7083333333333333,0.9661622201146344,0.9999996067486262,-0.3930747173788502,4.331390734095352
63886978,20260207,1000.0,49.88,0.0735668199999987,0.0,19.847262665424783,0.0,1.4600999999999995,0.0,14148,0,0.013237275449101797,0.0,0.0014600999999999995,0.0,-0.6020997861783324,-1.0
63887215,20260207,1000.0,23.0,1.560293929999999,0.0,30.942458386670793,0.0,48.27933,0.0,37800,0,0.0019295558958652374,0.0,0.04827933,0.0,0.34532427768133883,-1.0
63887366,20260207,19.94432,5.05,2.068721169999999,1.3512572307739366,4.993128194265061,14.759814389650584,10.32939,19.944320678710938,1654,4,0.005743055555555556,0.2352941176470588,0.5179113652408305,0.9999999043663366,-0.0112617437098888,1.9227354123134743
63887879,20260207,62.70501,4.92,6.102116979999998,3.470707213845756,3.8811923923490577,18.0669205236842,23.68349,62.70500946044921,6013,35,0.003711041165216318,0.0788288288288288,0.37769693362619666,1.0,-0.21113975765263054,2.6721382608785125
63888748,20260207,501.68523,23.75,10.793845939999999,1.3185881671095212,17.44843043405528,380.4712295634603,188.33567,501.6852416992186,49571,471,0.0034248543930799577,0.0236802413273001,0.375406048928329,0.9999999999999996,-0.265329244881883,15.019841244777275
63889490,20260207,1000.0,43.64,39.765324199999995,2.5091239167271677,10.256614983161638,398.5453228468081,407.85762000000005,999.9999999999995,145560,511,0.004459039695133532,0.0130949423121277,0.40785762000000003,0.9999999999999996,-0.764972158955966,8.132569395529012
63890282,20260207,42.79496,8.01,0.0635166,0.8177294298047966,0.0,52.33382354645698,0.0,42.794960021972656,4495,22,0.0031823008849557522,0.5945945945945946,0.0,1.0,-1.0,5.533560805373732
63890317,20260207,2.10644,8.01,0.0179027199999998,0.0232481980605606,0.0,90.60269785668731,0.0,2.10644006729126,1135,1,0.0011656567731334086,1.0,0.0,0.9999995231628418,-1.0,10.311197911081097
63891398,20260207,62.135140000000014,6.0,30.61322343999998,5.210567117079968,2.0021648527189546,11.924830089382445,61.29272000000001,62.13513946533204,6389,7,0.004364369150898285,0.0625,0.9864421324229735,1.0000000000000002,-0.6663058578801743,0.9874716815637408
63892216,20260207,41.66666666666666,12.54,0.9331463899999988,0.1329783317,1.5654885617678933,60.44668669364353,1.4608299999999996,8.03816,10184,13,0.10184,0.0163230079896746,0.03505992,0.1929158341126759,-0.8751604017728953,3.820309958335228
63893095,20260207,68.18181818181819,3.3,2.794432129999999,6.167119600633336,2.135432074351365,11.055696899144836,5.96732,68.18181610107422,3366,169,0.00829064039408867,0.121225845410628,0.08752069333333333,1.0,-0.3528993714086773,2.35021122996829
63893625,20260207,4.926108374384237,8.0,0.5488183999999994,0.0450986002730699,2.9332289150655333,109.22731754746884,1.60981,4.926108360290527,3342,1,0.002368029476369305,1.0,0.32679143,0.9999998211860656,-0.6333463856168083,12.653414693433604
63893649,20260207,36.47676,4.76,2.2019377899999992,5.546977270542213,3.5351589110971218,6.575969669463342,7.7842,36.47676086425782,1170,13,0.0005691215098745014,0.1238095238095238,0.2134016288727398,1.0000000000000002,-0.2573195564922013,0.3815061666516123
63893761,20260207,1000.0,8.0,0.3891586299999991,29.3075286342,3.910487607585635,14.708699123789756,1.5217999999999998,431.0756354509998,7556,370,0.008974937641050005,0.029452819148632,0.0015217999999999998,0.4310756354509998,-0.5111890490517956,0.8385873904737193
63894784,20260207,164.65190000000004,1.76,86.79048194,65.75665373527849,1.8498518087616,2.503957993422396,160.54953,164.6519012451172,6483,83,0.040493441599000625,0.1308500609950413,0.9750845875449963,1.0,0.05105216406909093,0.4227034130627004
63895029,20260207,47.59944,35.0,0.2917635099999993,0.0,16.175771946258845,0.0,4.7195,0.0,5460,0,0.0020953258116509325,0.0,0.0991503261382907,0.0,-0.5378350872497473,-1.0
63895426,20260207,2.45433,6.5,1.2508153499999992,0.2217168771545945,1.7856352658288062,11.0696079134272,2.2335,2.4543299674987797,1785,2,0.009365162644281217,0.6666666666666666,0.9100243243573601,0.9999996114320574,-0.7252868821801837,0.7030166020657231
63898532,20260207,267.88898000000006,15.0,9.249863719999997,7.713095714802277,12.405392498042128,34.73170205900218,114.74819000000001,267.8889770507812,7874,38,0.032244062244062247,0.1078388278388278,0.4283423304683902,0.9999999999999998,-0.17297383346385817,1.3154468039334788
63898540,20260207,3.4482758620689653,30.55,0.021502789999999904,0.1185898294377219,9.295072871938984,29.077086490321907,0.19987,3.4482758045196533,1679,1,0.009353760445682452,0.1666666666666666,0.0579623,0.999999701976776,-0.6957422955175455,-0.0482131844033512
63898679,20260207,123.20089999999996,35.0,0.28454898999999845,2.372274679246273,200.90347184152827,51.93363414489032,57.16688,123.2008972167971,5693097,761,0.08041029313310905,0.2727598566308243,0.4640134934079217,1.0000000000000018,4.7400991954722365,0.4838181184254377
63900408,20260207,1000.0,29.65,0.03737436999999989,1.9338151876,9.444172570668105,54.64833249283945,0.3529699999999999,105.67983,8240,36,0.034723978086809944,0.0064652206425032,0.00035296999999999987,0.10567983,-0.6814781595052916,0.8431141044159084
63900451,20260207,1000.0,26.66,1.9168452099999986,17.307836962865633,18.320049953329317,57.77729154534047,35.1167,999.9999999999992,18849,501,0.00824937634032124,0.0488256871859112,0.0351167,0.9999999999999992,-0.312826333333484,1.1671902429117575
63901210,20260207,1000.0,32.0,0.0043710799999999,0.0,65.74347758448862,0.0,0.2873699999999999,0.0,1978,0,0.1345578231292517,0.0,0.0002873699999999999,0.0,1.0544836745152693,-1.0
63902267,20260207,3714.17456,37.05,76.44841712,110.99156411723442,42.664741048597925,33.463574971879986,3261.6519200000002,3714.174560546873,177994,188,0.1316815861507731,0.0577720213244562,0.8781633354356938,0.9999999999999996,0.15154496757349334,-0.0967995773018293
63904068,20260207,1000.0,31.0,10.719261939999999,16.41526028765895,24.147337890317477,60.91892066023972,258.84164,1000.0,386134,309,0.010210701120671874,0.0386539904928696,0.25884164,1.0000000000000002,-0.22105361644137173,0.9651264729109588
63904287,20260207,89.5,18.0,0.8540667899999981,0.0699818183999999,9.683083450651463,23.335013326642475,8.27,1.63305,5394,1,0.0016505002906887793,2.712673611111111e-05,0.0924022346368715,0.0182463687150838,-0.46205091940825205,0.2963896292579153
63904455,20260207,1000.0,31.0,0.0949249999999998,0.0,7.0172241243086795,0.0,0.66611,0.0,6930,0,0.027326498422712935,0.0,0.00066611,0.0,-0.7736379314739136,-1.0
63904753,20260207,1000.0,31.0,0.014054859999999999,0.0,16.400021060330733,0.0,0.23049999999999998,0.0,1045,0,0.0044,0.0,0.0002305,0.0,-0.47096706256997634,-1.0
63904780,20260207,14.441160000000002,14.49,0.8215916299999995,0.5276050677,7.424807869573847,20.156288282201647,6.100160000000001,10.63458,1901,4,0.0035314880178339216,0.0006858710562414,0.4224148198621163,0.7364075426720083,-0.4875908992702659,0.3910482126009189
63904784,20260207,1000.0,31.0,4.666134619999999,24.280970694399567,23.000272975407643,41.18451323060732,107.32236999999999,1000.0000000000008,103750,203,0.01361798755676896,0.0564359188212399,0.10732236999999999,1.0000000000000009,-0.2580557104707212,0.3285326848583005
63905155,20260207,1000.0,30.0,14.311155770000001,17.94379675739745,21.206393451197822,55.72956257756216,303.48799999999994,1000.0000000000008,166365,345,0.02275512576766834,0.041970802919708,0.3034879999999999,1.0000000000000009,-0.2931202182934059,0.8576520859187385
63906670,20260207,1000.0,23.0,17.948181940000005,19.53373246934824,12.11571794441036,51.193490561810464,217.45511,1000.0000000000002,325285,250,0.03253728506696808,0.048076923076923,0.21745510999999998,1.0000000000000002,-0.4732296545908539,1.2258039374700205
63908540,20260207,2454.46509,27.5,1.1214555399999993,45.53434822100776,13.619782020070105,53.90359431684229,15.27398,2454.465087890626,32502,819,0.0012139570323004751,0.0151097950492414,0.006222936338442686,1.0000000000000004,-0.5047351992701781,0.9601307024306286
63909258,20260207,1000.0,8.49,0.0785548699999998,44.938688023900006,6.25409984129566,18.75309072660756,0.49129,842.7393124000001,1031,128,0.0007925282496733031,0.0280948051875169,0.00049129,0.8427393124000001,-0.2633569091524547,1.2088446681003513
63910609,20260207,1000.0,70.33,0.0031436599999998998,0.0548105275999999,0.0,237.83008010891504,0.0,13.035830000000002,41369,46,0.0006665377705810797,6.314379214161779e-05,0.0,0.01303583,-1.0,2.3816305121138157
63910919,20260207,1000.0,24.92,0.06174905,0.0721062873,3.6930122811606005,214.2320225656304,0.22804,15.44769,6068,8,0.15598971722365038,0.0158730158730158,0.00022804,0.01544769,-0.8518052856677126,7.59679060633015
63918879,20260207,1000.0,12.0,0.4190223499999993,44.51041923582903,4.2963340738268565,22.46664926328962,1.80026,999.9999999999995,11307,455,0.0011343298555377206,0.3919035314384151,0.00180026,0.9999999999999996,-0.6419721605144286,0.8722207719408018
63920345,20260207,23.28086,2.28,12.20284938,4.550431246827877,1.6407045089660854,5.116186691299068,20.02127,23.2808609008789,278446,21,0.09462262548000136,0.6176470588235294,0.859988419671782,0.999999918072253,-0.2803927592254011,1.2439415594292766
63920538,20260207,10.416666666666666,10.85,0.00861161,0.2194920325,0.0,29.22798927569603,0.0,6.4153400000000005,2611,26,0.0012296317227088632,0.0112804550300113,0.0,0.6158725648202436,-1.0,1.6938238016667095
63920617,20260207,1000.0,15.88,0.1938224499999986,0.9202179414999998,8.242079284417317,26.616209355651485,1.5974999999999997,24.49274,7700,18,0.0025787006028131277,0.0005,0.0015974999999999997,0.02449274,-0.4809773750366929,0.6760837004936352
63920896,20260207,1000.0,50.18,0.0971002699999994,0.023900346,7.959607115407658,48.91858391573428,0.77288,1.16922,1021,1,0.25525,0.0178571428571428,0.00077288,0.00116922,-0.8413788936746183,-0.0251378314422089
63921353,20260207,1000.0,1.02,1.6859938299999995,422.93819133128,0.3282692914718438,2.364411675587621,0.5534600000000001,1000.000000000001,2735,348,0.0044616639477977164,0.6830962398984838,0.0005534600000000001,1.000000000000001,-0.678167361302114,1.3180507056871853
63921753,20260207,1000.0,30.0,2.4290685599999984,18.60195752317298,16.183087891105068,53.7577803301879,39.30983,999.9999999999995,143425,263,0.013452862221305094,0.0458188153310104,0.03930983,0.9999999999999996,-0.46056373696316444,0.7919260110062633
63924789,20260207,7.319470000000001,2.53,4.274365819999999,1.5557712099682508,1.5365250136685777,4.70471826263745,6.56767,7.319469928741455,2115,6,0.19766355140186917,0.1909090909090909,0.8972876451437056,0.9999998697072052,-0.3926778602100483,0.8595724568538518
63924884,20260207,6.451612903225806,2.04,0.0624872099999997,0.5035256425045584,0.30022143731493356,12.812853193389724,0.01876,6.451612949371338,2086,15,0.008091543832428239,0.6428571428571429,0.0029078,0.999999852180504,-0.8528326287671893,5.280810506364525
63925060,20260207,1000.0,27.0,11.430697669999997,18.7776602047942,21.086104012057213,53.25476847695418,241.02888,1000.0,267126,159,0.005584881518371238,0.0523370638578011,0.24102887999999997,1.0,-0.21903318473862174,0.9723988324797844
63927660,20260207,1000.0,34.85,0.036444949999999796,0.0,14.201693238706678,0.0,0.51758,0.0,1033,0,0.00500484496124031,0.0,0.00051758,0.0,-0.592490868329794,-1.0
63929252,20260207,5.68214,4.3,4.09207596,0.2368287283855704,1.3836791045296237,23.99251104259105,5.66212,5.682139873504639,1100,5,0.0019593872461702885,0.0909090909090909,0.9964766795608696,0.999999832162851,-0.6782141617372968,4.5796534833387454
63929254,20260207,1000.0,13.88,0.0339334199999993,4.616974449199999,12.170008210195391,27.69475718614788,0.41296999999999995,127.86601400000002,1419,79,0.0027054337464251666,0.0111893903001426,0.00041296999999999997,0.127866014,-0.12319825574961164,0.995299492637174
63929630,20260207,1000.0,74.77,0.00039294000000000004,0.0,40.10790451468417,0.0,0.01576,0.0,6281,0,0.00520898988223586,0.0,1.5759999999999998e-05,0.0,-0.4635829274483861,-1.0
63930210,20260207,1000.0,74.77,0.00016069,0.00028249,0.0,46.06864439662775,0.0,0.01306,3109,1,0.020360183366077277,0.0002258355916892,0.0,1.306e-05,-1.0,-0.3838618902639766
63930260,20260207,1000.0,50.18,0.40955222999999735,0.0353166645,13.81657719212037,97.57864934698608,5.6586099999999995,3.446249999999999,1565171,22,0.04548474465939571,7.942628675745315e-05,0.00565861,0.0034462499999999,-0.724659681304895,0.9445725140205192
63930481,20260207,154.00257,5.0,2.6122427199999994,12.880330485151411,3.2410196553251387,11.956413051488491,8.466330000000001,154.00256347656247,2812,39,0.0011808180062148315,0.0751437417072092,0.05497525138703855,0.9999999999999998,-0.3517960689349723,1.3912826102976985
63931270,20260207,17.857142857142858,1.05,9.997431630000001,5.626287406788916,0.7097622932181032,3.173876294814967,7.0958000000000006,17.85714340209961,9372,11,0.002013535288430551,0.1864406779661017,0.3973648,0.9999998931884913,-0.32403591122085407,2.022739465667064
63932875,20260207,77.90089,1.0,57.15022754,33.57824519602598,0.5269629062967681,2.319980801881908,30.11605,77.90088653564449,2937,40,0.008738470693246058,0.4444444444444444,0.3865944278685391,0.9999999999999994,-0.4730370937032319,1.319980801881908
63934713,20260207,29.41176470588235,60.0,0.37391975999999916,0.0,69.66021266166852,0.0,26.04733,0.0,1596,0,0.0013581822823589482,0.0,0.88560922,0.0,0.16100354436114206,-1.0
63935338,20260207,45.15721,1.18,43.847514660000016,17.571515778126702,0.807353855161468,2.5699096938474515,35.400459999999995,45.15721130371095,5753,33,0.004228281640452742,0.4647887323943662,0.7839381573839481,1.0000000000000002,-0.3158018176597729,1.177889667866365
63937480,20260207,27.785550000000004,6.0,15.92798474,2.713093236732458,1.7353620342556908,10.241276837210842,27.640819999999998,27.785549163818352,3633,12,0.00724571200638213,0.0258064516129032,0.9947911774285553,0.9999999313546586,-0.7107729942907182,0.7068794728684736
63937984,20260207,500.0,1.36,79.24994016,111.0350692414768,1.2026851983429938,4.503081764280514,95.31272999999999,500.0000000000002,26547,593,0.004116707502403623,0.1357321563819921,0.19062545999999997,1.0000000000000004,-0.1156726482772105,2.311089497731617
63939449,20260207,1000.0,16.0,0.49055693999999916,0.3474215521,8.767035280348917,28.96049763949679,4.30073,10.06153,22070,1,0.06103429203539823,0.0007440476190476,0.00430073,0.01006153,-0.45206029497819267,0.8100311024685494
63939968,20260207,1000.0,30.87,0.3124397999999979,0.0023571138,14.360974498127415,23.97679026347244,4.48694,0.05654,6805,1,0.0015755597230904586,1.671346436689397e-05,0.00448694,5.654e-05,-0.5347918853862191,-0.2232980365520501
63939971,20260207,1000.0,30.87,0.6990634299999976,0.0,9.678549484415202,0.0,6.7659199999999995,0.0,27337,0,0.006456084831022837,0.0,0.00676592,0.0,-0.6864739396043018,-1.0
63940373,20260207,12.25487,2.1,9.113452929999998,2.934385656540345,1.344701080274302,4.17629707639907,12.25487,12.254870414733888,22502,8,0.0036067255445671512,0.0526315789473684,1.0,0.9999999221799816,-0.3596661522503324,0.988712983836914
63942050,20260207,5.754020000000001,2.0,6.880595539999999,1.6228039096693858,0.8362677280693642,3.545725169917731,5.75402,5.7540202140808105,91254,8,0.4581024096385542,0.8888888888888888,0.9999999999999999,0.999999834259505,-0.5818661359653179,0.7728625849588655
63942675,20260207,7.03731,2.08,2.40745589,1.0410411087297005,1.3539936551028562,6.759870772211765,3.25968,7.037310123443604,17441,11,0.28405537459283386,1.0,0.46319971693729567,0.9999998644831376,-0.3490415119697807,2.2499379904626715
63942969,20260207,2.16213,4.82,0.041122969999999995,0.0944928298005545,0.0,22.881177765573995,0.0,2.162130117416382,4559,5,0.007320166987797046,1.0,0.0,0.999999558919286,-1.0,3.747132147442895
63942976,20260207,0.7507507507507507,4.82,0.09498938999999951,0.007579803232547,0.6256488224632278,99.03314425605318,0.05943,0.7507507801055908,5076,1,0.04691312384473198,1.0,0.07916076,0.9999986290931702,-0.8701973397379195,19.546294757063887
63944090,20260207,62.5,12.3,0.4719705399999988,3.591003162040362,11.561039381822463,17.404602495500388,5.4564699999999995,62.49999999999997,43158,252,0.03490053372149442,0.2995044263402824,0.08730352,0.9999999999999996,-0.06007809903882423,0.4150083110251196
63944100,20260207,62.5,12.3,0.9815158599999985,0.0971717139999999,5.455744749758816,22.531530816356536,5.354900000000001,2.18945,96004,12,0.10538309549945116,0.0078982765868011,0.08567840000000002,0.0350312,-0.5564435162797711,0.8318317452814926
63944555,20260207,62.5,12.3,5.6211897599999965,1.8262429458299487,3.901996007336357,34.2232482920547,21.93386,62.50000000000002,406986,147,0.03228177325835032,0.091875,0.35094176,1.0000000000000004,-0.6827645522490766,1.7823778667770924
63945621,20260207,1000.0,58.11,0.2096483799999982,0.2455461994,6.230289020120312,108.679675700671,1.3061699999999994,26.68599,2361143,131,0.03424353349818351,0.0001680199760562,0.0013061699999999993,0.02668599,-0.8927845634121441,0.8702404845838377
63947774,20260207,1000.0,23.0,2.054224199999999,22.160278636386643,17.894969789568258,45.12578434967154,36.76028,1000.0000000000014,52648,404,0.003672996693130921,0.0362007168458781,0.03676028,1.000000000000001,-0.22195783523616272,0.9619906238987628
63948300,20260207,1000.0,10.01,3.0623741299999985,50.62863352208538,8.330928527011823,19.75166838765479,25.51242,1000.0000000000016,56224,464,0.011217877094972068,0.0350453172205438,0.025512419999999997,1.0000000000000018,-0.16773940789092678,0.9731936000026588
63949306,20260207,37.5,7.5,0.0449652199999997,2.1395779218268216,2.641597216693275,17.52681315816182,0.11878,37.500000000000014,11375,99,0.0014147482059127148,0.673469387755102,0.0031674666666666666,1.0000000000000004,-0.64778703777423,1.3369084210882425
63950119,20260207,1127.6450100000006,1.49,1214.6769155400002,422.87537326903,0.9169166761557043,2.666613116170368,1113.75752,1127.6450195312486,164069,645,0.009557064884984826,0.0658171438150916,0.9876845196166828,0.9999999999999988,-0.38461968043241324,0.7896732208743047
63950135,20260207,53.81452,18.5,3.5856543599999995,5.614524206701944,8.411530217876328,9.584874910760664,30.16084,53.81452178955078,7274,6,0.03225720620842572,0.0122448979591836,0.5604591474568573,1.0,-0.5453226909256039,-0.4818986534723966
63950199,20260207,1000.0,1.86,1.0834072399999997,78.2181334088,0.5502547684654573,2.446716336901905,0.59615,191.3775873,1021,65,0.0457847533632287,0.3231216931216931,0.0005961499999999999,0.1913775872999999,-0.7041641029755606,0.315438880690538
63950835,20260207,527.83917,20.0,24.541372159999995,2.2334727135694914,11.635914574713011,236.3310430547671,285.56131000000005,527.839172363282,161162,260,0.003977383784637558,0.0164395086768207,0.5410006044075889,1.0000000000000016,-0.41820427126434945,10.816552152738357
63950950,20260207,1000.0,28.0,7.32668608,26.953795390940428,29.1030730226127,37.100525116978105,213.22908,999.9999999999992,1077648,324,0.029497368183348523,0.0404421924353492,0.21322908000000002,0.9999999999999992,0.03939546509331076,0.3250187541777894
63951234,20260207,1000.0,24.0,0.6132488499999987,0.1993047513,11.454615854558904,25.52364879999326,7.02453,5.08701,14776,1,0.009395307433076875,3.79477838494232e-05,0.00702453,0.00508701,-0.522724339393379,0.0634853666663858
63952722,20260207,1000.0,6.0,1.3205693899999993,2.3661248063,3.1496035206449866,44.21525831865909,4.15927,104.61886374,1816,135,0.0033642089662838087,0.1690571571495008,0.0041592700000000005,0.10461886374,-0.4750660798925022,6.3692097197765145
63953184,20260207,10.20408163265306,8.1,0.3724572899999989,0.2864324966816041,0.9627949556310229,35.62460973858126,0.3586,10.204081535339355,33825,10,0.017681651855723995,0.7692307692307693,0.0351428,0.9999999065399248,-0.8811364252307379,3.3980997605974506
63953504,20260207,24.7436,9.2,9.367659570000002,3.229886251335747,2.004393932090766,7.6608249514294915,18.77648,24.743600845336907,74031,40,0.43598939929328623,0.0570767195767195,0.7588418823453337,0.999999922915484,-0.7821310943379602,-0.1673016184506409
63953718,20260207,1000.0,22.5,1.6580488599999996,0.0,14.751356603568368,0.0,24.45847,0.0,59318,0,0.051919474835886215,0.0,0.02445847,0.0,-0.34438415095251695,-1.0
63954015,20260207,94.20293,24.75,2.3120213599999984,2.633914233966609,12.572846645326848,35.7653600316799,29.068689999999997,94.20292663574216,164558,34,0.006749103854451198,0.0018695699989002,0.3085752215987337,1.0,-0.4920061961484102,0.4450650517850463
63955161,20260207,1.6937669376693767,48.0,0.0079552899999997,0.0089940401463731,0.0,188.30009916564015,0.0,1.693766951560974,54366,1,0.023151215773112466,0.005,0.0,0.999999463558197,-1.0,2.922918732617504
63955360,20260207,7.352941176470588,28.8,0.1154856199999987,0.0,11.840868153108719,0.0,1.36745,0.0,5736,0,0.02527985896870868,0.0,0.1859732,0.0,-0.588858744683725,-1.0
63956425,20260207,1000.0,50.67,3.5357482699999983,10.48313675011725,22.787402792111113,95.3912868300158,80.57052,1000.0000000000008,115361,458,0.012660893805698232,0.0238045738045738,0.08057052,1.0000000000000009,-0.5502782160625397,0.8825989792215803
63956511,20260207,1000.0,62.32,0.0303930099999996,0.0,35.69965594062629,0.0,1.08502,0.0,2560,0,0.024334600760456272,0.0,0.0010850200000000001,0.0,-0.4271557134045845,-1.0
63956533,20260207,1000.0,50.98,0.6826960299999986,0.0387651755999999,12.415393714827985,153.85010018888735,8.47594,5.964179999999998,257667,14,0.015725785779676534,8.175050409032773e-05,0.00847594,0.0059641799999999,-0.7564654037891725,2.017852129665564
63956557,20260207,1000.0,56.65,0.5328230999999984,0.1279210268999999,6.460343029421979,185.7444771303886,3.44222,23.760810000000003,125185,5,0.06415466612002255,0.0001311440482771,0.0034422199999999997,0.02376081,-0.8859604054824011,2.278807981064866
63957528,20260207,1000.0,31.75,0.2811193099999993,0.0,16.54905883199561,0.0,4.65226,0.0,1630,0,0.007588454376163873,0.0,0.00465226,0.0,-0.4787698005670674,-1.0
63957691,20260207,1000.0,18.0,0.45442549999999754,0.0039968176,4.975799113386048,10.58827696391151,2.2611299999999996,0.04233,4119,1,0.007485008177357805,0.0007716049382716,0.0022611299999999997,4.233e-05,-0.7235667159229973,-0.411762390893805
63957756,20260207,1000.0,9.68,0.47714719999999844,3.1386979398,2.629062897152082,22.76799762278366,1.2544499999999998,71.46189,94937,233,0.013725169871331502,0.0067377840595336,0.0012544499999999998,0.07146189,-0.728402593269413,1.3520657959700562
63958669,20260207,1000.0,30.0,0.1985908899999999,0.0,10.174233067790777,0.0,2.02051,0.0,4651,0,0.06721098265895954,0.0,0.0020205099999999997,0.0,-0.6608588977403075,-1.0
63958692,20260207,1000.0,30.0,1.691604149999999,15.804900177611662,15.538381127759719,63.27151234684999,26.284790000000005,1000.0,49548,219,0.07745505705799594,0.0307678909127102,0.026284790000000006,1.0000000000000002,-0.4820539624080094,1.1090504115616662
63959180,20260207,1000.0,32.0,0.32588063999999994,0.0,20.57093664723379,0.0,6.703670000000001,0.0,5152,0,0.0058658772628942275,0.0,0.006703670000000001,0.0,-0.35715822977394407,-1.0
63959271,20260207,1000.0,27.5,0.0977212099999997,0.0,17.257154306623963,0.0,1.6863899999999996,0.0,1525,0,0.0009710901681100356,0.0,0.0016863899999999996,0.0,-0.37246711612276495,-1.0
63959420,20260207,1000.0,50.04,6.681808069999999,14.250488345100438,50.039463345435486,70.17302885418583,334.35409,1000.0000000000008,7356,177,0.02111366245694604,0.0511210079555403,0.33435409,1.0000000000000009,-1.072451168091783e-05,0.402338680461759
63959507,20260207,1000.0,23.0,0.051848519999999496,2.5705640816,5.004192983714917,33.79670120856277,0.25946,86.87661999999999,2454,28,0.00048314695227594896,0.0004795177421564,0.00025946000000000004,0.0868766199999999,-0.782426392012395,0.4694217916766423
63959710,20260207,6.746300000000001,9.0,1.0116520099999995,0.1695898175684282,5.871090000602088,39.7798673136736,5.939500000000001,6.746300220489502,53675,13,0.012660691119235758,0.4333333333333333,0.8804085202259017,0.9999998586374532,-0.347656666599768,3.419985257074844
63962980,20260207,1000.0,35.11,0.2067030599999997,0.0,6.737103940309361,0.0,1.3925800000000002,0.0,3055,0,0.01724040632054176,0.0,0.0013925800000000002,0.0,-0.8081143850666659,-1.0
63965437,20260207,4.044489383215369,16.0,0.1824611799999992,0.1367460131698893,13.728344845736562,29.57643673483961,2.50489,4.04448938369751,396776,5,0.07502618890044437,1.0,0.6193340525,0.9999997642040808,-0.1419784471414649,0.8485272959274757
63965582,20260207,1000.0,2.13,0.6573798499999994,81.98485703885628,1.6206611748139235,12.197374294727158,1.0653899999999998,1000.0000000000008,1179,1371,0.0005254010695187166,0.3893103023718565,0.0010653899999999998,1.0000000000000009,-0.23912620900754764,4.7264664973638855
63965642,20260207,37.3331,22.0,0.9439896899999968,1.4062483660465048,13.074009314656859,26.547993738970884,12.341729999999998,37.33309936523438,1575375,52,0.17698655222388243,0.5977011494252874,0.3305841197221768,1.0000000000000002,-0.4057268493337791,0.2067269881350402
63966360,20260207,1000.0,5.63,29.11323841,17.14540186777126,1.621798967708862,58.3246720833681,47.215819999999994,999.9999999999976,213733,566,0.08134152839092708,0.1685607256916276,0.04721581999999999,0.9999999999999978,-0.7119362401938079,9.359621829094754
63967286,20260207,1000.0,30.2,4.732072439999998,18.12701590388957,31.444605273202473,55.16627503036228,148.79815000000002,999.9999999999984,323845,585,0.011683900249664468,0.0734002509410288,0.14879815000000002,0.9999999999999984,0.04121209513915477,0.8266978025398164
63967297,20260207,4146.95498,29.2,1.1171749499999986,0.0,17.162262723488407,0.0,19.17325,0.0,95124,0,0.001393331565864812,0.0,0.004623452651998647,0.0,-0.41225127659286276,-1.0
63967300,20260207,1000.0,29.2,14.951385440000003,18.900924685832877,33.738626565699704,52.90746160382753,504.43920999999983,1000.0000000000002,891913,610,0.0644394592915303,0.0572769953051643,0.5044392099999998,1.0000000000000002,0.15543241663355153,0.811899322652673
63967610,20260207,1000.0,22.05,0.0052082899999996,0.2206699614999999,0.0,93.24974097237532,0.0,20.577510000000007,40457,231,0.025202142901638323,0.0040700209620654,0.0,0.02057751,-1.0,3.229013342351767
63969691,20260207,9.090909090909092,10.0,0.4199205699999999,0.0509475564938072,5.370348968615662,178.43310252207863,2.2551200000000002,9.090909004211426,1146,1,0.019965156794425086,0.1666666666666666,0.2480632,0.9999998807907104,-0.46296510313843375,16.843310252207864
63972226,20260207,1000.0,29.07,0.0710429399999995,1.3485225703,10.738575852857515,32.39947077104493,0.7628999999999999,43.69145,6577,24,0.011975600873998543,0.0039682539682539,0.0007629,0.04369145,-0.6305959458941344,0.1145328899612444
63972231,20260207,1000.0,29.07,0.3966301899999991,0.0,10.763376333001803,0.0,4.269079999999999,0.0,20039,0,0.014682737397420868,0.0,0.004269079999999999,0.0,-0.6297428162022084,-1.0
63974967,20260207,16.666666666666668,7.15,0.1509424199999995,0.4393648051446839,11.898510703618015,37.93346190287937,1.79599,16.66666603088379,35391,7,0.006478545800688291,0.3958333333333333,0.10775939999999999,0.9999998855590908,0.6641273711353867,4.305379216352305
63978528,20260207,393.5711200000004,27.0,10.207987429999996,11.015790985168824,27.258615070610453,35.727899227483434,278.25559999999996,393.57110595703136,924894,185,0.02102476205197917,0.0274195938935823,0.7070020788110664,1.0000000000000002,0.009578335948535308,0.3232555269438308
63978909,20260207,256.4102564102564,23.0,3.3194661199999986,5.948104526162115,17.62936504982314,43.10788480045302,58.52008,256.41024780273443,12451,86,0.0015538499937601399,0.0551282051282051,0.228228312,1.0000000000000002,-0.23350586739899395,0.8742558608892618
63979077,20260207,1037.65783,23.0,53.559527910000014,22.491073627767328,18.315889969165337,46.1364276312959,980.9904200000001,1037.6578369140627,294519,235,0.006092240289760939,0.0445582100872203,0.9453891173355286,1.0000000000000002,-0.20365695786237667,1.0059316361433002
63981277,20260207,178.83799999999994,23.0,2.607651879999999,3.970354020698759,26.61892506909321,45.04332647941621,69.41289,178.83799743652352,22083,77,0.0005758023764265991,0.0249433106575963,0.38813277938693136,1.0000000000000004,0.15734456822144385,0.9584054991050526
63982060,20260207,144.41286,32.0,0.33754527999999956,0.0,44.74125663970185,0.0,15.102200000000002,0.0,12379,0,0.0036130406864748115,0.0,0.10457655917900942,0.0,0.3981642699906829,-1.0
63982405,20260207,33.76623376623377,29.2,0.037326949999999796,1.0077013397818515,13.783874653568073,33.50814423917309,0.51451,33.76623535156249,2196,15,0.0017188478396994364,0.0773195876288659,0.015237411538461539,0.9999999999999998,-0.5279494981654769,0.1475391562900752
63984594,20260207,1000.0,86.31,0.0028417199999998003,0.0,67.3676505778238,0.0,0.19144,0.0,6994,0,0.03509282488710487,0.0,0.00019144,0.0,-0.21946876864993867,-1.0
63985166,20260207,50.0,46.0,0.0192897799999996,0.3181188757,10.526299418656107,38.5092882770795,0.20305,12.250569999999998,4693,8,0.0284251968503937,0.0084579978051637,0.004061,0.2450113999999999,-0.7711674039422585,-0.1628415591939239
63985726,20260207,4994.14603,1.0,6089.890448690001,513.9360981181998,0.7498611984033832,1.3269351891997705,4566.572550000001,681.9598949200004,160888,242,0.11837833860643072,0.0152059529783269,0.914385066549606,0.1365518540013459,-0.25013880159661683,0.3269351891997705
63985744,20260207,1000.0,86.31,0.0857126599999991,0.0002420272,6.0222142213297944,101.22323756353198,0.51618,0.0246,77376,1,0.03762875066867675,1.832307241278217e-05,0.00051618,2.46e-05,-0.9302257650176133,0.172786935775476
63986072,20260207,1000.0,89.8,0.006625789999999401,0.0036788522,17.934465173211155,239.7759344791076,0.11882999999999999,0.88234,54611,3,0.0010150724626905897,4.06681107213485e-06,0.00011882999999999999,0.00088234,-0.8002843521914126,1.670110538202415
63986203,20260207,1000.0,82.32,0.2016738699999988,4.479914696200001,18.910630316163527,81.5415232723815,3.8137799999999995,365.29914999999954,3668213,4098,0.1538370210695833,0.0075685743653143,0.0038137799999999997,0.3652991499999995,-0.7702790292011233,-0.0094567107061307
63986210,20260207,1000.0,82.32,0.997752289999999,1.2729783946,1.8725790145768566,312.689696069335,1.86837,398.04754,14745,2,0.5102076124567474,0.0009852216748768,0.00186837,0.39804754,-0.9772524415138866,2.79846570977326
63986783,20260207,1000.0,30.49,0.029515359999999397,0.0082131751999999,7.6346688639408296,89.9116444460547,0.22534,0.73855,16219,6,1.0265189873417722,0.0361742424242424,0.00022534,0.00073855,-0.7496008899986609,1.9488896399147908
63987649,20260207,5.076142131979696,2.07,1.5329025399999994,0.4799954205327169,0.7985439178670813,10.575375344388007,1.22409,5.076142311096191,48582,11,0.03132705700283724,1.0,0.24114572999999992,0.9999998121262016,-0.6142299913685596,4.108877142725774
63987864,20260207,138.91400000000002,3.0,7.335207660000001,20.56560661726139,3.962146860338511,6.754675283615186,29.06317,138.91400146484372,1273,44,0.08056962025316455,0.3736842105263158,0.2092169975668399,0.9999999999999998,0.32071562011283694,1.2515584278717289
63990159,20260207,1000.0,82.32,1.1119273199999975,1.2987220556,5.475798544099099,74.37082107961618,6.08869,96.5871,3475783,251,0.24096718731584896,0.0015477548845345,0.00608869,0.0965871,-0.9334815531572025,-0.0965643664319381
63992188,20260207,221.95962,49.74,0.7805867899999986,0.0,15.255946106902503,0.0,11.90859,0.0,1284,0,0.00801498127340824,0.0,0.05365205617129819,0.0,-0.6932861659247587,-1.0
63993604,20260207,23.71317,4.5,6.438650769999999,3.638658305005994,3.4845048755455337,6.51700725739183,22.43551,23.71316909790038,31270,46,0.007909047221589903,0.0034489346526485,0.9461202361388207,0.9999999195658548,-0.22566558321210362,0.4482238349759622
63993656,20260207,1000.0,69.53,0.0997669799999984,0.0,27.10325600714829,0.0,2.70401,0.0,8407,0,0.013529127775989701,0.0,0.0027040099999999997,0.0,-0.6101933552833555,-1.0
63993812,20260207,82.3529411764706,2.06,7.230964519999999,21.45862329765526,1.849822380265254,3.8377550339705913,13.375999999999998,82.35294342041013,1675,85,0.0027773171944951085,0.0948717948717948,0.1624228571428571,0.9999999999999996,-0.10202797074502234,0.8629879323163183
63994945,20260207,1000.0,24.0,41.13260980999996,15.511321119575252,17.640384195208465,64.46903702283396,725.59504,1000.0,466873,177,0.009917494588503198,0.0372474747474747,0.7255950400000001,1.0000000000000002,-0.26498399186631394,1.686209875951415
63995216,20260207,200.0,188.17,1.0175264299999978,1.5272486021,97.2230667266306,77.70727629381257,98.92704,118.6784068,929667,18,0.17165195716395865,0.0003474611650615,0.49463520000000005,0.5933920340000001,-0.4833232357621799,-0.58703684407732
63995643,20260207,10.638297872340424,10.0,0.44644648999999925,0.6514430102391533,3.960429837851346,16.330333639513416,1.7681199999999997,10.638298034667969,8027,3,0.005293109132871744,0.4285714285714285,0.16620328,0.9999999103546235,-0.6039570162148654,0.6330333639513416
63995756,20260207,18.64382,10.0,3.707415939999999,1.5234257779344444,7.095586366821309,12.238080673780985,26.30629,18.64381980895996,132542,13,0.1252641527265854,0.0062320230105465,1.4109924897365453,0.9999998976954048,-0.2904413633178691,0.2238080673780985
63996213,20260207,148.11337000000006,14.0,1.8977082499999993,0.0,5.1224733833559535,0.0,9.720960000000002,0.0,10651,0,0.0005621856146777369,0.0,0.06563188724961155,0.0,-0.6341090440460034,-1.0
63996594,20260207,50.0,120.0,0.17424366999999868,0.0,63.45699674484636,0.0,11.05698,0.0,1837,0,0.003122556518782934,0.0,0.2211396,0.0,-0.471191693792947,-1.0
63996813,20260207,2738.002499999999,2.3,826.7561539400001,768.724983722996,1.3900978354052935,3.5617450919627216,1149.2719399999999,2738.002441406249,49542,761,0.010018807255960686,0.7240723120837298,0.41974831651906824,0.9999999999999996,-0.39560963678030714,0.5485848546978268
63996824,20260207,1000.0,27.5,6.685708749999997,19.26617818458698,19.060368132249263,51.90442746426877,127.43207000000001,1000.0,247667,323,0.040129461898666494,0.0768681580199904,0.12743207,1.0,-0.306895704281845,0.8874337259734099
63997152,20260207,69.34492,12.0,2.785368799999998,4.0441501176911325,9.052226764369594,17.146964907917035,25.21379,69.34491729736331,33819,35,0.0018811220318053633,0.0067974363954165,0.3635996695936775,1.0000000000000004,-0.24564776963586712,0.4289137423264195
63997228,20260207,3.88989,3.37,0.707181539999999,0.228393732712094,5.500553648501636,17.031434610289725,3.8898900000000003,3.889889955520629,29994,7,0.055792410714285715,1.0,1.0000000000000002,0.9999997548326318,0.6322117651340167,4.053838334912648
63998445,20260207,312.5,26.0,13.295130829999998,5.688303476703749,11.01057461350307,54.93728426103649,146.38702999999998,312.5000000000003,5212422,698,0.07173311167412794,0.0506261574587587,0.4684384959999999,1.0000000000000009,-0.5765163610191126,1.1129724715783265
63999590,20260207,40.26390000000001,45.0,1.131787849999998,0.0600485772999999,24.45908038330686,139.68358108658995,27.682489999999998,8.38794,16471,24,0.014351311318288752,0.007862899715094,0.687526295266976,0.2083240779540196,-0.4564648803709587,2.104079579701999
64000136,20260207,1000.0,90.69,1.6932441799999993,7.815259185713561,77.56852883439414,127.95479308904116,131.34246000000002,1000.0,15096,566,0.002574922817132038,0.0078202418560045,0.13134246000000002,1.0000000000000002,-0.14468487336647762,0.4109029622279617
64000141,20260207,1000.0,90.69,0.011348739999999899,0.0,26.224937746393216,0.0,0.2976199999999999,0.0,6385,0,0.005409641616538168,0.0,0.0002976199999999999,0.0,-0.7108287821546675,-1.0
64001234,20260207,1778.9946199999997,62.32,59.295215089999886,18.81542835637458,28.365778038701492,94.54977588930372,1681.9549100000002,1778.994628906243,2258570,3456,0.11300703989272544,0.0288578045829345,0.9454524994572499,0.999999999999996,-0.5448366810221198,0.5171658593117139
64001556,20260207,1000.0,56.65,2.0478831699999986,8.00971086183968,18.462752443050753,124.84843615464544,37.80956,999.9999999999976,69330,886,0.0988592613717382,0.2027544965515182,0.03780956,0.9999999999999974,-0.6740908659655648,1.2038558303941451
64001859,20260207,1000.0,49.88,0.1730114699999995,0.0,7.538055135882052,0.0,1.3041699999999998,0.0,9581,0,0.018760524769923636,0.0,0.00130417,0.0,-0.8488762001627496,-1.0
64002001,20260207,1000.0,62.32,0.2421834799999985,0.0799458643,25.8219099007085,44.27578280890749,6.253640000000001,3.5397100000000004,62783,24,0.048771071234366505,0.002331327326233,0.00625364,0.00353971,-0.5856561312466544,-0.2895413506783975
64002534,20260207,1000.0,74.77,0.1737820499999994,0.1597943503999999,23.455126694615547,100.4623724020446,4.07608,16.053420000000003,25589,4,0.0073459838089223175,0.0026264363789759,0.00407608,0.01605342,-0.6863029731895741,0.3436187897884666
64002649,20260207,59.33854,2.0,24.471188329999997,12.844339477063242,1.5503991669046997,4.619819852136342,37.940110000000004,59.33853912353513,2433,100,0.003844816687737042,0.0942839391115253,0.6393839484422772,0.9999999999999996,-0.22480041654765015,1.3099099260681708
64003385,20260207,7.6923076923076925,28.01,0.054841079999999195,0.2166840085957135,22.938279114853657,35.49995231364231,1.2579600000000002,7.692307472229005,3262,4,0.002949367088607595,0.0784313725490196,0.1635348,0.9999998760223509,-0.18106822153325042,0.2674027855607581
64003833,20260207,2.6184865147944487,23.0,0.026782669999999204,0.0458257106999999,87.92737990648692,36.17060824747345,2.35493,1.6575799999999998,19370,14,0.02690651479372135,0.0105655930871956,0.899347767,0.6330295981291357,2.822929561151605,0.572635141194498
64003921,20260207,896.7005099999998,2.57,225.29017244999997,204.53867845454295,1.9243652543087217,4.384014323743421,433.54058,896.7005004882806,27229,319,0.002557818400435869,0.6064638783269962,0.483484257190843,0.9999999999999992,-0.2512197454051666,0.7058421936267211
64004668,20260207,1000.0,32.0,0.5324289999999983,0.0,43.09333263214452,0.0,22.944139999999997,0.0,118155,0,0.025785648814979703,0.0,0.02294414,0.0,0.34666664475451614,-1.0
64004784,20260207,16.216216216216218,1.18,1.51071968,5.174957063101713,1.5725749994863374,3.1335939041979626,2.37572,16.216217041015625,1092,11,0.006019845644983462,0.9166666666666666,0.1465027333333333,0.9999998823801874,0.33269067753079445,1.6555881724483943
64005031,20260207,1000.0,8.49,1.23163432,3.1824827435000005,6.591412619940631,16.369937507584947,8.118209999999998,52.097060000000006,12273,5,0.011165393013100437,0.0035211267605633,0.008118209999999997,0.05209706,-0.2236263109610564,0.9281434568789118
64005326,20260207,1000.0,24.56,0.027129089999999703,0.0508991328,0.0,31.964749608669,0.0,1.62701,1242,3,0.07305882352941176,0.0104166666666666,0.0,0.00162701,-1.0,0.3014963478722733
64005450,20260207,1000.0,23.0,0.0635592799999993,0.0133727748,6.056078671753428,32.60111722533267,0.38492,0.436,1573,1,0.011373825018076645,0.009090909090909,0.00038491999999999997,0.0004359999999999,-0.7366922316628944,0.4174398793622901
64005575,20260207,1000.0,6.38,2.129111579999998,26.72637741039494,2.8943386799859523,37.41621796431119,6.162369999999999,999.9999999999978,515162,1531,0.0924024250251112,0.1718344402817427,0.0061623699999999995,0.999999999999998,-0.5463418996887222,4.864610860996824
64005608,20260207,341.5910099999999,25.0,3.260798799999999,9.3330536740547,10.870968181170825,36.600128826799946,35.44804,341.5910034179694,2483646,1140,0.03214597179707875,0.0130516915679203,0.10377333993655163,1.0000000000000018,-0.565161272753167,0.4640051530719978
64005639,20260207,1000.0,24.0,0.0684589599999995,0.1466552001,1.7655833509594767,25.523639624152512,0.1208699999999999,3.7432,1772,3,0.00010772560367677456,1.7621609569010634e-05,0.00012086999999999989,0.0037432,-0.9264340270433551,0.063484984339688
64006623,20260207,5.426270000000001,23.0,0.7075432399999988,0.1779491942872308,7.255146696052115,30.493195187685902,5.13333,5.426270008087159,304971,14,0.005848451259550183,0.5384615384615384,0.9460144814025103,0.9999998242486744,-0.684558839302082,0.3257910951167785
64007498,20260207,151.5151515151515,52.0,2.582542039999999,1.312629963362712,20.00568013986716,115.42859814108448,51.66551,151.5151519775391,2099736,440,0.010943751426775535,0.0234892163143284,0.340992366,1.0000000000000002,-0.6152753819256316,1.219780733482394
64007547,20260207,41.66666666666666,6.5,0.0681534699999993,1.1866482088301675,0.0,35.11287719081582,0.0,41.66666793823243,3976,45,0.01602579604997985,0.6242588932806324,0.0,1.0000000000000002,-1.0,4.401981106279357
64008712,20260207,1000.0,30.0,3.5522793399999983,18.367700115189,22.84602989583585,54.44339461583792,81.15548000000001,1000.0000000000008,232695,258,0.018681058428734285,0.0655821047280122,0.08115548000000002,1.0000000000000009,-0.23846567013880496,0.8147798205279305
64008942,20260207,622.48078,32.4,18.868238960000006,1.7395820538066604,26.4995583880394,357.8333167615259,500.0,622.4807739257812,218760,395,0.02131208230228163,0.0577659261215692,0.8032376517713528,1.0,-0.18211239543088267,10.044237651523352
64009066,20260207,1000.0,32.66,0.0194871499999997,0.0,18.601488673305514,0.0,0.36249,0.0,1287,0,0.04784386617100372,0.0,0.00036249,0.0,-0.43045043866180294,-1.0
64009550,20260207,1000.0,49.88,1.2629517299999993,0.0,8.9324395636245,0.0,11.28124,0.0,17244,0,0.0561328125,0.0,0.01128124,0.0,-0.820921420135836,-1.0
64009920,20260207,650.6762800000001,2.3,108.41929587999999,161.3464892148425,1.5695649802812575,4.032788495521877,170.17113,650.6762695312499,12907,228,0.02348435225618632,0.0774212639848891,0.2615296349822372,0.9999999999999998,-0.31758044335597496,0.7533863387521099
64010195,20260207,1000.0,74.77,0.8510355300000001,0.001097208,3.2668318795103652,42.496503394621065,2.78019,0.04667,55563,1,0.4206131718395155,0.0001546551190844,0.00278019,4.6670000000000005e-05,-0.9563082535841867,-0.4316369492767409
64010536,20260207,1000.0,23.0,0.0528086599999999,1.9998291654,27.82365619578309,32.477832929882254,1.46933,64.95015,2753,19,0.008030921820303384,0.0019495873696498,0.00146933,0.06495015,0.20972418242535176,0.4120796926035762
64011512,20260207,2.76675,16.0,0.2824856699999984,0.1325654859006997,2.1968193997238985,20.87066032169882,0.6205699999999998,2.766750097274781,1011639,13,0.16545459005936902,1.0,0.22429565374536906,0.9999996553089534,-0.8626987875172564,0.3044162701061763
64011906,20260207,1000.0,49.88,1.2094083999999978,0.054513524,3.834354052774901,63.39998492878704,4.637300000000001,3.45622,86260,1,0.9051416579223505,0.0035211267605633,0.0046373000000000004,0.0034562199999999,-0.9231284271697093,0.2710501918837002
64012844,20260207,1000.0,33.75,0.0253990099999997,0.140335044,39.24286812753771,35.52294804604867,0.9967299999999999,4.98515,1932,1,0.01932,0.0004734848484848,0.00099673,0.00498515,0.1627516482233396,0.0525317939569975
64014502,20260207,1000.0,64.61,2.4498727499999977,7.892883847770735,2.6086742668573324,126.69638785905256,6.39092,1000.0,156560,203,0.7364063969896519,0.3190816588953235,0.0063909200000000005,1.0,-0.9596242955137388,0.9609408243644832
64014589,20260207,1000.0,43.12,3.8417100199999994,5.506714675420463,1.8932532549658712,181.59644676473044,7.2733300000000005,999.9999999999987,226633,804,0.4300436432637571,0.4104651484698143,0.007273330000000001,0.9999999999999988,-0.9560933846250957,3.2114204838361045
64014727,20260207,1000.0,43.12,0.11994653999999959,0.00043102,9.042611816897793,212.11980926808943,1.08463,0.09164,476200,1,0.12059665206270419,5.500550055005501e-05,0.00108463,9.164e-05,-0.7902919337454128,3.9192906892963535
64014794,20260207,2172.01885,288.0,8.338364969999994,0.0456925083,231.43574033315574,241.8146561970161,1929.7956700000004,11.04936,92767,5,0.02794691811773212,0.0001230842182507,0.8884801667352015,0.0050871382908663,-0.1964036793987648,-0.1603657770936941
64017299,20260207,1000.0,29.2,11.781729349999996,16.019236486954686,23.01896452917585,62.42494380986317,271.20320999999996,1000.0,695731,253,0.09208637759423972,0.0381253767329716,0.27120321,1.0000000000000002,-0.21167929694603252,1.1378404855760385
64017952,20260207,1000.0,45.04,6.04706318,13.49780166430226,20.935810695465563,74.0861327484589,126.60017,999.9999999999994,91636,576,0.04819142782014199,0.0582073434772016,0.12660017,0.9999999999999994,-0.5351729419301606,0.6448963419740523
64018079,20260207,1000.0,43.12,0.0151912799999996,0.1988897642,22.66102658893846,42.65346374489921,0.34425,8.483379999999999,13490,167,0.06728179551122195,0.0797586365226131,0.00034425,0.0084833799999999,-0.47446598819716,-0.0108194619327918
64018092,20260207,27.77777777777778,35.0,0.705890379999999,0.0,14.566723518742407,0.0,10.28251,0.0,44519,0,0.03589373538660002,0.0,0.37017036,0.0,-0.5838078994645026,-1.0
64018462,20260207,1000.0,64.61,0.00239328,0.0,0.0,0.0,0.0,0.0,12102,0,0.716094674556213,0.0,0.0,0.0,-1.0,-1.0
64018532,20260207,1000.0,43.12,0.0075473099999993,0.0065715093,5.2535274157287395,86.14822347988157,0.03965,0.56621,17162,8,0.3730869565217391,0.0140289331220703,3.9649999999999995e-05,0.00056621,-0.8781649486148251,0.997871651526872
64018637,20260207,1000.0,32.2,0.2057294599999997,0.0705275719,2.7760730038371797,60.857321853698274,0.5711200000000001,4.29218,7475,6,0.1465686274509804,0.029406850459482,0.00057112,0.00429218,-0.913786552675864,0.8899788947751183
64018926,20260207,1000.0,14.0,0.05026751,6.846206174400001,11.246429353671983,21.359169577396777,0.56533,146.22930000000005,2468,75,0.009636860601327606,0.0230716115936241,0.00056533,0.1462293,-0.19668361759485833,0.5256549698140555
64019380,20260207,1000.0,39.33,0.025509199999999798,0.0706041607,7.321672181017102,88.63488076445945,0.18677,6.25808,3554,4,0.034238921001926784,0.0625,0.00018677,0.00625808,-0.8138400157381871,1.25362005181688
64019817,20260207,248.75621890547265,600.0,0.0269656999999989,0.0,21.850350630616823,0.0,0.58921,0.0,1030,0,0.0033594259621656884,0.0,0.0023686242,0.0,-0.9635827489489719,-1.0
64020441,20260207,193.69960000000003,2.61,10.769538549999998,43.48310978214142,1.0929456211473425,4.4545939040607765,11.77052,193.69960021972656,1050,68,0.0030585493737256045,0.0603030303030303,0.06076687819696064,1.0,-0.5812468884492941,0.7067410280095922
64020537,20260207,40000.0,1.56,1525.4624940200001,4317.428559489408,1.2181481926199602,2.942376208830878,1858.23938,12703.49907971098,845119,2394,0.04100310027121309,0.0084503109743864,0.0464559845,0.3175874769927745,-0.219135773961564,0.8861386645875627
64020651,20260207,1000.0,7.0,3.29447241,59.30073838596236,6.385538375171883,16.863196148220695,21.03698,999.9999999999998,46180,510,0.06013803880713635,0.6684264937502093,0.02103698,0.9999999999999998,-0.0877802321183024,1.4090280211743849
64020690,20260207,1000.0,28.88,1.5438875499999989,17.65869052550377,30.17993117439158,56.62933737506758,46.59442000000001,999.9999999999998,69804,385,0.009062629829663481,0.0158815279267387,0.046594420000000004,0.9999999999999998,0.045011467257326215,0.9608496890816526
64020711,20260207,1000.0,28.88,1.0800372399999991,0.0,33.37977494183444,0.0,36.0514,0.0,53771,0,0.0032712793463646707,0.0,0.036051400000000004,0.0,0.15580938164246683,-1.0
64021638,20260207,380.56766,3.0,151.39981512,74.36749184329295,1.5370415731059843,5.117392598842012,232.70781,380.5676574707037,53398,334,0.012248371410221122,0.0398387355584082,0.6114755257974364,1.000000000000001,-0.4876528089646719,0.7057975329473374
64021741,20260207,1000.0,23.81,2.003387719999999,23.287891345858437,17.910936381301177,42.94076875436271,35.88255,1000.0000000000005,26675,164,0.005235011284466687,0.01001221001221,0.03588255,1.0000000000000004,-0.2477557168710131,0.8034762586107913
64021769,20260207,502.20883,2.57,116.80017328000002,102.49708559821896,1.7394896282640169,4.899737626257915,203.17269,502.2088317871093,9418,157,0.0017058503894222061,0.4743202416918429,0.40455817951269396,1.0,-0.3231557866676977,0.906512744564736
64023756,20260207,1000.0,166.08,2.9452991699999984,4.105224169781368,11.11577402169302,243.59199767189804,32.73928,1000.0000000000005,153461,88,0.52411543715847,0.0545634322138843,0.03273928,1.0000000000000004,-0.9330697614300757,0.4667148060348207
64024405,20260207,0.4539,22.5,0.0289970499999996,0.0,9.141274715876394,0.0,0.2650699999999999,0.0,1239,0,0.015372208436724566,0.0,0.5839832562238376,0.0,-0.5937211237388269,-1.0
64024543,20260207,33.333333333333336,3.62,12.361320649999998,2.0009340562595503,1.168799063553133,16.65887753702475,14.4479,33.33333206176758,11659,11,0.009005174944002471,0.0604395604395604,0.43343699999999996,1.0,-0.6771273305101843,3.601900017588512
64024748,20260207,106.53732000000002,2.5,57.40553908,29.74246458398904,1.522462664764858,3.5819936547358053,87.39778999999999,106.53732299804682,6898,43,0.008261077844311378,0.0162422990879366,0.8203490570252749,0.9999999999999994,-0.3910149340940568,0.4327974618943221
64025102,20260207,282.86702,11.54,27.54282164,8.267046547039568,4.565515895342378,34.216209995478266,125.74719000000002,282.8670349121093,116351,175,0.13538631603444262,0.0380017201447063,0.44454524956638636,0.9999999999999998,-0.6043747057762238,1.9650095414717852
64026285,20260207,1000.0,27.12,1.8919629599999992,3.8247376986,21.427496656699887,63.40268868269714,40.54003,242.498717,3076,105,0.005333795734350616,0.1226537445764949,0.040540030000000005,0.242498717,-0.2099005657559039,1.33785717996642
64026292,20260207,1000.0,27.12,0.0242268099999998,0.0535118073,0.0,51.76274876537827,0.0,2.7699700000000003,1669,7,0.32725490196078433,0.1111111111111111,0.0,0.00276997,-1.0,0.9086558688632196
64026424,20260207,1000.0,26.25,0.0670519899999999,0.1626730149999999,8.490724883780496,37.2671074725733,0.56932,6.062390000000001,4038,2,0.029367272727272728,0.0021367521367521,0.00056932,0.00606239,-0.6765438139512193,0.4196993322885067
64027513,20260207,1000.0,16.17,0.7005172699999995,7.801462282066548,1.1556745774447506,128.18108140029693,0.8095699999999997,1000.0,6708,43,0.004238862559241706,0.0293236401686993,0.0008095699999999997,1.0,-0.9285297107331633,6.927092195145812
64029184,20260207,9.71446,12.0,0.37187876999999925,0.4180653927185206,1.31978493959201,23.23664504519368,0.4908,9.714460372924806,21846,21,0.002001484209658357,0.0405405405405405,0.05052262297647012,0.9999999018294188,-0.8900179217006658,0.9363870870994732
64029548,20260207,1000.0,26.3,2.3800731099999988,18.056955015576992,20.342488554899905,55.380319868827335,48.41661,1000.0,91557,120,0.003833772302641772,0.0375,0.04841661,1.0,-0.2265213477224371,1.105715645450984
64029570,20260207,1000.0,26.5,0.18796249999999898,0.0,24.148433863137722,0.0,4.539,0.0,14283,0,0.009091082680924194,0.0,0.004539,0.0,-0.08873834478725577,-1.0
64029589,20260207,1000.0,30.0,3.040580139999999,16.631517939546367,23.005876108892835,60.12679921989591,69.95121,1000.0000000000006,129753,185,0.007055052605823342,0.0398706896551724,0.06995121,1.0000000000000009,-0.2331374630369055,1.004226640663197
64029718,20260207,1000.0,2.75,337.58636083,210.47263139646157,2.0149579157392052,4.75121154049296,680.22231,1000.0000000000005,1576390,173,0.033443795016495,0.3333333333333333,0.68022231,1.0000000000000004,-0.267288030640289,0.7277132874519855
64030368,20260207,1000.0,20.04,0.1709647999999997,0.2585806087,9.089473388674174,26.817955209047323,1.5539799999999997,6.93463,8809,1,0.011753168779186125,0.02,0.0015539799999999997,0.00693463,-0.5464334636390132,0.3382212566800983
64031354,20260207,1000.0,102.01,0.0032945899999997997,0.0,87.33104877997489,0.0,0.28772,0.0,6695,0,0.04237341772151899,0.0,0.00028772,0.0,-0.1438971789042752,-1.0
64032557,20260207,67.92190000000001,30.55,2.619258649999999,1.6863743890360623,26.48915944211925,40.27685551495623,69.38195999999999,67.92189788818358,128477,23,0.06437368473794969,0.037828947368421,1.0214961595597294,0.9999999999999998,-0.13292440451328158,0.3183913754765639
64033273,20260207,1172.770339999999,25.52,1.0628980399999992,0.1049334074,17.330335842937497,23.127495167042795,18.42038,2.42687,45303,2,0.0013085486181717348,4.365185136929648e-06,0.01570672396097604,0.0020693479554944,-0.32091160490056825,-0.0937502056350093
64035082,20260207,1857.1991,86.3,6.387757870000003,14.63279904858246,63.26328709137495,126.92028118429742,404.11055999999996,1857.1990966796868,93297,869,0.004279404074967663,0.0084547175499925,0.21759140417416742,0.9999999999999996,-0.26693757715672134,0.4706868678576742
64036941,20260207,54.87098999999999,26.53,0.980953379999999,0.0,19.523894193626226,0.0,19.15203,0.0,38575,0,0.012848910798747585,0.0,0.3490374421893974,0.0,-0.2640823899877035,-1.0
64037275,20260207,172.63347,27.0,4.064382159999998,3.2531840585120277,28.75051001601681,53.06598472663907,116.85306,172.6334686279297,243669,82,0.0034903448246225953,0.0632716049382716,0.676885310826458,1.0,0.06483370429691894,0.965406841727373
64037396,20260207,1000.0,20.15,1.8310180599999986,0.0,10.025613838019714,0.0,18.357079999999996,0.0,40967,0,0.04860821072615092,0.0,0.018357079999999998,0.0,-0.5024509261528678,-1.0
64037536,20260207,15.426750000000004,12.1,2.6784263699999986,0.9488829595712706,4.468728404880514,16.25778371264244,11.969159999999999,15.426750183105469,20875,5,0.016412453809261734,0.0384403036576949,0.7758704847100002,0.9999999381804822,-0.6306836029024369,0.343618446288651
64040144,20260207,500.0,1.6,21.039017819999998,98.12207966573602,0.6015523209438491,5.0956930041394735,12.65607,500.0000000000001,2695,129,0.012216681776971895,0.623931623931624,0.02531214,1.0000000000000002,-0.6240297994100943,2.1848080801298324
64040948,20260207,208.86075949367088,12.0,14.615005989999997,9.1263004792,6.131463104518373,20.092992372423183,89.61137,183.37470601,6534,68,0.44448979591836735,0.4973262032085562,0.42904837757575753,0.8779758480882537,-0.4890447412901356,0.6744160310352653
64048356,20260207,1062.3138600000002,50.18,47.016990050000004,11.665725007779184,22.246369427045014,91.06281444164236,1045.9573299999997,1062.3138427734373,124130,210,0.009849867483455269,0.0160967977495353,0.984602921400272,0.9999999999999998,-0.5566686044829611,0.814723273970362
64048419,20260207,793.6428571428571,2.67,3.1898601900000005,0.0462028893999999,1.0692443545621348,4.809551812319939,3.4107399999999997,0.22222,2208,1,0.01645305514157973,0.0128205128205128,0.004297575375753758,0.0002799999907713,-0.5995339496021966,0.8013302153143634
64049764,20260207,500.0,18.0,2.6773620199999986,3.8040523814409672,10.952893101845083,131.43874437708374,29.32486,500.00000000000034,531162,382,0.03510955997541097,0.0716654264912579,0.05864972,1.0000000000000009,-0.3915059387863843,6.302152465393541
64053215,20260207,1000.0,22.98,2.220473769999999,17.133228017200846,11.984730628004675,58.36611411637891,26.611779999999996,999.9999999999992,42559,320,0.0010053599986771268,0.0299373187388904,0.026611779999999995,0.9999999999999992,-0.4784712520450533,1.5398657649711571
64055756,20260207,145.76475000000008,12.0,18.89065399,4.662145277505093,7.020497017742476,31.265590260936243,132.62178,145.7647552490234,30880,51,0.0020010238399180928,0.0317757009345794,0.9098343735368114,0.9999999999999998,-0.4149585818547937,1.6054658550780203
64055857,20260207,1000.0,38.0,0.07085108999999959,0.0,39.02593453396434,0.0,2.7650299999999994,0.0,2465,0,0.006653171390013495,0.0,0.0027650299999999995,0.0,0.026998277209587866,-1.0
64058792,20260207,6.172839506172839,12.1,0.0019256899999998997,0.1230328368729496,0.0,50.171886031201325,0.0,6.172839641571045,1023,13,0.012598522167487684,0.2856837606837606,0.0,0.999999845504788,-1.0,3.146436731360433
64059274,20260207,4187.775039999999,10.0,6.103125859999999,113.15696565854772,5.705325565742143,37.008546853154975,34.820319999999995,4187.774902343759,26122,988,0.00385263188944442,0.051858072643292,0.00831475417552515,1.0000000000000022,-0.4294674434257857,2.7008546853154973
64059312,20260207,2.48044,13.0,0.0393387199999998,0.0130427899920547,0.0,190.16251433538983,0.0,2.4804399013519287,6263,2,0.017158904109589042,0.5,0.0,0.999999615522251,-1.0,13.627885718106912
64059848,20260207,33.373839999999994,14.0,3.2924306599999986,0.4080940952638177,7.6870259736920366,81.77956735906456,25.309000000000005,33.37384033203125,174403,32,0.03015944109153164,0.0576576576576576,0.7583484549575359,1.0,-0.4509267161648545,4.841397668504611
64060132,20260207,1000.0,114.63,0.00028414,0.0,0.0,0.0,0.0,0.0,3555,0,0.1615909090909091,0.0,0.0,0.0,-1.0,-1.0
64061252,20260207,1000.0,62.0,0.13465896999999957,0.0,37.05568221708524,0.0,4.989879999999999,0.0,1678,0,0.0049352941176470586,0.0,0.0049898799999999995,0.0,-0.4023277061760445,-1.0
64062292,20260207,1321.44021,800.0,2.2271656199999987,0.0,543.0586702393514,0.0,1209.4815999999998,0.0,38700,0,387.0,0.0,0.9152753116238228,0.0,-0.32117666220081076,-1.0
64062322,20260207,7.8125,14.49,0.3224895099999992,0.3072996690312127,2.866480835299115,25.42298402613136,0.92441,7.8125,4665,12,0.009024956471271038,0.1304347826086956,0.11832448,0.9999998779297024,-0.8021752356591363,0.7545192841759111
64062508,20260207,3.7593984962406015,12.0,0.07950597999999971,0.0548262258593689,0.0,68.56809553032996,0.0,3.759398460388184,2481,1,0.009631211180124223,1.0,0.0,0.9999997615814208,-1.0,4.71400796086083
64070901,20260207,16.666666666666668,7.15,0.18408316999999957,0.2173836053831227,2.875548047113711,76.66902631633064,0.52934,16.66666603088379,22140,6,0.014451697127937337,0.3529411764705882,0.0317604,0.9999998855590908,-0.5978254479561245,9.722940600519069
64073068,20260207,1013.3127800000002,12.92,44.13809028,30.609228254828288,13.419031413517695,33.10481282425439,592.29042,1013.312805175782,539831,283,0.024098737545087675,0.039012958367797,0.5845089805341248,1.0000000000000009,0.03862472240849034,1.5622919991305746
64073560,20260207,62.5,1.39,27.034988699999996,16.73638709357297,0.7600576507731258,3.734378030108001,20.54815,62.50000000000003,4967,46,0.0009770827185993903,0.7076923076923077,0.3287704,1.0000000000000004,-0.4531959346955929,1.6866029270073124
64073567,20260207,1000.0,5.38,0.0058745699999998,25.030929437291213,6.220029721324497,39.95057245295981,0.03654,999.9999999999995,13883,1350,0.00218760833254546,0.7412991137935682,3.6540000000000006e-05,0.9999999999999996,0.1561393534060404,6.4257568035593655
64074041,20260207,1000.0,5.38,0.0044572,25.356213168589942,0.0,39.43806411127226,0.0,1000.0000000000002,5315,1511,0.0008910758294633427,0.7048077128746049,0.0,1.0000000000000002,-1.0,6.330495032037859
64075202,20260207,16.138539999999995,8.3,0.23027221999999897,0.1992498699753371,3.809968914183413,80.99608433299156,0.87733,16.13854026794434,1729,97,6.995128898095254e-05,0.0347919655667144,0.05436241444393361,0.9999998818140692,-0.5409676007007936,8.758564153216042
64081848,20260207,1000.0,96.08,0.0024119499999999,0.0014070924,0.0,50.31630026552234,0.0,0.07085,8472,2,0.03788908765652952,0.0006172839506172,0.0,7.085e-05,-1.0,-0.4763082919794527
64082498,20260207,130.62899000000007,2.5,71.42236495999998,29.18589944013683,1.823401816404933,4.475756463703366,130.23167,130.62898254394534,25097,123,0.005292381012631534,0.5082644628099173,0.9969584086962621,1.0000000000000002,-0.2706392734380268,0.7903025854813464
64083791,20260207,125.47337,14.0,1.6046278199999997,0.0,7.512720301708345,0.0,12.055120000000002,0.0,6230,0,0.0017661233167965982,0.0,0.09607711979043841,0.0,-0.4633771213065468,-1.0
64084611,20260207,1000.0,56.65,0.09727164999999979,0.2624625010999999,5.814849444827976,153.54733069968947,0.56562,40.30057,11884,3,0.7569426751592356,0.0206896551724137,0.00056562,0.04030057,-0.8973548200383411,1.710455896979029
64085364,20260207,1000.0,49.13,0.0128713099999998,0.0670762862,0.0,611.1278843001253,0.0,40.9928,1318,3,0.5990909090909091,0.0833333333333333,0.0,0.0409927999999999,-1.0,11.438995949803465
64085968,20260207,1000.0,50.24,0.08074559999999971,0.1370925,5.200902587880968,197.75985002935957,0.41995,27.111590000000003,16865,1,0.8108173076923076,0.0019305019305019,0.00041995,0.02711159,-0.8964788497635158,2.936302615891845
64086199,20260207,1000.0,32.2,0.021028999999999798,0.0337337947999999,31.227352703409878,24.984293071793047,0.65668,0.84284,4888,15,0.9584313725490196,0.0889483065953654,0.0006566800000000001,0.00084284,-0.03020643778230202,-0.2240902956577353
64087348,20260207,1000.0,23.0,7.090138969999995,21.236685223881867,14.252329951157503,47.08832580835717,101.05099999999993,999.9999999999995,28037,458,0.004352219807513194,0.0757024793388429,0.10105099999999993,0.9999999999999996,-0.3803334803844564,1.0473185134068337
64087378,20260207,1000.0,23.0,8.417212959999997,22.98350431211668,11.556155281118139,43.50946413177497,97.27062000000001,1000.0,132932,247,0.0016094767977547816,0.068100358422939,0.09727062,1.0,-0.4975584660383418,0.891715831816303
64087380,20260207,1000.0,23.0,5.341132769999998,22.952473701960777,9.887792023563573,43.56828677452255,52.812009999999994,1000.0000000000013,40541,259,0.0082201585595815,0.0738102023368481,0.05281200999999999,1.000000000000001,-0.5700959989754968,0.8942733380227195
64089175,20260207,1000.0,73.7,0.17912126999999922,0.1419871671,20.788318439234025,582.5510793568092,3.72363,82.71535999999999,12349,1,0.00033690086128109083,2.161358370508697e-06,0.00372363,0.0827153599999999,-0.7179332640538124,6.904356899307898
64089368,20260207,1000.0,85.14,0.13389580999999962,0.0,22.593761522485345,0.0,3.0252099999999995,0.0,1806,0,0.03248201438848921,0.0,0.0030252099999999995,0.0,-0.7346281240018165,-1.0
64090050,20260207,1000.0,64.77,20.956791710000005,9.17433109656718,21.97250401550133,108.99976036121215,460.47319000000005,999.9999999999998,59704,305,0.009745364324889006,0.0721731583320891,0.46047319000000003,0.9999999999999998,-0.6607610928593279,0.6828742629382322
64094719,20260207,72.20216606498195,3.4,0.29324328,13.395750806495696,0.0,5.389929937435668,0.0,72.20216369628908,11408,24,0.00128044537230341,0.96,0.0,1.0000000000000002,-1.0,0.5852734665447674
64096983,20260207,1000.0,30.2,4.301334859999997,18.87460428874954,15.664290782513046,52.98124038631226,67.37736,1000.0000000000002,366253,590,0.011189857870873917,0.0824022346368715,0.06737736,1.0000000000000002,-0.48131487475122364,0.7543456638361833
64096986,20260207,1000.0,30.2,1.7647528099999983,16.177348503099946,17.569310457706557,61.81482323840359,31.00549,999.9999999999994,208944,419,0.016340217875827984,0.0219279882771613,0.03100549,0.9999999999999994,-0.41823475305607427,1.04684839989345
64096993,20260207,1000.0,30.2,0.007004280000000001,0.1280401938,21.237015082206877,35.40391857858483,0.14875,4.5331600000000005,1569,7,0.004303346132748217,0.0054012345679012,0.00014874999999999998,0.00453316,-0.2967875800593749,0.1723151551052763
64097468,20260207,15.625,21.06,0.01136528,0.2706286216585264,15.553510340264385,57.73573455944607,0.17677,15.624999999999998,1350,5,0.028421052631578948,1.0,0.01131328,0.9999999389648474,-0.2614667454765249,1.7414879403399135
64099890,20260207,1000.0,30.66,10.770363810000001,18.99159973105728,17.179383469684296,52.65485591031216,185.02821,1000.0,177015,172,0.003985738120917497,0.0574098798397863,0.18502821,1.0000000000000002,-0.43968090444604385,0.7173795229081369
64100045,20260207,1000.0,78.48,9.415157989999997,7.729152962761215,14.21527393827621,129.38026656189842,133.83905,999.9999999999995,1045565,306,0.021621926227389378,0.0211804736167675,0.13383905,0.9999999999999996,-0.8188675594001502,0.648576210852925
64101329,20260207,1000.0,33.75,4.079179259999999,18.33932029475544,28.256752805710242,54.52764493994518,115.26436000000001,1000.0000000000005,311871,184,0.036705820043547346,0.1994599873614063,0.11526436000000001,1.0000000000000004,-0.16276287983080764,0.615633924146524
64101372,20260207,416.6666666666667,160.0,0.7412095499999974,0.0,49.9585710950434,0.0,37.02977,0.0,120200,0,0.0036913287555124254,0.0,0.08887144799999999,0.0,-0.6877589306559788,-1.0
64101541,20260207,72.20216606498195,3.4,3.3380556999999995,14.87116113264325,3.9490653196709693,4.855179645832807,13.1822,72.20216369628909,49177,25,0.006359533416097662,0.6578947368421053,0.18257347,1.0000000000000004,0.1614897999032263,0.427993973426085
64101656,20260207,1000.0,23.72,0.0067011299999999,0.1376100063,0.0,50.44342154483613,0.0,6.9415700000000005,13262,75,0.6907291666666666,0.1293701983717463,0.0,0.00694157,-1.0,1.1266198568747934
64101730,20260207,1000.0,30.0,0.9053556099999988,0.0828832133999999,21.816410901789215,18.49592265057317,19.75161,1.53302,127759,1,0.0038298210378008932,3.1913807189542485e-06,0.01975161,0.00153302,-0.27278630327369285,-0.3834692449808943
64101770,20260207,72.20216606498195,3.4,4.905490569999999,14.076506105122425,1.4534876580141916,5.12926702321024,7.13007,72.20216369628908,40501,19,0.0052632194513391635,0.0729237720033094,0.0987514695,1.0000000000000002,-0.572503629995826,0.5086079056876994
64102348,20260207,88.35518000000002,30.0,2.656512339999998,1.250826728738017,25.802266741964413,70.63736820269487,68.54404000000001,88.35517883300784,95603,28,0.06496975874957527,0.0433436532507739,0.775778398052044,1.0000000000000002,-0.13992444193451956,1.3545789400898292
64102891,20260207,1000.0,1.19,4.1478693699999996,266.4308280825823,0.9946311303434324,3.7533194016749536,4.1256,999.9999999999995,5381,432,0.014104849279161205,0.4709363431729924,0.0041256,0.9999999999999996,-0.16417552071980465,2.154049765713259
64104000,20260207,1000.0,42.0,0.0751657799999997,0.0,0.0,0.0,0.0,0.0,5927,0,0.750253164556962,0.0,0.0,0.0,-1.0,-1.0
64104600,20260207,1000.0,3.32,1.9686378299999996,165.53002618136287,1.252144992052703,6.041199998743134,2.46502,1000.0000000000005,101155,1721,0.04687224873731523,0.5851751105066304,0.00246502,1.0000000000000004,-0.6228478939600292,0.819638590426842
64105048,20260207,11.616680000000002,2.37,4.914132839999999,3.152100526507273,0.9571739619476793,3.685376263287969,4.70368,11.616680145263675,204118,26,0.09910565158283162,0.0782905982905983,0.4049074262181621,0.9999999179047524,-0.5961291299798821,0.5550111566434062
64105429,20260207,243.90243902439025,23.0,4.475637399999998,4.3559805420695215,22.946007645748967,55.99253186616046,102.69801,243.9024353027345,16314,75,0.00044002103815187925,0.0649350649350649,0.421061841,1.0000000000000004,-0.002347493663088391,1.434457907224368
64105743,20260207,250.0,2.0,10.7845097,50.03059356060217,1.5314947512171093,4.996942414849268,16.51642,250.00000000000003,1068,176,0.01706070287539936,0.521978021978022,0.06606568,1.0000000000000002,-0.23425262439144534,1.4984712074246338
64106409,20260207,1000.0,42.0,0.0010545499999999,0.0021516663999999,0.0,78.6931035853953,0.0,0.1694,4593,3,0.9772340425531915,0.0214285714285714,0.0,0.0001694,-1.0,0.873645323461793
64107218,20260207,2941.176470588235,1.0,3.578357160000001,7.428809051,0.6744827003238546,2.665062084517148,2.41354,19.798240000000003,6855,2,0.0591458153580673,0.1818181818181818,0.0008206035999999999,0.0067314015013954,-0.3255172996761454,1.6650620845171482
64107502,20260207,44.82459000000001,33.6,2.6897931699999997,0.6425958746346039,16.434334242881583,69.75537937548033,44.20496,44.82458877563477,108486,9,0.031283811061768266,0.0454545454545454,0.986176560677967,1.0000000000000002,-0.5108829094380481,1.0760530518835087
64109107,20260207,1000.0,35.2,4.07243594,17.819161193181202,26.159171456482138,56.11936123364247,106.53155000000001,1000.0000000000008,262638,541,0.010757856276829307,0.0518248874413258,0.10653155000000002,1.0000000000000009,-0.25684171998630295,0.5943000004911391
64110035,20260207,228.48797,91.53,7.419097219999999,0.5437678708,26.11490107956828,160.96940207559962,193.74899000000002,87.53014999999999,25890,26,0.010469912649627952,0.000821002508334,0.8479614484736331,0.3830842721087781,-0.7146847910022038,0.7586518542815627
64110204,20260207,1000.0,36.3,0.1696203099999998,0.0,24.23377247689268,0.0,4.110539999999999,0.0,2833,0,0.026014692378328742,0.0,0.004110539999999999,0.0,-0.33240296206907216,-1.0
64110714,20260207,1000.0,36.3,0.1641843199999998,0.0,52.67926925055943,0.0,8.649109999999999,0.0,2834,0,0.05162112932604736,0.0,0.008649109999999998,0.0,0.4512195385829045,-1.0
64111322,20260207,23.80952380952381,8.81,0.11075783999999969,1.3017588515721952,3.904915444360429,18.29025876576003,0.43250000000000005,23.809524536132816,1304,8,0.02015455950540958,0.8888888888888888,0.018165,0.9999999198913664,-0.5567632866787255,1.0760792161864383
64111471,20260207,1000.0,38.5,2.0190682599999996,0.0,20.884593569907345,0.0,42.16742000000001,0.0,28334,0,0.11388263665594855,0.0,0.042167420000000004,0.0,-0.45754302415825077,-1.0
64111607,20260207,1000.0,182.73,0.1834367599999988,0.0,77.35074474712752,0.0,14.18897,0.0,3688,0,0.0034078728515985956,0.0,0.014188969999999999,0.0,-0.5766937845612241,-1.0
64112092,20260207,27.03299,14.96,1.4194985899999988,0.3861744717523573,5.689149715886654,70.00182942558448,8.07574,27.03298950195313,100189,30,0.013510936699301453,0.0384106634106634,0.29873646977267404,0.9999999294436712,-0.6197092435904643,3.679266660901378
64112353,20260207,13.764770000000002,3.15,1.3811626599999993,1.5281070264540328,3.1148177724410835,9.007720210775457,4.30207,13.764769554138184,1321,4,0.007314507198228129,0.4444444444444444,0.31254209115008813,0.9999999307162938,-0.011168961129814739,1.859593631131224
64113058,20260207,1000.0,18.66,1.8662625299999995,0.0,10.210674915066747,0.0,19.055799999999998,0.0,122937,0,0.006077926315581308,0.0,0.019055799999999998,0.0,-0.45280413102536193,-1.0
64113541,20260207,65.18745999999999,15.0,8.433780029999998,2.5950571976926446,7.209028428975994,25.119845832739998,60.79936,65.18746185302734,269827,28,0.04162134230051366,0.0804597701149425,0.9326849059619751,1.0,-0.5193981047349338,0.674656388849333
64114179,20260207,200.0,270.0,0.0522963199999992,0.0,82.62799370969249,0.0,4.32114,0.0,3209,0,0.011239929947460595,0.0,0.0216057,0.0,-0.6939703936678057,-1.0
64114440,20260207,609.6625099999999,1.0,111.51835625000001,209.2888470433736,2.586153882625937,2.9130196965618804,288.40362999999996,609.6625366210936,11209,116,0.005964137490688518,0.0501716917381526,0.4730545593167604,0.9999999999999998,1.5861538826259372,1.9130196965618804
64114731,20260207,814.7297199999998,1.0,1020.60950375,484.0405464887999,0.7809207410586979,1.2182759818600628,797.01513,589.694973252,25262,259,0.018622926649465535,0.0181634222123828,0.9782570961078972,0.7237921324802433,-0.2190792589413021,0.2182759818600628
64115407,20260207,17.81497,1.0,39.86770361,11.40203089113628,0.44141092680306493,1.562438185278933,17.598039999999997,17.814970016479492,10906,7,0.00822535636171657,0.3888888888888889,0.987823162205718,0.9999998929356364,-0.5585890731969351,0.5624381852789331
64115681,20260207,6.819940000000001,1.8,8.570856709999997,0.8945397157041733,0.7909804386404218,7.6239571552770045,6.779380000000001,6.819940090179445,20773,37,0.03970374617737003,0.0683289202706678,0.9940527336017618,0.9999998601638476,-0.5605664229775434,3.235531865134946
64115785,20260207,50.0,17.88,0.3712790499999995,0.7849331786,10.885639790340997,25.446706927229734,4.0416099999999995,19.97399,2740,11,0.019912790697674418,0.0075150320338939,0.08083219999999999,0.3994798,-0.39118345691605155,0.4231939665336489
64116760,20260207,1000.0,9.0,0.1684579899999996,34.49487661272452,4.504149669600128,28.989811508451883,0.75876,1000.0000000000005,143384,805,0.016324244321739626,0.2542248807995773,0.00075876,1.0000000000000004,-0.49953892559998575,2.2210901676057646
64117220,20260207,230.21069000000008,20.91,0.46890148999999876,8.512376220418144,7.614157933258025,27.04423070058291,3.570289999999999,230.21069335937497,41787,107,0.0005780387600116197,0.0380106571936056,0.015508793271068333,1.0,-0.6358604527375407,0.2933635054009814
64117240,20260207,46.206500000000005,3.0,17.648889509999997,5.374453087585222,2.516745882217266,8.597431525894935,44.41777,46.206501007080085,11820,79,0.03323025021085184,0.1019665861513687,0.9612883468776037,1.0000000000000002,-0.16108470592757795,1.865810508631645
64117651,20260207,1000.0,1.0,151.93433550000003,261.8510698846889,0.48836360626331227,3.818964713878788,74.1992,1000.0000000000002,1331088,2729,0.02246615109892892,0.7792689891490577,0.0741992,1.0000000000000002,-0.5116363937366877,2.818964713878788
64117807,20260207,1000.0,1.0,2.9893909799999987,335.3740229537295,0.5779136993314942,2.981745539535184,1.7276099999999999,999.9999999999987,30216,1980,0.001591807061352214,0.1403278927146242,0.0017276099999999999,0.9999999999999988,-0.42208630066850583,1.981745539535184
64118118,20260207,11.77282,260.0,0.09289077999999928,0.0,68.46610610870152,0.0,6.35987,0.0,1267,0,0.0006213525575008582,0.0,0.5402163627745944,0.0,-0.7366688226588403,-1.0
64119370,20260207,1000.0,9.0,0.0704013999999996,40.51562546624529,3.5968034726582347,24.68183481830469,0.25322,1000.0,26653,1067,0.00498904966025869,0.2725709866931914,0.00025322,1.0,-0.6003551697046405,1.7424260909227434
64119491,20260207,1000.0,48.12,0.6322206899999991,1.4247208124,1.9215600172781464,167.6439483983575,1.21485,238.84599,39529,15,0.7416322701688556,0.0131782700829678,0.00121485,0.2388459899999999,-0.9600673313117593,2.4838726541881746
64119946,20260207,1000.0,9.0,0.0419825599999997,32.119690852007174,0.0,31.13354899566104,0.0,1000.0,18374,813,0.002513611863525678,0.3088673147813016,0.0,1.0,-1.0,2.459283221740116
64120353,20260207,1000.0,9.0,2.8814119499999995,9.18253036068946,4.086940779155165,108.9024323163234,11.77616,1000.000000000001,353560,260,0.034720953755806305,0.0289855072463768,0.01177616,1.000000000000001,-0.5458954689827595,11.100270257369267
64120849,20260207,461.8883900000001,23.0,0.41029630999999944,0.0,24.531514797196238,0.0,10.065190000000001,0.0,3888,0,0.00017780948591655576,0.0,0.02179138990698597,0.0,0.06658759987809729,-1.0
64120867,20260207,1000.0,9.0,1.4720825399999993,13.807895619699991,6.463190576256685,26.17920454910343,9.51435,361.4797499999999,261822,370,0.02192281606644952,0.0026380333105179,0.00951435,0.3614797499999999,-0.28186771374925723,1.908800505455937
64121070,20260207,1000.0,9.0,0.1155681899999996,34.437388097377784,2.601927052764269,29.038206037406752,0.3007,1000.000000000001,52642,785,0.004484903217011995,0.2400613876217675,0.00030070000000000004,1.000000000000001,-0.7108969941373035,2.2264673374896398
64121242,20260207,102.05589,25.0,2.0770634899999996,1.7003732095804158,10.938341610347216,60.019666476545325,22.719630000000002,102.05589294433594,1917,20,0.012171428571428571,0.1185185185185185,0.22261948820396354,1.0,-0.5624663355861114,1.400786659061813
64121508,20260207,41.66666666666666,2.76,9.175178890000002,8.94774353874418,1.8963717447475288,4.656667136373158,17.399549999999998,41.66666793823242,2646,16,0.0016637323943661973,0.0689814814814814,0.41758920000000005,1.0,-0.31290878813495326,0.687198243646208
64122408,20260207,1250.0,20.52,5.311701329999998,23.853872237725454,15.25805668746063,52.402391324151694,81.04624,1249.9999999999989,22400,366,0.0022831515645703802,0.0456416011971567,0.064836992,0.9999999999999992,-0.2564299859911973,1.5537227171125831
64123385,20260207,1000.0,9.0,0.022308909999999498,33.68647382141539,8.713558842633027,29.685504502960747,0.19439,1000.0000000000005,33796,750,0.004005309440849511,0.2729475597808404,0.00019439000000000001,1.0000000000000004,-0.03182679526299697,2.298389389217861
64124337,20260207,1000.0,86.31,0.004610299999999901,0.0,44.62399410016798,0.0,0.20573,0.0,8424,0,0.8022857142857143,0.0,0.00020573,0.0,-0.48298002432895404,-1.0
64124603,20260207,80.0,2.98,17.45758461,16.193020004901243,1.727849566469894,4.940399939936218,30.16408,80.00000000000001,3176,37,0.009110728628800918,0.052311814556331,0.37705099999999997,1.0000000000000002,-0.4201847092382906,0.6578523182265753
64125620,20260207,1000.0,7.5,6.036810639999998,43.95659980027845,1.7993938600664807,22.74971180195679,10.862599999999999,999.999999999998,1887451,2019,0.07749747485115993,0.0887278651744544,0.010862599999999998,0.999999999999998,-0.7600808186578026,2.033294906927572
64126239,20260207,2000.0,15.0,3.911537169999999,15.264292759296536,13.837268482354729,131.02473206675043,54.12499,1999.9999999999995,97883,923,0.012722321869557306,0.0712906464818104,0.027062495,0.9999999999999996,-0.07751543450968476,7.734982137783362
64126497,20260207,333.3333333333333,100.0,0.0058877799999997,0.0,14.440077584421347,0.0,0.08502,0.0,3018,0,0.005361520696393675,0.0,0.00025506,0.0,-0.8555992241557866,-1.0
64126534,20260207,333.3333333333333,6.0,10.337520489999998,10.927082502122104,1.4352861514860227,30.505243548392755,14.8373,333.33334350585915,16174,211,0.004599198111866238,0.0835452074532534,0.04451190000000001,0.9999999999999992,-0.7607856414189963,4.084207258065459
64127954,20260207,1000.0,23.0,0.1228576899999998,0.0,14.88160814353585,0.0,1.82832,0.0,1741,0,0.00762593079281647,0.0,0.00182832,0.0,-0.3529735589767022,-1.0
64128713,20260207,1000.0,31.0,0.0069835,0.0150307234,52.124292976301284,37.624428347317775,0.36401,0.56556,1099,1,0.01338611449451888,0.0181818181818181,0.00036401,0.00056556,0.6814288056871382,0.2136912370102507
64129362,20260207,1000.0,24.0,0.004000269999999999,7.100215589499999,0.0,36.50573144251828,0.0,259.1986,1641,67,8.793316864842273e-05,0.0003744690364408,0.0,0.2591986,-1.0,0.5210721434382615
64129574,20260207,1000.0,52.0,0.187514989999999,0.0,17.762739928151973,0.0,3.33078,0.0,4361,0,0.0021086988056670374,0.0,0.0033307799999999998,0.0,-0.658408847535539,-1.0
64129661,20260207,1143.8391200000003,24.0,39.60234387999999,20.086740882018265,18.662002740025706,56.94497983030752,739.0590500000001,1143.8391113281234,279466,235,0.004291428843445907,0.0456487956487956,0.6461215017720323,0.9999999999999986,-0.22241655249892892,1.3727074929294798
64131561,20260207,35.86777000000001,16.1,3.1311329399999996,2.006209550471809,11.277767720715175,17.878368319938534,35.31219,35.86777114868164,6708,9,0.00688211757463835,0.041005291005291,0.9845103277956783,1.0,-0.2995175328748339,0.1104576333125816
64131665,20260207,1.7391304347826086,22.76,0.2491980899999987,0.0245003021959581,3.9116672202423586,70.98114066999933,0.97478,1.7391303777694702,6644,3,0.5777391304347826,0.6,0.5604985,0.9999994516375508,-0.8281341291633411,2.1186792599380624
64131892,20260207,1000.0,17.11,2.0047574999999993,22.068036967716544,13.698769053114907,45.31440454574643,27.462709999999998,999.9999999999992,8892,970,0.0195385629531971,0.3528000615666165,0.027462709999999998,0.9999999999999992,-0.1993705988828225,1.6484163021204792
64132598,20260207,1000.0,46.2,0.0002398,0.0,0.0,0.0,0.0,0.0,1629,0,0.3973170731707317,0.0,0.0,0.0,-1.0,-1.0
64133904,20260207,403.0409099999999,72.0,1.1640107599999991,0.0113124782999999,82.9976004689167,53.18965432584956,96.61010000000002,0.60176,113553,7,0.14058808963724154,0.000652639722597,0.23970296216331996,0.0014930493755321,0.1527444509571764,-0.2612548010298672
64136664,20260207,185.32,8.0,74.34889722,17.1305846621332,2.302170528414463,10.81807773413519,171.16384,185.32000732421872,235029,59,0.01282678338508893,0.0233478432924416,0.9236123462119576,1.0,-0.7122286839481922,0.3522597167668988
64137600,20260207,1.6937669376693767,48.0,0.0020586699999998,0.0395273976801494,0.0,42.84937035056085,0.0,1.693766951560974,16158,1,0.02172650262202501,0.0044642857142857,0.0,0.999999463558197,-1.0,-0.1073047843633157
64138592,20260207,1000.0,49.74,18.243956569999998,13.268812563890384,17.530388146500613,75.36468842409464,319.82363999999995,999.9999999999995,30667,192,0.01318160326670965,0.0208001018190151,0.31982363999999996,0.9999999999999996,-0.6475595467128948,0.5151726152176862
64139850,20260207,7.1035,25.0,0.3611226499999981,0.1541317666825857,6.717191513741972,46.086890167892825,2.4257299999999997,7.103499889373779,230642,15,0.002977047606017033,0.0761421319796954,0.3414837756035756,0.9999998657458712,-0.731312339450321,0.843475606715713
64141744,20260207,22.66524,52.0,1.8591009699999965,0.1485787211999999,9.803582642420995,52.49619488450084,18.22585,7.79987,3393963,1,0.04758968383503559,1.393068093168394e-06,0.8041322306756955,0.344133553087179,-0.8114695645688271,0.0095422093173238
64141830,20260207,1000.0,25.0,11.687656009999998,20.92422364453024,9.752832381657338,47.79149607636276,113.98774999999999,999.9999999999995,66955,287,0.0002839430833110338,0.0435244161358811,0.11398774999999998,0.9999999999999996,-0.6098867047337064,0.9116598430545102
64142018,20260207,1000.0,30.39,0.0372140799999999,0.00282016,13.861420193647175,35.65554594563939,0.5158400000000001,0.10059,2052,1,0.08240963855421687,0.0138888888888888,0.00051584,0.00010059,-0.5438821917194084,0.1732657670860145
64142306,20260207,175.43859649122808,52.0,2.36834849,2.643054519347769,15.233370491012494,66.37719009251296,36.077929999999995,175.43859863281247,111536,37,1.5888319088319087,0.3993855606758832,0.20564420099999994,1.0,-0.707050567480529,0.2764844248560185
64142416,20260207,111.11111111111111,3.54,0.2609288899999992,4.348402085057884,0.30912636772417285,25.55216531874804,0.08066,111.11111450195308,9221,71,0.10256952169076752,0.8325311942959002,0.0007259399999999999,0.9999999999999994,-0.9126761673095557,6.218125874038896
64142620,20260207,10.989010989010987,2.07,1.1625168399999988,1.2821557185304349,2.319630913905731,8.570723572269143,2.6966099999999997,10.98901081085205,24136,5,0.015620995404828166,1.0,0.24539151,0.9999999132156432,0.12059464439890404,3.140446303707128
64142626,20260207,161.11706,1.78,76.34240495000002,40.68099189441693,1.212263486598479,3.9604998296833407,92.54710999999999,161.11706542968744,10826,63,0.022102899142507147,0.8181818181818182,0.5744091283691496,0.9999999999999996,-0.3189530974165849,1.2249999400792695
64143069,20260207,111.11111111111111,3.21,0.0741430599999993,2.6544527752,0.710248538433678,21.743607117683283,0.05266,57.71739999999999,12899,239,0.05717641843971631,0.2160950634052571,0.00047393999999999995,0.519456584147443,-0.7787387730736205,5.773709301958498
64143979,20260207,1000.0,42.15,4.223347889999998,4.3126753557296,15.487166035947855,231.8745756730506,65.40769,999.9999999999992,761577,352,0.059412797228983336,0.0303590776563567,0.06540769,0.9999999999999992,-0.6325702008078801,4.501175973402662
64144354,20260207,1000.0,9.5,1.822783599999998,0.0,7.64773723002556,0.0,13.940170000000002,0.0,2155,0,0.0033328178162697186,0.0,0.013940170000000002,0.0,-0.19497502841836215,-1.0
64147740,20260207,395.34744,44.2,9.090574709999999,3.5599149541193835,27.82972673022562,111.0552742599088,252.98820999999998,395.34744262695307,374432,233,0.047910125011195986,0.0537746251821602,0.639913616235886,1.0,-0.3703681735243073,1.512562722691755
64149693,20260207,1000.0,10.54,17.888053,37.36910154354044,4.0528999997931585,26.760075354628988,72.49849,1000.0,19056,529,0.001783217764801662,0.0531124497991967,0.07249849,1.0,-0.6154743833213322,1.538906589324534
64150026,20260207,34.930139720558884,9.0,0.8520002499999999,1.635835813740152,5.433308264874336,21.35307211304952,4.62918,34.93014144897462,4230,9,0.00021615158204562178,0.5294117647058824,0.13252681028571428,1.0000000000000002,-0.39629908168062933,1.372563568116613
64150905,20260207,6.079800000000001,48.47,0.060453279999999894,0.0132135533,20.284259183290008,41.34532493050673,1.22625,0.54636,3003,3,0.1716,0.0253623188405797,0.20169248988453564,0.0898647821822084,-0.5815089914732823,-0.1469914609194029
64154779,20260207,1000.0,57.19,0.1264945299999996,0.0794361874,5.794796027938933,63.74696997391426,0.7330099999999999,5.063880000000001,80140,23,0.0199397875146177,0.0002137268385154,0.00073301,0.00506388,-0.8986746629141645,0.1146524130906872
64157057,20260207,319.6986600000001,3.0,9.951795829999998,3.6543205417,20.23582612023905,24.645321565792734,201.38281,90.06192949999999,32315,36,0.09315364658402998,0.009689019562112,0.6299144638266546,0.2817088030411938,5.745275373413016,7.215107188597579
64159965,20260207,26.795370000000005,23.65,1.7152680999999992,0.4054694205261198,17.50349114520349,66.08464821468425,30.02318,26.79537010192871,7744,4,0.05669106881405564,0.0163265306122448,1.1204614827113786,0.9999999288179828,-0.2598946661647572,1.7942769251846218
64160337,20260207,51.72413793103448,27.5,0.1239159599999997,0.0563161212,14.69705758644814,30.32647911697589,1.8212,1.7079,9791,2,0.005988012965567855,0.0003086419753086,0.03520986666666667,0.0330194010076721,-0.4655615423109767,0.1027810587991231
64162199,20260207,209.54995,1.0,7.434174840000001,25.61482358962172,13.057420909406536,8.18080781862131,97.07115,209.5499572753907,16762,64,0.037026728517782194,0.0394019124887719,0.4632363310036581,1.0000000000000004,12.057420909406536,7.180807818621309
64162266,20260207,1000.0,2.09,74.27437595999999,264.48065894330404,0.8667137107239858,3.7809948002034095,64.37462,999.9999999999987,2371583,2412,0.14983276683387878,0.1244391468839457,0.06437462,0.9999999999999988,-0.5853044446296719,0.8090884954443639
64162417,20260207,74.44531,33.92,2.2298108899999995,0.9079671161958488,13.796174437016948,81.99110868772198,30.762860000000003,74.44531250000001,3387,14,0.05359177215189873,0.0858630952380952,0.41322764321889455,1.0000000000000002,-0.593273159286057,1.4171908347208308
64163843,20260207,118.75,1.9,14.027698139999998,21.8081736379,0.6696565542149597,3.3368015071529737,9.39374,72.76954999999998,1759,36,0.01556637168141593,0.0214285714285714,0.07910517894736842,0.6127962105263156,-0.6475491819921264,0.7562113415917447
64163937,20260207,1042.1109400000005,153.91,3.5673118999999938,0.0638049104,46.746834780552895,135.26709274882472,166.76053999999993,8.63084,34657,2,0.030830886931767637,0.0009996752324118,0.16002186868895155,0.0082820739013699,-0.6962716212036067,-0.1211286496634285
64164134,20260207,1000.0,130.83,3.903415790000001,0.0,101.09311721567842,0.0,394.60847000000007,0.0,23145,0,0.3094251336898396,0.0,0.39460847000000004,0.0,-0.22729406699015203,-1.0
64164423,20260207,1000.0,1.03,3.5592245899999986,446.49541827345365,0.901227196792322,2.239664634470876,3.2076700000000002,1000.0,7933,572,0.004614355514192647,0.1729870447845801,0.00320767,1.0,-0.1250221390365806,1.174431744351327
64165844,20260207,1000.0,4.75,46.44669738,64.75295065981328,2.7559875560736797,15.443311453254069,128.00652,1000.0000000000014,13710,313,0.006478899862955437,0.0450274429450133,0.12800651999999998,1.000000000000001,-0.4197920934581727,2.2512234638429613
64166008,20260207,1000.0,148.94,0.013172819999999698,0.0,26.522794663557843,0.0,0.34938,0.0,1978,0,0.019819639278557115,0.0,0.00034938000000000005,0.0,-0.8219229578114822,-1.0
64166181,20260207,35.08771929824562,61.67,0.0473679299999997,0.1089734734053776,13.973589303986978,321.98108297435044,0.6618999999999997,35.08771896362305,1359,1,0.00880181347150259,0.3333333333333333,0.01886414999999999,1.0,-0.7734135024487275,4.221032796081515
64166966,20260207,217.3913043478261,310.89,0.9970065499999987,0.0,131.17459459017613,0.0,130.78193,0.0,30008,0,0.007783974475370289,0.0,0.601596878,0.0,-0.578067501076985,-1.0
64166994,20260207,1000.0,12.96,0.00038174,0.2057657567,17.786975428301986,47.86662412315702,0.00679,9.84936,3287,45,0.004676340873523972,0.0112618648918028,6.79e-06,0.00984936,0.37245180773935066,2.693412344310534
64167055,20260207,81.25,32.44,3.1723724999999994,1.4392208046296493,17.222387976191325,56.45411967678453,54.63583,81.25000000000001,164691,18,0.03537253806997573,0.0566914867212707,0.6724409846153846,1.0000000000000002,-0.46910024734305406,0.7402627024251438
64167205,20260207,1000.0,10.0,0.7703270299999996,62.10879132353968,7.99997891804472,16.100779979600304,6.162599999999999,1000.0000000000006,33173,477,0.0040760582416907295,0.2505616099028804,0.006162599999999999,1.0000000000000009,-0.20000210819552802,0.6100779979600304
64167208,20260207,23.184850000000004,11.0,3.0764840899999992,0.5298516014010601,5.404780104031029,43.75717063848059,16.62772,23.184850692749027,123190,20,0.21431802366040362,0.0583333333333333,0.7171804001319826,0.9999999177329844,-0.5086563541789973,2.977924603498235
64168025,20260207,1000.0,3.32,4.545049579999997,92.029256596921,1.339050299204878,10.86610960592443,6.086050000000001,999.999999999997,97159,1685,0.04426579798624083,0.3456037407169707,0.006086050000000001,0.999999999999997,-0.5966715966250367,2.27292464590835
64168581,20260207,760.80663,1.0,160.28754673999998,130.08594423872333,4.7084945483893925,5.848492235105248,754.7130399999999,760.8066406249998,3993,91,0.11919402985074627,0.190473538862831,0.9919906192194984,0.9999999999999996,3.7084945483893925,4.848492235105248
64169222,20260207,159.72876999999997,1.0,167.88089781000002,49.40152267799787,0.9001820455537151,3.233276286487353,151.12337000000002,159.728775024414,8423,43,0.0013296604416941607,0.7818181818181819,0.9461249216406039,0.9999999999999996,-0.09981795444628494,2.233276286487353
64169441,20260207,1000.0,42.0,1.0633208999999995,0.0,37.191528916623405,0.0,39.546530000000004,0.0,4423,0,0.0005336438111554842,0.0,0.03954653,0.0,-0.11448740674706179,-1.0
64169699,20260207,8.33142,3.52,0.0316775799999998,1.0591658247139015,0.44384703629507327,7.866012936171447,0.01406,8.331419944763185,5372,20,0.010257781172426962,0.7473684210526316,0.0016875874700831312,0.9999998855328128,-0.873907091961627,1.2346627780665502
64169776,20260207,2.2580645161290325,3.34,0.1861151899999996,0.1411028813403074,0.12830763571742881,16.002851849214697,0.02388,2.2580645084381104,25496,2,0.9768582375478927,1.0,0.010575428571428569,0.999999577658694,-0.9615845402043626,3.791273131872146
64170247,20260207,4.545454545454546,2.5,0.048011749999999805,0.3492377998065915,0.0,13.015319330564036,0.0,4.545454502105713,4025,8,0.34698275862068967,0.8333333333333334,0.0,0.9999997901916924,-1.0,4.206127732225614
64170496,20260207,1000.0,28.6,0.64915827,0.0,24.26086322523473,0.0,15.749139999999999,0.0,33079,0,0.09464663805436338,0.0,0.01574914,0.0,-0.1517180690477368,-1.0
64170856,20260207,81.9672131147541,8.64,0.8303172599999996,0.8889865801000001,3.7580093180286305,15.846261877376705,3.1203399999999997,14.087130000000002,16098,23,0.04203133159268929,0.0247265498952155,0.038068147999999996,0.1718629789194634,-0.5650452178207603,0.8340580147804232
64170903,20260207,348.6739,8.64,6.852928969999999,12.724149029440513,7.300951201891708,27.402528919685185,50.0329,348.6738891601567,7766,130,0.002764192916889126,0.0641025641025641,0.14349482424695395,1.000000000000001,-0.15498249978105236,2.171588869306315
64170958,20260207,1000.0,12.96,0.0136183,0.0092493944999999,10.197308034042427,31.07975557150563,0.13887,0.2875,1341,6,0.05881578947368421,0.052579365079365,0.00013887,0.0002875,-0.21317067638561524,1.3981292808660692
64171280,20260207,1000.0,300.0,0.051407669999999406,0.0,148.17574887171676,0.0,7.617369999999999,0.0,3070,0,0.0016820996109802202,0.0,0.007617369999999999,0.0,-0.5060808370942774,-1.0
64171740,20260207,164.78868999999997,1.0,266.06601492,192.9577664324377,0.6179224732983423,0.8540143186864021,164.40817,164.7886962890625,10036,105,0.015017207840790064,0.0554890068198222,0.9976908609444012,1.0,-0.38207752670165773,-0.1459856813135979
64172255,20260207,102.14761,1.0,17.230847659999995,15.89561402912712,8.564760881879913,6.426150440748305,147.57809,102.1476135253906,9059,44,0.0030282466989804448,0.1218836565096952,1.444753235048769,1.0,7.564760881879913,5.426150440748305
64172315,20260207,4.587155963302752,41.08,0.0078272599999998,0.1005138097757758,31.71224668658079,45.63661642669416,0.24822,4.587155818939209,116261,22,0.34642729439809294,0.2935370913273594,0.05411196,0.9999997920990356,-0.22803683820397294,0.1109205061474672
64172392,20260207,129.05163000000002,1.0,40.188840209999995,74.91530986914853,2.6813473451066776,1.7226336545221927,107.76023999999998,129.05163574218747,1255,34,0.005158240854911632,0.0259772690325868,0.8350164968857811,0.9999999999999998,1.6813473451066776,0.7226336545221927
64173658,20260207,31.25,14.4,0.0010938100000000002,0.0178699525,11.821065815818102,60.915051953722106,0.01293,1.08861,1071,9,0.013819354838709677,0.0476475279106858,0.00041376,0.0348355178738087,-0.1790926516792985,3.230212053293052
64175878,20260207,1000.0,8.0,1.2714167699999979,5.8360716588,2.969553406158081,9.706547606905197,3.775539999999999,56.64811709999999,53765,32,0.04790181753385602,0.0026177741826868,0.003775539999999999,0.0566481170999999,-0.6288058242302399,0.2133184508631496
64176266,20260207,1000.0,12.0,0.1550569299999994,50.8162610842006,4.834804868121682,19.67873981645952,0.74967,1000.0000000000006,8914,427,0.003950540684275838,0.3235238804629761,0.0007496699999999999,1.0000000000000009,-0.5970995943231932,0.6398949847049602
64176572,20260207,115.27819,57.19,4.017932179999998,1.175052666120216,19.016809288204573,98.10461763284204,76.40825000000001,115.278190612793,59357,85,0.019336417239469654,0.0300954542379344,0.6628161840500794,1.0000000000000002,-0.6674801663192067,0.7154156319042999
64176703,20260207,26.5748031496063,68.0,0.28773572999999897,0.2022531288,45.826634043676286,116.846613417565,13.185960000000001,23.632710000000003,22304,2,0.03959524232203089,0.0003974562798092,0.49618279111111113,0.8892900857462699,-0.32607891112240756,0.718332550258309
64176991,20260207,7419.014340000004,115.14,69.78420315999998,9.9256838704,60.470247117743284,127.72726861318428,4219.86801,1267.7806176114,815514,1103,0.039633463579634924,0.0099634772855511,0.5687909224340437,0.1708826254059474,-0.4748111245636331,0.1093214286109114
64177035,20260207,237.66124999999988,12.0,24.485487429999996,11.06723485725022,4.2817244418646245,21.474310112142337,104.84011000000001,237.66125488281264,980620,139,0.018343952380774225,0.0451065508681384,0.44113253633059685,1.0000000000000009,-0.6431896298446146,0.7895258426785281
64177389,20260207,7.387790000000001,3.93,4.293720529999998,0.5761059288608701,0.8169255487152075,12.823644071947337,3.50765,7.387790203094482,24634,6,0.005196279030522918,0.0036036036036036,0.4747901605216174,0.9999998709121176,-0.7921309036348073,2.2630137033378293
64177756,20260207,2484.690520000001,136.93,37.05894947999999,0.0,60.52643859239802,0.0,2243.04623,0.0,147512,0,0.042254941277570894,0.0,0.9027467251736442,0.0,-0.5579753261345357,-1.0
64177878,20260207,1000.0,32.0,0.00361909,0.0,45.48380946591546,0.0,0.16461,0.0,1510,0,0.028761904761904763,0.0,0.00016461,0.0,0.42136904580985823,-1.0
64178557,20260207,1000.0,31.31,0.0886122099999985,0.0,10.052790693291762,0.0,0.8908,0.0,3427,0,0.0014999781152886594,0.0,0.0008908000000000001,0.0,-0.6789271576719335,-1.0
64178983,20260207,4.433497536945813,3.12,2.1055268100000006,0.7698439752001432,0.5951052221462807,5.758948322993767,1.2530100000000002,4.433497428894043,66908,8,0.17050968399592253,0.7619047619047619,0.2826233666666667,0.9999997848935008,-0.809261146747987,0.845816837894468
64179227,20260207,56.35257,15.02,0.2565519399999994,2.537658559767101,9.946562867542555,22.206512833128,2.5518099999999997,56.3525695800781,15383,33,0.00022105791076347823,0.4647887323943662,0.045282939180945954,0.9999999999999994,-0.3377787704698698,0.4784628599428372
64179291,20260207,1000.0,12.93,0.060736689999999496,1.6555761799999995,0.0,14.470137840387483,0.0,23.95643,2521,29,0.7002777777777778,0.7456140350877193,0.0,0.0239564299999999,-1.0,0.1191134956582482
64179450,20260207,1000.0,30.0,0.0473905999999994,0.0,5.531476706351119,0.0,0.26214000000000004,0.0,1223,0,0.01828101644245142,0.0,0.00026214000000000006,0.0,-0.8156174431216293,-1.0
64179691,20260207,1000.0,12.7,0.12804487999999942,1.6234100429,0.0,18.86754444227761,0.0,30.62978,9051,79,0.5728481012658228,0.583948051948052,0.0,0.0306297799999999,-1.0,0.4856334429637562
64179851,20260207,1000.0,10.01,0.3255854799999997,62.86190109714076,5.419129870287833,15.907886440577231,1.7643900000000001,999.9999999999987,5984,318,0.00380831158913002,0.580037690315758,0.0017643900000000002,0.9999999999999988,-0.4586283845866301,0.5891994082755597
64180437,20260207,1000.0,36.3,0.07243698999999988,0.0,9.931251974992351,0.0,0.7193900000000001,0.0,6046,0,1.7782352941176471,0.0,0.0007193900000000001,0.0,-0.7264117913225248,-1.0
64180551,20260207,1000.0,86.31,0.0109129999999997,0.0,40.275817831944664,0.0,0.43953000000000003,0.0,5354,0,0.36924137931034484,0.0,0.00043953000000000004,0.0,-0.5333586162444136,-1.0
64180824,20260207,1000.0,11.0,0.4633129199999991,0.0921982304,6.137903514540466,37.366255499677145,2.84377,3.44514,1778,14,0.007061159650516282,0.0045822343674941,0.0028437700000000002,0.0034451399999999,-0.44200877140541217,2.3969323181524675
64180855,20260207,1000.0,82.32,5.140177499999998,13.729592562830373,5.405344465244636,72.83536802628036,27.78443,1000.0,277447,199,0.49385368458526163,0.1069259154754355,0.02778443,1.0,-0.9343374093143265,-0.1152166144764963
64181008,20260207,1000.0,30.8,0.1026293999999999,0.0,14.458040288650244,0.0,1.48382,0.0,1024,0,0.014566145092460882,0.0,0.0014838199999999998,0.0,-0.5305831075113558,-1.0
64182141,20260207,1000.0,30.45,0.22106836999999901,0.0,19.310134688196317,0.0,4.268859999999999,0.0,7010,0,0.008311595921271045,0.0,0.004268859999999999,0.0,-0.3658412253465905,-1.0
64182450,20260207,1000.0,30.2,3.893210929999998,14.459384919322048,20.506184081837056,69.15923024529707,79.8349,999.9999999999998,237555,534,0.022238188405118747,0.0970176503713089,0.0798349,0.9999999999999998,-0.3209872820583756,1.2900406787461816
64182863,20260207,43.47826086956522,19.85,0.05433192999999931,1.415057400982365,12.836466512417445,30.72541741747168,0.6974299999999999,43.47826004028319,5513,22,0.025992456388495993,0.4489795918367347,0.016040889999999995,0.9999999999999996,-0.3533266240595746,0.5478799409069189
64183074,20260207,250.0,12.0,3.24779411,4.591610731211918,9.685964976394395,54.44711239423861,31.458020000000005,249.99999999999983,1405,124,0.0030683555361432626,0.1221362229102167,0.12583208,0.9999999999999992,-0.19283625196713375,3.5372593661865506
64183342,20260207,25.0,32.0,0.13441108999999982,0.1050356625999999,16.096811654455024,39.62901997230822,2.16359,4.1625,5578,2,0.042353834472285495,0.0027203382042091,0.0865436,0.166499987297059,-0.4969746357982805,0.2384068741346319
64184353,20260207,0.8375209380234506,3.05,0.0757191399999994,0.0185475109446322,0.5608885679367244,45.153002281052224,0.04247,0.837520956993103,3052,4,0.872,0.875,0.05070918,0.9999987901464116,-0.816102108873205,13.80426327441787
64185135,20260207,250.0,28.0,0.7614459199999998,0.2827634099,50.63039801959937,35.68260235992309,38.552310000000006,10.08977,26135,5,0.0095701050935589,8.296827293243064e-05,0.15420924000000003,0.04035908,0.8082285006999774,0.2743786557115388
64185273,20260207,1000.0,10.57,0.2491786699999995,0.133162071,2.0164246000670967,18.071676944128157,0.5024500000000001,2.40648,1365,7,0.003414207103551776,0.0042985183830254,0.0005024500000000001,0.00240648,-0.8092313528791772,0.709714045968919
64186013,20260207,82.85864999999998,10.0,0.7175463199999993,3.5306364226129503,6.5986262740501616,23.468467670123317,4.73482,82.85865020751953,1590,7,0.0001596561869282752,0.21875,0.05714333989269679,1.0,-0.34013737259498383,1.3468467670123314
64188498,20260207,1000.0,26.98,0.00055345,0.4896678287,0.0,88.12594854069789,0.0,43.152530000000006,20762,238,0.020013495276653172,0.0122168701044783,0.0,0.04315253,-1.0,2.2663435891738817
64188787,20260207,125.0,1.2,5.286193009999999,26.19348173501377,1.1586466836177822,4.772179448779754,6.12483,125.0,1668,100,0.004547437295528899,0.1225449988607883,0.04899864,1.0,-0.03446109698518145,2.97681604929199
64189196,20260207,96.95803,32.41,4.22056063,1.4446201716032545,14.630236457472718,67.11657880043295,61.74780000000001,96.95803070068358,9290,18,0.004811227924801906,0.05,0.6368508106033096,1.0,-0.5485888164926652,1.070860201062053
64190160,20260207,111.11111111111111,2.0,24.95588943,26.139628949905664,1.1133123537003906,4.250676643658993,27.783699999999996,111.1111145019531,4183,42,0.008793357157872609,0.057208448117539,0.2500533,0.9999999999999998,-0.4433438231498047,1.1253383218294966
64190436,20260207,111.11111111111111,2.0,74.29364426,26.884276954899438,0.9990722724576709,4.132940251858394,74.22471999999999,111.11111450195315,9285,35,0.010572762468685949,0.7291666666666666,0.6680224799999999,1.0000000000000002,-0.5004638637711645,1.066470125929197
64190638,20260207,105.33542000000004,1.76,53.76335006000001,28.029635802831457,1.9592421209326698,3.758001555358408,105.33542,105.33541870117188,10150,89,0.0603807257584771,0.1231858394327259,0.9999999999999996,1.0000000000000002,0.11320575052992603,1.135228168023597
64191414,20260207,17.857142857142858,12.0,0.0007293699999999,0.2802513071671542,0.0,63.71809596360921,0.0,17.857143402099613,1305,6,0.09525547445255475,0.8,0.0,0.9999998931884916,-1.0,4.309841330300768
64192256,20260207,3.605769230769231,102.0,0.0016613199999999,0.0025784421,0.0,954.7723517422623,0.0,2.46278,9450,2,0.010175514159577905,9.935419771485344e-05,0.0,0.6830108199159782,-1.0,8.360513252375123
64192383,20260207,89.25466,25.49,9.178e-05,0.001451191,0.0,30.5056290804722,0.0,0.0443,1309,1,0.010123743232791957,0.0014005602240896,0.0,0.0004963326197835,-1.0,0.19676851135311
64192413,20260207,1000.0,58.55,0.032132519999999,0.0,23.139174891979312,0.0,0.74352,0.0,11300,0,0.022893030794165315,0.0,0.00074352,0.0,-0.6047963297697813,-1.0
64193332,20260207,61.98347107438016,6.9,3.1744756999999995,3.044055541464416,4.3376296753508,20.362128650517587,13.7697,61.98347091674805,2731,42,0.01029788838612368,0.0808080808080808,0.22215116000000001,1.0000000000000002,-0.3713580180651015,1.9510330969688607
64193931,20260207,720.20164,1.8,843.9225962099988,180.7170610753711,0.7151252409999752,3.985244402965547,603.5103500000001,720.20166015625,54048,336,0.005119781749978686,0.6256983240223464,0.8379741401310891,1.0,-0.6027081994444582,1.2140247269658182
64194238,20260207,81.57952999999999,21.79,4.458517339999998,2.226641584693256,15.61224611049736,36.63790918641404,69.60747,81.57952880859375,403900,55,0.030068638982773253,0.0808823529411764,0.8532467642311743,1.0,-0.2835132578936503,0.6814092541091278
64196351,20260207,1000.0,10.57,3.1800113399999996,9.1059578704,3.4789813045132094,21.28785345496348,11.063199999999998,193.846318,3105,97,0.0174732695554305,0.3326947637292464,0.011063199999999999,0.193846318,-0.6708626958833293,1.013988086053346
64196611,20260207,500.0,1.2,8.82136257,102.1802174356378,1.7005377435699256,4.893315043311874,15.001059999999999,499.9999999999998,31102,160,0.016978927830549186,0.1342003367003367,0.030002119999999997,0.9999999999999996,0.41711478630827137,3.07776237405751
64197886,20260207,1000.0,14.01,0.038668239999999895,0.630011351,0.0,225.02228690434035,0.0,141.76682,1783,16,0.3793617021276596,0.3888888888888889,0.0,0.14176682,-1.0,15.061547696512765
64198178,20260207,1000.0,8.0,0.1262313699999998,56.0250974252,5.840465804973845,13.07788774308404,0.7372500000000001,732.6899480000001,1104,131,0.010855457227138644,0.0808377501934711,0.0007372500000000001,0.7326899480000001,-0.2699417743782694,0.6347359678855051
64199262,20260207,461.9958,1900.0,0.0820379699999994,0.0,339.63797495233246,0.0,27.86321,0.0,3331,0,0.0009554816132178304,0.0,0.06031052663249319,0.0,-0.8212431710777197,-1.0
64199904,20260207,1000.0,14.08,67.29315,0.0,5.938134267752364,0.0,399.59576,0.0,13269,0,0.00487651598676957,0.0,0.39959575999999997,0.0,-0.5782575093925878,-1.0
64200053,20260207,1000.0,114.63,0.2773137199999996,0.0,16.58396129841685,0.0,4.59896,0.0,4266,0,0.1807627118644068,0.0,0.00459896,0.0,-0.8553261685560773,-1.0
64200059,20260207,1000.0,114.63,0.0552799799999998,0.3120634687999999,26.932715966974037,205.6352017477743,1.48884,64.17144,2877,2,0.35518518518518516,0.048,0.00148884,0.06417144,-0.7650465326094912,0.7939039228376391
64200276,20260207,1000.0,16.91,0.0016089999999997998,0.1432403293,0.0,44.79314755982231,0.0,6.41623,5823,51,0.09331730769230769,0.1888983678862586,0.0,0.0064162299999999,-1.0,1.648914722886731
64200313,20260207,1000.0,86.47,0.7092845299999994,0.0,36.23528910182212,0.0,25.701130000000003,0.0,3816,0,0.01737704918032787,0.0,0.025701130000000003,0.0,-0.5809495882754467,-1.0
64200567,20260207,1000.0,10.57,0.0177245,5.4743240788,17.66537843098536,37.01128213679513,0.31311,202.61179,1558,50,0.0010981110797857344,0.0044740801115618,0.00031311,0.20261179,0.6712751590336197,2.501540511388883
64200673,20260207,1000.0,10.57,0.3103161699999992,7.8797092616,1.7392261576314292,35.39712511502479,0.53971,278.91909,109142,145,0.055119438412201405,0.0147293729819616,0.00053971,0.27891909,-0.8354563710850115,2.348829341249423
64200712,20260207,1000.0,160.82,0.3984430099999988,0.0,56.78746880262768,0.0,22.62657,0.0,41762,0,0.027455131155085136,0.0,0.022626570000000002,0.0,-0.6468880188867823,-1.0
64200779,20260207,1000.0,10.57,0.0643217299999998,1.0562140617,0.0,37.472179137738586,0.0,39.578680000000006,6309,12,0.006850906721685308,0.0017894001491971,0.0,0.03957868,-1.0,2.5451447700691494
64200992,20260207,1000.0,10.57,0.017003289999999997,17.7384445521,0.0,33.01877686112471,0.0,585.7017755479999,4000,414,0.0020105554159336515,0.0162938692719819,0.0,0.5857017755479998,-1.0,2.1238200392089808
64201906,20260207,56.696800000000025,11.0,10.726451249999997,3.149373712585651,3.8076889595708563,18.00255777928224,40.84299,56.6968002319336,197235,11,0.004238677732838765,0.0444489456034929,0.7203755767521268,1.0,-0.6538464582208312,0.6365961617529311
64201946,20260207,160.0,75.0,0.4564786899999994,0.0,29.87920421871176,0.0,13.63922,0.0,15305,0,0.028538131642737274,0.0,0.085245125,0.0,-0.6016106104171765,-1.0
64202035,20260207,1000.0,100.04,0.0396214399999994,0.0,48.46694113086322,0.0,1.92033,0.0,3133,0,0.011039464411557435,0.0,0.00192033,0.0,-0.515524378939792,-1.0
64202122,20260207,5.524861878453039,84.77,0.0140492399999998,0.0,32.09212740333331,0.0,0.45087,0.0,1844,0,0.0045307125307125305,0.0,0.08160747,0.0,-0.6214211701859937,-1.0
64203094,20260207,137.93103448275863,26.6,0.0356458999999998,0.0,10.486760048140233,0.0,0.37380999999999986,0.0,3258,0,0.043790322580645163,0.0,0.0027101224999999986,0.0,-0.605760900445856,-1.0
64203381,20260207,1000.0,46.06,8.86759621,10.699796416592884,23.37587268196101,93.45971340067004,207.2878,1000.0000000000005,7833,289,0.0031326987681970886,0.0565688491182531,0.2072878,1.0000000000000004,-0.49249082323141535,1.0290862052571466
64206422,20260207,70.27027027027027,20.7,0.0865666899999999,2.41607852216823,8.043625094132638,29.08441988623281,0.6963100000000001,70.27027130126955,7980,23,0.014169034090909092,0.5227272727272727,0.009909026923076924,1.0000000000000002,-0.6114190775781334,0.4050443871627543
64207947,20260207,43.54540999999999,34.69,0.4057536099999998,0.0,16.098858615207398,0.0,6.53217,0.0,32508,0,0.011378368918445922,0.0,0.15000823278503983,0.0,-0.5359222076907639,-1.0
64209682,20260207,91.66666666666669,19.44,0.0688815899999996,3.216974974744073,11.315214994311315,28.494668546857174,0.7794099999999998,91.66666412353514,4702,42,0.00446067735508965,0.711864406779661,0.008502654545454541,1.0,-0.4179416155189653,0.4657750907432521
64210201,20260207,72.20216606498195,3.4,0.9287681399999996,13.559837414236968,4.886838603227714,5.32470679152647,4.53874,72.2021636962891,1569,21,0.0002135972554998911,0.9545454545454546,0.06286154899999999,1.0000000000000009,0.437305471537563,0.5660901888742562
64210247,20260207,72.20216606498195,3.4,10.805448110000002,31.276783765121195,1.5694453230778593,2.308490602167217,16.95856,72.20216369628906,114966,32,0.015569399114313187,0.0730874683212649,0.23487605599999997,1.0,-0.5383984343888649,-0.3210321948777055
64210997,20260207,1000.0,29.6,14.719852320000005,18.82813089460188,21.984303440348636,53.1120137461277,323.60569999999996,1000.0000000000006,567575,175,0.02156194202788436,0.0387596899224806,0.32360569999999994,1.0000000000000009,-0.25728704593416774,0.7943247655961866
64211273,20260207,1000.0,56.52,0.04730716999999959,0.340113173,9.283159402686818,346.39932514661785,0.43916,117.81532000000004,4029,6,0.09615751789976133,0.0123076923076923,0.00043916,0.11781532,-0.8357544337811957,5.128791973479822
64211279,20260207,1000.0,29.6,22.07498266,18.06522833246304,12.382329092166996,55.3549573933728,273.3397,1000.0,227820,178,0.04386552680221811,0.0353174603174603,0.2733397,1.0000000000000002,-0.5816780712105745,0.8700998878373752
64211664,20260207,74.95335,25.49,0.4076202799999996,0.0,14.515322937318047,0.0,5.916739999999999,0.0,20267,0,0.01857653528872594,0.0,0.07893896670395652,0.0,-0.4305483351385623,-1.0
64212391,20260207,91.66666666666669,19.44,1.6268780499999997,0.0,9.714870761210406,0.0,15.80491,0.0,36594,0,0.03395879732739421,0.0,0.17241719999999996,0.0,-0.500263849731975,-1.0
64212826,20260207,1000.0,79.63,0.0321803499999998,0.0,36.03783053944432,0.0,1.15971,0.0,1279,0,0.004777736271946208,0.0,0.00115971,0.0,-0.5474340005093015,-1.0
64213114,20260207,75.75757575757575,30.26,0.0279668399999995,0.0,14.767131359853577,0.0,0.41299,0.0,1800,0,0.04774535809018567,0.0,0.005451468000000001,0.0,-0.5119916933293597,-1.0
64213169,20260207,31.25,48.29,0.32624695999999975,0.0,20.86312160579214,0.0,6.8065299999999995,0.0,14638,0,0.065818345323741,0.0,0.21780896,0.0,-0.5679618636199598,-1.0
64213358,20260207,1000.0,1.03,0.4438352199999998,406.0304238156807,0.49869859359065755,2.462869624742909,0.22133999999999998,999.9999999999994,3813,310,0.031101141924959216,0.9648797628972288,0.00022134,0.9999999999999994,-0.5158266081644101,1.3911356244212116
64213628,20260207,4.545454545454546,2.5,0.00124408,0.2886938923437487,0.0,15.74483866064885,0.0,4.545454502105713,3523,7,0.2429655172413793,1.0,0.0,0.9999997901916924,-1.0,5.29793546425954
64213821,20260207,1000.0,18.5,0.2002999399999995,0.0,12.075839862957553,0.0,2.41879,0.0,9066,0,0.0199779638607316,0.0,0.00241879,0.0,-0.34725189929959177,-1.0
64215562,20260207,250.0,1.0,0.1290475899999997,51.45048761795746,0.7006717444316488,4.859040345687676,0.09042,249.99999999999983,3186,220,0.009409332545776727,0.930266173455028,0.00036168,0.9999999999999992,-0.2993282555683512,3.859040345687676
64215857,20260207,1000.0,32.86,0.0351784899999996,0.2666565993999999,0.0,45.51248502689402,0.0,12.13625,1101,8,0.15728571428571428,0.15875,0.0,0.01213625,-1.0,0.3850421236010771
64217599,20260207,4.044489383215369,17.6,0.1622412699999998,0.1473436855836406,0.0,27.44917041070778,0.0,4.04448938369751,32190,5,0.014040214594146639,0.5,0.0,0.9999997642040808,-1.0,0.5596119213501731
64218012,20260207,833.3333333333334,5.0,4.91152224,71.9975020690232,4.351946088306829,11.574475189637806,21.374679999999998,833.3333129882807,22309,550,0.0484767492394611,0.3812938202100763,0.025649615999999997,0.9999999999999992,-0.12961078233863416,1.314895037927561
64218299,20260207,833.3333333333334,5.0,4.2027202599999995,82.10940116684033,4.71227414027314,10.149060777412668,19.804370000000002,833.3333129882818,25249,328,0.0408229587712207,0.2919440686355387,0.023765244,1.0000000000000009,-0.05754517194537208,1.0298121554825337
64218618,20260207,1000.0,72.88,0.2470997599999992,0.0,24.602452062276466,0.0,6.07926,0.0,1453,0,0.001372697213037317,0.0,0.0060792599999999995,0.0,-0.6624251912420901,-1.0
64218716,20260207,1000.0,86.0,0.022980879999999898,0.0,0.0,0.0,0.0,0.0,1256,0,0.031321695760598504,0.0,0.0,0.0,-1.0,-1.0
64218859,20260207,833.3333333333334,5.0,3.2512190699999994,30.3351093539,3.7780197936646585,8.73850862803668,12.28317,265.08362356,7956,135,0.02911086717892426,0.3895833333333333,0.014739803999999999,0.3181003560381219,-0.24439604126706832,0.7477017256073359
64219175,20260207,100.0,12.0,0.0515070499999997,4.950793744199354,0.0,20.19877719979524,0.0,100.0,1005,57,0.0017197125256673512,0.5428571428571428,0.0,1.0,-1.0,0.6832314333162698
64220364,20260207,46.8393,21.41,1.4290032399999988,0.1996499300999999,14.2031378459296,42.19414352730831,20.29633,8.4241,8950,1,0.0033808030823858273,0.0001138433515482,0.4333183886181049,0.1798511146632595,-0.3366119642256142,0.9707680442794792
64221144,20260207,50.0,2.7,5.916374259999998,7.594113385114635,1.839430624525772,6.584046205309464,10.88276,50.00000000000003,1484,43,0.002312607137291569,0.0795989020841091,0.2176552,1.0000000000000009,-0.31872939832378816,1.4385355885300095
64221740,20260207,1000.0,86.31,4.467350830000002,3.495191648590953,40.48765518601545,286.10726232876993,180.87256,1000.0000000000002,2108109,3573,0.04235642657226039,0.0542384469291333,0.18087256,1.0000000000000002,-0.5309042383731265,2.3148797407222577
64223277,20260207,320.82551,6.0,74.70335081,17.26984842827051,4.2342341617915435,18.577203108852487,316.31147999999996,320.8255004882813,8811,24,0.00046424751437107133,0.0051559331819512,0.985929953014023,1.0000000000000002,-0.2942943063680761,2.0962005181420813
64223652,20260207,62.5,2.3,6.484282639999999,7.281058908844235,1.1662091891787125,8.583915086879296,7.56203,62.50000000000003,1612,31,0.002448359659781288,0.0759831996945399,0.12099248,1.0000000000000004,-0.492952526444038,2.7321370716702
64223859,20260207,254.73218000000003,17.2,24.39700391,0.1169426671846493,9.584076834293546,2178.24687618324,233.82276000000005,254.73217773437497,61947,13,0.11044214655018719,0.032318194680249,0.9179160638439949,1.0,-0.4427862305643287,125.6422546257481
64224268,20260207,84.22965000000002,3.0,7.046226269999998,5.342027180710451,3.588884181546445,15.767354561874145,25.288090000000004,84.22965240478516,1008,46,0.011300448430493274,0.2872222222222222,0.3002278888728612,1.0,0.19629472718214838,4.255784853958048
64224566,20260207,35.714285714285715,72.0,0.13725182999999908,0.0,33.85193479751804,0.0,4.64624,0.0,24605,0,0.018258385277530424,0.0,0.13009472,0.0,-0.5298342389233606,-1.0
64225909,20260207,140.0,2.18,60.84526391,27.645964125747614,1.1273534798281395,5.0640301166267925,68.59412,139.99999999999994,7047,58,0.006342934293429343,0.0408323158323158,0.489958,0.9999999999999996,-0.48286537622562414,1.3229495236482485
64226179,20260207,1000.0,9.0,0.5494174299999994,32.7074515671718,2.266236802862263,30.574071702658163,1.24511,1000.0000000000014,138148,753,0.013889525647986166,0.2572671292696556,0.00124511,1.000000000000001,-0.7481959107930819,2.3971190780731293
64226642,20260207,1000.0,25.05,2.911225099999997,4.808240791287018,20.00017793196412,207.97622985850947,58.22501999999999,1000.0,145572,1459,0.04301137538779731,0.1057789506570197,0.05822501999999999,1.0000000000000002,-0.20158970331480558,7.302444558593692
64227028,20260207,1000.0,8.0,0.0792921999999998,20.317011299700003,11.766731153884017,17.430010775020744,0.9330099999999999,354.1257433,1988,171,0.003682845498332716,0.0230075732386586,0.0009330099999999999,0.3541257433,0.4708413942355021,1.178751346877593
64227071,20260207,1000.0,75.77,0.17015411999999952,0.3799921025,2.604286043734946,78.7941933761811,0.44313,29.941250000000004,7745,6,0.6245967741935484,0.0451388888888888,0.00044313,0.02994125,-0.9656290610566854,0.0399128529378314
64228142,20260207,1000.0,25.88,16.338159759999996,1.6521201292183394,11.14501159707108,605.2824955232701,182.08898000000002,999.9999999999994,160994,930,0.039788937768770696,0.0556332499786334,0.18208898,0.9999999999999994,-0.5693581299431576,22.388041543713125
64228417,20260207,80.0,141.02,0.8062058399999976,0.0,41.363617509890645,0.0,33.34759,0.0,3599302,0,0.05674527937492413,0.0,0.41684487499999995,0.0,-0.7066826158708648,-1.0
64228755,20260207,3.289473684210526,39.44,0.026049599999999902,0.0,0.0,0.0,0.0,0.0,4488,0,0.0024147207575594535,0.0,0.0,0.0,-1.0,-1.0
64228902,20260207,5.494505494505495,90.0,0.0390298399999999,0.3780463726205949,29.566352308900136,14.53390713269224,1.15397,5.494505405426025,2742,1,0.011942508710801394,0.0119047619047619,0.21002253999999995,0.9999998211860656,-0.6714849743455541,-0.8385121429700862
64228972,20260207,841.6133500000001,1.0,183.48983352,308.1954028617823,4.193353850943098,2.730778368981122,769.4378,841.6133422851561,30279,153,0.011038643820634342,0.018052315440638,0.9142414387794585,1.0,3.1933538509430983,1.730778368981122
64229089,20260207,1000.0,3.94,10.034370079999999,116.53948395442366,4.687016686153558,8.580782731201191,47.03126,999.9999999999995,29921,254,0.0248616535105941,0.2346040499533146,0.047031260000000005,0.9999999999999996,0.1895981436937964,1.1778636057316842
64229552,20260207,41.66666666666666,1.4,7.185961429999999,13.75969980025413,0.5687116525477927,3.0281667125685527,4.086739999999999,41.66666793823244,3698,46,0.02213046080191502,0.1081532147742818,0.09808175999999999,1.0000000000000004,-0.5937773910372909,1.162976260098518
64229916,20260207,1000.0,9.5,2.2696690199999994,32.52286949703616,2.840193853463269,30.747593454001294,6.4463,1000.0000000000008,351420,715,0.04074009668556325,0.0393884376715943,0.0064463,1.0000000000000009,-0.7010322259512348,2.236588784631715
64230568,20260207,22.402090000000005,280.0,0.15725149999999888,0.0,142.46026270019783,0.0,22.40209,0.0,4281,0,0.006787696210559696,0.0,0.9999999999999999,0.0,-0.49121334749929346,-1.0
64230865,20260207,4.664179104477612,27.0,0.07598885999999959,0.0462231779697169,4.362086758506468,100.90345637210524,0.33147,4.664179325103759,1113,11,0.0009238814642649622,0.1122448979591836,0.071067168,0.9999997955322778,-0.8384412311664271,2.7371650508187124
64233051,20260207,1000.0,56.0,0.0003873,0.0014401579,0.0,67.99393737493996,0.0,0.09799,20814,2,0.06580461587100854,0.0036764705882352,0.0,9.799e-05,-1.0,0.2141774531239278
64233843,20260207,223.26955,80.0,4.2798114699999985,11.368107407203548,30.495995189246045,19.639990973987494,130.51711,223.26954650878903,4698,6,0.47454545454545455,0.1152683295540438,0.5845719221452276,1.0,-0.6188000601344245,-0.7545001128251563
64234222,20260207,1000.0,30.0,2.6940209299999993,12.430816597144933,17.866490740292804,80.44523155336749,48.1327,999.9999999999994,242210,738,0.07102099460473844,0.0415082913586045,0.0481327,0.9999999999999994,-0.40445030865690657,1.681507718445583
64234606,20260207,1000.0,23.0,0.31791198999999937,0.3326123792,10.626966287116149,27.94117910215442,3.3784399999999994,9.29361,12826,3,0.01890625,0.0001829156758734,0.0033784399999999995,0.00929361,-0.5379579875166892,0.2148338740067138
64235463,20260207,1000.0,24.0,0.0842020999999997,0.0,16.040336286149692,0.0,1.35063,0.0,1323,0,0.017005141388174806,0.0,0.00135063,0.0,-0.3316526547437628,-1.0
64238374,20260207,1000.0,50.18,0.0466440899999994,0.049131414,4.46101531833942,360.98531612959215,0.2080799999999999,17.73608,111605,21,0.033993786360452014,0.0010355599484914,0.0002080799999999999,0.01773608,-0.9110997345886923,6.193808567840096
64238409,20260207,1000.0,50.18,5.557774629999997,11.20793232551533,17.388929280855,89.22251506648925,96.64375000000001,999.9999999999984,111708,1705,0.022497281185805774,0.1844472611951801,0.09664375000000001,0.9999999999999984,-0.6534689262484057,0.7780493129508104
64238938,20260207,41.66666666666666,1.51,3.0426265499999996,11.796402947020471,0.6378469286676015,3.53214997768507,1.9407300000000003,41.66666793823243,12280,54,0.029676172063798936,0.1370256380782696,0.04657752000000002,1.0000000000000002,-0.5775848154519195,1.3391721854259302
64239841,20260207,41.66666666666666,1.29,12.535405400000002,17.83330649197454,0.41321758927716845,2.3364520550651373,5.17985,41.66666793823243,2911,11,0.0015077433055368519,0.0547307076528978,0.12431640000000004,1.0000000000000002,-0.67967628738204,0.8112031970209738
64240263,20260207,41.66666666666666,1.29,18.52793197,6.952535051990935,0.7015828869108266,5.993017170518763,12.99888,41.66666793823241,13181,32,0.017579354494531876,0.3298969072164948,0.31197312000000005,0.9999999999999996,-0.4561372969683515,3.645749881969036
64240994,20260207,1000.0,50.18,15.073859659999997,10.84192004210286,16.101787164973516,92.23457689063228,242.71608,1000.0,27151,114,0.0081188326057054,0.0204405480140774,0.24271608,1.0000000000000002,-0.6791194267641787,0.8380744585431738
64241021,20260207,1000.0,64.69,0.10863394999999901,0.0,23.93772849095539,0.0,2.6004499999999995,0.0,2381,0,0.0038218298555377206,0.0,0.0026004499999999994,0.0,-0.6299624595616726,-1.0
64241038,20260207,33.76623376623377,29.2,0.0358887899999995,0.0,12.741861734541802,0.0,0.45729000000000003,0.0,1137,0,0.03404191616766467,0.0,0.013542819230769231,0.0,-0.5636348721047327,-1.0
64241684,20260207,1000.0,45.34,0.8573661299999993,0.2237069616999999,3.215709022701891,63.676052884978745,2.75704,14.244839999999998,33414,3,0.8149756097560975,0.0049300699300699,0.00275704,0.0142448399999999,-0.9290756721944885,0.4044122776948045
64242045,20260207,25.0,1.67,5.946180449999998,1.3774453345162532,0.9144222994443435,18.149527407018567,5.43732,25.0,32066,44,0.010450057031122699,0.0888852225424633,0.2174928,0.9999999237060604,-0.45244173685967454,9.867980762527964
64242210,20260207,83.33333333333333,10.11,1.8413342199999982,3.186446602596196,2.6173955535350912,26.152426234333188,4.819500000000001,83.33333587646484,13308,23,0.6247887323943662,0.2318181818181818,0.05783400000000001,1.0,-0.7411082538540957,1.5867880437622537
64243018,20260207,1000.0,23.0,6.0448736499999995,21.68635375260138,20.18627965863274,46.11194511055604,122.02351000000002,1000.000000000001,51905,191,0.0026836494116187206,0.060062893081761,0.12202351000000002,1.000000000000001,-0.12233566701596789,1.004867178719828
64243086,20260207,1000.0,24.0,12.515210269999994,27.14131684131242,28.36371761574887,36.84419473832173,354.97789,1000.0000000000008,187263,171,0.08778090282660667,0.1136342170950549,0.35497789,1.0000000000000009,0.18182156732286966,0.5351747807634055
64243116,20260207,463.68224000000015,15.2,14.17871752,10.07635506604549,16.137763494987805,46.0168584692081,228.81279,463.6822509765618,86142,123,0.026415013339057374,0.0418367346938775,0.49346895408372754,0.9999999999999986,0.06169496677551354,2.027424937279183
64243513,20260207,2.0408163265306123,14.0,0.0091062599999999,0.0237249101846473,10.682761089624178,86.01635474404067,0.09728,2.040816307067871,1934,5,0.035682656826568265,0.8333333333333333,0.0476672,0.9999995326997988,-0.2369456364554159,5.144025338860048
64243585,20260207,1000.0,30.39,0.026553789999999897,0.0,45.76559504311832,0.0,1.21525,0.0,2688,0,0.1452972972972973,0.0,0.00121525,0.0,0.5059425812148179,-1.0
64243604,20260207,1000.0,38.5,0.0999368999999999,0.0,15.235413545947509,0.0,1.52258,0.0,7150,0,0.7222222222222222,0.0,0.00152258,0.0,-0.6042749728325323,-1.0
64244911,20260207,1000.0,30.0,6.121857509999996,13.551551908819333,22.903491264042835,73.79228098273538,140.21190999999993,1000.0000000000013,757362,398,0.03837425644247626,0.0667785234899328,0.14021190999999994,1.000000000000001,-0.23655029119857218,1.4597426994245126
64245196,20260207,307.34167,250.0,1.720286059999999,0.0,178.65730423927297,0.0,307.34167,0.0,21473,0,0.01194869511991542,0.0,1.0,0.0,-0.2853707830429081,-1.0
64245999,20260207,18.21862,43.2,0.311210269999999,0.0365755677292199,3.5169469182363535,498.0954045542832,1.09451,18.21862030029297,84199,37,0.0032244586904406304,0.0406593406593406,0.06007644925905475,0.9999998953077456,-0.9185891917074918,10.529986012907452
64246040,20260207,1000.0,51.84,0.8383808299999977,0.0,19.414983522464418,0.0,16.27715,0.0,21442,0,0.006571656246168935,0.0,0.016277149999999997,0.0,-0.6254825709401154,-1.0
64247345,20260207,1000.0,25.0,0.0607088999999998,0.3306875027,6.714995659615004,34.6094282279382,0.40766,11.44494,2410,2,0.0017018572134736248,4.748338081671415e-05,0.00040766,0.0114449399999999,-0.7314001736153998,0.3843771291175281
64247673,20260207,6.11573,14.0,0.1481014399999997,0.1487152298381052,0.0,41.12348608800162,0.0,6.115729808807373,2012,8,0.004583143507972665,0.3928571428571428,0.0,0.999999844062083,-1.0,1.937391863428687
64248486,20260207,1000.0,24.0,4.042825229999998,17.141640579363663,14.888192433685793,58.33746991909298,60.19036,1000.0000000000013,44498,313,0.002013274636576284,0.0548970523753043,0.06019036,1.000000000000001,-0.3796586485964253,1.4307279132955408
64248889,20260207,53.68735000000001,12.0,7.095059879999999,1.169511936206855,7.56686355126294,45.90573525499749,53.68735,53.68735122680663,2244,3,0.0008677494199535963,0.0052447552447552,0.9999999999999999,1.0,-0.369428037394755,2.825477937916457
64249042,20260207,833.3333333333334,4.88,0.3276775799999993,60.24066344210001,3.3559512982243156,7.9364315055575005,1.0996699999999997,478.095907194,4519,271,0.024519804666304938,0.1447369613776422,0.0013196039999999996,0.5737151026395163,-0.3123050618392796,0.6263178933279073
64249960,20260207,17.857142857142858,10.8,0.8767438299999986,0.5179497358515806,2.560508466880233,34.47652868518483,2.24491,17.85714340209961,23464,9,0.008315849163595124,0.1836734693877551,0.12571496,0.9999998931884913,-0.7629158826962747,2.1922711181766146
64250556,20260207,111.11111111111111,22.0,2.886279929999999,1.038240993076137,13.171684979287514,107.01851325888823,38.01717,111.1111145019531,1899,12,0.02944186046511628,0.0625,0.34215453,0.9999999999999998,-0.4012870463960221,3.8644778754040106
64251345,20260207,169.62831999999997,1.76,95.44074008000001,57.1161085452297,1.6484152351304773,2.969885865242426,157.32596999999998,169.62832641601568,9311,128,0.06575564971751413,0.2056693689042378,0.9274746693240846,1.0000000000000004,-0.0634004345849561,0.6874351598494668
64251558,20260207,9.98865,11.0,1.0368590099999995,0.3531927004876745,8.441610590816977,28.28094133097096,8.75276,9.98865032196045,110634,5,0.027351479641029443,0.0943396226415094,0.8762705670936514,0.9999999045242156,-0.23258085538027487,1.5709946664519052
64251856,20260207,1000.0,14.0,0.6012973099999992,21.2632836548,11.061649352796888,13.432808638129314,6.65134,285.625633786,36349,185,0.08878602833414753,0.0196310732433533,0.00665134,0.285625633786,-0.2098821890859366,-0.0405136687050489
64252001,20260207,500.0,31.59,2.267827349999999,5.92278809977789,22.71967484650012,84.41968666734235,51.5243,500.0000000000001,5454,200,0.003928545703378233,0.1474171281958182,0.10304859999999999,1.0000000000000002,-0.2807953514878088,1.6723547407272357
64252871,20260207,28.571428571428573,12.78,1.1795572099999987,0.0808963273823528,4.254927151858963,353.18136239421494,5.018929999999999,28.571428298950195,2991,4,0.005420442189198985,0.125,0.17566254999999997,0.9999999332428016,-0.6670636031409262,26.63547494316768
64253222,20260207,217.39215,14.0,24.126202079999977,8.213825496769745,8.728238257382623,26.466611020381336,210.57924,217.39215087890636,73926,76,0.014431625183016106,0.0508021390374331,0.9686607359097373,1.0000000000000004,-0.3765544101869555,0.890472215741524
64253303,20260207,1000.0,23.0,3.345938229999995,18.021018685358676,18.80376614125363,55.490755654212975,62.91624,1000.0,8295,332,0.0009206846030900373,0.0488954344624447,0.06291624,1.0000000000000002,-0.182444950380277,1.4126415501831728
64253514,20260207,16.666666666666668,58.15,0.2790060999999992,0.1002460581,10.790767657051259,76.6620003185909,3.0106900000000003,7.68514,9019,3,0.16221223021582734,0.0128968253968253,0.1806414,0.4611083648202236,-0.8144321985029879,0.3183490680472891
64254884,20260207,1000.0,163.18,0.0012347400000000002,0.0,96.26318091258076,0.0,0.11886,0.0,5561,0,0.09930357142857144,0.0,0.00011886,0.0,-0.41007978359737246,-1.0
64254890,20260207,1000.0,163.18,0.039122879999999804,0.0,46.19803041084933,0.0,1.8074,0.0,18356,0,0.02192022928110819,0.0,0.0018073999999999998,0.0,-0.716889138308314,-1.0
64254998,20260207,1000.0,10.57,0.4476094999999991,0.0891952855,1.3856497683807003,17.546246362467635,0.6202299999999998,1.56506,1193,6,0.013634285714285715,0.0209595959595959,0.0006202299999999998,0.0015650599999999,-0.8689073066811068,0.6600044341590147
64255309,20260207,25.09375,24.0,0.5498827399999997,0.007307712,12.541201056792588,22.307624106682542,6.89619,0.16304,11700,1,0.0070202808112324495,0.0001658374792703,0.27481703611457037,0.0064972348735246,-0.47744995596697554,-0.0705156622215605
64255540,20260207,1000.0,2.0,73.34858521999999,250.7816410203353,1.3878901644069095,3.9875327075133833,101.79978,999.9999999999995,188516,482,0.028558703226783822,0.5965346534653465,0.10179977999999999,0.9999999999999996,-0.30605491779654526,0.9937663537566916
64255680,20260207,606.9564399999999,1.48,329.98200748000005,207.02832890733376,0.9332794607556459,2.931755384251584,307.96542999999997,606.956420898439,77651,246,0.022702315518652788,0.7214076246334311,0.5073929687606576,1.0000000000000024,-0.3694057697596987,0.9809157746409556
64255726,20260207,1206.6908999999998,2.0,945.9149886999992,368.41946313614784,1.240916249369504,3.275318042161917,1173.80128,1206.6909179687502,1746530,398,0.046620131863438594,0.0659667411268304,0.9727439562194429,1.0000000000000002,-0.37954187531524797,0.6376590210809583
64255761,20260207,3419.8565500000004,2.0,2706.637810390003,1232.2409015043015,1.2560370238492091,2.775314825503904,3399.6372999999994,3419.8564453125,3919395,1225,0.07816762363659209,0.0577796676522131,0.9940876906079581,1.0,-0.37198148807539544,0.3876574127519521
64255796,20260207,1000.0,2.0,198.59441599,308.93049148753755,1.4178653946351583,3.236974090669736,281.5801500000001,1000.0000000000006,558633,489,0.03837529452981706,0.0580752849084839,0.28158015000000014,1.0000000000000009,-0.29106730268242087,0.6184870453348681
64256201,20260207,1000.0,16.17,0.6501424899999995,0.0011683563999999,5.747047851002637,23.23500346002297,3.7364,0.02717,1898,1,0.005142237875914386,0.000595238095238,0.0037364,2.717e-05,-0.6445857853430651,0.4369204298326927
64256247,20260207,43.15131,16.1,2.242744929999999,1.3186277863676483,16.70514533277755,32.7243803662951,37.465379999999996,43.151309967041016,3918,12,0.014048045894585873,0.0342857142857142,0.8682327373143479,1.0,0.037586666632145944,1.0325701609273985
64256707,20260207,51.54639175257732,14.0,2.1488356899999976,1.1808292418035606,14.493942065900827,43.65266802001703,31.145099999999996,51.54639053344726,148163,167,0.04547667280540209,0.0309259259259259,0.6042149399999999,1.0,0.03528157613577333,2.1180477157155018
64256969,20260207,1000.0,61.25,0.09872948999999959,0.0121366635,10.862711840200983,71.53848020255299,1.07247,0.8683099999999999,40833,2,0.22036157582298974,0.0055555555555555,0.00107247,0.00086831,-0.8226496026089635,0.1679751869804569
64257309,20260207,1000.0,86.0,0.05459048999999929,0.0444168632,16.58493997764101,90.68175976551704,0.90538,4.02789,34985,1,0.009163414442494565,8.673779165582444e-05,0.00090538,0.00402789,-0.8071518607251045,0.0544390670408956
64257560,20260207,1000.0,146.47,0.0033209900000000002,0.0,45.25156655093812,0.0,0.15028,0.0,3354,0,0.02130876747141042,0.0,0.00015028,0.0,-0.6910523209466913,-1.0
64257941,20260207,1000.0,49.28,0.5970098999999986,0.0,16.712419676792667,0.0,9.97748,0.0,6446,0,0.03401583113456464,0.0,0.00997748,0.0,-0.6608681072079411,-1.0
64258631,20260207,1000.0,35.4,0.0152288999999999,0.0,20.43942766713302,0.0,0.31127,0.0,3645,0,0.018446356275303645,0.0,0.00031127,0.0,-0.42261503765160957,-1.0
64259714,20260207,314.20998000000014,2.7,23.736493330000002,49.46949946718226,2.7676670301156063,6.3515901411521805,65.69471,314.209991455078,6372,161,0.016973894512519978,0.2107773709238897,0.2090790050653387,0.9999999999999996,0.025061863005780054,1.3524407514737276
64259874,20260207,283.0188679245283,56.1,1.1502192899999983,3.380351082678038,35.86409162030317,83.72466918861998,41.25157,283.0188598632813,88153,94,0.016921585564833478,0.0242391693519513,0.14575554733333335,1.0000000000000002,-0.36071137931723407,0.4924183862008862
64259903,20260207,1000.0,13.2,0.06668739999999959,0.2859383400999999,0.7598136979399454,470.6903567481515,0.05067,134.58889,2795,9,0.07615803814713897,0.0313073335394763,5.067e-05,0.13458889,-0.9424383562166708,34.658360874957886
64259917,20260207,1000.0,13.2,0.1527454999999998,0.3963932294,4.68256020635633,432.1738494006442,0.7152399999999999,171.31122,1895,3,0.09869791666666666,0.0145833333333333,0.0007152399999999999,0.17131122,-0.6452605904275508,31.74044360949911
64260084,20260207,1000.0,35.0,0.00042429,0.0155437479999999,0.0,23.200762083759734,0.0,0.3606499999999999,1274,11,0.5790909090909091,0.5,0.0,0.0003606499999999,-1.0,-0.3371210833211503
64260409,20260207,1000.0,96.5,0.1718161399999999,0.0,12.445803985585993,0.0,2.13839,0.0,2748,0,0.1501639344262295,0.0,0.00213839,0.0,-0.8710279379732021,-1.0
64260426,20260207,1000.0,131.27,0.010162239999999899,0.0,0.0,0.0,0.0,0.0,1972,0,0.003095275466959661,0.0,0.0,0.0,-1.0,-1.0
64260699,20260207,27.77777777777778,35.4,1.2609714499999978,0.6933203782424722,2.2823910882359826,40.06479462079083,2.87803,27.77777862548828,35568,3,0.13281553398058252,0.0454545454545454,0.10360907999999999,0.999999931335456,-0.9355256754735598,0.1317738105604814
64260763,20260207,1000.0,176.43,2.947e-05,2.647648405990061,0.0,377.6935109828335,0.0,999.9999999999998,17980,24,0.25539772727272725,0.3503968253968253,0.0,0.9999999999999998,-1.0,1.140755691561506
64261065,20260207,1000.0,121.55,0.0688723999999997,0.0,45.72397651308817,0.0,3.1491199999999995,0.0,21310,0,0.025153446647780926,0.0,0.0031491199999999996,0.0,-0.6238257794069257,-1.0
64261251,20260207,1000.0,79.04,0.30957017999999936,0.0,23.35761151154809,0.0,7.23082,0.0,1966,0,0.01323905723905724,0.0,0.00723082,0.0,-0.7044836600259605,-1.0
64261557,20260207,1236.2189999999996,41.08,3.174246849999999,10.89934445348317,18.125855586814243,113.42139758911482,57.53594,1236.2189941406257,245674,181,0.0055992032199395575,0.0141565579420544,0.046541866772796744,1.0000000000000004,-0.5587669039237039,1.7609881337291762
64261838,20260207,1000.0,39.04,3.2300553899999986,9.744278328469033,32.512925420761924,102.62431589767598,105.01855000000002,999.9999999999998,3175,153,0.005731046931407942,0.0509003276621894,0.10501855000000002,0.9999999999999998,-0.16718941032884413,1.6286965545858711
64264364,20260207,171.42857142857142,20.47,1.1300918799999988,0.0,16.27196896592162,0.0,18.38882,0.0,71396,0,0.02991536076426716,0.0,0.10726811666666666,0.0,-0.2050821218406634,-1.0
64264474,20260207,1000.0,42.65,0.04366322999999919,0.0447237496,14.829411383445795,40.08228142209654,0.6475,1.79267,1731,1,0.017735655737704917,0.0014925373134328,0.0006475,0.00179267,-0.6522998503295242,-0.0602044551446109
64264541,20260207,283.49287999999984,40.51,0.44214112999999877,0.0,14.859757562025543,0.0,6.570110000000001,0.0,53294,0,0.03396036449372332,0.0,0.023175573227800304,0.0,-0.6331829779801149,-1.0
64265070,20260207,10.42728,14.5,1.1695604099999977,0.0094778923,4.689582473127669,16.936578127383086,5.48475,0.1605399999999999,5985,2,0.009328241895261845,0.0001704158145875,0.5260000690496467,0.015396151130298,-0.6765805190946436,0.1680398708540059
64265671,20260207,363.78365,3.0,3.2387437199999987,0.8318358657999999,20.569083496362605,11.594088211905262,66.61799,9.64439,4342,11,0.013788504287075261,0.0025169422534618,0.1831252998863473,0.0265113336218568,5.856361165454202,2.8646960706350875
64265818,20260207,103.28789000000005,3.0,8.711936509999997,3.43004099556833,11.81935266422184,30.11271806779386,102.96945,103.28788757324216,12071,37,0.023955149831315737,0.0214866434378629,0.99691696674218,0.9999999999999998,2.93978422140728,9.03757268926462
64267444,20260207,72.20216606498195,3.4,0.0052856199999999996,12.637832109446975,0.0,5.713175911645553,0.0,72.20216369628908,1372,21,0.00017793225086891112,1.0,0.0,1.0000000000000002,-1.0,0.6803458092339086
64268049,20260207,1000.0,91.46,0.0990382899999995,0.0,34.011794832079765,0.0,3.36847,0.0,11358,0,0.031169045005488474,0.0,0.0033684699999999997,0.0,-0.6281238264587823,-1.0
64269101,20260207,1000.0,2.08,48.0407577,326.2026328007252,0.7118522195997753,3.065579171904825,34.197919999999996,1000.0,1547805,2501,0.1394695345023338,0.1418329388383575,0.03419792,1.0000000000000002,-0.6577633559616466,0.4738361943988476
64269326,20260207,1000.0,148.86,0.0331592899999998,0.0,48.72993360231807,0.0,1.6158499999999998,0.0,1214,0,0.002946601941747573,0.0,0.0016158499999999998,0.0,-0.6726458847083295,-1.0
64270053,20260207,4.464285714285714,66.55,0.0368660799999991,0.0640934916383257,1.7273330931848885,69.65163052881525,0.06368,4.464285850524902,29681,1,0.9189164086687307,0.0227272727272727,0.01426432,0.9999997615814208,-0.9740445816200619,0.0466059704707332
64272249,20260207,8.23428,6.0,0.8628780999999992,0.1076753489764469,4.745583414389592,76.47250032938543,4.09486,8.23427963256836,2611,2,0.006648841354723708,0.2857142857142857,0.4972942382333367,0.9999998841824362,-0.20906943093506802,11.745416721564238
64273314,20260207,2.22544,16.41,0.084113379999999,0.0533529364936619,0.19533158696036462,41.71088717313212,0.01643,2.22544002532959,51074,9,0.021018106995884772,0.2195121951219512,0.007382809691566612,0.9999995714672618,-0.9880967954320314,1.541796926324165
64273516,20260207,1.7391304347826086,22.76,0.0370937599999997,0.0232123244077946,15.461630204109927,74.91948792933346,0.57353,1.7391303777694704,20375,12,0.0023010898413236207,0.15,0.32977975,0.9999994516375508,-0.3206665112429734,2.2917173627381
64273883,20260207,38.46153846153846,1.32,24.234725759999996,19.6180572359,0.6362085609175056,1.0325303649538646,15.418339999999999,20.25624083,2637,9,0.03642265193370166,0.0327762663557455,0.40087684,0.526662237471316,-0.5180238174867382,-0.2177800576327304
64273959,20260207,3.27383,2.5,0.2697672899999996,0.3771817730680374,0.05805003267816503,8.679691043022947,0.01566,3.273829936981201,4144,14,0.017209302325581394,0.6833333333333333,0.004783388263898859,0.9999997086977463,-0.9767799869287339,2.4718764172091787
64274214,20260207,79.67623999999999,1.6,40.99543987,25.971169832761458,0.9381767855635404,3.0678724315795547,38.46097,79.6762390136719,3973,31,0.009967385850476669,0.8857142857142857,0.48271567533809334,1.0000000000000004,-0.41363950902278723,0.9174202411654336
64274224,20260207,20.75117,2.6,11.859701890000004,4.071344382864346,1.5895610340674418,5.096882542083097,18.85172,20.75116920471191,47499,36,0.0851236559139785,0.06782586483725,0.9084654021917801,0.9999999080847716,-0.38863037151252244,0.9603395111675546
64274496,20260207,1.4749262536873156,4.87,0.6346609699999999,0.0194689235705933,0.19281160459575766,75.75408439298153,0.12236999999999999,1.474926233291626,11921,2,0.06405695862439549,1.0,0.08296686,0.9999993534092226,-0.9604082947441976,14.555253834320132
64274858,20260207,1000.0,30.8,0.0925168099999999,0.0,50.51319862844391,0.0,4.67332,0.0,1243,0,0.06718918918918919,0.0,0.004673320000000001,0.0,0.6400389165079191,-1.0
64274912,20260207,1000.0,69.46,0.0025896699999999996,0.0,0.0,0.0,0.0,0.0,1941,0,0.3235,0.0,0.0,0.0,-1.0,-1.0
64275253,20260207,17.857142857142858,36.0,0.0047236899999999,0.0682644312163784,0.0,261.5839830484402,0.0,17.857143402099606,29358,55,0.006165056698866023,0.1053639846743295,0.0,0.999999893188491,-1.0,6.266221751345561
64275363,20260207,1659.0334900000007,43.2,67.53984965,19.685209070485733,24.175472827692328,84.27816829615817,1632.8078,1659.0334472656243,126053,378,0.019687783088120452,0.0107462686567164,0.9841921877056258,0.9999999999999996,-0.440382573433048,0.9508834909201896
64275616,20260207,1000.0,37.4,0.040250760000000003,0.0,30.24588852483779,0.0,1.21742,0.0,2249,0,0.28833333333333333,0.0,0.0012174199999999999,0.0,-0.1912864030792035,-1.0
64275625,20260207,1000.0,37.4,0.0367623399999999,0.0,15.191633612006237,0.0,0.5584799999999999,0.0,1157,0,0.2966666666666667,0.0,0.0005584799999999999,0.0,-0.5938065879142718,-1.0
64277034,20260207,21.53507,48.0,0.0150192099999998,0.3263560033,0.0,45.500540358712136,0.0,14.84942,93407,10,0.03147454257505813,0.0003028639353889,0.0,0.6895458615022435,-1.0,-0.0520720758601638
64277064,20260207,1000.0,10.01,0.2871622799999993,12.0899459822,3.543153369586014,16.089883185625208,1.01746,194.52583466400003,5193,104,0.012181562280084447,0.0172197519063267,0.00101746,0.194525834664,-0.6460386244169817,0.60738090087162
64277259,20260207,6.227130000000001,48.0,0.004693449999999999,0.1809777410658469,0.0,34.40807411712846,0.0,6.227129936218262,18015,4,0.006248699271592092,0.0012080113613432,0.0,0.999999846851731,-1.0,-0.2831651225598238
64277308,20260207,1000.0,10.01,0.0255705699999998,4.101718368700001,3.227538533556375,14.58239294877872,0.08252999999999999,59.8128836,1079,35,0.020093109869646183,0.0630439206526163,8.253e-05,0.0598128836,-0.6775685780662962,0.4567824790557114
64277365,20260207,1000.0,8.4,0.3410022699999993,3.607708573000001,2.546053432430235,15.771945842271377,0.8682099999999999,56.9006,3623,99,0.012219224283305227,0.0344151721735818,0.0008682099999999999,0.0569006,-0.6968984009011626,0.8776126855385445
64277430,20260207,11.11111111111111,29.66,0.2584786599999994,0.0,13.298660709553381,0.0,3.4374199999999995,0.0,12110,0,0.007286840363439437,0.0,0.30936779999999997,0.0,-0.5516297805275326,-1.0
64277460,20260207,376.40849,52.58,3.022726399999999,3.8681905159794328,19.713292608950656,97.30864571422237,59.58789000000001,376.40847778320335,12033,140,0.005504574565416286,0.1394935533000051,0.15830644521328416,1.0000000000000009,-0.625080018848409,0.8506778684961959
64277798,20260207,10.81081081081081,46.93,0.006884909999999999,0.0,1.2621806240023472,0.0,0.00869,0.0,1940,0,0.011672683513838749,0.0,0.000803825,0.0,-0.9731050367781302,-1.0
64277822,20260207,4.587155963302752,41.08,0.0077407199999999995,0.0099052415,0.0,26.36216773031427,0.0,0.26115,1250,4,0.5681818181818182,0.0699999999999999,0.0,0.0569306899557326,-1.0,-0.3582724791802316
64278016,20260207,1000.0,8.39,0.0772066999999996,3.8138746089,2.689921988635715,16.39971944917199,0.20768,62.54649,1631,26,0.016954261954261956,0.0217482509789717,0.00020768,0.06254649,-0.6793895126775071,0.9546744669949664
64278103,20260207,34.95034,1.0,8.63609402,34.099695638562075,0.4151228543479891,1.0249457829918658,3.58504,34.950340270996094,1317,16,0.004391463821273758,0.6666666666666666,0.1025752539174154,1.0,-0.5848771456520109,0.0249457829918657
64278221,20260207,131.12874,1.0,29.110290070000005,33.736328682947565,3.399350187237759,3.886870315640794,98.95607,131.12873840332028,22930,46,0.03133798004646713,0.0702779451890259,0.7546482182319452,0.9999999999999998,2.399350187237759,2.886870315640794
64278923,20260207,285.51958,1.0,41.16057128000001,14.70646720801686,4.540073040502268,19.414558835377782,186.87199999999999,285.51959228515625,14070,87,0.006094602789569436,0.0571935432678138,0.6544980207662114,1.0,3.540073040502268,18.414558835377782
64279071,20260207,908.5176,1.0,363.02720205,148.4187740575443,2.3590500248024044,6.121311658668206,856.3993300000001,908.517578125,34428,247,0.03479684657368102,0.1892694637729969,0.94263372553267,1.0,1.3590500248024044,5.121311658668206
64279494,20260207,2330.69918,1.0,45.67883813999999,93.18528538071251,10.02593867638158,25.011450941169272,457.97322999999994,2330.69921875,19741,1194,0.0148943715104874,0.2824828253225434,0.1964960703337099,1.0,9.02593867638158,24.011450941169272
64279763,20260207,367.6441400000002,3.0,100.87297744000001,43.93449668565891,3.445501152245952,8.368005869826762,347.55796,367.644134521484,18790,429,0.0223610615256456,0.1358656254857276,0.945365156643051,0.9999999999999992,0.148500384081984,1.789335289942254
64280314,20260207,148.10778000000005,1.0,8.279366869999999,61.19047616664997,2.70656686095129,2.42043827218053,22.40866,148.10777282714844,1579,31,0.004259509036957108,0.0502132949119981,0.1512996818938208,1.0,1.7065668609512898,1.42043827218053
64280330,20260207,818.6775700000001,1.0,26.509144259999996,197.01446663572955,3.460084908829117,4.155418437509006,91.72389,818.6775512695318,1318,272,0.002494794624266515,0.2095335458293208,0.11203909006570192,1.0000000000000009,2.460084908829117,3.155418437509006
64281525,20260207,22.689660000000003,3.15,3.3950834399999987,2.6077354091772547,1.4608683667580202,8.700902069243636,4.959769999999999,22.689659118652344,3435,40,0.05252293577981652,0.2279667422524565,0.21859164042123144,0.999999915937544,-0.5362322645212634,1.7621910494668476
64282585,20260207,1000.0,75.77,0.9813882999999991,0.3068134091,13.241506954994279,51.56231106096378,12.99506,15.820059999999998,69049,13,0.46781165311653117,0.0057806293842415,0.012995060000000001,0.0158200599999999,-0.8252407687080074,-0.31948906763371
64282626,20260207,24.252223120452708,2.1,11.260596589999999,10.938344355449884,1.0874530405320206,2.217174826759563,12.245370000000001,24.252223968505863,4456,15,0.0002377585811319144,0.180722891566265,0.5049174230000001,0.9999999213536672,-0.48216521879427593,0.0557975844991747
64282700,20260207,1000.0,75.77,1.0443456899999999,0.0,41.684396667544064,0.0,43.532920000000004,0.0,5778,0,0.04410687022900763,0.0,0.04353292,0.0,-0.44985618757365625,-1.0
64283544,20260207,43.87046,90.0,0.38279185999999876,0.0,111.76436719422439,0.0,42.782489999999996,0.0,24992,0,0.05808040901696491,0.0,0.9752003968045923,0.0,0.2418263021580488,-1.0
64284543,20260207,50.53480999999999,39.0,1.0065213999999978,0.0028245536,35.35973502401447,19.967768440138595,35.59033,0.05642,22256,1,0.04059832178037213,0.0001851851851851,0.7042735492623798,0.0011164581600445,-0.09334012758937259,-0.4880059374323437
64284846,20260207,48.1084,20.0,0.7217396999999988,0.0431901203865996,13.20391548365708,1113.8492821414748,9.529789999999998,48.10839843750001,17441,4,0.0561345349211458,0.0115088632640814,0.19808993855542895,1.0000000000000002,-0.33980422581714603,54.69246410707374
64284892,20260207,39.037420000000026,39.0,0.3397447199999992,0.0038395604,42.37252016749527,72.12749472707159,14.39584,0.27701,56968,1,0.05185508829419261,9.512937595129375e-05,0.36877027221573533,0.0070960122774144,0.08647487608962223,0.8494229417197844
64284934,20260207,1000.0,28.6,0.1691272599999999,0.0,11.384149426887191,0.0,1.9253699999999998,0.0,29263,0,0.16895496535796767,0.0,0.0019253699999999998,0.0,-0.6019528172417066,-1.0
64285482,20260207,1000.0,15.05,0.3025239099999994,2.4437942569,4.0481758945929345,20.001659247839424,1.22467,48.87996,2872,21,0.005589723627870767,0.0037992006339534,0.00122467,0.04887996,-0.7310182129838583,0.3290138866677835
64285951,20260207,64.51612903225806,9.5,0.2308861099999996,0.7805666010631864,2.757593343315459,82.65283935967061,0.6366899999999998,64.516128540039,7739,27,0.018027020731423246,0.119438342072078,0.009868694999999997,0.9999999999999992,-0.7097270164931095,7.700298879965327
64286119,20260207,1000.0,86.31,0.5850025299999988,0.001858944,20.02481937984101,79.56153518600559,11.714569999999998,0.14798,161608,1,0.03876979176662508,1.231284475965327e-05,0.011714569999999999,0.00014798,-0.7679895796565751,-0.0781886521084281
64287339,20260207,31.51393999999999,9.5,3.4181501899999986,0.3524523768743093,8.02072421516388,89.41307667594178,27.416040000000002,31.513940811157223,1032,6,0.00018701072774717308,0.0129870129870129,0.8699654819422773,0.9999999394760392,-0.15571324050906535,8.411902807993872
64287527,20260207,500.0,14.85,12.79967503,13.111950254814202,13.407891184562363,38.133149695505416,171.61665,500.0,84430,123,0.020606252898250067,0.0418367346938775,0.34323329999999996,1.0,-0.0971117047432752,1.5678888024197697
64287886,20260207,31.746031746031747,2.66,18.354473369999997,8.996985816782496,1.2150552919950108,3.528518097667741,22.301699999999997,31.74603080749512,4361,23,0.0076055109870945235,0.0909236273510423,0.7025035499999999,0.99999993991852,-0.5432122962424771,0.3265105202302368
64287936,20260207,83.33333333333333,2.1,10.671996870000001,32.0627301477638,0.578496234135421,2.599071660253025,6.17371,83.33333587646483,2186,33,0.000713469760762427,0.1823204419889502,0.07408452,0.9999999999999998,-0.7245256027926567,0.2376532277546831
64288087,20260207,1712.0154800000005,942.48,2.094577309999999,0.0,567.8516874605122,0.0,1189.40926,0.0,118965,0,0.08652,0.0,0.6947421176355248,0.0,-0.3974920555762328,-1.0
64288096,20260207,63.048920000000045,2.59,30.43196622,12.217793751957435,0.9891733508897146,5.160417322253115,30.10249,63.04891967773435,14465,118,0.004192389067617309,0.0781016375797571,0.4774465605437806,0.9999999999999996,-0.6180797873012684,0.9924391865890124
64288123,20260207,1000.0,96.08,0.0197546899999999,0.0,0.0,0.0,0.0,0.0,3280,0,0.13279352226720648,0.0,0.0,0.0,-1.0,-1.0
64288346,20260207,1000.0,96.08,0.0739912399999992,0.0008190410999999,34.341632874378476,29.80338424500919,2.5409800000000002,0.02444,71858,1,0.013404592683791296,1.9825535289452816e-05,0.0025409800000000004,2.4440000000000003e-05,-0.6425725137970599,-0.6898065812132798
64288373,20260207,93.75,72.0,0.10889775999999961,0.0113184096,35.616159597773304,8.424467650680297,3.8785199999999995,0.09536,7912,1,0.03192897497982244,0.0003174603174603,0.04137087999999999,0.0010171733333333,-0.505331116697593,-0.8829935048516625
64288469,20260207,1000.0,48.4,0.0222398099999995,0.0238170193,11.540566218866338,385.8251135097535,0.25666,9.18959,36100,24,0.10284900284900285,0.0050823151958744,0.00025666,0.00918959,-0.7615585491969765,6.971593003017931
64288538,20260207,1000.0,81.44,0.103964159999999,0.0469930118999999,24.59693802171849,130.35682105702494,2.5572,6.12599,1402072,93,0.15079934606780243,0.0007493131265459,0.0025572,0.0061259899999999,-0.6979747295957947,0.600648540633492
64288593,20260207,6.666666666666667,42.48,0.0149318499999999,0.0007632794,11.833764737792114,64.54445847945135,0.1767,0.04933,1538,2,0.04090425531914894,0.0018011932905549,0.026504999999999997,0.0073994991179109,-0.7214273837619558,0.5194081726690493
64288685,20260207,1000.0,48.4,0.0020412599999999,0.0001859058,5.839530486072614,517.6404370543879,0.01192,0.09675,8469,1,0.0071197982345523325,6.400409626216078e-05,1.192e-05,9.675e-05,-0.8793485436761858,9.695050015186707
64289306,20260207,1875.4841000000013,48.47,33.886855819999965,21.787687757153336,39.37990107693624,86.07999461363775,1334.46103,1875.484130859375,127531,854,0.014373577079999098,0.0449268313488349,0.7115288420733608,1.0,-0.18754072463510948,0.7759437269597214
64290009,20260207,1000.0,81.44,0.22693637999999983,0.0,73.24299435815453,0.0,16.6215,0.0,3351,0,0.009110929853181076,0.0,0.0166215,0.0,-0.10065085513071544,-1.0
64290316,20260207,29.29814,46.01,2.8079208299999987,0.2462397257394018,10.03276150061539,118.9816976219846,28.1712,29.298139572143548,168312,5,0.3561404993652137,0.0588235294117647,0.9615354421816538,0.9999999348986474,-0.7819438926186615,1.5859965651487495
64290705,20260207,1000.0,80.0,0.010007419999999899,0.0,60.744927263970744,0.0,0.6079,0.0,10077,0,0.007677714285714286,0.0,0.0006079,0.0,-0.2406884092003657,-1.0
64290708,20260207,1000.0,80.0,0.0028080099999999,0.0,21.381690236146643,0.0,0.060039999999999996,0.0,13154,0,0.013032795006440107,0.0,6.0039999999999994e-05,0.0,-0.7327288720481671,-1.0
64291686,20260207,149.58566000000005,14.0,0.3031502899999988,2.9747039693,1.991487456601154,22.25969042757937,0.6037199999999999,66.21601172999999,2018,46,0.001978043520878259,0.0036478262054352,0.00403594836563879,0.4426628225729803,-0.8577508959570604,0.5899778876842406
64292377,20260207,500.0,14.85,6.535399799999999,9.568385700478808,11.858767997636505,52.25541312779297,77.50179,499.9999999999999,82898,158,0.0449921302578019,0.2432358050931674,0.15500358,0.9999999999999998,-0.2014297644689222,2.5188829485148587
64293134,20260207,37.5,7.5,0.42062227999999935,1.9901593893845728,2.63264703904891,18.84270242741407,1.1073499999999998,37.50000000000002,59369,126,0.010632365056055016,0.6237623762376238,0.029529333333333328,1.0000000000000009,-0.6489803947934786,1.5123603236552094
64294249,20260207,1000.0,16.12,0.0075479599999997,0.0860251517,8.69241490415988,233.0597103764204,0.06561,20.04923,10597,21,0.04617429193899782,0.0292407138921381,6.561e-05,0.02004923,-0.46076830619355585,13.45779765775147
64294584,20260207,1000.0,16.12,0.010801759999999801,0.2165041789,16.105708699323372,33.50252422068043,0.17397,7.25347,1943,9,0.018845780795344325,0.0348469387755102,0.00017397000000000002,0.00725347,-0.0008865571139347728,1.0783202528836635
64295073,20260207,1000.0,46.11,0.5205999499999986,0.0,8.156877464164204,0.0,4.2464699999999995,0.0,42468,0,0.010845016471309277,0.0,0.00424647,0.0,-0.8230995995626935,-1.0
64295359,20260207,1000.0,16.12,0.0141792999999997,0.4694102204000001,8.638649298625644,68.8520823436201,0.12249,32.31994,13127,39,0.03294102885821832,0.034282972019877,0.00012249,0.03231994,-0.4641036415244638,3.271220766691624
64296593,20260207,1000.0,150.25,0.0549204399999998,0.0,31.35608527535479,0.0,1.72209,0.0,11352,0,0.02329093147312269,0.0,0.00172209,0.0,-0.791307252743063,-1.0
64296663,20260207,1000.0,142.02,0.00066519,0.0,37.50808039808175,0.0,0.02495,0.0,5388,0,0.029883527454242928,0.0,2.495e-05,0.0,-0.7358957865224494,-1.0
64297425,20260207,16.129032258064516,30.0,0.06589823999999969,0.0159008577,0.5097252976710783,115.81980135566168,0.03359,1.84175,20530,21,0.01651117902525334,0.0018536826916038,0.00208258,0.1141884873677591,-0.9830091567442973,2.8606600451887227
64297686,20260207,72.98465,13.5,7.2654793999999985,3.121527419885023,5.7479813376113915,23.381062044244143,41.76184,72.98464965820312,7319,8,0.011315708101422387,0.0141843971631205,0.5722003188341658,1.0,-0.5742236046213784,0.7319305217958627
64297824,20260207,1000.0,33.0,0.00205724,0.0,14.995819641850245,0.0,0.03085,0.0,1078,0,0.006382474837181764,0.0,3.085e-05,0.0,-0.545581222974235,-1.0
64297828,20260207,1000.0,33.0,3.462e-05,0.0,0.0,0.0,0.0,0.0,1020,0,0.007981220657276996,0.0,0.0,0.0,-1.0,-1.0
64297900,20260207,1000.0,33.75,0.0617128899999995,0.5050389564,38.60765554813621,34.143852939711685,2.38259,17.24401,11004,3,0.03144,0.0004971002485501,0.00238259,0.01724401,0.14393053475959133,0.011669716732198
64298103,20260207,1000.0,142.02,0.0007886299999999,0.0546975848,0.0,181.713476433489,0.0,9.93947,1761,1,0.012696467195385724,0.0008547008547008,0.0,0.00993947,-1.0,0.2794921205950493
64298522,20260207,1000.0,18.66,0.3327590199999992,1.0549757255,16.21981576938174,22.49053408145543,5.39729,23.72699,28618,19,0.026962502355379687,0.0047247152621676,0.00539729,0.02372699,-0.13077085908993896,0.2052805072543751
64298582,20260207,300.0,1.65,53.73150039,81.96153810501082,0.9656210904852419,3.6602533734223006,51.88427,299.99999999999966,6656,176,0.010524984187223276,0.1674576495259607,0.17294756666666666,0.9999999999999988,-0.4147750966756109,1.2183354098857808
64300236,20260207,1000.0,69.46,0.0026122100000000002,0.0,22.080919987290454,0.0,0.05768,0.0,8585,0,0.01765734265734266,0.0,5.7680000000000003e-05,0.0,-0.6821059604478771,-1.0
64300269,20260207,3.38267,15.0,0.0333015799999996,0.0280868074836801,101.57686211885564,120.43196777303224,3.38267,3.3826699256896973,3055,1,0.006665939341042985,0.5,1.0,0.999999701976776,5.7717908079237095,7.028797851535483
64300626,20260207,124.2748,33.41,3.2618417499999994,3.1796924386497984,37.82700678228796,39.083894582740726,123.38571,124.2748031616211,96612,27,0.05384683981718872,0.0517241379310344,0.992845774042686,1.0,0.13220612937108542,0.1698262424795583
64301193,20260207,1000.0,3.42,9.928241279999998,19.5723750134,1.860995263805676,4.365223207519921,18.476409999999998,85.43778999999991,115018,225,0.030119674234687196,0.0051117775354416,0.01847641,0.0854377899999999,-0.4558493380685158,0.2763810263566598
64302336,20260207,336.33232000000004,1.51,504.9833824899996,147.77787485931137,0.6660265103013773,2.275931386565609,336.33232000000004,336.332305908203,26034,137,0.010646111065674327,0.0286926832596356,1.0,0.9999999999999996,-0.5589228408600151,0.5072393383707045
64303588,20260207,1000.0,31.0,0.016442449999999803,0.0,20.38017448737894,0.0,0.33509999999999984,0.0,1900,0,0.014492753623188406,0.0,0.00033509999999999985,0.0,-0.3425750165361632,-1.0
64305805,20260207,1000.0,182.33,0.00023547,0.0,97.12489913789443,0.0,0.02287,0.0,2240,0,0.0010689572894297303,0.0,2.2870000000000003e-05,0.0,-0.46731256985743197,-1.0
64306710,20260207,1000.0,121.55,0.0146294599999999,0.0,29.9888034144803,0.0,0.43872,0.0,2496,0,0.003601211946328091,0.0,0.00043872,0.0,-0.7532801035419144,-1.0
64308626,20260207,1000.0,56.21,0.027933749999999702,0.0,4.5801226115362725,0.0,0.12794,0.0,1425,0,0.008352872215709262,0.0,0.00012794,0.0,-0.9185176550162556,-1.0
64310320,20260207,10.869565217391305,50.4,0.07476015999999999,0.1191354037409125,0.8957979758202765,91.2363028324154,0.06697,10.8695650100708,2982,2,0.041359223300970874,0.1714285714285714,0.00616124,0.9999999122619688,-0.9822262306384865,0.810244049011948
64310659,20260207,11.363636363636363,36.0,0.44079624999999767,0.0024903887999999,5.492061241446614,194.7387738116187,2.4208799999999995,0.48517,55028,2,0.03378023327194598,6.896789250488657e-05,0.21303743999999997,0.0426949577198432,-0.8474427432931496,4.409410383656075
64312120,20260207,22.371364653243848,20.0,0.0240902799999997,0.0,7.66035097973134,0.0,0.18454,0.0,1194,0,0.02417004048582996,0.0,0.008248938,0.0,-0.616982451013433,-1.0
64312289,20260207,16.666666666666668,7.15,0.03751136,0.1818098864803292,0.0,91.67034138347384,0.0,16.66666603088379,2427,7,0.006325254104769351,0.3684210526315789,0.0,0.9999998855590908,-1.0,11.82102659591125
64312520,20260207,500.0,1.87,14.819218549999997,176.20626960720134,0.8621905370307129,2.8375834655430574,12.77699,500.00000000000017,2305,186,0.0003892529046203729,0.0500115784598543,0.02555398,1.0000000000000004,-0.5389355416948061,0.5174243092553018
64313364,20260207,28.82184,14.0,0.8467107599999993,0.9322047332,6.343606640832111,17.196761861751654,5.3712,16.03092,2769,4,0.006105843439911797,0.0011856368563685,0.18635867800251474,0.5562073337407201,-0.5468852399405635,0.2283401329822609
64313400,20260207,500.0,1.05,21.488906529999998,197.66972926003783,0.4705595413095223,2.5294717574726366,10.111809999999998,500.0,2270,316,0.0035810064678971445,0.1625976925663688,0.020223619999999998,1.0,-0.5518480558956931,1.409020830803525
64313710,20260207,3.56287,14.0,0.10209126999999911,0.1768323068120769,0.2856267729846073,20.14818412812398,0.02916,3.5628700256347656,6444,5,0.07128318584070796,0.2604166666666666,0.008184413127619024,0.99999973232982,-0.9795980876439566,0.4391560091517128
64313873,20260207,37.76841,14.5,0.058672329999999696,0.2642512186113093,2.781208791264994,142.92561071949888,0.16318,37.76840972900391,2457,4,0.03540345821325649,0.076625386996904,0.00432054195556551,1.0,-0.8081924971541383,8.856938670310267
64315646,20260207,1000.0,8.39,5.908616819999999,42.00665490594115,2.321692270442408,23.80575121807224,13.717989999999999,1000.0,5380,544,0.0016883198393271826,0.1526510577396126,0.01371799,1.0,-0.7232786328435746,1.837395738251457
64316387,20260207,1000.0,79.04,0.7306345299999994,0.0,6.388488099515367,0.0,4.66765,0.0,11747,0,0.022097441685477802,0.0,0.00466765,0.0,-0.9191739865952002,-1.0
64316397,20260207,8.95743,14.5,0.2817284699999998,0.1075890831797659,21.47298070372513,83.25516275415283,6.04955,8.957429885864258,1110,2,0.008460365853658537,0.6666666666666666,0.6753667067451267,0.9999998935326062,0.4808952209465608,4.741735362355368
64319351,20260207,6.45712,1.3,3.6792115499999998,2.018171713293269,1.5482773748087413,3.199488279263597,5.69644,6.457119941711426,2480,1,0.005968712394705174,1.0,0.8821951582129495,0.9999998807907104,0.19098259600672401,1.4611449204770244
64319847,20260207,10000.0,268.0,40.71449001999993,5.355233392899999,65.25707969557921,187.21845214940564,2656.9087199999994,1002.5986939359998,2577175,983,0.22335635790057548,0.021395119566922,0.26569087199999997,0.1002598693935999,-0.7565034339717194,-0.3014236860096804
64321572,20260207,4933.305690000001,1.0,4041.43899848,610.3464647382999,0.7567647541260137,1.0985632673025,3058.41859,670.5042075880001,107475,308,0.10128640090472152,0.0234838177867983,0.6199531880214785,0.1359137773425233,-0.24323524587398626,0.0985632673024998
64321933,20260207,50.13335000000003,26.93,1.425379699999999,0.0,33.43966523446351,0.0,47.66422,0.0,66805,0,0.04123001913225946,0.0,0.950748753075547,0.0,0.24172540788947314,-1.0
64322228,20260207,70.37037037037037,27.0,1.58311936,0.0,12.335380700543007,0.0,19.52838,0.0,80365,0,0.0852588584765542,0.0,0.27750855789473683,0.0,-0.5431340481280368,-1.0
64322287,20260207,72.20216606498195,3.4,22.97907131,14.533062411755912,1.7013389911448082,4.968131057481256,39.09519,72.20216369628905,29656,31,0.0036958201440642057,0.6326530612244898,0.5414683815,0.9999999999999998,-0.4996061790750564,0.4612149759202754
64324670,20260207,1000.0,8.39,4.789910639999999,35.33828345413069,2.115461176954233,28.297921516196038,10.13287,1000.0000000000006,5060,505,0.0012384052473139334,0.0793278941914179,0.01013287,1.0000000000000009,-0.7478592160960391,2.3728152989549223
64325123,20260207,146.2962962962963,27.0,0.00340678,0.0064076752,19.85746071070043,37.06850364331149,0.06765,0.23756,1045,1,0.06741935483870967,0.0344827586206896,0.0004624177215189873,0.0016238278606469,-0.2645384921962804,0.3729075423448699
64325724,20260207,1000.0,67.37,0.04887855,0.5260979938,38.91686639640497,87.00377788101369,1.9022000000000001,45.7726,3509,6,0.816046511627907,0.1777777777777777,0.0019022000000000002,0.0457726,-0.42234130330406755,0.2914320073324884
64325857,20260207,1000.0,58.15,0.4888900399999988,0.1364870362999999,9.944240222198045,150.31398030304877,4.8616399999999995,20.51606,32356,16,0.03378863826232247,0.0080424397099073,0.0048616399999999995,0.02051606,-0.8289898500051927,1.5849351050516047
64326105,20260207,27.51538,48.47,2.9213346499999995,0.4089286671725143,8.051806046938172,67.28634058180755,23.52202,27.515380859375007,121481,77,0.09831741663968922,0.040356394129979,0.8548680774170664,0.9999999306806436,-0.8338806262236813,0.3882058775989333
64326658,20260207,1000.0,76.48,0.09384180999999919,0.0,2.29631120712614,0.0,0.21549000000000001,0.0,3056,0,0.020373333333333334,0.0,0.00021549,0.0,-0.9699750103670746,-1.0
64327104,20260207,4.464285714285714,66.55,0.39735206999999895,0.0359216459942269,0.05284985680331313,124.27497270781062,0.021,4.464285850524902,41588,1,0.7534057971014493,0.0625,0.004704,0.9999997615814208,-0.9992058624071627,0.8673924419080563
64328400,20260207,1000.0,300.0,1.0646864999999983,0.0,289.89371988843715,0.0,308.64593,0.0,8998,0,0.007311880383552739,0.0,0.30864593,0.0,-0.033687600371876174,-1.0
64329429,20260207,29.27974,2.6,9.278404769999998,7.564418828846936,2.9739972208606296,3.870718447993122,27.593950000000003,29.27973937988281,45730,78,0.1421510724277277,0.1399234420487442,0.9424246936618974,0.999999934857736,0.14384508494639595,0.4887379192193207
64329733,20260207,9.54238,30.63,0.07121741000000001,0.4356936347133012,6.223759049928942,21.90153279997565,0.44324,9.542380332946776,2133,4,0.02669586983729662,0.1147234999536789,0.046449627870615094,0.9999999000590852,-0.7968083888367959,-0.2849646294463853
64329848,20260207,3.886010362694301,2.17,0.1599893299999996,0.3712767789202832,2.891755343934506,10.466584937300684,0.46265,3.886010408401489,7868,11,0.03297569153394803,0.9444444444444444,0.11905526666666666,0.9999997545878724,0.3326061492785743,3.823310861433764
64330332,20260207,2.2222222222222223,39.44,0.0206249999999999,0.0085873377,0.0,71.73099399666133,0.0,0.61605,8855,8,0.7767543859649123,0.062015503875969,0.0,0.2772223678100739,-1.0,0.8187372336287229
64330383,20260207,3.83043,48.47,0.20456177999999892,0.0484220270414702,14.937003383525585,79.10348164608371,3.05554,3.830430030822754,405234,2,0.36259305654974944,0.2142857142857142,0.7977015635320317,0.9999997510268896,-0.6918299281302747,0.6320090706392641
64331321,20260207,1000.0,46.01,0.0516835,0.0,1.4453355519653275,0.0,0.0747,0.0,1305,0,0.03625,0.0,7.47e-05,0.0,-0.9685864909375065,-1.0
64331689,20260207,16.34884,2.54,5.623942929999998,1.8758700000257733,1.6838079827385455,8.71533315098765,9.469640000000002,16.348840713500977,67274,22,0.38245594087549745,0.1818181818181818,0.5792239694070039,0.9999998833343328,-0.3370834713627774,2.431233575542844
64331738,20260207,9.726480000000002,39.44,1.047348069999999,0.0,9.28676939271966,0.0,9.72648,0.0,1593,0,0.008144171779141104,0.0,0.9999999999999998,0.0,-0.7645342446064994,-1.0
64332826,20260207,1000.0,55.94,0.4100570199999973,0.0029194968,10.292446645590967,86.81742092646701,4.22049,0.25355,97061,4,0.01457131704973653,1.6051879675109956e-05,0.0042204899999999995,0.00025355,-0.8160091768753849,0.5519739552695548
64332866,20260207,128.2051282051282,23.0,2.8191928399999986,3.144697781482628,16.53453404769573,40.76864997572913,46.614039999999996,128.20512390136716,29765,24,0.007353195484078164,0.0320855614973262,0.36358951199999995,0.9999999999999998,-0.281107215317577,0.772549998944745
64333168,20260207,1000.0,11.98,0.4383652399999971,13.95159826170001,0.9315747754087498,46.45219073766823,0.40837,648.0823500000001,22439,3366,0.001033774227283826,0.0153578753303268,0.00040837,0.6480823500000001,-0.922239167328151,2.877478506897916
64333572,20260207,45.45454545454545,1.87,1.1935525299999994,2.715178059339107,1.2449473003086013,16.74090108754992,1.48591,45.45454406738282,43109,57,0.092767376802238,0.5656403217378827,0.03269002,1.0000000000000002,-0.33425278058363567,7.95235349992608
64333829,20260207,1000.0,32.4,0.1015229899999997,0.0,13.938714767955553,0.0,1.4150999999999998,0.0,1273,0,0.09571428571428571,0.0,0.0014150999999999999,0.0,-0.5697927540754459,-1.0
64333955,20260207,1000.0,3.52,5.891019679999999,11.646188768700004,2.1134218991439533,4.984010320353828,12.450210000000002,58.04472999999997,49397,214,0.01920642326684552,0.0081742631814746,0.012450210000000001,0.0580447299999999,-0.3995960513795587,0.4159120305000586
64334266,20260207,3.18025,48.0,0.014133299999999701,0.0,14.89673324701269,0.0,0.21054,0.0,1242,0,0.011930835734870316,0.0,0.06620234258313026,0.0,-0.6896513906872356,-1.0
64334450,20260207,1000.0,17.05,0.16154832999999869,0.0837320476,8.248058026969456,618.3913219945907,1.3324599999999998,51.77979,15108,14,0.026720905553590378,0.0040198332854268,0.0013324599999999997,0.05177979,-0.5162429309695333,35.269287370431734
64334757,20260207,1000.0,9.5,0.01185847,27.70388472006376,0.0,36.09601952969997,0.0,999.9999999999976,11534,1585,0.0010162025004184984,0.6506568144499179,0.0,0.9999999999999978,-1.0,2.799581003126313
64335030,20260207,23.05754,41.08,1.5679240899999989,0.2532876504632403,13.845581006412125,91.03266510909468,21.70882,23.057540893554688,80306,3,0.13417878028404345,0.0156546489563567,0.9415063358883905,0.9999999172787556,-0.6629605402528694,1.2159849330940864
64335100,20260207,1000.0,9.0,0.10060932999999989,32.33216507776914,4.072584520739781,30.928951607964677,0.40974,999.9999999999986,26057,1448,0.0017954371627999918,0.4233926309920932,0.00040974,0.9999999999999988,-0.547490608806691,2.436550178662741
64335156,20260207,294.11764705882354,2.39,4.105828419999999,40.25820867244324,0.6907448899191946,7.305780551513088,2.83608,294.1176452636719,6434,299,0.0027916865535644554,0.3687102371312897,0.009642672,1.0,-0.71098540170745,2.0568118120672665
64335303,20260207,1000.0,5.55,0.0630221699999996,33.3958131909,0.2705397164204296,11.576249740763734,0.01705,386.5982853699999,4310,314,0.03489878542510121,0.1352019851553842,1.7049999999999998e-05,0.3865982853699999,-0.9512541051494721,1.0858106924192643
64337049,20260207,377.0536200000001,1.68,643.2280633900001,24.8117209317,0.5572734313096401,2.0542641151753283,358.45391000000006,50.96983,29053,24,0.01457971596326592,0.0466356775128704,0.950670915187076,0.1351792619924108,-0.6682896242204522,0.2227762972098199
64337173,20260207,1000.0,50.0,0.0091939599999998,0.0043254478,21.06274119095626,74.60855069140092,0.19365,0.32279,4589,5,0.09911447084233262,0.0104166666666666,0.00019365,0.00032279,-0.5787451761808748,0.4921710138280184
64337334,20260207,10.416666666666666,41.08,0.0392302699999997,0.1567227328,4.800884623022005,53.75088922078047,0.18834,8.42404,7363,22,0.44896341463414635,0.094683908045977,0.018080640000000002,0.8087077412807933,-0.8831332857102725,0.3084441778224836
64337357,20260207,53.10449999999998,41.77,8.366232929999999,0.6755237705297013,3.2647465386790278,78.61221695135406,27.313629999999996,53.10449981689455,188396,247,0.05297230423168846,0.068298225065334,0.5143373913698464,1.0000000000000002,-0.9218399200699299,0.8820257622655263
64337490,20260207,40.0,93.96,0.032838479999999406,0.0664433732,12.221333021504261,37.689722686706,0.40132999999999996,2.50427,12989,2,0.13544316996871741,0.005859375,0.010033249999999999,0.06260675,-0.8699304701840755,-0.5988748078549694
64337926,20260207,182.01762,1.0,58.044686819999995,86.11360911265965,2.293833204973437,2.113691711022676,133.14483,182.0176239013672,9463,57,0.00877097043284827,0.0321675785171233,0.7314941817171328,1.0,1.2938332049734371,1.113691711022676
64339571,20260207,192.88928000000004,1.0,22.06659899,21.257737306695475,8.037718004499794,9.073838403862975,177.36509999999998,192.88928222656253,28596,62,0.025937414965986394,0.0185560053981106,0.9195176631899914,1.0000000000000002,7.037718004499794,8.073838403862977
64340004,20260207,1000.0,46.01,0.0509443099999997,0.0785374430999999,16.1197590074339,96.69353886135288,0.82121,7.594160000000001,9731,7,0.2756657223796034,0.0176553672316384,0.00082121,0.00759416,-0.6496466201383634,1.1015766656983164
64340433,20260207,6.666666666666667,42.48,0.0154323599999996,0.0020442780999999,0.0,58.52993781139104,0.0,0.11971,1610,5,0.006948640483383686,0.0038498413013916,0.0,0.0179564978594186,-1.0,0.3778234096541558
64340578,20260207,170.38144000000003,1.0,62.611087510000004,52.90076342308037,2.638711873094568,3.22077461577564,165.21262000000002,170.38143920898432,18598,54,0.016979822879576372,0.2727272727272727,0.9696632450107241,0.9999999999999996,1.638711873094568,2.22077461577564
64340747,20260207,166.66666666666666,3.51,123.33174859,24.41992267958573,0.5481618542906285,6.82502836371507,67.60576,166.66667175292991,8121770,923,0.12690245796490943,0.3985319516407599,0.40563456000000003,1.000000000000001,-0.8438285315411315,0.9444525305580668
64340988,20260207,299.78013000000004,3.51,103.91702236,17.62383838702982,0.8185853296037418,17.009921292759334,85.06495000000001,299.78012084960915,66715,632,0.1213,0.2367212962202282,0.28375779942453155,0.9999999999999992,-0.7667848063807003,3.8461314356055967
64341120,20260207,465.08062,1.0,6.480922269999999,16.732055592400002,71.76148711933249,8.618697031870076,465.08061999999995,144.20852649000005,2575,49,0.009272596326971552,0.0534461281218679,0.9999999999999999,0.3100720992902855,70.76148711933249,7.6186970318700755
64341465,20260207,4.30407,13.0,0.716388269999999,0.0673240787775377,6.008012945270595,63.92966891434416,4.30407,4.304069995880127,1314,1,0.009977220956719818,1.0,1.0,0.9999997615814208,-0.5378451580561081,3.917666839564936
64343041,20260207,1000.0,8.01,0.38945017999999954,86.91975680277743,10.776628733359438,11.504864087047032,4.19696,1000.0,8214,416,0.01154949381327334,0.6148616664236609,0.00419696,1.0,0.3453968456129136,0.4363125790638167
64343632,20260207,1016.6666666666666,1.8,36.63088083999999,296.95562792716964,0.6298278793996921,3.423631640473343,23.071150000000003,1016.6666870117192,3502,411,0.005900589721988206,0.194495444445849,0.02269293442622951,1.0000000000000004,-0.6500956225557266,0.9020176284270062
64344108,20260207,51.07379,1.26,53.05406530999997,15.996460381853275,0.9595707643237722,3.192818104249321,50.90913,51.07379150390625,9039,33,0.009559010152284265,0.5892857142857143,0.9967760371807143,1.0,-0.23843590133033954,1.5339826415994149
64345690,20260207,1000.0,10.57,1.6606583499999985,17.4927332801,2.7788798340128205,54.940208826032986,4.61477,961.054474287,2239,821,0.003711254765456655,0.1865041056160518,0.00461477,0.961054474287,-0.7370974613043689,4.197749329447512
64347079,20260207,45.45454545454545,16.0,0.5146366499999981,1.1999933552000002,3.5692366643533964,19.275074003281443,1.8368599999999997,23.12998,24720,59,0.022186322024771138,0.0059731025395818,0.040410919999999996,0.5088595755291618,-0.7769227084779127,0.2046921252050901
64347573,20260207,1000.0,29.98,0.0034014999999999003,0.0,13.305894458327598,0.0,0.04526,0.0,1230,0,0.008161911081619112,0.0,4.5260000000000004e-05,0.0,-0.5561743009230288,-1.0
64348023,20260207,83.33333333333333,2.0,3.6624313799999992,26.52512937682992,1.3603504019780435,3.141674883123581,4.982189999999999,83.33333587646489,5329,97,0.053611670020120725,0.1273504418602457,0.05978628,1.0000000000000004,-0.31982479901097827,0.5708374415617907
64349849,20260207,82.42704000000005,2.5,55.3961432,21.940505119483586,1.3588158967716728,3.756843148978268,75.27316,82.42704010009767,5391,27,0.013948253557567918,0.0588235294117647,0.9132095487111992,1.0000000000000002,-0.4564736412913309,0.5027372595913073
64350561,20260207,1000.0,1.0,150.19925780000005,402.1668601736801,0.5822726508838978,2.4865300862473085,87.45692,1000.0000000000002,2474552,4071,0.0637802366610736,0.0774788802918337,0.08745692,1.0000000000000002,-0.4177273491161022,1.4865300862473083
64354510,20260207,1000.0,4.75,0.7790191499999997,10.718189381599998,0.8858447189648679,8.584734958147333,0.69009,92.012823657,2625,62,0.0030544565976262507,0.058495535997903,0.00069009,0.092012823657,-0.8135063749547647,0.8073126227678596
64354560,20260207,1000.0,10.0,2.4120214999999985,5.266357634763078,5.05597897862851,189.88452351099477,12.195129999999999,999.9999999999998,29162,200,0.001261534069033539,0.0081267634134806,0.012195129999999998,0.9999999999999998,-0.49440210213714897,17.988452351099475
64354939,20260207,475.21125,850.0,0.9187315999999973,0.0,515.0582716432104,0.0,473.20030999999994,0.0,30699,0,0.056588018433179725,0.0,0.9957683240874452,0.0,-0.39404909218445827,-1.0
64355215,20260207,1000.0,75.47,0.0034155599999999,0.0,42.1804916324129,0.0,0.14407,0.0,6490,0,0.4702898550724638,0.0,0.00014407,0.0,-0.44109591052851593,-1.0
64355482,20260207,71.01867,52.0,1.769471429999998,1.2576226342610897,25.128085848778046,56.47052678852099,44.46343,71.01866912841798,5344558,93,0.031197839261510298,0.0002917047855135,0.626080860145649,1.0000000000000002,-0.5167675798311915,0.085971669010019
64355555,20260207,26.31578947368421,3.26,1.0140940999999992,4.897549826435055,1.1852055938398622,5.373255145071554,1.2019099999999998,26.3157901763916,1608,69,0.028817204301075268,0.5786351789105766,0.04567258,0.9999999275207592,-0.6364400018896127,0.6482377793835505
64355932,20260207,1000.0,59.08,0.5550062099999994,0.0031184918,5.675954508689197,271.4833230207561,3.1501900000000003,0.8468899999999999,17561,1,0.1356061776061776,0.000400641025641,0.00315019,0.0008468899999999,-0.9039276488035004,3.595181357595256
64356924,20260207,289.6551724137931,1.4,93.63447074000001,121.16742417766848,0.6825761868988377,2.3905367425283024,63.91266,289.6551818847654,8551,110,0.006604618830617131,0.0452397518098683,0.22065085000000004,0.9999999999999992,-0.5124455807865445,0.7075262737420723
64359341,20260207,1000.0,65.73,0.0042773199999998,0.0,0.0,0.0,0.0,0.0,27012,0,0.04992053224912216,0.0,0.0,0.0,-1.0,-1.0
64364407,20260207,62.5,2.0,4.538046429999998,13.619872098223125,0.8006550959858737,4.588882697310438,3.6334099999999996,62.5,1243,58,0.002587965854674162,0.1618923611111111,0.058134559999999995,1.0,-0.5996724520070631,1.2944413486552189
64365263,20260207,41.66666666666666,2.8,7.127283669999999,4.5201267054605925,0.5786566370803649,9.21802892601829,4.12425,41.66666793823242,2368,10,0.032438356164383564,0.0950854700854701,0.09898200000000003,1.0,-0.7933369153284411,2.2921532439287104
