model,ad_id,period,budget,target_CPA,target_conversion,conversion,CPA,budget_used,win_rate,spend,total_win,trajectory_length,CPA_violation
best_model.pt,39801836,20260207,10.45719,1.15,[3.74633022],0.0,0.0,0.0,0.0,0.0,0,27,-1.0
best_model.pt,40094971,20260207,12.328767,1.53,[5.22223499],0.0,0.0,0.0,0.0,0.0,0,37,-1.0
best_model.pt,43248022,20260207,6.67476,1.18,[7.75141488],0.0,0.0,0.0,0.0,0.0,0,28,-1.0
best_model.pt,46398308,20260207,19.79101,1.49,[24.21141073],0.0,0.0,0.0,0.0,0.0,0,22,-1.0
best_model.pt,46573939,20260207,432.71964,80.19,[3.05107332],0.0,0.0,0.0,0.0,0.0,0,72,-1.0
best_model.pt,48623756,20260207,146.44096,1.33,[36.67160579],76.70369303163434,1.9091774600154405,0.9999999999999998,0.030409356725146195,146.44096374511716,52,19,0.4354717281290806
best_model.pt,49311445,20260207,431.85236,1.8,[279.38898166],127.45367248462017,3.388308427290191,0.9999999999999992,0.019581433899709906,431.8523559570309,189,19,0.8823936205831742
best_model.pt,49847522,20260207,937.1593,1.84,[756.13697984],323.6808284976726,2.8953191426635025,1.0000000000000004,0.039757243947661086,937.1593017578128,206,18,0.5735429837721951
best_model.pt,49902302,20260207,13.93352,5.21,[2.90565631],0.0,0.0,0.0,0.0,0.0,0,69,-1.0
best_model.pt,49990380,20260207,24.528301,1.48,[8.08145047],0.0,0.0,0.0,0.0,0.0,0,31,-1.0
best_model.pt,50103278,20260207,969.91003,1.21,[753.35619906],637.3001072539123,1.521904706460926,0.9999999999999992,0.011348486326537248,969.9100341796867,349,17,0.25777244502538416
best_model.pt,50250900,20260207,29.411764,1.1,[1.50838678],0.0,0.0,0.0,0.0,0.0,0,41,-1.0
best_model.pt,51094622,20260207,377.10074,304.69,[3.04871814],0.0,0.0,0.0,0.0,0.0,0,72,-1.0
best_model.pt,51225207,20260207,105.26316,2.7,[3.96279239],0.0,0.0,0.0,0.0,0.0,0,72,-1.0
best_model.pt,51225953,20260207,54.45402,1.07,[16.52033907],0.0,0.0,0.0,0.0,0.0,0,31,-1.0
best_model.pt,51316356,20260207,1083.6785,6.0,[160.74719048],104.73734422105015,10.346629127459275,1.0,0.03791257805530776,1083.678466796875,170,19,0.7244381879098792
best_model.pt,51711872,20260207,117.17214,1.34,[105.968494],56.26535515533702,2.0824917859814196,0.9999999999999988,0.041834869094632146,117.17214202880845,218,20,0.5540983090356657
best_model.pt,51815043,20260207,131.59317,7.1,[23.00516249],8.783338160637571,14.982134671031359,1.0,0.003047053966668499,131.59317016601562,30,17,1.110159841165054
best_model.pt,51865028,20260207,10.87915,6.1,[1.49543616],0.0,0.0,0.0,0.0,0.0,0,72,-1.0
best_model.pt,51867779,20260207,240.31079,6.1,[60.62360374],30.026951963750484,8.00316939603349,0.9999999999999999,0.020027945971122497,240.31079101562497,43,19,0.31199500346804654
best_model.pt,51981983,20260207,9.803922,7.0,[1.88451035],0.0,0.0,0.0,0.0,0.0,0,67,-1.0
best_model.pt,52099940,20260207,736.64813,5.0,[182.11165784],80.2032292896186,9.184768863599867,1.0,0.01636756397474244,736.6481323242188,788,17,0.8369537727199734
best_model.pt,52158782,20260207,402.12405,1.34,[294.70586683],144.65496413135617,2.779884213375761,1.0000000000000002,0.039442168471195325,402.1240539550782,267,19,1.0745404060675405
best_model.pt,52697878,20260207,256.73526,1.7,[146.14289987],47.94626082322996,5.35464601925186,1.0000000000000004,0.08897369481550131,256.73526000976574,141,21,2.1497916876812284
best_model.pt,52816063,20260207,1000.0,20.92,[0.02518664],2.1651315758000003,34.59774956382142,0.07490871463000001,0.013222777776437843,74.90871463,99,72,0.6538121146102087
best_model.pt,52880899,20260207,73.77049,8.0,[2.41228638],0.0,0.0,0.0,0.0,0.0,0,68,-1.0
best_model.pt,52881127,20260207,73.77049,8.1,[4.14286714],0.0,0.0,0.0,0.0,0.0,0,68,-1.0
best_model.pt,52896858,20260207,237.28813,6.1,[3.67395475],0.0,0.0,0.0,0.0,0.0,0,67,-1.0
best_model.pt,52964940,20260207,0.64461,18.58,[0.0552909],0.004785505799999999,9.443214296324474,0.07011980858044428,0.0013227513227513227,0.045200000000000004,2,63,-0.4917538032776867
best_model.pt,53225658,20260207,121.21212,5.1,[4.51230342],0.0,0.0,0.0,0.0,0.0,0,65,-1.0
best_model.pt,53375682,20260207,125.0,2.2,[2.06456001],0.0,0.0,0.0,0.0,0.0,0,72,-1.0
best_model.pt,53566239,20260207,136.80566,1.01,[212.67307573],104.69835126882201,1.3066649197232798,0.9999999999999998,0.010256410256410256,136.80566406249997,68,17,0.29372765550616653
best_model.pt,53572696,20260207,22.93578,1.09,[42.935085],0.0,0.0,0.0,0.0,0.0,0,34,-1.0
best_model.pt,53577684,20260207,121.21212,5.0,[14.21841216],11.916562487842622,10.171734508846788,1.0000000000000007,0.013541666666666665,121.21212005615243,195,20,1.0343469017693576
best_model.pt,53730651,20260207,61.29961,2.47,[50.53852614],10.217225979639917,5.999632802529735,1.0,0.02437999983657327,61.29961013793945,30,19,1.4290011064920876
best_model.pt,53731452,20260207,194.17476,79.32,[0.03636728],0.12305034171879661,1577.9979007044976,1.0,0.00312937675070028,194.1747589111328,2,16,18.894073459098426
best_model.pt,53763548,20260207,488.99796,2.04,[373.13468654],134.03708149739222,3.648228879733927,0.9999999999999991,0.0310826694527883,488.99795532226517,238,19,0.7883475235068486
best_model.pt,53841870,20260207,200.65753,1.98,[20.96828807],58.68706380926756,3.4191100268929193,1.0000000000000002,0.043137254901960784,200.6575317382813,44,20,0.726823229270899
best_model.pt,53849804,20260207,55.555557,2.48,[0.25223668],7.626023757788143,7.284995658352663,0.9999999999999998,0.10369843873397729,55.55555725097655,58,5,1.937498226743682
best_model.pt,53854143,20260207,571.02985,1.09,[366.8150792],245.65701825984982,2.324500427107214,0.9999999999999996,0.06680585216587512,571.029846191406,218,20,1.1325691338761832
best_model.pt,53919091,20260207,88.28999,2.0,[52.92278121],20.619941891818083,4.281776809438495,0.9999999999999999,0.0005065581709692716,88.2899932861328,22,17,1.1408884047192474
best_model.pt,54113091,20260207,148.76033,4.6,[7.87243864],12.580616809049264,11.824564775602015,1.0,0.005944228522451119,148.7603302001953,56,23,1.5705576132064114
best_model.pt,54524974,20260207,38.623596,1100.0,[0.00395512],0.0,0.0,0.0,0.0,0.0,0,66,-1.0
best_model.pt,54547571,20260207,31.74728,6.5,[5.58273037],0.0,0.0,0.0,0.0,0.0,0,66,-1.0
best_model.pt,54562194,20260207,194.17476,79.32,[0.32789658],0.0,0.0,0.0,0.0,0.0,0,72,-1.0
best_model.pt,54801379,20260207,897.71515,5.26,[164.47739424],168.95291986000927,5.31340413859793,1.0000000000000004,0.04463745570823611,897.7151489257817,227,21,0.010152834104998967
best_model.pt,54805715,20260207,112.676056,5.1,[1.75252787],0.0,0.0,0.0,0.0,0.0,0,71,-1.0
best_model.pt,54852798,20260207,100.0,5.0,[32.09324797],11.121453452419185,8.99162968547226,0.9999999999999999,0.01592039800995025,99.99999999999999,96,18,0.798325937094452
best_model.pt,54858966,20260207,83.333336,1.76,[0.26597369],9.457084603016964,8.811735388107321,1.0,0.2566923682792356,83.33333587646484,55,5,4.006667861281038
best_model.pt,55104462,20260207,55.91231,6.5,[8.17849854],5.150613267766189,10.855464736287491,1.0,0.01675593673326323,55.91231155395508,40,24,0.6700714978903832
best_model.pt,55113470,20260207,420.41623,3.33,[34.42696221],58.530245551191854,7.1828884042089545,1.0000000000000004,0.013211918681672583,420.4162292480471,366,18,1.1570235942272658
best_model.pt,55199224,20260207,78.07889,6.5,[6.50898521],0.0,0.0,0.0,0.0,0.0,0,72,-1.0
best_model.pt,55242717,20260207,498.57053,3.59,[22.04998379],64.39263318051067,7.742663931489643,1.0000000000000004,0.05881400677425782,498.5705261230471,179,21,1.1567309517000963
best_model.pt,55272899,20260207,18.072289,2.35,[6.39534194],0.0,0.0,0.0,0.0,0.0,0,53,-1.0
best_model.pt,55273179,20260207,148.76033,4.1,[10.45811196],18.673040517304393,7.9665827370617945,1.0000000000000004,0.038431710001402886,148.76033020019537,352,22,0.9430690054554378
best_model.pt,55397530,20260207,472.23608,4.1,[128.75972989],72.28305269906905,6.533150715386239,0.9999999999999997,0.014954787850683979,472.23608398437483,129,19,0.5934514310608804
best_model.pt,55642709,20260207,64.70373,5.6,[4.89112802],0.0,0.0,0.0,0.0,0.0,0,64,-1.0
best_model.pt,55644105,20260207,390.48068,1.47,[288.68249237],106.72134529334298,3.658880776295121,1.0000000000000007,0.10452384648937978,390.48068237304716,138,21,1.4890344932539272
best_model.pt,55659771,20260207,110.68762,1.52,[65.454795],0.0,0.0,0.0,0.0,0.0,0,40,-1.0
best_model.pt,55774064,20260207,28.10267,9.1,[2.37391606],0.0,0.0,0.0,0.0,0.0,0,72,-1.0
best_model.pt,55775102,20260207,530.4762,3.15,[118.12669098],75.43152184105847,7.032553186110629,0.9999999999999998,0.07082993078443836,530.4761962890624,358,23,1.2325564994277618
best_model.pt,55954706,20260207,1000.0,33.01,[0.71305768],1.6388991504000001,13.924118558675067,0.02282024,0.1468831168831169,22.82024,24,55,-0.5781848147022766
best_model.pt,55963763,20260207,1000.0,22.5,[21.29788474],23.14744650770022,43.20130760280762,0.9999999999999998,0.01849624072030736,999.9999999999998,223,20,0.9200581156803386
best_model.pt,55968571,20260207,246.66495,4.1,[98.12811472],34.294567576392765,7.192536828690755,1.0,0.029894736842105262,246.66494750976562,71,19,0.754277316095531
best_model.pt,56069198,20260207,355.1182,6.0,[32.74950256],35.31988722439691,10.05434083833774,0.9999999999999999,0.028651685393258425,355.11819458007807,51,20,0.6757234730562901
best_model.pt,56094571,20260207,305.08475,6.1,[0.99213791],22.601453200418646,13.498456542181339,0.9999999999999997,0.20733894400041675,305.084747314453,274,28,1.2128617628223413
best_model.pt,56096389,20260207,23.9461,3.1,[14.66979506],0.0,0.0,0.0,0.0,0.0,0,67,-1.0
best_model.pt,56107853,20260207,1000.0,2.71,[7.08487496],0.0,0.0,0.0,0.0,0.0,0,72,-1.0
best_model.pt,56227729,20260207,125.0,1.4,[142.7010595],38.897972968996825,3.2135349799871205,0.9999999999999979,0.030744177639474034,124.99999999999973,314,17,1.2953821676523543
best_model.pt,56235388,20260207,53.333332,4.5,[1.47756882],0.0,0.0,0.0,0.0,0.0,0,51,-1.0
best_model.pt,56704977,20260207,70.42254,17.31,[3.39728226],0.0,0.0,0.0,0.0,0.0,0,72,-1.0
best_model.pt,56718065,20260207,49.68944,8.1,[2.83481153],0.0,0.0,0.0,0.0,0.0,0,70,-1.0
best_model.pt,56771422,20260207,642.421,1.81,[106.68609125],173.07796522006942,3.711743525406182,1.0,0.03791424581702117,642.4210205078125,274,20,1.0506870954405738
best_model.pt,56864799,20260207,6.76347,5.22,[1.4825993],0.0,0.0,0.0,0.0,0.0,0,27,-1.0
best_model.pt,56938464,20260207,749.1659,1.65,[690.00034266],397.45521824092185,1.8849064178487314,1.0000000000000009,0.005384651402350517,749.1658935546882,230,18,0.14236754247569455
best_model.pt,56963719,20260207,31.25,7.0,[2.4867074],0.0,0.0,0.0,0.0,0.0,0,72,-1.0
best_model.pt,57191417,20260207,1000.0,29.87,[3.46262764],0.0,0.0,0.0,0.0,0.0,0,72,-1.0
best_model.pt,57222417,20260207,5.5555553,1.52,[0.38508526],0.11365578978806566,48.8801008192058,0.9999998211860657,1.0,5.55555534362793,1,1,31.15796146879621
best_model.pt,57240198,20260207,36.39775,4.14,[14.11884913],2.5999296074368172,13.999508583183102,0.9999999999999998,0.00819672131147541,36.39775085449218,19,19,2.3815239214167283
best_model.pt,57326971,20260207,40.0,4.1,[0.33055519],3.961624170714579,10.09686638092139,1.0,0.03245742092457421,40.0,12,4,1.4626503940922033
best_model.pt,57339315,20260207,166.66667,6.0,[0.75598828],2.476125649261769,67.30942934708922,1.0000000000000007,0.06950219978844835,166.6666717529298,35,9,10.21823822451487
best_model.pt,57374168,20260207,122.44898,13.0,[0.78899592],0.638842978,149.00693013967802,0.7774027865285145,0.003514840984203729,95.19218000000001,9,72,10.462071549206001
best_model.pt,57424010,20260207,5.58992,7.1,[0.90239374],0.4742336881994494,11.787244128363621,0.9999998293939545,0.020146520146520148,5.5899200439453125,4,13,0.660175251646517
best_model.pt,57429522,20260207,6.8627453,6.0,[4.83043373],0.0,0.0,0.0,0.0,0.0,0,61,-1.0
best_model.pt,57449176,20260207,1000.0,43.65,[0.10294381],0.14857336,58.40704950706165,0.00867779,1.3629920401264855e-05,8.67779,1,72,0.3380766887816416
best_model.pt,57521810,20260207,626.1568,4.5,[311.66269259],28.484059026052666,21.982708881518214,0.9999999999999994,0.015401230221031825,626.1567993164059,438,17,3.8850464181151585
best_model.pt,57574306,20260207,21.73913,1.94,[0.15081066],3.52141920292762,6.17339844931549,0.9999999122619693,0.2621042271904341,21.73913002014161,41,6,2.1821640552735064
best_model.pt,57575512,20260207,5.524862,1.87,[3.95347499],0.0,0.0,0.0,0.0,0.0,0,72,-1.0
best_model.pt,57579039,20260207,69.34497,5.0,[24.4980702],8.450338537593527,8.20617566840077,1.0000000000000002,0.019117647058823527,69.34497070312501,13,20,0.6412351336801538
best_model.pt,57611618,20260207,143.08836,5.6,[37.39685107],14.308202759049328,10.000442127961998,1.000000000000001,0.08306602950161474,143.0883636474611,221,19,0.7857932675479492
best_model.pt,57654377,20260207,2386.3882,430.5,[3.73110848],0.0,0.0,0.0,0.0,0.0,0,72,-1.0
best_model.pt,57655917,20260207,1468.0747,8.5,[19.98186521],74.89891361614801,19.60074741476613,1.0000000000000013,0.026087346004058053,1468.074707031252,552,20,1.3059702840901328
best_model.pt,57664872,20260207,118.42105,6.1,[0.38507583],7.5616753320499726,15.660687633966296,1.0,0.055418496918216494,118.42105102539062,52,9,1.567325881771405
best_model.pt,57699816,20260207,73.77049,11.1,[1.97007807],0.0,0.0,0.0,0.0,0.0,0,57,-1.0
best_model.pt,57724669,20260207,420.41623,3.33,[20.02183388],51.33120349623632,8.190266201115007,1.0000000000000002,0.0784394533892572,420.41622924804693,929,20,1.4595394560849777
best_model.pt,57795555,20260207,577.2744,290.0,[1.13314948],0.5934529103999999,759.6744618232107,0.7809661558137054,0.0012733176527948658,450.83177999999987,299,67,1.6195671097352091
best_model.pt,57813819,20260207,1.3888888,2.63,[0.74368292],0.2623273922196877,5.294466314358583,0.9999993133549375,0.16666666666666666,1.3888888359069824,2,1,1.0131049748961982
best_model.pt,57813830,20260207,1.3888888,2.63,[0.57066887],0.2687240623925931,5.1684380442263675,0.9999992847442627,0.14285714285714285,1.3888888359069824,1,1,0.9651854826345008
best_model.pt,57847622,20260207,168.9004,1.57,[10.61840298],0.0,0.0,0.0,0.0,0.0,0,57,-1.0
best_model.pt,57855436,20260207,247.62653,1.18,[69.28976918],99.73551318737665,2.4828319971728576,1.0,0.059576023391812866,247.62652587890625,55,19,1.1040950063873158
best_model.pt,57863659,20260207,66.666664,5.0,[9.79001159],0.0,0.0,0.0,0.0,0.0,0,70,-1.0
best_model.pt,57922732,20260207,90.90909,6.8,[5.45156222],0.0,0.0,0.0,0.0,0.0,0,71,-1.0
best_model.pt,57950075,20260207,3.5460992,3.69,[1.46942648],0.0,0.0,0.0,0.0,0.0,0,23,-1.0
best_model.pt,57950895,20260207,56.603775,2.13,[18.7517804],0.0,0.0,0.0,0.0,0.0,0,69,-1.0
best_model.pt,57951243,20260207,373.10922,2.23,[167.37513284],105.53489160410156,3.535411020995427,1.0000000000000002,0.04379331525392301,373.10922241210943,183,20,0.5853860945096803
best_model.pt,57959122,20260207,1000.0,19.0,[2.9014034],0.0,0.0,0.0,0.0,0.0,0,72,-1.0
best_model.pt,57999311,20260207,1210.1339,2.2,[396.09265346],0.0,0.0,0.0,0.0,0.0,0,27,-1.0
best_model.pt,58085427,20260207,79.19066,1.9,[23.32713406],28.365496515109303,2.7917951563216494,1.0,0.02324598478444632,79.19065856933594,55,26,0.4693658901863485
best_model.pt,58112502,20260207,101.0101,2.4,[28.53483384],21.389183072577776,4.722485017456109,1.0000000000000002,0.02791461412151067,101.0101013183594,34,21,0.9677020124172592
best_model.pt,58114863,20260207,203.00613,2.08,[69.8970629],37.58535703619376,5.401202612935421,0.9999999999999997,0.04589336420357839,203.00613403320307,197,19,1.5967321206972882
best_model.pt,58134130,20260207,8.695652,2.0,[4.70832875],0.0,0.0,0.0,0.0,0.0,0,72,-1.0
best_model.pt,58199587,20260207,142.85715,21.02,[0.49786683],1.7474682876035348,81.7508772430044,1.0000000000000002,0.005204703568322222,142.8571472167969,95,13,2.8891948364734676
best_model.pt,58240026,20260207,50.0,2.23,[29.81980199],11.356632471216438,4.4027131919618405,1.0,0.05497433089734739,50.0,167,19,0.9743108315268385
best_model.pt,58246735,20260207,46.6873,11.42,[3.30264874],0.0,0.0,0.0,0.0,0.0,0,72,-1.0
best_model.pt,58283047,20260207,420.41623,3.33,[11.93555116],29.54597471523194,14.229221376883087,1.0,0.12675463213740015,420.4162292480469,380,24,3.273039550417457
best_model.pt,58416741,20260207,1.99049,35.0,[0.04714194],0.0,0.0,0.0,0.0,0.0,0,72,-1.0
best_model.pt,58417305,20260207,1.0332358,52.0,[0.00749337],0.0214456458,37.38952969512837,0.7760854481738391,1.894973485882577e-05,0.80188,2,72,-0.28097058278599296
best_model.pt,58419221,20260207,46.08295,52.0,[0.94974251],0.0,0.0,0.0,0.0,0.0,0,72,-1.0
best_model.pt,58432699,20260207,116.6156,35.0,[8.01935741],3.0230646130365812,38.5752793730469,0.9999999999999992,0.03012948679343244,116.61560058593741,123,44,0.10215083922991133
best_model.pt,58435300,20260207,48.31349,57.2,[1.78000805],0.0,0.0,0.0,0.0,0.0,0,60,-1.0
best_model.pt,58492787,20260207,23.529411,2.9,[9.26852865],0.0,0.0,0.0,0.0,0.0,0,50,-1.0
best_model.pt,58502564,20260207,145.41257,15.28,[23.00082211],1.9810781345192718,73.40068582063867,0.9999999999999998,0.004958938790028141,145.41256713867185,47,18,3.8037098889638483
best_model.pt,58511427,20260207,758.94135,2.46,[105.64210955],197.88321420159673,3.8352992417353846,1.0000000000000002,0.050321477579567085,758.9413452148439,315,20,0.5590647082364983
best_model.pt,58544782,20260207,11.09661,52.0,[0.71044634],0.14700409509999998,23.641493498139308,0.31319652394883307,1.761671504997548e-05,3.47542,5,72,-0.5453558942665517
best_model.pt,58588021,20260207,11.049724,1.2,[0.68905492],5.3363859933578475,2.0706376128524027,0.9999999136924806,0.7616666666666667,11.049723625183104,18,5,0.7255312754772164
best_model.pt,58685108,20260207,72.20216,4.15,[2.4162877],0.0,0.0,0.0,0.0,0.0,0,72,-1.0
best_model.pt,58706858,20260207,4537.195,1.35,[4585.60332748],2032.4993364852871,2.2323229043864794,1.0000000000000004,0.014864443003626058,4537.194824218752,1238,18,0.6535724925646215
best_model.pt,58729786,20260207,38.08811,4.36,[24.69978859],5.378944818154982,7.080962174574552,0.9999999999999997,0.0170610897083104,38.08811187744139,31,23,0.6240738435177293
best_model.pt,58732112,20260207,510.68414,1.1,[412.91477558],362.77890386396643,1.4077007682072937,1.0000000000000002,0.011644832605531294,510.6841430664063,240,18,0.2797279433601836
best_model.pt,58772389,20260207,376.457,2.05,[336.02838801],101.81171609787576,3.6975803125932774,0.9999999999999997,0.03734195824757424,376.45700073242176,127,19,0.803697755414775
best_model.pt,58803527,20260207,159.76765,7.1,[11.84005197],13.06468684224543,12.228968372464845,1.0000000000000002,0.014127764127764127,159.76765441894534,23,22,0.7223899347499647
best_model.pt,58804408,20260207,32.35294,13.15,[1.08304772],0.0,0.0,0.0,0.0,0.0,0,67,-1.0
best_model.pt,58886517,20260207,125.0,7.74,[1.43611951],0.0,0.0,0.0,0.0,0.0,0,72,-1.0
best_model.pt,58921051,20260207,5945.7593,16.88,[258.68405894],558.0903363846645,10.653757786251798,1.0000000000000022,0.03460484491315249,5945.759277343763,921,27,-0.3688531803358241
best_model.pt,58958928,20260207,51.95611,9.9,[0.32900801],3.4025150094342003,15.269908488072458,1.0000000000000002,0.006543218787045413,51.956108093261726,16,8,0.5424150582279907
best_model.pt,58963446,20260207,1893.6837,9.9,[160.69248167],105.4172231753862,17.963703091533937,0.9999999999999993,0.16071060180936467,1893.6837158203111,638,21,0.8145155337087556
best_model.pt,59027737,20260207,156.41592,8.2,[0.77327443],12.451033905667192,12.562483782056674,1.0,0.0038950486202847844,156.41592407226562,47,11,0.5320102529590781
best_model.pt,59090324,20260207,15.0,2.14,[6.87939276],0.0,0.0,0.0,0.0,0.0,0,57,-1.0
best_model.pt,59168672,20260207,114.30078,2.51,[41.7285722],23.722446899838285,4.818254074478514,1.0000000000000007,0.03144386216443368,114.30078125000009,72,20,0.9196231445360424
best_model.pt,59180301,20260207,127.4666,11.1,[19.23594044],7.554547508851941,16.872828119560676,1.0000000000000002,0.005357705641348881,127.4665985107422,34,19,0.5200745531259686
best_model.pt,59183637,20260207,42.81511,27.0,[3.81456357],0.0,0.0,0.0,0.0,0.0,0,72,-1.0
best_model.pt,59191554,20260207,38.46154,2.13,[19.65786739],0.0,0.0,0.0,0.0,0.0,0,67,-1.0
best_model.pt,59250609,20260207,59.701492,6.1,[4.1823461],0.0,0.0,0.0,0.0,0.0,0,71,-1.0
best_model.pt,59252106,20260207,75.31489,12.1,[1.33867442],0.0,0.0,0.0,0.0,0.0,0,71,-1.0
best_model.pt,59252315,20260207,40.94131,1.5,[4.90639966],0.0,0.0,0.0,0.0,0.0,0,29,-1.0
best_model.pt,59262247,20260207,107.01659,1.61,[75.86964478],2.847384240408307,37.58416135091191,0.9999999999999999,0.0007902813059933662,107.01658630371092,10,16,22.34419938942265
best_model.pt,59265523,20260207,41.273586,3.61,[2.39599891],0.0,0.0,0.0,0.0,0.0,0,72,-1.0
best_model.pt,59284251,20260207,112.676056,19.0,[2.13421797],0.0,0.0,0.0,0.0,0.0,0,72,-1.0
best_model.pt,59289693,20260207,12.224939,8.5,[0.45864554],0.8981484572070265,13.611252835724407,0.99999992198945,0.01964085297418631,12.224939346313477,6,9,0.6013238630264008
best_model.pt,59313228,20260207,34.48847,8.56,[2.08560915],2.4733355918514155,13.944106226298004,0.9999999999999998,0.019547325102880656,34.48846817016601,9,30,0.6289842923772188
best_model.pt,59335998,20260207,1000.0,22.43,[3.71101974],0.0,0.0,0.0,0.0,0.0,0,47,-1.0
best_model.pt,59370907,20260207,40.816326,1.39,[8.33626756],0.0,0.0,0.0,0.0,0.0,0,40,-1.0
best_model.pt,59397478,20260207,1428.6078,2.5,[414.76037314],178.02695071382084,8.024671401341731,1.0000000000000042,0.06228639709664131,1428.6077880859434,602,21,2.2098685605366923
best_model.pt,59437197,20260207,152.54237,5.0,[16.15108739],17.355565539624344,8.789247721124998,0.9999999999999998,0.016190476190476193,152.54237365722653,17,21,0.7578495442249995
best_model.pt,59469459,20260207,28.45757,1.45,[9.77569587],5.009418461825105,5.680811786511159,0.9999999329757049,0.03862907146329606,28.457569122314446,83,22,2.917801103238513
best_model.pt,59469464,20260207,74.94802,1.45,[77.3941579],16.63352709272711,4.5058402833869655,0.9999999999999998,0.03573038849521195,74.94802093505858,68,19,2.107475955317907
best_model.pt,59473467,20260207,1000.0,9.99,[0.24184204],17.919107220700003,16.357082957477107,0.29310433968999994,0.02035044267595755,293.10433968999996,40,72,0.6373456789024817
best_model.pt,59473469,20260207,1000.0,10.59,[0.51064411],38.5973985562,17.612582915337935,0.6797999,0.009527142251664076,679.7999,162,72,0.6631333958039582
best_model.pt,59474185,20260207,28.301888,20.0,[0.08119878],0.0037251068999999996,16.82721448490917,0.0022153997943570648,0.00024305899692484862,0.0627,5,67,-0.15863927575454148
best_model.pt,59506934,20260207,32.65375,1.62,[16.70791342],7.325483680616472,4.457555069317687,0.9999999999999998,0.19755939335495745,32.65375137329101,71,25,1.7515771951834225
best_model.pt,59718544,20260207,379.84543,4.15,[77.63524504],74.51611500813311,5.097493653927675,1.0000000000000002,0.42415149753859427,379.84542846679693,282,31,0.22831169561126338
best_model.pt,59764696,20260207,91.22524,4.15,[9.14023838],0.0,0.0,0.0,0.0,0.0,0,72,-1.0
best_model.pt,59770476,20260207,861.02747,3.68,[196.11851472],100.99906238401343,8.525103470975335,0.9999999999999979,0.09604312672929403,861.0274658203107,614,24,1.3166041620449247
best_model.pt,59789974,20260207,7.079646,270.0,[0.04869297],0.0,0.0,0.0,0.0,0.0,0,38,-1.0
best_model.pt,59790006,20260207,10.65812,1.49,[13.26618954],0.0,0.0,0.0,0.0,0.0,0,46,-1.0
best_model.pt,59818654,20260207,106.38298,1.5,[6.13386325],0.0,0.0,0.0,0.0,0.0,0,66,-1.0
best_model.pt,59851958,20260207,3043.8813,91.58,[15.83764677],0.0,0.0,0.0,0.0,0.0,0,67,-1.0
best_model.pt,59870194,20260207,41.35039,1.2,[2.54673699],0.0,0.0,0.0,0.0,0.0,0,72,-1.0
best_model.pt,59873387,20260207,1000.0,5.3,[0.1523253],18.4877785936,12.778568556809429,0.236247359,0.12701893622946253,236.247359,58,60,1.4110505843279293
best_model.pt,59941171,20260207,6.730769,6.6,[3.20128956],0.0,0.0,0.0,0.0,0.0,0,43,-1.0
best_model.pt,59942526,20260207,81.56947,1.36,[71.78132874],44.6931240763805,1.8251011341721897,1.0000000000000002,0.03699494949494949,81.56947326660158,31,20,0.34198611395215023
best_model.pt,59978838,20260207,57.75445,45.0,[0.23929871],0.3638259985452716,158.74152270896553,1.0000000000000002,0.00028206145444749104,57.75445175170899,3,34,2.5275893935325673
best_model.pt,59985139,20260207,83.23513,1.16,[22.09075142],39.99845392626409,2.0809586386149155,0.9999999999999998,0.09545454545454546,83.23513031005858,19,22,0.7939299124946434
best_model.pt,59998752,20260207,1236.131,28.8,[17.71599115],7.346013108328144,168.27233969560672,1.0000000000000004,0.042318817411138514,1236.130981445313,759,22,4.842789727545192
best_model.pt,59999397,20260207,869.56525,6.5,[1.29081363],0.0,0.0,0.0,0.0,0.0,0,72,-1.0
best_model.pt,60033250,20260207,48.95666,1.24,[42.91878264],28.271222550109073,1.7316781899302112,1.0000000000000002,0.046478528069977,48.95666122436524,36,21,0.3965146585580722
best_model.pt,60078895,20260207,1000.0,25.95,[13.76798323],30.480121138641067,32.80826748171896,0.9999999999999999,0.027460444478315908,999.9999999999999,470,21,0.2642877270575711
best_model.pt,60081691,20260207,71.942444,3.08,[5.71850071],0.0,0.0,0.0,0.0,0.0,0,53,-1.0
best_model.pt,60083626,20260207,1000.0,36.35,[1.28636283],0.0,0.0,0.0,0.0,0.0,0,72,-1.0
best_model.pt,60134489,20260207,1000.0,300.0,[1.66524709],0.0,0.0,0.0,0.0,0.0,0,72,-1.0
best_model.pt,60140024,20260207,353.31128,2.21,[162.60997766],116.2855235640687,3.038308341656182,0.9999999999999993,0.011516635139646157,353.3112792968748,207,19,0.3748001308650311
best_model.pt,60144222,20260207,258.7111,2.07,[162.6888179],78.01048342531448,3.316363075985959,1.0,0.07365853658536585,258.7110900878906,115,20,0.6021078178445383
best_model.pt,60145854,20260207,131.14754,12.1,[3.257562],0.0,0.0,0.0,0.0,0.0,0,72,-1.0
best_model.pt,60163679,20260207,26.84824,1.81,[10.12757826],0.0,0.0,0.0,0.0,0.0,0,51,-1.0
best_model.pt,60190295,20260207,30.120481,3.0,[5.84173005],0.0,0.0,0.0,0.0,0.0,0,50,-1.0
best_model.pt,60191018,20260207,70.42254,15.06,[0.48831325],0.9479428657503864,74.28977738210078,1.0000000000000002,0.004450234677909841,70.42253875732423,8,13,3.9329200074478865
best_model.pt,60222062,20260207,4.57056,2.5,[3.51266315],0.0,0.0,0.0,0.0,0.0,0,69,-1.0
best_model.pt,60257685,20260207,166.66667,1.14,[50.54195872],82.42002378202287,2.022162359131957,1.0000000000000002,0.043214997070884595,166.66667175292972,90,20,0.7738266530760971
best_model.pt,60279269,20260207,5340.282,2.29,[1368.9938361],1151.8780210270377,4.636152547788733,0.9999999999999994,0.028689621346666996,5340.282226562497,1921,19,1.0245207969511232
best_model.pt,60280132,20260207,5.1546392,2.4,[1.06686944],4.448239410558897,1.158804104167548,0.9999998149872191,0.030216498552736476,5.154639244079589,4,17,-0.517164975782995
best_model.pt,60299590,20260207,833.3333,5.11,[75.82956021],56.18453738404735,14.832075459836705,1.000000000000001,0.006029073371037529,833.3333129882822,479,16,1.9025587225642477
best_model.pt,60300280,20260207,125.0,6.5,[24.16439599],4.40878525693578,28.352474516847685,1.0,0.1111111111111111,125.0,15,16,3.3619191564381055
best_model.pt,60319297,20260207,48.387096,10.0,[4.14991009],0.0,0.0,0.0,0.0,0.0,0,72,-1.0
best_model.pt,60363119,20260207,139.53488,8.1,[17.93302136],10.495489802277445,13.294745736094475,0.9999999999999998,0.024227234753550545,139.53488159179685,29,21,0.6413265567874176
best_model.pt,60371761,20260207,2164.619,2.47,[1172.70721924],501.38207051846047,4.317304146773181,1.000000000000001,0.02885205647636587,2164.6188964843773,893,19,0.7478963954516049
best_model.pt,60374272,20260207,402.23785,1.94,[310.88510179],147.37761656662994,2.729300830379169,1.0000000000000009,0.011265815471719913,402.23785400390665,195,19,0.40685605663825747
best_model.pt,60394559,20260207,1.0332358,52.0,[0.00042083],0.0,0.0,0.0,0.0,0.0,0,72,-1.0
best_model.pt,60395737,20260207,17.62395,52.0,[0.86062898],0.628743382181669,28.030388104224947,0.9999998917751963,6.51323867238783e-05,17.62394905090332,35,35,-0.460954074918751
best_model.pt,60491784,20260207,521.9422,19.24,[26.43604857],4.635962523614919,112.58548455964628,0.9999999999999991,0.0881637014302868,521.9421997070308,395,23,4.8516364812359445
best_model.pt,60503054,20260207,4002.5583,900.0,[5.13500105],1.0646163939063369,3759.6214118980597,1.0,0.0005133905499453613,4002.558349609375,66,39,3.1773571243311776
best_model.pt,60504423,20260207,65.78731,2.35,[8.57009342],0.0,0.0,0.0,0.0,0.0,0,41,-1.0
best_model.pt,60505342,20260207,1287.7825,483.0,[2.49494261],0.0,0.0,0.0,0.0,0.0,0,72,-1.0
best_model.pt,60518154,20260207,2168.2776,1.63,[1459.57807967],620.7811973165088,3.4928209710132316,1.0000000000000004,0.039885810783643595,2168.277587890626,992,19,1.1428349578104693
best_model.pt,60518258,20260207,19.23077,2.22,[8.53345634],0.0,0.0,0.0,0.0,0.0,0,35,-1.0
best_model.pt,60537191,20260207,62.5,9.0,[0.76059261],2.2977364920598506,27.200670318510003,1.0,0.14791666666666664,62.5,7,16,2.022296702056667
best_model.pt,60547751,20260207,192.36432,54.68,[2.49529176],0.0,0.0,0.0,0.0,0.0,0,72,-1.0
best_model.pt,60547769,20260207,21.234762,54.68,[0.07174513],0.1273638294,35.52000989057973,0.2130468687517582,5.389531435970151e-05,4.523999999999999,11,72,-0.3504021636368288
best_model.pt,60548432,20260207,148.9186,1.73,[121.7384681],25.33924973139985,5.876992810044492,1.0,0.05328983143012506,148.91859436035156,35,19,2.3971056330923957
best_model.pt,60566933,20260207,14.03152,5.9,[0.88416029],0.243608571611891,57.598393187054235,0.999999932033432,0.21428571428571427,14.031519889831543,2,7,8.76243936542974
best_model.pt,60580455,20260207,27.137043,15.0,[0.16572463],0.18123966281673276,149.72932992806398,0.9999999297142103,0.003822055137844611,27.137042999267578,2,19,8.981955328537598
best_model.pt,60619154,20260207,346.15384,8.8,[0.7949494],14.778790572399998,15.945296939574563,0.6807730939370308,0.11492443933523042,235.65222003000002,361,69,0.8119655220419962
best_model.pt,60632826,20260207,103.90999,7.7,[23.06585736],7.342288449353713,14.152259880256654,0.9999999999999998,0.019661222020568664,103.90998840332028,65,19,0.8379558741323269
best_model.pt,60656113,20260207,304.366,3.0,[115.27257288],43.47579995362048,7.000814030755806,0.9999999999999992,0.043074858864332544,304.3659973144529,178,19,1.333604676918602
best_model.pt,60666367,20260207,144.92754,1.95,[23.86429361],12.014020406130154,12.063199416041739,1.0000000000000002,0.001498605897387217,144.92753601074222,54,17,5.1862559595169575
best_model.pt,60679080,20260207,33.333332,26.0,[0.15494413],0.2566166745,78.56465864746977,0.6048324230725259,0.0035997970724004893,20.161080000000002,35,72,2.021717640287299
best_model.pt,60679832,20260207,84.40434,1.33,[104.07477375],24.35628511343894,3.4654028228382425,1.0,0.007011665425663937,84.40434265136719,113,17,1.6055659481349496
best_model.pt,60695475,20260207,34.93014,11.0,[2.37173726],0.0,0.0,0.0,0.0,0.0,0,72,-1.0
best_model.pt,60726038,20260207,47.8357,9.0,[11.81999238],4.346536352357369,11.005473348302312,0.9999999999999997,0.0011058451816745656,47.83570098876952,14,20,0.22283037203359018
best_model.pt,60739483,20260207,14.583333,1.78,[5.45692048],0.0,0.0,0.0,0.0,0.0,0,72,-1.0
best_model.pt,60739866,20260207,99.7291,1.09,[77.94989425],37.9913715691305,2.625046065574707,0.9999999999999996,0.03127089374656343,99.72910308837886,92,19,1.4082990689807828
best_model.pt,60741109,20260207,612.0902,1.82,[352.99568487],158.79274536563355,3.85464842677101,0.9999999999999998,0.03033807611004027,612.0902099609374,144,19,1.1179386349893998
best_model.pt,60745623,20260207,1000.0,22.2,[11.50810874],27.394219510728327,36.50405017395443,0.9999999999999984,0.018275421647058115,999.9999999999984,390,22,0.6443265279023807
best_model.pt,60758778,20260207,502.0863,1.73,[414.21884137],190.26219618509433,2.638917825712319,1.0000000000000002,0.04167562386503875,502.0863037109376,210,19,0.5253860096057167
best_model.pt,60762511,20260207,2000.0,33.74,[0.60701664],1.7059362709000003,46.01950572226049,0.039253195000000005,0.00010695284212033659,78.50639000000001,25,56,0.3639449743012489
best_model.pt,60762714,20260207,122.44898,18.6,[1.06525956],0.0,0.0,0.0,0.0,0.0,0,72,-1.0
best_model.pt,60765488,20260207,117.64706,8.1,[0.40429786],5.059628927288975,23.252107025666767,0.9999999999999999,0.0674454261264515,117.64705657958983,103,10,1.87063036180348
best_model.pt,60769562,20260207,583.7024,400.0,[2.06597794],0.0,0.0,0.0,0.0,0.0,0,60,-1.0
best_model.pt,60828716,20260207,23.92696,1.88,[28.88029248],0.0,0.0,0.0,0.0,0.0,0,15,-1.0
best_model.pt,60844239,20260207,194.44444,5.0,[21.13600638],14.43076134237899,13.474301505056053,0.9999999999999999,0.021567039771374134,194.4444427490234,38,19,1.6948603010112104
best_model.pt,60848391,20260207,41.73038,16.0,[3.21871208],0.0,0.0,0.0,0.0,0.0,0,72,-1.0
best_model.pt,60858118,20260207,119.63921,2.64,[81.71889262],25.279707647382097,4.7326183711536265,1.0,0.048963317384370014,119.63921356201172,76,20,0.7926584026879834
best_model.pt,60862222,20260207,166.66667,7.6,[1.2565122],0.0,0.0,0.0,0.0,0.0,0,70,-1.0
best_model.pt,60880371,20260207,33.80588,45.0,[0.70459392],0.0372253636,226.4827714732792,0.24939831845352448,0.00010547490331792925,8.43113,6,72,4.032950477183983
best_model.pt,60882186,20260207,112.01828,35.0,[4.62582224],0.0,0.0,0.0,0.0,0.0,0,70,-1.0
best_model.pt,60882731,20260207,92.20477,37.0,[2.94033505],0.0,0.0,0.0,0.0,0.0,0,49,-1.0
best_model.pt,60906442,20260207,142.7203,2.47,[166.35510684],15.431413720355572,9.248685812858254,1.0000000000000013,0.2140742320477392,142.72030639648457,236,25,2.7444071683117026
best_model.pt,60906649,20260207,4.0774717,52.0,[0.28731876],0.0671882008,36.45877567872485,0.6007731230057489,2.8330400682078597e-06,2.449636,3,72,-0.2988696984860606
best_model.pt,60908226,20260207,470.27304,2.33,[380.79162164],94.51359309238629,4.975718522689931,0.9999999999999992,0.04082636497786522,470.27304077148403,332,19,1.1355015818093441
best_model.pt,60912674,20260207,6.02155,2.3,[3.37042867],0.0,0.0,0.0,0.0,0.0,0,72,-1.0
best_model.pt,60916277,20260207,262.2118,1.31,[260.54222287],136.21320415238733,1.9250100729869792,1.0,0.0618940368940369,262.2117919921875,82,20,0.4694734023442151
best_model.pt,60917464,20260207,1000.0,20.54,[0.00202457],0.3143918551,45.78306970564485,0.01439387,0.23958333333333334,14.39387,8,24,1.2289711618773516
best_model.pt,60930313,20260207,64.68921,1.84,[3.29215912],0.0,0.0,0.0,0.0,0.0,0,28,-1.0
best_model.pt,60949070,20260207,66.13085,9.0,[4.89974264],0.0,0.0,0.0,0.0,0.0,0,72,-1.0
best_model.pt,60961963,20260207,27.777779,2.08,[0.44879388],3.6450565218706577,7.620669484313823,0.9999999313354563,0.3056485466815453,27.77777862548829,36,4,2.663783540306887
best_model.pt,60972908,20260207,1000.0,2.2,[34.42935004],186.92988427022993,5.349599388853086,0.9999999999999996,0.24346083178018396,999.9999999999995,252,26,1.4316360331380202
best_model.pt,61011193,20260207,1128.4313,3.5,[79.66752507],175.7177342849376,6.421840530691101,0.9999999999999996,0.033189699394685544,1128.431274414062,647,19,0.8348115801974575
best_model.pt,61011487,20260207,420.41623,3.33,[1.08241531],55.05152320023522,7.636777280114808,1.0,0.5263558974423981,420.4162292480469,405,28,1.2933265630876094
best_model.pt,61012951,20260207,119.05549,2.3,[25.9643353],31.201732831984664,3.8156690018419046,0.9999999999999994,0.02734877734877735,119.05548858642571,85,21,0.6589865569341513
best_model.pt,61019035,20260207,115.38461,2.33,[9.77133554],0.0,0.0,0.0,0.0,0.0,0,51,-1.0
best_model.pt,61022895,20260207,1.325791,26.0,[0.00566924],0.018744259637875075,70.72673448817454,0.9999992806757404,0.0007686145865120537,1.3257910013198853,2,16,1.720259018775944
best_model.pt,61027483,20260207,4.0774717,52.0,[0.35631992],0.49265810216821254,8.276456712457245,0.9999997661114152,0.000536150122129324,4.077471733093262,11,6,-0.8408373709142837
best_model.pt,61030217,20260207,46.25146,20.1,[2.31497386],0.0,0.0,0.0,0.0,0.0,0,72,-1.0
best_model.pt,61034097,20260207,2664.8945,2.82,[1171.39858195],595.4537758392977,4.475401172859148,1.0000000000000009,0.03319943694853572,2664.8945312500023,967,19,0.5870217300724392
best_model.pt,61042371,20260207,220.99026,1.82,[197.7157543],66.73148532830164,3.3116340883726627,0.9999999999999994,0.016700404858299593,220.990264892578,99,19,0.8195791169955713
best_model.pt,61076126,20260207,40.322582,2.5,[2.20491694],0.0,0.0,0.0,0.0,0.0,0,32,-1.0
best_model.pt,61087629,20260207,57.142857,1.67,[0.55140602],7.582388687076953,7.536259537714321,1.0,0.28,57.14285659790039,14,1,3.512730378071676
best_model.pt,61095720,20260207,7.352941,1.35,[0.60121191],1.565108989758204,4.698034696820465,0.9999998703003073,0.625,7.352941036224365,3,2,2.4800256398890284
best_model.pt,61098328,20260207,175.4386,52.0,[0.29296066],0.0,0.0,0.0,0.0,0.0,0,53,-1.0
best_model.pt,61100993,20260207,118.66019,5.1,[35.57482916],21.339092992624135,5.560694695313356,1.0000000000000002,0.051908061145936435,118.66018676757814,44,21,0.09033231358736243
best_model.pt,61106509,20260207,50.0,1.11,[29.73147255],22.38842448876026,2.233296844617397,1.0,0.0703222049689441,50.0,196,20,1.01197911336559
best_model.pt,61109358,20260207,21.234762,54.68,[0.24533727],0.0,0.0,0.0,0.0,0.0,0,72,-1.0
best_model.pt,61112285,20260207,131.0145,1.96,[36.45122314],34.57889450609325,3.7888571607650947,0.9999999999999998,0.03496643864212994,131.01449584960935,72,21,0.9330903505222193
best_model.pt,61136703,20260207,28.116213,52.0,[0.13475406],0.0,0.0,0.0,0.0,0.0,0,35,-1.0
best_model.pt,61145915,20260207,7.368421,8.1,[0.01351633],0.16441453529219752,44.81584458934001,0.9999998705727885,0.022727272727272728,7.3684210777282715,2,1,4.53282005910329
best_model.pt,61154489,20260207,5.952381,6.1,[0.02376262],0.4467577070868651,13.323480974430922,0.9999998211860657,0.017241379310344827,5.952381134033203,1,2,1.1841772430705402
best_model.pt,61159718,20260207,3.7037036,13.8,[0.50305502],0.22704121960103138,16.312841058371394,0.9999997615814209,0.002525252525252525,3.7037036418914795,1,11,0.1820899154279446
best_model.pt,61185226,20260207,280.89886,3.0,[3.16974885],0.0,0.0,0.0,0.0,0.0,0,57,-1.0
best_model.pt,61185244,20260207,445.26294,1.3,[301.1073522],144.1888318156938,3.0880542602232746,0.9999999999999993,0.11343648570539326,445.2629394531247,150,21,1.3754264411480261
best_model.pt,61185698,20260207,7.10406,52.0,[0.42989981],0.32320543163964,21.979946800549325,0.9999998657564598,7.176237692871628e-05,7.104060173034669,18,20,-0.5773087153740515
best_model.pt,61185812,20260207,498.57053,3.59,[18.21317164],74.01697619864922,6.735894182559856,0.9999999999999998,0.06626464026770774,498.57052612304676,327,22,0.8762936890260266
best_model.pt,61186486,20260207,21.234762,54.68,[0.00626022],0.0534515064,12.875542165409104,0.03241053193656556,9.275063856640206e-06,0.68823,2,72,-0.7645292228685238
best_model.pt,61188825,20260207,23.364487,52.0,[0.04949184],0.06905298909999999,26.63828728759133,0.0787297351702949,7.357654137637232e-06,1.83948,6,72,-0.4877252444693975
best_model.pt,61190600,20260207,992.44653,6.1,[135.64135158],99.79415051229999,9.94493683410698,0.9999999999999999,0.03386372909016728,992.4465332031249,166,19,0.6303175392764222
best_model.pt,61191979,20260207,346.15384,6.0,[20.44772052],23.78768082925215,14.551810537740435,1.0,0.04432630906768838,346.1538391113281,166,20,1.4253017562900725
best_model.pt,61194572,20260207,309.09613,3.13,[146.59471069],42.323237127037785,7.303224990566841,0.9999999999999998,0.30276907001044934,309.0961303710937,93,29,1.3332986337194899
best_model.pt,61218808,20260207,804.4937,4.0,[159.73761264],82.20605651860012,9.786306966452926,1.0,0.04792458712051305,804.4937133789062,485,17,1.4465767416132316
best_model.pt,61218812,20260207,1560.8154,4.0,[64.79945808],148.21222485442524,10.530949256645942,1.0,0.27930391900739465,1560.8154296875,783,26,1.6327373141614854
best_model.pt,61218892,20260207,119.60393,4.0,[0.659047],5.131037142940669,23.309888619100775,1.0,0.0864594344325527,119.60392761230469,27,10,4.827472154775194
best_model.pt,61245888,20260207,128.20512,3.76,[7.24486577],7.534689351243203,17.01531422325984,0.9999999999999996,0.03918260217472816,128.20512390136713,48,19,3.525349538940674
best_model.pt,61261395,20260207,4.0444894,16.0,[0.02561279],0.2219243994638052,18.22454479509518,0.9999997642040809,0.0010867852550112643,4.04448938369751,4,5,0.1390340496934488
best_model.pt,61275566,20260207,729.8732,1.8,[380.58487023],200.24402499307368,3.6449188751614225,1.0,0.13619769062837003,729.8732299804688,179,23,1.0249549842882226
best_model.pt,61280560,20260207,1000.0,30.15,[0.82787198],0.0185774659,28.228380256089928,0.00052444,5.0505050505050505e-05,0.52444,1,72,-0.06373530304323166
best_model.pt,61292982,20260207,9.42855,2.24,[0.6256064],0.8980715221036545,10.498650759801661,0.9999998988525018,0.5,9.428549766540527,11,1,3.686897640671394
best_model.pt,61325277,20260207,159.26295,2.64,[114.76722372],27.707432589209656,5.748022609136099,1.0,0.24064039408866994,159.26295471191406,52,29,1.1772812048220493
best_model.pt,61327659,20260207,1111.1111,41.78,[0.21576263],0.049354343300000006,65.43060556525396,0.0029064150709573995,7.948894213548236e-06,3.22935,8,72,0.5660748558393113
best_model.pt,61328223,20260207,1666.6666,48.86,[9.83047035],25.241886022084056,66.02781418514388,0.999999999999999,0.0023139657063405653,1666.666625976561,2126,49,0.3513674449515892
best_model.pt,61329740,20260207,25.423729,10.0,[2.32288295],0.0,0.0,0.0,0.0,0.0,0,67,-1.0
best_model.pt,61361730,20260207,372.34042,1.5,[75.30825034],139.6031341055244,2.667135113423754,1.0000000000000002,0.01738761662425785,372.34042358398443,82,18,0.778090075615836
best_model.pt,61380657,20260207,27.35469,7.1,[9.9622359],2.1508976702530753,12.71779602176203,0.9999999302734387,0.025974025974025972,27.354690551757805,40,22,0.7912389003644906
best_model.pt,61390918,20260207,14.285714,1.45,[3.18052317],0.0,0.0,0.0,0.0,0.0,0,72,-1.0
best_model.pt,61390940,20260207,58.39817,10.0,[12.34167209],3.81609216418115,15.303130180188452,0.9999999999999999,0.03061931378357164,58.3981704711914,123,21,0.5303130180188452
best_model.pt,61400136,20260207,267.85715,2.25,[0.58971715],39.833836550930776,6.724362092261885,1.0000000000000002,0.1677485404352385,267.85714721679693,265,5,1.9886053743386158
best_model.pt,61404169,20260207,8.77193,1.68,[1.3943859],0.0,0.0,0.0,0.0,0.0,0,65,-1.0
best_model.pt,61404245,20260207,8.77193,1.51,[0.97563598],3.340100673430733,2.6262463237820577,0.9999998912811388,0.04716981132075472,8.771929740905762,5,2,0.7392359869991422
best_model.pt,61423925,20260207,1000.0,20.04,[2.84351546],0.0,0.0,0.0,0.0,0.0,0,72,-1.0
best_model.pt,61443196,20260207,27.777779,25.0,[0.57550635],0.0118493375,14.614773629864974,0.006234839381615357,4.8247418186271474e-05,0.17319,3,72,-0.415409054805401
best_model.pt,61444303,20260207,1000.0,1.05,[76.79421765],470.00769471478657,2.1276247370358536,1.0000000000000002,0.13446143194155133,1000.0000000000002,272,22,1.026309365388394
best_model.pt,61445437,20260207,67.55288,5.6,[23.47298129],7.393611501354385,9.136654013328608,1.0000000000000002,0.036281179138321996,67.55287933349611,16,21,0.631545387308018
best_model.pt,61446523,20260207,280.89886,3.0,[5.33627008],0.0,0.0,0.0,0.0,0.0,0,57,-1.0
best_model.pt,61451829,20260207,72.63998,19.25,[3.41585649],0.0,0.0,0.0,0.0,0.0,0,72,-1.0
best_model.pt,61462330,20260207,7.4626865,5.1,[0.03346303],0.9869193583711452,7.561589418433946,0.9999998722076574,0.03619047619047619,7.462686538696289,5,3,0.482664619574875
best_model.pt,61467151,20260207,5.65243,19.25,[1.0123632],0.16679496211240594,33.8882907352181,0.9999998211860657,0.047619047619047616,5.652430057525635,1,21,0.7604306875437974
best_model.pt,61470571,20260207,1162.7906,20.6,[3.15781578],0.0,0.0,0.0,0.0,0.0,0,70,-1.0
best_model.pt,61471905,20260207,1000.0,28.73,[7.4822761],0.0,0.0,0.0,0.0,0.0,0,38,-1.0
best_model.pt,61515335,20260207,4.78288,2.04,[2.04869914],0.0,0.0,0.0,0.0,0.0,0,69,-1.0
best_model.pt,61521770,20260207,101.2775,3.79,[31.79619869],38.40211061915571,2.6372897756844034,0.9999999999999994,0.5566534914361001,101.27749633789057,63,33,-0.3041451709157893
best_model.pt,61524679,20260207,2.69648,52.0,[0.10336592],0.21669951482648314,12.443348544607709,0.9999996463263342,5.238395032689676e-05,2.6964800357818604,8,30,-0.760704835680621
best_model.pt,61524837,20260207,1000.0,18.9,[2.18527217],0.0,0.0,0.0,0.0,0.0,0,72,-1.0
best_model.pt,61547249,20260207,70.0,8.7,[1.84017278],0.0,0.0,0.0,0.0,0.0,0,72,-1.0
best_model.pt,61552681,20260207,1.5432099,3.88,[0.129875],0.2278798872318039,6.772002378694377,0.9999993820194384,0.009446727093785917,1.5432099103927612,5,5,0.745361386328252
best_model.pt,61583194,20260207,2182.0693,300.0,[6.36434422],0.24101890070000004,418.30624652647197,0.04620390761170925,1.1254481026951005e-05,100.82013,7,72,0.3943541550882399
best_model.pt,61590141,20260207,28.44717,21.41,[1.57075175],0.0,0.0,0.0,0.0,0.0,0,72,-1.0
best_model.pt,61593737,20260207,118.54912,22.0,[7.48677359],4.731824574610426,25.053568896979552,1.0,0.0012479408975190935,118.54911804199219,25,23,0.13879858622634328
best_model.pt,61619011,20260207,162.85718,1.46,[52.40848591],65.33927288393022,2.4924852704007283,1.0000000000000004,0.05259021651964715,162.85717773437506,60,20,0.7071816474499429
best_model.pt,61622102,20260207,100000.0,60.0,[0.67162681],0.0,0.0,0.0,0.0,0.0,0,72,-1.0
best_model.pt,61627716,20260207,498.57053,3.59,[13.35597685],62.55232504069087,7.970455419974655,0.9999999999999988,0.0269529465509365,498.57052612304625,236,22,1.2201826213187905
best_model.pt,61630077,20260207,1000.0,30.15,[0.45239703],0.0,0.0,0.0,0.0,0.0,0,72,-1.0
best_model.pt,61642024,20260207,20.98801,12.13,[2.52966783],0.0,0.0,0.0,0.0,0.0,0,66,-1.0
best_model.pt,61652353,20260207,1000.0,2.76,[53.63802462],153.0347484803632,6.534463599904914,1.0000000000000007,0.037436113099452654,1000.0000000000007,1872,17,1.3675592835085937
best_model.pt,61663854,20260207,141.18399,3.6,[47.95950821],31.5873436402572,4.469637827631148,0.9999999999999996,0.012301587301587301,141.18399047851557,31,20,0.24156609612114388
best_model.pt,61697828,20260207,82.35294,1.9,[5.53978306],0.0,0.0,0.0,0.0,0.0,0,71,-1.0
best_model.pt,61702785,20260207,0.86820626,52.0,[0.03723818],0.04719627796498852,18.395261337582777,0.9999988329066234,5.8215017238457214e-05,0.868206262588501,4,14,-0.6462449742772542
best_model.pt,61709401,20260207,15.873015,8.1,[1.63250317],0.0,0.0,0.0,0.0,0.0,0,72,-1.0
best_model.pt,61709841,20260207,197.8022,3.6,[0.35349137],13.87465734341398,14.256365484579701,1.0000000000000002,0.06369407312458036,197.80220031738284,54,3,2.9601016284012287
best_model.pt,61736578,20260207,1000.0,23.79,[13.92317817],28.59506210428316,34.971071627053426,0.9999999999999991,0.006426246735547978,999.9999999999991,403,20,0.46999034389395006
best_model.pt,61768085,20260207,40.322582,2.3,[2.80241079],0.0,0.0,0.0,0.0,0.0,0,34,-1.0
best_model.pt,61777401,20260207,4432.507,300.0,[11.88119253],1.4682583823,393.1698015753248,0.13023674217930517,3.7406952573892975e-05,577.2752499999999,11,72,0.3105660052510827
best_model.pt,61795733,20260207,47.71691,13.34,[2.91329373],0.0,0.0,0.0,0.0,0.0,0,53,-1.0
best_model.pt,61798105,20260207,45.454544,8.0,[10.37459172],2.3594491677430627,19.264888357808573,1.0,0.07508621982306192,45.45454406738281,29,19,1.4081110447260716
best_model.pt,61810671,20260207,83.333336,10.0,[0.00288387],0.0,0.0,0.0,0.0,0.0,0,8,-1.0
best_model.pt,61831943,20260207,104.30993,5.6,[47.09096277],15.179063464747852,6.8719603330161965,0.9999999999999999,0.001367053998632946,104.30992889404295,16,19,0.22713579465089026
best_model.pt,61834352,20260207,139.53488,8.1,[21.14228361],11.176582740354467,12.48457353636501,0.9999999999999998,0.0125,139.53488159179685,31,20,0.5413053022720615
best_model.pt,61861065,20260207,125.0,2.8,[12.37815026],5.731241192118493,21.81028053078928,1.0000000000000004,0.02030377036043633,125.00000000000006,135,20,6.7893860365057686
best_model.pt,61869045,20260207,593.0689,13.49,[10.80561223],32.482995055348844,18.257826577353164,0.9999999999999997,0.008059174210642525,593.068908691406,219,21,0.3534341650948599
best_model.pt,61879187,20260207,66.1471,54.0,[1.52916709],0.0,0.0,0.0,0.0,0.0,0,72,-1.0
best_model.pt,61880373,20260207,461.19568,1.01,[559.35460365],184.44281234137713,2.5004806116101177,1.0,0.02722327230629183,461.1956787109375,259,19,1.4757234012083722
best_model.pt,61887714,20260207,555.55554,11.1,[0.16076585],1.964660645807573,282.7741576661292,1.0,0.31153846153846154,555.5555419921875,11,13,24.475148463795612
best_model.pt,61894872,20260207,59.701492,5.1,[0.68480181],4.396731100660551,13.578605869709676,1.0,0.05226058329855798,59.70149230957031,7,5,1.6624717889456417
best_model.pt,61914746,20260207,20.833334,11.0,[0.31862877],0.9728788339500937,21.414087580095636,0.9999999084472766,0.012453199953199953,20.833333969116207,28,7,0.9467352345541488
best_model.pt,61915131,20260207,1000.0,20.52,[0.75510794],0.0117062336,16.909203895957116,0.00019796000000000004,0.00021701388888888888,0.19796000000000002,1,72,-0.17596474080196345
best_model.pt,61917856,20260207,183.66035,3.5,[39.25839503],33.87077161685108,5.422384564173916,1.0,0.006564029120420097,183.6603546142578,55,19,0.5492527326211187
best_model.pt,61921752,20260207,50.0,2.83,[5.91152992],0.0,0.0,0.0,0.0,0.0,0,71,-1.0
best_model.pt,61927008,20260207,347.65363,1.0,[307.94050248],310.36138112076617,1.1201574858079608,1.0,0.04533179012345679,347.65362548828125,72,16,0.12015748580796082
best_model.pt,61939692,20260207,1000.0,1.29,[9.94276591],0.0,0.0,0.0,0.0,0.0,0,71,-1.0
best_model.pt,61944621,20260207,147.54099,7.1,[9.7872004],0.0,0.0,0.0,0.0,0.0,0,64,-1.0
best_model.pt,61946302,20260207,17.54386,10.0,[0.02846645],0.8591477304360787,20.420049358516504,0.9999998912811385,0.032374925468917244,17.54385948181152,41,8,1.0420049358516503
best_model.pt,61947448,20260207,142.85715,25.0,[0.00273055],0.003430154,8.399506405133668,0.000201739993843384,0.00040257648953301127,0.028820000000000002,1,69,-0.6640197437946533
best_model.pt,61974075,20260207,127.96638,1.28,[79.44295027],75.25905363722796,1.7003452657642126,1.0,0.06196167097329888,127.96637725830078,38,18,0.328394768570228
best_model.pt,61981383,20260207,103.8961,4.0,[30.1628578],12.352301506892234,8.411071769599426,1.0000000000000002,0.037910677618069814,103.89610290527347,19,20,1.1027679423998564
best_model.pt,61991620,20260207,42.08653,1.92,[10.99126112],0.0,0.0,0.0,0.0,0.0,0,63,-1.0
best_model.pt,61992618,20260207,83.12442,4.0,[9.78810965],0.0,0.0,0.0,0.0,0.0,0,57,-1.0
best_model.pt,62027377,20260207,2104.1538,13.5,[184.01624811],94.00636983376928,22.383097974439504,1.0,0.013083222890542699,2104.15380859375,385,17,0.6580072573658892
best_model.pt,62034028,20260207,313.8476,2.57,[108.55843841],62.52565540033746,5.019501006200548,0.9999999999999994,0.03969519758993443,313.8475952148436,224,19,0.95311328271787
best_model.pt,62054606,20260207,13.043478,6.2,[1.09900612],0.8834402849133076,14.764397175942396,0.9999999403953552,0.00045105999097880023,13.043478012084961,1,3,1.38135445647576
best_model.pt,62086487,20260207,49.43966,8.0,[0.50637483],4.167371373375324,11.863508870604997,1.0000000000000002,0.005230047122399715,49.43965911865236,22,8,0.48293860882562467
best_model.pt,62095724,20260207,12.5,10.5,[0.24413514],0.19325256281780706,64.68186054497001,0.9999999237060604,0.009311465262730412,12.499999999999998,13,7,5.160177194759048
best_model.pt,62097829,20260207,17.93105,1.97,[1.81956412],0.0,0.0,0.0,0.0,0.0,0,72,-1.0
best_model.pt,62098540,20260207,25.641026,13.15,[0.84536939],0.7172996409091486,35.74655323145112,0.9999999256134083,0.0033656170933379884,25.641025543212884,30,12,1.7183691458879582
best_model.pt,62103297,20260207,2.3364487,2.96,[0.5465647],0.4794473765664117,4.873201753578065,0.9999995918275716,0.3333333333333333,2.3364486694335938,3,1,0.6463519225590281
best_model.pt,62103431,20260207,2.3364487,3.01,[0.22434496],0.6675161578789688,3.50020766036583,0.9999995918275716,0.27136752136752135,2.3364486694335938,14,6,0.16285969151352966
best_model.pt,62108188,20260207,46.08295,52.0,[0.10987819],0.0523651627,20.818214354285693,0.023656688341225342,1.250575465028024e-05,1.09017,3,72,-0.5996497239560443
best_model.pt,62110322,20260207,50.68065,1.96,[13.03026842],9.05620382970653,5.5962348198514915,0.9999999999999997,0.03987048357634149,50.68064880371092,70,21,1.8552217912925633
best_model.pt,62110977,20260207,118.0,9.1,[6.7544558],5.974035500167929,19.752139110077927,1.0000000000000002,0.0008719528188259638,118.00000000000001,33,22,1.170564646381673
best_model.pt,62112393,20260207,11.67876,9.0,[0.27654225],0.27911313262892845,41.84223659651302,0.9999999403953552,0.003484320557491289,11.678759574890137,1,7,3.649137399612558
best_model.pt,62112636,20260207,118.0,8.1,[1.75843028],0.0,0.0,0.0,0.0,0.0,0,72,-1.0
best_model.pt,62112649,20260207,170.8441,9.0,[18.03429044],12.288674786297037,13.902563947748924,0.9999999999999993,0.015243025596778832,170.84410095214832,53,19,0.5447293275276581
best_model.pt,62123023,20260207,237.29794,2.34,[220.1115175],106.09774914456482,2.2365973151353478,1.000000000000001,0.0014948947932532295,237.29794311523463,106,19,-0.04418914650715754
best_model.pt,62141016,20260207,133.9019,12.42,[19.18791515],7.035911228957211,19.031206883739472,1.0000000000000002,0.009374002040567085,133.90190124511722,28,18,0.532303282353785
best_model.pt,62141274,20260207,284.49023,3000.0,[0.7589703],0.0,0.0,0.0,0.0,0.0,0,39,-1.0
best_model.pt,62141661,20260207,4.4334974,2.7,[0.67545908],0.9146109999060217,4.847407894658712,0.9999997848935007,0.40555555555555556,4.433497428894043,6,5,0.7953362255742258
best_model.pt,62141774,20260207,3.8860104,2.03,[0.03898693],1.0024664185799765,3.876445594517309,0.9999997545878723,0.10275689223057644,3.886010408401489,7,2,0.9095791375127126
best_model.pt,62145179,20260207,10.638298,10.0,[0.0263948],0.8794652261108047,12.096312193491375,0.9999999103546239,0.005649717514124294,10.63829803466797,8,6,0.2096312193491375
best_model.pt,62145770,20260207,1.3192612,2.27,[0.7477691],0.20750041576151235,6.3578418895788085,0.9999992771153795,0.125,1.3192611932754517,2,1,1.800811428634382
best_model.pt,62150859,20260207,1.2315271,5.6,[0.01364581],0.03602082734097605,34.18835692079752,0.9999992256170526,0.13636363636363635,1.2315270900726318,3,2,5.105063839825317
best_model.pt,62161066,20260207,25.07478,1.94,[27.25342166],5.702545180293601,4.397119938659935,0.9999999239335887,0.02542974020917668,25.074779510498043,43,18,1.2665566025600647
best_model.pt,62164374,20260207,8.30901,2.51,[5.17059842],0.0,0.0,0.0,0.0,0.0,0,72,-1.0
best_model.pt,62171512,20260207,62.5,15.0,[1.50660852],0.0,0.0,0.0,0.0,0.0,0,68,-1.0
best_model.pt,62187452,20260207,3.25476,380.0,[0.0138395],0.0,0.0,0.0,0.0,0.0,0,50,-1.0
best_model.pt,62204387,20260207,89.88764,7.0,[4.12175644],0.0,0.0,0.0,0.0,0.0,0,31,-1.0
best_model.pt,62210221,20260207,41.666668,12.0,[7.52485234],1.5741000884281453,26.470134761065214,1.0000000000000004,0.028008189061577808,41.666667938232436,83,26,1.2058445634221011
best_model.pt,62243266,20260207,1.325791,26.0,[0.0029904],0.010403284399999999,25.751891211278313,0.20209053086400106,0.0027761164274322167,0.26793,3,44,-0.009542645720064896
best_model.pt,62243688,20260207,1032.1405,5.5,[297.12176938],111.21535236572836,9.280557690047745,1.0000000000000002,0.025860948667966212,1032.1405029296877,199,19,0.6873741254632264
best_model.pt,62254595,20260207,6.25,6.78,[0.00105222],0.2873439717233902,21.750859124190622,0.9999998474121323,0.015600827239215362,6.249999999999998,13,7,2.2080912169773304
best_model.pt,62256963,20260207,29.98952,9.0,[0.21673148],2.5416728241788906,11.799121836158918,0.9999999363994965,0.007281254020655621,29.98951911926269,20,7,0.31101353735099085
best_model.pt,62259395,20260207,359.21542,2.06,[279.3308606],108.5404065357983,3.309508705000114,1.0000000000000002,0.01989730423620026,359.21542358398443,186,19,0.6065576684116899
best_model.pt,62269771,20260207,313.48004,1.5,[218.52118401],93.71957727844604,3.3448725150313807,0.9999999999999997,0.07635239156978287,313.48004150390614,83,18,1.2299150100209204
best_model.pt,62285840,20260207,23.809525,1.19,[0.69471401],4.8983211337211685,4.860751066619855,0.9999999198913663,0.16279069767441862,23.809524536132812,7,1,3.0846645654567006
best_model.pt,62297437,20260207,6.289308,58.0,[0.03608242],0.0,0.0,0.0,0.0,0.0,0,60,-1.0
best_model.pt,62326550,20260207,40.322582,2.3,[0.35312561],6.369016269281512,6.331052427719644,1.0000000000000002,0.2682926829268293,40.322582244873054,11,1,1.7526315473805847
best_model.pt,62326559,20260207,40.322582,2.3,[0.83335756],5.637320143760028,7.152791408647398,1.0000000000000002,0.5729166666666666,40.322582244873054,16,4,2.1099093725823623
best_model.pt,62326943,20260207,120.62792,2.1,[65.14375741],0.0,0.0,0.0,0.0,0.0,0,37,-1.0
best_model.pt,62336447,20260207,1.325791,26.0,[0.01377285],0.0,0.0,0.0,0.0,0.0,0,71,-1.0
best_model.pt,62338437,20260207,151.51515,52.0,[0.86979619],0.0375247445,78.92261804426026,0.01954675794034803,8.677035057673365e-06,2.96163,5,72,0.5177426546973127
best_model.pt,62367731,20260207,72.79249,15.0,[2.27697173],0.0,0.0,0.0,0.0,0.0,0,69,-1.0
best_model.pt,62370833,20260207,248.92276,8.02,[32.92933788],17.92283363513151,13.88858208409951,1.0000000000000002,0.019150886475447878,248.92276000976568,73,18,0.7317433031633835
best_model.pt,62371800,20260207,264.70587,1.58,[27.1001748],61.89888194132157,4.276424048443087,0.9999999999999996,0.10289132805780975,264.70587158203114,235,21,1.7065974254990677
best_model.pt,62382189,20260207,100.0,13.32,[1.44001173],0.0,0.0,0.0,0.0,0.0,0,52,-1.0
best_model.pt,62390621,20260207,27.777779,2.99,[6.15675128],0.0,0.0,0.0,0.0,0.0,0,53,-1.0
best_model.pt,62408382,20260207,15.62024,6.06,[5.83438722],0.0,0.0,0.0,0.0,0.0,0,67,-1.0
best_model.pt,62425774,20260207,14.70207,2.61,[0.51299161],1.5193128172288013,9.676783077654322,0.9999999351333358,0.4809523809523809,14.702070236206056,19,7,2.7075798722585938
best_model.pt,62428947,20260207,32.35294,10.1,[0.14758722],1.0187083111279145,31.758755174124925,1.0,0.06970758133548831,32.35293960571289,7,7,2.144431086596006
best_model.pt,62435576,20260207,363.63635,104.43,[0.34070406],0.0,0.0,0.0,0.0,0.0,0,70,-1.0
best_model.pt,62440154,20260207,11.111111,6.81,[0.0114356],0.4174797944519956,26.614663081306073,0.9999999141693153,0.03304993604986053,11.111110687255856,34,6,2.9081737599021396
best_model.pt,62450179,20260207,139.06444,11.0,[9.14298519],6.078262815281156,22.878973682681192,1.0,0.015267341354297876,139.06443786621094,34,22,1.079906698425563
best_model.pt,62456302,20260207,10.454783,9.0,[1.32208081],0.0,0.0,0.0,0.0,0.0,0,72,-1.0
best_model.pt,62462575,20260207,51.30043,10.0,[1.30229656],0.0,0.0,0.0,0.0,0.0,0,72,-1.0
best_model.pt,62463469,20260207,223.48889,10.0,[25.21536314],13.784394907003131,16.213179968809474,0.9999999999999998,0.006158583525789069,223.48889160156244,48,18,0.6213179968809474
best_model.pt,62465463,20260207,469.2045,4.78,[106.12060784],35.851348737095286,13.087498845420916,1.0000000000000007,0.007372948301302334,469.20449829101597,339,16,1.7379703495757062
best_model.pt,62469263,20260207,1466.2635,7.6,[182.21347497],132.91130253637175,11.031895036703474,1.0000000000000007,0.00705684073863597,1466.2635498046884,514,17,0.4515651546230941
best_model.pt,62474596,20260207,1000.0,2.77,[0.77718894],66.1970335549,3.972879627740558,0.26299285,0.007698038101741134,262.99285,659,66,0.4342525830674206
best_model.pt,62497963,20260207,479.75705,1.0,[508.48123968],453.1595837827265,1.0586933735288258,0.9999999999999996,0.04859799089915102,479.75704956054665,143,16,0.058693373528825754
best_model.pt,62516634,20260207,17.80691,12.0,[1.00203383],0.0,0.0,0.0,0.0,0.0,0,72,-1.0
best_model.pt,62522391,20260207,551.49756,4.91,[104.57649073],46.8860792222793,11.76250085268782,0.9999999999999996,0.011963161231755401,551.4975585937498,290,16,1.3956214293748759
best_model.pt,62524259,20260207,100.0,6.5,[2.40409449],0.0,0.0,0.0,0.0,0.0,0,72,-1.0
best_model.pt,62527634,20260207,156.86275,7.1,[7.12149866],0.0,0.0,0.0,0.0,0.0,0,70,-1.0
best_model.pt,62529276,20260207,107.15096,6.71,[4.97309853],0.0,0.0,0.0,0.0,0.0,0,43,-1.0
best_model.pt,62537183,20260207,1000.0,19.0,[5.247884],0.0,0.0,0.0,0.0,0.0,0,72,-1.0
best_model.pt,62537340,20260207,1000.0,2.56,[23.62377015],165.66101746265122,6.036423108345509,0.9999999999999998,0.06277478444558729,999.9999999999998,1997,19,1.3579778294023759
best_model.pt,62543564,20260207,1000.0,32.62,[0.41211493],0.0,0.0,0.0,0.0,0.0,0,72,-1.0
best_model.pt,62552000,20260207,28.349,1.04,[43.49290032],13.0901902920712,2.1656674297767724,0.9999999327190219,0.04970306200283317,28.349000930786126,51,19,1.0823726050124838
best_model.pt,62552558,20260207,118.0,11.0,[2.24942648],0.0,0.0,0.0,0.0,0.0,0,61,-1.0
best_model.pt,62559786,20260207,10.454783,7.8,[0.65944658],0.949368529273489,11.012343578834702,0.9999999087810633,0.01901584653878232,10.45478343963623,4,11,0.41183888583946227
best_model.pt,62621349,20260207,1.25,3.15,[0.62550347],0.10536216624665048,11.863728516603285,0.9999992370611289,0.03296703296703297,1.25,6,2,2.7662629071188776
best_model.pt,62626344,20260207,999.45734,4.41,[231.98193968],54.13677939460304,18.46170624002269,0.9999999999999997,0.05057712689889127,999.4573364257809,615,17,3.1863280904321227
best_model.pt,62630587,20260207,7.25892,1.96,[1.43548457],0.0,0.0,0.0,0.0,0.0,0,43,-1.0
best_model.pt,62632452,20260207,1000.0,300.0,[0.63365205],0.0,0.0,0.0,0.0,0.0,0,72,-1.0
best_model.pt,62637401,20260207,70.21919,10.5,[10.5406565],5.222809159381349,13.44471469612068,1.0,0.002553626149131767,70.21919250488281,5,22,0.28044901867816
best_model.pt,62640299,20260207,179.92026,5.5,[68.36117962],20.156772520589413,8.926044507300599,0.9999999999999996,0.03007518796992481,179.9202575683593,44,19,0.6229171831455634
best_model.pt,62644097,20260207,48.88049,9.4,[6.69323527],0.0,0.0,0.0,0.0,0.0,0,72,-1.0
best_model.pt,62658588,20260207,4.5454545,2.01,[0.20176533],0.026424461630502553,172.01041047695287,0.9999997901916924,0.10555555555555556,4.545454502105713,2,3,84.57731905128446
best_model.pt,62665519,20260207,354.54544,2.61,[25.2807954],47.29511927122442,7.496448653489159,1.0,0.1143613718725745,354.5454406738281,657,21,1.8722026646724939
best_model.pt,62676303,20260207,416.91595,2.04,[56.35796926],113.579576866493,3.670694700766604,0.9999999999999999,0.032660171075737834,416.9159545898437,167,20,0.799360181081739
best_model.pt,62681129,20260207,48.53815,48.0,[2.19345565],0.0,0.0,0.0,0.0,0.0,0,72,-1.0
best_model.pt,62693338,20260207,49.58663,1.83,[5.14698801],0.0,0.0,0.0,0.0,0.0,0,70,-1.0
best_model.pt,62694436,20260207,89.88764,7.1,[18.69888068],7.316500884235781,12.285603602509996,1.0,0.018140589569160998,89.88764190673828,8,21,0.730366727821215
best_model.pt,62695450,20260207,4.347826,2.44,[0.35930569],0.1757730204593363,24.73531636055483,0.9999997806549512,0.8,4.34782600402832,4,5,9.137424500199486
best_model.pt,62699077,20260207,44.67285,60.0,[1.05807238],0.0,0.0,0.0,0.0,0.0,0,72,-1.0
best_model.pt,62708257,20260207,392.89093,1.85,[310.13680744],128.7618541626242,3.0512990798366975,1.0000000000000002,0.02145962445657201,392.8909301757813,232,19,0.6493508327097888
best_model.pt,62715156,20260207,100.03554,1.47,[80.51573298],28.762723435221467,3.477957658184416,0.9999999999999997,0.03524590163934426,100.03553771972653,43,20,1.365957544553624
best_model.pt,62719226,20260207,1000.0,1.5,[0.90980265],38.764416870660426,25.796853272414776,1.0000000000000002,0.09549498681908272,1000.0000000000002,594,20,16.19790218160985
best_model.pt,62719771,20260207,19.46678,160.0,[0.1335987],0.0,0.0,0.0,0.0,0.0,0,65,-1.0
best_model.pt,62730483,20260207,83.333336,16.0,[0.24135613],1.9511431582,24.050699151461604,0.5631165566150466,0.006620764259236342,46.926381150000005,49,66,0.5031686969663502
best_model.pt,62733626,20260207,33.333332,36.0,[0.08459706],0.085773192,173.6008192301013,0.4467141170407912,0.003551241585187714,14.89047,11,48,3.8222449786139254
best_model.pt,62746245,20260207,272.72726,7.1,[2.05442776],0.0,0.0,0.0,0.0,0.0,0,72,-1.0
best_model.pt,62750176,20260207,147.54099,7.1,[13.39176013],11.843692645550291,12.457345615559161,0.9999999999999997,0.06490384615384616,147.54098510742182,42,24,0.7545557440685403
best_model.pt,62753184,20260207,165.83096,21.6,[9.96630457],3.5084282787813814,47.26644032350719,0.9999999999999994,0.02914250509228121,165.83096313476554,91,33,1.1882610874422144
best_model.pt,62758884,20260207,83.333336,26.4,[0.25335121],1.7913722025002605,46.51924889808253,0.9999999999999997,0.001592789802237753,83.33333587646482,40,17,0.76209278675256
best_model.pt,62759058,20260207,1000.0,31.5,[32.57488371],25.968629434850037,38.50799919960334,1.0000000000000002,0.024122383190442628,1000.0000000000001,699,19,0.2224761650667727
best_model.pt,62759116,20260207,1000.0,30.0,[20.77571469],27.666619828399988,23.40708572726161,0.6475949655140001,0.04795363533187218,647.5949655140001,295,72,-0.21976380909127968
best_model.pt,62766768,20260207,34.31616,50.63,[0.94746069],0.0,0.0,0.0,0.0,0.0,0,72,-1.0
best_model.pt,62781570,20260207,1.325791,26.0,[0.00870549],0.0452965029,26.28113966079132,0.8979312293422436,0.0002996948561464691,1.19047,2,72,0.010813063876589295
best_model.pt,62782340,20260207,292.40778,25.0,[8.83302436],8.368699537521515,34.94064276381748,1.0000000000000009,0.011184412285511282,292.40777587890653,907,23,0.3976257105526992
best_model.pt,62785644,20260207,316.29636,10.0,[28.86067281],22.299641788742555,14.183920307496873,0.9999999999999997,0.02607945062030533,316.29635620117176,210,19,0.4183920307496873
best_model.pt,62789285,20260207,245.01463,1.42,[284.54943744],0.0,0.0,0.0,0.0,0.0,0,18,-1.0
best_model.pt,62789760,20260207,87.7193,10.5,[14.18595288],5.578373822338365,15.724884417077538,1.0,0.022599588358550173,87.71929931640625,204,20,0.4976080397216703
best_model.pt,62805482,20260207,23.43981,9.5,[2.59619095],0.0,0.0,0.0,0.0,0.0,0,64,-1.0
best_model.pt,62805489,20260207,153.19595,9.0,[2.05449683],0.0,0.0,0.0,0.0,0.0,0,65,-1.0
best_model.pt,62824285,20260207,288.62402,10.0,[43.15919169],16.705819272311107,17.276854337758984,1.0000000000000004,0.017348758074046906,288.6240234375001,51,18,0.7276854337758983
best_model.pt,62835645,20260207,40.17131,2.0,[8.48461084],0.0,0.0,0.0,0.0,0.0,0,72,-1.0
best_model.pt,62841880,20260207,197.99367,11.0,[38.8738951],14.801469852721686,13.376621119118854,0.9999999999999999,0.011363636363636364,197.99366760253903,15,20,0.21605646537444123
best_model.pt,62854671,20260207,363.63635,57.4,[2.28416232],0.0,0.0,0.0,0.0,0.0,0,70,-1.0
best_model.pt,62859145,20260207,41.666668,1.85,[27.63385167],0.0,0.0,0.0,0.0,0.0,0,32,-1.0
best_model.pt,62859279,20260207,41.48365,1.48,[13.25956638],9.441210055636429,4.393890779801357,1.0,0.10735462685854885,41.48365020751953,177,22,1.9688450832264395
best_model.pt,62860871,20260207,55.555557,2.59,[20.89862782],3.644534250191201,15.243523093393591,1.0,0.0037230081906180195,55.55555725097656,55,17,4.885530346931549
best_model.pt,62863090,20260207,5.1546392,1.96,[0.87851707],1.2695041049075735,4.0603533015764235,0.9999998149872193,0.1382783882783883,5.15463924407959,3,4,1.0716087870157243
best_model.pt,62863416,20260207,2.3607178,25.0,[0.09575567],0.10356649462237134,22.794002906463735,0.9999995960237423,0.0020644685154871277,2.3607177734374996,9,9,-0.0882398837414506
best_model.pt,62863799,20260207,26.574802,65.54,[0.30854337],0.0,0.0,0.0,0.0,0.0,0,72,-1.0
best_model.pt,62864009,20260207,1.0332358,52.0,[0.00049049],0.0,0.0,0.0,0.0,0.0,0,72,-1.0
best_model.pt,62867831,20260207,23.83482,2.71,[5.4080505],0.0,0.0,0.0,0.0,0.0,0,23,-1.0
best_model.pt,62868116,20260207,1000.0,16.0,[12.59870214],39.34721758597251,25.414757025710244,1.0000000000000016,0.013744219555623065,1000.0000000000015,690,22,0.5884223141068903
best_model.pt,62868895,20260207,1083.0702,81.2,[9.66944146],2.5109559364299057,431.3376206163073,1.0000000000000004,0.016553239852808477,1083.070190429688,53,36,4.312039862405991
best_model.pt,62875385,20260207,15.73437,6.34,[10.74649324],2.2229323656801214,7.078201476729546,0.9999999393891051,0.011299435028248588,15.734370231628416,28,21,0.11643553728312334
best_model.pt,62885425,20260207,587.5,6.1,[12.84312122],47.30819103201529,12.418568006201035,0.9999999999999997,0.06976089284554174,587.4999999999998,139,24,1.0358308525168844
best_model.pt,62888101,20260207,70.0,8.5,[1.91086751],0.0,0.0,0.0,0.0,0.0,0,72,-1.0
best_model.pt,62896186,20260207,3.8860104,1.84,[0.09456513],0.7554415224678046,5.144018628587462,0.9999997545878724,0.6666666666666666,3.8860104084014893,4,3,1.7956622474305257
best_model.pt,62896511,20260207,1000.0,1.0,[572.33676567],542.6030398527323,1.842967924448862,1.000000000000001,0.04159976645745147,1000.0000000000011,285,17,0.8429679244488619
best_model.pt,62904543,20260207,1000.0,299.26,[0.00491375],0.0,0.0,0.0,0.0,0.0,0,67,-1.0
best_model.pt,62905440,20260207,2570.3447,5.1,[306.99450721],273.8811826272444,9.384889799734362,0.9999999999999998,0.0355964456386668,2570.3447265624995,683,19,0.8401745049464858
best_model.pt,62905524,20260207,9.39662,6.92,[0.77811271],0.05568693124598437,168.73709592921028,0.9999998985088001,0.003174017628893518,9.396619796752931,16,6,23.383973131338262
best_model.pt,62926061,20260207,694.69086,4.04,[113.74578877],66.1991488184571,10.493954361025734,1.0000000000000002,0.060879196233887316,694.6908569335939,557,18,1.5975134802259925
best_model.pt,62932631,20260207,405.36728,5.0,[151.14995015],42.45267730731551,9.548685623985254,0.9999999999999997,0.0319031903190319,405.36727905273426,174,18,0.9097371247970507
best_model.pt,62941923,20260207,1000000.0,41.96,[1.279914],0.0,0.0,0.0,0.0,0.0,0,70,-1.0
best_model.pt,62951533,20260207,4.6296296,3.3,[0.49170268],0.6688073602810408,6.922206549606483,0.9999997940063892,0.02221272031948972,4.629629611968993,9,5,1.0976383786756592
best_model.pt,62952235,20260207,114.07777,5.5,[25.50100001],12.025393500550141,9.486405324435568,1.0000000000000002,0.002195428325602945,114.07776641845705,37,17,0.7248009680791941
best_model.pt,62957523,20260207,1233.7502,4.1,[419.77348782],215.4650826989275,5.72598688827264,1.0000000000000004,0.011645306095894866,1233.7502441406257,358,19,0.39658220035636527
best_model.pt,62968126,20260207,1000.0,209.58,[0.03723458],0.0818000874,248.69327103835056,0.020343380000000005,0.12984186211798152,20.343380000000003,3,8,0.1866269150948172
best_model.pt,62972330,20260207,56.30614,10.0,[9.8484003],3.294175329839009,17.092631135021833,1.0,0.01584122092596669,56.3061408996582,13,22,0.7092631135021833
best_model.pt,62974470,20260207,256.19916,9.0,[43.75084856],19.327910883334038,13.255397647779931,1.0000000000000002,0.008134920634920636,256.1991577148438,41,18,0.47282196086443684
best_model.pt,62987009,20260207,225.48274,23.0,[4.91495511],0.0,0.0,0.0,0.0,0.0,0,67,-1.0
best_model.pt,62988138,20260207,24.390244,15.0,[2.41365592],0.0,0.0,0.0,0.0,0.0,0,72,-1.0
best_model.pt,62991598,20260207,53.40617,7.91,[10.57429909],4.658859702765611,11.463354089907483,0.9999999999999999,0.0033222591362126247,53.406169891357415,33,21,0.44922304817210756
best_model.pt,63002552,20260207,2532.0,23.0,[7.60530545],24.8166040881,90.27637404002888,0.8848156095327802,0.07744554592236073,2240.3531233369995,1505,42,2.925059740870821
best_model.pt,63002557,20260207,2000.0,21.0,[0.91061155],0.9260243975999999,8.909269682432305,0.004125105,1.4625014625014625e-05,8.25021,1,42,-0.5757490627413189
best_model.pt,63007107,20260207,10.31706,3.0,[1.37206292],0.0,0.0,0.0,0.0,0.0,0,27,-1.0
best_model.pt,63008487,20260207,1052.6316,17.0,[37.05166661],10.059124474611213,104.64444393835915,0.9999999999999984,0.010120906547670068,1052.6315917968734,342,18,5.155555525785832
best_model.pt,63014188,20260207,392.33176,5.5,[58.82476268],50.32391978856173,7.796128569556353,1.0000000000000002,0.025477707006369428,392.33175659179693,216,18,0.4174779217375187
best_model.pt,63014342,20260207,16.37466,3.71,[10.03253652],1.840121096378911,8.89868151910478,0.9999998835182927,0.050751879699248124,16.37466049194336,13,21,1.3985664225355074
best_model.pt,63017961,20260207,35.714287,1.45,[5.08196768],0.0,0.0,0.0,0.0,0.0,0,72,-1.0
best_model.pt,63018312,20260207,969.3103,280.0,[2.37302296],0.0,0.0,0.0,0.0,0.0,0,44,-1.0
best_model.pt,63024133,20260207,1000.0,77.59,[0.1270932],0.003523694400000001,406.02385273458026,0.0014311100000000002,0.00032206119162640903,1.43111,1,69,4.232940738473793
best_model.pt,63024390,20260207,1000.0,84.69,[2.79260861],0.0,0.0,0.0,0.0,0.0,0,59,-1.0
best_model.pt,63029536,20260207,1000.0,14.88,[0.01331602],2.6703478579000004,17.298940507469034,0.046194206026999994,0.021100592253289814,46.19420602699999,37,72,0.16256319720592974
best_model.pt,63031140,20260207,9.95539,12.0,[0.61510919],0.6556161648843535,15.184761030863989,0.9999999042052364,0.012601059615502765,9.955389976501461,16,18,0.2653967525719991
best_model.pt,63031379,20260207,10.454783,8.0,[0.31799325],0.8139079928604608,12.84515041773059,0.9999999087810634,0.01429326687058646,10.454783439636232,8,7,0.6056438022163237
best_model.pt,63038827,20260207,0.20634724,26.0,[0.00219234],0.006879694278698599,29.989305386889956,0.9999951616849353,0.002360304169514696,0.2063472419977188,2,8,0.15343482257269064
best_model.pt,63038979,20260207,1000.0,2.25,[255.66614205],300.8653330334317,3.323746164418137,1.0000000000000002,0.015408892601875057,1000.0000000000001,332,19,0.4772205175191721
best_model.pt,63039945,20260207,13.69863,12.0,[0.06251371],0.7898206849298162,17.343953191363745,0.9999999303817806,0.02821487023614683,13.698630332946776,16,8,0.44532943261364544
best_model.pt,63041128,20260207,86.78676,10.0,[5.56073192],0.0,0.0,0.0,0.0,0.0,0,67,-1.0
best_model.pt,63049514,20260207,6.7385445,1.35,[3.23683603],0.0,0.0,0.0,0.0,0.0,0,55,-1.0
best_model.pt,63049540,20260207,42.857143,2.7,[1.63084326],0.0,0.0,0.0,0.0,0.0,0,25,-1.0
best_model.pt,63049739,20260207,2000.0,2.71,[182.55048794],331.2618615130278,6.037519637266857,0.9999999999999994,0.01845088832216863,1999.9999999999989,672,19,1.2278669934614301
best_model.pt,63050276,20260207,4.5454545,2.32,[0.00255852],0.33526346317027617,13.55781778696044,0.9999997901916924,0.21406972656972656,4.545454502105713,24,9,4.843887145293963
best_model.pt,63051533,20260207,1000.0,84.69,[0.00175712],0.0,0.0,0.0,0.0,0.0,0,63,-1.0
best_model.pt,63052095,20260207,14.06198,2.43,[13.19428499],3.445419270600381,4.081354128983281,0.9999999321806577,0.015219880897847,14.061980247497559,58,20,0.6795695542633403
best_model.pt,63053963,20260207,24.875622,6.0,[3.17092648],0.0,0.0,0.0,0.0,0.0,0,72,-1.0
best_model.pt,63055893,20260207,13.28341,3.03,[3.92034767],0.0,0.0,0.0,0.0,0.0,0,35,-1.0
best_model.pt,63056684,20260207,1319.2388,9.52,[45.98966378],87.52009677167054,15.073552282505299,1.000000000000001,0.10562723227999755,1319.2387695312514,439,20,0.5833562560611686
best_model.pt,63057736,20260207,312.5,46.75,[2.16635398],0.0,0.0,0.0,0.0,0.0,0,71,-1.0
best_model.pt,63064394,20260207,11.111111,6.35,[0.00838576],0.33371457981853125,33.29515119820863,0.9999999141693154,0.02563585524863432,11.111110687255858,34,6,4.24333097610262
best_model.pt,63064523,20260207,1678.5256,391.72,[8.52577028],0.0,0.0,0.0,0.0,0.0,0,72,-1.0
best_model.pt,63064971,20260207,1006.7315,408.89,[0.31065263],0.0,0.0,0.0,0.0,0.0,0,2,-1.0
best_model.pt,63067488,20260207,6.04496,12.5,[0.86744673],0.2836280405897411,21.312909317760827,0.9999998422364809,0.07407407407407407,6.044960021972656,2,18,0.7050327454208661
best_model.pt,63075099,20260207,2516.665,16.88,[204.85770863],150.92475460746817,16.67496514361073,1.0,0.030727324498321138,2516.6650390625,369,19,-0.01214656560128403
best_model.pt,63077278,20260207,6.07397,52.0,[0.86941837],0.12269076530000002,46.43416765640097,0.9379514970654826,2.477158663684704e-05,5.69709,16,72,-0.10703523737690436
best_model.pt,63086700,20260207,233.5168,32.0,[0.06727687],336.3857552315,0.39005125403319135,0.5618768589589832,0.625,131.207686057,20,20,-0.9878108983114627
best_model.pt,63086847,20260207,73.6165,27.63,[0.03464871],50.13926000000001,0.1411041514951726,0.09610424018908367,0.75,7.074857880000001,9,8,-0.9948930815859185
best_model.pt,63087865,20260207,1000.0,84.69,[0.0250147],0.0,0.0,0.0,0.0,0.0,0,66,-1.0
best_model.pt,63088304,20260207,2000.0,15.0,[0.05731252],0.6623247495,60.460460778144636,0.02002226,0.006016218189967252,40.04452,30,72,3.0306973852096424
best_model.pt,63088516,20260207,1000.0,3.98,[0.22627417],74.37481494160002,6.533172047316894,0.4859034685340001,0.40344666430031445,485.9034685340001,886,65,0.6415005065346122
best_model.pt,63089129,20260207,1000.0,3.32,[25.49643442],230.46869187834955,4.338984126264118,0.999999999999999,0.02999078314703846,999.999999999999,1351,17,0.30692295587669827
best_model.pt,63092554,20260207,86.40656,18.32,[1.04854549],0.0,0.0,0.0,0.0,0.0,0,66,-1.0
best_model.pt,63092860,20260207,1000.0,264.8,[0.00020505],2.312429808535317,432.44537147184747,0.9999999999999999,0.16453634085213031,999.9999999999999,10,19,0.6331019312959735
best_model.pt,63096817,20260207,1000.0,14.61,[0.69805128],9.019255316,16.829070034381317,0.15178569620000001,0.00206313823377153,151.78569620000002,30,72,0.15188709307668488
best_model.pt,63099873,20260207,172.39891,22.0,[5.11828394],0.0,0.0,0.0,0.0,0.0,0,67,-1.0
best_model.pt,63099926,20260207,1000.0,55.51,[2.91970346],0.0,0.0,0.0,0.0,0.0,0,72,-1.0
best_model.pt,63113659,20260207,715.3815,12.42,[102.6781202],34.72299300461069,20.602528388870212,0.9999999999999992,0.020710530333233387,715.3814697265619,154,17,0.6588187006692745
best_model.pt,63115257,20260207,1000.0,9.5,[0.00125308],25.3385366902,21.10681661660557,0.53481586836,0.11283723624992106,534.81586836,1068,72,1.2217701701690074
best_model.pt,63115262,20260207,1000.0,9.5,[0.01562451],41.2665962464,20.799419976646565,0.8583212871350001,0.09226273741721364,858.3212871350001,2060,72,1.189412629120691
best_model.pt,63116306,20260207,1000.0,24.5,[1.43716639],0.0,0.0,0.0,0.0,0.0,0,47,-1.0
best_model.pt,63117307,20260207,44.70852,22.1,[2.05071799],1.4162915596826215,31.567290724137084,0.9999999999999999,0.029513343799058088,44.70851898193359,4,35,0.4283841710068672
best_model.pt,63118770,20260207,299.3164,5.2,[17.39955424],18.58262300511737,16.10732726269298,1.0000000000000002,0.02188801000842537,299.31640625000006,151,19,2.097563048751201
best_model.pt,63118785,20260207,70.0,9.0,[7.83276082],3.8068895234766256,18.38771027648907,1.0,0.018470790378006873,70.0,43,24,1.0430789196098966
best_model.pt,63119851,20260207,20.0,2.42,[0.57388638],3.9105529585737004,5.114364924220253,0.9999999046325773,0.15785452321622534,19.999999999999996,45,5,1.113373869001084
best_model.pt,63120136,20260207,305.2552,25.0,[15.2970626],9.734903255909034,31.356773519677212,1.0000000000000004,0.005439672059783791,305.25518798828136,87,20,0.25427094078708845
best_model.pt,63120878,20260207,81.95608,55.0,[2.12275236],0.0,0.0,0.0,0.0,0.0,0,72,-1.0
best_model.pt,63121462,20260207,312.5,27.0,[5.04221405],6.7534146667286254,46.27288107550706,0.9999999999999997,0.00426182977617034,312.4999999999999,71,33,0.7138104102039651
best_model.pt,63125663,20260207,470.4109,20.0,[5.02379553],0.0,0.0,0.0,0.0,0.0,0,72,-1.0
best_model.pt,63129337,20260207,1848.9863,6.1,[501.9724986],198.21816416575894,9.32803674465857,1.0000000000000004,0.015206167338567084,1848.9863281250007,430,18,0.5291863754906799
best_model.pt,63129888,20260207,2000.0,12.0,[0.38690969],37.01741754651476,54.028618918601005,0.9999999999999994,0.06943268055816668,1999.9999999999989,841,14,3.502384909883417
best_model.pt,63131421,20260207,1000.0,23.0,[1.06018116],0.0,0.0,0.0,0.0,0.0,0,72,-1.0
best_model.pt,63135763,20260207,84.18721,2.1,[35.57837618],125.4384289473631,0.6711436847410698,1.0000000000000002,0.0008230635761000135,84.18721008300783,74,19,-0.6804077546572564
best_model.pt,63135951,20260207,6.385696,52.0,[0.08681836],0.0974143744,16.75361830770729,0.2555805620956801,3.071045316084092e-05,1.63206,4,72,-0.6778150325440907
best_model.pt,63136165,20260207,6.385696,52.0,[0.07321894],0.0,0.0,0.0,0.0,0.0,0,72,-1.0
best_model.pt,63136956,20260207,1000.0,1.2,[205.14129167],449.75287054349207,2.223443280235505,0.9999999999999997,0.013715529753265602,999.9999999999997,567,20,0.8528693265698423
best_model.pt,63138541,20260207,887.55536,1.17,[184.9532755],305.6624714475733,2.9037105922086965,0.9999999999999984,0.046129044653180705,887.5553588867174,327,19,1.4818040159967267
best_model.pt,63139989,20260207,582.36536,2.31,[317.78170929],124.62215952606903,4.6730481479936365,1.0,0.025023240632005825,582.3653564453125,298,17,1.0229646163413855
best_model.pt,63140913,20260207,199.83508,11.5,[8.4024508],10.174023510020481,19.64169467166048,0.9999999999999996,0.00805774718818197,199.83508300781241,144,23,0.7079734497096071
best_model.pt,63140934,20260207,114.94253,11.5,[0.09721536],6.599974855959042,17.415598220289827,1.0000000000000002,0.033990916464845845,114.94252777099612,89,12,0.5143998452425936
best_model.pt,63151168,20260207,746.9214,400.0,[3.42018205],0.0,0.0,0.0,0.0,0.0,0,50,-1.0
best_model.pt,63151343,20260207,342.4094,30.0,[23.72371624],8.930278182701942,38.342518336246194,1.0,0.0303229983746443,342.4093933105469,261,33,0.2780839445415398
best_model.pt,63152431,20260207,1000.0,43.2,[13.09409854],1.436197156182009,696.2827487944988,1.0000000000000002,0.001929215762429084,1000.0000000000002,139,29,15.117655937446834
best_model.pt,63152697,20260207,1785.3398,17.0,[48.95267063],96.52265778921333,18.49658791153726,0.9999999999999994,0.016773243082777806,1785.339843749999,1159,19,0.08803458303160362
best_model.pt,63153776,20260207,131.89886,8.5,[21.56700081],9.44939067937619,13.958450366066447,1.0000000000000004,0.020666842350403253,131.8988647460938,70,19,0.642170631301935
best_model.pt,63154710,20260207,1000.0,23.61,[0.0218983],0.0,0.0,0.0,0.0,0.0,0,72,-1.0
best_model.pt,63155109,20260207,107.97988,3.79,[18.77440435],29.8097063692,2.336999822714784,0.6451690815632676,0.5333333333333333,69.665280837,126,45,-0.3833773492778176
best_model.pt,63155864,20260207,1000.0,9.0,[0.00150998],44.995229808686645,22.224577628057062,1.000000000000001,0.1404131481877511,1000.000000000001,2119,14,1.4693975142285625
best_model.pt,63156076,20260207,1000.0,9.0,[1.92386922],0.0,0.0,0.0,0.0,0.0,0,72,-1.0
best_model.pt,63156284,20260207,714.2857,50.0,[0.3744654],4.800503744999999,61.695147529741696,0.41463499290546235,0.0014478132974980462,296.16784846,259,72,0.23390295059483393
best_model.pt,63158529,20260207,1000.0,7.66,[0.00066175],4.219069469499999,51.28892289529465,0.21639158000000003,0.05861954570722072,216.39158000000003,442,72,5.695681973495383
best_model.pt,63161144,20260207,60.1006,32.0,[3.02640526],0.0,0.0,0.0,0.0,0.0,0,72,-1.0
best_model.pt,63163299,20260207,309.5489,3.72,[99.73915944],45.719407078201336,6.770623290456526,0.9999999999999998,0.029381706693919263,309.5488891601562,115,19,0.820060010318331
best_model.pt,63169453,20260207,1000.0,3.98,[0.05765783],14.5005736831,6.296899568154193,0.09130866246000001,0.8523417466720815,91.30866246000001,274,27,0.5821355623058673
best_model.pt,63170448,20260207,2.7777777,24.94,[0.09449389],0.0,0.0,0.0,0.0,0.0,0,72,-1.0
best_model.pt,63178103,20260207,24.0051,8.5,[0.85853041],1.8359401287118562,13.075092591387579,0.9999999205440316,0.008583199625618399,24.005100250244137,11,15,0.5382461872220681
best_model.pt,63183978,20260207,1000.0,31.5,[10.74647708],25.176828026241743,39.719060687019166,1.0000000000000016,0.016989372155533127,1000.0000000000015,641,22,0.26092256149267196
best_model.pt,63195753,20260207,72.20216,4.15,[10.5710417],5.7650590547148415,12.524095674812605,1.0,0.20866666666666667,72.20216369628906,19,25,2.0178543101223108
best_model.pt,63196191,20260207,2000.0,25.0,[0.43260526],0.48776855430000005,54.3958715055045,0.013266325,0.003168066576154478,26.53265,17,72,1.17583486022018
best_model.pt,63196383,20260207,1000.0,8.0,[1.43074065],0.0,0.0,0.0,0.0,0.0,0,72,-1.0
best_model.pt,63196659,20260207,131.08508,4.15,[41.06715455],24.676288260346496,5.312187810120192,0.9999999999999998,0.04772669239008652,131.08508300781247,47,21,0.28004522603507626
best_model.pt,63201724,20260207,38.30118,1.53,[55.16257477],0.0,0.0,0.0,0.0,0.0,0,4,-1.0
best_model.pt,63203969,20260207,10.3092785,12.13,[1.16821312],0.5559869489237581,18.542269680692083,0.9999999074936011,0.04155124653739612,10.30927848815918,15,19,0.5286289782155301
best_model.pt,63204129,20260207,11.47175,3.76,[0.40058355],2.287330158321657,5.01534297631694,0.9999999168675908,0.03103448275862069,11.471750259399414,9,1,0.33386781623342937
best_model.pt,63204861,20260207,111.72721,3.6,[60.63759106],18.255998019012146,6.120027224047301,1.0000000000000002,0.09866102889358705,111.72721099853517,53,22,0.7000076072701834
best_model.pt,63204884,20260207,184.27386,3.4,[78.66949549],24.88608185545111,7.404695460367715,0.9999999999999996,0.0046211610667180126,184.27386474609366,48,17,1.1778515449034137
best_model.pt,63205388,20260207,51.54639,14.5,[0.08118717],0.535281699,19.63883760793846,0.2039392068233913,0.002066191294914699,10.512330000000002,6,72,0.35440259365092824
best_model.pt,63209471,20260207,17.54386,10.0,[0.20770012],1.1285358785964326,15.54566785945969,0.9999998912811388,0.03231521508043371,17.543859481811523,30,7,0.5545667859459691
best_model.pt,63212211,20260207,46.08295,52.0,[0.33735622],0.14524320259999998,19.85284058422033,0.06257216525753476,3.7607287093868956e-05,2.88351,6,72,-0.618214604149609
best_model.pt,63212433,20260207,59.58013,95.0,[1.05898437],0.0,0.0,0.0,0.0,0.0,0,72,-1.0
best_model.pt,63213666,20260207,0.20634724,26.0,[0.01491928],0.0033512003,23.16389029617353,0.37630560773714455,0.0003577817531305904,0.07765,1,43,-0.10908114245486421
best_model.pt,63215668,20260207,1000.0,158.41,[0.00331338],0.0,0.0,0.0,0.0,0.0,0,72,-1.0
best_model.pt,63219307,20260207,33.47138,1.09,[8.01462572],0.0,0.0,0.0,0.0,0.0,0,66,-1.0
best_model.pt,63221312,20260207,1000.0,79.06,[0.48195348],0.0,0.0,0.0,0.0,0.0,0,72,-1.0
best_model.pt,63224395,20260207,45.167118,14.0,[0.36357228],2.066481639458547,21.85700339797886,1.0000000000000007,0.025082102028944245,45.167118072509794,104,17,0.5612145284270615
best_model.pt,63224447,20260207,142.85715,1500.0,[0.00557609],0.0,0.0,0.0,0.0,0.0,0,68,-1.0
best_model.pt,63225492,20260207,135.48969,4.48,[8.77292026],0.0,0.0,0.0,0.0,0.0,0,33,-1.0
best_model.pt,63226351,20260207,1000.0,10.01,[0.3985613],68.95821336768378,14.50153559180085,0.9999999999999991,0.20052863250563382,999.9999999999991,280,14,0.44870482120066246
best_model.pt,63231083,20260207,5.645161,7.02,[0.1406971],0.06879694340878044,82.0542137189164,0.9999998211860657,0.015873015873015872,5.645161151885986,1,1,10.688634464652338
best_model.pt,63231247,20260207,1000.0,379.36,[0.03227676],0.0,0.0,0.0,0.0,0.0,0,72,-1.0
best_model.pt,63231700,20260207,1000.0,24.0,[1.53214602],0.0,0.0,0.0,0.0,0.0,0,72,-1.0
best_model.pt,63233770,20260207,1000.0,84.69,[0.00051463],0.0,0.0,0.0,0.0,0.0,0,56,-1.0
best_model.pt,63234573,20260207,229.51535,15.4,[1.81013693],0.0,0.0,0.0,0.0,0.0,0,67,-1.0
best_model.pt,63236174,20260207,23.10231,7.91,[1.85090054],0.0,0.0,0.0,0.0,0.0,0,64,-1.0
best_model.pt,63245295,20260207,1000.0,84.69,[0.00049781],0.0,0.0,0.0,0.0,0.0,0,32,-1.0
best_model.pt,63246122,20260207,1000.0,84.69,[1.19784293],0.2909296814,80.44222041958895,0.02340311,0.0005024527609162149,23.40311,17,72,-0.05015682960637742
best_model.pt,63246165,20260207,1000.0,84.69,[0.63296089],0.0,0.0,0.0,0.0,0.0,0,72,-1.0
best_model.pt,63252365,20260207,45.90532,2.5,[16.15391367],5.0527701652427846,9.08517676985703,1.0,0.010324357880034144,45.90531921386719,21,20,2.6340707079428123
best_model.pt,63259521,20260207,6.334727,3.86,[9.43334828],0.0,0.0,0.0,0.0,0.0,0,46,-1.0
best_model.pt,63273998,20260207,11.750881,13.0,[0.55210189],0.6679015560660175,17.593705980527595,0.9999999188423214,0.0024242424242424242,11.75088119506836,4,11,0.3533619985021227
best_model.pt,63274135,20260207,5.00167,10.0,[1.41366295],0.0,0.0,0.0,0.0,0.0,0,60,-1.0
best_model.pt,63276032,20260207,2662.67,1.0,[2759.05372617],4452.669006437901,0.41540204959057747,0.6946590775831728,0.03289266806608538,1849.6478318381464,646,67,-0.5845979504094225
best_model.pt,63277194,20260207,72.20216,4.15,[6.39427636],0.0,0.0,0.0,0.0,0.0,0,40,-1.0
best_model.pt,63281072,20260207,277.77777,34.1,[0.17046463],0.5779149796,76.83405818045318,0.15985307190266287,0.00031918869869541504,44.40363,38,72,1.253198287934338
best_model.pt,63287123,20260207,307.8781,3.79,[94.91276854],2.2817596238999998,14.246976505553327,0.10558785652249332,0.421875,32.50819,19,32,2.75909674114815
best_model.pt,63298743,20260207,6.849315,28.08,[0.37649119],0.0,0.0,0.0,0.0,0.0,0,72,-1.0
best_model.pt,63299682,20260207,97.50139,69.3,[0.5243416],0.0,0.0,0.0,0.0,0.0,0,72,-1.0
best_model.pt,63302969,20260207,1000.0,20.0,[4.72516865],0.0,0.0,0.0,0.0,0.0,0,72,-1.0
best_model.pt,63304451,20260207,884.46204,28.53,[3.32370453],0.0,0.0,0.0,0.0,0.0,0,72,-1.0
best_model.pt,63305006,20260207,1000.0,12.0,[8.84303314],38.42046396302473,26.027795367973404,0.9999999999999994,0.068359555684306,999.9999999999994,491,25,1.168982947331117
best_model.pt,63311767,20260207,1000.0,12.0,[0.9559277],0.0,0.0,0.0,0.0,0.0,0,71,-1.0
best_model.pt,63316232,20260207,126.52847,36.0,[2.61081075],0.0,0.0,0.0,0.0,0.0,0,72,-1.0
best_model.pt,63317909,20260207,114.94253,11.5,[1.47361244],0.0,0.0,0.0,0.0,0.0,0,72,-1.0
best_model.pt,63320611,20260207,1000.0,84.69,[0.00477691],0.0,0.0,0.0,0.0,0.0,0,56,-1.0
best_model.pt,63322976,20260207,94.94436,3.45,[34.85537668],6.189786779032436,15.338871414509935,0.9999999999999997,0.009351710897438678,94.94435882568357,48,17,3.4460496239147154
best_model.pt,63324168,20260207,50.0,3.0,[0.93465186],7.554445967807432,6.618618174575889,0.9999999999999997,0.08226887587164325,49.999999999999986,38,10,1.2062060581919631
best_model.pt,63333258,20260207,41.273586,3.44,[0.26368119],7.455965856780169,5.535645083462346,0.9999999999999997,0.059156862745098036,41.273586273193345,21,2,0.6091991254021027
best_model.pt,63333434,20260207,1000.0,22.2,[0.70472657],0.0,0.0,0.0,0.0,0.0,0,72,-1.0
best_model.pt,63333682,20260207,273.87567,3.79,[46.25782226],9.234684771399998,12.267108356933953,0.41362889382037127,0.3160919540229885,113.28289099999998,16,29,2.2367040845394235
best_model.pt,63334016,20260207,133.70215,3.79,[45.66501717],11.20365554467812,11.933795712526571,1.0,0.36363636363636365,133.7021484375,24,33,2.1487587948923976
best_model.pt,63335323,20260207,15.898252,13.0,[0.17145281],0.8995730338282355,17.673088523744465,0.9999999400138905,0.056463080263389864,15.898251533508303,10,13,0.35946834798034344
best_model.pt,63336283,20260207,1000.0,12.0,[0.15396235],1.9958267737,18.880772427643464,0.03768277,0.008093945143125472,37.68277,11,61,0.573397702303622
best_model.pt,63336654,20260207,370.37036,22.0,[5.14975026],0.0,0.0,0.0,0.0,0.0,0,71,-1.0
best_model.pt,63338096,20260207,44.41921,1.97,[64.86024678],12.563025086506663,3.5357093283695282,1.0000000000000002,0.004770423375074538,44.419208526611335,24,13,0.7947762827515568
best_model.pt,63339310,20260207,12.987013,1.94,[5.34169872],0.9314689122642261,13.942493141394356,0.999999926567082,0.06161239218447457,12.987012863159176,28,19,6.186851922762573
best_model.pt,63339821,20260207,10.85282,2.0,[2.3370996],0.0,0.0,0.0,0.0,0.0,0,29,-1.0
best_model.pt,63339996,20260207,162.68001,2.0,[55.14468534],0.0,0.0,0.0,0.0,0.0,0,23,-1.0
best_model.pt,63342003,20260207,98.41694,64.62,[1.1094299],0.3890443084425834,252.9703781179591,1.0000000000000007,0.010211233525437648,98.41693878173834,84,21,2.9147379660447252
best_model.pt,63344858,20260207,179.59184,8.8,[1.17298565],9.165693887140069,19.593914576334353,0.999999999999999,0.1464757464757465,179.59184265136702,249,22,1.2265811535963296
best_model.pt,63346965,20260207,139.99414,12.0,[22.41877932],6.467464910288204,21.64590313530722,0.9999999999999998,0.006114605171208945,139.99414062499997,35,18,0.8038252612756015
best_model.pt,63350356,20260207,7.17026,1.0,[22.22256703],30.540631457751616,0.23477771661946245,0.9999998669958696,0.041666666666666664,7.170259952545166,4,16,-0.7652222833805375
best_model.pt,63352392,20260207,72.20216,4.15,[1.33522696],0.0,0.0,0.0,0.0,0.0,0,72,-1.0
best_model.pt,63352636,20260207,507.4561,4.15,[0.10496697],98.42975668228715,5.155514929164529,1.0000000000000004,0.47701149425287354,507.4560852050783,166,2,0.24229272546753303
best_model.pt,63354033,20260207,4.67689,2.06,[2.13933016],0.0,0.0,0.0,0.0,0.0,0,66,-1.0
best_model.pt,63355127,20260207,1.6891892,1.9,[0.2513405],0.4065602381572881,4.154821062846701,0.9999994354251256,0.2625,1.6891891956329346,6,2,1.1867479552541238
best_model.pt,63355311,20260207,1.6891892,1.9,[0.41941804],0.2700571370014633,6.254909459083553,0.9999994354251256,0.04,1.6891891956329346,2,1,2.2920576513538546
best_model.pt,63359739,20260207,1000.0,3.32,[7.14293803],163.98166533200768,6.098242702177073,1.0000000000000016,0.002029364640492294,1000.0000000000016,1145,24,0.8368201279512185
best_model.pt,63359921,20260207,1000.0,86.31,[0.41712417],0.0,0.0,0.0,0.0,0.0,0,72,-1.0
best_model.pt,63360454,20260207,1000.0,22.01,[0.06193176],0.2427358833,23.4408134546564,0.005689950000000001,0.0009780907668231612,5.6899500000000005,5,72,0.06500741530647648
best_model.pt,63363585,20260207,2928.898,300.0,[2.84519895],0.0,0.0,0.0,0.0,0.0,0,72,-1.0
best_model.pt,63370394,20260207,159.52762,8.3,[8.54062092],4.0654541104745086,39.23979334987259,1.0000000000000004,0.016591400340730575,159.52761840820318,49,23,3.72768583712507
best_model.pt,63371100,20260207,1.325791,26.0,[0.02368018],0.05174187005322599,25.622679993515874,0.9999992806757404,0.0017814931984886137,1.3257910013198853,6,14,-0.014512307941697163
best_model.pt,63372853,20260207,209.44122,2.5,[75.19263141],0.0,0.0,0.0,0.0,0.0,0,22,-1.0
best_model.pt,63372872,20260207,4.0774717,52.0,[0.0248076],0.0597560064,54.37103020609144,0.7968293719155942,2.564891445482492e-06,3.2490499999999995,2,72,0.04559673473252769
best_model.pt,63373937,20260207,40.68809,1.15,[50.05249314],25.402987289484745,1.6017049181146341,1.0,0.02857142857142857,40.68809127807617,16,20,0.3927869141924016
best_model.pt,63374999,20260207,500.0,10.0,[0.42459713],10.476328134372364,47.72664103875109,0.9999999999999996,0.034210842315951256,499.9999999999998,418,11,3.772664103875109
best_model.pt,63375302,20260207,1000.0,393.19,[0.02455357],0.0,0.0,0.0,0.0,0.0,0,72,-1.0
best_model.pt,63375453,20260207,1000.0,386.54,[0.85224364],0.0,0.0,0.0,0.0,0.0,0,72,-1.0
best_model.pt,63377282,20260207,1000.0,28.0,[0.01349138],0.0,0.0,0.0,0.0,0.0,0,25,-1.0
best_model.pt,63377702,20260207,23.809525,25.93,[0.00267095],0.0,0.0,0.0,0.0,0.0,0,72,-1.0
best_model.pt,63378800,20260207,376.11768,28.6,[27.49861712],9.488323714590358,39.64005102005915,0.9999999999999997,0.007996621154797254,376.1176757812499,31,19,0.3860157514453181
best_model.pt,63378942,20260207,12.07632,5.6,[2.83567334],0.0,0.0,0.0,0.0,0.0,0,72,-1.0
best_model.pt,63379069,20260207,1000.0,116.0,[0.0457643],0.0,0.0,0.0,0.0,0.0,0,72,-1.0
best_model.pt,63380156,20260207,34.70317,2.0,[19.27245353],10.116831084837095,3.4302408585370916,1.0,0.04796511627906977,34.70317077636719,17,24,0.7151204292685458
best_model.pt,63380247,20260207,6.73505,5.45,[1.33741146],0.0,0.0,0.0,0.0,0.0,0,72,-1.0
best_model.pt,63381071,20260207,1000.0,19.41,[20.43495715],38.51601695607035,25.96322395374712,1.0,0.066128272878897,1000.0,4933,20,0.3376210282252392
best_model.pt,63382374,20260207,1000.0,83.45,[0.10441107],0.0,0.0,0.0,0.0,0.0,0,72,-1.0
best_model.pt,63383639,20260207,1000.0,23.0,[10.40442665],26.315909918542804,37.99982463443355,1.0000000000000018,0.007974137931034483,1000.0000000000017,407,22,0.6521662884536327
best_model.pt,63385982,20260207,166.66667,44.0,[5.19807291],0.0,0.0,0.0,0.0,0.0,0,72,-1.0
best_model.pt,63386669,20260207,1000.0,8.55,[0.0704291],7.8824083809,36.376319237464074,0.28673303999999994,0.0048704936072624305,286.73303999999996,816,72,3.2545401667806946
best_model.pt,63387460,20260207,1000.0,20.0,[1.33588566],0.0,0.0,0.0,0.0,0.0,0,57,-1.0
best_model.pt,63392724,20260207,1000.0,12.0,[0.5881268],12.903432527699998,17.67817143478243,0.22810910999999998,0.013158603053361294,228.10911,53,72,0.47318095289853596
best_model.pt,63393176,20260207,10.416667,9.38,[0.00764137],0.24942568830534173,41.76243951812522,0.9999999084472768,0.06151651651651652,10.416666984558105,24,10,3.4522856085929177
best_model.pt,63395435,20260207,166.66667,34.0,[0.50343341],0.0,0.0,0.0,0.0,0.0,0,72,-1.0
best_model.pt,63396395,20260207,35.40957,45.67,[1.54909442],0.0,0.0,0.0,0.0,0.0,0,72,-1.0
best_model.pt,63400025,20260207,37.5,12.3,[0.17373209],1.8490094079299586,20.28111893755252,0.9999999999999998,0.011367312591978328,37.49999999999999,57,10,0.6488714327687197
best_model.pt,63400463,20260207,37.936268,175.0,[0.10201452],0.014615091,8.281283962996673,0.00319061433427537,0.0035714285714285718,0.12104,1,28,-0.9526783773543047
best_model.pt,63400580,20260207,62.5,12.3,[2.78376478],0.0,0.0,0.0,0.0,0.0,0,66,-1.0
best_model.pt,63400626,20260207,10.53743,3.2,[3.91767969],0.0,0.0,0.0,0.0,0.0,0,72,-1.0
best_model.pt,63400716,20260207,72.289154,20.0,[0.38408235],0.0428804562,40.47670377387977,0.02401051752153332,0.0007314941480468157,1.7357,2,72,1.0238351886939885
best_model.pt,63400779,20260207,2.2580645,3.08,[0.02336092],0.2817521107956448,8.014337453317,0.9999995776586937,0.09090909090909091,2.25806450843811,12,2,1.6020576791682615
best_model.pt,63402273,20260207,1.693767,48.0,[0.01482089],0.03470993104621941,48.79635609040954,0.9999994369510052,0.0006376343172788349,1.6937669515609741,3,24,0.016590751883532057
best_model.pt,63402334,20260207,7.22587,2.4,[1.55752638],0.0,0.0,0.0,0.0,0.0,0,72,-1.0
best_model.pt,63403274,20260207,10.10101,9.3,[0.21543627],0.6225822926741006,16.224351731613698,0.9999999055862538,0.01240190069977304,10.101010322570803,18,6,0.7445539138566071
best_model.pt,63403381,20260207,11.363636,9.8,[2.17685475],0.0,0.0,0.0,0.0,0.0,0,72,-1.0
best_model.pt,63405128,20260207,1000.0,86.31,[0.6356252],0.193321664,90.55130752801958,0.01750562,2.6612103174603174e-05,17.50562,2,72,0.049140425088605826
best_model.pt,63406536,20260207,19.62989,98.0,[0.19507662],0.008956434958508673,2191.4633522678373,0.9999998807907104,0.045454545454545456,19.62989044189453,1,11,21.361870941508545
best_model.pt,63406884,20260207,988.05615,23.0,[31.67529457],27.894000093481225,35.421815215123694,1.0000000000000002,0.020450534620575105,988.0561523437502,197,19,0.5400789223966823
best_model.pt,63407342,20260207,402.3843,1.91,[101.78377592],157.08393148137276,2.5615879454064663,0.999999999999999,0.022091369745037955,402.3843078613277,1103,17,0.34114554459268503
best_model.pt,63407584,20260207,8.733624,1.18,[10.17999456],0.0,0.0,0.0,0.0,0.0,0,45,-1.0
best_model.pt,63411075,20260207,850.27783,260.5,[1.42007869],0.0,0.0,0.0,0.0,0.0,0,72,-1.0
best_model.pt,63412723,20260207,1017.58417,1.26,[1235.29383744],412.08631340753135,2.4693471535046734,1.0000000000000007,0.03848942415291405,1017.5841674804693,299,18,0.9597993430117273
best_model.pt,63413074,20260207,35.0,2.4,[4.07196197],0.0,0.0,0.0,0.0,0.0,0,72,-1.0
best_model.pt,63414046,20260207,1912.793,303.8,[9.38228693],0.0143198724,333.9028423994617,0.0024998941747077143,7.842399146746973e-07,4.78178,1,72,0.09908774133002006
best_model.pt,63415176,20260207,391.68222,5.0,[167.08847847],50.79615081062496,7.710864041812259,1.0000000000000007,0.036458333333333336,391.68222045898466,210,18,0.5421728083624519
best_model.pt,63417058,20260207,4.03872,17.27,[0.07157957],0.10093469150235257,40.01280489395842,0.99999976386725,0.03787878787878787,4.03872013092041,2,11,1.316896574022428
best_model.pt,63417588,20260207,250.18294,52.0,[7.08517945],5.58411391801218,44.80261264235045,0.9999999999999997,0.0028353040270612836,250.18293762207023,137,24,-0.1384112953394145
best_model.pt,63418375,20260207,111.04177,7.1,[8.52963425],0.0,0.0,0.0,0.0,0.0,0,69,-1.0
best_model.pt,63418435,20260207,1.7391304,17.27,[0.00217101],0.06294449479860507,27.629147778309484,0.999999451637551,0.0056202211151730975,1.7391303777694707,7,13,0.5998348028930649
best_model.pt,63419441,20260207,37.5,7.5,[0.23269522],4.035542519484993,9.292428595785697,1.0000000000000002,0.019071343632797402,37.50000000000001,138,5,0.23899047943809298
best_model.pt,63421324,20260207,1000.0,1.4,[0.86152011],151.33090676287992,6.608035429001051,1.0000000000000007,0.02358901252056122,1000.0000000000007,432,34,3.7200253868108755
best_model.pt,63423264,20260207,2919.6333,6.1,[570.78607345],344.2423183148082,8.481331715962732,1.0000000000000009,0.010634920634920634,2919.6333007812527,469,18,0.39038227025572425
best_model.pt,63423338,20260207,1000.0,15.5,[0.88754787],39.18818002667919,25.517897840657707,1.0000000000000002,0.06734553463207973,1000.0000000000002,170,23,0.646315989719852
best_model.pt,63423732,20260207,114.94253,11.5,[0.30469415],6.26912613971868,18.334694002737038,0.9999999999999999,0.04387202548698787,114.94252777099608,108,13,0.5943212176293077
best_model.pt,63425723,20260207,243.00836,27.5,[14.68135859],7.181997878903822,33.83575602193581,0.9999999999999999,0.0052925610114672155,243.00836181640622,18,19,0.230391128070393
best_model.pt,63425781,20260207,21.276596,27.5,[0.75139687],0.0,0.0,0.0,0.0,0.0,0,72,-1.0
best_model.pt,63426601,20260207,7170.8057,339.26,[20.49040156],0.0129100979,465.9200980886374,0.0008388931846455865,4.6276129904876284e-07,6.0155400000000006,2,72,0.3733422291961688
best_model.pt,63426622,20260207,2070.2722,414.17,[8.96231604],0.0,0.0,0.0,0.0,0.0,0,72,-1.0
best_model.pt,63427727,20260207,1000.0,86.19,[0.00437503],0.0815158346,42.264153372805275,0.00344524,0.009057486631016043,3.44524,4,68,-0.5096397241485482
best_model.pt,63428201,20260207,1000.0,3.83,[0.08209216],102.02136915116446,9.801867966665277,1.0,0.3781122598380051,1000.0,320,9,1.5592345070285574
best_model.pt,63428371,20260207,52.63158,10.0,[3.92201246],0.0,0.0,0.0,0.0,0.0,0,72,-1.0
best_model.pt,63428584,20260207,32.258064,8.0,[1.65197101],0.0,0.0,0.0,0.0,0.0,0,72,-1.0
best_model.pt,63430523,20260207,1000.0,321.87,[0.00623512],0.0,0.0,0.0,0.0,0.0,0,61,-1.0
best_model.pt,63437499,20260207,1000.0,23.0,[1.16521397],24.037823092476213,41.60110316777793,1.0000000000000009,0.039039907460960095,1000.0000000000008,270,19,0.8087436159903447
best_model.pt,63449407,20260207,4.716981,3.36,[0.00020804],0.5770097096069633,8.174858552202759,0.9999998211860657,0.0625,4.716980934143066,1,2,1.4329936926886768
best_model.pt,63450741,20260207,77.27273,21.92,[0.89085351],0.19754525963474992,391.1626983430656,1.0,0.08333333333333333,77.2727279663086,3,22,16.845013548430614
best_model.pt,63451974,20260207,68.71583,2.5,[35.6540986],14.037857673581543,4.8950363114293065,0.9999999999999993,0.039116379310344826,68.71582794189449,50,20,0.9580145245717226
best_model.pt,63454972,20260207,67.95028,5.05,[7.86490391],1.3524954023161802,50.24063584899264,1.0,0.04342136248948696,67.95027923583984,16,25,8.948640386423778
best_model.pt,63456215,20260207,279.74338,1.62,[19.50522382],64.42599326302843,4.3420886380651575,0.9999999999999996,0.033963707666500434,279.74337768554676,177,23,1.6803016205459775
best_model.pt,63456596,20260207,351.7588,550.0,[0.17648232],0.0,0.0,0.0,0.0,0.0,0,72,-1.0
best_model.pt,63458242,20260207,51.78525,52.0,[1.80177477],0.0,0.0,0.0,0.0,0.0,0,72,-1.0
best_model.pt,63459526,20260207,1000.0,11.82,[7.65212004],33.15284698738521,30.163321123437218,0.9999999999999993,0.02315061826377758,999.9999999999993,196,24,1.551888485804719
best_model.pt,63461105,20260207,0.8063703,33.0,[0.01475805],0.0040823036,33.47289679856281,0.16950007361257938,0.0003611412062116287,0.13668,1,71,0.01433020601705477
best_model.pt,63461403,20260207,7.76066,25.0,[0.11287704],0.2677222743241528,28.987618618889186,0.9999998771142945,0.009862393325493842,7.760660171508788,42,14,0.15950474475556745
best_model.pt,63461553,20260207,3.40762,2.84,[0.47569256],0.8269812453376815,4.120547898539327,0.9999997201348558,0.8333333333333334,3.4076199531555176,5,1,0.4508971912221238
best_model.pt,63463244,20260207,1000.0,36.49,[1.92236149],0.0,0.0,0.0,0.0,0.0,0,72,-1.0
best_model.pt,63463364,20260207,117.64706,5.0,[4.04439073],0.0,0.0,0.0,0.0,0.0,0,37,-1.0
best_model.pt,63464061,20260207,346.15384,6.1,[49.9737921],38.005203410769425,9.108064131691384,1.0,0.0399609375,346.1538391113281,67,20,0.4931252908339193
best_model.pt,63465917,20260207,1000.0,310.7,[0.78940957],0.0,0.0,0.0,0.0,0.0,0,72,-1.0
best_model.pt,63466342,20260207,80.63901,2.78,[8.2972548],0.0,0.0,0.0,0.0,0.0,0,47,-1.0
best_model.pt,63467432,20260207,4.347826,2.19,[0.39063373],0.674485568648528,6.446126885432396,0.9999997806549512,0.43037518037518036,4.34782600402832,16,4,1.9434368570810905
best_model.pt,63468715,20260207,1000.0,86.19,[0.0005304],0.0,0.0,0.0,0.0,0.0,0,16,-1.0
best_model.pt,63471673,20260207,166.66667,5.0,[5.70884773],0.0,0.0,0.0,0.0,0.0,0,64,-1.0
best_model.pt,63471771,20260207,33.333332,11.0,[2.05387755],0.0,0.0,0.0,0.0,0.0,0,72,-1.0
best_model.pt,63472525,20260207,1025.556,1.74,[871.85791609],331.06051766891744,3.0977901998004844,1.0000000000000002,0.026822375086652802,1025.5560302734377,503,19,0.7803391855297971
best_model.pt,63473865,20260207,8.695652,1.88,[1.90251813],0.0,0.0,0.0,0.0,0.0,0,72,-1.0
best_model.pt,63474208,20260207,1000.0,82.0,[0.00130291],0.0,0.0,0.0,0.0,0.0,0,72,-1.0
best_model.pt,63474289,20260207,1000.0,73.77,[1.35e-05],4.977669876633186,200.8971715454967,1.0000000000000002,0.05472824846271732,1000.0000000000001,51,10,1.7232910490362463
best_model.pt,63480295,20260207,1000.0,5.38,[0.09065174],47.04491020205067,21.25628414314893,0.9999999999999992,0.2816713354923734,999.9999999999992,3191,19,2.9509820986979394
best_model.pt,63481146,20260207,1000.0,327.97,[1.77890741],0.0,0.0,0.0,0.0,0.0,0,72,-1.0
best_model.pt,63483455,20260207,26154.117,96.0,[360.67545938],326.26319208437405,80.16263477423944,0.9999999999999939,0.14809793663481263,26154.11718749984,13834,67,-0.16497255443500589
best_model.pt,63488641,20260207,1884.9242,20.6,[28.05685289],63.02519854689544,29.90746888367113,1.0000000000000009,0.01350954825433538,1884.924194335939,567,19,0.45181885096340724
best_model.pt,63494257,20260207,83.03227,11.0,[14.87186982],5.259264364076039,15.787808104536383,0.9999999999999998,0.006136363636363636,83.03227233886717,27,20,0.4352552822305803
best_model.pt,63494470,20260207,58.7649,10.5,[0.40920029],4.1000500137497,14.332724156467537,1.0,0.0076335877862595426,58.76490020751953,9,9,0.3650213482350035
best_model.pt,63501118,20260207,1000.0,15.36,[0.4264735],2.6441925187999997,16.226906122768312,0.04290708000000001,0.009085773887969622,42.90708000000001,28,72,0.05643922431431877
best_model.pt,63510498,20260207,2.93115,8.3,[0.1458486],0.04498502717872319,65.1568974499384,0.9999996746416869,0.0046497500776995476,2.931149959564209,20,9,6.850228428027247
best_model.pt,63517708,20260207,2000.0,15.0,[0.34900787],1.0790867986000001,38.16538381161527,0.0205919,0.017345809248731376,41.1838,35,72,1.5443589207743513
best_model.pt,63518080,20260207,1000.0,9.0,[3.24339803],0.0,0.0,0.0,0.0,0.0,0,51,-1.0
best_model.pt,63520550,20260207,1000.0,25.3,[0.86626977],0.0,0.0,0.0,0.0,0.0,0,72,-1.0
best_model.pt,63523189,20260207,1000.0,18.66,[0.56119186],0.6328571973000001,17.37122609283139,0.010993522829999998,0.0013493635411460038,10.993522829999998,17,51,-0.06906611817359988
best_model.pt,63524267,20260207,38.46154,2.76,[0.04206534],2.2399832005783997,17.170451564897903,0.9999999999999998,0.22807328605200947,38.46154022216796,16,3,5.221178124720174
best_model.pt,63529958,20260207,164.5273,5.57,[50.97008599],11.074710442850018,14.856125039705102,0.9999999999999997,0.017561114431258712,164.52729797363276,73,17,1.6671677884839151
best_model.pt,63530218,20260207,83.333336,2.47,[14.20114845],11.591461979584725,7.189199156589144,0.9999999999999993,0.03839037927844589,83.33333587646479,83,23,1.910606912273689
best_model.pt,63530858,20260207,731.0965,13.27,[20.32306481],18.334456857699994,6.444551002401813,0.16161662559967785,0.5260416666666666,118.15734876533429,41,48,-0.514351862841768
best_model.pt,63531248,20260207,34.41965,2.1,[22.04018501],60.07239321899735,0.5729695225067164,1.0,0.0012933690592398421,34.41965103149414,53,23,-0.7271573578442769
best_model.pt,63531465,20260207,12.32902,1.45,[3.69897094],0.0,0.0,0.0,0.0,0.0,0,72,-1.0
best_model.pt,63532364,20260207,72.20216,4.15,[9.02839086],0.0,0.0,0.0,0.0,0.0,0,72,-1.0
best_model.pt,63532391,20260207,238.66006,4.15,[4.77656644],0.0,0.0,0.0,0.0,0.0,0,72,-1.0
best_model.pt,63533300,20260207,2094.1917,3.61,[88.02355927],325.63710690721473,6.431059604507153,1.0000000000000002,0.058379567871329086,2094.1916503906255,1008,23,0.78145700592505
best_model.pt,63533681,20260207,7.47524,1.97,[11.23535403],2.647848283607299,2.8231366025397047,0.9999998724222678,0.00018443688066933822,7.475240230560302,11,19,0.4330642444362476
best_model.pt,63533738,20260207,74.38692,3.79,[7.22517273],4.863563375960785,15.294732703021504,0.9999999999999998,0.13978494623655913,74.3869171142578,11,31,3.035549566481663
best_model.pt,63533809,20260207,2000.0,18.0,[6.48886229],0.0,0.0,0.0,0.0,0.0,0,67,-1.0
best_model.pt,63533942,20260207,1000.0,1.98,[2.83604406],0.0,0.0,0.0,0.0,0.0,0,56,-1.0
best_model.pt,63534270,20260207,2000.0,15.0,[0.97188761],0.011767971,20.95085458193414,0.000123285,3.6497956397737644e-05,0.24657,2,72,0.3967236387956094
best_model.pt,63535088,20260207,1582.6045,2.13,[769.19870949],466.0711653574725,3.395628407043864,1.0,0.03283437952679865,1582.6044921875,748,19,0.5941916547432429
best_model.pt,63535386,20260207,117.61521,4.62,[53.1943537],5.398163148214796,21.78800204245594,1.0000000000000002,0.04758556024378809,117.61521148681642,40,18,3.7160178749267003
best_model.pt,63535808,20260207,9.09778,3.82,[2.53080147],0.0,0.0,0.0,0.0,0.0,0,48,-1.0
best_model.pt,63536636,20260207,208.86076,5.6,[1.63272923],0.0,0.0,0.0,0.0,0.0,0,72,-1.0
best_model.pt,63537092,20260207,714.2857,50.0,[3.20883585],0.0,0.0,0.0,0.0,0.0,0,72,-1.0
best_model.pt,63537243,20260207,2.6845639,2.14,[0.84322107],0.7014358215539507,3.8272354582855073,0.9999996447564587,0.2,2.6845638751983643,6,1,0.7884276965756896
best_model.pt,63537321,20260207,1.8461539,2.49,[0.02720118],0.22691821656099498,8.135731663904952,0.9999994834266814,0.3673093401885175,1.8461538553237917,12,2,2.2673621015039997
best_model.pt,63537589,20260207,4.26584,3.12,[0.46447201],0.18691301656558856,22.822472770849995,0.99999977643932,0.325,4.26584005355835,10,5,6.3148953871709415
best_model.pt,63537852,20260207,12.03287,2.37,[6.56013708],0.0,0.0,0.0,0.0,0.0,0,40,-1.0
best_model.pt,63537981,20260207,1000.0,3.26,[0.02298273],55.23049526739602,18.105939065956264,0.9999999999999972,0.29462348998384896,999.9999999999973,2049,20,4.5539690548843685
best_model.pt,63538339,20260207,1011.9877,3.6,[104.41203034],191.5944975525694,5.281924473529552,1.000000000000001,0.012972972972972974,1011.9876708984385,228,19,0.46720128151465823
best_model.pt,63539511,20260207,354.54544,2.69,[14.27960343],0.0,0.0,0.0,0.0,0.0,0,67,-1.0
best_model.pt,63541222,20260207,468.76926,17.6,[0.07958063],13.962233680099999,8.16918983102088,0.24331831484913966,0.021149905145304453,114.06014556699996,169,55,-0.5358414969341783
best_model.pt,63541909,20260207,312.5,26.0,[23.84098276],8.782921542853058,35.58041169955344,1.0000000000000018,0.012959836524010589,312.50000000000057,1011,19,0.3684773730597476
best_model.pt,63543019,20260207,7.11443,2.32,[3.09833648],0.0,0.0,0.0,0.0,0.0,0,52,-1.0
best_model.pt,63548375,20260207,1000.0,18.08,[0.18686606],0.0,0.0,0.0,0.0,0.0,0,72,-1.0
best_model.pt,63552128,20260207,86.2854,4.15,[12.18227438],0.0,0.0,0.0,0.0,0.0,0,72,-1.0
best_model.pt,63554448,20260207,316.3261,8.2,[39.77013989],7.472759134357718,42.33055860918939,0.9999999999999988,0.010686459339946375,316.32611083984335,877,19,4.162263365099145
best_model.pt,63557880,20260207,197.36842,25.75,[12.65917044],11.307936438675753,17.45397200261018,0.9999999999999999,0.010749577629900354,197.36842346191403,9,20,-0.322175844558828
best_model.pt,63558513,20260207,1000.0,30.39,[0.02848007],0.0,0.0,0.0,0.0,0.0,0,48,-1.0
best_model.pt,63559263,20260207,4.53857,4.5,[0.66466299],0.4394228748584608,10.32845547747595,0.9999997898734334,0.04180602006688963,4.538569927215576,6,3,1.295212328327989
best_model.pt,63559570,20260207,1000.0,33.45,[5.34168307],0.0,0.0,0.0,0.0,0.0,0,72,-1.0
best_model.pt,63559834,20260207,315.59442,15.4,[9.69270179],15.781836782564534,19.99731753265019,1.0000000000000004,0.015398886827458257,315.5944213867189,83,22,0.2985271446752587
best_model.pt,63560316,20260207,4.5454545,2.83,[0.0950479],0.11281957753468164,40.28923270409971,0.9999997901916924,0.009259259259259259,4.545454502105713,2,1,13.236478371115481
best_model.pt,63560778,20260207,65.36903,10.0,[0.0742071],4.350314798918603,15.026273225894526,1.0,0.016566464227220475,65.36903381347656,26,7,0.5026273225894526
best_model.pt,63561739,20260207,1000.0,8.37,[0.62055523],3.4302964339999997,32.033779027687665,0.10988539,0.0023563918887266385,109.88539,250,72,2.8272137951825
best_model.pt,63563441,20260207,32.60413,2.5,[19.8699626],7.197048361909688,4.530207888223861,1.0000000000000002,0.022727272727272728,32.60412979125977,14,22,0.8120831552895442
best_model.pt,63568994,20260207,1000.0,1.56,[9.9982732],0.4994650026,2.677499555602386,0.0013373200000000001,5.199559077390237e-06,1.33732,1,62,0.716345931931082
best_model.pt,63570480,20260207,1000.0,300.0,[0.06755916],0.0,0.0,0.0,0.0,0.0,0,72,-1.0
best_model.pt,63572499,20260207,1000.0,18.54,[5.7363358],0.0,0.0,0.0,0.0,0.0,0,72,-1.0
best_model.pt,63572763,20260207,16.34594,1.35,[15.40269073],0.0,0.0,0.0,0.0,0.0,0,26,-1.0
best_model.pt,63573065,20260207,2.75494,5.0,[0.3819591],0.5252358171715268,5.245138845739564,0.9999996538313085,0.0028873917228103944,2.7549400329589844,3,1,0.049027769147912716
best_model.pt,63574325,20260207,1000.0,300.0,[0.19291062],0.0,0.0,0.0,0.0,0.0,0,72,-1.0
best_model.pt,63574326,20260207,1000.0,11.0,[0.20760699],2.016579364599999,82.23892928407818,0.16584140999999994,0.001004089983314485,165.84140999999994,13,72,6.476266298552562
best_model.pt,63576343,20260207,1000.0,18.08,[0.07826478],0.0,0.0,0.0,0.0,0.0,0,72,-1.0
best_model.pt,63576544,20260207,0.8063703,33.0,[0.01235331],0.0050669345,46.206200968066966,0.2903997090858773,0.000397456279809221,0.23417,1,68,0.4001879081232414
best_model.pt,63577289,20260207,1000.0,10.01,[0.0003936],11.845091817299998,37.630603396284975,0.4457379900000001,0.11669786941867263,445.7379900000001,169,72,2.759300952632295
best_model.pt,63577520,20260207,151.51515,52.0,[0.13484359],0.0,0.0,0.0,0.0,0.0,0,72,-1.0
best_model.pt,63578117,20260207,23.45548,52.0,[0.40151163],0.4047474559,33.6964349120819,0.5814666148921547,2.384642841645249e-05,13.63858,27,72,-0.35199163630611735
best_model.pt,63578431,20260207,57.67297,52.0,[1.76752126],0.0,0.0,0.0,0.0,0.0,0,72,-1.0
best_model.pt,63580443,20260207,130.7283,3.79,[28.65344828],33.06342438004768,3.9538644438468236,1.0000000000000002,0.39565217391304347,130.72830200195315,30,23,0.04323601151533487
best_model.pt,63581835,20260207,208.86076,4.7,[0.62691936],29.975092018760332,6.967810355720538,0.9999999999999999,0.11490372247982483,208.86076354980466,70,10,0.48251290180583706
best_model.pt,63583264,20260207,41.666668,2.37,[3.14652901],0.0,0.0,0.0,0.0,0.0,0,28,-1.0
best_model.pt,63585050,20260207,67.94634,20.0,[0.33539099],2.7501036733572795,24.70682048087792,1.0,0.006739716301396841,67.94634246826172,13,19,0.23534102404389595
best_model.pt,63585415,20260207,1000.0,229.83,[0.00054316],0.9548854833,527.8136499096887,0.50400212,0.0023879142300194927,504.00212,3,72,1.296539379996517
best_model.pt,63585819,20260207,104.166664,20.0,[1.96296555],0.0,0.0,0.0,0.0,0.0,0,72,-1.0
best_model.pt,63585859,20260207,106.96745,20.0,[5.66869632],0.0,0.0,0.0,0.0,0.0,0,72,-1.0
best_model.pt,63592846,20260207,1000.0,22.0,[0.1877848],0.0006305742,17.986801867460702,1.136e-05,0.00010936132983377078,0.01136,1,72,-0.18241809693360445
best_model.pt,63592988,20260207,70.92199,1.65,[32.41290031],7.149474690248758,9.91988678801289,1.0000000000000004,0.00897536016139135,70.921989440918,43,18,5.012052685667513
best_model.pt,63596498,20260207,524.1249,24.0,[1.1231734],12.132331003282689,43.2006705543397,1.0000000000000002,0.038529621250209485,524.1248779296876,76,18,0.8000279397641542
best_model.pt,63596870,20260207,280.89886,3.0,[4.41667541],0.0,0.0,0.0,0.0,0.0,0,70,-1.0
best_model.pt,63597112,20260207,1707.9103,7.91,[27.67185869],140.13007256687715,12.188035265001208,0.9999999999999999,0.0037906631498537064,1707.9102783203123,526,18,0.5408388748564553
best_model.pt,63598203,20260207,181.81818,2.55,[70.36833089],33.43073963796993,5.438652354085926,0.9999999999999996,0.03367875647668394,181.81817626953116,117,18,1.132804884621956
best_model.pt,63598374,20260207,5.0761423,2.43,[0.0002938],0.6243455654787018,8.130327916842448,0.9999998121262016,0.4166666666666667,5.076142311096191,5,2,2.3458138656318006
best_model.pt,63599572,20260207,147.05882,2.54,[26.27044761],33.29423473091015,4.416945438255174,1.0000000000000002,0.021806853582554516,147.05882263183597,49,21,0.7389549230673383
best_model.pt,63599957,20260207,1000.0,36.05,[0.0705264],0.0,0.0,0.0,0.0,0.0,0,72,-1.0
best_model.pt,63600227,20260207,33.333332,2.5,[2.02386723],0.0,0.0,0.0,0.0,0.0,0,38,-1.0
best_model.pt,63601569,20260207,115.99469,2.63,[66.05690356],27.256228001616602,4.255713067810174,1.0000000000000016,0.012353801169590643,115.99468994140643,169,18,0.6181417804671269
best_model.pt,63601844,20260207,1000.0,79.04,[0.00037478],0.0,0.0,0.0,0.0,0.0,0,68,-1.0
best_model.pt,63604272,20260207,70.0,8.5,[13.10762524],5.906089918190338,11.852171083991443,1.0,0.0029914529914529917,70.0,14,20,0.3943730687048757
best_model.pt,63610006,20260207,2000.0,18.0,[0.5292172],4.669066741299999,37.430033077939655,0.08738167999999999,0.01766453655924145,174.76335999999998,298,72,1.0794462821077586
best_model.pt,63611224,20260207,1000.0,6.6,[1.23354341],0.0,0.0,0.0,0.0,0.0,0,72,-1.0
best_model.pt,63612668,20260207,2000.0,15.0,[0.43736783],7.334314410700002,144.21584848353942,0.5288622599999999,0.027835659523817113,1057.7245199999998,658,72,8.614389898902628
best_model.pt,63613810,20260207,67.22689,4.0,[9.4528637],7.5930830535191065,8.85370030018405,1.0,0.011695906432748537,67.22689056396484,46,23,1.2134250750460125
best_model.pt,63614842,20260207,1000.0,10.01,[0.07968113],17.9778516594,14.963919501216912,0.26901914,0.08672500608754724,269.01914,78,66,0.49489701888732646
best_model.pt,63615321,20260207,121.09166,2.17,[35.63907684],21.435383418487696,5.649148024677303,0.9999999999999998,0.022163396259471772,121.09165954589841,204,17,1.6032939290607089
best_model.pt,63615646,20260207,81.49904,20.0,[0.30864492],1.3389987445,25.361722539148705,0.4166839332492187,0.000456045299410513,33.959340000000005,10,72,0.2680861269574352
best_model.pt,63616549,20260207,743.55707,2.0,[360.41571185],245.82868034558294,3.0246961575073885,0.9999999999999989,0.01143776248771334,743.557067871093,256,19,0.5123480787536943
best_model.pt,63616775,20260207,1000.0,69.33,[0.09786664],0.5857998344,41.482477615262326,0.024300469999999998,0.0005142439542038659,24.300469999999997,5,72,-0.40166628415288375
best_model.pt,63617797,20260207,1000.0,42.0,[0.51157848],0.0,0.0,0.0,0.0,0.0,0,72,-1.0
best_model.pt,63618506,20260207,7.2016463,5.02,[0.46297299],0.7751892626019106,9.29016613779465,0.9999998675755312,0.0472490910338204,7.201646327972412,5,2,0.8506307117714401
best_model.pt,63619732,20260207,330.87964,2.2,[108.96754828],49.07101405280001,2.5875356330693,0.38374377012033656,0.00944055944055944,126.97300000000003,27,20,0.1761525349936258
best_model.pt,63621161,20260207,1000.0,100.0,[0.71729317],0.0,0.0,0.0,0.0,0.0,0,72,-1.0
best_model.pt,63621861,20260207,1000.0,23.0,[0.81405666],0.08221002799999999,25.92097498160466,0.00213099,2.1735350373848025e-05,2.13099,1,72,0.12699891224368096
best_model.pt,63622918,20260207,1350.1515,4.28,[332.02644072],120.88950926717197,11.168475132986377,0.9999999999999991,0.05646974565071518,1350.1514892578114,905,18,1.609456678855275
best_model.pt,63623050,20260207,85.65349,25.0,[2.66045464],2.217284129099966,38.62989339307386,1.0000000000000002,0.003393939393939394,85.6534881591797,14,33,0.5451957357229543
best_model.pt,63623138,20260207,37.10185,25.0,[0.38901678],0.0179898012,19.020831601429734,0.009223260104048652,4.409171075837743e-05,0.3422,1,72,-0.23916673594281065
best_model.pt,63623552,20260207,23.47515,25.0,[0.73385913],0.1694316461,23.575977782005495,0.1701603661441012,9.099185433598212e-05,3.9945403,4,67,-0.0569608887197802
best_model.pt,63623668,20260207,23.809525,25.0,[0.22626096],0.0,0.0,0.0,0.0,0.0,0,72,-1.0
best_model.pt,63623744,20260207,91.2677,25.0,[0.84652594],0.0,0.0,0.0,0.0,0.0,0,72,-1.0
best_model.pt,63624347,20260207,166.66667,35.0,[1.52452676],0.0,0.0,0.0,0.0,0.0,0,72,-1.0
best_model.pt,63624431,20260207,1000.0,38.5,[10.82098757],10.863786060100002,41.533600698249195,0.451212193825,0.09769193597901887,451.212193825,858,72,0.07879482333114793
best_model.pt,63624433,20260207,1045.5513,38.5,[37.18908498],40.06491624960001,24.86542417921448,0.952828609316375,0.117583976046007,996.2311621164313,2667,72,-0.35414482651390966
best_model.pt,63624751,20260207,434.78262,42.0,[0.76373853],0.1645153665,31.26321173644447,0.011829612602887762,0.0014581807318464304,5.1433100000000005,17,72,-0.2556378157989411
best_model.pt,63625403,20260207,119.04762,24.0,[3.58752472],0.0,0.0,0.0,0.0,0.0,0,72,-1.0
best_model.pt,63626085,20260207,1000.0,96.08,[0.01306146],0.0,0.0,0.0,0.0,0.0,0,52,-1.0
best_model.pt,63627097,20260207,1000.0,30.0,[0.6938686],0.7388424875999999,178.24216117513765,0.13169306,0.007867847832264602,131.69306,11,69,4.9414053725045886
best_model.pt,63631007,20260207,10.416667,10.4,[0.03130703],0.23404828365206648,44.50629722944735,0.9999999084472766,0.009491462458350685,10.416666984558104,14,9,3.2794518136469866
best_model.pt,63631199,20260207,206.74242,4.15,[0.97709283],31.6156109807,4.219471382728122,0.6452530270983154,0.0002493486492056871,133.40117,27,72,0.01674006885885123
best_model.pt,63631324,20260207,133.48969,2.35,[7.97689872],0.0,0.0,0.0,0.0,0.0,0,72,-1.0
best_model.pt,63631326,20260207,80.8756,2.15,[0.30823822],3.379362286899254,23.932201381158887,1.0,0.24813365981844243,80.87560272216797,86,2,10.131255962604463
best_model.pt,63632757,20260207,1000.0,86.31,[0.01257806],0.0,0.0,0.0,0.0,0.0,0,68,-1.0
best_model.pt,63634169,20260207,1000.0,12.0,[7.82871677],34.58993510795803,28.910143021915953,1.0000000000000013,0.021607032127083047,1000.0000000000014,720,24,1.4091785851596628
best_model.pt,63634530,20260207,119.04762,89.0,[0.86563096],0.2701390226,123.9842200264923,0.28134203141412256,0.00022076902891453087,33.4931,6,36,0.39308112389317185
best_model.pt,63634590,20260207,5.0761423,2.07,[0.00055329],0.9472093303680754,5.359044499782492,0.9999998121262016,0.1095890410958904,5.076142311096191,16,1,1.5889104698603436
best_model.pt,63634742,20260207,5.0761423,2.07,[0.02537293],0.02183830010295646,232.43154712677887,0.9999998121262016,0.14285714285714285,5.076142311096191,2,1,111.28577518003047
best_model.pt,63635613,20260207,1.2315271,6.48,[0.04878385],0.06971602976703532,17.664652297837016,0.9999992256170529,0.22466666666666665,1.2315270900726323,12,5,1.7260265811484854
best_model.pt,63636525,20260207,1000.0,20.0,[3.50621724],0.0,0.0,0.0,0.0,0.0,0,72,-1.0
best_model.pt,63636832,20260207,27.027027,1.03,[29.27208641],12.610432273212542,2.143227480338726,0.9999999294281057,0.24691358024691357,27.02702713012695,10,27,1.0808034367679515
best_model.pt,63636929,20260207,35.30304,2.32,[2.89677335],0.0,0.0,0.0,0.0,0.0,0,62,-1.0
best_model.pt,63638721,20260207,1000.0,30.2,[1.70438959],0.0,0.0,0.0,0.0,0.0,0,72,-1.0
best_model.pt,63638728,20260207,1000.0,30.2,[4.31150062],0.0,0.0,0.0,0.0,0.0,0,72,-1.0
best_model.pt,63638938,20260207,1000.0,36.08,[0.10309322],0.0,0.0,0.0,0.0,0.0,0,67,-1.0
best_model.pt,63638951,20260207,2.47032,2.53,[7.28412858],0.0,0.0,0.0,0.0,0.0,0,49,-1.0
best_model.pt,63639183,20260207,1000.0,34.1,[0.0396023],0.0,0.0,0.0,0.0,0.0,0,72,-1.0
best_model.pt,63639342,20260207,6.451613,2.04,[0.61053511],1.098141743625774,5.875022156108627,0.9999998521805039,0.5722222222222223,6.451612949371338,13,6,1.8799128754747965
best_model.pt,63639367,20260207,6.451613,2.08,[2.37608465],0.0,0.0,0.0,0.0,0.0,0,52,-1.0
best_model.pt,63639383,20260207,481.31552,2.49,[167.08888021],144.02173466185076,3.341964454381505,1.0,0.008611816372744116,481.3155212402344,251,19,0.3421543942095273
best_model.pt,63639547,20260207,1000.0,35.0,[0.07113445],0.0,0.0,0.0,0.0,0.0,0,55,-1.0
best_model.pt,63639568,20260207,1000.0,35.0,[5.76262224],0.0,0.0,0.0,0.0,0.0,0,60,-1.0
best_model.pt,63639572,20260207,1000.0,35.0,[1.87679619],0.0,0.0,0.0,0.0,0.0,0,60,-1.0
best_model.pt,63639592,20260207,10.83412,6.06,[2.02456428],0.0,0.0,0.0,0.0,0.0,0,36,-1.0
best_model.pt,63639615,20260207,2473.591,2.49,[1856.10689493],498.82974549856823,4.958788207431455,0.9999999999999989,0.03677971869328494,2473.5910644531223,1297,19,0.9914812001763897
best_model.pt,63640115,20260207,4.347826,2.41,[0.10931371],1.020827483645287,4.2591150949301735,0.9999997806549513,0.4885645604395604,4.347826004028321,24,4,0.767267611304721
best_model.pt,63645350,20260207,12.57633,2.45,[0.77748715],3.323343481901964,3.784239116174631,0.9999999241691155,0.1645870469399881,12.576330184936527,42,2,0.5445873642950882
best_model.pt,63645523,20260207,111.24086,12.3,[20.94655673],6.093112219901264,18.256818143805,0.9999999999999994,0.027090627331688,111.2408599853515,472,19,0.48429413501612684
best_model.pt,63645554,20260207,62.5,12.3,[0.30957255],3.5153869274392564,17.778976684808544,0.9999999999999996,0.07667541038576767,62.49999999999997,314,9,0.44544523651315
best_model.pt,63645608,20260207,62.5,12.3,[3.6188897],0.0,0.0,0.0,0.0,0.0,0,63,-1.0
best_model.pt,63645835,20260207,62.5,12.3,[2.19038388],0.0,0.0,0.0,0.0,0.0,0,66,-1.0
best_model.pt,63646194,20260207,576.4706,1.72,[124.39169232],132.89211457075217,4.337883993936216,1.0000000000000002,0.03699980518215469,576.4705810546876,328,20,1.5220255359188875
best_model.pt,63648944,20260207,26.574802,68.0,[0.04336992],0.0,0.0,0.0,0.0,0.0,0,72,-1.0
best_model.pt,63650409,20260207,3.00871,3.45,[0.04392597],0.5697529064520723,5.280718347799219,0.9999997019767761,0.3333333333333333,3.0087099075317383,1,3,0.5306429782065143
best_model.pt,63650940,20260207,2000.0,15.0,[3.23103988],0.0,0.0,0.0,0.0,0.0,0,72,-1.0
best_model.pt,63650951,20260207,2000.0,15.0,[3.22890197],0.0,0.0,0.0,0.0,0.0,0,72,-1.0
best_model.pt,63652241,20260207,117.5,8.5,[11.38690416],10.039481248308064,11.703790802538856,1.0000000000000002,0.021260749385749386,117.50000000000003,39,22,0.3769165650045713
best_model.pt,63652316,20260207,188.16695,10.0,[23.73906284],11.615438491516564,16.199726798849255,1.0,0.025788335293894432,188.1669464111328,45,19,0.6199726798849255
best_model.pt,63653084,20260207,1000.0,1.23,[6.04002327],0.0,0.0,0.0,0.0,0.0,0,72,-1.0
best_model.pt,63654692,20260207,1000.0,1.73,[2.86550014],0.0,0.0,0.0,0.0,0.0,0,70,-1.0
best_model.pt,63654752,20260207,1000.0,1.4,[0.82914955],175.65828301868248,5.692871278952281,0.9999999999999999,0.16038864479324605,999.9999999999999,323,25,3.066336697072359
best_model.pt,63654992,20260207,500.0,1.34,[4.73557789],0.0,0.0,0.0,0.0,0.0,0,72,-1.0
best_model.pt,63655156,20260207,1000.0,1.26,[14.81642974],4.1178568900000005,12.308960472650018,0.05068655000000001,0.00029227519314216246,50.68655000000001,9,72,8.769016322075093
best_model.pt,63656523,20260207,8.51284,48.0,[0.08668504],0.0,0.0,0.0,0.0,0.0,0,72,-1.0
best_model.pt,63657517,20260207,1000.0,22.0,[2.91431619],0.0,0.0,0.0,0.0,0.0,0,72,-1.0
best_model.pt,63659280,20260207,31.39251,7.5,[1.42889271],0.0,0.0,0.0,0.0,0.0,0,41,-1.0
best_model.pt,63661292,20260207,1000.0,300.0,[1.08503932],0.0,0.0,0.0,0.0,0.0,0,72,-1.0
best_model.pt,63663934,20260207,2.1367521,21.0,[0.01492207],0.025109241,39.52490937860771,0.46448043446513976,0.00017361111111111112,0.9924799999999999,1,72,0.8821385418384624
best_model.pt,63664633,20260207,12.5,7.5,[0.21438552],0.27412026314080623,45.600256823489104,0.9999999237060605,0.016529989519103106,12.5,26,7,5.08003424313188
best_model.pt,63665246,20260207,1000.0,30.0,[0.47471293],0.0,0.0,0.0,0.0,0.0,0,72,-1.0
best_model.pt,63665437,20260207,1000.0,30.2,[13.40857926],23.61866847741066,42.33938753224092,1.0000000000000002,0.018140435342724363,1000.0000000000002,1094,26,0.40196643915978186
best_model.pt,63665441,20260207,1000.0,30.2,[3.52990554],0.0,0.0,0.0,0.0,0.0,0,72,-1.0
best_model.pt,63665444,20260207,1000.0,30.2,[3.56307257],0.0,0.0,0.0,0.0,0.0,0,72,-1.0
best_model.pt,63666595,20260207,1000.0,20.0,[1.57358985],0.0,0.0,0.0,0.0,0.0,0,72,-1.0
best_model.pt,63670871,20260207,3.54614,1.3,[4.31574796],0.0,0.0,0.0,0.0,0.0,0,72,-1.0
best_model.pt,63675336,20260207,1000.0,36.05,[4.88855047],0.0,0.0,0.0,0.0,0.0,0,72,-1.0
best_model.pt,63675362,20260207,1000.0,34.86,[1.40075005],0.0,0.0,0.0,0.0,0.0,0,72,-1.0
best_model.pt,63675427,20260207,1000.0,34.85,[0.10496856],0.0,0.0,0.0,0.0,0.0,0,72,-1.0
best_model.pt,63676199,20260207,1000.0,82.32,[0.00042779],0.0,0.0,0.0,0.0,0.0,0,32,-1.0
best_model.pt,63677098,20260207,1000.0,82.32,[1.32516897],0.0,0.0,0.0,0.0,0.0,0,39,-1.0
best_model.pt,63679958,20260207,22.08202,72.6,[0.61310085],0.1272957196,147.052257582292,0.8477154059114965,9.46969696969697e-05,18.719269999999998,1,44,1.0255132324101914
best_model.pt,63681662,20260207,29.74327,6.51,[2.48576065],0.0,0.0,0.0,0.0,0.0,0,43,-1.0
best_model.pt,63681685,20260207,52.66818,6.51,[7.81831667],1.7622836954318717,29.88630537101871,1.0000000000000002,0.003896103896103896,52.66817855834962,24,22,3.5908301567221317
best_model.pt,63683340,20260207,85.97987,6.85,[0.28017244],8.506489623048257,10.107561092733699,1.0000000000000002,0.013940339650663908,85.97987365722659,34,7,0.47555638444579873
best_model.pt,63683627,20260207,71.41286,1.1,[133.85937681],31.13192342933506,2.293878658794796,0.9999999999999998,0.025573192239858905,71.41285705566405,29,18,1.0853441900693783
best_model.pt,63684003,20260207,1044.4733,250.0,[3.14936128],0.0,0.0,0.0,0.0,0.0,0,18,-1.0
best_model.pt,63684378,20260207,64.88098,8.26,[5.67505281],0.0,0.0,0.0,0.0,0.0,0,21,-1.0
best_model.pt,63686060,20260207,1000.0,38.46,[0.03394012],0.0,0.0,0.0,0.0,0.0,0,70,-1.0
best_model.pt,63693341,20260207,1000.0,82.32,[0.02328487],0.0,0.0,0.0,0.0,0.0,0,67,-1.0
best_model.pt,63695352,20260207,244.34483,1.0,[278.00997445],84.26376119910927,2.899761736209382,1.0000000000000007,0.02470669427191166,244.3448333740236,214,18,1.8997617362093822
best_model.pt,63696056,20260207,714.2857,50.0,[0.98452403],0.045337283000000006,91.86320531811934,0.005830888071177834,1.5413314901317502e-05,4.16492,2,72,0.8372641063623868
best_model.pt,63697940,20260207,1000.0,9.0,[1.7965916],0.0,0.0,0.0,0.0,0.0,0,72,-1.0
best_model.pt,63698176,20260207,35.21127,8.2,[0.15586578],3.0865728936129546,11.407881551620962,1.0,0.004145561637518126,35.21126937866211,19,6,0.39120509963076544
best_model.pt,63698780,20260207,1000.0,9.0,[0.8727],58.0646992745516,17.222167603925037,0.9999999999999998,0.11812079047151806,999.9999999999998,2893,15,0.913574178213893
best_model.pt,63698963,20260207,1000.0,9.5,[0.13417635],51.51004897760268,19.413687240350498,1.0000000000000016,0.3505474624267954,1000.0000000000015,2695,14,1.0435460253000524
best_model.pt,63699826,20260207,1000.0,9.0,[0.003103],46.13598896247982,21.675052400810106,0.9999999999999992,0.17797176844966925,999.9999999999992,2416,15,1.4083391556455673
best_model.pt,63699827,20260207,1000.0,9.0,[0.0366266],44.18647248066176,22.63136026090994,0.9999999999999996,0.2699928988431537,999.9999999999995,2393,20,1.5145955845455488
best_model.pt,63699925,20260207,1000.0,9.0,[0.413971],55.03984619125286,18.168655093194477,1.000000000000002,0.1593271287176625,1000.000000000002,2491,11,1.0187394547993864
best_model.pt,63701114,20260207,166.66667,34.0,[0.10341096],0.42157031050000005,86.31799435507364,0.21833513333694052,0.0024064648237941163,36.38919,17,72,1.5387645398551069
best_model.pt,63701115,20260207,166.66667,34.0,[1.01708348],0.0626369712,42.08629285873167,0.01581719951729738,2.594599082549764e-06,2.6362,1,72,0.23783214290387256
best_model.pt,63701441,20260207,1000.0,36.05,[0.28138809],0.0,0.0,0.0,0.0,0.0,0,72,-1.0
best_model.pt,63704769,20260207,1000.0,7.57,[1.55878626],0.0,0.0,0.0,0.0,0.0,0,72,-1.0
best_model.pt,63705909,20260207,162.7391,2.0,[63.65937628],41.446893627174326,3.926448692682293,1.0,0.04247787610619469,162.73910522460938,96,20,0.9632243463411465
best_model.pt,63707085,20260207,662.2353,1.5,[429.3060518],388.53352796317495,1.7044482423294562,1.000000000000001,0.02100410922908564,662.2352905273444,236,21,0.13629882821963749
best_model.pt,63707198,20260207,1000.0,31.53,[0.22314624],0.7467653683000001,42.31530950159957,0.03159965,1.3316288484073719e-05,31.59965,1,72,0.3420649724096634
best_model.pt,63707818,20260207,5.59174,15.0,[0.06613131],0.0945774569898272,59.12276758733353,0.999999829449486,0.06363636363636363,5.591740131378174,2,11,2.9415178391555683
best_model.pt,63708107,20260207,17.33141,5.0,[1.70037433],0.0,0.0,0.0,0.0,0.0,0,72,-1.0
best_model.pt,63708168,20260207,1000.0,10.01,[0.0865883],24.3011896981,16.17868708098898,0.39316136,0.05984175816300022,393.16136,114,72,0.6162524186871287
best_model.pt,63711027,20260207,1000.0,29.95,[0.0015935],0.0,0.0,0.0,0.0,0.0,0,72,-1.0
best_model.pt,63711593,20260207,132.71461,3.93,[7.46426469],0.0,0.0,0.0,0.0,0.0,0,72,-1.0
best_model.pt,63712035,20260207,59.29753,27.0,[3.0426481],0.0,0.0,0.0,0.0,0.0,0,72,-1.0
best_model.pt,63712496,20260207,2000.0,20.0,[16.81904021],20.034215783677954,99.82920827877926,1.0000000000000009,0.023587003126987947,2000.0000000000018,975,21,3.991460413938963
best_model.pt,63713068,20260207,7500.0,120.0,[2.62368445],0.0,0.0,0.0,0.0,0.0,0,72,-1.0
best_model.pt,63713425,20260207,1000.0,30.45,[1.08935923],15.966398768014965,62.631527115040164,1.0000000000000002,0.051484148035872174,1000.0000000000002,224,25,1.056864549943417
best_model.pt,63713531,20260207,1000.0,31.5,[0.75669332],0.0,0.0,0.0,0.0,0.0,0,72,-1.0
best_model.pt,63715009,20260207,1000.0,86.31,[0.00513656],0.0,0.0,0.0,0.0,0.0,0,65,-1.0
best_model.pt,63716161,20260207,41.273586,3.72,[0.99299883],9.197896613852603,4.48728481289385,1.0,0.0004093867805241248,41.27358627319336,14,12,0.20625934902755189
best_model.pt,63719668,20260207,1000.0,84.69,[0.00010112],0.0,0.0,0.0,0.0,0.0,0,17,-1.0
best_model.pt,63721302,20260207,1000.0,50.24,[0.82556049],0.2772708552,64.2922808993417,0.01782644,0.00016937669376693767,17.826439999999998,1,72,0.27970300062505393
best_model.pt,63731046,20260207,22.96911,1.0,[27.71091902],8.487843313782099,2.7061182603921723,0.9999999169602812,0.05494505494505494,22.9691104888916,7,21,1.7061182603921723
best_model.pt,63735016,20260207,23.809525,3.03,[2.22599183],0.0,0.0,0.0,0.0,0.0,0,72,-1.0
best_model.pt,63736256,20260207,500.0,13.0,[10.69806271],3.7431343770880527,133.5778564303414,0.9999999999999996,0.03295734789302495,499.9999999999998,83,22,9.275219725410876
best_model.pt,63736484,20260207,32.258064,8.5,[1.34077429],0.0,0.0,0.0,0.0,0.0,0,72,-1.0
best_model.pt,63740865,20260207,1000.0,32.3,[0.25952798],0.0,0.0,0.0,0.0,0.0,0,72,-1.0
best_model.pt,63741668,20260207,29.411764,4.71,[0.34192044],0.5664357248026959,51.924182979382756,0.9999999351501493,0.021111411736411737,29.411764144897457,9,3,10.024242581494963
best_model.pt,63751749,20260207,419.55008,1.0,[617.85063009],477.31345818117666,0.8789822940786849,1.0000000000000004,0.032351044866689424,419.55007934570335,177,17,-0.12101770592131511
best_model.pt,63761622,20260207,1000.0,40.0,[17.1682844],6.962039386500001,52.20387616606652,0.36344549419999994,0.00033233502660127826,363.4454941999999,62,72,0.305096904151663
best_model.pt,63762250,20260207,1000.0,80.06,[0.00122154],0.0,0.0,0.0,0.0,0.0,0,72,-1.0
best_model.pt,63768177,20260207,1000.0,95.0,[0.3668407],0.0331089451,414.2513664270618,0.01371584,2.0246058247924854e-05,13.71584,12,72,3.3605406992322293
best_model.pt,63769208,20260207,72.71365,12.0,[0.19943326],4.937807176102032,14.725896788857074,1.0,0.004600252206809584,72.71365356445312,16,9,0.22715806573808953
best_model.pt,63769423,20260207,161.29033,10.57,[3.88940005],0.0,0.0,0.0,0.0,0.0,0,72,-1.0
best_model.pt,63769539,20260207,9.615385,5.2,[0.58430765],1.4006222589014725,6.865075954174477,0.9999999008178855,0.0635943004364057,9.615385055541992,8,7,0.3202069626892253
best_model.pt,63774452,20260207,7.52313,2.17,[0.51419074],0.35846277591952885,20.987141366612786,0.9999998732343848,0.06451612903225806,7.523129940032959,2,1,8.67149337729788
best_model.pt,63774454,20260207,44.39334,2.28,[15.6762113],8.401532238892779,5.283957082850707,1.0000000000000002,0.0053705692803437165,44.39334106445313,55,19,1.3175250654191364
best_model.pt,63775060,20260207,2944.599,40.0,[46.15729337],13.80063362761031,213.3669356916835,0.9999999999999997,0.024932867052279588,2944.599121093749,379,33,4.3341733922920875
best_model.pt,63775265,20260207,1000.0,35.0,[0.25472957],0.0,0.0,0.0,0.0,0.0,0,55,-1.0
best_model.pt,63775313,20260207,10.31746,35.0,[0.0838144],0.0,0.0,0.0,0.0,0.0,0,72,-1.0
best_model.pt,63775347,20260207,1000.0,3.0,[0.18938951],38.609448736252844,25.900395028449125,0.9999999999999994,0.23775822622277742,999.9999999999994,1018,13,7.633465009483042
best_model.pt,63777240,20260207,1000.0,31.86,[1.0178925],0.0,0.0,0.0,0.0,0.0,0,72,-1.0
best_model.pt,63778195,20260207,172.21994,11.9,[1.63199989],0.0,0.0,0.0,0.0,0.0,0,72,-1.0
best_model.pt,63778231,20260207,86.95652,11.9,[1.2184026],1.622200331825354,53.604024589672925,1.0000000000000002,0.008699434536755112,86.95652008056643,80,19,3.504540025883914
best_model.pt,63778991,20260207,1000.0,35.43,[0.54204758],0.0,0.0,0.0,0.0,0.0,0,72,-1.0
best_model.pt,63781958,20260207,23.10231,9.0,[0.81840731],1.8875078278642312,12.239577288125837,0.9999999174390587,0.004868549172346641,23.102310180664062,10,13,0.3599530320139819
best_model.pt,63782676,20260207,1000.0,7.35,[1.20337855],0.0,0.0,0.0,0.0,0.0,0,69,-1.0
best_model.pt,63783298,20260207,1000.0,300.0,[0.14159838],0.08379226229999999,1513.5691882472513,0.1268269,0.0007347109162728835,126.8269,55,30,4.045230627490838
best_model.pt,63786660,20260207,72.20216,3.82,[1.05783151],5.052888804,4.657750497817902,0.32596114569361057,4.662270072500153e-05,23.5351,5,72,0.21930643434957794
best_model.pt,63786819,20260207,72.20216,3.82,[1.02745693],15.413151633777963,4.68445135215607,1.0,0.30874827390138904,72.20216369628906,18,2,0.22629618691627545
best_model.pt,63786866,20260207,72.20216,3.82,[2.75334866],0.0,0.0,0.0,0.0,0.0,0,72,-1.0
best_model.pt,63788574,20260207,1000.0,7.7,[1.75649153],0.0,0.0,0.0,0.0,0.0,0,72,-1.0
best_model.pt,63789710,20260207,2299.1038,7.8,[86.36392457],92.58501537156906,24.83235246768971,1.0,0.021801364850734323,2299.103759765625,1277,21,2.1836348539050707
best_model.pt,63789859,20260207,1000.0,86.31,[4.59451217],0.0,0.0,0.0,0.0,0.0,0,69,-1.0
best_model.pt,63791228,20260207,6.381039,4.4,[2.6715755],0.0,0.0,0.0,0.0,0.0,0,72,-1.0
best_model.pt,63792158,20260207,846.33,34.0,[17.75001772],9.1903955887,47.59859226726561,0.5168786775449578,0.0009235460741817541,437.44993999999997,40,72,0.39995859609604734
best_model.pt,63792540,20260207,0.8063703,33.0,[0.00187405],0.0,0.0,0.0,0.0,0.0,0,67,-1.0
best_model.pt,63792692,20260207,1000.0,113.9,[0.14884208],0.0,0.0,0.0,0.0,0.0,0,61,-1.0
best_model.pt,63793115,20260207,13.157895,19.23,[0.87290486],0.0,0.0,0.0,0.0,0.0,0,1,-1.0
best_model.pt,63793364,20260207,56.666668,32.0,[0.63813364],0.0,0.0,0.0,0.0,0.0,0,72,-1.0
best_model.pt,63793392,20260207,5.12241,52.0,[0.23949079],0.28076272396681295,18.244557196292654,0.9999998138231473,0.0002590795763095585,5.122409820556641,8,6,-0.6491431308405259
best_model.pt,63793948,20260207,1000.0,15.05,[1.00192647],0.0,0.0,0.0,0.0,0.0,0,72,-1.0
best_model.pt,63795480,20260207,1038.258,1.7,[945.85151025],225.79521505153178,4.598228761426324,0.9999999999999993,0.0787009658978908,1038.2580566406243,295,20,1.7048403720291088
best_model.pt,63795874,20260207,40.54054,17.0,[0.48567657],0.0,0.0,0.0,0.0,0.0,0,67,-1.0
best_model.pt,63796033,20260207,72.20216,3.82,[0.01603254],14.920439228388583,4.839144327585765,1.0,0.5,72.20216369628906,14,2,0.2667917309301666
best_model.pt,63797111,20260207,322.05246,3.93,[137.49512947],25.612319839065208,12.574122499105446,1.0000000000000007,0.023866988602263415,322.0524597167971,292,17,2.199522210054528
best_model.pt,63798182,20260207,1000.0,15.4,[2.7928969],0.0,0.0,0.0,0.0,0.0,0,72,-1.0
best_model.pt,63798620,20260207,1000.0,15.0,[1.36293263],0.0,0.0,0.0,0.0,0.0,0,72,-1.0
best_model.pt,63800765,20260207,199.22997,2.25,[100.40840067],35.37191326826144,5.632433791934362,1.0,0.052696621639504754,199.22996520996094,327,18,1.5033039075263832
best_model.pt,63801044,20260207,750.0,12.0,[10.22042456],18.055912754499087,41.53763748528752,0.9999999999999997,0.02674961811849392,749.9999999999998,261,21,2.4614697904406264
best_model.pt,63801794,20260207,10.37795,4.66,[0.35778279],1.1694510711255188,8.874198413854245,0.9999999081057185,0.3,10.377949714660641,12,2,0.9043344859297483
best_model.pt,63804346,20260207,1000.0,68.63,[2.35934068],0.0,0.0,0.0,0.0,0.0,0,43,-1.0
best_model.pt,63805495,20260207,896.163,18.02,[2.52704133],0.0,0.0,0.0,0.0,0.0,0,72,-1.0
best_model.pt,63807604,20260207,1000.0,22.0,[0.16320021],0.0,0.0,0.0,0.0,0.0,0,72,-1.0
best_model.pt,63808209,20260207,1000.0,189.69,[0.11222385],0.1157549316,79.30893797929575,0.009180480000000001,0.00211864406779661,9.180480000000001,1,59,-0.5819023830536686
best_model.pt,63809133,20260207,1000.0,57.6,[0.07028538],0.0,0.0,0.0,0.0,0.0,0,59,-1.0
best_model.pt,63811082,20260207,1000.0,27.67,[0.02004687],0.0,0.0,0.0,0.0,0.0,0,72,-1.0
best_model.pt,63815076,20260207,72.20216,3.82,[5.7805575],0.0,0.0,0.0,0.0,0.0,0,72,-1.0
best_model.pt,63817404,20260207,2.7526882,1.93,[0.11866232],0.8396943194292567,3.278198777326019,0.9999996535481219,0.20588235294117646,2.75268816947937,7,1,0.698548635449969
best_model.pt,63818001,20260207,280.73956,5.0,[35.34906735],27.4212170619225,10.238041299052293,1.0,0.02328298508443393,280.73956298828125,138,19,1.0476082598104586
best_model.pt,63818646,20260207,1000.0,7.5,[3.07912534],0.0,0.0,0.0,0.0,0.0,0,72,-1.0
best_model.pt,63819872,20260207,126.29789,6.79,[24.18579015],11.878006681741702,10.632918675714587,1.0,0.0003249918752031199,126.29788970947266,1,17,0.5659674131740063
best_model.pt,63820079,20260207,68.49315,2.7,[26.97452155],16.70375244228493,4.100464547705971,1.0,0.0033104150751209573,68.49314880371094,39,21,0.5186905464033935
best_model.pt,63820271,20260207,68.49315,2.7,[3.14900658],0.0,0.0,0.0,0.0,0.0,0,72,-1.0
best_model.pt,63820716,20260207,371.34915,7.1,[35.57215925],33.80569940826134,10.984808689855717,0.9999999999999999,0.012058008799087503,371.34915161132807,74,19,0.5471561742822574
best_model.pt,63821686,20260207,1000.0,24.0,[0.09226332],0.0,0.0,0.0,0.0,0.0,0,62,-1.0
best_model.pt,63821754,20260207,1000.0,80.0,[0.05091256],0.0,0.0,0.0,0.0,0.0,0,72,-1.0
best_model.pt,63821933,20260207,1000.0,86.31,[0.00053179],0.0,0.0,0.0,0.0,0.0,0,45,-1.0
best_model.pt,63822517,20260207,1000.0,25.0,[0.32362781],0.0,0.0,0.0,0.0,0.0,0,72,-1.0
best_model.pt,63822518,20260207,1000.0,25.0,[0.12756325],0.0,0.0,0.0,0.0,0.0,0,72,-1.0
best_model.pt,63822723,20260207,1000.0,7.57,[1.38447979],0.0,0.0,0.0,0.0,0.0,0,72,-1.0
best_model.pt,63823693,20260207,16.79295,1.89,[5.18916694],0.0,0.0,0.0,0.0,0.0,0,41,-1.0
best_model.pt,63824197,20260207,1000.0,10.01,[3.47003974],0.0,0.0,0.0,0.0,0.0,0,72,-1.0
best_model.pt,63824247,20260207,1.12175,18.58,[0.13433225],0.038323851199999995,26.703300024815235,0.9123237196795003,0.0003787878787878788,1.0234,1,66,0.4372066810799463
best_model.pt,63825190,20260207,83.333336,16.0,[0.42548143],0.2938929713,20.31841610627826,0.0716575178131861,0.001163799576358262,5.97146,5,66,0.26990100664239125
best_model.pt,63825455,20260207,137.20323,35.0,[1.60123457],0.0,0.0,0.0,0.0,0.0,0,72,-1.0
best_model.pt,63826134,20260207,1000.0,7.35,[43.93083679],84.57731083652267,11.823501814917858,0.9999999999999994,0.015738703672364192,999.9999999999994,186,19,0.6086397235822717
best_model.pt,63827381,20260207,15.45503,10.0,[0.805704],1.321702183434415,11.69326868164503,0.9999999382936021,0.0048327137546468404,15.45503044128418,13,10,0.16932686816450299
best_model.pt,63827404,20260207,10.638298,10.0,[0.0206587],0.7097361233910123,14.989068042319465,0.9999999103546239,0.1696969696969697,10.63829803466797,7,11,0.4989068042319465
best_model.pt,63833627,20260207,1000.0,45.0,[0.18080491],0.0,0.0,0.0,0.0,0.0,0,72,-1.0
best_model.pt,63834572,20260207,1000.0,13.88,[0.52001675],4.4179435223,14.511513142909163,0.06411106,0.0012391004897343864,64.11106,30,72,0.04549805643093698
best_model.pt,63835004,20260207,26.35564,6.0,[0.56415225],3.03870078693387,8.673322444704418,0.9999999276303494,0.0089928810720268,26.35564041137696,13,7,0.4455537407840697
best_model.pt,63835415,20260207,1700.0532,30.2,[44.03172235],38.50860976153648,44.1473527358279,0.9999999999999996,0.022702862435323243,1700.0532226562493,678,23,0.4618328351171509
best_model.pt,63835646,20260207,8.16765,2.16,[3.41438216],0.0,0.0,0.0,0.0,0.0,0,24,-1.0
best_model.pt,63837148,20260207,750.0,800.0,[0.6018966],0.0072448111,9223.069588441245,0.08910482666666666,0.00012442518462916217,66.82862,4,60,10.528836985551557
best_model.pt,63837272,20260207,98.75586,1.18,[70.72898557],62.39436510913905,1.582768854518982,1.0,0.03446272359315837,98.755859375,65,20,0.3413295973512875
best_model.pt,63837886,20260207,132.86555,2.15,[61.8911344],26.0385508380845,5.10264762939844,0.9999999999999998,0.03959971537459598,132.86555480957028,71,20,1.3733243735165537
best_model.pt,63839772,20260207,21.73913,32.0,[0.00565656],0.0763026319914308,284.9029522288401,0.9999999122619689,0.05357142857142857,21.7391300201416,4,8,7.903217257151253
best_model.pt,63840064,20260207,1000.0,40.0,[0.11937473],0.0,0.0,0.0,0.0,0.0,0,64,-1.0
best_model.pt,63840552,20260207,1000.0,62.32,[0.59462255],0.6898003114999999,66.928547728631,0.04616740000000001,6.0431906730099096e-05,46.16740000000001,27,65,0.07394974416518701
best_model.pt,63840776,20260207,1000.0,120.0,[2.85823943],0.0,0.0,0.0,0.0,0.0,0,72,-1.0
best_model.pt,63840924,20260207,8.088235,1.74,[2.04844641],0.0,0.0,0.0,0.0,0.0,0,72,-1.0
best_model.pt,63843847,20260207,1000.0,300.0,[0.70275506],0.0,0.0,0.0,0.0,0.0,0,72,-1.0
best_model.pt,63847388,20260207,66.1157,566.0,[0.10638381],0.0,0.0,0.0,0.0,0.0,0,68,-1.0
best_model.pt,63848165,20260207,36.14132,1.05,[29.12192451],20.61733737174316,1.7529575652905511,1.0000000000000002,0.011666666666666667,36.14131927490235,14,20,0.6694834713311681
best_model.pt,63848591,20260207,354.54544,2.7,[15.07816119],55.965206102094086,6.335104595021889,0.9999999999999993,0.04479756797424865,354.5454406738279,430,21,1.3463349937555251
best_model.pt,63848648,20260207,1000.0,19.0,[0.11482031],0.0,0.0,0.0,0.0,0.0,0,44,-1.0
best_model.pt,63851682,20260207,1000.0,26.66,[0.05790964],0.0,0.0,0.0,0.0,0.0,0,72,-1.0
best_model.pt,63856317,20260207,208.33333,20.0,[0.9890388],0.0,0.0,0.0,0.0,0.0,0,68,-1.0
best_model.pt,63862766,20260207,4.5454545,2.97,[0.00097594],0.28479702139706475,15.960274161344861,0.9999997901916924,0.20936068762155716,4.545454502105713,21,6,4.373829632188
best_model.pt,63864374,20260207,2.05838,6.0,[0.00826127],0.08975596257061107,22.932815790365403,0.9999995231628418,0.16666666666666666,2.058379888534546,1,6,2.8221359650609004
best_model.pt,63864918,20260207,11.45841,5.19,[0.2422438],0.5855851785003594,19.567419252287714,0.9999999167708072,0.03550295857988166,11.458410263061523,12,2,2.7702156139796235
best_model.pt,63865915,20260207,49.26318,8.5,[8.13145602],3.553055252894469,13.865015432536655,0.9999999999999989,0.013043478260869565,49.26317977905268,30,23,0.631178286180783
best_model.pt,63866050,20260207,15.1697,17.6,[0.36975309],0.7375941023340371,20.566432207699673,0.9999999371329508,0.007649561341940563,15.169699668884277,11,9,0.1685472592008108
best_model.pt,63866696,20260207,4.347826,2.54,[0.84073868],0.6434059551361162,6.757505447090659,0.9999997806549512,0.6333333333333333,4.34782600402832,6,5,1.660435255345752
best_model.pt,63867023,20260207,34.770515,1100.0,[0.05384564],0.053510097199999995,132.831886691346,0.20442549987152883,0.00028344671201814054,7.107980000000001,1,72,-0.8792437393715037
best_model.pt,63867737,20260207,1000.0,86.31,[0.05608199],0.0,0.0,0.0,0.0,0.0,0,67,-1.0
best_model.pt,63869005,20260207,1000.0,220.68,[0.16851916],0.0,0.0,0.0,0.0,0.0,0,72,-1.0
best_model.pt,63869176,20260207,9.99578,13.5,[0.54049162],0.6758939363686713,14.788955284756916,0.9999999045923154,0.009426057813154587,9.995779991149902,2,11,0.09547816924125306
best_model.pt,63871771,20260207,1000.0,34.86,[0.01564173],0.0,0.0,0.0,0.0,0.0,0,72,-1.0
best_model.pt,63872859,20260207,1000.0,1.02,[1.87255237],0.0,0.0,0.0,0.0,0.0,0,72,-1.0
best_model.pt,63873690,20260207,5339.067,1.0,[2656.23472774],2864.611015185091,1.8638017044427475,0.9999999999999988,0.3299285262391654,5339.066894531244,1624,26,0.8638017044427475
best_model.pt,63874819,20260207,1000.0,33.66,[0.94488005],0.0,0.0,0.0,0.0,0.0,0,72,-1.0
best_model.pt,63874908,20260207,1000.0,53.49,[9.16800001e-05],0.0,0.0,0.0,0.0,0.0,0,59,-1.0
best_model.pt,63875138,20260207,1238.5333,53.47,[10.59281533],0.2792283097,50.48974269623387,0.011382992861961755,5.741900422133814e-05,14.098215999999999,10,48,-0.05573701994447171
best_model.pt,63875140,20260207,1133.6011,53.47,[34.68160293],0.0,0.0,0.0,0.0,0.0,0,72,-1.0
best_model.pt,63877699,20260207,29.96146,9.0,[0.33203642],1.425292566316693,21.021255425261707,0.9999999363399346,0.0035464769371369876,29.96146011352539,11,6,1.3356950472513007
best_model.pt,63882142,20260207,1000.0,24.0,[0.16852351],0.0,0.0,0.0,0.0,0.0,0,51,-1.0
best_model.pt,63882670,20260207,241.69817,26.88,[8.43129435],6.008184245396322,40.228148104912734,1.0,0.011915584415584414,241.6981658935547,14,22,0.4965829375333005
best_model.pt,63882681,20260207,117.4279,26.88,[1.87902161],0.0,0.0,0.0,0.0,0.0,0,41,-1.0
best_model.pt,63883442,20260207,21.30237,69.3,[0.24017908],5.4862797171,1.6539492723581328,0.4259633626268268,0.0011622199122199124,9.07403,2,72,-0.9761334891843676
best_model.pt,63883962,20260207,83.333336,54.0,[0.23354845],0.8866063040782161,93.99125801597638,1.0,0.023255813953488372,83.33333587646484,4,2,0.7405788521477108
best_model.pt,63885852,20260207,1000.0,16.0,[0.06382227],4.4792106136,17.91726243884643,0.08025521,0.02477860353670476,80.25520999999999,61,72,0.11982890242790178
best_model.pt,63886292,20260207,1000.0,18.66,[0.5595577],1.671191548,18.847007388642332,0.0314969783,0.00086788368232483,31.496978300000002,16,51,0.010021840447986832
best_model.pt,63886464,20260207,1.45776,5.0,[0.04546823],0.05993632907363939,24.321403688109136,0.9999993457951186,0.0375,1.457759976387024,3,2,3.864280737621827
best_model.pt,63886585,20260207,1.2520868,5.0,[0.09330901],0.09516318688005661,13.157121388445175,0.9999992251396179,0.014285714285714285,1.2520867586135864,1,2,1.6314242776890349
best_model.pt,63886628,20260207,2.4251,5.0,[0.77210164],0.295450722122722,8.208109503292018,0.9999996067486262,0.0625,2.425100088119507,3,2,0.6416219006584036
best_model.pt,63886978,20260207,1000.0,49.88,[0.07356682],0.0,0.0,0.0,0.0,0.0,0,72,-1.0
best_model.pt,63887215,20260207,1000.0,23.0,[1.15979022],25.055816064064086,39.91089164816077,0.9999999999999996,0.03801997912628597,999.9999999999995,255,19,0.7352561586156857
best_model.pt,63887366,20260207,19.94432,5.05,[2.06872116],0.0,0.0,0.0,0.0,0.0,0,72,-1.0
best_model.pt,63887879,20260207,62.70501,4.92,[6.102117],0.0,0.0,0.0,0.0,0.0,0,72,-1.0
best_model.pt,63888748,20260207,501.68524,23.75,[10.79384595],1.6070895857823342,312.1698590842017,0.9999999999999992,0.009323925448311666,501.68524169921835,237,23,12.143994066703229
best_model.pt,63889490,20260207,1000.0,43.64,[39.76532415],6.630537941772525,150.81730290429033,0.9999999999999996,0.001520374906760454,999.9999999999995,190,30,2.455941911403068
best_model.pt,63890282,20260207,42.79496,8.01,[0.0635166],1.0453457238870936,40.93853172738778,1.0,0.029093383400105456,42.794960021972656,22,5,4.110927660123505
best_model.pt,63890317,20260207,2.10644,8.01,[0.01790272],0.047671948383832256,44.18522744453614,0.999999547258002,0.008333333333333333,2.1064400672912598,2,5,4.516257950307727
best_model.pt,63891398,20260207,62.13514,6.0,[30.61322416],5.901009189425839,10.529576711572787,1.0,0.015037593984962405,62.13513946533203,4,19,0.7549294519287978
best_model.pt,63892216,20260207,41.666668,12.54,[0.93314638],0.0,0.0,0.0,0.0,0.0,0,72,-1.0
best_model.pt,63893095,20260207,68.181816,3.3,[2.79443213],0.0,0.0,0.0,0.0,0.0,0,69,-1.0
best_model.pt,63893625,20260207,4.9261084,8.0,[0.54881839],0.0872540908847038,56.45640054171436,0.9999998064041506,0.003861003861003861,4.926108360290527,4,7,6.057050067714295
best_model.pt,63893649,20260207,36.47676,4.76,[2.20193781],0.0,0.0,0.0,0.0,0.0,0,72,-1.0
best_model.pt,63893761,20260207,1000.0,8.0,[0.38915863],71.1053416197809,14.063640834237525,1.0000000000000004,0.33933422249930745,1000.0000000000005,830,19,0.7579551042796906
best_model.pt,63894784,20260207,164.6519,1.76,[82.57485252],53.8000520435667,3.0604412436505206,1.0000000000000004,0.14516848718497893,164.65190124511724,113,23,0.7388870796783182
best_model.pt,63895029,20260207,47.59944,35.0,[0.29176351],0.0,0.0,0.0,0.0,0.0,0,72,-1.0
best_model.pt,63895426,20260207,2.45433,6.5,[1.25081534],0.0,0.0,0.0,0.0,0.0,0,72,-1.0
best_model.pt,63898532,20260207,267.88898,15.0,[9.24986377],0.0,0.0,0.0,0.0,0.0,0,25,-1.0
best_model.pt,63898540,20260207,3.4482758,30.55,[0.02150279],0.0,0.0,0.0,0.0,0.0,0,72,-1.0
best_model.pt,63898679,20260207,123.2009,35.0,[0.04957214],3.319503446361057,37.11424376968482,1.0000000000000004,0.0024993941747521514,123.20089721679693,479,10,0.060406964848137686
best_model.pt,63900408,20260207,1000.0,29.65,[0.03737437],1.0694659052,73.49699146164846,0.0786026,0.005028733130681689,78.6026,12,71,1.4788193054719387
best_model.pt,63900451,20260207,1000.0,26.66,[1.91684521],0.0,0.0,0.0,0.0,0.0,0,72,-1.0
best_model.pt,63901210,20260207,1000.0,32.0,[0.00212758],0.0,0.0,0.0,0.0,0.0,0,33,-1.0
best_model.pt,63902267,20260207,3714.1746,37.05,[66.3876934],35.02597988329999,19.721689546583193,0.18598251368758795,0.00626814775818139,690.7715210450001,88,72,-0.4677006760406114
best_model.pt,63904068,20260207,1000.0,31.0,[10.71926197],22.775919328779626,43.90601940841885,0.9999999999999997,0.005844139379221403,999.9999999999997,302,23,0.4163232067231887
best_model.pt,63904287,20260207,89.5,18.0,[0.85406679],1.5534699533999998,25.43463534578632,0.4414744940782123,0.001281099694919532,39.51196722,39,72,0.4130352969881288
best_model.pt,63904455,20260207,1000.0,31.0,[0.094925],0.0,0.0,0.0,0.0,0.0,0,67,-1.0
best_model.pt,63904753,20260207,1000.0,31.0,[0.01405486],0.0,0.0,0.0,0.0,0.0,0,72,-1.0
best_model.pt,63904780,20260207,14.44116,14.49,[0.82159164],0.6538584912482631,22.086029789759863,0.9999999339613826,0.007776572332875881,14.441160202026367,10,18,0.5242256824449576
best_model.pt,63904784,20260207,1000.0,31.0,[4.66613462],0.0,0.0,0.0,0.0,0.0,0,72,-1.0
best_model.pt,63905155,20260207,1000.0,30.0,[14.31115567],21.1052310317,38.88685129844991,0.8207160196359999,0.003875289695552465,820.7160196359999,271,72,0.29622837661499707
best_model.pt,63906670,20260207,1000.0,23.0,[17.94818202],25.396317072885818,39.375786565992115,1.0000000000000002,0.011303436829146177,1000.0000000000002,242,20,0.7119907202605268
best_model.pt,63908540,20260207,2454.465,27.5,[1.12145555],43.76932603517678,56.07728640465509,0.9999999999999986,0.027292491965898814,2454.4650878906214,836,20,1.039174051078367
best_model.pt,63909258,20260207,1000.0,8.49,[0.07855487],33.4735182996,14.96459919605722,0.5009178,0.04038728644777937,500.9178,110,72,0.7626147938148092
best_model.pt,63910609,20260207,1000.0,70.33,[0.00314366],0.0,0.0,0.0,0.0,0.0,0,72,-1.0
best_model.pt,63910919,20260207,1000.0,24.92,[0.06174905],0.5863736951999999,52.575085951628566,0.0308287,0.026785714285714284,30.8287,3,56,1.109754646495468
best_model.pt,63918879,20260207,1000.0,12.0,[0.41902235],51.09853085455935,19.570033887593464,1.0000000000000007,0.01748251537590808,1000.0000000000006,276,10,0.6308361572994553
best_model.pt,63920345,20260207,23.28086,2.28,[12.20284942],7.638369770318527,3.047883063145425,0.9999999180722535,0.007980950227624682,23.280860900878913,39,21,0.33679083394356035
best_model.pt,63920538,20260207,10.416667,10.85,[0.00861161],0.38745705517602674,26.884631369518676,0.9999999084472768,0.030032340570788744,10.416666984558105,39,12,1.4778461220548749
best_model.pt,63920617,20260207,1000.0,15.88,[0.19382245],0.8789774214,17.896741964318714,0.01573085,0.0008471423181891425,15.73085,30,72,0.12699885612997044
best_model.pt,63920896,20260207,1000.0,50.18,[0.09710027],0.05181241,52.67767552840084,0.00272941,0.05357142857142857,2.7294099999999997,2,28,0.04977431662086774
best_model.pt,63921353,20260207,1000.0,1.02,[1.68599384],0.0,0.0,0.0,0.0,0.0,0,72,-1.0
best_model.pt,63921753,20260207,1000.0,30.0,[2.42906855],0.0,0.0,0.0,0.0,0.0,0,72,-1.0
best_model.pt,63924789,20260207,7.31947,2.53,[4.27436582],0.0,0.0,0.0,0.0,0.0,0,32,-1.0
best_model.pt,63924884,20260207,6.451613,2.04,[0.06248721],0.7030137271286505,9.177066568323403,0.9999998521805039,0.37896825396825395,6.451612949371338,19,6,3.4985621274166316
best_model.pt,63925060,20260207,1000.0,27.0,[11.43069771],24.8208234662441,40.28875033381681,1.0000000000000004,0.005614403309687925,1000.0000000000005,178,21,0.4921759382895114
best_model.pt,63927660,20260207,1000.0,34.85,[0.03644495],0.0,0.0,0.0,0.0,0.0,0,71,-1.0
best_model.pt,63929252,20260207,5.68214,4.3,[4.092076],0.0,0.0,0.0,0.0,0.0,0,51,-1.0
best_model.pt,63929254,20260207,1000.0,13.88,[0.03393342],1.4613300190999998,19.789239824533606,0.028918629999999997,0.00565711327792169,28.918629999999997,21,72,0.42573772776447205
best_model.pt,63929630,20260207,1000.0,74.77,[0.00039294],0.0003294396,517.9463962551703,0.00017114999999999996,9.861556471725964e-05,0.17114999999999997,2,72,5.927195660148537
best_model.pt,63930210,20260207,1000.0,74.77,[0.00016069],0.0,0.0,0.0,0.0,0.0,0,54,-1.0
best_model.pt,63930260,20260207,1000.0,50.18,[0.40955223],1.5337071225999994,67.7645560250487,0.10393104999999993,0.0012188596470287974,103.93104999999993,760,72,0.3504295658216482
best_model.pt,63930481,20260207,154.00256,5.0,[2.6122427],0.0,0.0,0.0,0.0,0.0,0,72,-1.0
best_model.pt,63931270,20260207,17.857143,1.05,[9.99743162],0.0,0.0,0.0,0.0,0.0,0,72,-1.0
best_model.pt,63932875,20260207,77.90089,1.0,[57.15022747],221.79869187019517,0.35122337975740475,1.0000000000000002,0.016769547325102878,77.90088653564455,44,20,-0.6487766202425953
best_model.pt,63934713,20260207,29.411764,60.0,[0.32206601],0.0,0.0,0.0,0.0,0.0,0,72,-1.0
best_model.pt,63935338,20260207,45.15721,1.18,[43.84751496],14.559829836470472,3.1014928546146305,0.9999999999999997,0.08313908313908314,45.15721130371092,39,22,1.6283838919312306
best_model.pt,63937480,20260207,27.78555,6.0,[15.92798454],2.7741545380742663,10.015858441414656,0.9999999313546587,0.006803156404785417,27.785549163818356,16,19,0.6693097402357759
best_model.pt,63937984,20260207,500.0,1.36,[79.24994012],138.10906439228032,3.6203271565108124,1.0000000000000002,0.031057888904496574,500.00000000000006,632,18,1.6620052341400897
best_model.pt,63939449,20260207,1000.0,16.0,[0.49055694],7.091224684099998,17.250200814265188,0.12232506707000002,0.016871646082452597,122.32506707000002,65,64,0.07813755089157426
best_model.pt,63939968,20260207,1000.0,30.87,[0.3124398],0.0,0.0,0.0,0.0,0.0,0,72,-1.0
best_model.pt,63939971,20260207,1000.0,30.87,[0.69906342],0.0004519215,3.7527127769381443,1.6996842999999899e-06,5.032206119162641e-05,0.0016996842999999898,1,72,-0.8784349635595495
best_model.pt,63940373,20260207,12.25487,2.1,[9.11345298],3.7348425468574025,3.2812272484734906,0.9999999221799816,0.00025957170668397143,12.254870414733887,4,23,0.5624892368971791
best_model.pt,63942050,20260207,5.75402,2.0,[6.88059561],0.0,0.0,0.0,0.0,0.0,0,28,-1.0
best_model.pt,63942675,20260207,7.03731,2.08,[2.40745589],0.0,0.0,0.0,0.0,0.0,0,29,-1.0
best_model.pt,63942969,20260207,2.16213,4.82,[0.04112297],0.15474007397755477,13.972567604965695,0.999999558919286,0.03960253456221198,2.162130117416382,4,6,1.8988728438467202
best_model.pt,63942976,20260207,0.7507508,4.82,[0.09498939],0.053707202551546034,13.978326297273933,0.9999986503142981,0.08333333333333333,0.7507507801055908,2,3,1.900067593245713
best_model.pt,63944090,20260207,62.5,12.3,[0.47197054],3.224435109797847,19.383234113427168,1.0000000000000004,0.10731871070167744,62.50000000000002,197,9,0.5758726677116512
best_model.pt,63944100,20260207,62.5,12.3,[0.98151586],0.0,0.0,0.0,0.0,0.0,0,61,-1.0
best_model.pt,63944555,20260207,62.5,12.3,[5.62118973],0.0,0.0,0.0,0.0,0.0,0,66,-1.0
best_model.pt,63945621,20260207,1000.0,58.11,[0.20964838],0.35624083219999997,114.55799491029005,0.040810349999999995,0.0002747448124548569,40.81034999999999,256,72,0.9713989624340666
best_model.pt,63947774,20260207,1000.0,23.0,[2.05422418],0.0,0.0,0.0,0.0,0.0,0,65,-1.0
best_model.pt,63948300,20260207,1000.0,10.01,[3.06237414],0.0,0.0,0.0,0.0,0.0,0,72,-1.0
best_model.pt,63949306,20260207,37.5,7.5,[0.04496522],3.1647374959746433,11.849320266966055,1.0000000000000004,0.022949846965533975,37.500000000000014,117,5,0.5799093689288074
best_model.pt,63950119,20260207,1127.645,1.49,[1214.67691517],464.0745374275084,2.4298790951820206,0.9999999999999982,0.03593399082120887,1127.645019531248,736,19,0.6307913286104581
best_model.pt,63950135,20260207,53.81452,18.5,[3.58565441],0.0,0.0,0.0,0.0,0.0,0,28,-1.0
best_model.pt,63950199,20260207,1000.0,1.86,[1.08340723],216.78218647260002,2.922018872422639,0.6334416429999998,0.7679365079365079,633.4416429999999,157,45,0.5709778763170001
best_model.pt,63950835,20260207,527.8392,20.0,[24.54137215],4.080369746966585,129.3605912540389,1.0000000000000009,0.0033527657808365345,527.8391723632817,272,19,5.468029562701945
best_model.pt,63950950,20260207,1000.0,28.0,[7.0489881],22.169232669483474,45.10755829041248,1.0000000000000007,0.005049780732479648,1000.0000000000007,205,25,0.6109842246575885
best_model.pt,63951234,20260207,1000.0,24.0,[0.61324884],0.0,0.0,0.0,0.0,0.0,0,72,-1.0
best_model.pt,63952722,20260207,1000.0,6.0,[1.3205694],0.0,0.0,0.0,0.0,0.0,0,72,-1.0
best_model.pt,63953184,20260207,10.204082,8.1,[0.37245729],0.5837289900771621,17.48082454011057,0.9999999065399249,0.021758962830617335,10.204081535339355,6,6,1.1581263847963814
best_model.pt,63953504,20260207,24.7436,9.2,[9.36765972],0.28533702755284485,86.7168006225682,0.9999999229154843,0.102,24.743600845336914,8,25,8.425739393520143
best_model.pt,63953718,20260207,1000.0,22.5,[1.65804886],0.0,0.0,0.0,0.0,0.0,0,70,-1.0
best_model.pt,63954015,20260207,94.20293,24.75,[2.31202135],0.0,0.0,0.0,0.0,0.0,0,72,-1.0
best_model.pt,63955161,20260207,1.693767,48.0,[0.00795529],0.00867403593302313,195.24610210700536,0.999999463558197,0.0015527950310559005,1.6937669515609741,1,7,3.067627127229278
best_model.pt,63955360,20260207,7.352941,28.8,[0.11548562],0.0044389244,225.15023003544832,0.13595238496010142,0.00025720164609053495,0.9996499999999998,1,72,6.817716527774052
best_model.pt,63956425,20260207,1000.0,50.67,[3.53574827],0.0,0.0,0.0,0.0,0.0,0,72,-1.0
best_model.pt,63956511,20260207,1000.0,62.32,[0.03039301],0.0,0.0,0.0,0.0,0.0,0,58,-1.0
best_model.pt,63956533,20260207,1000.0,50.98,[0.68269604],0.1931310382,32.737292367062075,0.00632262,0.00020794454519799946,6.322620000000001,52,64,-0.3578404734990314
best_model.pt,63956557,20260207,1000.0,56.65,[0.5328231],0.0,0.0,0.0,0.0,0.0,0,72,-1.0
best_model.pt,63957528,20260207,1000.0,31.75,[0.28111931],0.0,0.0,0.0,0.0,0.0,0,72,-1.0
best_model.pt,63957691,20260207,1000.0,18.0,[0.4544255],0.0,0.0,0.0,0.0,0.0,0,72,-1.0
best_model.pt,63957756,20260207,1000.0,9.68,[0.4771472],44.41961135339999,20.282276225155766,0.9009308475660001,0.039367938659895546,900.930847566,3392,72,1.0952764034843132
best_model.pt,63958669,20260207,1000.0,30.0,[0.19859089],0.0,0.0,0.0,0.0,0.0,0,48,-1.0
best_model.pt,63958692,20260207,1000.0,30.0,[1.69160415],0.0,0.0,0.0,0.0,0.0,0,72,-1.0
best_model.pt,63959180,20260207,1000.0,32.0,[0.32588064],0.0,0.0,0.0,0.0,0.0,0,72,-1.0
best_model.pt,63959271,20260207,1000.0,27.5,[0.09772121],0.0,0.0,0.0,0.0,0.0,0,72,-1.0
best_model.pt,63959420,20260207,1000.0,50.04,[6.68180809],0.0,0.0,0.0,0.0,0.0,0,14,-1.0
best_model.pt,63959507,20260207,1000.0,23.0,[0.05184852],0.016438206099999998,38.80783513018916,0.00063797,2.905625290562529e-05,0.6379699999999999,1,72,0.6872971795734418
best_model.pt,63959710,20260207,6.7463,9.0,[1.01165201],0.0,0.0,0.0,0.0,0.0,0,72,-1.0
best_model.pt,63962980,20260207,1000.0,35.11,[0.20670306],0.0,0.0,0.0,0.0,0.0,0,72,-1.0
best_model.pt,63965437,20260207,4.0444894,16.0,[0.18246118],0.12257750260040554,32.99509537069618,0.9999997642040809,0.001211118188722109,4.04448938369751,4,6,1.062193460668511
best_model.pt,63965582,20260207,1000.0,2.13,[0.65737985],81.43955963124485,12.279044634437062,0.9999999999999988,0.2892279242428793,999.9999999999987,1381,14,4.764809377796706
best_model.pt,63965642,20260207,37.3331,22.0,[0.94398969],0.0476958796,15.466839889458933,0.019760480981843836,7.475182394450424e-06,0.73772,1,72,-0.2969618232064121
best_model.pt,63966360,20260207,1000.0,5.63,[29.11323833],22.31488350677885,44.813138051250824,0.9999999999999988,0.1306039070751772,999.9999999999987,903,22,6.959704643043502
best_model.pt,63967286,20260207,1000.0,30.2,[4.54477295],0.0,0.0,0.0,0.0,0.0,0,72,-1.0
best_model.pt,63967297,20260207,4146.955,29.2,[1.11717495],82.8249925596037,50.06888500559559,0.9999999999999982,0.028287269681742045,4146.955078124993,1351,20,0.7146877978559116
best_model.pt,63967300,20260207,1000.0,29.2,[12.94007754],21.3268569205955,46.88923252188465,0.9999999999999998,0.02044633189752081,999.9999999999998,432,24,0.6057955923547891
best_model.pt,63967610,20260207,1000.0,22.05,[0.00520829],0.005979149500000001,116.97533648615304,0.00069953,0.0003725985343632402,0.69953,4,72,4.305004105829931
best_model.pt,63969691,20260207,9.090909,10.0,[0.41992057],0.5885102442226455,15.44729874485143,0.9999998950958352,0.027777777777777776,9.090909004211426,2,9,0.544729874485143
best_model.pt,63972226,20260207,1000.0,29.07,[0.07104294],0.0,0.0,0.0,0.0,0.0,0,72,-1.0
best_model.pt,63972231,20260207,1000.0,29.07,[0.3966302],0.0,0.0,0.0,0.0,0.0,0,72,-1.0
best_model.pt,63974967,20260207,16.666666,7.15,[0.09070365],0.8928817441479383,18.66613073230403,0.9999998855590908,0.011870896778108793,16.66666603088379,12,6,1.6106476200466113
best_model.pt,63978528,20260207,393.5711,27.0,[10.1111397],10.68894903530033,36.82037100531479,0.9999999999999989,0.009696969696969697,393.5711059570308,176,22,0.3637174446412885
best_model.pt,63978909,20260207,256.41025,23.0,[3.31946612],0.0,0.0,0.0,0.0,0.0,0,66,-1.0
best_model.pt,63979077,20260207,1037.6578,23.0,[53.55952755],28.468597767361082,36.449206558902546,1.0,0.012077294685990338,1037.6578369140625,175,18,0.5847481112566324
best_model.pt,63981277,20260207,178.838,23.0,[2.25313358],0.0,0.0,0.0,0.0,0.0,0,72,-1.0
best_model.pt,63982060,20260207,144.41286,32.0,[0.24142034],0.0026328288,693.4125710828281,0.012646588657241505,2.6812526812526813e-05,1.82633,1,72,20.669142846338378
best_model.pt,63982405,20260207,33.766235,29.2,[0.03732695],0.10336164480000001,34.06501455930238,0.10427724510417083,9.663703131039815e-05,3.5210500000000007,1,26,0.16661005716608004
best_model.pt,63984594,20260207,1000.0,86.31,[0.00284172],0.0,0.0,0.0,0.0,0.0,0,59,-1.0
best_model.pt,63985166,20260207,50.0,46.0,[0.01928978],0.35932580950899073,139.14909401923975,1.0,0.018043759089080725,50.0,5,18,2.0249803047660815
best_model.pt,63985726,20260207,4994.146,1.0,[6089.8904525],2828.726619990513,1.76551030383593,0.9999999999999989,0.306655993088399,4994.1459960937445,1496,25,0.7655103038359301
best_model.pt,63985744,20260207,1000.0,86.31,[0.08571266],0.014272203700000001,129.17282193625527,0.00184371,0.0003477091182950212,1.84371,7,72,0.49661482551384617
best_model.pt,63986072,20260207,1000.0,89.8,[0.00662579],0.010904680200000003,182.35909760126654,0.00198875,1.1833886739070828e-05,1.9887500000000002,10,72,1.0307248485967273
best_model.pt,63986203,20260207,1000.0,82.32,[0.20167387],1.3946243770999995,83.78289390013141,0.11684575000000001,0.0026573343373190537,116.84575000000001,1068,72,0.017770823745510433
best_model.pt,63986210,20260207,1000.0,82.32,[0.99775229],0.0,0.0,0.0,0.0,0.0,0,35,-1.0
best_model.pt,63986783,20260207,1000.0,30.49,[0.02951536],0.0039853355,94.61571912349073,0.00037717,0.004383116883116883,0.37717,2,44,2.1031721821499008
best_model.pt,63987649,20260207,5.0761423,2.07,[1.53290255],0.0,0.0,0.0,0.0,0.0,0,43,-1.0
best_model.pt,63987864,20260207,138.914,3.0,[5.55396446],0.0,0.0,0.0,0.0,0.0,0,22,-1.0
best_model.pt,63990159,20260207,1000.0,82.32,[1.11192732],7.28376555089099,137.2916049701886,0.999999999999999,0.06416984186869264,999.999999999999,1330,24,0.6677794640324889
best_model.pt,63992188,20260207,221.95963,49.74,[0.78058679],0.0,0.0,0.0,0.0,0.0,0,54,-1.0
best_model.pt,63993604,20260207,23.71317,4.5,[6.43865063],0.0,0.0,0.0,0.0,0.0,0,37,-1.0
best_model.pt,63993656,20260207,1000.0,69.53,[0.09976698],0.0,0.0,0.0,0.0,0.0,0,72,-1.0
best_model.pt,63993812,20260207,82.35294,2.06,[7.23096445],0.0,0.0,0.0,0.0,0.0,0,51,-1.0
best_model.pt,63994945,20260207,1000.0,24.0,[41.13260952],27.84305523030472,35.915597473512555,1.0000000000000004,0.0037534735183111442,1000.0000000000003,181,18,0.49648322806302314
best_model.pt,63995216,20260207,200.0,188.17,[1.01752644],0.028959337999999998,607.4055489269497,0.08795335,1.827485380116959e-05,17.59067,1,72,2.2279617092922575
best_model.pt,63995643,20260207,10.638298,10.0,[0.44644649],0.8144808424439318,13.061430568846966,0.9999999103546237,0.05493012422360248,10.638298034667969,5,8,0.30614305688469656
best_model.pt,63995756,20260207,18.64382,10.0,[3.70741591],0.0,0.0,0.0,0.0,0.0,0,72,-1.0
best_model.pt,63996213,20260207,148.11337,14.0,[1.89770822],0.0,0.0,0.0,0.0,0.0,0,72,-1.0
best_model.pt,63996594,20260207,50.0,120.0,[0.17424367],0.0,0.0,0.0,0.0,0.0,0,72,-1.0
best_model.pt,63996813,20260207,2738.0024,2.3,[826.7561496],433.1022810278215,6.3218379468856245,0.999999999999997,0.17711226026317264,2738.002441406242,985,28,1.7486252512827347
best_model.pt,63996824,20260207,1000.0,27.5,[6.68570877],24.18469639656043,41.34846029300413,0.9999999999999993,0.016148058287734968,999.9999999999993,314,26,0.5035803742910593
best_model.pt,63997152,20260207,69.34492,12.0,[2.78536879],0.0,0.0,0.0,0.0,0.0,0,72,-1.0
best_model.pt,63997228,20260207,3.88989,3.37,[0.4332658],0.19477183056174263,19.97141975244613,0.999999754832632,0.5,3.8898899555206303,4,7,4.92623751651341
best_model.pt,63998445,20260207,312.5,26.0,[13.29513089],8.586498647268954,36.394341447320066,0.9999999999999988,0.023855833324638382,312.4999999999996,960,21,0.39978236335846407
best_model.pt,63999590,20260207,40.2639,45.0,[1.13178787],0.06898476959886314,583.6551652748318,0.9999999999999998,0.0014063640657877784,40.26390075683593,4,22,11.970114783885151
best_model.pt,64000136,20260207,1000.0,90.69,[1.69324417],0.0,0.0,0.0,0.0,0.0,0,72,-1.0
best_model.pt,64000141,20260207,1000.0,90.69,[0.01134874],0.0,0.0,0.0,0.0,0.0,0,72,-1.0
best_model.pt,64001234,20260207,1778.9946,62.32,[59.29521533],19.59886390439999,80.50314891684297,0.8868887597316888,0.0163818531208903,1577.77034,6393,64,0.2917706885600145
best_model.pt,64001556,20260207,1000.0,56.65,[2.04788317],0.0,0.0,0.0,0.0,0.0,0,63,-1.0
best_model.pt,64001859,20260207,1000.0,49.88,[0.17301147],0.0,0.0,0.0,0.0,0.0,0,60,-1.0
best_model.pt,64002001,20260207,1000.0,62.32,[0.24218348],0.5477278376999999,47.37221817451882,0.025947130000000006,0.007866260187753474,25.947130000000005,161,72,-0.23985528872759024
best_model.pt,64002534,20260207,1000.0,74.77,[0.17378205],0.2657591046,154.71927233731225,0.04111820999999999,0.003996943901249839,41.11820999999999,6,67,1.0692694835323324
best_model.pt,64002649,20260207,59.33854,2.0,[24.47118861],11.461021581638011,5.177421011158541,0.9999999999999997,0.07251908396946564,59.338539123535135,74,20,1.5887105055792703
best_model.pt,64003385,20260207,7.6923075,28.01,[0.05484108],0.0,0.0,0.0,0.0,0.0,0,72,-1.0
best_model.pt,64003833,20260207,2.6184864,23.0,[0.0070058],0.07085758562011633,36.95369278829597,0.9999996357918959,0.018030868521973043,2.6184864044189453,11,19,0.606682295143303
best_model.pt,64003921,20260207,896.7005,2.57,[225.29016801],0.0,0.0,0.0,0.0,0.0,0,27,-1.0
best_model.pt,64004668,20260207,1000.0,32.0,[0.39536809],0.0,0.0,0.0,0.0,0.0,0,72,-1.0
best_model.pt,64004784,20260207,16.216217,1.18,[1.13358603],0.2951253408,1.6280823958225283,0.029630211674495636,0.0003654970760233918,0.48049,1,72,0.3797309052477071
best_model.pt,64005031,20260207,1000.0,8.49,[1.23163433],0.0,0.0,0.0,0.0,0.0,0,71,-1.0
best_model.pt,64005326,20260207,1000.0,24.56,[0.02712909],0.0419157201,22.505816241094685,0.00094337,0.004464285714285714,0.94337,2,56,-0.08363938393794576
best_model.pt,64005450,20260207,1000.0,23.0,[0.06355928],0.0,0.0,0.0,0.0,0.0,0,55,-1.0
best_model.pt,64005575,20260207,1000.0,6.38,[2.12911158],0.0,0.0,0.0,0.0,0.0,0,72,-1.0
best_model.pt,64005608,20260207,341.591,25.0,[3.26079876],0.0,0.0,0.0,0.0,0.0,0,72,-1.0
best_model.pt,64005639,20260207,1000.0,24.0,[0.06845896],2.8765779741,53.363374126735735,0.15350395999999997,1.5197572588442272e-05,153.50395999999998,3,72,1.2234739219473223
best_model.pt,64006623,20260207,5.42627,23.0,[0.70754323],0.3311057175464191,16.388281241459346,0.9999998242486741,0.0001381902357149541,5.426270008087158,9,9,-0.28746603298002843
best_model.pt,64007498,20260207,151.51515,52.0,[2.58254205],0.0,0.0,0.0,0.0,0.0,0,72,-1.0
best_model.pt,64007547,20260207,41.666668,6.5,[0.06815347],1.207638970166139,34.50255785463959,1.0000000000000004,0.22645917301089716,41.666667938232436,64,9,4.308085823790706
best_model.pt,64008712,20260207,1000.0,30.0,[3.55227934],0.0,0.0,0.0,0.0,0.0,0,72,-1.0
best_model.pt,64008942,20260207,622.4808,32.4,[18.86823898],4.251255456193014,146.42277649916497,1.0000000000000007,0.01939834101105161,622.4807739257817,622,35,3.519221284054955
best_model.pt,64009066,20260207,1000.0,32.66,[0.01948715],0.0,0.0,0.0,0.0,0.0,0,60,-1.0
best_model.pt,64009550,20260207,1000.0,49.88,[1.26295174],0.0,0.0,0.0,0.0,0.0,0,57,-1.0
best_model.pt,64009920,20260207,650.6763,2.3,[108.4192968],0.0,0.0,0.0,0.0,0.0,0,24,-1.0
best_model.pt,64010195,20260207,1000.0,74.77,[0.85103553],3.6068089239000005,61.662481442747136,0.22240485000000002,0.0036519188451765803,222.40485,53,61,-0.17530447758198153
best_model.pt,64010536,20260207,1000.0,23.0,[0.04365347],0.0,0.0,0.0,0.0,0.0,0,69,-1.0
best_model.pt,64011512,20260207,2.76675,16.0,[0.28248567],0.0671781121256744,41.18467794124639,0.9999996553089531,0.00202020202020202,2.7667500972747803,4,3,1.5740423713278995
best_model.pt,64011906,20260207,1000.0,49.88,[1.20940839],0.0,0.0,0.0,0.0,0.0,0,71,-1.0
best_model.pt,64012844,20260207,1000.0,33.75,[0.02184388],0.0,0.0,0.0,0.0,0.0,0,66,-1.0
best_model.pt,64014502,20260207,1000.0,64.61,[2.44987276],0.0,0.0,0.0,0.0,0.0,0,72,-1.0
best_model.pt,64014589,20260207,1000.0,43.12,[3.84171003],0.0,0.0,0.0,0.0,0.0,0,58,-1.0
best_model.pt,64014727,20260207,1000.0,43.12,[0.11994654],0.0,0.0,0.0,0.0,0.0,0,60,-1.0
best_model.pt,64014794,20260207,2172.0188,288.0,[8.33836502],0.0,0.0,0.0,0.0,0.0,0,44,-1.0
best_model.pt,64017299,20260207,1000.0,29.2,[11.78172921],20.146170817370095,49.63722185362267,1.0000000000000002,0.016422953822701043,1000.0000000000001,309,27,0.6999048135855556
best_model.pt,64017952,20260207,1000.0,45.04,[6.04706331],0.0,0.0,0.0,0.0,0.0,0,19,-1.0
best_model.pt,64018079,20260207,1000.0,43.12,[0.01519128],0.187434123,44.81027816755561,0.00839902,0.11369347982097847,8.39902,118,70,0.03919942665909898
best_model.pt,64018092,20260207,27.777779,35.0,[0.70589038],0.0171551094,80.69428608330044,0.04983839505692187,6.944444444444444e-05,1.3843999999999999,1,72,1.305551030951441
best_model.pt,64018462,20260207,1000.0,64.61,[0.00239328],0.0,0.0,0.0,0.0,0.0,0,58,-1.0
best_model.pt,64018532,20260207,1000.0,43.12,[0.00754731],0.0014425413999999998,48.08313776106457,6.941e-05,0.006111111111111111,0.06941,2,60,0.11510062504917755
best_model.pt,64018637,20260207,1000.0,32.2,[0.20572946],0.0,0.0,0.0,0.0,0.0,0,57,-1.0
best_model.pt,64018926,20260207,1000.0,14.0,[0.05026751],6.790247362400001,17.882177293406507,0.1214244250827,0.013982242549709577,121.4244250827,64,72,0.27729837810046476
best_model.pt,64019380,20260207,1000.0,39.33,[0.0255092],0.0,0.0,0.0,0.0,0.0,0,56,-1.0
best_model.pt,64019817,20260207,248.75623,600.0,[0.0269657],0.0,0.0,0.0,0.0,0.0,0,72,-1.0
best_model.pt,64020441,20260207,193.6996,2.61,[10.76953842],0.0,0.0,0.0,0.0,0.0,0,50,-1.0
best_model.pt,64020537,20260207,40000.0,1.56,[1525.46249437],12544.129166928691,3.1887426751206505,0.9999999999999978,0.0822142974919854,39999.99999999991,7884,30,1.0440658923609225
best_model.pt,64020651,20260207,1000.0,7.0,[3.2944724],0.0,0.0,0.0,0.0,0.0,0,72,-1.0
best_model.pt,64020690,20260207,1000.0,28.88,[1.47738812],0.0,0.0,0.0,0.0,0.0,0,72,-1.0
best_model.pt,64020711,20260207,1000.0,28.88,[0.93444233],0.0,0.0,0.0,0.0,0.0,0,72,-1.0
best_model.pt,64021638,20260207,380.56766,3.0,[151.39981392],66.3671123367806,5.734280705256964,0.9999999999999999,0.04274274274274274,380.56765747070307,427,18,0.9114269017523213
best_model.pt,64021741,20260207,1000.0,23.81,[2.0033877],0.0,0.0,0.0,0.0,0.0,0,71,-1.0
best_model.pt,64021769,20260207,502.20883,2.57,[116.80017469],148.83393463513664,3.374289805910019,1.0000000000000002,0.005135790295410658,502.20883178710943,125,19,0.31295326597630563
best_model.pt,64023756,20260207,1000.0,166.08,[2.94529916],0.0,0.0,0.0,0.0,0.0,0,51,-1.0
best_model.pt,64024405,20260207,0.4539,22.5,[0.02899705],0.0,0.0,0.0,0.0,0.0,0,16,-1.0
best_model.pt,64024543,20260207,33.333332,3.62,[12.36132078],3.5459270193021255,9.400453669763973,0.9999999999999996,0.01667558409131443,33.333332061767564,20,21,1.59681048810645
best_model.pt,64024748,20260207,106.53732,2.5,[57.40553932],29.888169445922763,3.5645314319525467,0.9999999999999999,0.0439343282896173,106.53732299804686,36,19,0.4258125727810187
best_model.pt,64025102,20260207,282.86703,11.54,[27.54282101],10.092573852864845,28.027241713428104,0.999999999999999,0.02693570118675672,282.8670349121091,132,22,1.4287037960204334
best_model.pt,64026285,20260207,1000.0,27.12,[1.89196298],0.0,0.0,0.0,0.0,0.0,0,38,-1.0
best_model.pt,64026292,20260207,1000.0,27.12,[0.02422681],0.044314773499999995,71.66793557151836,0.0031760200000000003,0.06944444444444445,3.1760200000000003,3,36,1.642622911273634
best_model.pt,64026424,20260207,1000.0,26.25,[0.06705199],0.0,0.0,0.0,0.0,0.0,0,72,-1.0
best_model.pt,64027513,20260207,1000.0,16.17,[0.70051727],7.332197032399205,136.38475060019422,1.0000000000000004,0.00943592173773985,1000.0000000000005,26,18,7.434431042467422
best_model.pt,64029184,20260207,9.71446,12.0,[0.37187877],0.7874847659433164,12.336045669711897,0.9999999018294186,0.00090408411259729,9.714460372924805,13,8,0.02800380580932475
best_model.pt,64029548,20260207,1000.0,26.3,[2.38007307],0.0,0.0,0.0,0.0,0.0,0,72,-1.0
best_model.pt,64029570,20260207,1000.0,26.5,[0.1879625],0.0,0.0,0.0,0.0,0.0,0,72,-1.0
best_model.pt,64029589,20260207,1000.0,30.0,[3.04058014],0.0,0.0,0.0,0.0,0.0,0,72,-1.0
best_model.pt,64029718,20260207,1000.0,2.75,[337.58636438],139.0468788872473,7.191819052760455,0.9999999999999996,0.04259435299364891,999.9999999999995,213,19,1.6152069282765291
best_model.pt,64030368,20260207,1000.0,20.04,[0.1709648],0.47068131459999996,22.140984856965353,0.010421370000000001,0.0005527804426213239,10.421370000000001,2,50,0.10483951324623596
best_model.pt,64031354,20260207,1000.0,102.01,[0.00329459],0.0,0.0,0.0,0.0,0.0,0,55,-1.0
best_model.pt,64032557,20260207,67.9219,30.55,[2.61925867],0.0,0.0,0.0,0.0,0.0,0,72,-1.0
best_model.pt,64033273,20260207,1172.7704,25.52,[1.06289802],26.825600204945324,43.71832626535817,0.9999999999999979,0.027955082742316784,1172.770385742185,473,18,0.7131005282587376
best_model.pt,64035082,20260207,1857.1991,86.3,[6.38775789],0.2430868653,94.33864570614583,0.012347938377204154,0.00030547229449558096,22.93258,17,46,0.0931476520292461
best_model.pt,64036941,20260207,54.87099,26.53,[0.98095338],0.0,0.0,0.0,0.0,0.0,0,72,-1.0
best_model.pt,64037275,20260207,172.63347,27.0,[3.81691737],0.0,0.0,0.0,0.0,0.0,0,72,-1.0
best_model.pt,64037396,20260207,1000.0,20.15,[1.83101804],0.0,0.0,0.0,0.0,0.0,0,72,-1.0
best_model.pt,64037536,20260207,15.42675,12.1,[2.67842637],0.0,0.0,0.0,0.0,0.0,0,72,-1.0
best_model.pt,64040144,20260207,500.0,1.6,[21.03901784],112.21189740950587,4.45585545817344,1.0000000000000004,0.42861111111111116,500.0000000000002,161,40,1.784909619860013
best_model.pt,64040948,20260207,208.86076,12.0,[14.6150059],4.672078256000001,15.566169156185214,0.3482050662553368,0.3502673796791444,72.72637600999998,43,34,0.29718076301543456
best_model.pt,64048356,20260207,1062.3138,50.18,[47.01698996],0.09004988150000001,65.00758129724693,0.005510603142209545,1.6832461715851066e-05,5.8539900000000005,2,64,0.29548786173565983
best_model.pt,64048419,20260207,793.6429,2.67,[3.1898602],0.0,0.0,0.0,0.0,0.0,0,26,-1.0
best_model.pt,64049764,20260207,500.0,18.0,[2.67736202],0.0,0.0,0.0,0.0,0.0,0,72,-1.0
best_model.pt,64053215,20260207,1000.0,22.98,[2.22047377],0.0,0.0,0.0,0.0,0.0,0,72,-1.0
best_model.pt,64055756,20260207,145.76476,12.0,[18.89065394],6.696927392860188,21.765912176159443,1.0,0.008333333333333333,145.76475524902344,19,19,0.8138260146799535
best_model.pt,64055857,20260207,1000.0,38.0,[0.06898852],0.0,0.0,0.0,0.0,0.0,0,72,-1.0
best_model.pt,64058792,20260207,6.1728396,12.1,[0.00192569],0.22537965391988105,27.388507106583262,0.999999845504788,0.11471861471861472,6.172839641571045,7,11,1.2635129126546785
best_model.pt,64059274,20260207,4187.775,10.0,[6.10312585],0.0,0.0,0.0,0.0,0.0,0,45,-1.0
best_model.pt,64059312,20260207,2.48044,13.0,[0.03933872],0.03614644304496489,68.62006527727105,0.9999996423721313,0.02040816326530612,2.4804399013519287,1,7,4.278466559790081
best_model.pt,64059848,20260207,33.37384,14.0,[3.29243069],0.0,0.0,0.0,0.0,0.0,0,72,-1.0
best_model.pt,64060132,20260207,1000.0,114.63,[0.00028414],0.0,0.0,0.0,0.0,0.0,0,50,-1.0
best_model.pt,64061252,20260207,1000.0,62.0,[0.13465897],0.0,0.0,0.0,0.0,0.0,0,17,-1.0
best_model.pt,64062292,20260207,1321.4402,800.0,[2.22716564],0.0,0.0,0.0,0.0,0.0,0,1,-1.0
best_model.pt,64062322,20260207,7.8125,14.49,[0.32248951],0.3502595101437966,22.30482676106605,0.9999998779297024,0.012371700879765395,7.8125,2,8,0.5393255426769983
best_model.pt,64062508,20260207,3.7593985,12.0,[0.07950598],0.026249506256202683,143.2124174557541,0.9999997463226937,0.037037037037037035,3.7593984603881836,2,6,10.934368121312842
best_model.pt,64070901,20260207,16.666666,7.15,[0.18408317],0.5749178755384211,28.989596167416103,0.9999998855590908,0.00971264367816092,16.66666603088379,4,5,3.0544889203846024
best_model.pt,64073068,20260207,1013.3128,12.92,[42.49666907],49.88659110965164,20.312327668093733,1.0000000000000022,0.011707109408258833,1013.3128051757834,330,18,0.5721615749340034
best_model.pt,64073560,20260207,62.5,1.39,[27.03498893],15.534581614705537,4.023281574416779,1.0000000000000002,0.03929617943512301,62.500000000000014,28,22,1.8944472056274664
best_model.pt,64073567,20260207,1000.0,5.38,[0.0050812],41.69334406260394,23.984643076694052,0.9999999999999997,0.15033793742997464,999.9999999999997,2315,13,3.4581120012088515
best_model.pt,64074041,20260207,1000.0,5.38,[0.0044572],44.791828322467936,22.325500322854452,0.9999999999999994,0.20920637810894807,999.9999999999994,2303,16,3.1497211613302145
best_model.pt,64075202,20260207,16.13854,8.3,[0.23027222],0.1743870789492756,92.54382733718035,0.999999881814069,0.00487904035922935,16.138540267944336,85,10,10.149858459098025
best_model.pt,64081848,20260207,1000.0,96.08,[0.00241195],0.0123606574,35.36338096540356,0.00043715000000000003,0.003214764518875568,0.43715000000000004,6,72,-0.6319381734860301
best_model.pt,64082498,20260207,130.62898,2.5,[71.42236422],30.818504219601394,4.238654068817775,0.9999999999999998,0.028565002249212774,130.62898254394528,127,19,0.6954616275271099
best_model.pt,64083791,20260207,125.47337,14.0,[1.60462779],0.0,0.0,0.0,0.0,0.0,0,26,-1.0
best_model.pt,64084611,20260207,1000.0,56.65,[0.09727165],0.5148075301999999,140.822161536126,0.07249644999999999,0.029885057471264364,72.49645,5,58,1.4858280272383664
best_model.pt,64085364,20260207,1000.0,49.13,[0.01287131],0.0491351771,49.95097593784925,0.0024544,0.125,2.4543999999999997,3,16,0.016710255483116988
best_model.pt,64085968,20260207,1000.0,50.24,[0.0807456],0.1494995501,188.19121388637623,0.028134690000000004,0.026044199957243438,28.134690000000003,11,14,2.745844100300583
best_model.pt,64086199,20260207,1000.0,32.2,[0.021029],0.0,0.0,0.0,0.0,0.0,0,17,-1.0
best_model.pt,64087348,20260207,1000.0,23.0,[7.09013879],25.661913067894623,38.96825456410877,1.0000000000000018,0.054388035652722065,1000.0000000000017,824,28,0.6942719375699464
best_model.pt,64087378,20260207,1000.0,23.0,[8.41721299],26.74747667844498,37.386702851830826,1.0000000000000002,0.011777524125765281,1000.0000000000002,227,23,0.6255088196448185
best_model.pt,64087380,20260207,1000.0,23.0,[5.34113275],0.0,0.0,0.0,0.0,0.0,0,72,-1.0
best_model.pt,64089175,20260207,1000.0,73.7,[0.17912127],2.4961940563,175.49354121761868,0.43806611000000006,1.1736828356284857e-05,438.06611000000004,7,72,1.3811879034522045
best_model.pt,64089368,20260207,1000.0,85.14,[0.13389581],0.0,0.0,0.0,0.0,0.0,0,35,-1.0
best_model.pt,64090050,20260207,1000.0,64.77,[20.95679163],0.0,0.0,0.0,0.0,0.0,0,64,-1.0
best_model.pt,64094719,20260207,72.20216,3.4,[0.29324328],14.607462231693628,4.942827002270521,1.0,0.4666666666666667,72.20216369628906,14,2,0.45377260694940036
best_model.pt,64096983,20260207,1000.0,30.2,[4.30133487],0.0,0.0,0.0,0.0,0.0,0,72,-1.0
best_model.pt,64096986,20260207,1000.0,30.2,[1.76475282],0.0,0.0,0.0,0.0,0.0,0,72,-1.0
best_model.pt,64096993,20260207,1000.0,30.2,[0.00700428],0.0,0.0,0.0,0.0,0.0,0,72,-1.0
best_model.pt,64097468,20260207,15.625,21.06,[0.01136528],0.07578481000000001,22.161932425080632,0.10749183343921916,0.0007836990595611285,1.6795600000000002,1,29,0.05232350366011468
best_model.pt,64099890,20260207,1000.0,30.66,[10.77036376],23.671903670631362,42.244171473056575,1.0000000000000002,0.0023695976154992546,1000.0000000000001,159,20,0.3778268650781562
best_model.pt,64100045,20260207,1000.0,78.48,[9.41515804],7.8826388905311155,126.86105338913592,1.0000000000000004,0.0012327938774618784,1000.0000000000003,866,63,0.616476146314129
best_model.pt,64101329,20260207,1000.0,33.75,[4.0791793],0.0,0.0,0.0,0.0,0.0,0,72,-1.0
best_model.pt,64101372,20260207,416.66666,160.0,[0.74120955],0.006738587799999999,50.1499513071111,0.0008111760198041021,1.8595379420121686e-06,0.33799,1,72,-0.6865628043305556
best_model.pt,64101541,20260207,72.20216,3.4,[2.87394336],0.0,0.0,0.0,0.0,0.0,0,72,-1.0
best_model.pt,64101656,20260207,1000.0,23.72,[0.00670113],0.028685697300000004,48.36388049453153,0.0013874000000000004,0.06180555555555556,1.3874000000000004,11,48,1.0389494896529106
best_model.pt,64101730,20260207,1000.0,30.0,[0.90535562],0.0,0.0,0.0,0.0,0.0,0,72,-1.0
best_model.pt,64101770,20260207,72.20216,3.4,[4.90549062],0.0,0.0,0.0,0.0,0.0,0,72,-1.0
best_model.pt,64102348,20260207,88.35518,30.0,[2.65651236],0.0,0.0,0.0,0.0,0.0,0,72,-1.0
best_model.pt,64102891,20260207,1000.0,1.19,[4.14786939],0.0,0.0,0.0,0.0,0.0,0,71,-1.0
best_model.pt,64104000,20260207,1000.0,42.0,[0.07516578],0.015622223199999999,96.59978486385577,0.0015092,0.038461538461538464,1.5092,1,26,1.2999948777108519
best_model.pt,64104600,20260207,1000.0,3.32,[1.96863788],0.0,0.0,0.0,0.0,0.0,0,3,-1.0
best_model.pt,64105048,20260207,11.61668,2.37,[4.91413283],0.0,0.0,0.0,0.0,0.0,0,40,-1.0
best_model.pt,64105429,20260207,243.90244,23.0,[4.47563741],0.0,0.0,0.0,0.0,0.0,0,72,-1.0
best_model.pt,64105743,20260207,250.0,2.0,[10.78450976],0.0,0.0,0.0,0.0,0.0,0,44,-1.0
best_model.pt,64106409,20260207,1000.0,42.0,[0.00105455],0.0003761164,64.91364469962059,2.448e-05,0.03571428571428571,0.02448,1,14,0.5455629690385855
best_model.pt,64107218,20260207,2941.1765,1.0,[3.57835713],0.0,0.0,0.0,0.0,0.0,0,11,-1.0
best_model.pt,64107502,20260207,44.82459,33.6,[2.68979314],0.0,0.0,0.0,0.0,0.0,0,65,-1.0
best_model.pt,64109107,20260207,1000.0,35.2,[4.07243598],0.0,0.0,0.0,0.0,0.0,0,13,-1.0
best_model.pt,64110035,20260207,228.48798,91.53,[7.41909721],0.0,0.0,0.0,0.0,0.0,0,72,-1.0
best_model.pt,64110204,20260207,1000.0,36.3,[0.16962031],0.0,0.0,0.0,0.0,0.0,0,8,-1.0
best_model.pt,64110714,20260207,1000.0,36.3,[0.11313541],0.0,0.0,0.0,0.0,0.0,0,8,-1.0
best_model.pt,64111322,20260207,23.809525,8.81,[0.11075784],1.7206715638758856,13.83733607194903,0.9999999198913663,0.22182539682539684,23.809524536132812,12,12,0.5706396609401135
best_model.pt,64111471,20260207,1000.0,38.5,[2.01906826],0.0,0.0,0.0,0.0,0.0,0,6,-1.0
best_model.pt,64111607,20260207,1000.0,182.73,[0.18343676],0.0,0.0,0.0,0.0,0.0,0,72,-1.0
best_model.pt,64112092,20260207,27.03299,14.96,[1.41949859],0.0,0.0,0.0,0.0,0.0,0,72,-1.0
best_model.pt,64112353,20260207,13.76477,3.15,[1.38116265],0.0,0.0,0.0,0.0,0.0,0,72,-1.0
best_model.pt,64113058,20260207,1000.0,18.66,[1.86626254],0.0,0.0,0.0,0.0,0.0,0,46,-1.0
best_model.pt,64113541,20260207,65.18746,15.0,[8.43378011],2.4976746321203724,26.099250444977596,0.9999999999999998,0.0002465685871619956,65.18746185302733,18,23,0.7399500296651731
best_model.pt,64114179,20260207,200.0,270.0,[0.05229632],0.0,0.0,0.0,0.0,0.0,0,48,-1.0
best_model.pt,64114440,20260207,609.66254,1.0,[43.12131347],163.18015813613684,3.736131523885011,0.9999999999999997,0.03332394692025884,609.6625366210935,178,20,2.736131523885011
best_model.pt,64114731,20260207,814.72974,1.0,[1020.60950392],496.3135682556998,1.641562485486626,1.0000000000000002,0.0918185506138771,814.7297363281252,279,19,0.641562485486626
best_model.pt,64115407,20260207,17.81497,1.0,[39.86770342],10.61839981970613,1.6777451067224387,0.9999998929356363,0.006015037593984962,17.814970016479492,4,19,0.6777451067224387
best_model.pt,64115681,20260207,6.81994,1.8,[8.57085682],0.0,0.0,0.0,0.0,0.0,0,12,-1.0
best_model.pt,64115785,20260207,50.0,17.88,[0.37127905],1.2613282102945393,39.640721543524904,1.0,0.06472851074681737,50.0,26,19,1.2170426959810503
best_model.pt,64116760,20260207,1000.0,9.0,[0.16845799],54.1060971626829,18.482205037096982,1.0000000000000016,0.08283305198915131,1000.0000000000016,1206,9,1.0535783374552201
best_model.pt,64117220,20260207,230.2107,20.91,[0.46890149],9.23087645111719,24.93919939664166,0.9999999999999996,0.0005845233516812615,230.2106933593749,122,17,0.19269247147929636
best_model.pt,64117240,20260207,46.2065,3.0,[17.64888945],6.747905751129116,6.847531050921595,1.0,0.07154377880184332,46.20650100708008,78,21,1.2825103503071984
best_model.pt,64117651,20260207,1000.0,1.0,[151.93433458],319.7885447513289,3.127066348328849,1.000000000000001,0.05325933181331855,1000.0000000000011,3177,17,2.127066348328849
best_model.pt,64117807,20260207,1000.0,1.0,[2.98939096],0.0,0.0,0.0,0.0,0.0,0,67,-1.0
best_model.pt,64118118,20260207,11.77282,260.0,[0.09289078],0.0,0.0,0.0,0.0,0.0,0,40,-1.0
best_model.pt,64119370,20260207,1000.0,9.0,[0.0704014],51.458521815349286,19.43312682309871,1.000000000000001,0.13505452247213087,1000.0000000000011,1466,12,1.1592363136776345
best_model.pt,64119491,20260207,1000.0,48.12,[0.63222069],0.0,0.0,0.0,0.0,0.0,0,57,-1.0
best_model.pt,64119946,20260207,1000.0,9.0,[0.04198256],50.2996024392303,19.880872444812702,0.9999999999999998,0.09759257392002525,999.9999999999998,1295,10,1.2089858272014113
best_model.pt,64120353,20260207,1000.0,9.0,[2.88141195],0.0,0.0,0.0,0.0,0.0,0,72,-1.0
best_model.pt,64120849,20260207,461.8884,23.0,[0.3846813],0.0,0.0,0.0,0.0,0.0,0,72,-1.0
best_model.pt,64120867,20260207,1000.0,9.0,[1.47208255],0.0,0.0,0.0,0.0,0.0,0,72,-1.0
best_model.pt,64121070,20260207,1000.0,9.0,[0.11556819],53.015403676687626,18.86244207883464,0.9999999999999994,0.09061510350905189,999.9999999999994,1289,9,1.0958268976482932
best_model.pt,64121242,20260207,102.05589,25.0,[2.07706349],0.0,0.0,0.0,0.0,0.0,0,71,-1.0
best_model.pt,64121508,20260207,41.666668,2.76,[9.17517871],0.0,0.0,0.0,0.0,0.0,0,66,-1.0
best_model.pt,64122408,20260207,1250.0,20.52,[5.31170133],0.0,0.0,0.0,0.0,0.0,0,72,-1.0
best_model.pt,64123385,20260207,1000.0,9.0,[0.02230891],51.96372315016551,19.24419422114908,0.9999999999999999,0.10574553360521068,999.9999999999999,1432,11,1.1382438023498977
best_model.pt,64124337,20260207,1000.0,86.31,[0.0046103],0.0,0.0,0.0,0.0,0.0,0,45,-1.0
best_model.pt,64124603,20260207,80.0,2.98,[17.45758452],0.0,0.0,0.0,0.0,0.0,0,36,-1.0
best_model.pt,64125620,20260207,1000.0,7.5,[6.03681066],0.0,0.0,0.0,0.0,0.0,0,72,-1.0
best_model.pt,64126239,20260207,2000.0,15.0,[3.91153717],0.0,0.0,0.0,0.0,0.0,0,72,-1.0
best_model.pt,64126497,20260207,333.33334,100.0,[0.00588778],0.0,0.0,0.0,0.0,0.0,0,72,-1.0
best_model.pt,64126534,20260207,333.33334,6.0,[10.33752043],9.558227092519498,34.873968300331136,1.0000000000000004,0.02311992044594056,333.3333435058595,103,21,4.812328050055189
best_model.pt,64127954,20260207,1000.0,23.0,[0.12285769],0.0,0.0,0.0,0.0,0.0,0,63,-1.0
best_model.pt,64128713,20260207,1000.0,31.0,[0.00415331],0.0,0.0,0.0,0.0,0.0,0,55,-1.0
best_model.pt,64129362,20260207,1000.0,24.0,[0.00400027],0.0,0.0,0.0,0.0,0.0,0,72,-1.0
best_model.pt,64129574,20260207,1000.0,52.0,[0.18751499],0.0,0.0,0.0,0.0,0.0,0,72,-1.0
best_model.pt,64129661,20260207,1143.8391,24.0,[39.60234406],31.52301815187253,36.28583625880831,1.0,0.00302732009727586,1143.839111328125,422,18,0.5119098441170129
best_model.pt,64131561,20260207,35.86777,16.1,[3.13113294],0.0,0.0,0.0,0.0,0.0,0,72,-1.0
best_model.pt,64131665,20260207,1.7391304,22.76,[0.24919809],0.01788720570011799,97.22218130340478,0.9999994516375508,0.2857142857142857,1.7391303777694702,2,7,3.2716247946268653
best_model.pt,64131892,20260207,1000.0,17.11,[2.00475751],0.0,0.0,0.0,0.0,0.0,0,70,-1.0
best_model.pt,64132598,20260207,1000.0,46.2,[0.0002398],0.0,0.0,0.0,0.0,0.0,0,29,-1.0
best_model.pt,64133904,20260207,403.04092,72.0,[1.00977348],0.0029170168,63.84815879058681,0.00046226075039117973,5.8582308142940827e-05,0.18631,1,30,-0.11322001679740544
best_model.pt,64136664,20260207,185.32,8.0,[74.34889725],15.284507728819587,12.12469504988342,1.0,0.009292929292929292,185.32000732421875,46,18,0.5155868812354274
best_model.pt,64137600,20260207,1.693767,48.0,[0.00205867],0.029324817110633443,57.756854486650255,0.9999994369510052,0.0017748828232699199,1.6937669515609741,2,13,0.20326780180521364
best_model.pt,64138592,20260207,1000.0,49.74,[18.24395663],4.5305205662,59.22145300039737,0.26830406999999995,0.0001275799218109279,268.30406999999997,10,67,0.1906202453152557
best_model.pt,64139850,20260207,7.1035,25.0,[0.36112265],0.28308789673060675,25.092824096642754,0.9999998657458714,0.00012739825287158907,7.10349988937378,9,9,0.0037129638657101794
best_model.pt,64141744,20260207,22.66524,52.0,[1.85910097],0.0,0.0,0.0,0.0,0.0,0,72,-1.0
best_model.pt,64141830,20260207,1000.0,25.0,[11.68765614],24.225223686724128,41.27928689751308,1.0000000000000018,0.0034609250398724084,1000.0000000000017,217,20,0.6511714759005233
best_model.pt,64142018,20260207,1000.0,30.39,[0.03721408],0.0,0.0,0.0,0.0,0.0,0,36,-1.0
best_model.pt,64142306,20260207,175.4386,52.0,[2.36834848],0.0,0.0,0.0,0.0,0.0,0,52,-1.0
best_model.pt,64142416,20260207,111.111115,3.54,[0.26092889],4.6255369080621875,24.021230981220455,0.9999999999999994,0.722311348781937,111.11111450195307,70,17,5.785658542393443
best_model.pt,64142620,20260207,10.989011,2.07,[1.0374107],2.123529744538849,5.174877189375683,0.9999999132156432,0.096045197740113,10.989010810852049,5,2,1.4999407518187116
best_model.pt,64142626,20260207,161.11707,1.78,[76.34240574],0.0,0.0,0.0,0.0,0.0,0,24,-1.0
best_model.pt,64143069,20260207,111.111115,3.21,[0.07414306],5.720356724555538,19.423805267455755,0.9999999999999997,0.5781125083193743,111.11111450195308,395,30,5.051029606425948
best_model.pt,64143979,20260207,1000.0,42.15,[4.2233479],0.0,0.0,0.0,0.0,0.0,0,72,-1.0
best_model.pt,64144354,20260207,1000.0,9.5,[1.8227836],0.0,0.0,0.0,0.0,0.0,0,72,-1.0
best_model.pt,64147740,20260207,395.34744,44.2,[9.09057472],12.862687471206257,30.735988320945268,0.9999999999999993,0.007430890987601701,395.34744262695284,169,26,-0.30461566085047237
best_model.pt,64149693,20260207,1000.0,10.54,[17.88805299],41.7468518143737,23.95390149399941,0.9999999999999996,0.046701859673202055,999.9999999999995,608,21,1.2726661841266362
best_model.pt,64150026,20260207,34.93014,9.0,[0.85200023],2.8995987507663257,12.046538988611458,1.0,0.001993435113039213,34.93014144897461,22,26,0.33850433206793973
best_model.pt,64150905,20260207,6.0798,48.47,[0.06045328],0.008413248,26.881784325824484,0.03720351980707541,0.021739130434782608,0.22618999999999997,1,23,-0.4453933639609154
best_model.pt,64154779,20260207,1000.0,57.19,[0.12649453],0.0272278337,82.62711597522446,0.00224984,0.00011194028329465145,2.24984,4,26,0.4447826186279322
best_model.pt,64157057,20260207,319.69867,3.0,[1.47537276],0.0,0.0,0.0,0.0,0.0,0,43,-1.0
best_model.pt,64159965,20260207,26.79537,23.65,[1.7152681],0.0,0.0,0.0,0.0,0.0,0,63,-1.0
best_model.pt,64160337,20260207,51.724136,27.5,[0.12391596],0.0,0.0,0.0,0.0,0.0,0,72,-1.0
best_model.pt,64162199,20260207,209.54996,1.0,[0.56934478],16.967170853,6.5893428185105565,0.5335363149373927,0.0072272158836983,111.80251200000001,21,65,5.5893428185105565
best_model.pt,64162266,20260207,1000.0,2.09,[74.27437605],257.0460223319997,3.8903539025320866,0.9999999999999989,0.04834180397874186,999.9999999999989,2389,18,0.861413426937073
best_model.pt,64162417,20260207,74.44531,33.92,[2.22981087],0.0,0.0,0.0,0.0,0.0,0,37,-1.0
best_model.pt,64163843,20260207,118.75,1.9,[14.02769825],0.0,0.0,0.0,0.0,0.0,0,35,-1.0
best_model.pt,64163937,20260207,1042.111,153.91,[3.56731197],0.0,0.0,0.0,0.0,0.0,0,48,-1.0
best_model.pt,64164134,20260207,1000.0,130.83,[3.90341574],0.0,0.0,0.0,0.0,0.0,0,9,-1.0
best_model.pt,64164423,20260207,1000.0,1.03,[3.5592246],0.0,0.0,0.0,0.0,0.0,0,72,-1.0
best_model.pt,64165844,20260207,1000.0,4.75,[46.44669758],87.77230092904678,11.39311580102318,1.0000000000000002,0.04557298372120749,1000.0000000000002,354,20,1.3985506949522484
best_model.pt,64166008,20260207,1000.0,148.94,[0.01317282],0.0,0.0,0.0,0.0,0.0,0,23,-1.0
best_model.pt,64166181,20260207,35.08772,61.67,[0.04736793],0.05663334001138337,619.5484745928088,1.0,0.005341880341880342,35.08771896362305,2,18,9.046189281464745
best_model.pt,64166966,20260207,217.39131,310.89,[0.99700655],0.0,0.0,0.0,0.0,0.0,0,65,-1.0
best_model.pt,64166994,20260207,1000.0,12.96,[0.00027814],0.156023996,45.556931147109275,0.00710802,0.0062292068381339626,7.10802,43,72,2.515195294214137
best_model.pt,64167055,20260207,81.25,32.44,[3.1723725],0.0,0.0,0.0,0.0,0.0,0,62,-1.0
best_model.pt,64167205,20260207,1000.0,10.0,[0.77032703],78.31080689962982,12.76962946521622,1.0000000000000002,0.0594481718131798,1000.0000000000001,657,13,0.27696294652162196
best_model.pt,64167208,20260207,23.18485,11.0,[3.07648409],0.0,0.0,0.0,0.0,0.0,0,69,-1.0
best_model.pt,64168025,20260207,1000.0,3.32,[4.54504968],0.0,0.0,0.0,0.0,0.0,0,19,-1.0
best_model.pt,64168581,20260207,760.80664,1.0,[34.04220685],216.24033316727798,3.5183382580072236,1.0000000000000009,0.23080010632642214,760.8066406250007,118,30,2.5183382580072236
best_model.pt,64169222,20260207,159.72878,1.0,[167.88089814],153.32537711599952,1.0417634509505014,1.0000000000000004,0.026669626669626672,159.72877502441412,100,18,0.04176345095050138
best_model.pt,64169441,20260207,1000.0,42.0,[1.0633209],0.0,0.0,0.0,0.0,0.0,0,72,-1.0
best_model.pt,64169699,20260207,8.33142,3.52,[0.03167758],1.4191832608436303,5.870569576223028,0.9999998855328125,0.17289739438791243,8.331419944763182,36,4,0.6677754568276478
best_model.pt,64169776,20260207,2.2580645,3.34,[0.18611519],0.09307149159005929,24.261352305725588,0.999999577658694,0.6666666666666666,2.2580645084381104,4,3,6.263878122511751
best_model.pt,64170247,20260207,4.5454545,2.5,[0.04801175],0.33204633288418534,13.689176367187146,0.9999997901916924,0.75,4.545454502105713,7,6,4.475670546874858
best_model.pt,64170496,20260207,1000.0,28.6,[0.64915828],0.0,0.0,0.0,0.0,0.0,0,8,-1.0
best_model.pt,64170856,20260207,81.96722,8.64,[0.83031726],5.5334686409608995,14.812987476238403,1.0,0.10954596780816295,81.96721649169922,48,16,0.7144660749563876
best_model.pt,64170903,20260207,348.6739,8.64,[6.85292894],0.0,0.0,0.0,0.0,0.0,0,65,-1.0
best_model.pt,64170958,20260207,1000.0,12.96,[0.0136183],0.3880882047,21.45200098115484,0.00832529,0.04885912698412698,8.32529,7,56,0.6552469844145199
best_model.pt,64171280,20260207,1000.0,300.0,[0.05140767],0.0,0.0,0.0,0.0,0.0,0,72,-1.0
best_model.pt,64171740,20260207,164.7887,1.0,[266.06601628],109.2819296548808,1.5079226300409685,1.0000000000000004,0.05231122498201231,164.78869628906259,62,19,0.5079226300409685
best_model.pt,64172255,20260207,102.14761,1.0,[2.01183042],0.0,0.0,0.0,0.0,0.0,0,72,-1.0
best_model.pt,64172315,20260207,4.587156,41.08,[0.00782726],0.08794698218832735,52.157601627704274,0.9999997920990357,0.1855753910187624,4.587155818939209,31,10,0.2696591845883367
best_model.pt,64172392,20260207,129.05164,1.0,[14.98830036],0.0,0.0,0.0,0.0,0.0,0,43,-1.0
best_model.pt,64173658,20260207,31.25,14.4,[0.00109381],0.0130659929,92.02576363227382,0.03847999765136734,0.02864167995746943,1.2025000000000001,7,57,5.390678199314173
best_model.pt,64175878,20260207,1000.0,8.0,[1.27141677],0.0,0.0,0.0,0.0,0.0,0,72,-1.0
best_model.pt,64176266,20260207,1000.0,12.0,[0.15505693],57.44808272830066,17.40702100229272,1.0000000000000002,0.11076005444790003,1000.0000000000002,391,13,0.45058508352439325
best_model.pt,64176572,20260207,115.27819,57.19,[4.0179322],0.0,0.0,0.0,0.0,0.0,0,72,-1.0
best_model.pt,64176703,20260207,26.574802,68.0,[0.28773573],0.1975969156,119.15520428698288,0.88598281774204,0.00012512512512512512,23.54482,1,72,0.7522824159850423
best_model.pt,64176991,20260207,7419.014,115.14,[69.784204],2.5251860726,533.8314600399241,0.18169857513947776,0.0013073223570717293,1348.02430184,32,41,3.6363684459765397
best_model.pt,64177035,20260207,237.66125,12.0,[24.48548763],9.712269965146458,24.470204315312632,0.9999999999999997,0.002640901771336554,237.66125488281241,164,18,1.0391836929427194
best_model.pt,64177389,20260207,7.38779,3.93,[4.29372054],0.0,0.0,0.0,0.0,0.0,0,72,-1.0
best_model.pt,64177756,20260207,2484.6904,136.93,[37.0589491],0.0,0.0,0.0,0.0,0.0,0,39,-1.0
best_model.pt,64177878,20260207,1000.0,32.0,[0.0025462],0.0,0.0,0.0,0.0,0.0,0,51,-1.0
best_model.pt,64178557,20260207,1000.0,31.31,[0.08861221],0.0,0.0,0.0,0.0,0.0,0,72,-1.0
best_model.pt,64178983,20260207,4.4334974,3.12,[2.10552678],0.0,0.0,0.0,0.0,0.0,0,37,-1.0
best_model.pt,64179227,20260207,56.35257,15.02,[0.25655194],1.5181538043227025,37.11911948611776,1.0,0.0006502151853319703,56.352569580078125,21,9,1.471312806580595
best_model.pt,64179291,20260207,1000.0,12.93,[0.06073669],1.3493690872,16.722172970961648,0.0225644,0.6842105263157895,22.5644,25,19,0.2932848086838705
best_model.pt,64179450,20260207,1000.0,30.0,[0.0473906],0.0,0.0,0.0,0.0,0.0,0,68,-1.0
best_model.pt,64179691,20260207,1000.0,12.7,[0.12804488],2.1144108563,28.17897081993391,0.05958195,0.6208181818181818,59.58195,84,25,1.2188166333180783
best_model.pt,64179851,20260207,1000.0,10.01,[0.32558548],62.737360938132795,15.939465242196983,0.9999999999999996,0.12563542957149731,999.9999999999995,235,12,0.5923541336399646
best_model.pt,64180437,20260207,1000.0,36.3,[0.07243699],0.0,0.0,0.0,0.0,0.0,0,4,-1.0
best_model.pt,64180551,20260207,1000.0,86.31,[0.010913],0.0,0.0,0.0,0.0,0.0,0,37,-1.0
best_model.pt,64180824,20260207,1000.0,11.0,[0.46331292],5.234050204900001,24.800521607140077,0.1298072,0.019374554376847018,129.80720000000002,76,72,1.2545928733763707
best_model.pt,64180855,20260207,1000.0,82.32,[5.14017745],0.0,0.0,0.0,0.0,0.0,0,57,-1.0
best_model.pt,64181008,20260207,1000.0,30.8,[0.1026294],0.0,0.0,0.0,0.0,0.0,0,6,-1.0
best_model.pt,64182141,20260207,1000.0,30.45,[0.22106837],0.0,0.0,0.0,0.0,0.0,0,71,-1.0
best_model.pt,64182450,20260207,1000.0,30.2,[3.89321092],0.0,0.0,0.0,0.0,0.0,0,72,-1.0
best_model.pt,64182863,20260207,43.47826,19.85,[0.05433193],0.9364386564999999,18.617658638210397,0.4009892264282625,0.01052175039867136,17.43431386,11,26,-0.062082706275902094
best_model.pt,64183074,20260207,250.0,12.0,[3.24779406],0.0,0.0,0.0,0.0,0.0,0,72,-1.0
best_model.pt,64183342,20260207,25.0,32.0,[0.13441109],0.005219824,133.14181822639492,0.02780439787869279,0.006690561529271207,0.69511,2,31,3.160681819574841
best_model.pt,64184353,20260207,0.83752096,3.05,[0.07571914],0.018290447906141816,45.787570305568,0.9999987901464115,0.625,0.837520956993103,3,4,14.012318367675778
best_model.pt,64185135,20260207,250.0,28.0,[0.42110049],0.0,0.0,0.0,0.0,0.0,0,72,-1.0
best_model.pt,64185273,20260207,1000.0,10.57,[0.24917867],2.5927739586,19.310256693868393,0.05006715,0.02212322574138765,50.06715,37,71,0.8268928336226907
best_model.pt,64186013,20260207,82.85865,10.0,[0.71754633],3.3086873892519577,25.04274820097295,1.0000000000000004,0.002573971844169365,82.85865020751956,56,10,1.504274820097295
best_model.pt,64188498,20260207,1000.0,26.98,[0.00055345],0.006411435899999999,52.309294818837884,0.00033543,0.00017712973200295973,0.33543,4,21,0.9388174835566381
best_model.pt,64188787,20260207,125.0,1.2,[5.286193],0.0,0.0,0.0,0.0,0.0,0,72,-1.0
best_model.pt,64189196,20260207,96.95803,32.41,[4.22056064],0.0,0.0,0.0,0.0,0.0,0,71,-1.0
best_model.pt,64190160,20260207,111.111115,2.0,[24.9558895],25.025839053020015,4.4398555359800875,1.0,0.04043312415405439,111.11111450195312,76,21,1.2199277679900438
best_model.pt,64190436,20260207,111.111115,2.0,[74.29364538],32.54356882241011,3.4142263773853094,1.0000000000000002,0.04628120224146714,111.11111450195314,45,20,0.7071131886926547
best_model.pt,64190638,20260207,105.33542,1.76,[48.29596847],33.69092692262784,3.126521743273964,0.9999999999999998,0.12111144669284205,105.33541870117185,88,21,0.7764328183041748
best_model.pt,64191414,20260207,17.857143,12.0,[0.00072937],0.5530139912704631,32.290523193730586,0.9999998931884913,0.08571428571428572,17.85714340209961,3,7,1.6908769328108821
best_model.pt,64192256,20260207,3.6057692,102.0,[0.00166132],0.003375870379483785,1067.7842949840656,0.9999997355143875,0.014275816093136974,3.605769157409668,4,18,9.468473480235938
best_model.pt,64192383,20260207,89.25466,25.49,[9.17800014e-05],0.0,0.0,0.0,0.0,0.0,0,34,-1.0
best_model.pt,64192413,20260207,1000.0,58.55,[0.03213252],0.0,0.0,0.0,0.0,0.0,0,72,-1.0
best_model.pt,64193332,20260207,61.98347,6.9,[3.1744757],0.0,0.0,0.0,0.0,0.0,0,46,-1.0
best_model.pt,64193931,20260207,720.20166,1.8,[843.92260453],147.25316069962642,4.8909079563625895,0.9999999999999997,0.09124156953629554,720.2016601562498,486,24,1.7171711588485594
best_model.pt,64194238,20260207,81.57953,21.79,[4.45851736],0.0,0.0,0.0,0.0,0.0,0,72,-1.0
best_model.pt,64196351,20260207,1000.0,10.57,[3.18001135],0.0,0.0,0.0,0.0,0.0,0,29,-1.0
best_model.pt,64196611,20260207,500.0,1.2,[6.22487524],0.0,0.0,0.0,0.0,0.0,0,70,-1.0
best_model.pt,64197886,20260207,1000.0,14.01,[0.03866824],1.3801249624,392.99459236084,0.54238204,0.43650793650793646,542.38204,23,27,27.05100542044785
best_model.pt,64198178,20260207,1000.0,8.0,[0.12623137],54.6989552987,13.359108609122893,0.7307292980000001,0.12440323300563993,730.7292980000001,119,59,0.6698885761403617
best_model.pt,64199262,20260207,461.9958,1900.0,[0.08203797],0.0,0.0,0.0,0.0,0.0,0,50,-1.0
best_model.pt,64199904,20260207,1000.0,14.08,[67.29315014],0.0,0.0,0.0,0.0,0.0,0,12,-1.0
best_model.pt,64200053,20260207,1000.0,114.63,[0.27731372],0.0,0.0,0.0,0.0,0.0,0,50,-1.0
best_model.pt,64200059,20260207,1000.0,114.63,[0.05527998],0.31206346879999997,205.6352017477743,0.06417144000000001,0.048,64.17144,2,25,0.7939039228376391
best_model.pt,64200276,20260207,1000.0,16.91,[0.001609],0.6011804388,78.969004922645,0.04747470000000001,0.2476821959441747,47.474700000000006,220,26,3.6699589376241386
best_model.pt,64200313,20260207,1000.0,86.47,[0.70928453],0.0,0.0,0.0,0.0,0.0,0,54,-1.0
best_model.pt,64200567,20260207,1000.0,10.57,[0.01060537],15.02422219486943,66.55918159825306,1.0000000000000002,0.018373908084854326,1000.0000000000001,93,22,5.296989926200745
best_model.pt,64200673,20260207,1000.0,10.57,[0.31031617],19.228199303444708,52.006947307536166,0.9999999999999999,0.09186082294426667,999.9999999999999,505,17,3.9202411361470766
best_model.pt,64200712,20260207,1000.0,160.82,[0.39844301],0.0,0.0,0.0,0.0,0.0,0,72,-1.0
best_model.pt,64200779,20260207,1000.0,10.57,[0.06432173],13.067994401655355,76.52283072224893,1.0,0.02952906636067029,1000.0,93,22,6.239624686055539
best_model.pt,64200992,20260207,1000.0,10.57,[0.01700329],14.627571181800002,34.943629991857016,0.51114047,0.015591803284511053,511.14046999999994,293,72,2.30592535484819
best_model.pt,64201906,20260207,56.6968,11.0,[10.7264513],3.749055652330932,15.122951048681278,1.0,0.010649812938142458,56.696800231933594,48,21,0.374813731698298
best_model.pt,64201946,20260207,160.0,75.0,[0.45647869],0.29437571149999997,90.96368345021071,0.16735993749999997,2.9892685259916896e-05,26.777589999999996,1,63,0.21284911266947612
best_model.pt,64202035,20260207,1000.0,100.04,[0.03962144],0.0,0.0,0.0,0.0,0.0,0,40,-1.0
best_model.pt,64202122,20260207,5.524862,84.77,[0.01404924],0.0,0.0,0.0,0.0,0.0,0,59,-1.0
best_model.pt,64203094,20260207,137.93103,26.6,[0.0356459],0.0,0.0,0.0,0.0,0.0,0,55,-1.0
best_model.pt,64203381,20260207,1000.0,46.06,[8.86759623],1.8273711133000001,317.5844247792375,0.5803449214600002,0.0011755337895544941,580.3449214600001,18,65,5.895015529969054
best_model.pt,64206422,20260207,70.27027,20.7,[0.08656669],0.38670091269999995,19.29395680488446,0.10617590998065787,0.0014770723104056437,7.46101,5,72,-0.06792482638804175
best_model.pt,64207947,20260207,43.54541,34.69,[0.40575361],0.0,0.0,0.0,0.0,0.0,0,48,-1.0
best_model.pt,64209682,20260207,91.666664,19.44,[0.06888159],0.4760431452,20.529209525083346,0.1066124756850496,0.004872502520133928,9.77281,6,67,0.056029267546443995
best_model.pt,64210201,20260207,72.20216,3.4,[0.64618709],14.787995608643506,4.882484464061027,1.0,0.5,72.20216369628906,16,2,0.4360248020914793
best_model.pt,64210247,20260207,72.20216,3.4,[10.80544793],0.0,0.0,0.0,0.0,0.0,0,72,-1.0
best_model.pt,64210997,20260207,1000.0,29.6,[14.71985225],27.332430156005994,36.58657344794083,0.9999999999999997,0.005059631369714493,999.9999999999997,266,19,0.23603287082539554
best_model.pt,64211273,20260207,1000.0,56.52,[0.04730717],1.0410434701,415.2593596299245,0.43230346000000003,0.013772893772893771,432.30346000000003,11,65,6.3471223684833475
best_model.pt,64211279,20260207,1000.0,29.6,[22.07498259],29.105917843067054,34.357273013499004,0.9999999999999999,0.01861211292708311,999.9999999999999,224,19,0.16071866792972875
best_model.pt,64211664,20260207,74.95335,25.49,[0.40762028],0.0,0.0,0.0,0.0,0.0,0,36,-1.0
best_model.pt,64212391,20260207,91.666664,19.44,[1.62687806],0.0,0.0,0.0,0.0,0.0,0,65,-1.0
best_model.pt,64212826,20260207,1000.0,79.63,[0.03218035],0.0,0.0,0.0,0.0,0.0,0,59,-1.0
best_model.pt,64213114,20260207,75.757576,30.26,[0.02796684],0.0,0.0,0.0,0.0,0.0,0,64,-1.0
best_model.pt,64213169,20260207,31.25,48.29,[0.32624697],0.0,0.0,0.0,0.0,0.0,0,34,-1.0
best_model.pt,64213358,20260207,1000.0,1.03,[0.44383522],446.21399418198155,2.241077175520157,1.0,0.8296950967521597,1000.0,331,9,1.1758031434663923
best_model.pt,64213628,20260207,4.5454545,2.5,[0.00124408],0.23829338210530837,19.07495452451313,0.9999997901916924,0.6666666666666666,4.545454502105713,4,4,6.629981809805253
best_model.pt,64213821,20260207,1000.0,18.5,[0.20029994],0.2477374051,28.613730669407623,0.007088720000000001,0.00035872935032598894,7.08872,2,66,0.546688144292304
best_model.pt,64215562,20260207,250.0,1.0,[0.12904759],67.75457976436738,3.689787423664153,0.9999999999999996,0.508058585323702,249.9999999999999,191,7,2.689787423664153
best_model.pt,64215857,20260207,1000.0,32.86,[0.03517849],0.26130449029999997,45.61886543721046,0.01192046,0.15583333333333332,11.92046,6,20,0.38827950669117145
best_model.pt,64217599,20260207,4.0444894,17.6,[0.16224127],0.14076565670933658,28.731870730217125,0.9999997615814209,0.009523809523809523,4.04448938369751,1,3,0.6324926197426484
best_model.pt,64218012,20260207,833.3333,5.0,[4.91152227],0.0,0.0,0.0,0.0,0.0,0,25,-1.0
best_model.pt,64218299,20260207,833.3333,5.0,[4.2027203],0.0,0.0,0.0,0.0,0.0,0,25,-1.0
best_model.pt,64218618,20260207,1000.0,72.88,[0.24709976],0.0,0.0,0.0,0.0,0.0,0,54,-1.0
best_model.pt,64218716,20260207,1000.0,86.0,[0.02298088],0.0,0.0,0.0,0.0,0.0,0,48,-1.0
best_model.pt,64218859,20260207,833.3333,5.0,[3.25121905],0.0,0.0,0.0,0.0,0.0,0,25,-1.0
best_model.pt,64219175,20260207,100.0,12.0,[0.05150705],6.200970247973956,16.126505994149383,0.9999999999999999,0.04888225274939011,99.99999999999999,41,11,0.3438754995124486
best_model.pt,64220364,20260207,46.8393,21.41,[1.42900325],0.0,0.0,0.0,0.0,0.0,0,72,-1.0
best_model.pt,64221144,20260207,50.0,2.7,[5.91637426],0.0,0.0,0.0,0.0,0.0,0,70,-1.0
best_model.pt,64221740,20260207,1000.0,86.31,[4.46735084],0.0,0.0,0.0,0.0,0.0,0,72,-1.0
best_model.pt,64223277,20260207,320.8255,6.0,[74.70335045],32.91197844185689,9.74798556419432,0.9999999999999997,0.0013813744675952573,320.82550048828114,48,14,0.6246642606990532
best_model.pt,64223652,20260207,62.5,2.3,[6.48428271],0.0,0.0,0.0,0.0,0.0,0,67,-1.0
best_model.pt,64223859,20260207,254.73218,17.2,[24.39700387],0.2907716353428239,876.0527875466795,1.0,0.023684210526315787,254.732177734375,15,19,49.93329934230558
best_model.pt,64224268,20260207,84.22965,3.0,[5.89004207],0.0,0.0,0.0,0.0,0.0,0,69,-1.0
best_model.pt,64224566,20260207,35.714287,72.0,[0.13725183],0.0,0.0,0.0,0.0,0.0,0,72,-1.0
best_model.pt,64225909,20260207,140.0,2.18,[60.84526442],19.03387826350916,7.355305666375704,0.9999999999999996,0.036381734478039066,139.99999999999994,42,19,2.373993321622638
best_model.pt,64226179,20260207,1000.0,9.0,[0.54941744],52.68123056188508,18.982092300277618,1.0000000000000009,0.07624324001499061,1000.0000000000009,1388,11,1.109121366697513
best_model.pt,64226642,20260207,1000.0,25.05,[2.91122511],0.0,0.0,0.0,0.0,0.0,0,72,-1.0
best_model.pt,64227028,20260207,1000.0,8.0,[0.05390942],24.403942989100003,18.529772810574162,0.45219953780000005,0.033210981757225796,452.19953780000003,183,72,1.3162216013217702
best_model.pt,64227071,20260207,1000.0,75.77,[0.17015412],0.39439407270000004,77.99045203436691,0.030759050000000003,0.06493055555555556,30.759050000000002,12,40,0.029305206409873778
best_model.pt,64228142,20260207,1000.0,25.88,[16.33815986],0.3997849842883878,2501.338314248266,0.9999999999999998,0.004993969117198279,999.9999999999998,71,23,95.65140631226254
best_model.pt,64228417,20260207,80.0,141.02,[0.80620584],0.1094406031,129.9249974162705,0.17774,3.5663741136687633e-06,14.2192,3,65,-0.07867682966988207
best_model.pt,64228755,20260207,3.2894738,39.44,[0.0260496],0.0038324970000000002,32.58121761931729,0.03796958797807388,0.0010256410256410256,0.12490000000000001,1,65,-0.17390418981269656
best_model.pt,64228902,20260207,5.4945054,90.0,[0.03902984],2.389201575,1.9736961818735692,0.8582317849518543,0.00028344671201814054,4.71556,1,72,-0.978070042423627
best_model.pt,64228972,20260207,841.61334,1.0,[43.75729825],298.4103779204264,2.8203219517025566,1.0000000000000002,0.050103806290868934,841.6133422851565,292,21,1.8203219517025566
best_model.pt,64229089,20260207,1000.0,3.94,[8.43509239],0.0,0.0,0.0,0.0,0.0,0,70,-1.0
best_model.pt,64229552,20260207,41.666668,1.4,[7.18596147],0.0,0.0,0.0,0.0,0.0,0,71,-1.0
best_model.pt,64229916,20260207,1000.0,9.5,[2.26966903],0.0,0.0,0.0,0.0,0.0,0,72,-1.0
best_model.pt,64230568,20260207,22.40209,280.0,[0.1572515],0.0,0.0,0.0,0.0,0.0,0,72,-1.0
best_model.pt,64230865,20260207,4.6641793,27.0,[0.07598886],0.18588799009999998,22.691973589451017,0.904379291064625,0.00039435400176667765,4.218188053918921,4,72,-0.15955653372403641
best_model.pt,64233051,20260207,1000.0,56.0,[0.0003873],0.0008927176000000001,78.27976085510679,6.996e-05,0.0012254901960784314,0.06996,1,68,0.3978528724126212
best_model.pt,64233843,20260207,223.26955,80.0,[4.27981141],1.562642452285293,142.8793920854228,1.0,0.02589285714285714,223.26954650878906,4,20,0.7859924010677851
best_model.pt,64234222,20260207,1000.0,30.0,[2.69402092],0.0,0.0,0.0,0.0,0.0,0,72,-1.0
best_model.pt,64234606,20260207,1000.0,23.0,[0.31791199],0.0,0.0,0.0,0.0,0.0,0,71,-1.0
best_model.pt,64235463,20260207,1000.0,24.0,[0.0842021],0.0,0.0,0.0,0.0,0.0,0,69,-1.0
best_model.pt,64238374,20260207,1000.0,50.18,[0.04664409],0.0288346886,40.253937268555475,0.00116075,0.00046360684121875967,1.1607500000000002,23,72,-0.19780914659732454
best_model.pt,64238409,20260207,1000.0,50.18,[5.55777465],0.0,0.0,0.0,0.0,0.0,0,72,-1.0
best_model.pt,64238938,20260207,41.666668,1.51,[3.04262653],0.0,0.0,0.0,0.0,0.0,0,29,-1.0
best_model.pt,64239841,20260207,41.666668,1.29,[12.53540546],17.01887899981003,2.4482614566115695,0.9999999999999998,0.020494538834951455,41.666667938232415,10,22,0.8978771542711917
best_model.pt,64240263,20260207,41.666668,1.29,[18.52793201],0.0,0.0,0.0,0.0,0.0,0,29,-1.0
best_model.pt,64240994,20260207,1000.0,50.18,[15.0738597],0.008864934000000001,54.817687566814726,0.00048601,1.564064064064064e-05,0.48601,1,72,0.09242102896441381
best_model.pt,64241021,20260207,1000.0,64.69,[0.10863395],0.0,0.0,0.0,0.0,0.0,0,71,-1.0
best_model.pt,64241038,20260207,33.766235,29.2,[0.03588879],0.0,0.0,0.0,0.0,0.0,0,31,-1.0
best_model.pt,64241684,20260207,1000.0,45.34,[0.85736613],2.273031578,56.15300072483166,0.1276376,0.0954059281361913,127.63759999999998,22,44,0.23848699902632417
best_model.pt,64242045,20260207,25.0,1.67,[5.94618043],0.0,0.0,0.0,0.0,0.0,0,72,-1.0
best_model.pt,64242210,20260207,83.333336,10.11,[1.84133422],0.0,0.0,0.0,0.0,0.0,0,64,-1.0
best_model.pt,64243018,20260207,1000.0,23.0,[6.04487362],31.14750198170465,32.10530232832398,1.0000000000000004,0.014378967644324916,1000.0000000000003,208,26,0.39588270992712954
best_model.pt,64243086,20260207,1000.0,24.0,[10.58976309],0.0,0.0,0.0,0.0,0.0,0,20,-1.0
best_model.pt,64243116,20260207,463.68225,15.2,[13.35479374],18.539030235212593,25.01113704883647,0.9999999999999996,0.0321992521862736,463.6822509765623,110,23,0.6454695633345318
best_model.pt,64243513,20260207,2.0408163,14.0,[0.00910626],0.04509539207734605,45.25453618479304,0.9999995326997989,0.08796296296296297,2.040816307067871,3,9,2.23246687034236
best_model.pt,64243585,20260207,1000.0,30.39,[0.01763267],0.0,0.0,0.0,0.0,0.0,0,38,-1.0
best_model.pt,64243604,20260207,1000.0,38.5,[0.0999369],0.0,0.0,0.0,0.0,0.0,0,4,-1.0
best_model.pt,64244911,20260207,1000.0,30.0,[6.12185766],0.0,0.0,0.0,0.0,0.0,0,72,-1.0
best_model.pt,64245196,20260207,307.34167,250.0,[1.72028606],0.0,0.0,0.0,0.0,0.0,0,36,-1.0
best_model.pt,64245999,20260207,18.21862,43.2,[0.31121027],0.030692428500000004,71.0953486346434,0.11977634615447029,8.345009655251258e-05,2.18216,32,71,0.6457256337744071
best_model.pt,64246040,20260207,1000.0,51.84,[0.83838083],0.0,0.0,0.0,0.0,0.0,0,72,-1.0
best_model.pt,64247345,20260207,1000.0,25.0,[0.0607089],0.0,0.0,0.0,0.0,0.0,0,72,-1.0
best_model.pt,64247673,20260207,6.11573,14.0,[0.14810144],0.064651938266686,94.5932230269363,0.999999844062083,0.02077922077922078,6.115729808807373,3,7,5.756658787638307
best_model.pt,64248486,20260207,1000.0,24.0,[4.04282521],0.0,0.0,0.0,0.0,0.0,0,72,-1.0
best_model.pt,64248889,20260207,53.68735,12.0,[7.09505986],1.3520731310737113,39.70740212607452,1.0,0.0003318951211417192,53.68735122680664,2,23,2.3089501771728766
best_model.pt,64249042,20260207,833.3333,4.88,[0.32767758],90.72273873488759,9.185495449359998,1.0,0.6328813220425489,833.3333129882812,529,20,0.882273613514524
best_model.pt,64249960,20260207,17.857143,10.8,[0.87674383],0.40358898657590414,44.245754344901655,0.9999998931884913,0.008086650109502417,17.85714340209961,11,3,3.0968290336568085
best_model.pt,64250556,20260207,111.111115,22.0,[2.88627989],0.03146494938128934,3531.154047048183,1.0,0.004807692307692308,111.11111450195312,1,26,159.5070021385538
best_model.pt,64251345,20260207,169.62833,1.76,[95.44074051],63.634309503644744,2.665673990547914,1.0000000000000004,0.14195011337868482,169.6283264160157,109,21,0.5145875028364465
best_model.pt,64251558,20260207,9.98865,11.0,[1.036859],0.45245929337170254,22.076302535910333,0.9999999045242155,0.0020323514020993013,9.98865032196045,7,21,1.0069365941736665
best_model.pt,64251856,20260207,1000.0,14.0,[0.60129731],48.5123901409,15.06707751621743,0.730939957817,0.048253303905402445,730.939957817,356,71,0.07621982258695935
best_model.pt,64252001,20260207,500.0,31.59,[2.26782736],0.0,0.0,0.0,0.0,0.0,0,67,-1.0
best_model.pt,64252871,20260207,28.571428,12.78,[1.17955721],0.14199609285533785,201.2113609118594,0.9999999332428017,0.02144835773644638,28.571428298950195,13,19,14.744238271989405
best_model.pt,64253222,20260207,217.39215,14.0,[24.12620259],9.349318527748817,23.25218966296804,1.0,0.020006155740227762,217.39215087890625,65,19,0.6608706902120028
best_model.pt,64253303,20260207,1000.0,23.0,[3.34593829],0.0,0.0,0.0,0.0,0.0,0,72,-1.0
best_model.pt,64253514,20260207,16.666666,58.15,[0.2790061],0.0548585975,17.215948403558738,0.05666759567660555,0.010250463821892394,0.94446,5,56,-0.7039389862114276
best_model.pt,64254884,20260207,1000.0,163.18,[0.00123474],0.0,0.0,0.0,0.0,0.0,0,49,-1.0
best_model.pt,64254890,20260207,1000.0,163.18,[0.03912288],0.0,0.0,0.0,0.0,0.0,0,56,-1.0
best_model.pt,64254998,20260207,1000.0,10.57,[0.4476095],0.5717850738,11.715850222583716,0.0066989599999999995,0.047763347763347765,6.69896,22,66,0.10840591871734707
best_model.pt,64255309,20260207,25.09375,24.0,[0.54988274],0.0,0.0,0.0,0.0,0.0,0,67,-1.0
best_model.pt,64255540,20260207,1000.0,2.0,[73.34858512],266.6458134427257,3.750293257330674,1.0000000000000002,0.050969472868909835,1000.0000000000002,471,21,0.8751466286653371
best_model.pt,64255680,20260207,606.9564,1.48,[329.98201287],264.42836603515394,2.2953529067391854,0.9999999999999989,0.011471632907746953,606.9564208984368,239,22,0.5509141061877341
best_model.pt,64255726,20260207,1206.6909,2.0,[945.91496486],312.8258949608929,3.857388194357159,0.9999999999999994,0.0432428874563057,1206.6909179687493,462,19,0.9286940971785795
best_model.pt,64255761,20260207,3419.8564,2.0,[2706.63781902],1126.3536259332734,3.036219144269776,1.0000000000000007,0.020041755206217565,3419.8564453125023,1240,19,0.5181095721348881
best_model.pt,64255796,20260207,1000.0,2.0,[198.59441722],289.75756686022174,3.451160939073028,0.9999999999999996,0.021795400832801893,999.9999999999995,581,19,0.725580469536514
best_model.pt,64256201,20260207,1000.0,16.17,[0.65014249],1.1898668000000001,19.039358826249437,0.022654320000000002,0.00525940704779448,22.654320000000002,15,70,0.17744951987737587
best_model.pt,64256247,20260207,43.15131,16.1,[2.16150144],0.0,0.0,0.0,0.0,0.0,0,72,-1.0
best_model.pt,64256707,20260207,51.54639,14.0,[2.07560502],0.0,0.0,0.0,0.0,0.0,0,72,-1.0
best_model.pt,64256969,20260207,1000.0,61.25,[0.09872949],0.0,0.0,0.0,0.0,0.0,0,66,-1.0
best_model.pt,64257309,20260207,1000.0,86.0,[0.05459049],0.044416863200000004,90.68175976551703,0.00402789,8.673779165582444e-05,4.02789,1,61,0.05443906704089568
best_model.pt,64257560,20260207,1000.0,146.47,[0.00332099],0.0,0.0,0.0,0.0,0.0,0,56,-1.0
best_model.pt,64257941,20260207,1000.0,49.28,[0.5970099],0.0,0.0,0.0,0.0,0.0,0,71,-1.0
best_model.pt,64258631,20260207,1000.0,35.4,[0.0152289],0.0,0.0,0.0,0.0,0.0,0,71,-1.0
best_model.pt,64259714,20260207,314.21,2.7,[23.15615653],0.0,0.0,0.0,0.0,0.0,0,23,-1.0
best_model.pt,64259874,20260207,283.01886,56.1,[1.1502193],3.0146517894370075,93.88108005503858,0.9999999999999994,0.018435874138059798,283.0188598632811,108,20,0.6734595830398442
best_model.pt,64259903,20260207,1000.0,13.2,[0.0666874],0.6398938235,217.58900820362703,0.13923407999999998,0.04859436198721913,139.23407999999998,20,56,15.484016011189665
best_model.pt,64259917,20260207,1000.0,13.2,[0.1527455],0.6572199160999999,268.561461870979,0.17650421,0.07147435897435897,176.50421,18,48,19.345565587241488
best_model.pt,64260084,20260207,1000.0,35.0,[0.00042429],0.0066920169,20.46610699578541,0.00013697999999999998,0.38235294117647056,0.13698,7,17,-0.4152540858347026
best_model.pt,64260409,20260207,1000.0,96.5,[0.17181614],0.0,0.0,0.0,0.0,0.0,0,40,-1.0
best_model.pt,64260426,20260207,1000.0,131.27,[0.01016224],0.0,0.0,0.0,0.0,0.0,0,72,-1.0
best_model.pt,64260699,20260207,27.777779,35.4,[1.26097145],0.0,0.0,0.0,0.0,0.0,0,72,-1.0
best_model.pt,64260763,20260207,1000.0,176.43,[2.94699993e-05],2.779672555488328,359.7544747747624,0.9999999999999998,0.13422619047619047,999.9999999999998,9,8,1.0390777629054808
best_model.pt,64261065,20260207,1000.0,121.55,[0.0688724],0.0,0.0,0.0,0.0,0.0,0,72,-1.0
best_model.pt,64261251,20260207,1000.0,79.04,[0.30957018],0.0,0.0,0.0,0.0,0.0,0,46,-1.0
best_model.pt,64261557,20260207,1236.219,41.08,[3.17424685],0.0,0.0,0.0,0.0,0.0,0,72,-1.0
best_model.pt,64261838,20260207,1000.0,39.04,[3.23005535],0.0,0.0,0.0,0.0,0.0,0,44,-1.0
best_model.pt,64264364,20260207,171.42857,20.47,[1.13009189],3.962181615420747,43.266197004954115,0.9999999999999997,0.12337994443863258,171.42857360839838,117,22,1.1136393969846172
best_model.pt,64264474,20260207,1000.0,42.65,[0.04366323],0.0,0.0,0.0,0.0,0.0,0,67,-1.0
best_model.pt,64264541,20260207,283.4929,40.51,[0.44214113],0.6320637871000001,41.012520439457326,0.09143993013183171,0.00018015027541060655,25.92257,3,72,0.01240489110701853
best_model.pt,64265070,20260207,10.42728,14.5,[1.16956042],0.42296024678289723,24.65303974143436,0.999999908540464,0.037037037037037035,10.42728042602539,2,18,0.7002096373403006
best_model.pt,64265671,20260207,363.78366,3.0,[0.47237063],1.9257878183,12.774136897168216,0.06762340546000606,0.005407979932868573,24.600290000000005,22,72,3.2580456323894054
best_model.pt,64265818,20260207,103.28789,3.0,[2.21127258],0.0,0.0,0.0,0.0,0.0,0,72,-1.0
best_model.pt,64267444,20260207,72.20216,3.4,[0.00528562],14.96242602184679,4.825564969564493,0.9999999999999998,0.5005359056806002,72.20216369628905,15,2,0.4192837747679542
best_model.pt,64268049,20260207,1000.0,91.46,[0.09903829],0.0,0.0,0.0,0.0,0.0,0,71,-1.0
best_model.pt,64269101,20260207,1000.0,2.08,[48.04075789],413.74493484618375,2.4169480115927446,1.0000000000000016,0.03380685206669984,1000.0000000000016,2731,18,0.16199427896436183
best_model.pt,64269326,20260207,1000.0,148.86,[0.03315929],0.0,0.0,0.0,0.0,0.0,0,60,-1.0
best_model.pt,64270053,20260207,4.464286,66.55,[0.03686608],0.06409349163832573,69.65163052881525,0.9999997615814209,0.022727272727272728,4.464285850524902,1,11,0.046605970470733275
best_model.pt,64272249,20260207,8.23428,6.0,[0.8628781],0.6553048912317707,12.565551054470887,0.9999998841824365,0.034910732063449926,8.234279632568361,9,13,1.0942585090784813
best_model.pt,64273314,20260207,2.22544,16.41,[0.08411338],0.06578693794365567,33.82747802850389,0.9999995714672618,0.0037960301725822186,2.22544002532959,6,7,1.061394170813387
best_model.pt,64273516,20260207,1.7391304,22.76,[0.03709376],0.03583001951513893,48.537005123023974,0.9999994516375508,0.0006172868189043224,1.7391303777694702,8,11,1.132557321393688
best_model.pt,64273883,20260207,38.46154,1.32,[24.23472569],0.0,0.0,0.0,0.0,0.0,0,31,-1.0
best_model.pt,64273959,20260207,3.27383,2.5,[0.26976729],0.4708087605027172,6.953615263807402,0.9999997086977463,0.1561615577405051,3.273829936981201,10,5,1.7814461055229607
best_model.pt,64274214,20260207,79.67624,1.6,[40.99543965],28.180246091903435,2.827379006075641,1.0000000000000004,0.08636855806667128,79.6762390136719,49,21,0.767111852465257
best_model.pt,64274224,20260207,20.75117,2.6,[11.85970178],2.858676437393854,7.259010384756788,0.9999999080847715,0.0321926357395465,20.75116920471191,33,23,1.7919271734675815
best_model.pt,64274496,20260207,1.4749262,4.87,[0.63466097],0.21094922481769018,6.991821101713939,0.9999993534092224,0.15824175824175823,1.4749262332916258,6,2,0.43569225174864035
best_model.pt,64274858,20260207,1000.0,30.8,[0.05641135],0.0,0.0,0.0,0.0,0.0,0,6,-1.0
best_model.pt,64274912,20260207,1000.0,69.46,[0.00258967],0.0,0.0,0.0,0.0,0.0,0,29,-1.0
best_model.pt,64275253,20260207,17.857143,36.0,[0.00472369],0.06306720279999999,187.75610330218575,0.6631205489342508,0.0006860296716570507,11.841439999999999,50,72,4.215447313949604
best_model.pt,64275363,20260207,1659.0334,43.2,[67.53984918],3.487056923799999,51.65168978143146,0.10856467928772418,0.0004018249196781592,180.11243413000003,42,72,0.19564094604698629
best_model.pt,64275616,20260207,1000.0,37.4,[0.04025076],0.0,0.0,0.0,0.0,0.0,0,5,-1.0
best_model.pt,64275625,20260207,1000.0,37.4,[0.03676234],0.0,0.0,0.0,0.0,0.0,0,6,-1.0
best_model.pt,64277034,20260207,21.53507,48.0,[0.01501921],0.4806508819766973,44.80388244970104,0.9999999114305909,0.0015430844338444995,21.535070419311523,11,16,-0.06658578229789495
best_model.pt,64277064,20260207,1000.0,10.01,[0.28716228],53.723742638000004,16.461800650345065,0.884389557959,0.08242480610708533,884.389557959,375,72,0.6445354919021741
best_model.pt,64277259,20260207,6.22713,48.0,[0.00469345],0.18024202381294363,34.548521238085655,0.999999846851731,0.0010364145658263305,6.227129936218262,3,10,-0.2802391408732155
best_model.pt,64277308,20260207,1000.0,10.01,[0.02557057],4.1882742924,13.53879094406588,0.0567041836,0.061816804016292505,56.7041836,47,69,0.35252653691279956
best_model.pt,64277365,20260207,1000.0,8.4,[0.34100227],10.9229119671,20.252963716393467,0.22122135999999998,0.061499488717226033,221.22135999999998,273,70,1.411067218588407
best_model.pt,64277430,20260207,11.111111,29.66,[0.25847866],0.1913566525,46.24952221338522,0.7965179620190638,7.233796296296296e-05,8.8502,1,72,0.5593230765785245
best_model.pt,64277460,20260207,376.40848,52.58,[3.02272637],0.0,0.0,0.0,0.0,0.0,0,72,-1.0
best_model.pt,64277798,20260207,10.810811,46.93,[0.00688491],0.0,0.0,0.0,0.0,0.0,0,71,-1.0
best_model.pt,64277822,20260207,4.587156,41.08,[0.00774072],0.0006083638,103.0911255312508,0.013694757583837364,0.1,0.06282,1,10,1.5095209575506496
best_model.pt,64278016,20260207,1000.0,8.39,[0.0772067],1.9671665024,14.701437454978567,0.02892019,0.053769150316529346,28.920189999999998,28,64,0.7522570743014115
best_model.pt,64278103,20260207,34.95034,1.0,[8.63609402],0.0,0.0,0.0,0.0,0.0,0,72,-1.0
best_model.pt,64278221,20260207,131.12874,1.0,[8.56348699],0.0,0.0,0.0,0.0,0.0,0,72,-1.0
best_model.pt,64278923,20260207,285.5196,1.0,[9.06605846],22.835808353480854,12.503151864054022,1.0000000000000007,0.03019937233901815,285.5195922851564,116,23,11.503151864054022
best_model.pt,64279071,20260207,908.5176,1.0,[153.88702649],150.3888672928214,6.041122514174584,0.9999999999999997,0.16312900517657286,908.5175781249997,237,22,5.041122514174584
best_model.pt,64279494,20260207,2330.6992,1.0,[4.55606586],0.0,0.0,0.0,0.0,0.0,0,35,-1.0
best_model.pt,64279763,20260207,367.64413,3.0,[87.83016903],46.133892060169934,7.969068078472942,1.0000000000000007,0.15499796053818318,367.6441345214846,418,21,1.6563560261576473
best_model.pt,64280314,20260207,148.10777,1.0,[3.05899225],0.0,0.0,0.0,0.0,0.0,0,72,-1.0
best_model.pt,64280330,20260207,818.67755,1.0,[7.66141475],0.0,0.0,0.0,0.0,0.0,0,72,-1.0
best_model.pt,64281525,20260207,22.68966,3.15,[3.39508344],0.0,0.0,0.0,0.0,0.0,0,71,-1.0
best_model.pt,64282585,20260207,1000.0,75.77,[0.98138829],0.21362078300000004,53.06106821512672,0.011335,0.0004208754208754209,11.334999999999999,1,72,-0.29970871629988055
best_model.pt,64282626,20260207,24.252224,2.1,[11.26059665],0.0,0.0,0.0,0.0,0.0,0,66,-1.0
best_model.pt,64282700,20260207,1000.0,75.77,[1.04434566],0.0,0.0,0.0,0.0,0.0,0,37,-1.0
best_model.pt,64283544,20260207,43.87046,90.0,[0.30824911],0.0,0.0,0.0,0.0,0.0,0,72,-1.0
best_model.pt,64284543,20260207,50.53481,39.0,[1.00652141],0.0,0.0,0.0,0.0,0.0,0,72,-1.0
best_model.pt,64284846,20260207,48.1084,20.0,[0.72173971],0.11677227325382997,411.98124448328866,1.0,0.0014903129657228018,48.1083984375,1,61,19.599062224164435
best_model.pt,64284892,20260207,39.03742,39.0,[0.31270372],0.0038395604,72.12749472707159,0.007096012277414452,9.512937595129375e-05,0.27701,1,72,0.8494229417197844
best_model.pt,64284934,20260207,1000.0,28.6,[0.16912727],0.0,0.0,0.0,0.0,0.0,0,8,-1.0
best_model.pt,64285482,20260207,1000.0,15.05,[0.30252391],9.056131175900001,20.445443221636626,0.18515663621,0.005777652358165464,185.15663621000002,51,72,0.3585011935231287
best_model.pt,64285951,20260207,64.51613,9.5,[0.23088611],1.5312936692284285,42.13175284711644,1.0,0.02493990010886266,64.51612854003906,18,15,3.434921352328046
best_model.pt,64286119,20260207,1000.0,86.31,[0.58500253],0.0018589440000000004,79.56153518600559,0.00014798,1.231284475965327e-05,0.14798,1,72,-0.0781886521084281
best_model.pt,64287339,20260207,31.51394,9.5,[3.41815016],0.0,0.0,0.0,0.0,0.0,0,72,-1.0
best_model.pt,64287527,20260207,500.0,14.85,[12.79967506],22.118401015699703,22.60561136582556,1.0000000000000004,0.014423172934343692,500.0000000000002,131,22,0.5222633525338838
best_model.pt,64287886,20260207,31.74603,2.66,[18.35447328],7.637967209511599,4.156344977707767,0.9999999399185199,0.017316017316017316,31.746030807495117,8,21,0.5625356554865624
best_model.pt,64287936,20260207,83.333336,2.1,[10.67199712],0.0,0.0,0.0,0.0,0.0,0,66,-1.0
best_model.pt,64288087,20260207,1712.0155,942.48,[2.09457732],0.0,0.0,0.0,0.0,0.0,0,45,-1.0
best_model.pt,64288096,20260207,63.04892,2.59,[30.43196639],15.240672402528428,4.13688542576305,1.0000000000000007,0.008143779837124403,63.04891967773441,174,18,0.597253113071963
best_model.pt,64288123,20260207,1000.0,96.08,[0.01975469],0.0030910808000000002,177.0555284325041,0.0005474700000000001,0.023809523809523808,0.5474700000000001,1,42,0.8427927254189201
best_model.pt,64288346,20260207,1000.0,96.08,[0.07399124],0.0,0.0,0.0,0.0,0.0,0,65,-1.0
best_model.pt,64288373,20260207,93.75,72.0,[0.10889776],0.0171753594,14.712663732455434,0.0026955733333333333,0.0008225108225108225,0.25271,2,30,-0.7956574481603412
best_model.pt,64288469,20260207,1000.0,48.4,[0.02223981],0.0710934403,140.03936113693547,0.009956020000000001,0.006260957334762631,9.95602,28,72,1.893375138884202
best_model.pt,64288538,20260207,1000.0,81.44,[0.10396416],0.03476397420000001,135.2309359688809,0.0047012999999999985,0.00028372695325915514,4.701299999999999,65,65,0.6604976905075083
best_model.pt,64288593,20260207,6.6666665,42.48,[0.01493185],0.0,0.0,0.0,0.0,0.0,0,47,-1.0
best_model.pt,64288685,20260207,1000.0,48.4,[0.00204126],0.0,0.0,0.0,0.0,0.0,0,72,-1.0
best_model.pt,64289306,20260207,1875.4841,48.47,[33.88685557],2.4655890709000006,51.030024246720366,0.06708620938469248,0.00045969592499504127,125.81912110050003,72,58,0.05281664868049913
best_model.pt,64290009,20260207,1000.0,81.44,[0.22693638],0.0,0.0,0.0,0.0,0.0,0,59,-1.0
best_model.pt,64290316,20260207,29.29814,46.01,[2.80792085],0.0,0.0,0.0,0.0,0.0,0,50,-1.0
best_model.pt,64290705,20260207,1000.0,80.0,[0.01000742],0.0,0.0,0.0,0.0,0.0,0,72,-1.0
best_model.pt,64290708,20260207,1000.0,80.0,[0.00280801],0.0,0.0,0.0,0.0,0.0,0,62,-1.0
best_model.pt,64291686,20260207,149.58566,14.0,[0.30315029],0.13095797599999998,16.675374737200144,0.014598925849662447,0.0005363682292263715,2.1837899999999997,5,72,0.19109819551429602
best_model.pt,64292377,20260207,500.0,14.85,[6.53539985],0.0,0.0,0.0,0.0,0.0,0,72,-1.0
best_model.pt,64293134,20260207,37.5,7.5,[0.42062228],3.1068817948622636,12.069975752549263,1.0000000000000002,0.011774111249955792,37.50000000000001,126,5,0.6093301003399018
best_model.pt,64294249,20260207,1000.0,16.12,[0.00754796],0.6039784081,50.97605909587963,0.03078849,0.032444513301255175,30.788490000000003,54,58,2.162286379775638
best_model.pt,64294584,20260207,1000.0,16.12,[0.01080176],0.5954883103999999,39.52079338618469,0.023534210000000003,0.02543198539016221,23.53421,21,49,1.4516619930935526
best_model.pt,64295073,20260207,1000.0,46.11,[0.52059995],0.0109553349,33.001911980620456,0.00036158,8.386975150204961e-05,0.36158,5,72,-0.28427864793366275
best_model.pt,64295359,20260207,1000.0,16.12,[0.0141793],1.0851292788,59.239568976996466,0.06428265000000001,0.03185066162404126,64.28265,97,61,2.674911035538982
best_model.pt,64296593,20260207,1000.0,150.25,[0.05492044],0.08420251819999999,155.62128851760974,0.01310386,0.00011047282368537339,13.103860000000001,1,62,0.03574900843667049
best_model.pt,64296663,20260207,1000.0,142.02,[0.00066519],0.0,0.0,0.0,0.0,0.0,0,45,-1.0
best_model.pt,64297425,20260207,16.129032,30.0,[0.06589824],0.0210492028,53.342478961770375,0.06961793229843125,0.0007997089540415483,1.1228699999999998,15,72,0.7780826320590125
best_model.pt,64297686,20260207,72.98465,13.5,[7.26547934],2.5199525847030415,28.962696019976036,1.0,0.03509492515516612,72.98464965820312,11,24,1.1453848903685953
best_model.pt,64297824,20260207,1000.0,33.0,[0.00205724],0.0,0.0,0.0,0.0,0.0,0,52,-1.0
best_model.pt,64297828,20260207,1000.0,33.0,[3.46199992e-05],0.0,0.0,0.0,0.0,0.0,0,57,-1.0
best_model.pt,64297900,20260207,1000.0,33.75,[0.05394811],0.0,0.0,0.0,0.0,0.0,0,71,-1.0
best_model.pt,64298103,20260207,1000.0,142.02,[0.00078863],0.0,0.0,0.0,0.0,0.0,0,45,-1.0
best_model.pt,64298522,20260207,1000.0,18.66,[0.33275902],19.2331849579,19.096775276128156,0.367291830082,0.011066325591701098,367.291830082,302,51,0.023407043530958092
best_model.pt,64298582,20260207,300.0,1.65,[53.73150034],80.92921001407935,3.7069433427172407,1.0000000000000007,0.12369744879626303,300.0000000000002,205,22,1.2466323613825032
best_model.pt,64300236,20260207,1000.0,69.46,[0.00261221],0.0,0.0,0.0,0.0,0.0,0,62,-1.0
best_model.pt,64300269,20260207,3.38267,15.0,[0.00491769],0.039503375061392634,85.62772909159519,0.9999997180706163,0.005402160864345738,3.3826699256896973,3,7,4.708515272773012
best_model.pt,64300626,20260207,124.2748,33.41,[2.88096102],0.0,0.0,0.0,0.0,0.0,0,66,-1.0
best_model.pt,64301193,20260207,1000.0,3.42,[9.92824131],0.0,0.0,0.0,0.0,0.0,0,8,-1.0
best_model.pt,64302336,20260207,336.3323,1.51,[504.98338231],67.53953654959008,4.9797839622644045,1.0000000000000002,0.3010204081632653,336.3323059082032,80,28,2.297870194513474
best_model.pt,64303588,20260207,1000.0,31.0,[0.01644245],0.0,0.0,0.0,0.0,0.0,0,65,-1.0
best_model.pt,64305805,20260207,1000.0,182.33,[0.00023547],0.0,0.0,0.0,0.0,0.0,0,71,-1.0
best_model.pt,64306710,20260207,1000.0,121.55,[0.01462946],0.0,0.0,0.0,0.0,0.0,0,70,-1.0
best_model.pt,64308626,20260207,1000.0,56.21,[0.02793375],0.0,0.0,0.0,0.0,0.0,0,69,-1.0
best_model.pt,64310320,20260207,10.869565,50.4,[0.07476016],0.09098345414560441,119.46617817452636,0.9999999403953552,0.14285714285714285,10.8695650100708,1,7,1.3703606063024427
best_model.pt,64310659,20260207,11.363636,36.0,[0.44079625],0.0071474374,83.11746564361046,0.05228607720762222,0.00014369866452810888,0.59416,4,72,1.3088184901002906
best_model.pt,64312120,20260207,22.371365,20.0,[0.02409028],0.011804280799999999,8.558881547315675,0.004516487626991436,0.0010582010582010583,0.10104,1,63,-0.5720559226342162
best_model.pt,64312289,20260207,16.666666,7.15,[0.03751136],0.5510037803969959,30.247770298608927,0.9999998855590908,0.018963831867057673,16.66666603088379,3,5,3.2304573279945563
best_model.pt,64312520,20260207,500.0,1.87,[14.81921857],0.0,0.0,0.0,0.0,0.0,0,72,-1.0
best_model.pt,64313364,20260207,28.82184,14.0,[0.84671076],0.8453180272088634,34.09581395727121,0.9999999338228065,0.01542022792022792,28.821840286254886,6,20,1.4354152826622293
best_model.pt,64313400,20260207,500.0,1.05,[21.48890643],173.9879408981275,2.873762368502279,0.9999999999999996,0.11129902443552421,499.9999999999998,305,27,1.7369166657225101
best_model.pt,64313710,20260207,3.56287,14.0,[0.10209127],0.1659712997012971,21.46665456854498,0.99999973232982,0.05525846702317291,3.5628700256347656,4,6,0.5333324691817841
best_model.pt,64313873,20260207,37.76841,14.5,[0.05867233],0.22037644218978156,171.38056124854666,1.0,0.0784313725490196,37.768409729003906,4,17,10.819349051623908
best_model.pt,64315646,20260207,1000.0,8.39,[5.90861679],0.0,0.0,0.0,0.0,0.0,0,67,-1.0
best_model.pt,64316387,20260207,1000.0,79.04,[0.73063453],0.0316632532,82.8688421427858,0.00262398,0.0015440041173443132,2.62398,2,67,0.04844181658538263
best_model.pt,64316397,20260207,8.95743,14.5,[0.19024201],0.09562124743776727,93.67516583098424,0.9999998807907104,0.05,8.957429885864258,1,5,5.46035626420581
best_model.pt,64319351,20260207,6.45712,1.3,[3.08922341],0.0,0.0,0.0,0.0,0.0,0,72,-1.0
best_model.pt,64319847,20260207,10000.0,268.0,[40.71448957],3.3631006143000004,72.17975551729673,0.024274785230000002,0.00483563774454143,242.7478523,131,42,-0.7306725540399377
best_model.pt,64321572,20260207,4933.3057,1.0,[4041.43898994],2112.702702478394,2.33506856215037,0.9999999999999983,0.35008942881662264,4933.305664062492,1571,27,1.33506856215037
best_model.pt,64321933,20260207,50.13335,26.93,[1.1479025],1.3437772573049467,37.30775527865799,1.0000000000000002,0.05026455026455026,50.13335037231446,19,18,0.38536037340807866
best_model.pt,64322228,20260207,70.37037,27.0,[1.58311936],0.0,0.0,0.0,0.0,0.0,0,52,-1.0
best_model.pt,64322287,20260207,72.20216,3.4,[22.97907177],14.049951151026146,5.138961536677956,1.0000000000000002,0.037549407114624504,72.20216369628908,19,22,0.5114592330982268
best_model.pt,64324670,20260207,1000.0,8.39,[4.78991067],0.0,0.0,0.0,0.0,0.0,0,68,-1.0
best_model.pt,64325123,20260207,146.2963,27.0,[0.00340678],0.0,0.0,0.0,0.0,0.0,0,29,-1.0
best_model.pt,64325724,20260207,1000.0,67.37,[0.04887855],0.2060051956,20.71821183614926,0.00426808,0.15925925925925927,4.268079999999999,5,18,-0.6924712632997424
best_model.pt,64325857,20260207,1000.0,58.15,[0.48889004],0.130665278,159.21950420903548,0.02080462,0.0069220755135581775,20.80462,17,67,1.7380825456758913
best_model.pt,64326105,20260207,27.51538,48.47,[2.92133463],0.0,0.0,0.0,0.0,0.0,0,70,-1.0
best_model.pt,64326658,20260207,1000.0,76.48,[0.09384181],0.0,0.0,0.0,0.0,0.0,0,59,-1.0
best_model.pt,64327104,20260207,4.464286,66.55,[0.39735207],0.035921645994226994,124.27497270781062,0.9999997615814209,0.0625,4.464285850524902,1,4,0.8673924419080563
best_model.pt,64328400,20260207,1000.0,300.0,[1.06468649],0.0,0.0,0.0,0.0,0.0,0,72,-1.0
best_model.pt,64329429,20260207,29.27974,2.6,[8.11159126],0.0,0.0,0.0,0.0,0.0,0,61,-1.0
best_model.pt,64329733,20260207,9.54238,30.63,[0.07121741],0.07852601270535263,121.51716975089185,0.9999999000590851,0.11695906432748537,9.542380332946777,2,9,2.967259976505025
best_model.pt,64329848,20260207,3.8860104,2.17,[0.12005748],0.14939587256289977,26.011323675904816,0.9999997545878724,0.3866666666666666,3.8860104084014893,8,5,10.986784682666231
best_model.pt,64330332,20260207,2.2222223,39.44,[0.020625],0.0044028646,53.2963706468178,0.10561944963672179,0.031007751937984496,0.23471,2,43,0.35132790320954027
best_model.pt,64330383,20260207,3.83043,48.47,[0.20456178],0.07777834905412791,49.24739120864969,0.9999997615814209,0.14285714285714285,3.830430030822754,1,7,0.01603857991269277
best_model.pt,64331321,20260207,1000.0,46.01,[0.0516835],0.0,0.0,0.0,0.0,0.0,0,57,-1.0
best_model.pt,64331689,20260207,16.34884,2.54,[5.62394288],0.0,0.0,0.0,0.0,0.0,0,59,-1.0
best_model.pt,64331738,20260207,9.72648,39.44,[1.04734807],0.0,0.0,0.0,0.0,0.0,0,43,-1.0
best_model.pt,64332826,20260207,1000.0,55.94,[0.41005702],0.0,0.0,0.0,0.0,0.0,0,72,-1.0
best_model.pt,64332866,20260207,128.20512,23.0,[2.81919282],0.0,0.0,0.0,0.0,0.0,0,72,-1.0
best_model.pt,64333168,20260207,1000.0,11.98,[0.43836524],22.22081830493047,45.00284108687716,0.9999999999999983,0.09051318700611544,999.9999999999983,3939,12,2.756497730088928
best_model.pt,64333572,20260207,45.454544,1.87,[1.19355252],2.573284413721172,17.664011860095997,1.0000000000000002,0.08348215740589864,45.45454406738282,51,19,8.445995623023519
best_model.pt,64333829,20260207,1000.0,32.4,[0.10152299],0.0,0.0,0.0,0.0,0.0,0,28,-1.0
best_model.pt,64333955,20260207,1000.0,3.52,[5.89101959],0.0,0.0,0.0,0.0,0.0,0,9,-1.0
best_model.pt,64334266,20260207,3.18025,48.0,[0.0141333],0.0,0.0,0.0,0.0,0.0,0,67,-1.0
best_model.pt,64334450,20260207,1000.0,17.05,[0.16154833],0.2529341319,50.50994575577976,0.012775739792,0.007168084094275772,12.775739792,41,71,1.9624602941910614
best_model.pt,64334757,20260207,1000.0,9.5,[0.01185847],48.832729835705535,20.478068354694983,0.9999999999999994,0.0852014991362601,999.9999999999994,1298,10,1.155586142599472
best_model.pt,64335030,20260207,23.05754,41.08,[1.56792407],0.0,0.0,0.0,0.0,0.0,0,72,-1.0
best_model.pt,64335100,20260207,1000.0,9.0,[0.10060933],53.73112741480032,18.61118553625141,0.9999999999999988,0.08234402549407238,999.9999999999987,1645,9,1.0679095040279343
best_model.pt,64335156,20260207,294.11765,2.39,[4.10582843],0.0,0.0,0.0,0.0,0.0,0,68,-1.0
best_model.pt,64335303,20260207,1000.0,5.55,[0.06302217],30.649628803799995,11.7698708003734,0.36074218286999993,0.15264741806408474,360.7421828699999,273,72,1.1206973686274735
best_model.pt,64337049,20260207,377.05362,1.68,[643.22806558],228.34873559438694,1.651218329508525,1.0000000000000004,0.004141334038241255,377.0536193847658,94,18,-0.017131916034519266
best_model.pt,64337173,20260207,1000.0,50.0,[0.00919396],0.0,0.0,0.0,0.0,0.0,0,56,-1.0
best_model.pt,64337334,20260207,10.416667,41.08,[0.03923027],0.07729811149999997,48.36640328006877,0.35891323618734916,0.04224137931034483,3.7386800000000004,7,58,0.17737101081397433
best_model.pt,64337357,20260207,53.1045,41.77,[8.36623289],1.7734957115175929,29.943387812347655,1.0,0.00024251535298312852,53.10449981689453,6,23,-0.2831365218052766
best_model.pt,64337490,20260207,40.0,93.96,[0.03283848],0.0687373441,37.509923082362995,0.06445925,0.012890624999999998,2.57837,4,64,-0.6007883839096195
best_model.pt,64337926,20260207,182.01762,1.0,[25.30466673],48.40520622379783,3.7602901493598075,1.0,0.030397845792088596,182.0176239013672,56,21,2.7602901493598075
best_model.pt,64339571,20260207,192.88928,1.0,[2.74538121],0.0,0.0,0.0,0.0,0.0,0,72,-1.0
best_model.pt,64340004,20260207,1000.0,46.01,[0.05094431],0.0758292674,99.72600993360075,0.007562250000000001,0.004943502824858757,7.5622500000000015,2,59,1.1674856242480636
best_model.pt,64340433,20260207,6.6666665,42.48,[0.01543236],0.0,0.0,0.0,0.0,0.0,0,63,-1.0
best_model.pt,64340578,20260207,170.38144,1.0,[23.72789827],45.42969310949563,3.7504421402954504,1.0000000000000002,0.09584970084918304,170.3814392089844,117,24,2.7504421402954504
best_model.pt,64340747,20260207,166.66667,3.51,[123.3317479],30.094320057044587,5.538143606463453,1.0000000000000016,0.020670279724986567,166.66667175292994,1019,16,0.5778186955870952
best_model.pt,64340988,20260207,299.78012,3.51,[103.91702216],23.84619400380502,12.571402724911664,1.0,0.2259436886807849,299.7801208496094,820,35,2.5815962276548228
best_model.pt,64341120,20260207,465.08063,1.0,[0.09031198],40.463690701,9.164648410511573,0.7973574600841014,0.0626499797604471,370.8355078309999,95,56,8.164648410511573
best_model.pt,64341465,20260207,4.30407,13.0,[0.71638827],0.08516393889124688,50.53805065692935,0.9999997615814209,0.002717391304347826,4.304069995880127,1,8,2.8875423582253346
best_model.pt,64343041,20260207,1000.0,8.01,[0.28946864],108.26914426361077,9.236241752580819,0.9999999999999996,0.11622270153807608,999.9999999999995,328,11,0.15308882505115248
best_model.pt,64343632,20260207,1016.6667,1.8,[36.6308814],278.82746008083393,3.646221513012954,1.0000000000000002,0.14471840713552767,1016.6666870117189,443,24,1.025678672002689
best_model.pt,64344108,20260207,51.07379,1.26,[53.05406459],19.65714459084701,2.598230311103145,1.0,0.05117725990777087,51.07379150390625,51,21,1.0620875641021783
best_model.pt,64345690,20260207,1000.0,10.57,[1.66065835],0.0,0.0,0.0,0.0,0.0,0,67,-1.0
best_model.pt,64347079,20260207,45.454544,16.0,[0.51463665],0.7478510465715866,60.780129272577696,1.0000000000000004,0.017435035049505467,45.454544067382834,25,9,2.798758079536106
best_model.pt,64347573,20260207,1000.0,29.98,[0.0034015],0.0,0.0,0.0,0.0,0.0,0,69,-1.0
best_model.pt,64348023,20260207,83.333336,2.0,[3.66243132],0.0,0.0,0.0,0.0,0.0,0,37,-1.0
best_model.pt,64349849,20260207,82.42704,2.5,[55.39614335],16.112385684435864,5.115756077261973,1.0000000000000002,0.0375,82.42704010009767,12,20,1.0463024309047892
best_model.pt,64350561,20260207,1000.0,1.0,[150.19925797],341.52223225262907,2.92806705576994,1.0000000000000004,0.04884323914629407,1000.0000000000003,3555,17,1.9280670557699402
best_model.pt,64354510,20260207,1000.0,4.75,[0.77901916],88.32115078529999,10.783568915611879,0.9524172269829996,0.15455090807011682,952.4172269829995,780,65,1.2702250348656587
best_model.pt,64354560,20260207,1000.0,10.0,[2.4120215],0.0,0.0,0.0,0.0,0.0,0,72,-1.0
best_model.pt,64354939,20260207,475.21124,850.0,[0.91873159],0.0,0.0,0.0,0.0,0.0,0,66,-1.0
best_model.pt,64355215,20260207,1000.0,75.47,[0.00341556],0.0,0.0,0.0,0.0,0.0,0,35,-1.0
best_model.pt,64355482,20260207,71.01867,52.0,[1.76947142],0.0,0.0,0.0,0.0,0.0,0,72,-1.0
best_model.pt,64355555,20260207,26.31579,3.26,[1.0140941],0.0,0.0,0.0,0.0,0.0,0,42,-1.0
best_model.pt,64355932,20260207,1000.0,59.08,[0.55500621],0.0,0.0,0.0,0.0,0.0,0,64,-1.0
best_model.pt,64356924,20260207,289.65518,1.4,[93.63447101],97.7802557848562,2.962307437196532,1.0000000000000018,0.035560378972717764,289.65518188476614,121,19,1.1159339197459484
best_model.pt,64359341,20260207,1000.0,65.73,[0.00427732],0.0,0.0,0.0,0.0,0.0,0,71,-1.0
best_model.pt,64364407,20260207,62.5,2.0,[4.5380464],0.0,0.0,0.0,0.0,0.0,0,63,-1.0
best_model.pt,64365263,20260207,41.666668,2.8,[7.12728365],0.0,0.0,0.0,0.0,0.0,0,54,-1.0
