model,ad_id,period,budget,target_CPA,target_conversion,conversion,CPA,budget_used,win_rate,spend,total_win,trajectory_length,CPA_violation
best_model.pt,39801836,20260207,10.45719,1.15,[3.74633022],3.70189303891642,2.824821415741398,0.999999908802052,1.0,10.457189559936523,25,1,1.4563664993962946
best_model.pt,40094971,20260207,12.328767,1.53,[5.22223499],2.946493700470848,4.1842148301997,0.9999999226464209,0.55,12.328766822814945,11,1,1.734780985910073
best_model.pt,43248022,20260207,6.67476,1.18,[7.75141488],2.660762474198767,2.5085882039240994,0.999999857122324,0.782608695652174,6.674759864807132,18,1,1.1259223012145438
best_model.pt,46398308,20260207,19.79101,1.49,[24.21141073],6.565943049034198,3.0141910675990626,0.9999999036255118,0.96875,19.7910099029541,31,1,1.0229470122864004
best_model.pt,46573939,20260207,432.71964,80.19,[3.05107332],0.0,0.0,0.0,0.0,0.0,0,72,-1.0
best_model.pt,48623756,20260207,146.44096,1.33,[36.67160579],48.07163553073832,3.046307018307539,1.0000000000000002,0.9473684210526315,146.44096374511722,36,1,1.290456330835953
best_model.pt,49311445,20260207,431.85236,1.8,[279.38898166],80.91683063365457,5.336990428792533,1.0000000000000002,0.9197080291970803,431.8523559570313,126,1,1.964994761208056
best_model.pt,49847522,20260207,937.1593,1.84,[756.13697984],233.02694818025182,4.021677771839593,1.0000000000000007,0.92,937.1593017578131,161,1,1.1856944015674844
best_model.pt,49902302,20260207,13.93352,5.21,[2.90565631],1.0719337862479028,12.998477608744455,0.9999999315553981,0.09722222222222222,13.933520317077637,7,1,1.4949093116259535
best_model.pt,49990380,20260207,24.528301,1.48,[8.08145047],5.445001964170394,4.5047360672559025,0.9999999222388675,0.8297872340425532,24.528301239013672,39,1,2.04374054675754
best_model.pt,50103278,20260207,969.91003,1.21,[753.35619906],357.04092820880504,2.7165233866296172,1.0000000000000009,0.9545454545454546,969.9100341796884,273,1,1.2450605793283906
best_model.pt,50250900,20260207,29.411764,1.1,[1.50838678],7.720695195201891,3.8094704675953595,0.9999999351501494,0.7142857142857143,29.41176414489746,5,1,2.463154895479375
best_model.pt,51094622,20260207,377.10074,304.69,[3.04871814],0.0,0.0,0.0,0.0,0.0,0,72,-1.0
best_model.pt,51225207,20260207,105.26316,2.7,[3.96279239],10.879029407221514,9.675785135750022,1.0000000000000002,0.2733812949640288,105.26316070556643,38,1,2.583624061062782
best_model.pt,51225953,20260207,54.45402,1.07,[16.52033907],21.07128292251163,2.5842763855353468,1.0,1.0,54.45402145385742,19,1,1.415211456871462
best_model.pt,51316356,20260207,1083.6785,6.0,[160.74719048],59.03423247080001,10.128848887243745,0.5517769784310754,0.004479936411721181,597.9488300000002,79,65,0.6881414812072908
best_model.pt,51711872,20260207,117.17214,1.34,[105.968494],36.27983663245961,3.2296765827853267,1.0000000000000004,0.9736842105263158,117.17214202880865,185,1,1.4102063450268736
best_model.pt,51815043,20260207,131.59317,7.1,[23.00516249],5.503489869318941,23.91085463585047,0.9999999999999993,0.1279373368146214,131.59317016601554,49,1,2.367726050284768
best_model.pt,51865028,20260207,10.87915,6.1,[1.49543616],0.8251672162888891,13.184160727315552,0.9999999123392728,0.011675724637681158,10.879150390624998,32,64,1.1613378579404579
best_model.pt,51867779,20260207,240.31079,6.1,[60.62360374],10.546147520499998,8.516160172163206,0.3737355680967335,0.007570422535211267,89.81269,20,71,0.39609185332867214
best_model.pt,51981983,20260207,9.803922,7.0,[1.88451035],0.09780266283011343,100.24084390943004,0.9999998807907104,0.02127659574468085,9.803921699523926,1,47,13.320120558490006
best_model.pt,52099940,20260207,736.64813,5.0,[182.11165784],51.525953043724265,14.296642264966307,1.0000000000000016,0.043968174082475726,736.6481323242199,521,6,1.8593284529932614
best_model.pt,52158782,20260207,402.12405,1.34,[294.70586683],111.13096446961326,3.61846990400737,0.9999999999999993,0.6901960784313725,402.12405395507784,176,1,1.700350607368242
best_model.pt,52697878,20260207,256.73526,1.7,[146.14289987],57.87423415775616,4.436089035301205,0.9999999999999998,0.6442610397345359,256.73526000976557,152,2,1.6094640652189773
best_model.pt,52816063,20260207,1000.0,20.92,[0.02518664],0.0,0.0,0.0,0.0,0.0,0,72,-1.0
best_model.pt,52880899,20260207,73.77049,8.0,[2.41228638],3.8074093551,17.729814678257082,0.9150634306914933,0.016948007273084674,67.50468,44,68,1.2162268347821352
best_model.pt,52881127,20260207,73.77049,8.1,[4.14286714],4.705868435500001,15.336407222766855,0.9783197522702392,0.027477863675114317,72.17113,144,68,0.8933835185800447
best_model.pt,52896858,20260207,237.28813,6.1,[3.67395475],3.4665191981,36.59826937386279,0.5346607058838659,0.08346390467682227,126.86864,52,67,4.999716384596776
best_model.pt,52964940,20260207,0.64461,18.58,[0.0552909],0.0,0.0,0.0,0.0,0.0,0,63,-1.0
best_model.pt,53225658,20260207,121.21212,5.1,[4.51230342],4.3406469238,11.539221996183224,0.41322352894080666,0.05430459140789557,50.0877,75,65,1.2625925905805624
best_model.pt,53375682,20260207,125.0,2.2,[2.06456001],2.7451956348999995,15.020807426241825,0.3298805599999999,0.001446285387603567,41.235069999999986,58,72,5.827639591215727
best_model.pt,53566239,20260207,136.80566,1.01,[212.67307573],63.66481692103377,2.1488424616589024,1.0,1.0,136.8056640625,48,1,1.127566813810852
best_model.pt,53572696,20260207,22.93578,1.09,[42.935085],4.974386891946134,4.610774243936175,0.9999999168396057,0.8571428571428571,22.935779571533203,12,1,3.230067984167361
best_model.pt,53577684,20260207,121.21212,5.0,[14.21841216],1.4510924024,7.273777127332352,0.08707817333044218,0.0019537346711259755,10.55493,11,65,0.45475542546647035
best_model.pt,53730651,20260207,61.29961,2.47,[50.53852614],4.666737873821194,13.135427499877753,1.0,0.8888888888888888,61.29961013793945,16,1,4.3179867804570575
best_model.pt,53731452,20260207,194.17476,79.32,[0.03636728],0.0,0.0,0.0,0.0,0.0,0,72,-1.0
best_model.pt,53763548,20260207,488.99796,2.04,[373.13468654],104.05471239241304,4.699431091392733,1.0,0.8660714285714286,488.9979553222656,97,1,1.303642734936142
best_model.pt,53841870,20260207,200.65753,1.98,[20.96828807],56.764797758385726,3.5348937392055593,0.9999999999999997,0.9411764705882353,200.6575317382812,34,2,0.7852998510877106
best_model.pt,53849804,20260207,55.555557,2.48,[0.25223668],4.81348940630993,11.541636642331234,0.9999999999999998,0.22916666666666666,55.55555725097655,33,1,3.653885707082826
best_model.pt,53854143,20260207,571.02985,1.09,[366.8150792],245.22364217679842,2.328608444087554,0.9999999999999996,0.9237012987012987,571.029846191406,151,2,1.136337956678515
best_model.pt,53919091,20260207,88.28999,2.0,[52.92278121],7.753601520257152,11.386964066763204,0.9999999999999999,0.6909090909090909,88.2899932861328,76,1,4.693482033381602
best_model.pt,54113091,20260207,148.76033,4.6,[7.87243864],11.01083442802477,13.510358153348713,1.0,0.33035714285714285,148.7603302001953,37,1,1.9370344420535097
best_model.pt,54524974,20260207,38.623596,1100.0,[0.00395512],0.0,0.0,0.0,0.0,0.0,0,66,-1.0
best_model.pt,54547571,20260207,31.74728,6.5,[5.58273037],0.0,0.0,0.0,0.0,0.0,0,66,-1.0
best_model.pt,54562194,20260207,194.17476,79.32,[0.32789658],0.0,0.0,0.0,0.0,0.0,0,72,-1.0
best_model.pt,54801379,20260207,897.71515,5.26,[164.47739424],125.02569703310007,6.178132544267049,0.860434776902557,0.05289030759012566,772.4253338880003,202,21,0.17454986224979469
best_model.pt,54805715,20260207,112.676056,5.1,[1.75252787],2.9203530635000003,10.06416323532203,0.26084441599504243,0.0014426081774444395,29.390919999999998,6,71,0.9733653771601601
best_model.pt,54852798,20260207,100.0,5.0,[32.09324797],6.2753171945999995,9.094405770389432,0.5707029000000002,0.0031218370223853303,57.07029000000003,90,72,0.8188811540778864
best_model.pt,54858966,20260207,83.333336,1.76,[0.26597369],4.507224319900001,10.707665265128291,0.5791423023259794,0.014041552796478578,48.26185999999999,30,67,5.083900751789142
best_model.pt,55104462,20260207,55.91231,6.5,[8.17849854],2.4737075056999998,7.958967833774222,0.3521257819577182,0.0004237288135593221,19.688166426999995,18,72,0.2244565898114187
best_model.pt,55113470,20260207,420.41623,3.33,[34.42696221],52.69483508723642,7.978319328141496,0.9999999999999987,0.37043330501274424,420.4162292480463,436,1,1.395891745025084
best_model.pt,55199224,20260207,78.07889,6.5,[6.50898521],3.1333214506000004,6.9352192743006285,0.2783118308351281,0.00044858523119392684,21.730278252,26,72,0.06695681143086592
best_model.pt,55242717,20260207,498.57053,3.59,[22.04998379],9.329786339899998,6.538702092287336,0.12235921861322402,0.009875776397515528,61.00470000000001,18,69,0.821365528862505
best_model.pt,55272899,20260207,18.072289,2.35,[6.39534194],3.031737543378678,5.961031353661251,0.9999998944600496,0.5952380952380952,18.07228851318359,25,1,1.5366091896047465
best_model.pt,55273179,20260207,148.76033,4.1,[10.45811196],4.540691520300002,7.011721198399149,0.21402258221095413,0.00573346392564755,31.838069999999984,53,58,0.7101759418278626
best_model.pt,55397530,20260207,472.23608,4.1,[128.75972989],58.2911625113,7.952105294829832,0.9815799463882929,0.01257472949627205,463.5374700000002,101,72,0.9395379219020933
best_model.pt,55642709,20260207,64.70373,5.6,[4.89112802],5.910368367799999,10.40694856316489,0.9506239001269565,0.04061451883384933,61.50890999999999,71,64,0.8583837036418164
best_model.pt,55644105,20260207,390.48068,1.47,[288.68249237],83.8385649338807,4.657530553194333,1.0000000000000002,0.8439306358381503,390.480682373047,146,1,2.1683880697591995
best_model.pt,55659771,20260207,110.68762,1.52,[65.454795],30.1881696361704,3.666589254590027,1.0000000000000007,0.8923076923076924,110.68762207031257,58,1,1.4122298030260916
best_model.pt,55774064,20260207,28.10267,9.1,[2.37391606],0.6242130723122437,45.02088612878655,0.9999999321292794,0.008801303354664204,28.102670669555657,13,64,3.9473499166508055
best_model.pt,55775102,20260207,530.4762,3.15,[118.12669098],73.46489055479438,7.220812350800283,1.0000000000000002,0.6279761904761905,530.4761962890626,211,1,1.2923213118055512
best_model.pt,55954706,20260207,1000.0,33.01,[0.71305768],0.0,0.0,0.0,0.0,0.0,0,55,-1.0
best_model.pt,55963763,20260207,1000.0,22.5,[21.29788474],0.0,0.0,0.0,0.0,0.0,0,72,-1.0
best_model.pt,55968571,20260207,246.66495,4.1,[98.12811472],30.305584598997726,8.139256926878963,0.9999999999999999,0.489247311827957,246.6649475097656,91,1,0.9851846624880305
best_model.pt,56069198,20260207,355.1182,6.0,[32.74950256],27.235478082599997,9.481353319206915,0.7271640933671453,0.0021496183962731686,258.2292,36,72,0.5802255532011525
best_model.pt,56094571,20260207,305.08475,6.1,[0.99213791],0.5706153792,14.233064973330157,0.02662086542015483,0.046153846153846156,8.12162,8,65,1.3332893763688478
best_model.pt,56096389,20260207,23.9461,3.1,[14.66979506],3.7077672443973118,6.45835949190447,0.9999999203482629,0.8461538461538461,23.94610023498535,11,1,1.0833418356733644
best_model.pt,56107853,20260207,1000.0,2.71,[7.08487496],12.054738819100002,5.078721323706747,0.06122266417099999,0.005878660719962448,61.22266417099999,47,72,0.8740668827368149
best_model.pt,56227729,20260207,125.0,1.4,[142.7010595],26.012763392715787,4.805333186156985,0.9999999999999993,0.6513317191283293,124.99999999999991,269,1,2.432380905708088
best_model.pt,56235388,20260207,53.333332,4.5,[1.47756882],0.026408499,5.546489162857652,0.002746500065481664,0.0065359477124183,0.14648,1,51,0.23255314730170046
best_model.pt,56704977,20260207,70.42254,17.31,[3.39728226],0.0,0.0,0.0,0.0,0.0,0,72,-1.0
best_model.pt,56718065,20260207,49.68944,8.1,[2.83481153],2.0066325306999997,14.267577792349906,0.576174717032496,0.033797911231616976,28.6298,45,70,0.7614292741256744
best_model.pt,56771422,20260207,642.421,1.81,[106.68609125],139.8634259964319,4.593202342483726,1.0000000000000002,0.7701735866760497,642.4210205078126,248,2,1.5376809324259633
best_model.pt,56864799,20260207,6.76347,5.22,[1.4825993],1.1600924871479017,5.830107873038855,0.9999998589963204,0.07106598984771574,6.763470172882081,14,1,0.11687894777191267
best_model.pt,56938464,20260207,749.1659,1.65,[690.00034266],214.75077012684747,3.488536453786124,1.0000000000000007,0.9713114754098361,749.1658935546881,237,1,1.1142645479964357
best_model.pt,56963719,20260207,31.25,7.0,[2.4867074],0.505694454,22.96032109475914,0.37154973732240376,0.00043638254010910194,11.610930000000002,24,72,2.2800458706798774
best_model.pt,57191417,20260207,1000.0,29.87,[3.46262764],0.0,0.0,0.0,0.0,0.0,0,72,-1.0
best_model.pt,57222417,20260207,5.5555553,1.52,[0.38508526],0.11365578978806566,48.8801008192058,0.9999998211860657,1.0,5.55555534362793,1,1,31.15796146879621
best_model.pt,57240198,20260207,36.39775,4.14,[14.11884913],2.9109592741345622,12.503692055815964,1.0,0.4727272727272727,36.39775085449219,26,1,2.0202155698208326
best_model.pt,57326971,20260207,40.0,4.1,[0.33055519],0.8419859269,7.77867184246421,0.1637385,0.00016116768050780216,6.54954,2,72,0.8972370788777652
best_model.pt,57339315,20260207,166.66667,6.0,[0.75598828],1.477648051,16.888516243496035,0.14973179543054824,0.04148391812865498,24.9553,33,68,1.8147527072493392
best_model.pt,57374168,20260207,122.44898,13.0,[0.78899592],0.0,0.0,0.0,0.0,0.0,0,72,-1.0
best_model.pt,57424010,20260207,5.58992,7.1,[0.90239374],0.2672580011693526,20.91574098341847,0.9999998211860657,0.09090909090909091,5.5899200439453125,1,1,1.9458790513182238
best_model.pt,57429522,20260207,6.8627453,6.0,[4.83043373],0.0,0.0,0.0,0.0,0.0,0,61,-1.0
best_model.pt,57449176,20260207,1000.0,43.65,[0.10294381],0.0,0.0,0.0,0.0,0.0,0,72,-1.0
best_model.pt,57521810,20260207,626.1568,4.5,[311.66269259],30.383519114800002,13.318450873073358,0.646262119075894,0.009038163147732597,404.66142,389,39,1.9596557495718574
best_model.pt,57574306,20260207,21.73913,1.94,[0.15081066],2.7179643013115204,7.998310357255724,0.9999999122619693,0.14282452272470422,21.73913002014161,26,6,3.1228402687344903
best_model.pt,57575512,20260207,5.524862,1.87,[3.95347499],0.07203472143857233,76.69614050166511,0.9999998273849765,0.5,5.524861812591553,2,1,40.01397877331295
best_model.pt,57579039,20260207,69.34497,5.0,[24.4980702],6.831703774397097,10.150463609464849,1.0,1.0,69.344970703125,1,1,1.0300927218929696
best_model.pt,57611618,20260207,143.08836,5.6,[37.39685107],7.5552326269000005,8.125386061051392,0.4290299255308407,0.0064439807793011195,61.38919000000001,91,71,0.45096182132605256
best_model.pt,57654377,20260207,2386.3882,430.5,[3.73110848],0.0,0.0,0.0,0.0,0.0,0,72,-1.0
best_model.pt,57655917,20260207,1468.0747,8.5,[19.98186521],0.6330224771999999,7.248609514920532,0.0031255493865696895,0.00027601695536520293,4.58854,19,68,-0.14722241000934916
best_model.pt,57664872,20260207,118.42105,6.1,[0.38507583],1.49613927,17.226793848681044,0.2176445807297713,0.0013911112856205728,25.773699999999998,16,72,1.824064609508989
best_model.pt,57699816,20260207,73.77049,11.1,[1.97007807],0.0,0.0,0.0,0.0,0.0,0,57,-1.0
best_model.pt,57724669,20260207,420.41623,3.33,[20.02183388],7.734477269600002,6.0101673803531215,0.11057020582469805,0.010131032977872597,46.485508999999986,91,57,0.8048551105263179
best_model.pt,57795555,20260207,577.2744,290.0,[1.13314948],0.0,0.0,0.0,0.0,0.0,0,67,-1.0
best_model.pt,57813819,20260207,1.3888888,2.63,[0.74368292],0.011905257256965097,116.6520096056626,0.9999993133549375,0.3333333333333333,1.3888888359069824,2,1,43.354374345896304
best_model.pt,57813830,20260207,1.3888888,2.63,[0.57066887],0.011229350462762177,123.67279547617754,0.9999993133549375,1.0,1.3888888359069824,2,1,46.02387456073086
best_model.pt,57847622,20260207,168.9004,1.57,[10.61840298],47.099168916199716,3.586059078839432,0.9999999999999998,0.9487179487179487,168.90040588378903,74,1,1.28411398664515
best_model.pt,57855436,20260207,247.62653,1.18,[69.28976918],57.7466463167846,4.288154159331278,1.0,0.9375,247.62652587890625,30,1,2.634029110121772
best_model.pt,57863659,20260207,66.666664,5.0,[9.79001159],8.631933896447936,7.723258449385279,1.0,0.2916666666666667,66.66666412353516,7,1,0.5446516898770557
best_model.pt,57922732,20260207,90.90909,6.8,[5.45156222],2.3391099288,14.98361602627385,0.3855317517654953,0.021662136562062433,35.048339999999996,28,71,1.2034728832345223
best_model.pt,57950075,20260207,3.5460992,3.69,[1.46942648],0.895307267679387,3.9607577791445956,0.9999997310639073,0.2127659574468085,3.546099185943604,10,1,0.07337607526436962
best_model.pt,57950895,20260207,56.603775,2.13,[18.7517804],10.363036522660172,5.462083380538027,1.0000000000000004,0.4301697530864197,56.603775024414084,70,3,1.5643582568406167
best_model.pt,57951243,20260207,373.10922,2.23,[167.37513284],87.58761530466131,4.259839896935897,0.9999999999999997,0.7619352088661552,373.10922241210926,176,2,0.9102420899107265
best_model.pt,57959122,20260207,1000.0,19.0,[2.9014034],0.0,0.0,0.0,0.0,0.0,0,72,-1.0
best_model.pt,57999311,20260207,1210.1339,2.2,[396.09265346],264.72738586748125,4.571245632921949,1.0000000000000004,0.9326683291770573,1210.133911132813,374,1,1.0778388790194864
best_model.pt,58085427,20260207,79.19066,1.9,[23.32713406],19.666690771916656,4.0266385159103075,1.0,0.7431818181818182,79.19065856933594,51,2,1.1192834560199802
best_model.pt,58112502,20260207,101.0101,2.4,[28.53483384],16.5610200923723,6.099267717549299,1.0000000000000002,0.6904761904761905,101.0101013183594,58,1,1.541361447994244
best_model.pt,58114863,20260207,203.00613,2.08,[69.8970629],38.18123283194645,5.316908692022067,0.9999999999999999,0.8242424242424242,203.0061340332031,136,1,1.5562061956947706
best_model.pt,58134130,20260207,8.695652,2.0,[4.70832875],1.7868313181469482,4.8665182064059325,0.9999998903274635,1.0,8.69565200805664,5,1,1.4332591032029662
best_model.pt,58199587,20260207,142.85715,21.02,[0.49786683],2.021862457047814,70.65617943626474,1.0,0.0009754378227868418,142.85714721679688,65,67,2.3613785869432795
best_model.pt,58240026,20260207,50.0,2.23,[29.81980199],8.938684893835267,5.593663385630704,0.9999999999999999,0.8380732314255244,49.99999999999999,111,2,1.5083692097701156
best_model.pt,58246735,20260207,46.6873,11.42,[3.30264874],0.345336365,18.267875530931907,0.13512410824724913,0.01799859091525758,6.308579999999999,14,72,0.5996388273983493
best_model.pt,58283047,20260207,420.41623,3.33,[11.93555116],3.2213904013,3.796738265044179,0.029092073876110527,0.012078167007744472,12.23078,11,71,0.14016166727676002
best_model.pt,58416741,20260207,1.99049,35.0,[0.04714194],0.0,0.0,0.0,0.0,0.0,0,72,-1.0
best_model.pt,58417305,20260207,1.0332358,52.0,[0.00749337],0.0,0.0,0.0,0.0,0.0,0,72,-1.0
best_model.pt,58419221,20260207,46.08295,52.0,[0.94974251],0.1602765601,8.67832027847297,0.030183397159474188,4.662265488045951e-06,1.39094,2,72,-0.8331092254139814
best_model.pt,58432699,20260207,116.6156,35.0,[8.01935741],0.0,0.0,0.0,0.0,0.0,0,72,-1.0
best_model.pt,58435300,20260207,48.31349,57.2,[1.78000805],0.022478243000000002,214.85376531585158,0.09996689988513309,5.8920221923202815e-05,4.82975,8,60,2.756184658218708
best_model.pt,58492787,20260207,23.529411,2.9,[9.26852865],1.1510108428,5.703329675592805,0.2789954827053963,0.03266666666666666,6.5646,6,50,0.9666653407024077
best_model.pt,58502564,20260207,145.41257,15.28,[23.00082211],1.663726440110807,87.40167627997239,1.0000000000000002,0.0022283905711535457,145.4125671386719,20,11,4.720005092105925
best_model.pt,58511427,20260207,758.94135,2.46,[105.64210955],135.14642981866425,5.615696549420314,1.0000000000000002,0.6631868131868133,758.941345214844,189,2,1.2828034399749082
best_model.pt,58544782,20260207,11.09661,52.0,[0.71044634],0.1812728019,13.733810257774486,0.22435498503563192,3.9456934243511894e-05,2.48958,8,72,-0.7358882642735676
best_model.pt,58588021,20260207,11.049724,1.2,[0.68905492],2.894818947003606,3.8170676682743405,0.9999999136924808,0.7833333333333333,11.049723625183105,8,3,2.180889597164754
best_model.pt,58685108,20260207,72.20216,4.15,[2.4162877],13.447063240014964,5.369362591533861,0.9999999999999998,0.9272727272727272,72.20216369628905,51,1,0.2938222814808079
best_model.pt,58706858,20260207,4537.195,1.35,[4585.60332748],1334.9624931487065,3.3987432936174655,1.0000000000000027,0.8464673913043478,4537.194824218762,1246,1,1.5175875804396297
best_model.pt,58729786,20260207,38.08811,4.36,[24.69978859],5.531217227907657,6.886025882195093,1.0,0.6521739130434783,38.088111877441406,15,1,0.5793636860842412
best_model.pt,58732112,20260207,510.68414,1.1,[412.91477558],179.29168674504456,2.848342550004921,1.0,0.8693181818181818,510.68414306640625,153,1,1.5894022620625092
best_model.pt,58772389,20260207,376.457,2.05,[336.02838801],81.39868716067792,4.624853412739404,0.9999999999999999,0.9183673469387755,376.4570007324218,90,1,1.2560261074707864
best_model.pt,58803527,20260207,159.76765,7.1,[11.84005197],0.0,0.0,0.0,0.0,0.0,0,56,-1.0
best_model.pt,58804408,20260207,32.35294,13.15,[1.08304772],0.0551302585,26.39573337510516,0.04497983854743867,0.011194029850746268,1.45523,2,67,1.0072801628001349
best_model.pt,58886517,20260207,125.0,7.74,[1.43611951],0.1773168133377495,704.9489143084785,0.9999999999999998,0.004860683835809088,124.99999999999997,10,5,90.07867379260111
best_model.pt,58921051,20260207,5945.7593,16.88,[258.68405894],3.2000497438999997,5.559822779034026,0.0029923369228544343,0.00026727620146428644,17.79171502,19,72,-0.6706265962408064
best_model.pt,58958928,20260207,51.95611,9.9,[0.32900801],0.0,0.0,0.0,0.0,0.0,0,35,-1.0
best_model.pt,58963446,20260207,1893.6837,9.9,[160.69248167],12.162679111099997,5.6686930323093465,0.03640866709894769,0.0004797276385020118,68.94650000000001,31,36,-0.4274047221477666
best_model.pt,59027737,20260207,156.41592,8.2,[0.77327443],0.0,0.0,0.0,0.0,0.0,0,45,-1.0
best_model.pt,59090324,20260207,15.0,2.14,[6.87939276],4.043911111103644,3.7092794274171985,0.9999999364217163,1.0,15.0,4,1,0.7333080586850219
best_model.pt,59168672,20260207,114.30078,2.51,[41.7285722],20.43684044777443,5.592878994637764,1.0000000000000004,0.4244604316546763,114.30078125000004,59,1,1.2282386517481687
best_model.pt,59180301,20260207,127.4666,11.1,[19.23594044],0.0,0.0,0.0,0.0,0.0,0,72,-1.0
best_model.pt,59183637,20260207,42.81511,27.0,[3.81456357],0.0,0.0,0.0,0.0,0.0,0,72,-1.0
best_model.pt,59191554,20260207,38.46154,2.13,[19.65786739],6.96631769765027,5.521071012031217,1.0,0.7027027027027027,38.46154022216797,16,2,1.592051979058408
best_model.pt,59250609,20260207,59.701492,6.1,[4.1823461],3.1076507382,15.094796313042023,0.7857319504973295,0.0014938113529662826,46.909369999999996,7,71,1.474556811317074
best_model.pt,59252106,20260207,75.31489,12.1,[1.33867442],2.7319352405999995,16.98684958687319,0.6161728607987724,0.022096608169516207,46.40699,37,71,0.40387182242467695
best_model.pt,59252315,20260207,40.94131,1.5,[4.90639966],8.466391529506062,4.835744473207993,1.0000000000000004,0.24615384615384617,40.941310882568374,32,1,2.2238296488053284
best_model.pt,59262247,20260207,107.01659,1.61,[75.86964478],9.594071788713475,11.154448028537564,0.9999999999999996,0.8082191780821918,107.0165863037109,59,1,5.928228527595317
best_model.pt,59265523,20260207,41.273586,3.61,[2.39599891],6.364495164993337,6.484973076142402,1.0,0.76,41.27358627319336,19,1,0.7963914860363901
best_model.pt,59284251,20260207,112.676056,19.0,[2.13421797],0.0,0.0,0.0,0.0,0.0,0,72,-1.0
best_model.pt,59289693,20260207,12.224939,8.5,[0.45864554],0.8010950276000001,11.500319165981594,0.7536118601748264,0.0033821499614338484,9.212860000000001,4,68,0.3529787254095993
best_model.pt,59313228,20260207,34.48847,8.56,[2.08560915],1.3756161711368793,25.071269022952812,1.0,0.012651667581245044,34.488468170166016,9,71,1.92888642452607
best_model.pt,59335998,20260207,1000.0,22.43,[3.71101974],0.0,0.0,0.0,0.0,0.0,0,47,-1.0
best_model.pt,59370907,20260207,40.816326,1.39,[8.33626756],13.08859993799422,3.118463641356337,1.0,0.8035714285714286,40.81632614135742,45,1,1.243499045647373
best_model.pt,59397478,20260207,1428.6078,2.5,[414.76037314],218.2227647789948,6.546557060562422,1.0000000000000002,0.5570469798657718,1428.607788085938,664,1,1.6186228242249687
best_model.pt,59437197,20260207,152.54237,5.0,[16.15108739],7.960121895699999,7.646104312394256,0.3989968724150415,0.0028089173593634814,60.86393000000001,10,72,0.5292208624788511
best_model.pt,59469459,20260207,28.45757,1.45,[9.77569587],2.6730483807619083,10.64610677495344,0.999999932975705,0.627906976744186,28.45756912231445,54,1,6.342142361967455
best_model.pt,59469464,20260207,74.94802,1.45,[77.3941579],13.257039564290242,5.653450373904864,1.0000000000000002,0.8227848101265823,74.94802093505861,65,1,2.898931164130578
best_model.pt,59473467,20260207,1000.0,9.99,[0.24184204],0.0,0.0,0.0,0.0,0.0,0,72,-1.0
best_model.pt,59473469,20260207,1000.0,10.59,[0.51064411],16.5568842638,18.032390467352727,0.29856021999999993,0.009732045200121343,298.56021999999996,75,72,0.7027752792757166
best_model.pt,59474185,20260207,28.301888,20.0,[0.08119878],0.0,0.0,0.0,0.0,0.0,0,67,-1.0
best_model.pt,59506934,20260207,32.65375,1.62,[16.70791342],8.999191730276799,3.628520063075329,0.9999999999999998,0.7956989247311828,32.65375137329101,74,1,1.2398271928364202
best_model.pt,59718544,20260207,379.84543,4.15,[77.63524504],50.11981509259999,1.9209963819124112,0.25347148645338,0.10502179834855355,96.27998537600003,154,68,-0.5371093162005505
best_model.pt,59764696,20260207,91.22524,4.15,[9.14023838],16.957821605981533,5.379537499264098,0.9999999999999999,0.9833333333333333,91.22524261474608,59,1,0.29627406641970344
best_model.pt,59770476,20260207,861.02747,3.68,[196.11851472],117.71015828109572,7.314810132608441,1.0,0.6730538922155689,861.0274658203125,562,1,0.9877201086722305
best_model.pt,59789974,20260207,7.079646,270.0,[0.04869297],0.0,0.0,0.0,0.0,0.0,0,38,-1.0
best_model.pt,59790006,20260207,10.65812,1.49,[13.26618954],2.6699851575,2.9896746758695505,0.7489490800824994,0.04943064182194617,7.9823900000000005,9,46,1.0064930582108333
best_model.pt,59818654,20260207,106.38298,1.5,[6.13386325],27.248629750600003,2.966166290694085,0.7597453064072066,0.050982939619303246,80.82397,51,66,0.9774441937960567
best_model.pt,59851958,20260207,3043.8813,91.58,[15.83764677],0.0,0.0,0.0,0.0,0.0,0,67,-1.0
best_model.pt,59870194,20260207,41.35039,1.2,[2.54673699],16.791475866624147,2.4625821609610896,0.9999999999999997,0.861904761904762,41.35039138793944,37,2,1.0521517192557253
best_model.pt,59873387,20260207,1000.0,5.3,[0.1523253],0.0,0.0,0.0,0.0,0.0,0,60,-1.0
best_model.pt,59941171,20260207,6.730769,6.6,[3.20128956],0.048201639360087103,139.63486744219446,0.9999998807907104,0.3333333333333333,6.730769157409668,1,3,20.156798403009695
best_model.pt,59942526,20260207,81.56947,1.36,[71.78132874],29.924261650252575,2.7258640996426715,1.0,1.0,81.56947326660156,25,1,1.0043118168902654
best_model.pt,59978838,20260207,57.75445,45.0,[0.23929871],0.0,0.0,0.0,0.0,0.0,0,72,-1.0
best_model.pt,59985139,20260207,83.23513,1.16,[22.09075142],55.136621054224925,1.509616062953581,1.0000000000000004,0.9885057471264368,83.23513031005862,33,3,0.30139319516574603
best_model.pt,59998752,20260207,1236.131,28.8,[17.71599115],0.0,0.0,0.0,0.0,0.0,0,72,-1.0
best_model.pt,59999397,20260207,869.56525,6.5,[1.29081363],0.0,0.0,0.0,0.0,0.0,0,72,-1.0
best_model.pt,60033250,20260207,48.95666,1.24,[42.91878264],17.097780403910278,2.863334140718913,1.0000000000000002,0.7705128205128204,48.95666122436525,43,2,1.3091404183042208
best_model.pt,60078895,20260207,1000.0,25.95,[13.76798323],0.0,0.0,0.0,0.0,0.0,0,72,-1.0
best_model.pt,60081691,20260207,71.942444,3.08,[5.71850071],10.77304113942144,6.678006352950167,0.9999999999999998,0.26640926640926643,71.94244384765624,69,1,1.1681839345355434
best_model.pt,60083626,20260207,1000.0,36.35,[1.28636283],0.9940870094,24.878259033550712,0.024731179,0.00037337847910006583,24.731178999999997,14,72,-0.3155911945563777
best_model.pt,60134489,20260207,1000.0,300.0,[1.66524709],0.0,0.0,0.0,0.0,0.0,0,72,-1.0
best_model.pt,60140024,20260207,353.31128,2.21,[162.60997766],63.75005213898061,5.542133094801129,1.0,0.9411764705882353,353.311279296875,160,1,1.5077524882977211
best_model.pt,60144222,20260207,258.7111,2.07,[162.6888179],69.24363523159631,3.7362435621172505,0.9999999999999996,0.255666636807896,258.7110900878905,105,13,0.8049486389423052
best_model.pt,60145854,20260207,131.14754,12.1,[3.257562],2.8619086097999995,26.346454039570208,0.5749339376989918,0.001250473407925038,75.40117,31,72,1.17739282718684
best_model.pt,60163679,20260207,26.84824,1.81,[10.12757826],6.00085687009131,4.474066955075726,0.9999999289581547,0.8125,26.848239898681634,13,1,1.4718602743186215
best_model.pt,60190295,20260207,30.120481,3.0,[5.84173005],2.833986864627497,10.628302917961838,0.9999999366760285,0.3541666666666667,30.120481491088867,17,1,2.5427676393206124
best_model.pt,60191018,20260207,70.42254,15.06,[0.48831325],0.5526562724,73.83954222258778,0.5794730028212142,0.0002720785518270711,40.80796,3,72,3.903023915351731
best_model.pt,60222062,20260207,4.57056,2.5,[3.51266315],0.8121090448198944,5.628005721193539,0.9999997913441412,0.45454545454545453,4.570559978485107,10,1,1.2512022884774154
best_model.pt,60257685,20260207,166.66667,1.14,[50.54195872],59.36942124685621,2.8072813486365877,0.9999999999999991,0.9305555555555556,166.66667175292955,67,1,1.4625275297046725
best_model.pt,60279269,20260207,5340.282,2.29,[1368.9938361],927.6420004392961,5.756835307453415,0.9999999999999984,0.8139784946236559,5340.282226562492,1514,1,1.51390192286077
best_model.pt,60280132,20260207,5.1546392,2.4,[1.06686944],0.5869176528582775,8.782544597921092,0.9999998149872193,0.4444444444444444,5.15463924407959,4,1,2.659393437055891
best_model.pt,60299590,20260207,833.3333,5.11,[75.82956021],53.19856840606239,15.664581252692782,0.9999999999999993,0.40744368266405484,833.3333129882807,416,1,2.0654757032108844
best_model.pt,60300280,20260207,125.0,6.5,[24.16439599],0.7360278456045344,169.83030046510166,1.0,0.8,125.0,4,1,25.12773853309256
best_model.pt,60319297,20260207,48.387096,10.0,[4.14991009],13.102714526594143,3.6929059710423875,1.0000000000000002,0.0022023851023724094,48.38709640502931,52,61,-0.6307094028957613
best_model.pt,60363119,20260207,139.53488,8.1,[17.93302136],0.0,0.0,0.0,0.0,0.0,0,60,-1.0
best_model.pt,60371761,20260207,2164.619,2.47,[1172.70721924],426.2751474776203,5.077985203254277,1.0000000000000004,0.7147891247423255,2164.618896484376,854,2,1.0558644309455563
best_model.pt,60374272,20260207,402.23785,1.94,[310.88510179],86.45973407894378,4.652314208881569,1.0000000000000004,0.9183673469387755,402.2378540039064,135,1,1.398100036938755
best_model.pt,60394559,20260207,1.0332358,52.0,[0.00042083],0.0,0.0,0.0,0.0,0.0,0,72,-1.0
best_model.pt,60395737,20260207,17.62395,52.0,[0.86062898],0.0069078548,18.172331541835273,0.0071238282662841,1.1184481308494837e-06,0.12555000000000002,1,72,-0.650532085733937
best_model.pt,60491784,20260207,521.9422,19.24,[26.43604857],0.1447443479,10.675852608869926,0.0029606343401000594,0.00018967698967698967,1.54528,2,65,-0.44512199917508205
best_model.pt,60503054,20260207,4002.5583,900.0,[5.13500105],0.0018070790000000003,1521.4932533368285,0.0006873054081194041,4.4802867383512545e-06,2.7509799999999998,1,72,0.6905480592631428
best_model.pt,60504423,20260207,65.78731,2.35,[8.57009342],12.370506395664526,5.318076747790812,0.9999999999999996,0.5436893203883495,65.78730773925778,56,1,1.2630114738759166
best_model.pt,60505342,20260207,1287.7825,483.0,[2.49494261],2.6069726038000005,27.658028410759304,0.055990628573031886,8.688778714040872e-05,72.10374999999999,5,72,-0.9427370012199601
best_model.pt,60518154,20260207,2168.2776,1.63,[1459.57807967],488.68025765224786,4.437006712468005,0.9999999999999998,0.8559500843983603,2168.2775878906245,726,2,1.722090015612234
best_model.pt,60518258,20260207,19.23077,2.22,[8.53345634],3.2970943242550828,5.832640011834906,0.9999999008178853,1.0,19.23077011108398,3,1,1.6273152867868526
best_model.pt,60537191,20260207,62.5,9.0,[0.76059261],1.6185777118720301,38.61412456593674,1.0000000000000002,0.07882882882882883,62.50000000000001,6,37,3.2904582851040822
best_model.pt,60547751,20260207,192.36432,54.68,[2.49529176],0.048886765199999994,39.973191492909564,0.010158848645666128,4.810837855520918e-06,1.9542,1,72,-0.2689613886281221
best_model.pt,60547769,20260207,21.234762,54.68,[0.07174513],0.0,0.0,0.0,0.0,0.0,0,72,-1.0
best_model.pt,60548432,20260207,148.9186,1.73,[121.7384681],27.696230799841068,5.3768539863681415,0.9999999999999998,0.6158536585365854,148.91859436035153,101,1,2.1080080503396488
best_model.pt,60566933,20260207,14.03152,5.9,[0.88416029],0.08771372654310322,159.96766384418268,0.9999999403953552,0.5,14.031519889831543,1,2,26.113162925164403
best_model.pt,60580455,20260207,27.137043,15.0,[0.16572463],0.0,0.0,0.0,0.0,0.0,0,72,-1.0
best_model.pt,60619154,20260207,346.15384,8.8,[0.7949494],0.08958744800000001,18.12063983963646,0.004689822317636901,0.037882447665056364,1.6233999999999997,11,69,1.0591635735093383
best_model.pt,60632826,20260207,103.90999,7.7,[23.06585736],9.2792667764,10.04543054971128,0.8970671773939056,0.0008764832793959008,93.21424000000002,39,72,0.30460140240834427
best_model.pt,60656113,20260207,304.366,3.0,[115.27257288],42.69503053889527,7.128838797956501,0.9999999999999997,0.5140195798878433,304.365997314453,145,2,1.3762795993188337
best_model.pt,60666367,20260207,144.92754,1.95,[23.86429361],8.02175428340623,18.066810927346378,1.0,0.3258426966292135,144.9275360107422,58,1,8.265031018233472
best_model.pt,60679080,20260207,33.333332,26.0,[0.15494413],0.0767424898,63.982756228528984,0.14730780561934684,0.0017427550709740174,4.91026,11,72,1.4608752395588072
best_model.pt,60679832,20260207,84.40434,1.33,[104.07477375],0.996803746187329,84.67490044986715,1.0,0.8695652173913043,84.40434265136719,60,1,62.665336629810014
best_model.pt,60695475,20260207,34.93014,11.0,[2.37173726],1.996047128020665,17.499648910576262,1.0000000000000002,0.004166496782864099,34.93014144897462,44,67,0.5908771736887511
best_model.pt,60726038,20260207,47.8357,9.0,[11.81999238],2.1108144795908115,22.66218977986775,1.0,0.000188040616773223,47.83570098876953,5,1,1.518021086651972
best_model.pt,60739483,20260207,14.583333,1.78,[5.45692048],1.5967814295396423,9.132949327133014,0.9999999346051925,0.8235294117647058,14.583333015441895,28,1,4.1308704909710094
best_model.pt,60739866,20260207,99.7291,1.09,[77.94989425],25.162547950483024,3.9633943001813634,1.0000000000000007,0.9285714285714286,99.72910308837896,52,1,2.6361414484514207
best_model.pt,60741109,20260207,612.0902,1.82,[352.99568487],119.35830241418515,5.128174516999659,1.0000000000000002,0.8324324324324325,612.0902099609376,154,1,1.817678224838766
best_model.pt,60745623,20260207,1000.0,22.2,[11.50810874],0.0,0.0,0.0,0.0,0.0,0,63,-1.0
best_model.pt,60758778,20260207,502.0863,1.73,[414.21884137],139.9092186069109,3.5886577390796677,1.0000000000000002,0.932175622542595,502.0863037109376,167,2,1.074368612435969
best_model.pt,60762511,20260207,2000.0,33.74,[0.60701664],0.0,0.0,0.0,0.0,0.0,0,56,-1.0
best_model.pt,60762714,20260207,122.44898,18.6,[1.06525956],0.0,0.0,0.0,0.0,0.0,0,72,-1.0
best_model.pt,60765488,20260207,117.64706,8.1,[0.40429786],0.0,0.0,0.0,0.0,0.0,0,62,-1.0
best_model.pt,60769562,20260207,583.7024,400.0,[2.06597794],0.0,0.0,0.0,0.0,0.0,0,60,-1.0
best_model.pt,60828716,20260207,23.92696,1.88,[28.88029248],5.4335764733388645,4.403537100346573,0.9999999202845461,0.8181818181818182,23.92695999145508,9,1,1.3423069742104057
best_model.pt,60844239,20260207,194.44444,5.0,[21.13600638],4.092326707100001,5.841670489517282,0.12294529821485507,0.0006298167604816583,23.90603,16,72,0.1683340979034565
best_model.pt,60848391,20260207,41.73038,16.0,[3.21871208],2.1572349762865928,19.344374686257748,1.0,0.0010655116590981364,41.73038101196289,25,70,0.20902341789110923
best_model.pt,60858118,20260207,119.63921,2.64,[81.71889262],24.16625400155713,4.950672479219592,1.0,0.6864468864468865,119.63921356201172,75,2,0.8752546524611933
best_model.pt,60862222,20260207,166.66667,7.6,[1.2565122],5.746320225463984,29.004064550789586,1.0000000000000002,0.03961129184995975,166.66667175292972,83,69,2.816324330887189
best_model.pt,60880371,20260207,33.80588,45.0,[0.70459392],0.0,0.0,0.0,0.0,0.0,0,72,-1.0
best_model.pt,60882186,20260207,112.01828,35.0,[4.62582224],0.0,0.0,0.0,0.0,0.0,0,70,-1.0
best_model.pt,60882731,20260207,92.20477,37.0,[2.94033505],0.0,0.0,0.0,0.0,0.0,0,49,-1.0
best_model.pt,60906442,20260207,142.7203,2.47,[166.35510684],9.4910338593,3.705450514233368,0.24641595080590653,0.04737631184407796,35.16856,14,29,0.5001823770497189
best_model.pt,60906649,20260207,4.0774717,52.0,[0.28731876],0.0,0.0,0.0,0.0,0.0,0,72,-1.0
best_model.pt,60908226,20260207,470.27304,2.33,[380.79162164],84.99445098245936,5.532985151413608,1.0000000000000002,0.902834008097166,470.2730407714845,223,1,1.374671816560811
best_model.pt,60912674,20260207,6.02155,2.3,[3.37042867],1.24944009815981,4.819394997808569,0.9999998416231475,0.16666666666666669,6.021550178527833,8,2,1.0953891729237004
best_model.pt,60916277,20260207,262.2118,1.31,[260.54222287],117.97478339400287,2.2226087832165335,1.0000000000000004,0.9473684210526315,262.2117919921876,108,1,0.6966480002286343
best_model.pt,60917464,20260207,1000.0,20.54,[0.00202457],0.198792957,42.58529850582933,0.0084657,0.09375,8.4657,4,24,1.0732861055345282
best_model.pt,60930313,20260207,64.68921,1.84,[3.29215912],19.902942272315514,3.2502332996324244,1.0000000000000002,0.9629629629629629,64.68920898437501,26,1,0.7664311090605571
best_model.pt,60949070,20260207,66.13085,9.0,[4.89974264],5.088289925774772,12.996672696252329,1.0,0.026704752473710177,66.13085174560547,70,71,0.44407474402803654
best_model.pt,60961963,20260207,27.777779,2.08,[0.44879388],3.1182515008236305,8.908123578238541,0.9999999313354561,0.36890243902439024,27.77777862548828,21,2,3.2827518773973936
best_model.pt,60972908,20260207,1000.0,2.2,[34.42935004],52.83612722369999,4.337913804539363,0.22919857,0.0365245432586223,229.19857,67,62,0.9717789593261886
best_model.pt,61011193,20260207,1128.4313,3.5,[79.66752507],156.25411300270008,7.221770009809557,1.0000000000000004,0.6538461538461539,1128.431274414063,476,1,1.0633628599455878
best_model.pt,61011487,20260207,420.41623,3.33,[1.08241531],0.17802970089999998,4.133163528987714,0.0017502416624498528,0.003968253968253968,0.73583,2,63,0.24119027738228738
best_model.pt,61012951,20260207,119.05549,2.3,[25.9643353],24.19474066978147,4.920717493550366,0.9999999999999991,0.8636363636363636,119.05548858642568,76,1,1.1394424328551873
best_model.pt,61019035,20260207,115.38461,2.33,[9.77133554],24.993582051400004,3.781431009937008,0.819099769997961,0.03250726216412491,94.51151000000002,30,51,0.6229318170630384
best_model.pt,61022895,20260207,1.325791,26.0,[0.00566924],0.0,0.0,0.0,0.0,0.0,0,72,-1.0
best_model.pt,61027483,20260207,4.0774717,52.0,[0.35631992],0.1271838874,11.424549171712362,0.3563555446282809,1.2157136924602032e-05,1.45303,4,72,-0.7802971313132238
best_model.pt,61030217,20260207,46.25146,20.1,[2.31497386],0.0,0.0,0.0,0.0,0.0,0,72,-1.0
best_model.pt,61034097,20260207,2664.8945,2.82,[1171.39858195],444.39563365922885,5.996671261844168,0.9999999999999991,0.7467411545623837,2664.8945312499977,802,1,1.1264792212063728
best_model.pt,61042371,20260207,220.99026,1.82,[197.7157543],40.3397119702494,5.478230969455804,1.0000000000000002,0.7349397590361446,220.99026489257818,61,1,2.0100169294363366
best_model.pt,61076126,20260207,40.322582,2.5,[2.20491694],5.589669464665785,7.2137673409847425,1.0,0.3448750737753295,40.32258224487305,17,3,1.885506936393897
best_model.pt,61087629,20260207,57.142857,1.67,[0.55140602],7.390101262029297,7.732349915034754,0.9999999999999999,0.5483870967741935,57.14285659790038,17,1,3.6301497687061226
best_model.pt,61095720,20260207,7.352941,1.35,[0.60121191],1.4175790510608666,5.186967064556027,0.9999998703003075,1.0,7.352941036224366,6,2,2.842197757741403
best_model.pt,61098328,20260207,175.4386,52.0,[0.29296066],0.0,0.0,0.0,0.0,0.0,0,53,-1.0
best_model.pt,61100993,20260207,118.66019,5.1,[35.57482916],14.6410601433,6.677954489981915,0.823969207056015,0.012189349112426036,97.77233999999999,42,65,0.3094028656580987
best_model.pt,61106509,20260207,50.0,1.11,[29.73147255],16.214103127072736,3.0837349759284467,0.9999999999999996,0.978494623655914,49.99999999999998,91,1,1.7781395821503074
best_model.pt,61109358,20260207,21.234762,54.68,[0.24533727],0.0,0.0,0.0,0.0,0.0,0,72,-1.0
best_model.pt,61112285,20260207,131.0145,1.96,[36.45122314],29.419037258742833,4.453391531610457,1.0,0.7333333333333334,131.01449584960938,66,3,1.272138492313904
best_model.pt,61136703,20260207,28.116213,52.0,[0.13475406],0.0,0.0,0.0,0.0,0.0,0,35,-1.0
best_model.pt,61145915,20260207,7.368421,8.1,[0.01351633],0.12829973266640227,57.43085736608438,0.9999998705727885,0.05555555555555555,7.3684210777282715,4,1,6.0902289705403305
best_model.pt,61154489,20260207,5.952381,6.1,[0.02376262],0.20058252631516163,29.675324007818467,0.9999998397827454,0.10638297872340426,5.952381134033203,5,1,3.8648072904528923
best_model.pt,61159718,20260207,3.7037036,13.8,[0.50305502],0.20950851580194652,17.677973373737657,0.9999997425079966,0.0057503607503607505,3.7037036418914795,5,70,0.2810125456089786
best_model.pt,61185226,20260207,280.89886,3.0,[3.16974885],14.456208621044304,19.431017680954312,0.9999999999999998,0.16359022241375182,280.8988647460937,23,3,5.477005893651437
best_model.pt,61185244,20260207,445.26294,1.3,[301.1073522],156.57850929343016,2.8437040218271097,0.9999999999999997,0.9320388349514563,445.26293945312483,96,1,1.1874647124104272
best_model.pt,61185698,20260207,7.10406,52.0,[0.42989981],0.0,0.0,0.0,0.0,0.0,0,72,-1.0
best_model.pt,61185812,20260207,498.57053,3.59,[18.21317164],35.135682236499996,5.832219621877854,0.411013107400228,0.009705513900935658,204.91902120000006,117,72,0.6245737496702334
best_model.pt,61186486,20260207,21.234762,54.68,[0.00626022],0.022362162400000003,7.386254101521883,0.007778753709198813,4.529970283394941e-06,0.16518,1,72,-0.8649185431547495
best_model.pt,61188825,20260207,23.364487,52.0,[0.04949184],0.0,0.0,0.0,0.0,0.0,0,72,-1.0
best_model.pt,61190600,20260207,992.44653,6.1,[135.64135158],94.05977607269996,10.430508646025205,0.9885583607547342,0.004349338900487126,981.0913180000002,150,72,0.7099194769009562
best_model.pt,61191979,20260207,346.15384,6.0,[20.44772052],8.252267243899999,9.21182852438082,0.21960894669017775,0.0011490075828311122,76.01848000000003,14,72,0.53530475406347
best_model.pt,61194572,20260207,309.09613,3.13,[146.59471069],44.514593963686984,6.94370308487004,0.9999999999999997,0.7909090909090909,309.09613037109364,87,1,1.2184354092620624
best_model.pt,61218808,20260207,804.4937,4.0,[159.73761264],66.04882604219533,12.180287666046736,0.9999999999999996,0.6099865047233468,804.4937133789059,452,1,2.045071916511684
best_model.pt,61218812,20260207,1560.8154,4.0,[64.79945808],243.02146148336496,6.422541506161581,1.0000000000000007,0.2835749654184436,1560.815429687501,1058,6,0.6056353765403952
best_model.pt,61218892,20260207,119.60393,4.0,[0.659047],3.3028513627,7.477185562061151,0.2064818479879026,0.0021337126600284493,24.69604,9,37,0.8692963905152877
best_model.pt,61245888,20260207,128.20512,3.76,[7.24486577],17.3961493928,5.989981147962929,0.8127804079044979,0.00249125417710944,104.20261289999992,81,72,0.5930800965839694
best_model.pt,61261395,20260207,4.0444894,16.0,[0.02561279],0.1805756915255149,22.397627011158505,0.9999997642040809,0.006669463087248323,4.04448938369751,6,64,0.3998516881974066
best_model.pt,61275566,20260207,729.8732,1.8,[380.58487023],177.303918229962,4.116509286147411,1.0000000000000004,0.9248554913294798,729.8732299804691,160,1,1.286949663998705
best_model.pt,61280560,20260207,1000.0,30.15,[0.82787198],0.0,0.0,0.0,0.0,0.0,0,72,-1.0
best_model.pt,61292982,20260207,9.42855,2.24,[0.6256064],0.9040398070789382,10.429340902215772,0.9999998988525018,1.0,9.428549766540527,6,1,3.655955740095142
best_model.pt,61325277,20260207,159.26295,2.64,[114.76722372],34.60113813218373,4.602824031413985,1.0000000000000002,0.9574468085106383,159.2629547119141,45,1,0.7434938820129539
best_model.pt,61327659,20260207,1111.1111,41.78,[0.21576263],0.0,0.0,0.0,0.0,0.0,0,72,-1.0
best_model.pt,61328223,20260207,1666.6666,48.86,[9.83047035],0.0,0.0,0.0,0.0,0.0,0,72,-1.0
best_model.pt,61329740,20260207,25.423729,10.0,[2.32288295],0.6216682095,14.369410393004191,0.3513654251859261,4.55736584254301e-05,8.93302,2,67,0.4369410393004191
best_model.pt,61361730,20260207,372.34042,1.5,[75.30825034],107.56669388500468,3.4614842817476057,0.9999999999999997,0.8594789356984479,372.34042358398426,73,2,1.3076561878317372
best_model.pt,61380657,20260207,27.35469,7.1,[9.9622359],0.0,0.0,0.0,0.0,0.0,0,72,-1.0
best_model.pt,61390918,20260207,14.285714,1.45,[3.18052317],0.9088088146823645,15.719145984870396,0.9999999332428018,0.2830188679245283,14.2857141494751,15,1,9.840789977890516
best_model.pt,61390940,20260207,58.39817,10.0,[12.34167209],0.34152418779999993,18.64448136612664,0.10903697750499225,8.300621827110769e-05,6.36756,6,67,0.8644481366126641
best_model.pt,61400136,20260207,267.85715,2.25,[0.58971715],23.115684788199996,7.206642343487743,0.6219228485442242,0.008357237600609878,166.58647999999994,168,60,2.202952152661219
best_model.pt,61404169,20260207,8.77193,1.68,[1.3943859],2.2282977519914375,3.9366039823278904,0.9999998912811388,0.6,8.771929740905762,13,2,1.3432167293062496
best_model.pt,61404245,20260207,8.77193,1.51,[0.97563598],0.29605176252799786,29.629616241382642,0.9999998912811389,0.5,8.771929740905763,5,1,18.622262535440477
best_model.pt,61423925,20260207,1000.0,20.04,[2.84351546],14.3436269125,29.20670088178433,0.41893005000000005,0.0017685951024650768,418.93005000000005,334,72,0.4574201370996179
best_model.pt,61443196,20260207,27.777779,25.0,[0.57550635],0.0,0.0,0.0,0.0,0.0,0,72,-1.0
best_model.pt,61444303,20260207,1000.0,1.05,[76.79421765],496.02929665000005,1.863845045806842,0.924521749,0.10794731009057822,924.521749,243,69,0.7750906004283408
best_model.pt,61445437,20260207,67.55288,5.6,[23.47298129],7.249879637849264,9.317791934507794,1.0,0.2549019607843137,67.5528793334961,13,1,0.6638914452122942
best_model.pt,61446523,20260207,280.89886,3.0,[5.33627008],15.269504994600002,15.766780541894452,0.8570734175718947,0.008764766038326762,240.75095,44,57,4.2555935139648176
best_model.pt,61451829,20260207,72.63998,19.25,[3.41585649],1.0644262132,18.1612230129706,0.26612481075913025,0.0005139704557297216,19.3313,7,72,-0.05655984348204683
best_model.pt,61462330,20260207,7.4626865,5.1,[0.03346303],0.48556554478429104,15.369029474655271,0.9999998722076572,0.11764705882352941,7.462686538696287,4,1,2.013535247460468
best_model.pt,61467151,20260207,5.65243,19.25,[1.0123632],0.0,0.0,0.0,0.0,0.0,0,69,-1.0
best_model.pt,61470571,20260207,1162.7906,20.6,[3.15781578],0.0,0.0,0.0,0.0,0.0,0,70,-1.0
best_model.pt,61471905,20260207,1000.0,28.73,[7.4822761],0.0,0.0,0.0,0.0,0.0,0,38,-1.0
best_model.pt,61515335,20260207,4.78288,2.04,[2.04869914],0.7506827514375443,6.3713645329975765,0.9999998006067139,0.2,4.782879829406738,7,1,2.1232179667347486
best_model.pt,61521770,20260207,101.2775,3.79,[31.79619869],4.3681055656,1.049174266051931,0.04525097050888898,0.04864864864864865,4.582905,5,37,-0.7231730140865323
best_model.pt,61524679,20260207,2.69648,52.0,[0.10336592],0.0,0.0,0.0,0.0,0.0,0,72,-1.0
best_model.pt,61524837,20260207,1000.0,18.9,[2.18527217],0.17373787140000002,18.624852826113152,0.00323586091,0.00010533016657550625,3.23586091,6,72,-0.014558031638654495
best_model.pt,61547249,20260207,70.0,8.7,[1.84017278],0.21143162480000002,58.22677560591869,0.175872,7.907684583585487e-05,12.31104,4,72,5.692732974994965
best_model.pt,61552681,20260207,1.5432099,3.88,[0.129875],0.011312452499999999,6.554144280890385,0.048049169252593456,0.0024154589371980675,0.07415000000000001,1,9,0.6892123937049917
best_model.pt,61583194,20260207,2182.0693,300.0,[6.36434422],0.8457256664999999,382.53691507550445,0.14826369844063766,5.094045040392299e-06,323.52167,2,72,0.2751230502516815
best_model.pt,61590141,20260207,28.44717,21.41,[1.57075175],0.0967229686,18.023702141601333,0.06128285756817639,3.3828191448233205e-05,1.743324,7,72,-0.15816430312679744
best_model.pt,61593737,20260207,118.54912,22.0,[7.48677359],0.007424391800000001,17.021324046496776,0.0010661403651710884,3.2749089575309808e-06,0.12639,1,72,-0.22630345243196473
best_model.pt,61619011,20260207,162.85718,1.46,[52.40848591],38.659517865169654,4.21260229084489,0.9999999999999994,0.8958333333333334,162.85717773437491,43,1,1.8853439594368169
best_model.pt,61622102,20260207,100000.0,60.0,[0.67162681],0.0,0.0,0.0,0.0,0.0,0,72,-1.0
best_model.pt,61627716,20260207,498.57053,3.59,[13.35597685],20.920051715499998,7.539678783081411,0.3163654274281593,0.0071742222771971065,157.7304776,70,57,1.1001891262791335
best_model.pt,61630077,20260207,1000.0,30.15,[0.45239703],0.0,0.0,0.0,0.0,0.0,0,72,-1.0
best_model.pt,61642024,20260207,20.98801,12.13,[2.52966783],0.9585839098784005,21.89478489616172,0.999999909121998,0.009213209456538874,20.988010406494148,41,66,0.805011103841269
best_model.pt,61652353,20260207,1000.0,2.76,[53.63802462],176.8719798916096,5.653806753104767,0.9999999999999998,0.677099121144281,999.9999999999998,2362,2,1.0484807147248558
best_model.pt,61663854,20260207,141.18399,3.6,[47.95950821],19.27731637624696,7.323840123754932,1.0000000000000002,0.6842105263157895,141.18399047851565,26,1,1.0344000882695676
best_model.pt,61697828,20260207,82.35294,1.9,[5.53978306],19.219714923941577,4.28481584984432,1.0,0.5946271050521251,82.35294342041016,41,2,1.2551662650587758
best_model.pt,61702785,20260207,0.86820626,52.0,[0.03723818],0.0,0.0,0.0,0.0,0.0,0,72,-1.0
best_model.pt,61709401,20260207,15.873015,8.1,[1.63250317],0.44584836929999994,15.031466816970108,0.4222114971151276,0.052083333333333336,6.70177,17,72,0.8557365566744186
best_model.pt,61709841,20260207,197.8022,3.6,[0.35349137],11.08153931463648,17.849702721933525,1.0000000000000002,0.06576755759045222,197.80220031738284,52,3,3.958250887441438
best_model.pt,61736578,20260207,1000.0,23.79,[13.92317817],0.0,0.0,0.0,0.0,0.0,0,60,-1.0
best_model.pt,61768085,20260207,40.322582,2.3,[2.80241079],4.002726852276634,10.073775618279605,1.0,0.5666666666666667,40.32258224487305,17,1,3.3799025335346227
best_model.pt,61777401,20260207,4432.507,300.0,[11.88119253],0.0,0.0,0.0,0.0,0.0,0,72,-1.0
best_model.pt,61795733,20260207,47.71691,13.34,[2.91329373],1.9145976789999999,17.036515462883592,0.6835750491905555,2.5892090809445327e-05,32.618089999999995,9,53,0.277100095053492
best_model.pt,61798105,20260207,45.454544,8.0,[10.37459172],0.0054360985,21.728500964255105,0.0025990800793176294,0.0015432098765432098,0.11814,1,72,1.716062620531888
best_model.pt,61810671,20260207,83.333336,10.0,[0.00288387],0.7383502415999998,55.10195921366214,0.4882151851008549,0.005,40.684599999999996,4,8,4.510195921366214
best_model.pt,61831943,20260207,104.30993,5.6,[47.09096277],11.518452689804697,9.05589688539275,1.0000000000000002,0.11754734627075052,104.30992889404298,22,2,0.6171244713595996
best_model.pt,61834352,20260207,139.53488,8.1,[21.14228361],0.5550096055,9.594213060492589,0.03816171224896819,0.0007855459544383346,5.32489,2,67,0.18447069242628117
best_model.pt,61861065,20260207,125.0,2.8,[12.37815026],4.255020490131517,29.37705491967713,0.9999999999999999,0.18340611353711792,124.99999999999999,42,1,9.4918055071305
best_model.pt,61869045,20260207,593.0689,13.49,[10.80561223],0.0,0.0,0.0,0.0,0.0,0,52,-1.0
best_model.pt,61879187,20260207,66.1471,54.0,[1.52916709],0.0,0.0,0.0,0.0,0.0,0,72,-1.0
best_model.pt,61880373,20260207,461.19568,1.01,[559.35460365],110.39039083450736,4.177860691013247,1.000000000000001,0.7685185185185185,461.195678710938,415,1,3.136495772734599
best_model.pt,61887714,20260207,555.55554,11.1,[0.16076585],0.24651325299999996,43.05402170802676,0.01910417446641051,0.045454545454545456,10.61343,1,22,2.878740561117537
best_model.pt,61894872,20260207,59.701492,5.1,[0.68480181],5.296766951178256,11.271305985056383,1.0,0.014973958333333334,59.70149230957031,14,64,1.2100600383968887
best_model.pt,61914746,20260207,20.833334,11.0,[0.31862877],0.9034047476346155,23.060882691596838,0.9999999084472766,0.015221091575362097,20.833333969116207,53,63,1.096443881054258
best_model.pt,61915131,20260207,1000.0,20.52,[0.75510794],0.3445309687,27.395599995014337,0.009438659999999998,0.0013550135501355014,9.438659999999999,4,72,0.33506819609496186
best_model.pt,61917856,20260207,183.66035,3.5,[39.25839503],25.644427431082132,7.161803395534203,1.0000000000000002,0.5058823529411764,183.66035461425787,43,1,1.0462295415812009
best_model.pt,61921752,20260207,50.0,2.83,[5.91152992],1.8244887786000001,4.14647979327408,0.1513042,0.0055601752460536745,7.5652099999999995,11,71,0.4651872456038852
best_model.pt,61927008,20260207,347.65363,1.0,[307.94050248],234.67797427305157,1.4814071285717405,1.0,0.9591836734693877,347.65362548828125,47,1,0.4814071285717405
best_model.pt,61939692,20260207,1000.0,1.29,[9.94276591],302.0780643236999,2.5590439479696667,0.7730310448809998,0.02042113632755412,773.0310448809998,116,71,0.9837550570883075
best_model.pt,61944621,20260207,147.54099,7.1,[9.7872004],0.0,0.0,0.0,0.0,0.0,0,64,-1.0
best_model.pt,61946302,20260207,17.54386,10.0,[0.02846645],0.0,0.0,0.0,0.0,0.0,0,48,-1.0
best_model.pt,61947448,20260207,142.85715,25.0,[0.00273055],0.0,0.0,0.0,0.0,0.0,0,69,-1.0
best_model.pt,61974075,20260207,127.96638,1.28,[79.44295027],62.34146602638265,2.0526686868652924,1.0,0.9015151515151515,127.96637725830078,32,3,0.6036474474578233
best_model.pt,61981383,20260207,103.8961,4.0,[30.1628578],15.897925069277619,6.535198519135794,0.9999999999999999,0.6785714285714286,103.89610290527342,19,1,0.6337996297839485
best_model.pt,61991620,20260207,42.08653,1.92,[10.99126112],9.039205235004701,4.6559982905461705,1.0,0.8695652173913043,42.08652877807617,20,1,1.4249991638624189
best_model.pt,61992618,20260207,83.12442,4.0,[9.78810965],0.0955262298,7.908111661791327,0.00908806339329934,0.005847953216374269,0.75544,1,57,0.9770279154478319
best_model.pt,62027377,20260207,2104.1538,13.5,[184.01624811],0.5197686154,12.318688531018736,0.0030429714661777403,5.045612335513038e-06,6.40288,3,72,-0.08750455325787138
best_model.pt,62034028,20260207,313.8476,2.57,[108.55843841],50.08261237855765,6.266597807957331,1.0000000000000004,0.7282931660614065,313.84759521484386,204,2,1.438364969157881
best_model.pt,62054606,20260207,13.043478,6.2,[1.09900612],0.5990545678846401,21.773402521144313,0.9999999268849731,0.008044427920810485,13.043478012084961,11,2,2.5118392243507235
best_model.pt,62086487,20260207,49.43966,8.0,[0.50637483],4.382269803598877,11.281744404761733,0.9999999999999999,0.00034581394028398635,49.43965911865234,6,70,0.41021805059521665
best_model.pt,62095724,20260207,12.5,10.5,[0.24413514],0.0,0.0,0.0,0.0,0.0,0,66,-1.0
best_model.pt,62097829,20260207,17.93105,1.97,[1.81956412],0.2839815889779927,63.14136867142018,0.999999893628733,0.6486486486486487,17.93104934692382,24,1,31.0514557129039
best_model.pt,62098540,20260207,25.641026,13.15,[0.84536939],1.1033853364218653,23.238483835465374,0.9999999256134079,0.003939962476547843,25.641025543212873,42,65,0.7671851338093539
best_model.pt,62103297,20260207,2.3364487,2.96,[0.5465647],0.42012293019879277,5.561332029641924,0.9999995918275716,0.75,2.3364486694335938,3,1,0.8788283641791587
best_model.pt,62103431,20260207,2.3364487,3.01,[0.22434496],0.5292859323,2.7424444312130998,0.621258847459841,0.04125874125874126,1.45154,7,22,-0.08888889039796265
best_model.pt,62108188,20260207,46.08295,52.0,[0.10987819],0.0,0.0,0.0,0.0,0.0,0,72,-1.0
best_model.pt,62110322,20260207,50.68065,1.96,[13.03026842],6.7449007355787804,7.513919518853013,1.0000000000000004,0.6865671641791045,50.68064880371096,46,1,2.833632332965074
best_model.pt,62110977,20260207,118.0,9.1,[6.7544558],2.524997321803937,46.73270432738232,0.9999999999999998,0.03877221324717286,117.99999999999997,24,1,4.135461798720781
best_model.pt,62112393,20260207,11.67876,9.0,[0.27654225],0.0,0.0,0.0,0.0,0.0,0,35,-1.0
best_model.pt,62112636,20260207,118.0,8.1,[1.75843028],0.8760550166,16.618549184221195,0.12337949152542373,0.024646423566267534,14.55878,27,72,1.0516726421691596
best_model.pt,62112649,20260207,170.8441,9.0,[18.03429044],0.5080517316000001,12.910293739280819,0.03839237037418772,2.338196782641227e-05,6.5591099999999996,1,33,0.43447708214231323
best_model.pt,62123023,20260207,237.29794,2.34,[220.1115175],42.15157347161148,5.629634149847746,1.0000000000000002,0.9117647058823529,237.29794311523443,62,1,1.4058266480091897
best_model.pt,62141016,20260207,133.9019,12.42,[19.18791515],0.1675201823,555.2486480988739,0.6946571268598166,1.905197378448407e-05,93.01591,1,72,43.70601003929759
best_model.pt,62141274,20260207,284.49023,3000.0,[0.7589703],0.0,0.0,0.0,0.0,0.0,0,39,-1.0
best_model.pt,62141661,20260207,4.4334974,2.7,[0.67545908],0.905676955565129,4.895225064993008,0.9999997848935007,0.875,4.433497428894043,4,2,0.8130462883482312
best_model.pt,62141774,20260207,3.8860104,2.03,[0.03898693],0.741021106001579,5.244122107732652,0.9999997545878724,0.8,3.8860104084014893,4,1,1.5833114195279727
best_model.pt,62145179,20260207,10.638298,10.0,[0.0263948],0.7781058663887989,13.67202693383289,0.9999999103546237,0.00888133030990174,10.638298034667969,14,63,0.3672026933832891
best_model.pt,62145770,20260207,1.3192612,2.27,[0.7477691],0.15227908080132302,8.663386480577634,0.9999992771153795,0.4166666666666667,1.3192611932754517,5,1,2.8164698473000085
best_model.pt,62150859,20260207,1.2315271,5.6,[0.01364581],0.014077193406723528,87.47763683119125,0.9999992256170526,0.4,1.2315270900726318,2,1,14.621006843022599
best_model.pt,62161066,20260207,25.07478,1.94,[27.25342166],0.8610366392268094,29.121583503613824,0.9999999239335887,0.6153846153846154,25.074779510498043,16,1,14.01112507457235
best_model.pt,62164374,20260207,8.30901,2.51,[5.17059842],1.832797317498831,4.5335100281743115,0.9999998852240812,0.7631578947368421,8.309009552001955,29,1,0.8061793009559282
best_model.pt,62171512,20260207,62.5,15.0,[1.50660852],0.0,0.0,0.0,0.0,0.0,0,68,-1.0
best_model.pt,62187452,20260207,3.25476,380.0,[0.0138395],0.0,0.0,0.0,0.0,0.0,0,50,-1.0
best_model.pt,62204387,20260207,89.88764,7.0,[4.12175644],0.0,0.0,0.0,0.0,0.0,0,31,-1.0
best_model.pt,62210221,20260207,41.666668,12.0,[7.52485234],0.0,0.0,0.0,0.0,0.0,0,67,-1.0
best_model.pt,62243266,20260207,1.325791,26.0,[0.0029904],0.0,0.0,0.0,0.0,0.0,0,44,-1.0
best_model.pt,62243688,20260207,1032.1405,5.5,[297.12176938],77.01850307889997,9.3323635481634,0.6963825932223537,0.0075332000735226536,718.7646800000002,151,72,0.6967933723933455
best_model.pt,62254595,20260207,6.25,6.78,[0.00105222],0.028519190399999998,8.948748112144441,0.04083519376904392,5.73921028466483e-05,0.25522,1,72,0.31987431197991006
best_model.pt,62256963,20260207,29.98952,9.0,[0.21673148],0.0,0.0,0.0,0.0,0.0,0,33,-1.0
best_model.pt,62259395,20260207,359.21542,2.06,[279.3308606],78.4504188519924,4.578884654303883,1.0000000000000009,0.7197115384615385,359.21542358398466,198,2,1.2227596026656347
best_model.pt,62269771,20260207,313.48004,1.5,[218.52118401],148.35867298511684,2.1129876203622198,1.0000000000000004,0.9795918367346939,313.48004150390636,48,1,0.4086584135748132
best_model.pt,62285840,20260207,23.809525,1.19,[0.69471401],3.9564957397668308,6.017829939507542,0.9999999198913664,0.8571428571428571,23.809524536132816,12,1,4.056999706003107
best_model.pt,62297437,20260207,6.289308,58.0,[0.03608242],0.0,0.0,0.0,0.0,0.0,0,60,-1.0
best_model.pt,62326550,20260207,40.322582,2.3,[0.35312561],6.2828223556804454,6.4179079948852085,1.0,0.425,40.32258224487305,17,1,1.7903948382354795
best_model.pt,62326559,20260207,40.322582,2.3,[0.83335756],5.796040083135152,6.956917949080865,0.9999999999999998,0.7,40.32258224487304,18,4,2.024746997092192
best_model.pt,62326943,20260207,120.62792,2.1,[65.14375741],26.5415539819789,4.544870190914173,1.0,0.7361111111111112,120.62792205810547,53,1,1.1642239987193606
best_model.pt,62336447,20260207,1.325791,26.0,[0.01377285],0.0,0.0,0.0,0.0,0.0,0,71,-1.0
best_model.pt,62338437,20260207,151.51515,52.0,[0.86979619],0.0,0.0,0.0,0.0,0.0,0,72,-1.0
best_model.pt,62367731,20260207,72.79249,15.0,[2.27697173],3.4583019291686083,21.04861534372415,1.0000000000000002,0.00083596167345287,72.79248809814455,29,68,0.4032410229149434
best_model.pt,62370833,20260207,248.92276,8.02,[32.92933788],0.8062564335999999,11.22891972552227,0.036370318245084625,0.00010218858757853923,9.0534,4,72,0.40011459907739017
best_model.pt,62371800,20260207,264.70587,1.58,[27.1001748],31.056082066700004,2.741468163166104,0.32163722886523016,0.046194968066549984,85.13926300000001,95,69,0.7351063852553267
best_model.pt,62382189,20260207,100.0,13.32,[1.44001173],1.0823617773,13.517990739203519,0.1463137,1.7164299830027762e-06,14.63137,3,52,0.014864192861523419
best_model.pt,62390621,20260207,27.777779,2.99,[6.15675128],5.0725530142061706,5.476093216098628,0.999999931335456,0.32371794871794873,27.777778625488278,18,2,0.8314692972014636
best_model.pt,62408382,20260207,15.62024,6.06,[5.83438722],1.1916730736338272,13.107812410364263,0.9999999389462488,0.64,15.620240211486816,64,1,1.1630053686687165
best_model.pt,62425774,20260207,14.70207,2.61,[0.51299161],0.24866822249999998,4.432313693344177,0.07496766855262169,0.016282051282051284,1.10218,5,65,0.6982045484647219
best_model.pt,62428947,20260207,32.35294,10.1,[0.14758722],0.6721190898891799,48.13565327447255,1.0,0.05617594455622625,32.35293960571289,34,71,3.765906084794422
best_model.pt,62435576,20260207,363.63635,104.43,[0.34070406],0.0,0.0,0.0,0.0,0.0,0,70,-1.0
best_model.pt,62440154,20260207,11.111111,6.81,[0.0114356],0.5048246037587016,22.00980022512248,0.9999999141693159,0.058333333333333334,11.111110687255863,42,1,2.231982439068722
best_model.pt,62450179,20260207,139.06444,11.0,[9.14298519],9.649198007684182,14.412018837570491,0.9999999999999998,0.00047591700182941365,139.0644378662109,25,69,0.31018353068822646
best_model.pt,62456302,20260207,10.454783,9.0,[1.32208081],0.0,0.0,0.0,0.0,0.0,0,72,-1.0
best_model.pt,62462575,20260207,51.30043,10.0,[1.30229656],2.9874693931679372,17.171862327128263,1.0,0.006891126401440001,51.30043029785156,31,65,0.7171862327128263
best_model.pt,62463469,20260207,223.48889,10.0,[25.21536314],0.0884171232,10.062869101930904,0.003981137467835468,1.754139769856862e-05,0.88974,1,56,0.0062869101930903785
best_model.pt,62465463,20260207,469.2045,4.78,[106.12060784],24.768094889209895,18.943906725402446,1.0000000000000009,0.33066666666666666,469.204498291016,372,1,2.963160228849025
best_model.pt,62469263,20260207,1466.2635,7.6,[182.21347497],130.91957038177452,11.199727697923157,1.0000000000000002,0.14266622118275976,1466.263549804688,427,1,0.47364839979752893
best_model.pt,62474596,20260207,1000.0,2.77,[0.77718894],52.263466525600016,5.364918654558427,0.2803892518800001,0.009000522734731963,280.3892518800001,585,66,0.9367937514439842
best_model.pt,62497963,20260207,479.75705,1.0,[508.48123968],259.54029259122234,1.8484877354580151,1.0000000000000002,0.9322033898305084,479.757049560547,55,1,0.8484877354580151
best_model.pt,62516634,20260207,17.80691,12.0,[1.00203383],0.7411139044102913,24.027191269788688,0.999999892887173,0.025900949985159724,17.80690956115723,25,67,1.0022659391490574
best_model.pt,62522391,20260207,551.49756,4.91,[104.57649073],30.325720661725992,18.18580163550711,1.0,0.4418103448275862,551.49755859375,410,1,2.7038293687712063
best_model.pt,62524259,20260207,100.0,6.5,[2.40409449],0.7688739668999999,84.10970935981972,0.6466985,0.00035915146697839713,64.66985,24,72,11.93995528612611
best_model.pt,62527634,20260207,156.86275,7.1,[7.12149866],0.0,0.0,0.0,0.0,0.0,0,70,-1.0
best_model.pt,62529276,20260207,107.15096,6.71,[4.97309853],6.460360698474927,16.58590769846285,1.0,0.1092436974789916,107.15096282958984,39,1,1.4718193150775598
best_model.pt,62537183,20260207,1000.0,19.0,[5.247884],0.0,0.0,0.0,0.0,0.0,0,72,-1.0
best_model.pt,62537340,20260207,1000.0,2.56,[23.62377015],157.03561911189993,5.354178000799237,0.8407966625450009,0.018590117880679023,840.7966625450008,1656,66,1.0914758283103296
best_model.pt,62543564,20260207,1000.0,32.62,[0.41211493],0.2864389318,60.11197493240012,0.01721847,0.0002042483660130719,17.21847,1,72,0.8427951226461579
best_model.pt,62552000,20260207,28.349,1.04,[43.49290032],11.43877715053069,2.478324219398459,0.9999999327190218,0.9111111111111111,28.349000930786122,41,1,1.383004144521974
best_model.pt,62552558,20260207,118.0,11.0,[2.24942648],0.0,0.0,0.0,0.0,0.0,0,61,-1.0
best_model.pt,62559786,20260207,10.454783,7.8,[0.65944658],0.0,0.0,0.0,0.0,0.0,0,72,-1.0
best_model.pt,62621349,20260207,1.25,3.15,[0.62550347],0.1067829360620667,11.705880548114042,0.9999992370611289,0.16666666666666666,1.25,5,1,2.7161524424489296
best_model.pt,62626344,20260207,999.45734,4.41,[231.98193968],69.3157399539966,14.418908644273147,0.9999999999999984,0.48808545603944126,999.4573364257797,594,1,2.269593910016686
best_model.pt,62630587,20260207,7.25892,1.96,[1.43548457],0.08530466289735165,85.09306353381449,0.999999868620378,0.5,7.258920192718506,4,1,42.41482748860727
best_model.pt,62632452,20260207,1000.0,300.0,[0.63365205],0.0,0.0,0.0,0.0,0.0,0,72,-1.0
best_model.pt,62637401,20260207,70.21919,10.5,[10.5406565],0.0,0.0,0.0,0.0,0.0,0,72,-1.0
best_model.pt,62640299,20260207,179.92026,5.5,[68.36117962],18.57458335314084,9.68636789646041,0.9999999999999997,0.16237179487179487,179.92025756835932,33,2,0.7611577993564382
best_model.pt,62644097,20260207,48.88049,9.4,[6.69323527],0.0,0.0,0.0,0.0,0.0,0,72,-1.0
best_model.pt,62658588,20260207,4.5454545,2.01,[0.20176533],0.31609449692553676,14.380003974484,0.9999997615814209,0.5,4.545454502105713,1,1,6.154230867020926
best_model.pt,62665519,20260207,354.54544,2.61,[25.2807954],8.006623337299999,5.630488967739222,0.1271521357440708,0.016495060060262242,45.08121,81,72,1.1572755532744956
best_model.pt,62676303,20260207,416.91595,2.04,[56.35796926],92.59879872877067,4.502390482501113,0.9999999999999999,0.7186555773603714,416.9159545898437,122,3,1.207054199359583
best_model.pt,62681129,20260207,48.53815,48.0,[2.19345565],0.0,0.0,0.0,0.0,0.0,0,72,-1.0
best_model.pt,62693338,20260207,49.58663,1.83,[5.14698801],9.966469461093483,4.975345280806851,0.9999999999999999,0.8758496732026144,49.58663177490234,52,4,1.718767849251362
best_model.pt,62694436,20260207,89.88764,7.1,[18.69888068],7.856691647,9.485152766979558,0.8290564578089525,0.0004887585532746823,74.52193,1,62,0.33593702737809034
best_model.pt,62695450,20260207,4.347826,2.44,[0.35930569],0.22187920388737675,19.595375918417737,0.9999997806549512,1.0,4.34782600402832,5,5,7.030891581510834
best_model.pt,62699077,20260207,44.67285,60.0,[1.05807238],0.35026927343843084,127.5382324739368,1.0,3.846153846153846e-05,44.6728515625,1,50,1.1256372078989467
best_model.pt,62708257,20260207,392.89093,1.85,[310.13680744],82.15160514650584,4.782510636190301,0.9999999999999986,0.9754601226993865,392.8909301757807,159,1,1.5851408511112108
best_model.pt,62715156,20260207,100.03554,1.47,[80.51573298],20.191754905203382,4.954276299167598,0.9999999999999996,0.972972972972973,100.03553771972652,36,1,2.3702559202338795
best_model.pt,62719226,20260207,1000.0,1.5,[0.90980265],9.1728499808,44.463563275332874,0.40785764,0.006312265952108122,407.85764,163,72,28.64237551688858
best_model.pt,62719771,20260207,19.46678,160.0,[0.1335987],0.0,0.0,0.0,0.0,0.0,0,65,-1.0
best_model.pt,62730483,20260207,83.333336,16.0,[0.24135613],0.0,0.0,0.0,0.0,0.0,0,66,-1.0
best_model.pt,62733626,20260207,33.333332,36.0,[0.08459706],0.0,0.0,0.0,0.0,0.0,0,48,-1.0
best_model.pt,62746245,20260207,272.72726,7.1,[2.05442776],9.182838880000002,15.07845196142089,0.5076977188270381,0.058851904772275136,138.46301,46,72,1.1237256568950917
best_model.pt,62750176,20260207,147.54099,7.1,[13.39176013],0.0,0.0,0.0,0.0,0.0,0,51,-1.0
best_model.pt,62753184,20260207,165.83096,21.6,[9.96630457],0.283793842,32.197308223100116,0.055100867939688054,0.0012283848015630012,9.137429999999998,3,71,0.49061609511459264
best_model.pt,62758884,20260207,83.333336,26.4,[0.25335121],0.43247491060000004,55.931878301477816,0.2902702711416543,0.0002681702470579484,24.18919,10,72,1.1186317844572615
best_model.pt,62759058,20260207,1000.0,31.5,[32.57488371],2.7947701711000006,34.68575209391675,0.09693874000000001,4.043716223073292e-05,96.93874000000001,28,72,0.10113498710846816
best_model.pt,62759116,20260207,1000.0,30.0,[20.77571469],1.2892623716,67.56518638383072,0.08710931999999999,0.0013046111380108072,87.10932,6,72,1.252172879461024
best_model.pt,62766768,20260207,34.31616,50.63,[0.94746069],0.0,0.0,0.0,0.0,0.0,0,72,-1.0
best_model.pt,62781570,20260207,1.325791,26.0,[0.00870549],0.0,0.0,0.0,0.0,0.0,0,72,-1.0
best_model.pt,62782340,20260207,292.40778,25.0,[8.83302436],0.026531186,14.878532812938971,0.0013500324976428823,2.033512282414186e-06,0.39476,1,72,-0.40485868748244114
best_model.pt,62785644,20260207,316.29636,10.0,[28.86067281],0.8710124023,9.931951996555403,0.02735049939841181,4.591648443338055e-05,8.6508633,4,72,-0.0068048003444596715
best_model.pt,62789285,20260207,245.01463,1.42,[284.54943744],56.673599386256996,4.323258651450095,1.0000000000000002,0.5238095238095238,245.014633178711,22,1,2.0445484381041825
best_model.pt,62789760,20260207,87.7193,10.5,[14.18595288],6.468109972630409,13.561811120369988,0.9999999999999997,0.002384743267950243,87.71929931640622,44,7,0.29160105908285605
best_model.pt,62805482,20260207,23.43981,9.5,[2.59619095],0.0,0.0,0.0,0.0,0.0,0,64,-1.0
best_model.pt,62805489,20260207,153.19595,9.0,[2.05449683],0.0,0.0,0.0,0.0,0.0,0,65,-1.0
best_model.pt,62824285,20260207,288.62402,10.0,[43.15919169],1.0656155605999997,11.03564868903559,0.04074425219336087,1.414347137361394e-05,11.75977,6,72,0.10356486890355895
best_model.pt,62835645,20260207,40.17131,2.0,[8.48461084],3.8598003940552115,10.407610735276624,1.0000000000000002,0.3125,40.171310424804695,30,1,4.203805367638312
best_model.pt,62841880,20260207,197.99367,11.0,[38.8738951],0.0,0.0,0.0,0.0,0.0,0,36,-1.0
best_model.pt,62854671,20260207,363.63635,57.4,[2.28416232],0.0,0.0,0.0,0.0,0.0,0,70,-1.0
best_model.pt,62859145,20260207,41.666668,1.85,[27.63385167],11.189543353453983,3.723714444670017,1.0,1.0,41.66666793823242,17,1,1.0128185928003688
best_model.pt,62859279,20260207,41.48365,1.48,[13.25956638],2.50450024671189,16.563637275877817,1.0,0.746031746031746,41.48365020751953,47,1,10.191646663793309
best_model.pt,62860871,20260207,55.555557,2.59,[20.89862782],2.8019119413574973,19.827724277564634,1.0000000000000004,0.4298245614035088,55.555557250976584,49,1,6.6554922527570675
best_model.pt,62863090,20260207,5.1546392,1.96,[0.87851707],0.9430228773724242,5.4660750037868775,0.9999998149872193,0.42857142857142855,5.15463924407959,3,1,1.7888137231643249
best_model.pt,62863416,20260207,2.3607178,25.0,[0.09575567],0.0,0.0,0.0,0.0,0.0,0,72,-1.0
best_model.pt,62863799,20260207,26.574802,65.54,[0.30854337],0.0,0.0,0.0,0.0,0.0,0,72,-1.0
best_model.pt,62864009,20260207,1.0332358,52.0,[0.00049049],0.0,0.0,0.0,0.0,0.0,0,72,-1.0
best_model.pt,62867831,20260207,23.83482,2.71,[5.4080505],2.0600519436093077,11.570003512599763,0.9999999199763834,0.4444444444444444,23.834819793701172,40,1,3.2693739297919087
best_model.pt,62868116,20260207,1000.0,16.0,[12.59870214],0.0,0.0,0.0,0.0,0.0,0,66,-1.0
best_model.pt,62868895,20260207,1083.0702,81.2,[9.66944146],0.0,0.0,0.0,0.0,0.0,0,72,-1.0
best_model.pt,62875385,20260207,15.73437,6.34,[10.74649324],0.34404270048851987,45.733638515359026,0.9999999393891051,0.5,15.734370231628416,14,1,6.213507478653807
best_model.pt,62885425,20260207,587.5,6.1,[12.84312122],6.577076118300001,8.41740168227031,0.09423302127659573,0.0036458333333333334,55.36189999999999,7,64,0.37990193669967426
best_model.pt,62888101,20260207,70.0,8.5,[1.91086751],0.17031881250000003,33.108009674447,0.08055642857142857,4.208754208754209e-05,5.6389499999999995,1,72,2.895059961699647
best_model.pt,62896186,20260207,3.8860104,1.84,[0.09456513],0.7396968233550392,5.253510671122101,0.9999997545878724,1.0,3.8860104084014893,2,2,1.8551687912068269
best_model.pt,62896511,20260207,1000.0,1.0,[572.33676567],414.10228829942776,2.414862283644423,0.9999999999999997,0.9908675799086758,999.9999999999997,217,1,1.414862283644423
best_model.pt,62904543,20260207,1000.0,299.26,[0.00491375],0.0,0.0,0.0,0.0,0.0,0,67,-1.0
best_model.pt,62905440,20260207,2570.3447,5.1,[306.99450721],227.96843387259983,8.305839669115445,0.7366596589568233,0.009539425063450924,1893.4692696710003,494,68,0.6285960440059738
best_model.pt,62905524,20260207,9.39662,6.92,[0.77811271],0.6612543005,7.49171113827616,0.5272037503242593,0.0006741570899290517,4.953933699999999,8,21,0.08261720457789336
best_model.pt,62926061,20260207,694.69086,4.04,[113.74578877],90.23860751076961,7.698377317627695,1.0000000000000007,0.360310421286031,694.6908569335942,325,1,0.9055389579995636
best_model.pt,62932631,20260207,405.36728,5.0,[151.14995015],47.32391616572268,8.565801466374536,1.0,0.2694659280936455,405.3672790527344,197,2,0.7131602932749072
best_model.pt,62941923,20260207,1000000.0,41.96,[1.279914],0.3664886468,13.504201396174341,4.949150000000001e-06,0.014935064935064935,4.94915,2,70,-0.6781648786743757
best_model.pt,62951533,20260207,4.6296296,3.3,[0.49170268],0.04492106359999999,47.76361164316593,0.4634581462985163,0.0001651670769317828,2.14564,2,72,13.473821919191376
best_model.pt,62952235,20260207,114.07777,5.5,[25.50100001],4.732584106569088,24.10474695111364,1.0000000000000002,0.31313131313131315,114.07776641845705,31,1,3.3826812638388435
best_model.pt,62957523,20260207,1233.7502,4.1,[419.77348782],56.80234702050001,7.122299818556668,0.3279134937734505,0.017444391357434835,404.5633529999999,95,69,0.7371463376155737
best_model.pt,62968126,20260207,1000.0,209.58,[0.03723458],0.0,0.0,0.0,0.0,0.0,0,8,-1.0
best_model.pt,62972330,20260207,56.30614,10.0,[9.8484003],1.7004037225,13.483295903984413,0.40718578229074076,0.00035842293906810036,22.92706003,4,72,0.34832959039844125
best_model.pt,62974470,20260207,256.19916,9.0,[43.75084856],22.68946377229971,11.291546992665195,0.9999999999999998,0.034529451591062965,256.1991577148437,51,1,0.25461633251835497
best_model.pt,62987009,20260207,225.48274,23.0,[4.91495511],0.0,0.0,0.0,0.0,0.0,0,67,-1.0
best_model.pt,62988138,20260207,24.390244,15.0,[2.41365592],1.4331441763727306,17.018683056244715,0.9999999217987108,0.0012741172187841281,24.390243530273434,7,67,0.13457887041631433
best_model.pt,62991598,20260207,53.40617,7.91,[10.57429909],0.0,0.0,0.0,0.0,0.0,0,65,-1.0
best_model.pt,63002552,20260207,2532.0,23.0,[7.60530545],1.0649661336,33.21777628988043,0.013971500789889417,7.239409470384797e-05,35.375840000000004,5,42,0.4442511430382797
best_model.pt,63002557,20260207,2000.0,21.0,[0.91061155],0.0,0.0,0.0,0.0,0.0,0,42,-1.0
best_model.pt,63007107,20260207,10.31706,3.0,[1.37206292],0.4089294475592481,25.22937710351407,0.9999999075633771,0.38095238095238093,10.317060470581055,16,1,7.4097923678380235
best_model.pt,63008487,20260207,1052.6316,17.0,[37.05166661],4.6398867141,31.066708050274457,0.13693873347838464,0.00022188447679105753,144.14603700000004,49,72,0.8274534147220268
best_model.pt,63014188,20260207,392.33176,5.5,[58.82476268],48.88935109990001,7.697169707445756,0.9591618156761466,0.009723011090122108,376.3096399999999,467,71,0.3994854013537738
best_model.pt,63014342,20260207,16.37466,3.71,[10.03253652],1.270819077629893,12.885113148733419,0.9999998835182927,0.7857142857142857,16.37466049194336,11,1,2.4730762847024454
best_model.pt,63017961,20260207,35.714287,1.45,[5.08196768],7.209373672166397,4.953867488963113,1.0,0.3888888888888889,35.71428680419922,7,1,2.416460224864548
best_model.pt,63018312,20260207,969.3103,280.0,[2.37302296],0.0,0.0,0.0,0.0,0.0,0,44,-1.0
best_model.pt,63024133,20260207,1000.0,77.59,[0.1270932],0.0,0.0,0.0,0.0,0.0,0,69,-1.0
best_model.pt,63024390,20260207,1000.0,84.69,[2.79260861],0.0,0.0,0.0,0.0,0.0,0,59,-1.0
best_model.pt,63029536,20260207,1000.0,14.88,[0.01331602],2.6055361587,16.52437381529484,0.04305487,0.018612183930811384,43.05487,18,72,0.11050898442252505
best_model.pt,63031140,20260207,9.95539,12.0,[0.61510919],0.23745850924667689,41.92457909175429,0.9999999042052369,0.0033421409697921875,9.955389976501465,14,67,2.4937149243128576
best_model.pt,63031379,20260207,10.454783,8.0,[0.31799325],0.6954034502811948,15.034104880129425,0.9999999087810633,0.007575757575757576,10.45478343963623,3,66,0.8792631100161781
best_model.pt,63038827,20260207,0.20634724,26.0,[0.00219234],0.0,0.0,0.0,0.0,0.0,0,71,-1.0
best_model.pt,63038979,20260207,1000.0,2.25,[255.66614205],207.01904382029826,4.830473451696416,1.000000000000001,0.8434065934065934,1000.0000000000011,307,1,1.1468770896428515
best_model.pt,63039945,20260207,13.69863,12.0,[0.06251371],0.6577016727061276,20.827998579637143,0.9999999303817807,0.013860028860028859,13.698630332946777,18,70,0.7356665483030952
best_model.pt,63041128,20260207,86.78676,10.0,[5.56073192],0.0,0.0,0.0,0.0,0.0,0,67,-1.0
best_model.pt,63049514,20260207,6.7385445,1.35,[3.23683603],1.2570547766685127,5.360577143179775,0.9999998584747514,0.5238095238095238,6.738544464111329,11,1,2.9707978137100577
best_model.pt,63049540,20260207,42.857143,2.7,[1.63084326],12.274163603500002,3.476519288965066,0.9956652873394612,0.019154729809449843,42.67137,44,25,0.2875997139138989
best_model.pt,63049739,20260207,2000.0,2.71,[182.55048794],314.53492561858036,6.358594326871981,1.0,0.42904953145917,2000.0,641,1,1.3463447370354364
best_model.pt,63050276,20260207,4.5454545,2.32,[0.00255852],0.07373571671746172,61.64438429666744,0.9999997901916924,0.00856345715216683,4.545454502105713,7,62,25.570856064854937
best_model.pt,63051533,20260207,1000.0,84.69,[0.00175712],0.0,0.0,0.0,0.0,0.0,0,63,-1.0
best_model.pt,63052095,20260207,14.06198,2.43,[13.19428499],0.9086042403117457,15.476446341727947,0.9999999321806577,0.8571428571428571,14.061980247497559,18,1,5.368907784591556
best_model.pt,63053963,20260207,24.875622,6.0,[3.17092648],0.8212002855999999,7.011070368446097,0.2314514831362788,0.00011246063877642825,5.7575,2,72,0.16851172807434947
best_model.pt,63055893,20260207,13.28341,3.03,[3.92034767],1.0482219781,6.525081154391076,0.5149084061775908,0.03273809523809523,6.839739999999999,12,35,1.1534921504960332
best_model.pt,63056684,20260207,1319.2388,9.52,[45.98966378],3.3635505794,2.997509852903313,0.007642497501481419,0.0015365004399188044,10.082279,26,72,-0.6851355347930883
best_model.pt,63057736,20260207,312.5,46.75,[2.16635398],0.0,0.0,0.0,0.0,0.0,0,71,-1.0
best_model.pt,63064394,20260207,11.111111,6.35,[0.00838576],0.3864412651,20.037585686949235,0.6969032667690627,0.0009482373940205266,7.7433700000000005,34,72,2.1555253524226115
best_model.pt,63064523,20260207,1678.5256,391.72,[8.52577028],0.0,0.0,0.0,0.0,0.0,0,72,-1.0
best_model.pt,63064971,20260207,1006.7315,408.89,[0.31065263],0.0,0.0,0.0,0.0,0.0,0,2,-1.0
best_model.pt,63067488,20260207,6.04496,12.5,[0.86744673],0.13522381529999997,12.720520240192927,0.2845560139974105,1.5145089961834374e-05,1.72013,1,68,0.01764161921543419
best_model.pt,63075099,20260207,2516.665,16.88,[204.85770863],0.1327228625,1.4151938955212366,7.463448535446332e-05,3.307955939050174e-05,0.18783,2,72,-0.9161614949122446
best_model.pt,63077278,20260207,6.07397,52.0,[0.86941837],0.001944392,49.91281962709829,0.015986247428960813,2.4234669148296787e-06,0.09709999999999999,1,72,-0.04013808409426371
best_model.pt,63086700,20260207,233.5168,32.0,[0.06727687],10.968337252,0.4351771335215383,0.020440370891931958,0.05,4.7731699999999995,1,20,-0.9864007145774519
best_model.pt,63086847,20260207,73.6165,27.63,[0.03464871],3.39736,0.0362281194138627,0.0016719077730042568,0.125,0.12308,1,8,-0.9986888121420827
best_model.pt,63087865,20260207,1000.0,84.69,[0.0250147],0.0,0.0,0.0,0.0,0.0,0,66,-1.0
best_model.pt,63088304,20260207,2000.0,15.0,[0.05731252],0.0,0.0,0.0,0.0,0.0,0,72,-1.0
best_model.pt,63088516,20260207,1000.0,3.98,[0.22627417],2.5768988534000004,4.562350370150399,0.011756720000000002,0.017444851444851445,11.756720000000001,31,65,0.14631918298645613
best_model.pt,63089129,20260207,1000.0,3.32,[25.49643442],271.66127610651193,3.6810546230625385,0.9999999999999991,0.1066582374377863,999.9999999999991,759,17,0.10875141478303639
best_model.pt,63092554,20260207,86.40656,18.32,[1.04854549],0.0007635862,910.0085771885499,0.008052397612074932,4.126229616425695e-06,0.6957800000000001,1,66,48.6729580975728
best_model.pt,63092860,20260207,1000.0,264.8,[0.00020505],0.39184656479999996,34.229254447059915,0.013412649999999998,0.00819672131147541,13.412649999999998,1,61,-0.8707354379720676
best_model.pt,63096817,20260207,1000.0,14.61,[0.69805128],4.2525685500999995,17.663358353829548,0.075114659888,0.008246875520590082,75.11465988799999,37,72,0.20899101772099063
best_model.pt,63099873,20260207,172.39891,22.0,[5.11828394],0.0,0.0,0.0,0.0,0.0,0,67,-1.0
best_model.pt,63099926,20260207,1000.0,55.51,[2.91970346],0.0,0.0,0.0,0.0,0.0,0,72,-1.0
best_model.pt,63113659,20260207,715.3815,12.42,[102.6781202],0.5340795396,8.700712075149347,0.006495668669998063,6.411825555773284e-05,4.646881,6,72,-0.29945957957307934
best_model.pt,63115257,20260207,1000.0,9.5,[0.00125308],1.5257300699,35.753699178175204,0.054550529699999996,0.028227335340861907,54.5505297,54,72,2.7635472819131794
best_model.pt,63115262,20260207,1000.0,9.5,[0.01562451],29.6954146224,27.940203987148088,0.8296959699730002,0.025017757717770466,829.6959699730002,1495,72,1.941074103910325
best_model.pt,63116306,20260207,1000.0,24.5,[1.43716639],0.0,0.0,0.0,0.0,0.0,0,47,-1.0
best_model.pt,63117307,20260207,44.70852,22.1,[2.05071799],0.0,0.0,0.0,0.0,0.0,0,40,-1.0
best_model.pt,63118770,20260207,299.3164,5.2,[17.39955424],14.794403740616845,20.231730272205592,0.999999999999999,0.19219653179190752,299.3164062499997,133,1,2.8907175027502046
best_model.pt,63118785,20260207,70.0,9.0,[7.83276082],4.886774453733589,14.324374152800223,1.0000000000000002,0.005202871662498992,70.00000000000001,33,66,0.5915971280889136
best_model.pt,63119851,20260207,20.0,2.42,[0.57388638],2.6637985752755458,7.508072373624873,0.9999999046325773,0.09545091831583667,19.999999999999996,50,66,2.1025091474885165
best_model.pt,63120136,20260207,305.2552,25.0,[15.2970626],0.0,0.0,0.0,0.0,0.0,0,45,-1.0
best_model.pt,63120878,20260207,81.95608,55.0,[2.12275236],0.0,0.0,0.0,0.0,0.0,0,72,-1.0
best_model.pt,63121462,20260207,312.5,27.0,[5.04221405],0.0,0.0,0.0,0.0,0.0,0,71,-1.0
best_model.pt,63125663,20260207,470.4109,20.0,[5.02379553],2.4698864987,86.56057416077806,0.45448539808169286,0.00346588952120302,213.79488,86,72,3.328028708038903
best_model.pt,63129337,20260207,1848.9863,6.1,[501.9724986],71.4094781996,10.427555982009896,0.40272138883530995,0.004718030955498516,744.6263420000001,160,72,0.7094354336121905
best_model.pt,63129888,20260207,2000.0,12.0,[0.38690969],4.0733980508,48.98774402198817,0.099773315,0.019229249812862646,199.54663,45,72,3.0823120018323475
best_model.pt,63131421,20260207,1000.0,23.0,[1.06018116],0.0,0.0,0.0,0.0,0.0,0,72,-1.0
best_model.pt,63135763,20260207,84.18721,2.1,[35.57837618],21.51094331215263,3.9136919728552395,1.0000000000000002,0.6,84.18721008300783,24,1,0.8636629288514222
best_model.pt,63135951,20260207,6.385696,52.0,[0.08681836],0.0,0.0,0.0,0.0,0.0,0,72,-1.0
best_model.pt,63136165,20260207,6.385696,52.0,[0.07321894],0.0,0.0,0.0,0.0,0.0,0,72,-1.0
best_model.pt,63136956,20260207,1000.0,1.2,[205.14129167],267.8941929034741,3.7328169955050017,1.0000000000000007,0.5202024380221316,1000.0000000000006,762,3,2.1106807059801556
best_model.pt,63138541,20260207,887.55536,1.17,[184.9532755],216.08735462078704,4.107391459055539,0.9999999999999987,0.9152777777777779,887.5553588867176,222,2,2.510591119413475
best_model.pt,63139989,20260207,582.36536,2.31,[317.78170929],72.65429060996864,8.015567195557217,1.0000000000000002,0.4596026490066225,582.3653564453126,347,1,2.469942594852349
best_model.pt,63140913,20260207,199.83508,11.5,[8.4024508],1.5862437944999999,14.872893567122123,0.1180575985202642,1.7967514733362083e-05,23.59205,1,72,0.2932950927932281
best_model.pt,63140934,20260207,114.94253,11.5,[0.09721536],6.5404336753,17.494453454617165,0.9954655793542795,0.01685749918897484,114.42132999999998,76,72,0.5212568221406231
best_model.pt,63151168,20260207,746.9214,400.0,[3.42018205],0.0,0.0,0.0,0.0,0.0,0,50,-1.0
best_model.pt,63151343,20260207,342.4094,30.0,[23.72371624],4.3224539317,3.531140787311576,0.04457587089849211,0.0010446515940613014,15.263196910641945,22,72,-0.8822953070896141
best_model.pt,63152431,20260207,1000.0,43.2,[13.09409854],0.0,0.0,0.0,0.0,0.0,0,72,-1.0
best_model.pt,63152697,20260207,1785.3398,17.0,[48.95267063],0.0,0.0,0.0,0.0,0.0,0,72,-1.0
best_model.pt,63153776,20260207,131.89886,8.5,[21.56700081],0.0,0.0,0.0,0.0,0.0,0,72,-1.0
best_model.pt,63154710,20260207,1000.0,23.61,[0.0218983],0.0,0.0,0.0,0.0,0.0,0,72,-1.0
best_model.pt,63155109,20260207,107.97988,3.79,[18.77440435],11.334054084200002,2.3149071365089386,0.24298308802874047,0.060000000000000005,26.237285,5,45,-0.3892065541401426
best_model.pt,63155864,20260207,1000.0,9.0,[0.00150998],6.4942620259999995,31.391386395011097,0.20386391999999998,0.005484282289373003,203.86391999999998,222,72,2.4879318216678996
best_model.pt,63156076,20260207,1000.0,9.0,[1.92386922],30.491754163,18.9567914668422,0.5780258440830001,0.062186503353858176,578.025844083,1163,72,1.1063101629824668
best_model.pt,63156284,20260207,714.2857,50.0,[0.3744654],0.0,0.0,0.0,0.0,0.0,0,72,-1.0
best_model.pt,63158529,20260207,1000.0,7.66,[0.00066175],0.0,0.0,0.0,0.0,0.0,0,72,-1.0
best_model.pt,63161144,20260207,60.1006,32.0,[3.02640526],1.9255623014,11.054276940427778,0.354168004584192,0.00014598152861262445,21.28571,17,72,-0.654553845611632
best_model.pt,63163299,20260207,309.5489,3.72,[99.73915944],42.820854494430634,7.228928184314687,0.9999999999999992,0.9885057471264368,309.548889160156,172,1,0.9432602496552595
best_model.pt,63169453,20260207,1000.0,3.98,[0.05765783],2.2535533506,5.1932494980136825,0.01170327,0.06237614237614237,11.70327,38,27,0.3048365510366584
best_model.pt,63170448,20260207,2.7777777,24.94,[0.09449389],0.0,0.0,0.0,0.0,0.0,0,72,-1.0
best_model.pt,63178103,20260207,24.0051,8.5,[0.85853041],2.2071509136067906,10.876052573570478,0.9999999205440319,0.0026320012839030653,24.00510025024414,8,62,0.27953559689064444
best_model.pt,63183978,20260207,1000.0,31.5,[10.74647708],0.24127086239999998,47.42268694818183,0.01144176,6.752236627807984e-06,11.44176,3,72,0.5054821253391056
best_model.pt,63195753,20260207,72.20216,4.15,[10.5710417],0.5799150506999999,1.1294876201639164,0.009071861097615073,0.010606060606060605,0.655008,2,55,-0.7278343146486328
best_model.pt,63196191,20260207,2000.0,25.0,[0.43260526],0.0,0.0,0.0,0.0,0.0,0,72,-1.0
best_model.pt,63196383,20260207,1000.0,8.0,[1.43074065],46.651235725199996,20.3219725295704,0.9480451512000001,0.051974679870873106,948.0451512000001,911,72,1.5402465661962998
best_model.pt,63196659,20260207,131.08508,4.15,[41.06715455],25.332948868190808,5.174489496480189,1.0000000000000002,0.9791666666666666,131.08508300781253,47,1,0.24686491025780355
best_model.pt,63201724,20260207,38.30118,1.53,[55.16257477],10.381880376881211,3.6892332326685504,1.0,0.8,38.30118179321289,16,1,1.4112635958531734
best_model.pt,63203969,20260207,10.3092785,12.13,[1.16821312],0.5630138367344452,18.31084691826996,0.9999999074936011,0.00484236705434862,10.30927848815918,8,63,0.5095504324415188
best_model.pt,63204129,20260207,11.47175,3.76,[0.40058355],1.0628658602357934,10.793214737031546,0.9999999168675906,0.5333333333333333,11.471750259399412,8,1,1.8705358415976354
best_model.pt,63204861,20260207,111.72721,3.6,[60.63759106],17.38969610950156,6.424908398058783,0.9999999999999997,0.8461538461538461,111.72721099853511,33,1,0.7846968245168708
best_model.pt,63204884,20260207,184.27386,3.4,[78.66949549],11.921184939602105,15.457678932256,1.0000000000000007,0.6,184.2738647460939,96,1,3.546376029023469
best_model.pt,63205388,20260207,51.54639,14.5,[0.08118717],1.2582263439999997,18.124459072318498,0.44241099646351695,0.0014482546176667623,22.80469,3,72,0.24996269464265503
best_model.pt,63209471,20260207,17.54386,10.0,[0.20770012],0.0,0.0,0.0,0.0,0.0,0,49,-1.0
best_model.pt,63212211,20260207,46.08295,52.0,[0.33735622],0.0,0.0,0.0,0.0,0.0,0,72,-1.0
best_model.pt,63212433,20260207,59.58013,95.0,[1.05898437],0.016181608899999998,100.00427063401378,0.027162242821911913,4.07691307388702e-05,1.61833,3,72,0.05267653298961872
best_model.pt,63213666,20260207,0.20634724,26.0,[0.01491928],0.0,0.0,0.0,0.0,0.0,0,43,-1.0
best_model.pt,63215668,20260207,1000.0,158.41,[0.00331338],0.0,0.0,0.0,0.0,0.0,0,72,-1.0
best_model.pt,63219307,20260207,33.47138,1.09,[8.01462572],9.150637383202064,3.6578189329238304,1.0,0.8017543859649123,33.471378326416016,27,2,2.3557970834055215
best_model.pt,63221312,20260207,1000.0,79.06,[0.48195348],0.0,0.0,0.0,0.0,0.0,0,72,-1.0
best_model.pt,63224395,20260207,45.167118,14.0,[0.36357228],2.222597712179822,20.321760210241436,1.0000000000000002,0.0025539036059593115,45.16711807250977,40,69,0.45155430073153113
best_model.pt,63224447,20260207,142.85715,1500.0,[0.00557609],0.0,0.0,0.0,0.0,0.0,0,68,-1.0
best_model.pt,63225492,20260207,135.48969,4.48,[8.77292026],18.372606560399998,6.787092120160934,0.920340024010491,0.009458749343142408,124.69658000000003,54,33,0.5149759132288084
best_model.pt,63226351,20260207,1000.0,10.01,[0.3985613],41.680469241,12.170988023090718,0.5072925041,0.020116652085068784,507.29250410000003,207,72,0.21588289158813284
best_model.pt,63231083,20260207,5.645161,7.02,[0.1406971],0.09114190138834236,61.937474733583926,0.9999998310634312,0.047619047619047616,5.645161151885986,3,1,7.82300212277341
best_model.pt,63231247,20260207,1000.0,379.36,[0.03227676],0.0,0.0,0.0,0.0,0.0,0,72,-1.0
best_model.pt,63231700,20260207,1000.0,24.0,[1.53214602],0.0,0.0,0.0,0.0,0.0,0,72,-1.0
best_model.pt,63233770,20260207,1000.0,84.69,[0.00051463],0.0,0.0,0.0,0.0,0.0,0,56,-1.0
best_model.pt,63234573,20260207,229.51535,15.4,[1.81013693],14.3250875922828,16.021914898693275,0.9999999999999999,0.0027169706204880325,229.51535034179685,91,66,0.040384110101838774
best_model.pt,63236174,20260207,23.10231,7.91,[1.85090054],0.163757295,17.367914095588258,0.12311062153280168,0.00012703252032520327,2.8441400000000003,1,64,1.1956908256161933
best_model.pt,63245295,20260207,1000.0,84.69,[0.00049781],0.0,0.0,0.0,0.0,0.0,0,32,-1.0
best_model.pt,63246122,20260207,1000.0,84.69,[1.19784293],0.0,0.0,0.0,0.0,0.0,0,72,-1.0
best_model.pt,63246165,20260207,1000.0,84.69,[0.63296089],0.0,0.0,0.0,0.0,0.0,0,72,-1.0
best_model.pt,63252365,20260207,45.90532,2.5,[16.15391367],5.87528441814449,7.8132917716812536,1.0000000000000002,0.6125,45.9053192138672,49,1,2.1253167086725013
best_model.pt,63259521,20260207,6.334727,3.86,[9.43334828],14.721459737510475,0.4303055874281793,0.9999998494529913,0.7222222222222223,6.334726810455322,12,6,-0.8885218655122537
best_model.pt,63273998,20260207,11.750881,13.0,[0.55210189],0.6323477464925591,18.582912135505644,0.9999999188423214,0.005571671423447028,11.75088119506836,5,67,0.42945477965428036
best_model.pt,63274135,20260207,5.00167,10.0,[1.41366295],0.0,0.0,0.0,0.0,0.0,0,60,-1.0
best_model.pt,63276032,20260207,2662.67,1.0,[2759.05372617],4800.606353095754,0.5546528345535515,1.0000000000000002,0.40347711160311633,2662.6699218750005,687,7,-0.4453471654464485
best_model.pt,63277194,20260207,72.20216,4.15,[6.39427636],6.7083737486,3.0416010978304753,0.2825981792710279,0.041666666666666664,20.4042,3,40,-0.26708408965441754
best_model.pt,63281072,20260207,277.77777,34.1,[0.17046463],0.0,0.0,0.0,0.0,0.0,0,72,-1.0
best_model.pt,63287123,20260207,307.8781,3.79,[94.91276854],40.24484204680001,1.1788753664371017,0.1540988206781145,0.11360079669938825,47.443654094,132,32,-0.6889510875190828
best_model.pt,63298743,20260207,6.849315,28.08,[0.37649119],0.0,0.0,0.0,0.0,0.0,0,72,-1.0
best_model.pt,63299682,20260207,97.50139,69.3,[0.5243416],0.0,0.0,0.0,0.0,0.0,0,72,-1.0
best_model.pt,63302969,20260207,1000.0,20.0,[4.72516865],0.0,0.0,0.0,0.0,0.0,0,72,-1.0
best_model.pt,63304451,20260207,884.46204,28.53,[3.32370453],0.0,0.0,0.0,0.0,0.0,0,72,-1.0
best_model.pt,63305006,20260207,1000.0,12.0,[8.84303314],20.762855705800003,17.46612862278707,0.36264672579999996,0.006925967600980786,362.64672579999996,260,72,0.4555107185655893
best_model.pt,63311767,20260207,1000.0,12.0,[0.9559277],0.2899234645,1.569374287832823,0.000455,0.0006706908115358819,0.455,1,71,-0.8692188093472648
best_model.pt,63316232,20260207,126.52847,36.0,[2.61081075],0.0,0.0,0.0,0.0,0.0,0,72,-1.0
best_model.pt,63317909,20260207,114.94253,11.5,[1.47361244],7.296497799927096,15.753107198776561,0.9999999999999999,0.010730315041909244,114.94252777099608,107,69,0.3698354085892662
best_model.pt,63320611,20260207,1000.0,84.69,[0.00477691],0.0,0.0,0.0,0.0,0.0,0,56,-1.0
best_model.pt,63322976,20260207,94.94436,3.45,[34.85537668],6.413653141486648,14.8034734538517,1.0000000000000002,0.5234375,94.94435882568361,67,1,3.2908618113760766
best_model.pt,63324168,20260207,50.0,3.0,[0.93465186],2.6938344360652633,18.56089623389625,1.0000000000000002,0.8214285714285714,50.000000000000014,23,1,5.18696541129875
best_model.pt,63333258,20260207,41.273586,3.44,[0.26368119],5.9378734980103065,6.950902429315998,0.9999999999999998,0.6896551724137931,41.27358627319335,20,1,1.0206111377022387
best_model.pt,63333434,20260207,1000.0,22.2,[0.70472657],0.0,0.0,0.0,0.0,0.0,0,72,-1.0
best_model.pt,63333682,20260207,273.87567,3.79,[46.25782226],16.6825008573,0.9733776287814015,0.05929104260257949,0.043597142054492326,16.2383741,35,29,-0.7431721270241142
best_model.pt,63334016,20260207,133.70215,3.79,[45.66501717],19.432950458700002,1.1502562216298218,0.16718409974129178,0.11951756785675928,22.35287332,57,41,-0.6965023131379051
best_model.pt,63335323,20260207,15.898252,13.0,[0.17145281],0.9022912217695886,17.619847705578596,0.9999999400138904,0.013770433546552949,15.8982515335083,10,67,0.3553729004291228
best_model.pt,63336283,20260207,1000.0,12.0,[0.15396235],0.0,0.0,0.0,0.0,0.0,0,61,-1.0
best_model.pt,63336654,20260207,370.37036,22.0,[5.14975026],0.0,0.0,0.0,0.0,0.0,0,71,-1.0
best_model.pt,63338096,20260207,44.41921,1.97,[64.86024678],6.100843212431288,7.280829829435938,1.0,0.5,44.41920852661133,6,1,2.6958526516227135
best_model.pt,63339310,20260207,12.987013,1.94,[5.34169872],2.015854614805351,6.442432070916543,0.9999999265670824,0.30160440613026823,12.98701286315918,22,4,2.3208411757198384
best_model.pt,63339821,20260207,10.85282,2.0,[2.3370996],1.739039503004328,6.240694439073873,0.9999999121265996,0.7777777777777778,10.85282039642334,7,1,2.1203472195369364
best_model.pt,63339996,20260207,162.68001,2.0,[55.14468534],36.7276489838922,4.429360658956333,1.0,1.0,162.6800079345703,167,2,1.2146803294781665
best_model.pt,63342003,20260207,98.41694,64.62,[1.1094299],1.6469891905,52.46457285909377,0.8779854150852079,0.0010545934062740157,86.40863684769998,156,58,-0.18810630409840398
best_model.pt,63344858,20260207,179.59184,8.8,[1.17298565],0.9537330506000001,16.221566159105944,0.08614567216192112,0.04391534391534392,15.47106,23,72,0.843359750853747
best_model.pt,63346965,20260207,139.99414,12.0,[22.41877932],0.0,0.0,0.0,0.0,0.0,0,72,-1.0
best_model.pt,63350356,20260207,7.17026,1.0,[22.22256703],5.652150042281863,1.268589586319763,0.9999998669958696,1.0,7.170259952545166,4,1,0.26858958631976293
best_model.pt,63352392,20260207,72.20216,4.15,[1.33522696],13.37204548748721,5.399484945243922,1.0,1.0,72.20216369628906,28,1,0.30108067979836134
best_model.pt,63352636,20260207,507.4561,4.15,[0.10496697],96.07803161755854,5.281707705496238,0.9999999999999993,0.9746835443037974,507.4560852050778,154,1,0.2727006226800117
best_model.pt,63354033,20260207,4.67689,2.06,[2.13933016],0.7867333009618099,5.944687921545002,0.9999997960879681,0.26666666666666666,4.676889896392822,8,1,1.8857709158592906
best_model.pt,63355127,20260207,1.6891892,1.9,[0.2513405],0.30748975207547347,5.493463410627465,0.9999994354251256,0.2777777777777778,1.6891891956329346,5,1,1.8912965681901825
best_model.pt,63355311,20260207,1.6891892,1.9,[0.41941804],0.008318328622707875,203.0439320574786,0.999999463558197,1.0,1.6891891956329346,1,1,105.86522873965484
best_model.pt,63359739,20260207,1000.0,3.32,[7.14293803],121.0724300027494,8.259518634570851,1.0000000000000022,0.41960678696471854,1000.0000000000022,1558,1,1.4878068676656255
best_model.pt,63359921,20260207,1000.0,86.31,[0.41712417],0.0,0.0,0.0,0.0,0.0,0,72,-1.0
best_model.pt,63360454,20260207,1000.0,22.01,[0.06193176],0.43643112219999997,21.625012275505693,0.00943785,0.0010009212018140588,9.43785,7,72,-0.017491501561683605
best_model.pt,63363585,20260207,2928.898,300.0,[2.84519895],0.0,0.0,0.0,0.0,0.0,0,72,-1.0
best_model.pt,63370394,20260207,159.52762,8.3,[8.54062092],0.6540486651,52.20465940423581,0.21403466271671143,1.465072116581712e-05,34.14444,2,65,5.289717855971968
best_model.pt,63371100,20260207,1.325791,26.0,[0.02368018],0.0,0.0,0.0,0.0,0.0,0,72,-1.0
best_model.pt,63372853,20260207,209.44122,2.5,[75.19263141],43.5854139655909,4.805305245111867,1.0,0.8636363636363636,209.44122314453125,57,1,0.922122098044747
best_model.pt,63372872,20260207,4.0774717,52.0,[0.0248076],0.0,0.0,0.0,0.0,0.0,0,72,-1.0
best_model.pt,63373937,20260207,40.68809,1.15,[50.05249314],11.534146039994324,3.5276203031738187,1.0000000000000002,0.9411764705882353,40.68809127807618,16,1,2.0674959793988017
best_model.pt,63374999,20260207,500.0,10.0,[0.42459713],0.011497859200000002,33.82857318576437,0.0007779800000000001,1.564064064064064e-05,0.38899,1,72,2.382857318576437
best_model.pt,63375302,20260207,1000.0,393.19,[0.02455357],0.0,0.0,0.0,0.0,0.0,0,72,-1.0
best_model.pt,63375453,20260207,1000.0,386.54,[0.85224364],0.0,0.0,0.0,0.0,0.0,0,72,-1.0
best_model.pt,63377282,20260207,1000.0,28.0,[0.01349138],0.0,0.0,0.0,0.0,0.0,0,25,-1.0
best_model.pt,63377702,20260207,23.809525,25.93,[0.00267095],0.0,0.0,0.0,0.0,0.0,0,72,-1.0
best_model.pt,63378800,20260207,376.11768,28.6,[27.49861712],0.0,0.0,0.0,0.0,0.0,0,72,-1.0
best_model.pt,63378942,20260207,12.07632,5.6,[2.83567334],0.696533489054131,17.33771964532331,0.9999999210293976,0.05263157894736842,12.076319694519043,7,1,2.096021417961236
best_model.pt,63379069,20260207,1000.0,116.0,[0.0457643],0.0,0.0,0.0,0.0,0.0,0,72,-1.0
best_model.pt,63380156,20260207,34.70317,2.0,[19.27245353],7.197827752729529,4.821338763193999,1.0,0.75,34.70317077636719,17,2,1.4106693815969993
best_model.pt,63380247,20260207,6.73505,5.45,[1.33741146],0.07319810260000001,30.88535131850099,0.3356737681630389,0.000992063492063492,2.2607799999999996,2,72,4.667037137505054
best_model.pt,63381071,20260207,1000.0,19.41,[20.43495715],1.1333137863999998,19.688686910085487,0.022313480000000004,0.00021804893021149508,22.313480000000002,63,72,0.014357911636487416
best_model.pt,63382374,20260207,1000.0,83.45,[0.10441107],0.0,0.0,0.0,0.0,0.0,0,72,-1.0
best_model.pt,63383639,20260207,1000.0,23.0,[10.40442665],0.0,0.0,0.0,0.0,0.0,0,72,-1.0
best_model.pt,63385982,20260207,166.66667,44.0,[5.19807291],0.22811484199999998,63.3617545948431,0.0867229173534266,9.137924710978079e-06,14.453820000000002,3,72,0.44003987715552495
best_model.pt,63386669,20260207,1000.0,8.55,[0.0704291],0.023041387599999998,51.1852339468502,0.00117943,4.1115716071311094e-06,1.17943,1,72,4.986576936257458
best_model.pt,63387460,20260207,1000.0,20.0,[1.33588566],0.0,0.0,0.0,0.0,0.0,0,57,-1.0
best_model.pt,63392724,20260207,1000.0,12.0,[0.5881268],0.0,0.0,0.0,0.0,0.0,0,72,-1.0
best_model.pt,63393176,20260207,10.416667,9.38,[0.00764137],0.0,0.0,0.0,0.0,0.0,0,72,-1.0
best_model.pt,63395435,20260207,166.66667,34.0,[0.50343341],0.034234354,75.59729045010022,0.015528599526104752,2.1941372652273127e-05,2.5881000000000003,1,72,1.2234497191205946
best_model.pt,63396395,20260207,35.40957,45.67,[1.54909442],0.0,0.0,0.0,0.0,0.0,0,72,-1.0
best_model.pt,63400025,20260207,37.5,12.3,[0.17373209],0.0,0.0,0.0,0.0,0.0,0,72,-1.0
best_model.pt,63400463,20260207,37.936268,175.0,[0.10201452],0.0,0.0,0.0,0.0,0.0,0,28,-1.0
best_model.pt,63400580,20260207,62.5,12.3,[2.78376478],0.0,0.0,0.0,0.0,0.0,0,66,-1.0
best_model.pt,63400626,20260207,10.53743,3.2,[3.91767969],0.8010470509432668,13.154553958607176,0.9999999094965046,1.0,10.537429809570312,4,1,3.1107980508090782
best_model.pt,63400716,20260207,72.289154,20.0,[0.38408235],0.0,0.0,0.0,0.0,0.0,0,72,-1.0
best_model.pt,63400779,20260207,2.2580645,3.08,[0.02336092],0.312310373478922,7.230170593164479,0.999999577658694,0.5833333333333334,2.2580645084381104,7,1,1.3474580429419851
best_model.pt,63402273,20260207,1.693767,48.0,[0.01482089],0.0,0.0,0.0,0.0,0.0,0,72,-1.0
best_model.pt,63402334,20260207,7.22587,2.4,[1.55752638],0.4772389310669764,15.140958796744528,0.999999868019467,0.16594202898550725,7.225870132446288,15,2,5.308732581290377
best_model.pt,63403274,20260207,10.10101,9.3,[0.21543627],0.0166392155,133.162337951693,0.21936912447678264,2.5513458349279244e-05,2.21585,1,67,13.318530668887098
best_model.pt,63403381,20260207,11.363636,9.8,[2.17685475],0.5172671510527328,21.968559235125298,0.9999999160766645,0.00642791551882461,11.363636016845701,28,66,1.2416896742405026
best_model.pt,63405128,20260207,1000.0,86.31,[0.6356252],0.0,0.0,0.0,0.0,0.0,0,72,-1.0
best_model.pt,63406536,20260207,19.62989,98.0,[0.19507662],0.28411460670342775,69.09120787012967,0.9999999028344833,0.02077922077922078,19.62989044189453,2,55,-0.29498767479459526
best_model.pt,63406884,20260207,988.05615,23.0,[31.67529457],0.0,0.0,0.0,0.0,0.0,0,66,-1.0
best_model.pt,63407342,20260207,402.3843,1.91,[101.78377592],120.66421193495708,3.3347443958237157,0.9999999999999988,0.7764001884962748,402.3843078613276,1306,2,0.7459395047647822
best_model.pt,63407584,20260207,8.733624,1.18,[10.17999456],3.0352231830512015,2.877423192356549,0.9999998908043027,1.0,8.733624458312988,7,1,1.4384943392039555
best_model.pt,63411075,20260207,850.27783,260.5,[1.42007869],0.0,0.0,0.0,0.0,0.0,0,72,-1.0
best_model.pt,63412723,20260207,1017.58417,1.26,[1235.29383744],301.34518834711037,3.376805747870578,1.000000000000001,0.9035714285714286,1017.5841674804699,253,1,1.680004582086582
best_model.pt,63413074,20260207,35.0,2.4,[4.07196197],1.6093002832121859,21.748569000168544,1.0,0.08547008547008547,35.0,20,1,8.061903389982538
best_model.pt,63414046,20260207,1912.793,303.8,[9.38228693],0.0,0.0,0.0,0.0,0.0,0,72,-1.0
best_model.pt,63415176,20260207,391.68222,5.0,[167.08847847],34.299374405399995,7.878203212337726,0.6898894955797363,0.009225928415905811,270.2174494999998,141,72,0.5756406424675452
best_model.pt,63417058,20260207,4.03872,17.27,[0.07157957],0.0,0.0,0.0,0.0,0.0,0,56,-1.0
best_model.pt,63417588,20260207,250.18294,52.0,[7.08517945],5.8946923486,35.750739793589275,0.8423422079532304,0.0015356326004773405,210.73964806880002,142,72,-0.31248577320020626
best_model.pt,63418375,20260207,111.04177,7.1,[8.52963425],0.0,0.0,0.0,0.0,0.0,0,69,-1.0
best_model.pt,63418435,20260207,1.7391304,17.27,[0.00217101],0.0,0.0,0.0,0.0,0.0,0,64,-1.0
best_model.pt,63419441,20260207,37.5,7.5,[0.23269522],3.634352131875404,10.318204819202368,1.0000000000000004,0.06521739130434782,37.500000000000014,105,1,0.3757606425603157
best_model.pt,63421324,20260207,1000.0,1.4,[0.86152011],153.57802764540355,6.511348067300054,1.0000000000000009,0.020823369360386906,1000.0000000000008,414,54,3.650962984419752
best_model.pt,63423264,20260207,2919.6333,6.1,[570.78607345],234.0480818755,10.086274254832245,0.8085512492504858,0.004701627486437612,2360.6731526999993,364,70,0.6534876086100183
best_model.pt,63423338,20260207,1000.0,15.5,[0.88754787],0.0,0.0,0.0,0.0,0.0,0,72,-1.0
best_model.pt,63423732,20260207,114.94253,11.5,[0.30469415],3.7076695936000004,18.549705078632957,0.5983529105695775,0.021519317388707843,68.77619604,61,72,0.613017832924605
best_model.pt,63425723,20260207,243.00836,27.5,[14.68135859],0.0,0.0,0.0,0.0,0.0,0,72,-1.0
best_model.pt,63425781,20260207,21.276596,27.5,[0.75139687],0.0,0.0,0.0,0.0,0.0,0,72,-1.0
best_model.pt,63426601,20260207,7170.8057,339.26,[20.49040156],0.0,0.0,0.0,0.0,0.0,0,72,-1.0
best_model.pt,63426622,20260207,2070.2722,414.17,[8.96231604],0.0,0.0,0.0,0.0,0.0,0,72,-1.0
best_model.pt,63427727,20260207,1000.0,86.19,[0.00437503],0.0,0.0,0.0,0.0,0.0,0,68,-1.0
best_model.pt,63428201,20260207,1000.0,3.83,[0.08209216],14.995072964399998,9.950823874176905,0.14921334000000003,0.010956592432006307,149.21334000000002,42,64,1.598126389660109
best_model.pt,63428371,20260207,52.63158,10.0,[3.92201246],3.7568730822669485,14.009407608632067,1.0,0.0027575322371301086,52.6315803527832,8,69,0.4009407608632067
best_model.pt,63428584,20260207,32.258064,8.0,[1.65197101],0.0,0.0,0.0,0.0,0.0,0,72,-1.0
best_model.pt,63430523,20260207,1000.0,321.87,[0.00623512],0.0,0.0,0.0,0.0,0.0,0,61,-1.0
best_model.pt,63437499,20260207,1000.0,23.0,[1.16521397],0.0,0.0,0.0,0.0,0.0,0,72,-1.0
best_model.pt,63449407,20260207,4.716981,3.36,[0.00020804],0.38348735343639667,12.30019345274693,0.9999997978210773,0.36363636363636365,4.716980934143066,4,1,2.6607719752313073
best_model.pt,63450741,20260207,77.27273,21.92,[0.89085351],0.0,0.0,0.0,0.0,0.0,0,51,-1.0
best_model.pt,63451974,20260207,68.71583,2.5,[35.6540986],10.528480889296311,6.526660601634684,1.0,0.6896551724137931,68.71582794189453,40,1,1.6106642406538736
best_model.pt,63454972,20260207,67.95028,5.05,[7.86490391],3.3809657441061534,20.09788453385224,0.9999999999999998,0.10723443223443223,67.95027923583983,19,2,2.9797789653009197
best_model.pt,63456215,20260207,279.74338,1.62,[19.50522382],62.362280240934155,4.4857784564482115,1.0,0.7526315789473684,279.7433776855469,107,2,1.7689990390398735
best_model.pt,63456596,20260207,351.7588,550.0,[0.17648232],0.0,0.0,0.0,0.0,0.0,0,72,-1.0
best_model.pt,63458242,20260207,51.78525,52.0,[1.80177477],0.0,0.0,0.0,0.0,0.0,0,72,-1.0
best_model.pt,63459526,20260207,1000.0,11.82,[7.65212004],30.756424266899998,16.0541062790997,0.4937669199999999,0.003823872009911423,493.7669199999999,63,72,0.3582154563108428
best_model.pt,63461105,20260207,0.8063703,33.0,[0.01475805],0.0,0.0,0.0,0.0,0.0,0,71,-1.0
best_model.pt,63461403,20260207,7.76066,25.0,[0.11287704],0.0,0.0,0.0,0.0,0.0,0,72,-1.0
best_model.pt,63461553,20260207,3.40762,2.84,[0.47569256],0.4004932198034042,8.5085371639777,0.9999997201348558,1.0,3.4076199531555176,2,1,1.995963880677233
best_model.pt,63463244,20260207,1000.0,36.49,[1.92236149],0.034005492,83.68755001250938,0.00284592,0.0005144032921810699,2.84592,1,72,1.2934378230487844
best_model.pt,63463364,20260207,117.64706,5.0,[4.04439073],0.0,0.0,0.0,0.0,0.0,0,37,-1.0
best_model.pt,63464061,20260207,346.15384,6.1,[49.9737921],23.021678222400002,8.82145733324263,0.5866893214917804,0.005016722408026756,203.08476100000001,27,69,0.4461405690421873
best_model.pt,63465917,20260207,1000.0,310.7,[0.78940957],0.0,0.0,0.0,0.0,0.0,0,72,-1.0
best_model.pt,63466342,20260207,80.63901,2.78,[8.2972548],8.745908401482321,9.220196993430102,0.9999999999999998,0.8856107660455487,80.63900756835936,79,2,2.316617657668811
best_model.pt,63467432,20260207,4.347826,2.19,[0.39063373],0.7520191228451967,5.7815288074722435,0.9999997806549512,0.45202020202020204,4.34782600402832,20,4,1.6399674230192218
best_model.pt,63468715,20260207,1000.0,86.19,[0.0005304],0.0,0.0,0.0,0.0,0.0,0,16,-1.0
best_model.pt,63471673,20260207,166.66667,5.0,[5.70884773],0.512193868,7.3480431670393065,0.022581779310858783,0.0013020833333333333,3.7636299999999996,1,64,0.4696086334078613
best_model.pt,63471771,20260207,33.333332,11.0,[2.05387755],0.0,0.0,0.0,0.0,0.0,0,72,-1.0
best_model.pt,63472525,20260207,1025.556,1.74,[871.85791609],380.0844147912511,2.69823225490174,1.0000000000000004,0.607411737001177,1025.556030273438,421,6,0.5507081839730084
best_model.pt,63473865,20260207,8.695652,1.88,[1.90251813],1.1520548627957712,7.547943019841346,0.9999998903274635,0.8,8.69565200805664,4,1,3.0148633186094185
best_model.pt,63474208,20260207,1000.0,82.0,[0.00130291],0.0,0.0,0.0,0.0,0.0,0,72,-1.0
best_model.pt,63474289,20260207,1000.0,73.77,[1.35e-05],0.8521441256999999,189.48146874320614,0.16146571,0.0015555403748089343,161.46571,14,72,1.5685438168040824
best_model.pt,63480295,20260207,1000.0,5.38,[0.09065174],27.03069503839999,25.818508025045656,0.69789224259,0.10358028978710802,697.89224259,1529,72,3.7989790847297553
best_model.pt,63481146,20260207,1000.0,327.97,[1.77890741],0.0,0.0,0.0,0.0,0.0,0,72,-1.0
best_model.pt,63483455,20260207,26154.117,96.0,[360.67545938],81.97372484339999,51.77377443901689,0.1622723168714104,0.002559343501166484,4244.089191742,1100,72,-0.46068984959357406
best_model.pt,63488641,20260207,1884.9242,20.6,[28.05685289],0.0052261528,209.63802703452632,0.0005813549442958134,5.4940225035161745e-06,1.09581,1,72,9.176603065653413
best_model.pt,63494257,20260207,83.03227,11.0,[14.87186982],0.0,0.0,0.0,0.0,0.0,0,72,-1.0
best_model.pt,63494470,20260207,58.7649,10.5,[0.40920029],0.0,0.0,0.0,0.0,0.0,0,72,-1.0
best_model.pt,63501118,20260207,1000.0,15.36,[0.4264735],2.5814274891,18.82422085491967,0.04859338,0.00363868523561742,48.593379999999996,17,72,0.22553523930167987
best_model.pt,63510498,20260207,2.93115,8.3,[0.1458486],0.0,0.0,0.0,0.0,0.0,0,72,-1.0
best_model.pt,63517708,20260207,2000.0,15.0,[0.34900787],0.0,0.0,0.0,0.0,0.0,0,72,-1.0
best_model.pt,63518080,20260207,1000.0,9.0,[3.24339803],0.0,0.0,0.0,0.0,0.0,0,51,-1.0
best_model.pt,63520550,20260207,1000.0,25.3,[0.86626977],0.0,0.0,0.0,0.0,0.0,0,72,-1.0
best_model.pt,63523189,20260207,1000.0,18.66,[0.56119186],0.0,0.0,0.0,0.0,0.0,0,51,-1.0
best_model.pt,63524267,20260207,38.46154,2.76,[0.04206534],3.129316886960914,12.290710503534205,1.0,0.2733451536643026,38.46154022216797,27,3,3.4531559949285544
best_model.pt,63529958,20260207,164.5273,5.57,[50.97008599],7.32016647464715,22.475892599924897,1.0,0.30278884462151395,164.5272979736328,76,1,3.0351691036341495
best_model.pt,63530218,20260207,83.333336,2.47,[14.20114845],14.141796291862988,5.892697664703042,0.9999999999999998,0.48099816849816845,83.33333587646483,68,2,1.3857075289260736
best_model.pt,63530858,20260207,731.0965,13.27,[20.32306481],0.0,0.0,0.0,0.0,0.0,0,48,-1.0
best_model.pt,63531248,20260207,34.41965,2.1,[22.04018501],8.308965072530896,4.142471004338807,0.9999999999999998,0.7142857142857143,34.41965103149413,15,1,0.9726053297433862
best_model.pt,63531465,20260207,12.32902,1.45,[3.69897094],0.7126018929698178,17.301388568781718,0.9999999226480063,0.5535714285714286,12.329019546508789,14,2,10.931991724013804
best_model.pt,63532364,20260207,72.20216,4.15,[9.02839086],13.780936161098046,5.239278203815282,0.9999999999999996,0.9696969696969697,72.20216369628903,32,1,0.2624766466062955
best_model.pt,63532391,20260207,238.66006,4.15,[4.77656644],46.199495553572895,5.165858559097405,0.9999999999999998,0.9801980198019802,238.66006469726557,99,1,0.2447851663579375
best_model.pt,63533300,20260207,2094.1917,3.61,[88.02355927],275.52948607017726,7.600608097010102,1.0000000000000022,0.9832677165354331,2094.1916503906295,999,1,1.1054316670024027
best_model.pt,63533681,20260207,7.47524,1.97,[11.23535403],0.11085402566195386,67.43257859463789,0.9999998724222682,0.4117647058823529,7.475240230560304,7,1,33.22973483011032
best_model.pt,63533738,20260207,74.38692,3.79,[7.22517273],1.0883033428000002,2.501693591514353,0.03660057582192979,0.016666666666666663,2.722604,3,55,-0.33992252857669913
best_model.pt,63533809,20260207,2000.0,18.0,[6.48886229],55.46125695619999,20.016555237360926,0.5550716667069,0.0015741427208832274,1110.1433334138,303,67,0.11203084652005144
best_model.pt,63533942,20260207,1000.0,1.98,[2.83604406],231.94469438500005,2.223718765561196,0.5157797717,0.15536840809650404,515.7797717,106,56,0.1230902748181561
best_model.pt,63534270,20260207,2000.0,15.0,[0.97188761],13.145089729400004,48.633895585837486,0.31964848500000004,0.01262601751154058,639.2969700000001,188,72,2.242259705722499
best_model.pt,63535088,20260207,1582.6045,2.13,[769.19870949],421.29004603796034,3.75656748436049,1.000000000000002,0.5672419900977326,1582.6044921875032,555,4,0.7636466115150952
best_model.pt,63535386,20260207,117.61521,4.62,[53.1943537],2.529004734662041,46.5065024862562,1.0,0.5106382978723404,117.6152114868164,24,1,9.06634277884366
best_model.pt,63535808,20260207,9.09778,3.82,[2.53080147],1.2520507449,5.554179392606028,0.7643753857552348,0.004782430213464696,6.95412,7,48,0.45397368839508995
best_model.pt,63536636,20260207,208.86076,5.6,[1.63272923],32.35387882078274,6.455509036528025,1.0,0.12738853503184713,208.8607635498047,20,1,0.15276949044012336
best_model.pt,63537092,20260207,714.2857,50.0,[3.20883585],0.01952145,121.50729032472871,0.003320968040539161,4.944424666745778e-06,2.3721200000000002,1,72,1.4301458064945742
best_model.pt,63537243,20260207,2.6845639,2.14,[0.84322107],0.01585980059429768,169.25777858675846,0.9999996447564587,0.4,2.6845638751983643,2,1,78.09241602319338
best_model.pt,63537321,20260207,1.8461539,2.49,[0.02720118],0.02926686936206479,63.077835714159036,0.9999994834266813,0.75,1.8461538553237915,3,1,24.33246404520877
best_model.pt,63537589,20260207,4.26584,3.12,[0.46447201],0.27028196219495726,15.782867032814908,0.9999997764393198,0.06102564102564103,4.265840053558349,13,65,4.058611414015077
best_model.pt,63537852,20260207,12.03287,2.37,[6.56013708],2.775076495922968,4.336048384357474,0.9999999207442429,0.45714285714285713,12.03287029266357,26,2,0.8295563686639595
best_model.pt,63537981,20260207,1000.0,3.26,[0.02298273],36.310664090699994,18.124156259769393,0.6581001680000002,0.1022201642319216,658.1001680000002,1038,72,4.559557151162411
best_model.pt,63538339,20260207,1011.9877,3.6,[104.41203034],146.10584555006363,6.926400926411095,1.0000000000000004,0.7818181818181819,1011.987670898438,172,1,0.9240003083050173
best_model.pt,63539511,20260207,354.54544,2.69,[14.27960343],15.625267166599999,4.49883990792947,0.19826959237270228,0.018035991058074106,70.29558,27,67,0.6724311569636399
best_model.pt,63541222,20260207,468.76926,17.6,[0.07958063],3.9398588704999997,7.316270361753212,0.06149097790579045,0.004357070012264142,28.825079999999996,23,55,-0.5843028293649247
best_model.pt,63541909,20260207,312.5,26.0,[23.84098276],0.5893533499,34.6541261695369,0.065355392,1.4499636010133405e-05,20.42356,11,72,0.3328510065206501
best_model.pt,63543019,20260207,7.11443,2.32,[3.09833648],1.1813577802251634,6.022243259036111,0.9999998659521291,1.0,7.114429950714112,16,2,1.5957945828983169
best_model.pt,63548375,20260207,1000.0,18.08,[0.18686606],0.0,0.0,0.0,0.0,0.0,0,72,-1.0
best_model.pt,63552128,20260207,86.2854,4.15,[12.18227438],16.55042653791104,5.213484678445702,1.0000000000000002,0.9512195121951219,86.28540039062503,39,1,0.2562613394311528
best_model.pt,63554448,20260207,316.3261,8.2,[39.77013989],3.5545429073,6.694143338933794,0.07522182205201279,0.0001522469688757955,23.79462642,49,72,-0.18364103723879152
best_model.pt,63557880,20260207,197.36842,25.75,[12.65917044],0.0,0.0,0.0,0.0,0.0,0,58,-1.0
best_model.pt,63558513,20260207,1000.0,30.39,[0.02848007],0.0,0.0,0.0,0.0,0.0,0,48,-1.0
best_model.pt,63559263,20260207,4.53857,4.5,[0.66466299],0.4392246547112588,10.333116653213649,0.9999997898734334,0.035395763656633224,4.538569927215576,5,3,1.2962481451585885
best_model.pt,63559570,20260207,1000.0,33.45,[5.34168307],0.0,0.0,0.0,0.0,0.0,0,72,-1.0
best_model.pt,63559834,20260207,315.59442,15.4,[9.69270179],0.0,0.0,0.0,0.0,0.0,0,67,-1.0
best_model.pt,63560316,20260207,4.5454545,2.83,[0.0950479],0.2864966126705455,15.865592944164266,0.9999997901916924,0.08461538461538462,4.545454502105713,11,1,4.606216739181859
best_model.pt,63560778,20260207,65.36903,10.0,[0.0742071],4.521665651114939,14.456844977140907,1.0,0.006652514408615721,65.36903381347656,53,64,0.4456844977140907
best_model.pt,63561739,20260207,1000.0,8.37,[0.62055523],20.70358332256576,48.30081518348759,1.0,0.044334038665545396,1000.0,1479,71,4.770706791385015
best_model.pt,63563441,20260207,32.60413,2.5,[19.8699626],5.6549653633,4.862122642928506,0.8433023723077762,0.018777943368107303,27.49514,12,61,0.9448490571714026
best_model.pt,63568994,20260207,1000.0,1.56,[9.9982732],117.98240902393599,8.47583974422224,1.0000000000000009,0.6552538370720189,1000.0000000000009,555,1,4.4332308045603845
best_model.pt,63570480,20260207,1000.0,300.0,[0.06755916],0.0,0.0,0.0,0.0,0.0,0,72,-1.0
best_model.pt,63572499,20260207,1000.0,18.54,[5.7363358],0.0,0.0,0.0,0.0,0.0,0,72,-1.0
best_model.pt,63572763,20260207,16.34594,1.35,[15.40269073],5.948866927981895,2.747739542063711,0.999999883313627,0.5,16.34593963623047,5,1,1.0353625878051003
best_model.pt,63573065,20260207,2.75494,5.0,[0.3819591],0.16240051669426475,16.9637580303231,0.9999996538313085,0.23809523809523808,2.7549400329589844,5,1,2.39275160606462
best_model.pt,63574325,20260207,1000.0,300.0,[0.19291062],0.0,0.0,0.0,0.0,0.0,0,72,-1.0
best_model.pt,63574326,20260207,1000.0,11.0,[0.20760699],0.0,0.0,0.0,0.0,0.0,0,72,-1.0
best_model.pt,63576343,20260207,1000.0,18.08,[0.07826478],0.0,0.0,0.0,0.0,0.0,0,72,-1.0
best_model.pt,63576544,20260207,0.8063703,33.0,[0.01235331],0.0,0.0,0.0,0.0,0.0,0,68,-1.0
best_model.pt,63577289,20260207,1000.0,10.01,[0.0003936],2.8322609405,38.45342425523442,0.10891017,0.06110250316530416,108.91017,38,72,2.8415008367617034
best_model.pt,63577520,20260207,151.51515,52.0,[0.13484359],0.0,0.0,0.0,0.0,0.0,0,72,-1.0
best_model.pt,63578117,20260207,23.45548,52.0,[0.40151163],0.0,0.0,0.0,0.0,0.0,0,72,-1.0
best_model.pt,63578431,20260207,57.67297,52.0,[1.76752126],0.07129305109999999,16.96985907425872,0.020977764866549023,1.944047017032403e-05,1.2098499999999999,6,72,-0.6736565562642554
best_model.pt,63580443,20260207,130.7283,3.79,[28.65344828],32.952814585700004,0.9584978704431715,0.24160952969103897,0.04397735525186506,31.585203564,37,54,-0.7470981846726623
best_model.pt,63581835,20260207,208.86076,4.7,[0.62691936],17.809046411000008,6.260341018079171,0.5338039950879241,0.0015432098765432098,111.49071000000002,61,72,0.33198750470970767
best_model.pt,63583264,20260207,41.666668,2.37,[3.14652901],11.795092343100002,3.4409299544663985,0.9740661302738609,0.25186332806287376,40.586090000000006,23,28,0.4518692492066026
best_model.pt,63585050,20260207,67.94634,20.0,[0.33539099],0.0,0.0,0.0,0.0,0.0,0,72,-1.0
best_model.pt,63585415,20260207,1000.0,229.83,[0.00054316],1.3387444594,495.3103932820705,0.66309454,0.005155979498084762,663.09454,6,72,1.1551163439756977
best_model.pt,63585819,20260207,104.166664,20.0,[1.96296555],1.4811420793,22.034353369442233,0.3133058956490697,0.00012985833158961108,32.63603,37,72,0.10171766847211164
best_model.pt,63585859,20260207,106.96745,20.0,[5.66869632],0.0,0.0,0.0,0.0,0.0,0,72,-1.0
best_model.pt,63592846,20260207,1000.0,22.0,[0.1877848],0.0,0.0,0.0,0.0,0.0,0,72,-1.0
best_model.pt,63592988,20260207,70.92199,1.65,[32.41290031],5.045290997572675,14.05706339197791,0.9999999999999998,0.9523809523809523,70.92198944091795,20,1,7.519432481876976
best_model.pt,63596498,20260207,524.1249,24.0,[1.1231734],1.1576408738000001,24.893548265841932,0.05498272467781232,7.745626567961294e-05,28.817813859999998,30,72,0.037231177743413855
best_model.pt,63596870,20260207,280.89886,3.0,[4.41667541],43.769492320937985,6.417686005328295,1.0000000000000009,0.0990545076936344,280.898864746094,148,69,1.139228668442765
best_model.pt,63597112,20260207,1707.9103,7.91,[27.67185869],53.4065386954,10.48960764346716,0.32801116903573907,0.00021447336015105494,560.2136470000002,209,65,0.3261198288011362
best_model.pt,63598203,20260207,181.81818,2.55,[70.36833089],33.79115445626947,5.380643952966617,0.9999999999999997,0.8411214953271028,181.8181762695312,90,1,1.1100564916007651
best_model.pt,63598374,20260207,5.0761423,2.43,[0.0002938],0.006233195139216375,814.2418063182814,0.9999998211860657,1.0,5.076142311096191,1,1,334.0789234359465
best_model.pt,63599572,20260207,147.05882,2.54,[26.27044761],20.590694942086095,7.1420035070916095,0.9999999999999997,0.8620689655172413,147.05882263183588,50,1,1.8118124465959613
best_model.pt,63599957,20260207,1000.0,36.05,[0.0705264],0.0,0.0,0.0,0.0,0.0,0,72,-1.0
best_model.pt,63600227,20260207,33.333332,2.5,[2.02386723],8.035329645309158,4.148346039901521,1.0,0.10763399939653413,33.33333206176758,62,4,0.6593384159606085
best_model.pt,63601569,20260207,115.99469,2.63,[66.05690356],17.079469007813138,6.791468932486985,0.9999999999999992,0.7163120567375887,115.99468994140616,101,1,1.5823074665267483
best_model.pt,63601844,20260207,1000.0,79.04,[0.00037478],0.0,0.0,0.0,0.0,0.0,0,68,-1.0
best_model.pt,63604272,20260207,70.0,8.5,[13.10762524],0.0,0.0,0.0,0.0,0.0,0,72,-1.0
best_model.pt,63610006,20260207,2000.0,18.0,[0.5292172],0.11919049010000002,28.579305428114612,0.001703205,0.000658989490710337,3.4064099999999997,8,72,0.5877391904508118
best_model.pt,63611224,20260207,1000.0,6.6,[1.23354341],0.0,0.0,0.0,0.0,0.0,0,72,-1.0
best_model.pt,63612668,20260207,2000.0,15.0,[0.43736783],0.018359388199999997,19.056241958979932,0.00017493999999999998,0.0001634869573240813,0.34987999999999997,4,72,0.27041613059866215
best_model.pt,63613810,20260207,67.22689,4.0,[9.4528637],4.453489794499999,5.2700412065486315,0.3491174409988331,0.0015411912893927282,23.470080000000003,13,72,0.3175103016371579
best_model.pt,63614842,20260207,1000.0,10.01,[0.07968113],6.0424646398,12.845923771371117,0.07762105300000002,0.00792107117688513,77.62105300000002,25,66,0.28330903872577307
best_model.pt,63615321,20260207,121.09166,2.17,[35.63907684],4.811066446749541,25.169395541879297,1.0000000000000007,0.6518218623481782,121.09165954589851,161,1,10.598799381088078
best_model.pt,63615646,20260207,81.49904,20.0,[0.30864492],0.0855919162,40.23440435132645,0.04225546773420786,0.00010808473843493298,3.4437800000000003,2,72,1.0117202175663222
best_model.pt,63616549,20260207,743.55707,2.0,[360.41571185],202.08130987744985,3.6794944799324707,1.0000000000000007,0.27269243646086827,743.5570678710943,213,6,0.8397472399662353
best_model.pt,63616775,20260207,1000.0,69.33,[0.09786664],0.2975088605,0.90101215317534,0.00026806000000000003,3.9013732833957553e-05,0.26806,1,72,-0.9870040079420312
best_model.pt,63617797,20260207,1000.0,42.0,[0.51157848],0.0,0.0,0.0,0.0,0.0,0,72,-1.0
best_model.pt,63618506,20260207,7.2016463,5.02,[0.46297299],0.2925789305521822,24.614286818582677,0.9999998675755313,0.25,7.201646327972413,5,1,3.9032444048017214
best_model.pt,63619732,20260207,330.87964,2.2,[108.96754828],75.38413077172623,4.389247854891065,0.9999999999999991,0.9230769230769231,330.8796386718747,144,1,0.9951126180712189
best_model.pt,63621161,20260207,1000.0,100.0,[0.71729317],0.0,0.0,0.0,0.0,0.0,0,72,-1.0
best_model.pt,63621861,20260207,1000.0,23.0,[0.81405666],0.0,0.0,0.0,0.0,0.0,0,72,-1.0
best_model.pt,63622918,20260207,1350.1515,4.28,[332.02644072],183.59830051289998,7.135484076744864,0.9703079746131678,0.007034972906742707,1310.0627569627002,730,72,0.6671690950838475
best_model.pt,63623050,20260207,85.65349,25.0,[2.66045464],0.29734344690000003,39.673786152688365,0.13772679027474857,0.0002458980719850285,11.796780000000002,2,72,0.5869514461075346
best_model.pt,63623138,20260207,37.10185,25.0,[0.38901678],0.0,0.0,0.0,0.0,0.0,0,72,-1.0
best_model.pt,63623552,20260207,23.47515,25.0,[0.73385913],0.0,0.0,0.0,0.0,0.0,0,67,-1.0
best_model.pt,63623668,20260207,23.809525,25.0,[0.22626096],0.0,0.0,0.0,0.0,0.0,0,72,-1.0
best_model.pt,63623744,20260207,91.2677,25.0,[0.84652594],0.0,0.0,0.0,0.0,0.0,0,72,-1.0
best_model.pt,63624347,20260207,166.66667,35.0,[1.52452676],0.0,0.0,0.0,0.0,0.0,0,72,-1.0
best_model.pt,63624431,20260207,1000.0,38.5,[10.82098757],0.0335953644,84.92347463644012,0.0028531200000000002,0.0004415143250282569,2.85312,3,72,1.2058045360114316
best_model.pt,63624433,20260207,1045.5513,38.5,[37.18908498],2.6556448744000005,21.413442412704235,0.05438903060726506,0.0029996271740119263,56.86652,73,72,-0.44380669057911076
best_model.pt,63624751,20260207,434.78262,42.0,[0.76373853],0.0023671759999999995,45.35980433886672,0.00024706599170615874,0.00012980269989615784,0.10742,1,72,0.07999534140158848
best_model.pt,63625403,20260207,119.04762,24.0,[3.58752472],0.0,0.0,0.0,0.0,0.0,0,72,-1.0
best_model.pt,63626085,20260207,1000.0,96.08,[0.01306146],0.0,0.0,0.0,0.0,0.0,0,52,-1.0
best_model.pt,63627097,20260207,1000.0,30.0,[0.6938686],0.0,0.0,0.0,0.0,0.0,0,69,-1.0
best_model.pt,63631007,20260207,10.416667,10.4,[0.03130703],0.0,0.0,0.0,0.0,0.0,0,72,-1.0
best_model.pt,63631199,20260207,206.74242,4.15,[0.97709283],38.26218805095225,5.403308632094343,0.9999999999999999,0.9861111111111112,206.7424163818359,71,1,0.30200205010259074
best_model.pt,63631324,20260207,133.48969,2.35,[7.97689872],1.8068331356241083,73.88043120653367,0.9999999999999993,0.6440677966101694,133.48968505859366,76,1,30.438482640315325
best_model.pt,63631326,20260207,80.8756,2.15,[0.30823822],3.743101450091363,21.60656936338837,1.0000000000000004,0.40860215053763443,80.875602722168,76,1,9.049566699993957
best_model.pt,63632757,20260207,1000.0,86.31,[0.01257806],0.0,0.0,0.0,0.0,0.0,0,68,-1.0
best_model.pt,63634169,20260207,1000.0,12.0,[7.82871677],0.0,0.0,0.0,0.0,0.0,0,67,-1.0
best_model.pt,63634530,20260207,119.04762,89.0,[0.86563096],0.2678968624,87.00972748037874,0.1958016420246081,0.00012941886411535375,23.30972,3,36,-0.022362612580014124
best_model.pt,63634590,20260207,5.0761423,2.07,[0.00055329],0.42904219160398444,11.831308386735975,0.9999998121262014,0.9166666666666666,5.0761423110961905,11,1,4.715608100625111
best_model.pt,63634742,20260207,5.0761423,2.07,[0.02537293],0.5374528449969557,9.444796717613853,0.9999998121262016,1.0,5.076142311096191,14,1,3.5627038754624145
best_model.pt,63635613,20260207,1.2315271,6.48,[0.04878385],0.05911752515301254,20.831492106495425,0.9999992256170526,0.0026410829668574803,1.2315270900726318,5,62,2.2147364267251843
best_model.pt,63636525,20260207,1000.0,20.0,[3.50621724],0.0,0.0,0.0,0.0,0.0,0,72,-1.0
best_model.pt,63636832,20260207,27.027027,1.03,[29.27208641],8.13596950447787,3.3219180324279494,0.999999929428106,1.0,27.027027130126957,12,1,2.2251632278646696
best_model.pt,63636929,20260207,35.30304,2.32,[2.89677335],3.8016044760933463,9.286350141482806,1.0000000000000002,0.9411764705882353,35.30303955078126,32,1,3.0027372451268732
best_model.pt,63638721,20260207,1000.0,30.2,[1.70438959],0.1226618085,20.580484263084518,0.00252446,4.367575122292104e-05,2.52446,1,72,-0.3185270283721225
best_model.pt,63638728,20260207,1000.0,30.2,[4.31150062],0.0,0.0,0.0,0.0,0.0,0,72,-1.0
best_model.pt,63638938,20260207,1000.0,36.08,[0.10309322],0.0,0.0,0.0,0.0,0.0,0,67,-1.0
best_model.pt,63638951,20260207,2.47032,2.53,[7.28412858],0.1487226902936389,16.610131052194866,0.9999996139471997,0.2222222222222222,2.470319986343384,4,1,5.565269264833489
best_model.pt,63639183,20260207,1000.0,34.1,[0.0396023],0.0,0.0,0.0,0.0,0.0,0,72,-1.0
best_model.pt,63639342,20260207,6.451613,2.04,[0.61053511],0.8120746985,4.916930782900407,0.6189025040873939,0.025683060109289616,3.9929200000000002,8,61,1.4102602327669307
best_model.pt,63639367,20260207,6.451613,2.08,[2.37608465],0.0018491005469982288,3487.1688243317485,0.9999998807907104,1.0,6.451612949371338,1,1,1675.5235347309342
best_model.pt,63639383,20260207,481.31552,2.49,[167.08888021],99.22736440131595,4.850632880290616,1.0000000000000004,0.7707769854929925,481.31552124023455,199,2,0.948045325988999
best_model.pt,63639547,20260207,1000.0,35.0,[0.07113445],0.0,0.0,0.0,0.0,0.0,0,55,-1.0
best_model.pt,63639568,20260207,1000.0,35.0,[5.76262224],0.0,0.0,0.0,0.0,0.0,0,60,-1.0
best_model.pt,63639572,20260207,1000.0,35.0,[1.87679619],0.0,0.0,0.0,0.0,0.0,0,60,-1.0
best_model.pt,63639592,20260207,10.83412,6.06,[2.02456428],0.0261039773,10.643947198529071,0.025646751259352774,0.005555555555555556,0.27786,1,36,0.7564269470350871
best_model.pt,63639615,20260207,2473.591,2.49,[1856.10689493],429.12954941941337,5.764205848876031,0.9999999999999997,0.8768233387358185,2473.591064453124,1082,1,1.3149420991160734
best_model.pt,63640115,20260207,4.347826,2.41,[0.10931371],0.9092815770396478,4.781600476920542,0.9999997806549512,0.5353708791208791,4.34782600402832,18,4,0.9840665172725092
best_model.pt,63645350,20260207,12.57633,2.45,[0.77748715],3.2109411286744676,3.916710323934817,0.9999999241691154,0.75,12.576330184936525,6,1,0.5986572439611834
best_model.pt,63645523,20260207,111.24086,12.3,[20.94655673],0.13393328220000003,16.49570194956403,0.0198608676730019,2.717575634242301e-05,2.2093399999999996,2,63,0.3411139588428327
best_model.pt,63645554,20260207,62.5,12.3,[0.30957255],0.0,0.0,0.0,0.0,0.0,0,63,-1.0
best_model.pt,63645608,20260207,62.5,12.3,[3.6188897],0.0,0.0,0.0,0.0,0.0,0,63,-1.0
best_model.pt,63645835,20260207,62.5,12.3,[2.19038388],0.0,0.0,0.0,0.0,0.0,0,66,-1.0
best_model.pt,63646194,20260207,576.4706,1.72,[124.39169232],135.17009503994086,4.2647789558745925,0.9999999999999998,0.5445795339412361,576.4705810546874,235,3,1.47952260752028
best_model.pt,63648944,20260207,26.574802,68.0,[0.04336992],0.0,0.0,0.0,0.0,0.0,0,72,-1.0
best_model.pt,63650409,20260207,3.00871,3.45,[0.04392597],0.5365542949682253,5.6074554398161585,0.9999996830289248,0.6666666666666666,3.0087099075317383,2,3,0.6253493803807132
best_model.pt,63650940,20260207,2000.0,15.0,[3.23103988],0.0027245348999999997,24.197085129968432,3.2974999999999995e-05,8.818342151675484e-06,0.06595,1,72,0.6131390086645622
best_model.pt,63650951,20260207,2000.0,15.0,[3.22890197],0.0,0.0,0.0,0.0,0.0,0,72,-1.0
best_model.pt,63652241,20260207,117.5,8.5,[11.38690416],3.1916471737000007,14.999920853588407,0.4074422978553191,0.0018229166666666667,47.874469997999995,42,72,0.7646965710104008
best_model.pt,63652316,20260207,188.16695,10.0,[23.73906284],0.0,0.0,0.0,0.0,0.0,0,72,-1.0
best_model.pt,63653084,20260207,1000.0,1.23,[6.04002327],169.28328666540003,4.761748434336181,0.8060844299999999,0.020895911850269476,806.0844299999999,327,72,2.871340130484738
best_model.pt,63654692,20260207,1000.0,1.73,[2.86550014],13.736031698500001,6.860742986604212,0.09423939,0.07286259914698702,94.23939,131,70,2.965747347377794
best_model.pt,63654752,20260207,1000.0,1.4,[0.82914955],54.186829876181875,18.454668483658363,0.9999999999999996,0.10980707243510557,999.9999999999995,188,71,12.1819062842425
best_model.pt,63654992,20260207,500.0,1.34,[4.73557789],56.2096844624,5.151792215484062,0.5791612399999999,0.01596826527382083,289.58061999999995,102,72,2.844620960564174
best_model.pt,63655156,20260207,1000.0,1.26,[14.81642974],179.68487106707278,5.565298783899402,0.9999999999999997,0.7150646851277664,999.9999999999997,316,2,3.416903830176412
best_model.pt,63656523,20260207,8.51284,48.0,[0.08668504],0.0,0.0,0.0,0.0,0.0,0,72,-1.0
best_model.pt,63657517,20260207,1000.0,22.0,[2.91431619],0.0,0.0,0.0,0.0,0.0,0,72,-1.0
best_model.pt,63659280,20260207,31.39251,7.5,[1.42889271],1.5257687614795634,20.574866702042517,0.9999999392419228,0.009655674986336309,31.392509460449222,53,1,1.7433155602723356
best_model.pt,63661292,20260207,1000.0,300.0,[1.08503932],0.0,0.0,0.0,0.0,0.0,0,72,-1.0
best_model.pt,63663934,20260207,2.1367521,21.0,[0.01492207],0.0,0.0,0.0,0.0,0.0,0,72,-1.0
best_model.pt,63664633,20260207,12.5,7.5,[0.21438552],0.0,0.0,0.0,0.0,0.0,0,66,-1.0
best_model.pt,63665246,20260207,1000.0,30.0,[0.47471293],0.0,0.0,0.0,0.0,0.0,0,72,-1.0
best_model.pt,63665437,20260207,1000.0,30.2,[13.40857926],0.0,0.0,0.0,0.0,0.0,0,72,-1.0
best_model.pt,63665441,20260207,1000.0,30.2,[3.52990554],0.0,0.0,0.0,0.0,0.0,0,72,-1.0
best_model.pt,63665444,20260207,1000.0,30.2,[3.56307257],0.0,0.0,0.0,0.0,0.0,0,72,-1.0
best_model.pt,63666595,20260207,1000.0,20.0,[1.57358985],0.0,0.0,0.0,0.0,0.0,0,72,-1.0
best_model.pt,63670871,20260207,3.54614,1.3,[4.31574796],1.356401155218026,2.6143721033461707,0.9999997310669989,0.8461538461538461,3.5461399555206294,11,1,1.0110555378775166
best_model.pt,63675336,20260207,1000.0,36.05,[4.88855047],0.0,0.0,0.0,0.0,0.0,0,72,-1.0
best_model.pt,63675362,20260207,1000.0,34.86,[1.40075005],0.0,0.0,0.0,0.0,0.0,0,72,-1.0
best_model.pt,63675427,20260207,1000.0,34.85,[0.10496856],0.0,0.0,0.0,0.0,0.0,0,72,-1.0
best_model.pt,63676199,20260207,1000.0,82.32,[0.00042779],0.0,0.0,0.0,0.0,0.0,0,32,-1.0
best_model.pt,63677098,20260207,1000.0,82.32,[1.32516897],0.2939177126,117.69757595216144,0.03459352,4.494483022090384e-05,34.593520000000005,2,39,0.42975675884947256
best_model.pt,63679958,20260207,22.08202,72.6,[0.61310085],0.0,0.0,0.0,0.0,0.0,0,44,-1.0
best_model.pt,63681662,20260207,29.74327,6.51,[2.48576065],1.7770489056232142,16.737442645760936,0.9999999358729399,0.0440251572327044,29.74327087402343,14,1,1.5710356462822699
best_model.pt,63681685,20260207,52.66818,6.51,[7.81831667],3.073406298941863,17.13673894653748,0.9999999999999998,0.10695187165775401,52.668178558349595,20,1,1.6323714814186578
best_model.pt,63683340,20260207,85.97987,6.85,[0.28017244],0.0,0.0,0.0,0.0,0.0,0,36,-1.0
best_model.pt,63683627,20260207,71.41286,1.1,[133.85937681],21.93767359408014,3.2552610236517383,1.0,1.0,71.41285705566406,14,2,1.9593281391780522
best_model.pt,63684003,20260207,1044.4733,250.0,[3.14936128],0.0,0.0,0.0,0.0,0.0,0,18,-1.0
best_model.pt,63684378,20260207,64.88098,8.26,[5.67505281],0.039491095200000007,5.399814796354486,0.0032867875184617265,0.0005473453749315818,0.21325,2,21,-0.34626941322912486
best_model.pt,63686060,20260207,1000.0,38.46,[0.03394012],0.0,0.0,0.0,0.0,0.0,0,70,-1.0
best_model.pt,63693341,20260207,1000.0,82.32,[0.02328487],0.0,0.0,0.0,0.0,0.0,0,67,-1.0
best_model.pt,63695352,20260207,244.34483,1.0,[278.00997445],62.509636808122195,3.9089145600884354,0.9999999999999998,0.32796847516707794,244.34483337402338,522,3,2.9089145600884354
best_model.pt,63696056,20260207,714.2857,50.0,[0.98452403],0.7298375953000001,34.48171987897609,0.03523252643008455,4.123206166446504e-05,25.16609,5,72,-0.3103656024204783
best_model.pt,63697940,20260207,1000.0,9.0,[1.7965916],30.1352331472,19.297332226105578,0.5815296250499998,0.07648259967718483,581.5296250499998,1128,72,1.144148025122842
best_model.pt,63698176,20260207,35.21127,8.2,[0.15586578],0.0,0.0,0.0,0.0,0.0,0,45,-1.0
best_model.pt,63698780,20260207,1000.0,9.0,[0.8727],41.6793810748,21.94924681688411,0.9148310443350003,0.05091970947039563,914.8310443350003,1653,72,1.4388052018760122
best_model.pt,63698963,20260207,1000.0,9.5,[0.13417635],8.849297108,26.14612590131086,0.23137486246999997,0.06142624770602012,231.37486246999998,528,72,1.7522237790853536
best_model.pt,63699826,20260207,1000.0,9.0,[0.003103],10.665554073100003,32.57807189766898,0.34746321999999996,0.018430340356800176,347.46322,516,72,2.6197857664076643
best_model.pt,63699827,20260207,1000.0,9.0,[0.0366266],6.614625011199999,33.531088473399976,0.22179560999999998,0.018665418913484846,221.79560999999998,240,72,2.7256764970444416
best_model.pt,63699925,20260207,1000.0,9.0,[0.413971],29.2119145159,20.74520767151169,0.60600725386,0.055590611592439415,606.00725386,1114,72,1.3050230746124099
best_model.pt,63701114,20260207,166.66667,34.0,[0.10341096],0.0,0.0,0.0,0.0,0.0,0,72,-1.0
best_model.pt,63701115,20260207,166.66667,34.0,[1.01708348],0.1208691222,44.79849859868844,0.032488799008520544,9.191759804548777e-06,5.4148000000000005,3,72,0.3176028999614247
best_model.pt,63701441,20260207,1000.0,36.05,[0.28138809],0.0,0.0,0.0,0.0,0.0,0,72,-1.0
best_model.pt,63704769,20260207,1000.0,7.57,[1.55878626],2.0695597945,6.0934233164417435,0.01261071,0.0001827485380116959,12.610710000000001,2,72,-0.19505638332047373
best_model.pt,63705909,20260207,162.7391,2.0,[63.65937628],43.85680927877874,3.7106917760354086,1.0000000000000004,0.8542735042735042,162.73910522460943,68,3,0.8553458880177043
best_model.pt,63707085,20260207,662.2353,1.5,[429.3060518],219.79754688884242,3.0129330235397096,1.0000000000000004,0.9014084507042254,662.2352905273441,128,1,1.0086220156931398
best_model.pt,63707198,20260207,1000.0,31.53,[0.22314624],0.0,0.0,0.0,0.0,0.0,0,72,-1.0
best_model.pt,63707818,20260207,5.59174,15.0,[0.06613131],0.007632075,316.4910602869748,0.4320300177091127,0.003125,2.4158000000000004,1,64,20.099404019131654
best_model.pt,63708107,20260207,17.33141,5.0,[1.70037433],6.3920859849,2.662007541542584,0.9817886959632189,0.0008817120311490534,17.015783759999998,19,72,-0.46759849169148315
best_model.pt,63708168,20260207,1000.0,10.01,[0.0865883],8.8623569199,13.379705612401851,0.11857574000000001,0.03765377708501647,118.57574000000001,41,72,0.3366338967503128
best_model.pt,63711027,20260207,1000.0,29.95,[0.0015935],0.0,0.0,0.0,0.0,0.0,0,72,-1.0
best_model.pt,63711593,20260207,132.71461,3.93,[7.46426469],10.050941741706211,13.204195693749906,0.9999999999999996,0.330188679245283,132.714614868164,70,1,2.3598461754340905
best_model.pt,63712035,20260207,59.29753,27.0,[3.0426481],0.0,0.0,0.0,0.0,0.0,0,72,-1.0
best_model.pt,63712496,20260207,2000.0,20.0,[16.81904021],4.5227740641,109.44154263362586,0.24748974000000004,0.00020779903350109967,494.9794800000001,34,72,4.472077131681293
best_model.pt,63713068,20260207,7500.0,120.0,[2.62368445],0.1427008568,128.31704093145336,0.0024414773333333328,2.298724276163642e-05,18.311079999999997,3,72,0.06930867442877803
best_model.pt,63713425,20260207,1000.0,30.45,[1.08935923],0.0,0.0,0.0,0.0,0.0,0,68,-1.0
best_model.pt,63713531,20260207,1000.0,31.5,[0.75669332],0.1567274394,39.64111442559288,0.0062128899999999996,2.428127428127428e-05,6.21289,1,72,0.25844807700294864
best_model.pt,63715009,20260207,1000.0,86.31,[0.00513656],0.0,0.0,0.0,0.0,0.0,0,65,-1.0
best_model.pt,63716161,20260207,41.273586,3.72,[0.99299883],6.711782205589012,6.149421846466102,0.9999999999999998,0.85,41.27358627319335,17,1,0.6530703761213384
best_model.pt,63719668,20260207,1000.0,84.69,[0.00010112],0.0,0.0,0.0,0.0,0.0,0,17,-1.0
best_model.pt,63721302,20260207,1000.0,50.24,[0.82556049],0.0,0.0,0.0,0.0,0.0,0,72,-1.0
best_model.pt,63731046,20260207,22.96911,1.0,[27.71091902],11.686539814853411,1.9654327874077353,0.9999999169602815,0.9375,22.969110488891605,10,2,0.9654327874077353
best_model.pt,63735016,20260207,23.809525,3.03,[2.22599183],2.0798140959238856,11.447904471313715,0.9999999198913663,0.2631578947368421,23.809524536132812,5,1,2.7781863298377862
best_model.pt,63736256,20260207,500.0,13.0,[10.69806271],1.9879174855,20.231010624102375,0.0804352,0.0034635308790691302,40.2176,12,72,0.5562315864694134
best_model.pt,63736484,20260207,32.258064,8.5,[1.34077429],0.0,0.0,0.0,0.0,0.0,0,72,-1.0
best_model.pt,63740865,20260207,1000.0,32.3,[0.25952798],0.0,0.0,0.0,0.0,0.0,0,72,-1.0
best_model.pt,63741668,20260207,29.411764,4.71,[0.34192044],2.565083034565463,11.466199059587515,0.9999999351501494,0.24,29.41176414489746,6,1,1.434437147923802
best_model.pt,63751749,20260207,419.55008,1.0,[617.85063009],221.0070639002758,1.898355962217837,0.9999999999999998,0.94,419.550079345703,141,1,0.898355962217837
best_model.pt,63761622,20260207,1000.0,40.0,[17.1682844],0.0,0.0,0.0,0.0,0.0,0,72,-1.0
best_model.pt,63762250,20260207,1000.0,80.06,[0.00122154],0.0,0.0,0.0,0.0,0.0,0,72,-1.0
best_model.pt,63768177,20260207,1000.0,95.0,[0.3668407],0.0085708076,281.01190698680637,0.00240878,5.920760428720035e-06,2.40878,3,72,1.9580200735453301
best_model.pt,63769208,20260207,72.71365,12.0,[0.19943326],4.905991386821409,14.821395516181031,0.9999999999999998,0.0001706500933813681,72.71365356445311,36,71,0.23511629301508594
best_model.pt,63769423,20260207,161.29033,10.57,[3.88940005],13.234096777772553,12.18748203979488,1.0000000000000007,0.004321075403514443,161.2903289794923,83,64,0.15302577026210215
best_model.pt,63769539,20260207,9.615385,5.2,[0.58430765],0.0,0.0,0.0,0.0,0.0,0,72,-1.0
best_model.pt,63774452,20260207,7.52313,2.17,[0.51419074],0.04963616773631202,151.56243361825457,0.9999998732343848,0.625,7.523129940032959,5,1,68.8444369997912
best_model.pt,63774454,20260207,44.39334,2.28,[15.6762113],5.201119923495836,8.535341076941345,0.9999999999999997,0.4444444444444444,44.39334106445311,56,1,2.743570694756913
best_model.pt,63775060,20260207,2944.599,40.0,[46.15729337],7.7849647203000005,22.044152301467903,0.058280588610736116,0.0005996029322718585,171.61297,15,66,-0.4488961924633024
best_model.pt,63775265,20260207,1000.0,35.0,[0.25472957],0.0,0.0,0.0,0.0,0.0,0,55,-1.0
best_model.pt,63775313,20260207,10.31746,35.0,[0.0838144],0.0,0.0,0.0,0.0,0.0,0,72,-1.0
best_model.pt,63775347,20260207,1000.0,3.0,[0.18938951],12.0865411177,29.70930035267452,0.35908271,0.05222134421058701,359.08271,331,72,8.903100117558173
best_model.pt,63777240,20260207,1000.0,31.86,[1.0178925],0.7406780367000001,53.24434477814619,0.03943697,5.089369325353202e-06,39.43697,1,72,0.6711972303241793
best_model.pt,63778195,20260207,172.21994,11.9,[1.63199989],1.9704420596634007,87.40163251150544,1.0000000000000002,0.0012223402251520686,172.21994018554693,40,62,6.344675236409806
best_model.pt,63778231,20260207,86.95652,11.9,[1.2184026],1.7434939640546434,49.874832949526706,1.0,0.02333650316187081,86.9565200805664,36,64,3.1911625670864154
best_model.pt,63778991,20260207,1000.0,35.43,[0.54204758],0.0,0.0,0.0,0.0,0.0,0,72,-1.0
best_model.pt,63781958,20260207,23.10231,9.0,[0.81840731],0.0,0.0,0.0,0.0,0.0,0,65,-1.0
best_model.pt,63782676,20260207,1000.0,7.35,[1.20337855],0.0,0.0,0.0,0.0,0.0,0,69,-1.0
best_model.pt,63783298,20260207,1000.0,300.0,[0.14159838],0.0,0.0,0.0,0.0,0.0,0,30,-1.0
best_model.pt,63786660,20260207,72.20216,3.82,[1.05783151],13.245636696297515,5.451014541675966,1.0000000000000004,0.9696969696969697,72.20216369628909,32,1,0.4269671824440583
best_model.pt,63786819,20260207,72.20216,3.82,[1.02745693],14.197007356714925,5.085730872457984,1.0000000000000002,1.0,72.20216369628908,23,1,0.33134318359547904
best_model.pt,63786866,20260207,72.20216,3.82,[2.75334866],13.796934790351422,5.2332028497793,1.0000000000000002,0.9583333333333334,72.20216369628908,23,1,0.3699484139353987
best_model.pt,63788574,20260207,1000.0,7.7,[1.75649153],80.3237163511,9.2307987303061,0.7414520681379999,0.019204557857380768,741.452068138,258,72,0.19880505960519732
best_model.pt,63789710,20260207,2299.1038,7.8,[86.36392457],3.1519647023,45.962805484934556,0.0630128961577483,0.00033907941782327245,144.87318647000004,41,72,4.892667225768908
best_model.pt,63789859,20260207,1000.0,86.31,[4.59451217],0.0,0.0,0.0,0.0,0.0,0,69,-1.0
best_model.pt,63791228,20260207,6.381039,4.4,[2.6715755],0.2898040689332096,22.018383481343665,0.9999998505456319,0.21428571428571427,6.3810391426086435,9,1,4.004177955479106
best_model.pt,63792158,20260207,846.33,34.0,[17.75001772],0.0,0.0,0.0,0.0,0.0,0,72,-1.0
best_model.pt,63792540,20260207,0.8063703,33.0,[0.00187405],0.0,0.0,0.0,0.0,0.0,0,67,-1.0
best_model.pt,63792692,20260207,1000.0,113.9,[0.14884208],0.0,0.0,0.0,0.0,0.0,0,61,-1.0
best_model.pt,63793115,20260207,13.157895,19.23,[0.87290486],0.0,0.0,0.0,0.0,0.0,0,1,-1.0
best_model.pt,63793364,20260207,56.666668,32.0,[0.63813364],0.0,0.0,0.0,0.0,0.0,0,72,-1.0
best_model.pt,63793392,20260207,5.12241,52.0,[0.23949079],0.22984193679999998,18.197122166253145,0.8165061695248227,8.131023593135843e-06,4.18248,5,72,-0.6500553429566703
best_model.pt,63793948,20260207,1000.0,15.05,[1.00192647],13.866489252,18.53606857892017,0.25703021426,0.005791547760484022,257.03021426,96,72,0.23163244810663935
best_model.pt,63795480,20260207,1038.258,1.7,[945.85151025],229.55449512089268,4.5229262514372035,1.0000000000000002,0.9174041297935103,1038.2580566406252,311,1,1.660544779160319
best_model.pt,63795874,20260207,40.54054,17.0,[0.48567657],0.0,0.0,0.0,0.0,0.0,0,67,-1.0
best_model.pt,63796033,20260207,72.20216,3.82,[0.01603254],13.663627957088025,5.284259688480059,1.0000000000000002,1.0,72.20216369628908,19,1,0.38331407875032375
best_model.pt,63797111,20260207,322.05246,3.93,[137.49512947],20.923526301655624,15.391881831096137,1.000000000000001,0.4635416666666667,322.0524597167972,178,1,2.9165093052521462
best_model.pt,63798182,20260207,1000.0,15.4,[2.7928969],5.5748015753,18.0799644623426,0.100792232446,0.005136484539501062,100.792232446,206,72,0.17402369546734392
best_model.pt,63798620,20260207,1000.0,15.0,[1.36293263],6.8469414657,20.3094177724748,0.139057415,0.0037804823366953005,139.057415,37,72,0.35396118483165323
best_model.pt,63800765,20260207,199.22997,2.25,[100.40840067],24.91634098811384,7.995955638472222,1.0000000000000007,0.8063241106719368,199.22996520996105,204,1,2.55375806154321
best_model.pt,63801044,20260207,750.0,12.0,[10.22042456],6.1390690908,34.41694049342031,0.2817173466666667,0.00038118098401319195,211.28801,38,72,1.8680783744516927
best_model.pt,63801794,20260207,10.37795,4.66,[0.35778279],1.2207568434932599,8.501235335063358,0.9999999081057188,0.5656565656565656,10.377949714660645,14,2,0.8242994878603795
best_model.pt,63804346,20260207,1000.0,68.63,[2.35934068],0.0,0.0,0.0,0.0,0.0,0,43,-1.0
best_model.pt,63805495,20260207,896.163,18.02,[2.52704133],13.743428200527134,65.20665343609956,0.9999999999999998,0.024173083599595895,896.1630249023435,124,66,2.618571130946124
best_model.pt,63807604,20260207,1000.0,22.0,[0.16320021],0.0,0.0,0.0,0.0,0.0,0,72,-1.0
best_model.pt,63808209,20260207,1000.0,189.69,[0.11222385],0.0,0.0,0.0,0.0,0.0,0,59,-1.0
best_model.pt,63809133,20260207,1000.0,57.6,[0.07028538],0.0,0.0,0.0,0.0,0.0,0,59,-1.0
best_model.pt,63811082,20260207,1000.0,27.67,[0.02004687],0.0,0.0,0.0,0.0,0.0,0,72,-1.0
best_model.pt,63815076,20260207,72.20216,3.82,[5.7805575],13.58366475828679,5.315366630855278,1.0,0.9583333333333334,72.20216369628906,23,1,0.39145725752488786
best_model.pt,63817404,20260207,2.7526882,1.93,[0.11866232],0.6768518911348128,4.066892829347612,0.9999996535481219,0.6,2.75268816947937,6,1,1.107198414442781
best_model.pt,63818001,20260207,280.73956,5.0,[35.34906735],33.37666675467324,8.41125198751974,1.0000000000000002,0.2234513274336283,280.7395629882813,101,1,0.6822503975039481
best_model.pt,63818646,20260207,1000.0,7.5,[3.07912534],57.52001471968793,17.38525255057819,1.000000000000002,0.06081334219328785,1000.000000000002,1877,69,1.3180336734104254
best_model.pt,63819872,20260207,126.29789,6.79,[24.18579015],12.324104118921085,10.248037361801522,1.0,0.004455933388011183,126.29788970947266,9,17,0.5092838614692389
best_model.pt,63820079,20260207,68.49315,2.7,[26.97452155],7.863846787683624,8.709877232235481,1.0000000000000002,0.5128205128205128,68.49314880371095,20,1,2.225880399412414
best_model.pt,63820271,20260207,68.49315,2.7,[3.14900658],5.17238185910295,13.242087963996886,1.0000000000000007,0.4425287356321839,68.49314880371098,154,1,3.9044769370863706
best_model.pt,63820716,20260207,371.34915,7.1,[35.57215925],0.834253742,10.455223759459313,0.02348819153659788,0.0004789272030651341,8.72232,3,72,0.4725667464639749
best_model.pt,63821686,20260207,1000.0,24.0,[0.09226332],0.0,0.0,0.0,0.0,0.0,0,62,-1.0
best_model.pt,63821754,20260207,1000.0,80.0,[0.05091256],0.0,0.0,0.0,0.0,0.0,0,72,-1.0
best_model.pt,63821933,20260207,1000.0,86.31,[0.00053179],0.0,0.0,0.0,0.0,0.0,0,45,-1.0
best_model.pt,63822517,20260207,1000.0,25.0,[0.32362781],0.0,0.0,0.0,0.0,0.0,0,72,-1.0
best_model.pt,63822518,20260207,1000.0,25.0,[0.12756325],0.0,0.0,0.0,0.0,0.0,0,72,-1.0
best_model.pt,63822723,20260207,1000.0,7.57,[1.38447979],0.0,0.0,0.0,0.0,0.0,0,72,-1.0
best_model.pt,63823693,20260207,16.79295,1.89,[5.18916694],0.24517758114133006,68.49272721271517,0.9999998864196908,0.5217391304347826,16.792949676513672,12,1,35.23953848207721
best_model.pt,63824197,20260207,1000.0,10.01,[3.47003974],82.8971410823,10.032643101258108,0.8316774406260001,0.004172786951322342,831.6774406260001,335,72,0.002262025160692854
best_model.pt,63824247,20260207,1.12175,18.58,[0.13433225],0.0,0.0,0.0,0.0,0.0,0,66,-1.0
best_model.pt,63825190,20260207,83.333336,16.0,[0.42548143],0.0,0.0,0.0,0.0,0.0,0,66,-1.0
best_model.pt,63825455,20260207,137.20323,35.0,[1.60123457],0.08006094209999999,43.65320036372188,0.025472869362152043,7.846829880728186e-06,3.49496,1,72,0.2472342961063394
best_model.pt,63826134,20260207,1000.0,7.35,[43.93083679],106.29618484274026,9.407675280836965,0.9999999999999997,0.09315673289183223,999.9999999999997,211,1,0.27995583712966887
best_model.pt,63827381,20260207,15.45503,10.0,[0.805704],1.120725230985629,13.790192478757428,0.9999999382936021,0.002271694684234439,15.45503044128418,10,62,0.37901924787574276
best_model.pt,63827404,20260207,10.638298,10.0,[0.0206587],0.0,0.0,0.0,0.0,0.0,0,66,-1.0
best_model.pt,63833627,20260207,1000.0,45.0,[0.18080491],0.0,0.0,0.0,0.0,0.0,0,72,-1.0
best_model.pt,63834572,20260207,1000.0,13.88,[0.52001675],2.7023140976000004,19.663116283956473,0.053135936,0.001181953205584378,53.135936,44,72,0.4166510174231722
best_model.pt,63835004,20260207,26.35564,6.0,[0.56415225],0.0754145546,31.78893283640985,0.09096268537142313,4.8477797168896646e-05,2.39738,2,72,4.298155472734975
best_model.pt,63835415,20260207,1700.0532,30.2,[44.03172235],0.0,0.0,0.0,0.0,0.0,0,72,-1.0
best_model.pt,63835646,20260207,8.16765,2.16,[3.41438216],1.0291300948219237,7.9364526675696405,0.999999883237629,1.0,8.16765022277832,3,2,2.674283496390444
best_model.pt,63837148,20260207,750.0,800.0,[0.6018966],0.0,0.0,0.0,0.0,0.0,0,60,-1.0
best_model.pt,63837272,20260207,98.75586,1.18,[70.72898557],26.353272744435962,3.747384872661242,1.0000000000000002,0.7236842105263158,98.75585937500001,55,1,2.175750033250814
best_model.pt,63837886,20260207,132.86555,2.15,[61.8911344],21.494167224401632,6.181469942099565,0.9999999999999998,0.7761194029850746,132.86555480957028,52,1,1.8751021711202118
best_model.pt,63839772,20260207,21.73913,32.0,[0.00565656],0.0319087479,43.095921795107635,0.06325827565639892,0.0018115942028985505,1.37518,1,46,0.3467475560971136
best_model.pt,63840064,20260207,1000.0,40.0,[0.11937473],0.0,0.0,0.0,0.0,0.0,0,64,-1.0
best_model.pt,63840552,20260207,1000.0,62.32,[0.59462255],0.6727860743999999,64.43927306222933,0.04335391,4.305144433168617e-06,43.35391,2,65,0.03400631222373262
best_model.pt,63840776,20260207,1000.0,120.0,[2.85823943],0.0,0.0,0.0,0.0,0.0,0,72,-1.0
best_model.pt,63840924,20260207,8.088235,1.74,[2.04844641],1.6832371921227791,4.80516360624394,0.9999998820911836,0.55,8.088234901428223,11,1,1.7615882643145873
best_model.pt,63843847,20260207,1000.0,300.0,[0.70275506],0.0,0.0,0.0,0.0,0.0,0,72,-1.0
best_model.pt,63847388,20260207,66.1157,566.0,[0.10638381],0.0,0.0,0.0,0.0,0.0,0,68,-1.0
best_model.pt,63848165,20260207,36.14132,1.05,[29.12192451],9.066991720447767,3.986031575099526,1.0,0.7692307692307693,36.141319274902344,20,1,2.796220720111844
best_model.pt,63848591,20260207,354.54544,2.7,[15.07816119],18.481244746300003,5.698998727998965,0.2970693849562028,0.009320642041103722,105.324596,142,72,1.1107402323522324
best_model.pt,63848648,20260207,1000.0,19.0,[0.11482031],0.0,0.0,0.0,0.0,0.0,0,44,-1.0
best_model.pt,63851682,20260207,1000.0,26.66,[0.05790964],0.0,0.0,0.0,0.0,0.0,0,72,-1.0
best_model.pt,63856317,20260207,208.33333,20.0,[0.9890388],1.4644156168,19.24436872109658,0.13527251531055165,0.0009763028998476257,28.181773335,25,68,-0.03778156394517094
best_model.pt,63862766,20260207,4.5454545,2.97,[0.00097594],0.3627894736234127,12.529145147355855,0.9999997901916924,0.6666666666666666,4.545454502105713,2,1,3.218567349044335
best_model.pt,63864374,20260207,2.05838,6.0,[0.00826127],0.0,0.0,0.0,0.0,0.0,0,42,-1.0
best_model.pt,63864918,20260207,11.45841,5.19,[0.2422438],0.2856046353410249,40.11969248918953,0.999999916770807,0.2,11.458410263061522,10,1,6.7301911458312995
best_model.pt,63865915,20260207,49.26318,8.5,[8.13145602],0.0,0.0,0.0,0.0,0.0,0,65,-1.0
best_model.pt,63866050,20260207,15.1697,17.6,[0.36975309],0.2747264566,23.03446505972567,0.4171605068190631,7.884294068504595e-05,6.3282,3,72,0.30877639548108493
best_model.pt,63866696,20260207,4.347826,2.54,[0.84073868],0.6487010188297231,6.702346960276032,0.9999997806549512,0.8333333333333333,4.34782600402832,7,5,1.6387193153288133
best_model.pt,63867023,20260207,34.770515,1100.0,[0.05384564],0.0,0.0,0.0,0.0,0.0,0,72,-1.0
best_model.pt,63867737,20260207,1000.0,86.31,[0.05608199],0.0,0.0,0.0,0.0,0.0,0,67,-1.0
best_model.pt,63869005,20260207,1000.0,220.68,[0.16851916],0.0,0.0,0.0,0.0,0.0,0,72,-1.0
best_model.pt,63869176,20260207,9.99578,13.5,[0.54049162],0.7351983062368015,13.59601390582698,0.9999999045923154,0.0018529647435897435,9.995779991149902,2,64,0.0071121411723689375
best_model.pt,63871771,20260207,1000.0,34.86,[0.01564173],0.0,0.0,0.0,0.0,0.0,0,72,-1.0
best_model.pt,63872859,20260207,1000.0,1.02,[1.87255237],553.8566471646868,1.8055213444014742,0.9999999999999997,0.8283410138248848,999.9999999999997,719,1,0.7701189981998183
best_model.pt,63873690,20260207,5339.067,1.0,[2656.23472774],3168.0653871485997,1.1406331202780566,0.6768224448789398,0.08837556812539295,3613.6003089288497,1402,66,0.14063312027805663
best_model.pt,63874819,20260207,1000.0,33.66,[0.94488005],0.0,0.0,0.0,0.0,0.0,0,72,-1.0
best_model.pt,63874908,20260207,1000.0,53.49,[9.16800001e-05],0.0,0.0,0.0,0.0,0.0,0,59,-1.0
best_model.pt,63875138,20260207,1238.5333,53.47,[10.59281533],0.0,0.0,0.0,0.0,0.0,0,48,-1.0
best_model.pt,63875140,20260207,1133.6011,53.47,[34.68160293],0.0,0.0,0.0,0.0,0.0,0,72,-1.0
best_model.pt,63877699,20260207,29.96146,9.0,[0.33203642],0.0,0.0,0.0,0.0,0.0,0,33,-1.0
best_model.pt,63882142,20260207,1000.0,24.0,[0.16852351],0.0,0.0,0.0,0.0,0.0,0,51,-1.0
best_model.pt,63882670,20260207,241.69817,26.88,[8.43129435],0.0,0.0,0.0,0.0,0.0,0,41,-1.0
best_model.pt,63882681,20260207,117.4279,26.88,[1.87902161],0.0,0.0,0.0,0.0,0.0,0,41,-1.0
best_model.pt,63883442,20260207,21.30237,69.3,[0.24017908],0.0,0.0,0.0,0.0,0.0,0,72,-1.0
best_model.pt,63883962,20260207,83.333336,54.0,[0.23354845],1.6733613752641137,49.79993401806468,1.0,0.03103175293411918,83.33333587646484,8,3,-0.07777899966546885
best_model.pt,63885852,20260207,1000.0,16.0,[0.06382227],2.7286784109,18.395279342634186,0.050194819999999994,0.014510341883823203,50.19481999999999,38,72,0.14970495891463664
best_model.pt,63886292,20260207,1000.0,18.66,[0.5595577],0.0,0.0,0.0,0.0,0.0,0,51,-1.0
best_model.pt,63886464,20260207,1.45776,5.0,[0.04546823],0.1855380295443414,7.856891242597765,0.9999993443489075,0.5,1.457759976387024,1,1,0.571378248519553
best_model.pt,63886585,20260207,1.2520868,5.0,[0.09330901],0.11876412181184504,10.542545989193854,0.9999992383326607,0.3333333333333333,1.2520867586135864,3,1,1.1085091978387709
best_model.pt,63886628,20260207,2.4251,5.0,[0.77210164],0.2548984785012893,9.513946840449266,0.9999996067486262,0.058823529411764705,2.425100088119507,2,2,0.9027893680898533
best_model.pt,63886978,20260207,1000.0,49.88,[0.07356682],0.0,0.0,0.0,0.0,0.0,0,72,-1.0
best_model.pt,63887215,20260207,1000.0,23.0,[1.15979022],0.0,0.0,0.0,0.0,0.0,0,58,-1.0
best_model.pt,63887366,20260207,19.94432,5.05,[2.06872116],1.3125364444999998,9.378132449919605,0.6171756371712365,0.0014143264143264141,12.309149999999999,5,72,0.857055860537487
best_model.pt,63887879,20260207,62.70501,4.92,[6.102117],6.849334282246085,9.15490436319925,1.0000000000000007,0.17857142857142858,62.705009460449254,15,1,0.8607528904949332
best_model.pt,63888748,20260207,501.68524,23.75,[10.79384595],0.0,0.0,0.0,0.0,0.0,0,68,-1.0
best_model.pt,63889490,20260207,1000.0,43.64,[39.76532415],0.049652120800000005,846.0157050188876,0.04200732,2.8065538652902037e-05,42.00732,9,72,18.38624465745445
best_model.pt,63890282,20260207,42.79496,8.01,[0.0635166],0.6868312578999999,35.788956790056446,0.5743903017406518,0.0005853330997839667,24.581010000000003,5,72,3.468034427890702
best_model.pt,63890317,20260207,2.10644,8.01,[0.01790272],0.0691022109,12.726470862152079,0.4175004147976911,0.00021043771043771046,0.87944,2,72,0.5888227838326345
best_model.pt,63891398,20260207,62.13514,6.0,[30.61322416],0.0,0.0,0.0,0.0,0.0,0,65,-1.0
best_model.pt,63892216,20260207,41.666668,12.54,[0.93314638],0.0627683989,65.37357489335461,0.09848303699453623,0.011805555555555555,4.10346,4,72,4.2132037553606505
best_model.pt,63893095,20260207,68.181816,3.3,[2.79443213],1.8707209756000003,11.518996559116486,0.3160496629784036,0.11942614551310204,21.54884,74,69,2.4906050683519716
best_model.pt,63893625,20260207,4.9261084,8.0,[0.54881839],0.0,0.0,0.0,0.0,0.0,0,72,-1.0
best_model.pt,63893649,20260207,36.47676,4.76,[2.20193781],5.595028418010637,6.519494025686009,1.0,0.06382978723404255,36.47676086425781,9,1,0.36964153617645784
best_model.pt,63893761,20260207,1000.0,8.0,[0.38915863],23.63894578,14.348232644229505,0.33917710786399996,0.05010839817655021,339.17710786399994,255,72,0.7935290805286881
best_model.pt,63894784,20260207,164.6519,1.76,[82.57485252],38.6960480486069,4.255005492635554,0.9999999999999998,0.3882553606237817,164.65190124511716,93,6,1.4176167702794003
best_model.pt,63895029,20260207,47.59944,35.0,[0.29176351],0.0,0.0,0.0,0.0,0.0,0,72,-1.0
best_model.pt,63895426,20260207,2.45433,6.5,[1.25081534],0.19169897166989422,12.802975118458106,0.9999995827674866,0.001201923076923077,2.4543299674987793,1,64,0.9696884797627855
best_model.pt,63898532,20260207,267.88898,15.0,[9.24986377],0.1234300137,8.02148479803014,0.0036959340802302436,0.0008140855736463461,0.9901,2,25,-0.46523434679799064
best_model.pt,63898540,20260207,3.4482758,30.55,[0.02150279],0.098885324,27.759955967217472,0.7960729931195349,0.0004084967320261438,2.74508,1,72,-0.09132711422324495
best_model.pt,63898679,20260207,123.2009,35.0,[0.04957214],0.0,0.0,0.0,0.0,0.0,0,56,-1.0
best_model.pt,63900408,20260207,1000.0,29.65,[0.03737437],0.061185442500000006,42.33388793604073,0.00259026,0.00046948356807511736,2.5902600000000002,1,71,0.4277871325699258
best_model.pt,63900451,20260207,1000.0,26.66,[1.91684521],0.0,0.0,0.0,0.0,0.0,0,72,-1.0
best_model.pt,63901210,20260207,1000.0,32.0,[0.00212758],0.0,0.0,0.0,0.0,0.0,0,33,-1.0
best_model.pt,63902267,20260207,3714.1746,37.05,[66.3876934],0.5927329123,7.39449845714522,0.0011800656992693019,0.0009768496746558786,4.38297,13,72,-0.8004183911089365
best_model.pt,63904068,20260207,1000.0,31.0,[10.71926197],0.0,0.0,0.0,0.0,0.0,0,72,-1.0
best_model.pt,63904287,20260207,89.5,18.0,[0.85406679],0.0,0.0,0.0,0.0,0.0,0,72,-1.0
best_model.pt,63904455,20260207,1000.0,31.0,[0.094925],0.0,0.0,0.0,0.0,0.0,0,67,-1.0
best_model.pt,63904753,20260207,1000.0,31.0,[0.01405486],0.0,0.0,0.0,0.0,0.0,0,72,-1.0
best_model.pt,63904780,20260207,14.44116,14.49,[0.82159164],0.0,0.0,0.0,0.0,0.0,0,72,-1.0
best_model.pt,63904784,20260207,1000.0,31.0,[4.66613462],0.0,0.0,0.0,0.0,0.0,0,72,-1.0
best_model.pt,63905155,20260207,1000.0,30.0,[14.31115567],0.0,0.0,0.0,0.0,0.0,0,72,-1.0
best_model.pt,63906670,20260207,1000.0,23.0,[17.94818202],0.0,0.0,0.0,0.0,0.0,0,72,-1.0
best_model.pt,63908540,20260207,2454.465,27.5,[1.12145555],0.0,0.0,0.0,0.0,0.0,0,72,-1.0
best_model.pt,63909258,20260207,1000.0,8.49,[0.07855487],20.0482880755,14.111316877694431,0.28290776000000006,0.002700406154083073,282.90776000000005,41,72,0.6621103955384346
best_model.pt,63910609,20260207,1000.0,70.33,[0.00314366],0.0,0.0,0.0,0.0,0.0,0,72,-1.0
best_model.pt,63910919,20260207,1000.0,24.92,[0.06174905],0.0,0.0,0.0,0.0,0.0,0,56,-1.0
best_model.pt,63918879,20260207,1000.0,12.0,[0.41902235],41.1588092282,19.84957847946348,0.8169850337460001,0.006261648446087504,816.9850337460001,329,72,0.6541315399552902
best_model.pt,63920345,20260207,23.28086,2.28,[12.20284942],4.17266149327712,5.579377900414516,0.999999918072253,0.8518518518518519,23.2808609008789,23,1,1.447095601064247
best_model.pt,63920538,20260207,10.416667,10.85,[0.00861161],0.0,0.0,0.0,0.0,0.0,0,72,-1.0
best_model.pt,63920617,20260207,1000.0,15.88,[0.19382245],0.1849119929,21.011341274980794,0.00388527,0.00016192946310340824,3.8852700000000002,7,72,0.3231323125667706
best_model.pt,63920896,20260207,1000.0,50.18,[0.09710027],0.0,0.0,0.0,0.0,0.0,0,28,-1.0
best_model.pt,63921353,20260207,1000.0,1.02,[1.68599384],255.82776490459997,2.1595302006273207,0.55246778663,0.013652460514553107,552.46778663,189,72,1.1171865107935772
best_model.pt,63921753,20260207,1000.0,30.0,[2.42906855],0.0,0.0,0.0,0.0,0.0,0,72,-1.0
best_model.pt,63924789,20260207,7.31947,2.53,[4.27436582],1.0402220392048989,7.036442813587498,0.9999998697072054,0.5166666666666666,7.319469928741456,5,5,1.7812027245685162
best_model.pt,63924884,20260207,6.451613,2.04,[0.06248721],0.1643592003,4.595212214522958,0.11706683185790999,0.018170426065162906,0.75527,4,57,1.252555049240742
best_model.pt,63925060,20260207,1000.0,27.0,[11.43069771],0.0,0.0,0.0,0.0,0.0,0,72,-1.0
best_model.pt,63927660,20260207,1000.0,34.85,[0.03644495],0.0,0.0,0.0,0.0,0.0,0,71,-1.0
best_model.pt,63929252,20260207,5.68214,4.3,[4.092076],0.06673782,5.872444253584346,0.0689740032709782,0.0196078431372549,0.39192000000000005,2,51,0.36568464955829566
best_model.pt,63929254,20260207,1000.0,13.88,[0.03393342],0.8676395707,19.171740651292712,0.01663418,0.0026117837682748894,16.634179999999997,24,72,0.38124931507357873
best_model.pt,63929630,20260207,1000.0,74.77,[0.00039294],0.0,0.0,0.0,0.0,0.0,0,72,-1.0
best_model.pt,63930210,20260207,1000.0,74.77,[0.00016069],0.0,0.0,0.0,0.0,0.0,0,54,-1.0
best_model.pt,63930260,20260207,1000.0,50.18,[0.40955223],0.0,0.0,0.0,0.0,0.0,0,72,-1.0
best_model.pt,63930481,20260207,154.00256,5.0,[2.6122427],2.8155949736,7.082440160795943,0.12948674067386443,0.00012899896800825592,19.941289999999995,3,72,0.41648803215918856
best_model.pt,63931270,20260207,17.857143,1.05,[9.99743162],3.595907424846191,4.965961668743948,0.9999998931884915,0.6428571428571429,17.857143402099613,18,1,3.729487518346178
best_model.pt,63932875,20260207,77.90089,1.0,[57.15022747],34.15201598641264,2.281003976035657,1.0,0.5888888888888889,77.90088653564453,53,1,1.2810039760356569
best_model.pt,63934713,20260207,29.411764,60.0,[0.32206601],0.0,0.0,0.0,0.0,0.0,0,72,-1.0
best_model.pt,63935338,20260207,45.15721,1.18,[43.84751496],12.710193653123019,3.552833968016012,1.0000000000000002,0.627906976744186,45.15721130371095,27,1,2.0108763779175955
best_model.pt,63937480,20260207,27.78555,6.0,[15.92798454],3.731990331621035,7.445234110913481,0.9999999403953552,0.5,27.78554916381836,1,2,0.24087235181891353
best_model.pt,63937984,20260207,500.0,1.36,[79.24994012],149.83567060330918,3.3369890804357514,0.9999999999999999,0.4093836423163399,499.99999999999994,722,6,1.4536684156880464
best_model.pt,63939449,20260207,1000.0,16.0,[0.49055694],0.0,0.0,0.0,0.0,0.0,0,64,-1.0
best_model.pt,63939968,20260207,1000.0,30.87,[0.3124398],0.0,0.0,0.0,0.0,0.0,0,72,-1.0
best_model.pt,63939971,20260207,1000.0,30.87,[0.69906342],0.0,0.0,0.0,0.0,0.0,0,72,-1.0
best_model.pt,63940373,20260207,12.25487,2.1,[9.11345298],1.6358559378969455,7.491407182885273,0.9999999221799813,0.45,12.254870414733885,9,1,2.567336915758587
best_model.pt,63942050,20260207,5.75402,2.0,[6.88059561],1.6226014959276744,3.5461674861969947,0.999999834259505,1.0,5.7540202140808105,9,1,0.7730837430984974
best_model.pt,63942675,20260207,7.03731,2.08,[2.40745589],1.0456509100064346,6.730069592088536,0.9999998644831377,0.9333333333333332,7.0373101234436035,10,3,2.2356104994932817
best_model.pt,63942969,20260207,2.16213,4.82,[0.04112297],0.05382054000000001,12.735421543121953,0.3170205586353404,0.0011299435028248588,0.68544,1,59,1.6422035455513806
best_model.pt,63942976,20260207,0.7507508,4.82,[0.09498939],0.06244306800062861,12.022771804329487,0.9999986503142981,0.3333333333333333,0.7507507801055908,2,1,1.4943509079140613
best_model.pt,63944090,20260207,62.5,12.3,[0.47197054],0.0,0.0,0.0,0.0,0.0,0,63,-1.0
best_model.pt,63944100,20260207,62.5,12.3,[0.98151586],0.0,0.0,0.0,0.0,0.0,0,61,-1.0
best_model.pt,63944555,20260207,62.5,12.3,[5.62118973],0.0,0.0,0.0,0.0,0.0,0,66,-1.0
best_model.pt,63945621,20260207,1000.0,58.11,[0.20964838],0.0,0.0,0.0,0.0,0.0,0,72,-1.0
best_model.pt,63947774,20260207,1000.0,23.0,[2.05422418],0.0,0.0,0.0,0.0,0.0,0,65,-1.0
best_model.pt,63948300,20260207,1000.0,10.01,[3.06237414],42.13945873590001,14.808587578434745,0.6240258800069999,0.013160916714280733,624.0258800069998,315,72,0.4793793446385299
best_model.pt,63949306,20260207,37.5,7.5,[0.04496522],3.1081858314999997,10.898308832887158,0.9033061333333332,0.0009140767824497257,33.873979999999996,87,29,0.45310784438495444
best_model.pt,63950119,20260207,1127.645,1.49,[1214.67691517],300.8234346181533,3.7485278273419245,0.9999999999999996,0.9111105607291461,1127.6450195312495,472,2,1.5157904720466289
best_model.pt,63950135,20260207,53.81452,18.5,[3.58565441],0.0,0.0,0.0,0.0,0.0,0,28,-1.0
best_model.pt,63950199,20260207,1000.0,1.86,[1.08340723],58.0282091332,2.307321680139103,0.13388974729999994,0.22097001763668428,133.88974729999995,51,45,0.24049551741595296
best_model.pt,63950835,20260207,527.8392,20.0,[24.54137215],2.0406179499,79.34029036039972,0.30672846669396353,2.3117325748284387e-05,161.9033,9,72,2.967014518019986
best_model.pt,63950950,20260207,1000.0,28.0,[7.0489881],0.7508882344,47.323091572079676,0.0355344,3.4225946005147584e-06,35.5344,1,72,0.6901104132885598
best_model.pt,63951234,20260207,1000.0,24.0,[0.61324884],0.0,0.0,0.0,0.0,0.0,0,72,-1.0
best_model.pt,63952722,20260207,1000.0,6.0,[1.3205694],0.7619432952000001,44.52934448586445,0.03392888,0.04744663465225059,33.92888,35,72,6.421557414310741
best_model.pt,63953184,20260207,10.204082,8.1,[0.37245729],0.3983135983,9.17402981360927,0.35810666994649226,0.0004016386603451762,3.65415,6,72,0.13259621994544438
best_model.pt,63953504,20260207,24.7436,9.2,[9.36765972],0.181727088,4.5218656567827855,0.0332106043009768,5.52791597567717e-05,0.8217499999999999,1,67,-0.5084928532032246
best_model.pt,63953718,20260207,1000.0,22.5,[1.65804886],0.0,0.0,0.0,0.0,0.0,0,70,-1.0
best_model.pt,63954015,20260207,94.20293,24.75,[2.31202135],0.5295877591,29.09533054701878,0.1635677420042461,2.757055847082134e-05,15.40856,6,72,0.17556891099065774
best_model.pt,63955161,20260207,1.693767,48.0,[0.00795529],0.008994040146373127,188.30009916564018,0.999999463558197,0.005,1.6937669515609741,1,1,2.9229187326175037
best_model.pt,63955360,20260207,7.352941,28.8,[0.11548562],0.0,0.0,0.0,0.0,0.0,0,72,-1.0
best_model.pt,63956425,20260207,1000.0,50.67,[3.53574827],0.0,0.0,0.0,0.0,0.0,0,72,-1.0
best_model.pt,63956511,20260207,1000.0,62.32,[0.03039301],0.0,0.0,0.0,0.0,0.0,0,58,-1.0
best_model.pt,63956533,20260207,1000.0,50.98,[0.68269604],0.0,0.0,0.0,0.0,0.0,0,64,-1.0
best_model.pt,63956557,20260207,1000.0,56.65,[0.5328231],0.0,0.0,0.0,0.0,0.0,0,72,-1.0
best_model.pt,63957528,20260207,1000.0,31.75,[0.28111931],0.0,0.0,0.0,0.0,0.0,0,72,-1.0
best_model.pt,63957691,20260207,1000.0,18.0,[0.4544255],0.01339493,3.9071568752598744,5.2340000000000004e-05,0.005671296296296296,0.052340000000000005,3,72,-0.7829357291522292
best_model.pt,63957756,20260207,1000.0,9.68,[0.4771472],2.1170360388000002,21.613362998096637,0.04575629,0.011341187644424868,45.75629,116,72,1.2327853632959318
best_model.pt,63958669,20260207,1000.0,30.0,[0.19859089],0.0,0.0,0.0,0.0,0.0,0,48,-1.0
best_model.pt,63958692,20260207,1000.0,30.0,[1.69160415],0.0,0.0,0.0,0.0,0.0,0,72,-1.0
best_model.pt,63959180,20260207,1000.0,32.0,[0.32588064],0.0,0.0,0.0,0.0,0.0,0,72,-1.0
best_model.pt,63959271,20260207,1000.0,27.5,[0.09772121],0.0,0.0,0.0,0.0,0.0,0,72,-1.0
best_model.pt,63959420,20260207,1000.0,50.04,[6.68180809],0.0,0.0,0.0,0.0,0.0,0,14,-1.0
best_model.pt,63959507,20260207,1000.0,23.0,[0.05184852],0.0,0.0,0.0,0.0,0.0,0,72,-1.0
best_model.pt,63959710,20260207,6.7463,9.0,[1.01165201],0.22526788098144063,29.947768156425095,0.9999998586374531,0.007835855754857996,6.746300220489502,3,64,2.327529795158344
best_model.pt,63962980,20260207,1000.0,35.11,[0.20670306],0.0,0.0,0.0,0.0,0.0,0,72,-1.0
best_model.pt,63965437,20260207,4.0444894,16.0,[0.18246118],0.07656783999273177,52.821609731601384,0.9999997615814209,0.00018086453246518358,4.04448938369751,1,57,2.3013506082250865
best_model.pt,63965582,20260207,1000.0,2.13,[0.65737985],29.509956221299998,17.470836915611358,0.5155636499999999,0.09213425223067136,515.5636499999999,382,72,7.202270411707043
best_model.pt,63965642,20260207,37.3331,22.0,[0.94398969],1.764077855376649,21.162942490608437,1.0,0.006599471631093323,37.333099365234375,50,62,-0.03804806860870742
best_model.pt,63966360,20260207,1000.0,5.63,[29.11323833],18.216954635000008,19.37700058520233,0.35298996000000005,0.0077390257785014665,352.98996000000005,270,72,2.4417407089389638
best_model.pt,63967286,20260207,1000.0,30.2,[4.54477295],0.0,0.0,0.0,0.0,0.0,0,72,-1.0
best_model.pt,63967297,20260207,4146.955,29.2,[1.11717495],0.2135361879,29.655115637120364,0.0015270167823624354,1.786352268667381e-06,6.33247,1,72,0.01558612542087811
best_model.pt,63967300,20260207,1000.0,29.2,[12.94007754],0.0,0.0,0.0,0.0,0.0,0,72,-1.0
best_model.pt,63967610,20260207,1000.0,22.05,[0.00520829],0.0,0.0,0.0,0.0,0.0,0,72,-1.0
best_model.pt,63969691,20260207,9.090909,10.0,[0.41992057],0.0,0.0,0.0,0.0,0.0,0,70,-1.0
best_model.pt,63972226,20260207,1000.0,29.07,[0.07104294],0.0,0.0,0.0,0.0,0.0,0,72,-1.0
best_model.pt,63972231,20260207,1000.0,29.07,[0.3966302],0.0,0.0,0.0,0.0,0.0,0,72,-1.0
best_model.pt,63974967,20260207,16.666666,7.15,[0.09070365],0.0,0.0,0.0,0.0,0.0,0,68,-1.0
best_model.pt,63978528,20260207,393.5711,27.0,[10.1111397],0.0,0.0,0.0,0.0,0.0,0,72,-1.0
best_model.pt,63978909,20260207,256.41025,23.0,[3.31946612],0.0,0.0,0.0,0.0,0.0,0,66,-1.0
best_model.pt,63979077,20260207,1037.6578,23.0,[53.55952755],0.0,0.0,0.0,0.0,0.0,0,72,-1.0
best_model.pt,63981277,20260207,178.838,23.0,[2.25313358],0.09785212950000001,28.964939746766095,0.01584847762012101,6.890460760777658e-06,2.8343100000000003,3,72,0.25934520638113456
best_model.pt,63982060,20260207,144.41286,32.0,[0.24142034],0.0,0.0,0.0,0.0,0.0,0,72,-1.0
best_model.pt,63982405,20260207,33.766235,29.2,[0.03732695],0.0,0.0,0.0,0.0,0.0,0,26,-1.0
best_model.pt,63984594,20260207,1000.0,86.31,[0.00284172],0.0,0.0,0.0,0.0,0.0,0,59,-1.0
best_model.pt,63985166,20260207,50.0,46.0,[0.01928978],0.0,0.0,0.0,0.0,0.0,0,65,-1.0
best_model.pt,63985726,20260207,4994.146,1.0,[6089.8904525],3423.1068082221,1.0738621798675305,0.7360507568152451,0.09022345618836254,3675.9449400706308,1393,66,0.07386217986753052
best_model.pt,63985744,20260207,1000.0,86.31,[0.08571266],0.0,0.0,0.0,0.0,0.0,0,72,-1.0
best_model.pt,63986072,20260207,1000.0,89.8,[0.00662579],0.0,0.0,0.0,0.0,0.0,0,72,-1.0
best_model.pt,63986203,20260207,1000.0,82.32,[0.20167387],0.0683163772,53.20388675576966,0.00363475,7.938869561322276e-05,3.63475,44,72,-0.3536942789965195
best_model.pt,63986210,20260207,1000.0,82.32,[0.99775229],0.0,0.0,0.0,0.0,0.0,0,35,-1.0
best_model.pt,63986783,20260207,1000.0,30.49,[0.02951536],0.0,0.0,0.0,0.0,0.0,0,44,-1.0
best_model.pt,63987649,20260207,5.0761423,2.07,[1.53290255],0.4799954205327169,10.575375344388007,0.9999998121262016,1.0,5.076142311096191,11,1,4.108877142725774
best_model.pt,63987864,20260207,138.914,3.0,[5.55396446],5.9910886556,2.356898462836618,0.10164842889198307,0.09128787878787879,14.120390000000002,19,22,-0.21436717905446065
best_model.pt,63990159,20260207,1000.0,82.32,[1.11192732],5.6440256822,93.56713030175686,0.5280953799999999,0.021048484531111435,528.0953799999999,4127,72,0.1366269515139441
best_model.pt,63992188,20260207,221.95963,49.74,[0.78058679],0.0,0.0,0.0,0.0,0.0,0,54,-1.0
best_model.pt,63993604,20260207,23.71317,4.5,[6.43865063],0.7923326105366806,29.928263527579585,0.999999919565855,0.3,23.713169097900387,15,1,5.6507252283510185
best_model.pt,63993656,20260207,1000.0,69.53,[0.09976698],0.0,0.0,0.0,0.0,0.0,0,72,-1.0
best_model.pt,63993812,20260207,82.35294,2.06,[7.23096445],20.58717568142819,4.0002057928953985,0.9999999999999994,0.4403108465608465,82.35294342041011,31,4,0.9418475262178666
best_model.pt,63994945,20260207,1000.0,24.0,[41.13260952],0.0,0.0,0.0,0.0,0.0,0,72,-1.0
best_model.pt,63995216,20260207,200.0,188.17,[1.01752644],1.0539662860648373,189.75921040844955,1.0,0.0004471917230770654,200.0,6,69,0.008445619678846928
best_model.pt,63995643,20260207,10.638298,10.0,[0.44644649],0.5918990592602148,17.973132234459015,0.9999999103546237,0.003421309872922776,10.638298034667969,7,62,0.7973132234459015
best_model.pt,63995756,20260207,18.64382,10.0,[3.70741591],1.2533827798360762,14.874789437117412,0.9999998976954049,0.013188190255859428,18.64381980895996,15,63,0.4874789437117412
best_model.pt,63996213,20260207,148.11337,14.0,[1.89770822],6.610796612900001,18.15412870389675,0.8102797770991303,0.0006373819628269292,120.0132707,59,72,0.2967234788497678
best_model.pt,63996594,20260207,50.0,120.0,[0.17424367],0.0,0.0,0.0,0.0,0.0,0,72,-1.0
best_model.pt,63996813,20260207,2738.0024,2.3,[826.7561496],671.6593916229276,4.076474581430257,0.9999999999999999,0.8728121353558926,2738.0024414062495,748,1,0.7723802895408414
best_model.pt,63996824,20260207,1000.0,27.5,[6.68570877],0.0,0.0,0.0,0.0,0.0,0,72,-1.0
best_model.pt,63997152,20260207,69.34492,12.0,[2.78536879],3.4118501621170916,20.32471933926156,1.0,0.0007281954149617094,69.34491729736328,27,65,0.6937266116051299
best_model.pt,63997228,20260207,3.88989,3.37,[0.4332658],0.08099500040000002,9.445404664697492,0.19667389596751778,0.03676470588235294,0.76504,2,34,1.8027907968698644
best_model.pt,63998445,20260207,312.5,26.0,[13.29513089],0.3338400633,29.89374614779452,0.031935232,1.031434604408155e-05,9.97976,6,72,0.14975946722286615
best_model.pt,63999590,20260207,40.2639,45.0,[1.13178787],0.0,0.0,0.0,0.0,0.0,0,72,-1.0
best_model.pt,64000136,20260207,1000.0,90.69,[1.69324417],0.0,0.0,0.0,0.0,0.0,0,72,-1.0
best_model.pt,64000141,20260207,1000.0,90.69,[0.01134874],0.0,0.0,0.0,0.0,0.0,0,72,-1.0
best_model.pt,64001234,20260207,1778.9946,62.32,[59.29521533],0.5599303366,73.875111636322,0.02325189144917866,0.000127887238283435,41.36499,11,64,0.18541578944291068
best_model.pt,64001556,20260207,1000.0,56.65,[2.04788317],0.0,0.0,0.0,0.0,0.0,0,63,-1.0
best_model.pt,64001859,20260207,1000.0,49.88,[0.17301147],0.0,0.0,0.0,0.0,0.0,0,60,-1.0
best_model.pt,64002001,20260207,1000.0,62.32,[0.24218348],0.0,0.0,0.0,0.0,0.0,0,72,-1.0
best_model.pt,64002534,20260207,1000.0,74.77,[0.17378205],0.0,0.0,0.0,0.0,0.0,0,67,-1.0
best_model.pt,64002649,20260207,59.33854,2.0,[24.47118861],10.42949494385703,5.689492516508965,1.0000000000000002,0.7963320463320464,59.33853912353517,80,2,1.8447462582544825
best_model.pt,64003385,20260207,7.6923075,28.01,[0.05484108],0.0,0.0,0.0,0.0,0.0,0,72,-1.0
best_model.pt,64003833,20260207,2.6184864,23.0,[0.0070058],0.0,0.0,0.0,0.0,0.0,0,67,-1.0
best_model.pt,64003921,20260207,896.7005,2.57,[225.29016801],171.460865595723,5.229767691554701,1.0000000000000018,0.8931750741839762,896.7005004882828,301,1,1.034929115720185
best_model.pt,64004668,20260207,1000.0,32.0,[0.39536809],0.0,0.0,0.0,0.0,0.0,0,72,-1.0
best_model.pt,64004784,20260207,16.216217,1.18,[1.13358603],5.229836113455606,3.100711683599795,0.9999998823801874,0.75,16.216217041015625,9,1,1.6277218825671973
best_model.pt,64005031,20260207,1000.0,8.49,[1.23163433],0.0,0.0,0.0,0.0,0.0,0,71,-1.0
best_model.pt,64005326,20260207,1000.0,24.56,[0.02712909],0.0,0.0,0.0,0.0,0.0,0,56,-1.0
best_model.pt,64005450,20260207,1000.0,23.0,[0.06355928],0.0,0.0,0.0,0.0,0.0,0,55,-1.0
best_model.pt,64005575,20260207,1000.0,6.38,[2.12911158],38.0530796804,20.742692646867788,0.7893233568199998,0.11203803977835469,789.3233568199997,1798,72,2.2512056857048313
best_model.pt,64005608,20260207,341.591,25.0,[3.26079876],0.0,0.0,0.0,0.0,0.0,0,72,-1.0
best_model.pt,64005639,20260207,1000.0,24.0,[0.06845896],0.0,0.0,0.0,0.0,0.0,0,72,-1.0
best_model.pt,64006623,20260207,5.42627,23.0,[0.70754323],0.2198384602543444,24.682875411944735,0.9999998242486743,0.000491409147345478,5.426270008087159,16,65,0.07316849617151024
best_model.pt,64007498,20260207,151.51515,52.0,[2.58254205],0.0,0.0,0.0,0.0,0.0,0,72,-1.0
best_model.pt,64007547,20260207,41.666668,6.5,[0.06815347],1.4054011174,25.086592344990297,0.8461619741771857,0.033366009996444776,35.25675,30,72,2.8594757453831225
best_model.pt,64008712,20260207,1000.0,30.0,[3.55227934],0.0,0.0,0.0,0.0,0.0,0,72,-1.0
best_model.pt,64008942,20260207,622.4808,32.4,[18.86823898],0.34655157650000007,20.301104297229195,0.011302196460832114,6.983868644392649e-05,7.0354,12,37,-0.3734227363843159
best_model.pt,64009066,20260207,1000.0,32.66,[0.01948715],0.0,0.0,0.0,0.0,0.0,0,60,-1.0
best_model.pt,64009550,20260207,1000.0,49.88,[1.26295174],0.0,0.0,0.0,0.0,0.0,0,57,-1.0
best_model.pt,64009920,20260207,650.6763,2.3,[108.4192968],90.2189662808,3.49757768804735,0.48495367324110655,0.13086759695031291,315.547847,117,24,0.5206859828518732
best_model.pt,64010195,20260207,1000.0,74.77,[0.85103553],0.0,0.0,0.0,0.0,0.0,0,61,-1.0
best_model.pt,64010536,20260207,1000.0,23.0,[0.04365347],0.0018846015999999998,20.354246623464896,3.8379999999999995e-05,0.0001575299306868305,0.03838,1,69,-0.11503275550152628
best_model.pt,64011512,20260207,2.76675,16.0,[0.28248567],0.04274067234050239,64.73191023583284,0.9999996553089531,0.0010845986984815619,2.7667500972747803,3,3,3.0457443897395526
best_model.pt,64011906,20260207,1000.0,49.88,[1.20940839],0.0,0.0,0.0,0.0,0.0,0,71,-1.0
best_model.pt,64012844,20260207,1000.0,33.75,[0.02184388],0.0,0.0,0.0,0.0,0.0,0,66,-1.0
best_model.pt,64014502,20260207,1000.0,64.61,[2.44987276],0.0,0.0,0.0,0.0,0.0,0,72,-1.0
best_model.pt,64014589,20260207,1000.0,43.12,[3.84171003],0.0,0.0,0.0,0.0,0.0,0,58,-1.0
best_model.pt,64014727,20260207,1000.0,43.12,[0.11994654],0.0,0.0,0.0,0.0,0.0,0,60,-1.0
best_model.pt,64014794,20260207,2172.0188,288.0,[8.33836502],0.0,0.0,0.0,0.0,0.0,0,44,-1.0
best_model.pt,64017299,20260207,1000.0,29.2,[11.78172921],0.0,0.0,0.0,0.0,0.0,0,70,-1.0
best_model.pt,64017952,20260207,1000.0,45.04,[6.04706331],0.0,0.0,0.0,0.0,0.0,0,19,-1.0
best_model.pt,64018079,20260207,1000.0,43.12,[0.01519128],0.0,0.0,0.0,0.0,0.0,0,70,-1.0
best_model.pt,64018092,20260207,27.777779,35.0,[0.70589038],0.0,0.0,0.0,0.0,0.0,0,72,-1.0
best_model.pt,64018462,20260207,1000.0,64.61,[0.00239328],0.0,0.0,0.0,0.0,0.0,0,58,-1.0
best_model.pt,64018532,20260207,1000.0,43.12,[0.00754731],0.0,0.0,0.0,0.0,0.0,0,60,-1.0
best_model.pt,64018637,20260207,1000.0,32.2,[0.20572946],0.0,0.0,0.0,0.0,0.0,0,57,-1.0
best_model.pt,64018926,20260207,1000.0,14.0,[0.05026751],3.8059547771,18.796428277080413,0.07153837479000001,0.021548598591688266,71.53837479,45,72,0.34260201979145805
best_model.pt,64019380,20260207,1000.0,39.33,[0.0255092],0.0,0.0,0.0,0.0,0.0,0,56,-1.0
best_model.pt,64019817,20260207,248.75623,600.0,[0.0269657],0.0,0.0,0.0,0.0,0.0,0,72,-1.0
best_model.pt,64020441,20260207,193.6996,2.61,[10.76953842],38.09247169254119,5.084983633988518,0.9999999999999994,0.7733333333333333,193.69960021972645,58,1,0.9482696698736168
best_model.pt,64020537,20260207,40000.0,1.56,[1525.46249437],12240.733255999618,2.755981924254819,0.8433809898978941,0.023471259126654875,33735.239595915766,6565,72,0.7666551444510495
best_model.pt,64020651,20260207,1000.0,7.0,[3.2944724],0.0,0.0,0.0,0.0,0.0,0,72,-1.0
best_model.pt,64020690,20260207,1000.0,28.88,[1.47738812],0.0,0.0,0.0,0.0,0.0,0,72,-1.0
best_model.pt,64020711,20260207,1000.0,28.88,[0.93444233],0.0,0.0,0.0,0.0,0.0,0,72,-1.0
best_model.pt,64021638,20260207,380.56766,3.0,[151.39981392],48.58616009950002,5.880685230818542,0.7507729950015404,0.02477146447883188,285.7199200000001,360,57,0.9602284102728472
best_model.pt,64021741,20260207,1000.0,23.81,[2.0033877],0.0,0.0,0.0,0.0,0.0,0,71,-1.0
best_model.pt,64021769,20260207,502.20883,2.57,[116.80017469],84.04492008625796,5.975481032002827,0.999999999999999,0.8135593220338984,502.20883178710886,192,1,1.32508995611647
best_model.pt,64023756,20260207,1000.0,166.08,[2.94529916],0.313503323,153.44553956916252,0.048105840000000004,0.0010831867294250775,48.10584,5,51,-0.07607455516977057
best_model.pt,64024405,20260207,0.4539,22.5,[0.02899705],0.0,0.0,0.0,0.0,0.0,0,16,-1.0
best_model.pt,64024543,20260207,33.333332,3.62,[12.36132078],2.5923838760999995,6.18276172946695,0.4808429583427032,0.0052579743296479855,16.028098,26,72,0.7079452831286674
best_model.pt,64024748,20260207,106.53732,2.5,[57.40553932],14.525292380291411,7.334607309384995,0.9999999999999999,0.4925373134328358,106.53732299804686,33,1,1.933842923753998
best_model.pt,64025102,20260207,282.86703,11.54,[27.54282101],5.2688963944000005,11.410446152149117,0.212539683242624,0.0008599771899719871,60.12047,9,24,-0.011226500011452999
best_model.pt,64026285,20260207,1000.0,27.12,[1.89196298],0.0,0.0,0.0,0.0,0.0,0,38,-1.0
best_model.pt,64026292,20260207,1000.0,27.12,[0.02422681],0.0,0.0,0.0,0.0,0.0,0,36,-1.0
best_model.pt,64026424,20260207,1000.0,26.25,[0.06705199],0.0,0.0,0.0,0.0,0.0,0,72,-1.0
best_model.pt,64027513,20260207,1000.0,16.17,[0.70051727],2.5890806609,63.318671046865774,0.16393721,0.0021451476557701704,163.93721,11,72,2.9158114253625893
best_model.pt,64029184,20260207,9.71446,12.0,[0.37187877],0.8293538572455511,11.71327362232907,0.9999999018294186,0.000276633715229016,9.714460372924805,29,69,-0.023893864805910898
best_model.pt,64029548,20260207,1000.0,26.3,[2.38007307],0.23410000000000003,22.37922947787493,0.005239,3.1437050450178564e-06,5.239,1,72,-0.14907870239253387
best_model.pt,64029570,20260207,1000.0,26.5,[0.1879625],0.0,0.0,0.0,0.0,0.0,0,72,-1.0
best_model.pt,64029589,20260207,1000.0,30.0,[3.04058014],0.0,0.0,0.0,0.0,0.0,0,72,-1.0
best_model.pt,64029718,20260207,1000.0,2.75,[337.58636438],160.08405858357037,6.246718146711914,1.0000000000000004,0.7170731707317073,1000.0000000000003,147,1,1.2715338715316051
best_model.pt,64030368,20260207,1000.0,20.04,[0.1709648],0.0,0.0,0.0,0.0,0.0,0,50,-1.0
best_model.pt,64031354,20260207,1000.0,102.01,[0.00329459],0.0,0.0,0.0,0.0,0.0,0,55,-1.0
best_model.pt,64032557,20260207,67.9219,30.55,[2.61925867],0.0,0.0,0.0,0.0,0.0,0,72,-1.0
best_model.pt,64033273,20260207,1172.7704,25.52,[1.06289802],0.0,0.0,0.0,0.0,0.0,0,30,-1.0
best_model.pt,64035082,20260207,1857.1991,86.3,[6.38775789],0.0,0.0,0.0,0.0,0.0,0,46,-1.0
best_model.pt,64036941,20260207,54.87099,26.53,[0.98095338],0.0,0.0,0.0,0.0,0.0,0,72,-1.0
best_model.pt,64037275,20260207,172.63347,27.0,[3.81691737],0.680025864,23.28740353998721,0.09173227025942957,1.2007338885526834e-06,15.836060000000002,1,72,-0.1375035725930663
best_model.pt,64037396,20260207,1000.0,20.15,[1.83101804],0.0,0.0,0.0,0.0,0.0,0,72,-1.0
best_model.pt,64037536,20260207,15.42675,12.1,[2.67842637],1.025431480304276,15.044140379216289,0.9999999381804823,0.004331509539842873,15.42675018310547,10,66,0.24331734751474055
best_model.pt,64040144,20260207,500.0,1.6,[21.03901784],6.2177202009,19.742630142733265,0.24550834,0.05508474576271186,122.75417,11,59,11.339143655340722
best_model.pt,64040948,20260207,208.86076,12.0,[14.6150059],0.0,0.0,0.0,0.0,0.0,0,34,-1.0
best_model.pt,64048356,20260207,1062.3138,50.18,[47.01698996],0.0,0.0,0.0,0.0,0.0,0,64,-1.0
best_model.pt,64048419,20260207,793.6429,2.67,[3.1898602],0.0930805774,5.266240793207701,0.0006176455560985908,0.03205128205128205,0.49019,2,26,0.9723747725570967
best_model.pt,64049764,20260207,500.0,18.0,[2.67736202],0.0195882764,21.00792247742239,0.00082306,0.0002041277932186352,0.41153,4,72,0.16710680430124392
best_model.pt,64053215,20260207,1000.0,22.98,[2.22047377],0.451775475,36.513986258359296,0.01649616,1.0565853838899254e-05,16.49616,8,72,0.5889463440261623
best_model.pt,64055756,20260207,145.76476,12.0,[18.89065394],0.0,0.0,0.0,0.0,0.0,0,72,-1.0
best_model.pt,64055857,20260207,1000.0,38.0,[0.06898852],0.0,0.0,0.0,0.0,0.0,0,72,-1.0
best_model.pt,64058792,20260207,6.1728396,12.1,[0.00192569],0.0,0.0,0.0,0.0,0.0,0,67,-1.0
best_model.pt,64059274,20260207,4187.775,10.0,[6.10312585],0.0,0.0,0.0,0.0,0.0,0,45,-1.0
best_model.pt,64059312,20260207,2.48044,13.0,[0.03933872],0.0,0.0,0.0,0.0,0.0,0,72,-1.0
best_model.pt,64059848,20260207,33.37384,14.0,[3.29243069],0.045250547,12.113839997558538,0.01642514000625461,3.454947484798231e-05,0.54817,1,72,-0.13472571446010445
best_model.pt,64060132,20260207,1000.0,114.63,[0.00028414],0.0,0.0,0.0,0.0,0.0,0,50,-1.0
best_model.pt,64061252,20260207,1000.0,62.0,[0.13465897],0.0,0.0,0.0,0.0,0.0,0,17,-1.0
best_model.pt,64062292,20260207,1321.4402,800.0,[2.22716564],0.0,0.0,0.0,0.0,0.0,0,1,-1.0
best_model.pt,64062322,20260207,7.8125,14.49,[0.32248951],0.0,0.0,0.0,0.0,0.0,0,72,-1.0
best_model.pt,64062508,20260207,3.7593985,12.0,[0.07950598],0.0,0.0,0.0,0.0,0.0,0,69,-1.0
best_model.pt,64070901,20260207,16.666666,7.15,[0.18408317],0.22723708924175298,73.34450877710266,0.9999998855590908,0.001516885098120796,16.66666603088379,3,66,9.257973118716938
best_model.pt,64073068,20260207,1013.3128,12.92,[42.49666907],0.0,0.0,0.0,0.0,0.0,0,72,-1.0
best_model.pt,64073560,20260207,62.5,1.39,[27.03498893],15.692611952032697,3.982765661209038,1.0000000000000002,0.8727272727272727,62.500000000000014,48,1,1.865299066329115
best_model.pt,64073567,20260207,1000.0,5.38,[0.0050812],38.527865624383004,25.95523935309547,0.9999999999999993,0.0591941338859627,999.9999999999993,1822,72,3.8243938291798165
best_model.pt,64074041,20260207,1000.0,5.38,[0.0044572],33.4835955668,25.038776027461978,0.8383882750299999,0.049034036492533004,838.3882750299999,1691,72,3.654047489748794
best_model.pt,64075202,20260207,16.13854,8.3,[0.23027222],0.0,0.0,0.0,0.0,0.0,0,72,-1.0
best_model.pt,64081848,20260207,1000.0,96.08,[0.00241195],0.0,0.0,0.0,0.0,0.0,0,72,-1.0
best_model.pt,64082498,20260207,130.62898,2.5,[71.42236422],25.400040979648118,5.142864828672813,0.9999999999999998,0.8125,130.62898254394528,117,1,1.0571459314691254
best_model.pt,64083791,20260207,125.47337,14.0,[1.60462779],0.0,0.0,0.0,0.0,0.0,0,26,-1.0
best_model.pt,64084611,20260207,1000.0,56.65,[0.09727165],0.0,0.0,0.0,0.0,0.0,0,58,-1.0
best_model.pt,64085364,20260207,1000.0,49.13,[0.01287131],0.0,0.0,0.0,0.0,0.0,0,16,-1.0
best_model.pt,64085968,20260207,1000.0,50.24,[0.0807456],0.0,0.0,0.0,0.0,0.0,0,14,-1.0
best_model.pt,64086199,20260207,1000.0,32.2,[0.021029],0.0,0.0,0.0,0.0,0.0,0,17,-1.0
best_model.pt,64087348,20260207,1000.0,23.0,[7.09013879],0.0,0.0,0.0,0.0,0.0,0,72,-1.0
best_model.pt,64087378,20260207,1000.0,23.0,[8.41721299],0.0,0.0,0.0,0.0,0.0,0,72,-1.0
best_model.pt,64087380,20260207,1000.0,23.0,[5.34113275],0.0,0.0,0.0,0.0,0.0,0,72,-1.0
best_model.pt,64089175,20260207,1000.0,73.7,[0.17912127],0.0,0.0,0.0,0.0,0.0,0,72,-1.0
best_model.pt,64089368,20260207,1000.0,85.14,[0.13389581],0.0,0.0,0.0,0.0,0.0,0,35,-1.0
best_model.pt,64090050,20260207,1000.0,64.77,[20.95679163],0.0,0.0,0.0,0.0,0.0,0,64,-1.0
best_model.pt,64094719,20260207,72.20216,3.4,[0.29324328],13.395750806495695,5.389929937435668,1.0000000000000002,0.96,72.20216369628908,24,1,0.5852734665447674
best_model.pt,64096983,20260207,1000.0,30.2,[4.30133487],0.0,0.0,0.0,0.0,0.0,0,72,-1.0
best_model.pt,64096986,20260207,1000.0,30.2,[1.76475282],0.0,0.0,0.0,0.0,0.0,0,72,-1.0
best_model.pt,64096993,20260207,1000.0,30.2,[0.00700428],0.0,0.0,0.0,0.0,0.0,0,72,-1.0
best_model.pt,64097468,20260207,15.625,21.06,[0.01136528],0.0,0.0,0.0,0.0,0.0,0,29,-1.0
best_model.pt,64099890,20260207,1000.0,30.66,[10.77036376],0.0,0.0,0.0,0.0,0.0,0,72,-1.0
best_model.pt,64100045,20260207,1000.0,78.48,[9.41515804],0.5202525548,141.09564331226744,0.07340551,0.00010180714036243409,73.40550999999999,14,63,0.7978547053642786
best_model.pt,64101329,20260207,1000.0,33.75,[4.0791793],0.0,0.0,0.0,0.0,0.0,0,72,-1.0
best_model.pt,64101372,20260207,416.66666,160.0,[0.74120955],0.0,0.0,0.0,0.0,0.0,0,72,-1.0
best_model.pt,64101541,20260207,72.20216,3.4,[2.87394336],13.466783842082066,5.361499759813948,1.0000000000000007,0.9583333333333334,72.2021636962891,23,1,0.5769116498317453
best_model.pt,64101656,20260207,1000.0,23.72,[0.00670113],0.0,0.0,0.0,0.0,0.0,0,48,-1.0
best_model.pt,64101730,20260207,1000.0,30.0,[0.90535562],0.0,0.0,0.0,0.0,0.0,0,72,-1.0
best_model.pt,64101770,20260207,72.20216,3.4,[4.90549062],13.505338014789272,5.346194095329468,1.0000000000000007,0.92,72.2021636962891,23,1,0.5724099839331667
best_model.pt,64102348,20260207,88.35518,30.0,[2.65651236],0.0,0.0,0.0,0.0,0.0,0,72,-1.0
best_model.pt,64102891,20260207,1000.0,1.19,[4.14786939],138.04940160290002,2.461882185594193,0.33986136500000014,0.023319728619951005,339.86136500000015,92,71,1.0688084598453977
best_model.pt,64104000,20260207,1000.0,42.0,[0.07516578],0.0,0.0,0.0,0.0,0.0,0,26,-1.0
best_model.pt,64104600,20260207,1000.0,3.32,[1.96863788],183.62076221271462,5.44600720802775,1.0000000000000007,0.4250272628135224,1000.0000000000007,1559,1,0.6403636498595898
best_model.pt,64105048,20260207,11.61668,2.37,[4.91413283],2.738255938635545,4.242363081914506,0.9999999179047521,0.42,11.616680145263674,21,1,0.7900267032771331
best_model.pt,64105429,20260207,243.90244,23.0,[4.47563741],0.1742966934,40.45830935821208,0.028912339441167285,1.1495539096185521e-05,7.05179,6,72,0.7590569286179164
best_model.pt,64105743,20260207,250.0,2.0,[10.78450976],58.31787655590001,3.3847130292215204,0.78955712,0.17046754307783718,197.38928,48,44,0.6923565146107602
best_model.pt,64106409,20260207,1000.0,42.0,[0.00105455],0.0,0.0,0.0,0.0,0.0,0,14,-1.0
best_model.pt,64107218,20260207,2941.1765,1.0,[3.57835713],5.9843418742,2.710957634119313,0.005515921919200363,0.09090909090909091,16.223300000000002,1,11,1.7109576341193131
best_model.pt,64107502,20260207,44.82459,33.6,[2.68979314],0.0,0.0,0.0,0.0,0.0,0,65,-1.0
best_model.pt,64109107,20260207,1000.0,35.2,[4.07243598],0.0,0.0,0.0,0.0,0.0,0,13,-1.0
best_model.pt,64110035,20260207,228.48798,91.53,[7.41909721],0.0,0.0,0.0,0.0,0.0,0,72,-1.0
best_model.pt,64110204,20260207,1000.0,36.3,[0.16962031],0.0,0.0,0.0,0.0,0.0,0,8,-1.0
best_model.pt,64110714,20260207,1000.0,36.3,[0.11313541],0.0,0.0,0.0,0.0,0.0,0,8,-1.0
best_model.pt,64111322,20260207,23.809525,8.81,[0.11075784],0.0,0.0,0.0,0.0,0.0,0,58,-1.0
best_model.pt,64111471,20260207,1000.0,38.5,[2.01906826],0.0,0.0,0.0,0.0,0.0,0,6,-1.0
best_model.pt,64111607,20260207,1000.0,182.73,[0.18343676],0.0,0.0,0.0,0.0,0.0,0,72,-1.0
best_model.pt,64112092,20260207,27.03299,14.96,[1.41949859],0.2468636890737944,109.50529054348571,0.999999929443671,0.0019709067633264486,27.03298950195312,11,64,6.319872343867296
best_model.pt,64112353,20260207,13.76477,3.15,[1.38116265],2.5526016333,3.614123142258688,0.6702196919857042,0.00372503185003185,9.225420249999999,9,72,0.14734064534595478
best_model.pt,64113058,20260207,1000.0,18.66,[1.86626254],0.0,0.0,0.0,0.0,0.0,0,46,-1.0
best_model.pt,64113541,20260207,65.18746,15.0,[8.43378011],3.644213362465522,17.8879328626882,1.0,0.0031464253793793725,65.18746185302734,31,72,0.19252885751254661
best_model.pt,64114179,20260207,200.0,270.0,[0.05229632],0.0,0.0,0.0,0.0,0.0,0,48,-1.0
best_model.pt,64114440,20260207,609.66254,1.0,[43.12131347],218.616106018538,2.7887356743087373,0.9999999999999998,0.13041880585466326,609.6625366210936,95,5,1.7887356743087373
best_model.pt,64114731,20260207,814.72974,1.0,[1020.60950392],357.37152872042367,2.279783554569942,1.0000000000000002,0.7977714556661926,814.7297363281252,268,2,1.279783554569942
best_model.pt,64115407,20260207,17.81497,1.0,[39.86770342],11.040101407759762,1.613659851919297,0.9999998929356363,0.4444444444444444,17.814970016479492,8,1,0.6136598519192971
best_model.pt,64115681,20260207,6.81994,1.8,[8.57085682],0.12359898516991405,55.177515440669424,0.9999998601638476,0.75,6.819940090179444,10,2,29.65417605687469
best_model.pt,64115785,20260207,50.0,17.88,[0.37127905],0.3617680458,11.682757408538903,0.08452919999999998,0.0035294117647058825,4.226459999999999,2,68,-0.3466019039769347
best_model.pt,64116760,20260207,1000.0,9.0,[0.16845799],33.14630408419999,25.353010776473468,0.8403586299999997,0.02295725889408177,840.3586299999996,722,72,1.8170011973859408
best_model.pt,64117220,20260207,230.2107,20.91,[0.46890149],4.0692272503,29.1706074711461,0.5156227031326388,6.500182832343744e-05,118.70185999999995,80,67,0.3950553650891752
best_model.pt,64117240,20260207,46.2065,3.0,[17.64888945],5.1292106284,6.283908841182724,0.6975533225305518,0.009880556657286217,32.2314983,39,72,1.0946362803942413
best_model.pt,64117651,20260207,1000.0,1.0,[151.93433458],219.14651025064148,4.563157288213834,0.9999999999999996,0.9025720966484801,999.9999999999995,2316,1,3.5631572882138336
best_model.pt,64117807,20260207,1000.0,1.0,[2.98939096],344.9977304192217,2.8985697844628877,0.9999999999999987,0.690555158749252,999.9999999999986,2139,2,1.8985697844628877
best_model.pt,64118118,20260207,11.77282,260.0,[0.09289078],0.0,0.0,0.0,0.0,0.0,0,40,-1.0
best_model.pt,64119370,20260207,1000.0,9.0,[0.0704014],0.40927129409999996,31.516181735107594,0.0128987,0.001902587519025875,12.898700000000002,10,72,2.5017979705675106
best_model.pt,64119491,20260207,1000.0,48.12,[0.63222069],0.0,0.0,0.0,0.0,0.0,0,57,-1.0
best_model.pt,64119946,20260207,1000.0,9.0,[0.04198256],12.793681282500001,34.1355811686345,0.4367197799999999,0.01748495911024673,436.7197799999999,371,72,2.7928423520705
best_model.pt,64120353,20260207,1000.0,9.0,[2.88141195],37.07983307880001,23.32427184442215,0.8648601299999998,0.02334236165277763,864.8601299999998,705,72,1.59158576049135
best_model.pt,64120849,20260207,461.8884,23.0,[0.3846813],0.0,0.0,0.0,0.0,0.0,0,72,-1.0
best_model.pt,64120867,20260207,1000.0,9.0,[1.47208255],48.51222093924166,20.613362159590046,0.9999999999999981,0.034846161515146204,999.9999999999981,1234,72,1.290373573287783
best_model.pt,64121070,20260207,1000.0,9.0,[0.11556819],26.149626503000004,30.81806576049871,0.8058809399999998,0.013414990979589154,805.8809399999998,591,72,2.4242295289443008
best_model.pt,64121242,20260207,102.05589,25.0,[2.07706349],0.0,0.0,0.0,0.0,0.0,0,71,-1.0
best_model.pt,64121508,20260207,41.666668,2.76,[9.17517871],6.056141761792881,6.880066995959865,1.0000000000000002,0.4146341463414634,41.66666793823243,17,1,1.4927779057003072
best_model.pt,64122408,20260207,1250.0,20.52,[5.31170133],0.0,0.0,0.0,0.0,0.0,0,72,-1.0
best_model.pt,64123385,20260207,1000.0,9.0,[0.02230891],7.089752292099999,36.392515983243165,0.25801396000000004,0.0034422030099263527,258.01396000000005,172,72,3.0436128870270185
best_model.pt,64124337,20260207,1000.0,86.31,[0.0046103],0.0,0.0,0.0,0.0,0.0,0,45,-1.0
best_model.pt,64124603,20260207,80.0,2.98,[17.45758452],14.309181415380737,5.5908155810501885,0.9999999999999998,0.6142857142857143,79.99999999999999,43,1,0.8761125990826109
best_model.pt,64125620,20260207,1000.0,7.5,[6.03681066],79.13728177918003,12.636269086851772,0.9999999999999997,0.038897216010428,999.9999999999997,2194,70,0.684835878246903
best_model.pt,64126239,20260207,2000.0,15.0,[3.91153717],14.145812837899998,58.61145491527862,0.41455336500000006,0.004855544761071982,829.1067300000001,144,72,2.9074303276852413
best_model.pt,64126497,20260207,333.33334,100.0,[0.00588778],0.0,0.0,0.0,0.0,0.0,0,72,-1.0
best_model.pt,64126534,20260207,333.33334,6.0,[10.33752043],12.114692026509577,27.514798994613724,1.0000000000000004,0.045947946294767096,333.33334350585955,62,3,3.5857998324356206
best_model.pt,64127954,20260207,1000.0,23.0,[0.12285769],0.0,0.0,0.0,0.0,0.0,0,63,-1.0
best_model.pt,64128713,20260207,1000.0,31.0,[0.00415331],0.0,0.0,0.0,0.0,0.0,0,55,-1.0
best_model.pt,64129362,20260207,1000.0,24.0,[0.00400027],0.0,0.0,0.0,0.0,0.0,0,72,-1.0
best_model.pt,64129574,20260207,1000.0,52.0,[0.18751499],0.0,0.0,0.0,0.0,0.0,0,72,-1.0
best_model.pt,64129661,20260207,1143.8391,24.0,[39.60234406],0.0,0.0,0.0,0.0,0.0,0,72,-1.0
best_model.pt,64131561,20260207,35.86777,16.1,[3.13113294],0.0,0.0,0.0,0.0,0.0,0,72,-1.0
best_model.pt,64131665,20260207,1.7391304,22.76,[0.24919809],0.0,0.0,0.0,0.0,0.0,0,45,-1.0
best_model.pt,64131892,20260207,1000.0,17.11,[2.00475751],0.3186135893,16.20173768985663,0.00516211,0.026071428571428572,5.16211,14,70,-0.0530837456513844
best_model.pt,64132598,20260207,1000.0,46.2,[0.0002398],0.0,0.0,0.0,0.0,0.0,0,29,-1.0
best_model.pt,64133904,20260207,403.04092,72.0,[1.00977348],0.0,0.0,0.0,0.0,0.0,0,30,-1.0
best_model.pt,64136664,20260207,185.32,8.0,[74.34889725],16.999284506990705,10.90163508625163,0.9999999999999999,0.3466666666666667,185.32000732421872,26,1,0.3627043857814538
best_model.pt,64137600,20260207,1.693767,48.0,[0.00205867],0.0,0.0,0.0,0.0,0.0,0,72,-1.0
best_model.pt,64138592,20260207,1000.0,49.74,[18.24395663],1.1221545237,48.947136862897224,0.054926300000000004,9.950248756218906e-06,54.926300000000005,1,67,-0.01594018473692203
best_model.pt,64139850,20260207,7.1035,25.0,[0.36112265],0.0,0.0,0.0,0.0,0.0,0,72,-1.0
best_model.pt,64141744,20260207,22.66524,52.0,[1.85910097],0.14857872119999999,52.49619488450084,0.344133553087179,1.393068093168394e-06,7.79987,1,72,0.009542209317323806
best_model.pt,64141830,20260207,1000.0,25.0,[11.68765614],0.0,0.0,0.0,0.0,0.0,0,72,-1.0
best_model.pt,64142018,20260207,1000.0,30.39,[0.03721408],0.0,0.0,0.0,0.0,0.0,0,36,-1.0
best_model.pt,64142306,20260207,175.4386,52.0,[2.36834848],0.0,0.0,0.0,0.0,0.0,0,52,-1.0
best_model.pt,64142416,20260207,111.111115,3.54,[0.26092889],0.33820450999999996,87.21093869818975,0.2654569718988961,0.04265873015873016,29.495219999999996,10,56,23.63585865479468
best_model.pt,64142620,20260207,10.989011,2.07,[1.0374107],1.1403677085911699,9.636366490999261,0.9999999132156433,0.8,10.98901081085205,4,1,3.6552496626911615
best_model.pt,64142626,20260207,161.11707,1.78,[76.34240574],37.78042882060281,4.264564119432688,0.9999999999999998,0.96875,161.11706542968747,62,1,1.395822577515574
best_model.pt,64143069,20260207,111.111115,3.21,[0.07414306],0.011068913600000002,6.40474736857928,0.0006380999805267341,0.0015649452269170577,0.0709,1,71,0.9952483777154502
best_model.pt,64143979,20260207,1000.0,42.15,[4.2233479],0.33325109090000005,83.02294495821272,0.027667570000000002,6.0101006293836044e-05,27.66757,5,72,0.9697020629344221
best_model.pt,64144354,20260207,1000.0,9.5,[1.8227836],2.2197814056,16.007059930901544,0.03553219,0.037095632600018566,35.53219,23,72,0.6849536769370047
best_model.pt,64147740,20260207,395.34744,44.2,[9.09057472],22.4052592092,9.764849118786998,0.5533967387173488,0.002547966826802958,218.78398541000004,114,72,-0.779075815605538
best_model.pt,64149693,20260207,1000.0,10.54,[17.88805299],0.0,0.0,0.0,0.0,0.0,0,72,-1.0
best_model.pt,64150026,20260207,34.93014,9.0,[0.85200023],2.0973580685309106,16.65434496795121,1.0,0.0008973438621679827,34.93014144897461,5,1,0.8504827742168012
best_model.pt,64150905,20260207,6.0798,48.47,[0.06045328],0.0,0.0,0.0,0.0,0.0,0,23,-1.0
best_model.pt,64154779,20260207,1000.0,57.19,[0.12649453],0.0,0.0,0.0,0.0,0.0,0,26,-1.0
best_model.pt,64157057,20260207,319.69867,3.0,[1.47537276],0.21702949,3.7986367721880923,0.00257874079194829,0.0005152144829352992,0.82442,2,43,0.26621225739603077
best_model.pt,64159965,20260207,26.79537,23.65,[1.7152681],0.0,0.0,0.0,0.0,0.0,0,63,-1.0
best_model.pt,64160337,20260207,51.724136,27.5,[0.12391596],0.0,0.0,0.0,0.0,0.0,0,72,-1.0
best_model.pt,64162199,20260207,209.54996,1.0,[0.56934478],44.00165934435449,4.762319322395213,1.0,0.0035020459530698948,209.54995727539062,52,64,3.7623193223952134
best_model.pt,64162266,20260207,1000.0,2.09,[74.27437605],209.5279385300429,4.772633197476826,0.9999999999999996,0.7430520000265549,999.9999999999995,1514,5,1.2835566475962035
best_model.pt,64162417,20260207,74.44531,33.92,[2.22981087],0.0,0.0,0.0,0.0,0.0,0,37,-1.0
best_model.pt,64163843,20260207,118.75,1.9,[14.02769825],33.23292908157037,3.5732630167886974,0.9999999999999998,0.7916666666666666,118.74999999999997,56,2,0.8806647692774945
best_model.pt,64163937,20260207,1042.111,153.91,[3.56731197],0.0,0.0,0.0,0.0,0.0,0,48,-1.0
best_model.pt,64164134,20260207,1000.0,130.83,[3.90341574],0.0,0.0,0.0,0.0,0.0,0,9,-1.0
best_model.pt,64164423,20260207,1000.0,1.03,[3.5592246],252.68988064890002,2.042050096453659,0.5160053971939998,0.01973270291414853,516.0053971939999,376,72,0.9825729642480839
best_model.pt,64165844,20260207,1000.0,4.75,[46.44669758],39.23039586600001,8.255988108055657,0.32388568999999995,0.006148967157610461,323.88568999999995,97,72,0.7381027595906646
best_model.pt,64166008,20260207,1000.0,148.94,[0.01317282],0.0,0.0,0.0,0.0,0.0,0,23,-1.0
best_model.pt,64166181,20260207,35.08772,61.67,[0.04736793],0.10897347340537765,321.98108297435044,1.0,0.3333333333333333,35.08771896362305,1,1,4.221032796081515
best_model.pt,64166966,20260207,217.39131,310.89,[0.99700655],0.0,0.0,0.0,0.0,0.0,0,65,-1.0
best_model.pt,64166994,20260207,1000.0,12.96,[0.00027814],0.0,0.0,0.0,0.0,0.0,0,72,-1.0
best_model.pt,64167055,20260207,81.25,32.44,[3.1723725],0.0,0.0,0.0,0.0,0.0,0,62,-1.0
best_model.pt,64167205,20260207,1000.0,10.0,[0.77032703],0.0,0.0,0.0,0.0,0.0,0,69,-1.0
best_model.pt,64167208,20260207,23.18485,11.0,[3.07648409],0.6585664517877607,35.20497502542974,0.9999999177329841,0.05043898156277436,23.18485069274902,32,68,2.2004522750390674
best_model.pt,64168025,20260207,1000.0,3.32,[4.54504968],27.782994065900002,4.127908806374935,0.11468567,0.07517003397677299,114.68567,38,19,0.2433460510172407
best_model.pt,64168581,20260207,760.80664,1.0,[34.04220685],14.204716032,1.8309570645729425,0.03418506833567374,0.008536585365853657,26.008226999999998,2,41,0.8309570645729425
best_model.pt,64169222,20260207,159.72878,1.0,[167.88089814],45.14068372770928,3.5384659312969124,1.0000000000000004,0.95,159.72877502441412,38,1,2.5384659312969124
best_model.pt,64169441,20260207,1000.0,42.0,[1.0633209],0.0,0.0,0.0,0.0,0.0,0,72,-1.0
best_model.pt,64169699,20260207,8.33142,3.52,[0.03167758],1.3903241368854535,5.992425601558836,0.9999998855328129,0.01896624834049475,8.331419944763185,26,63,0.7023936460310848
best_model.pt,64169776,20260207,2.2580645,3.34,[0.18611519],0.235666529808306,9.581568195987119,0.9999995776586942,0.7222222222222222,2.258064508438111,8,3,1.8687330665306745
best_model.pt,64170247,20260207,4.5454545,2.5,[0.04801175],0.20790398993297046,21.863133268572287,0.9999997901916924,0.6666666666666666,4.545454502105713,8,9,7.745253307428915
best_model.pt,64170496,20260207,1000.0,28.6,[0.64915828],0.0,0.0,0.0,0.0,0.0,0,8,-1.0
best_model.pt,64170856,20260207,81.96722,8.64,[0.83031726],0.5480564836,15.199719462420273,0.10162989981297715,0.05966183574879227,8.33032,16,69,0.7592267197265868
best_model.pt,64170903,20260207,348.6739,8.64,[6.85292894],1.7663391968,14.956546902947096,0.07576807676546514,0.012059052059052057,26.418350000000004,14,65,0.7310817486837202
best_model.pt,64170958,20260207,1000.0,12.96,[0.0136183],0.0,0.0,0.0,0.0,0.0,0,56,-1.0
best_model.pt,64171280,20260207,1000.0,300.0,[0.05140767],0.0,0.0,0.0,0.0,0.0,0,72,-1.0
best_model.pt,64171740,20260207,164.7887,1.0,[266.06601628],143.63161070346342,1.1473010316787307,0.9999999999999994,0.46778081608644273,164.78869628906241,103,8,0.14730103167873065
best_model.pt,64172255,20260207,102.14761,1.0,[2.01183042],19.603791768673208,5.210604638130136,1.0000000000000002,0.056140350877192984,102.14761352539065,32,1,4.210604638130136
best_model.pt,64172315,20260207,4.587156,41.08,[0.00782726],0.0279510176,44.9212653615387,0.27372947170597817,0.055555555555555546,1.25564,3,21,0.0935068977426429
best_model.pt,64172392,20260207,129.05164,1.0,[14.98830036],36.42254821850739,3.5431796651018734,1.0,0.3808139534883721,129.0516357421875,26,2,2.5431796651018734
best_model.pt,64173658,20260207,31.25,14.4,[0.00109381],0.0,0.0,0.0,0.0,0.0,0,57,-1.0
best_model.pt,64175878,20260207,1000.0,8.0,[1.27141677],20.633600054200002,12.844611701264457,0.26503059353999997,0.023731043913192834,265.03059354,162,72,0.6055764626580571
best_model.pt,64176266,20260207,1000.0,12.0,[0.15505693],28.971496982800005,16.355934728722758,0.4738559299999999,0.022728364270807315,473.85592999999994,230,72,0.3629945607268965
best_model.pt,64176572,20260207,115.27819,57.19,[4.0179322],0.0,0.0,0.0,0.0,0.0,0,72,-1.0
best_model.pt,64176703,20260207,26.574802,68.0,[0.28773573],0.0,0.0,0.0,0.0,0.0,0,72,-1.0
best_model.pt,64176991,20260207,7419.014,115.14,[69.784204],0.7139682169999999,290.11518293512086,0.027919249852953187,9.886947560273762e-06,207.13331,4,41,1.5196733061751555
best_model.pt,64177035,20260207,237.66125,12.0,[24.48548763],4.8098624068,16.694931479025886,0.33787728689556484,0.00012488869759440276,80.30034,49,67,0.3912442899188238
best_model.pt,64177389,20260207,7.38779,3.93,[4.29372054],0.685831543667359,10.77200297843797,0.9999998709121173,0.2037037037037037,7.387790203094481,11,1,1.7409676324322236
best_model.pt,64177756,20260207,2484.6904,136.93,[37.0589491],0.0,0.0,0.0,0.0,0.0,0,39,-1.0
best_model.pt,64177878,20260207,1000.0,32.0,[0.0025462],0.0,0.0,0.0,0.0,0.0,0,51,-1.0
best_model.pt,64178557,20260207,1000.0,31.31,[0.08861221],0.0,0.0,0.0,0.0,0.0,0,72,-1.0
best_model.pt,64178983,20260207,4.4334974,3.12,[2.10552678],0.72198791044944,6.140672473950022,0.9999997848935009,0.6458333333333333,4.433497428894044,7,2,0.9681643266629981
best_model.pt,64179227,20260207,56.35257,15.02,[0.25655194],4.230899171450493,13.319286037599559,1.0000000000000002,0.0003025820333512641,56.35256958007813,36,64,-0.1132299845760013
best_model.pt,64179291,20260207,1000.0,12.93,[0.06073669],0.078897831,6.062320492429096,0.0004783100000000001,0.06315789473684211,0.47831000000000007,2,19,-0.5311430510947169
best_model.pt,64179450,20260207,1000.0,30.0,[0.0473906],0.0,0.0,0.0,0.0,0.0,0,68,-1.0
best_model.pt,64179691,20260207,1000.0,12.7,[0.12804488],0.047490738,6.480916743876588,0.00030779,0.025272727272727273,0.30779,6,25,-0.48969158730628404
best_model.pt,64179851,20260207,1000.0,10.01,[0.32558548],0.0,0.0,0.0,0.0,0.0,0,72,-1.0
best_model.pt,64180437,20260207,1000.0,36.3,[0.07243699],0.0,0.0,0.0,0.0,0.0,0,4,-1.0
best_model.pt,64180551,20260207,1000.0,86.31,[0.010913],0.0,0.0,0.0,0.0,0.0,0,37,-1.0
best_model.pt,64180824,20260207,1000.0,11.0,[0.46331292],2.2413407140000006,66.2227178804918,0.14842774,0.023147936591257374,148.42774,29,72,5.020247080044709
best_model.pt,64180855,20260207,1000.0,82.32,[5.14017745],3.3303254247,26.309424010258343,0.08761897,0.0046728871136029896,87.61897,41,57,-0.6804005817809482
best_model.pt,64181008,20260207,1000.0,30.8,[0.1026294],0.0,0.0,0.0,0.0,0.0,0,6,-1.0
best_model.pt,64182141,20260207,1000.0,30.45,[0.22106837],0.0,0.0,0.0,0.0,0.0,0,71,-1.0
best_model.pt,64182450,20260207,1000.0,30.2,[3.89321092],0.0,0.0,0.0,0.0,0.0,0,72,-1.0
best_model.pt,64182863,20260207,43.47826,19.85,[0.05433193],0.0,0.0,0.0,0.0,0.0,0,26,-1.0
best_model.pt,64183074,20260207,250.0,12.0,[3.24779406],0.0,0.0,0.0,0.0,0.0,0,72,-1.0
best_model.pt,64183342,20260207,25.0,32.0,[0.13441109],0.10258704499999999,40.47615879608584,0.16609478732797336,0.0024813895781637717,4.1523699999999995,1,31,0.2648799623776825
best_model.pt,64184353,20260207,0.83752096,3.05,[0.07571914],0.018547510944632268,45.153002281052224,0.9999987901464115,0.875,0.837520956993103,4,4,13.80426327441787
best_model.pt,64185135,20260207,250.0,28.0,[0.42110049],0.0,0.0,0.0,0.0,0.0,0,72,-1.0
best_model.pt,64185273,20260207,1000.0,10.57,[0.24917867],0.7033592809,14.18196374017059,0.009975030000000001,0.01073150820458194,9.97503,10,71,0.3417184625951343
best_model.pt,64186013,20260207,82.85865,10.0,[0.71754633],0.3395934344,18.968921005379116,0.07774372360479756,7.574036203893055e-06,6.44174,1,45,0.8968921005379116
best_model.pt,64188498,20260207,1000.0,26.98,[0.00055345],0.0,0.0,0.0,0.0,0.0,0,21,-1.0
best_model.pt,64188787,20260207,125.0,1.2,[5.286193],11.669830631,5.020715109921365,0.4687271999999999,0.01669504486525188,58.59089999999999,112,72,3.1839290920133996
best_model.pt,64189196,20260207,96.95803,32.41,[4.22056064],0.0,0.0,0.0,0.0,0.0,0,71,-1.0
best_model.pt,64190160,20260207,111.111115,2.0,[24.9558895],23.529791605872926,4.7221459348613335,0.9999999999999999,0.611111111111111,111.11111450195311,41,2,1.3610729674306667
best_model.pt,64190436,20260207,111.111115,2.0,[74.29364538],23.414511130156292,4.745395243954265,1.0,0.9,111.11111450195312,27,1,1.3726976219771325
best_model.pt,64190638,20260207,105.33542,1.76,[48.29596847],26.92594866714243,3.912040986606762,1.0,0.3999644043663977,105.33541870117188,67,4,1.222750572616229
best_model.pt,64191414,20260207,17.857143,12.0,[0.00072937],0.030929684713470466,577.3277755575432,0.9999998807907104,0.125,17.85714340209961,1,8,47.1106479631286
best_model.pt,64192256,20260207,3.6057692,102.0,[0.00166132],0.0,0.0,0.0,0.0,0.0,0,30,-1.0
best_model.pt,64192383,20260207,89.25466,25.49,[9.17800014e-05],0.0,0.0,0.0,0.0,0.0,0,34,-1.0
best_model.pt,64192413,20260207,1000.0,58.55,[0.03213252],0.0,0.0,0.0,0.0,0.0,0,72,-1.0
best_model.pt,64193332,20260207,61.98347,6.9,[3.1744757],0.0,0.0,0.0,0.0,0.0,0,46,-1.0
best_model.pt,64193931,20260207,720.20166,1.8,[843.92260453],158.63934737217653,4.53986774117741,0.999999999999999,0.8285077951002228,720.2016601562493,372,1,1.5221488119126874
best_model.pt,64194238,20260207,81.57953,21.79,[4.45851736],0.9429642368,19.35640269405953,0.22373768415388612,0.0006702171981623801,18.25241485,42,72,-0.11168417252032588
best_model.pt,64196351,20260207,1000.0,10.57,[3.18001135],0.0,0.0,0.0,0.0,0.0,0,29,-1.0
best_model.pt,64196611,20260207,500.0,1.2,[6.22487524],113.71909077582569,4.396799096722032,1.0000000000000004,0.5521690214547358,500.0000000000002,167,3,2.6639991016741167
best_model.pt,64197886,20260207,1000.0,14.01,[0.03866824],0.0018223299,9.197457903805558,1.6769999999999997e-05,0.018518518518518517,0.016769999999999997,1,27,-0.34350765499312025
best_model.pt,64198178,20260207,1000.0,8.0,[0.12623137],0.0,0.0,0.0,0.0,0.0,0,59,-1.0
best_model.pt,64199262,20260207,461.9958,1900.0,[0.08203797],0.0,0.0,0.0,0.0,0.0,0,50,-1.0
best_model.pt,64199904,20260207,1000.0,14.08,[67.29315014],0.0,0.0,0.0,0.0,0.0,0,12,-1.0
best_model.pt,64200053,20260207,1000.0,114.63,[0.27731372],0.0,0.0,0.0,0.0,0.0,0,50,-1.0
best_model.pt,64200059,20260207,1000.0,114.63,[0.05527998],0.0,0.0,0.0,0.0,0.0,0,25,-1.0
best_model.pt,64200276,20260207,1000.0,16.91,[0.001609],0.0,0.0,0.0,0.0,0.0,0,26,-1.0
best_model.pt,64200313,20260207,1000.0,86.47,[0.70928453],0.0,0.0,0.0,0.0,0.0,0,54,-1.0
best_model.pt,64200567,20260207,1000.0,10.57,[0.01060537],0.0,0.0,0.0,0.0,0.0,0,72,-1.0
best_model.pt,64200673,20260207,1000.0,10.57,[0.31031617],0.45793538899999997,25.05843666422412,0.011475169999999998,0.003075677545117273,11.475169999999999,4,72,1.3707130924984239
best_model.pt,64200712,20260207,1000.0,160.82,[0.39844301],0.0,0.0,0.0,0.0,0.0,0,72,-1.0
best_model.pt,64200779,20260207,1000.0,10.57,[0.06432173],0.0,0.0,0.0,0.0,0.0,0,72,-1.0
best_model.pt,64200992,20260207,1000.0,10.57,[0.01700329],0.0,0.0,0.0,0.0,0.0,0,72,-1.0
best_model.pt,64201906,20260207,56.6968,11.0,[10.7264513],2.3734412018000004,11.255979176463295,0.47119794927956016,2.7732199214654375e-06,26.715416,3,72,0.023270834223935954
best_model.pt,64201946,20260207,160.0,75.0,[0.45647869],0.0,0.0,0.0,0.0,0.0,0,63,-1.0
best_model.pt,64202035,20260207,1000.0,100.04,[0.03962144],0.0,0.0,0.0,0.0,0.0,0,40,-1.0
best_model.pt,64202122,20260207,5.524862,84.77,[0.01404924],0.0,0.0,0.0,0.0,0.0,0,59,-1.0
best_model.pt,64203094,20260207,137.93103,26.6,[0.0356459],0.0,0.0,0.0,0.0,0.0,0,55,-1.0
best_model.pt,64203381,20260207,1000.0,46.06,[8.86759623],0.0,0.0,0.0,0.0,0.0,0,65,-1.0
best_model.pt,64206422,20260207,70.27027,20.7,[0.08656669],0.2600633049,23.106169846379405,0.08551397182226955,0.0002963422894558591,6.00909,2,72,0.11624004805583736
best_model.pt,64207947,20260207,43.54541,34.69,[0.40575361],0.0,0.0,0.0,0.0,0.0,0,48,-1.0
best_model.pt,64209682,20260207,91.666664,19.44,[0.06888159],0.5626193805999999,20.696086387027695,0.12702589443320242,0.0008275871576780741,11.64404,11,67,0.06461346802791988
best_model.pt,64210201,20260207,72.20216,3.4,[0.64618709],13.559837414236968,5.32470679152647,1.0000000000000007,0.9545454545454546,72.2021636962891,21,1,0.5660901888742562
best_model.pt,64210247,20260207,72.20216,3.4,[10.80544793],13.000402112674092,5.553840374834162,1.0000000000000002,1.0,72.20216369628908,28,1,0.6334824173685704
best_model.pt,64210997,20260207,1000.0,29.6,[14.71985225],0.0,0.0,0.0,0.0,0.0,0,72,-1.0
best_model.pt,64211273,20260207,1000.0,56.52,[0.04730717],0.0,0.0,0.0,0.0,0.0,0,65,-1.0
best_model.pt,64211279,20260207,1000.0,29.6,[22.07498259],0.0,0.0,0.0,0.0,0.0,0,72,-1.0
best_model.pt,64211664,20260207,74.95335,25.49,[0.40762028],0.0,0.0,0.0,0.0,0.0,0,36,-1.0
best_model.pt,64212391,20260207,91.666664,19.44,[1.62687806],0.0,0.0,0.0,0.0,0.0,0,65,-1.0
best_model.pt,64212826,20260207,1000.0,79.63,[0.03218035],0.0,0.0,0.0,0.0,0.0,0,59,-1.0
best_model.pt,64213114,20260207,75.757576,30.26,[0.02796684],0.0,0.0,0.0,0.0,0.0,0,64,-1.0
best_model.pt,64213169,20260207,31.25,48.29,[0.32624697],0.0,0.0,0.0,0.0,0.0,0,34,-1.0
best_model.pt,64213358,20260207,1000.0,1.03,[0.44383522],3.3186678240000003,3.390883693672231,0.011253220000000001,0.014925373134328358,11.25322,1,67,2.2921201823888784
best_model.pt,64213628,20260207,4.5454545,2.5,[0.00124408],0.1755310234796321,25.89530053832682,0.9999997901916924,0.6428571428571429,4.545454502105713,6,7,9.358120215330727
best_model.pt,64213821,20260207,1000.0,18.5,[0.20029994],0.0,0.0,0.0,0.0,0.0,0,66,-1.0
best_model.pt,64215562,20260207,250.0,1.0,[0.12904759],22.240946898899995,2.867335524092212,0.25508904,0.02807138886995412,63.77226,115,71,1.867335524092212
best_model.pt,64215857,20260207,1000.0,32.86,[0.03517849],0.0,0.0,0.0,0.0,0.0,0,20,-1.0
best_model.pt,64217599,20260207,4.0444894,17.6,[0.16224127],0.14076565670933658,28.731870730217125,0.9999997615814209,0.009523809523809523,4.04448938369751,1,3,0.6324926197426484
best_model.pt,64218012,20260207,833.3333,5.0,[4.91152227],65.11645611560002,6.046027703888731,0.47243509597406014,0.010769230769230769,393.69590370000014,112,25,0.20920554077774617
best_model.pt,64218299,20260207,833.3333,5.0,[4.2027203],23.182815309299997,6.319691190462778,0.1758098922922337,0.008620689655172414,146.50824,50,25,0.26393823809255557
best_model.pt,64218618,20260207,1000.0,72.88,[0.24709976],0.0,0.0,0.0,0.0,0.0,0,54,-1.0
best_model.pt,64218716,20260207,1000.0,86.0,[0.02298088],0.0,0.0,0.0,0.0,0.0,0,48,-1.0
best_model.pt,64218859,20260207,833.3333,5.0,[3.25121905],21.968357561700007,6.314338859246367,0.16645879623193544,0.006575342465753424,138.71566013999998,60,25,0.26286777184927335
best_model.pt,64219175,20260207,100.0,12.0,[0.05150705],5.5470027569919065,18.02775054441809,1.0000000000000002,0.013751883208008155,100.00000000000003,51,67,0.5023125453681742
best_model.pt,64220364,20260207,46.8393,21.41,[1.42900325],0.0,0.0,0.0,0.0,0.0,0,72,-1.0
best_model.pt,64221144,20260207,50.0,2.7,[5.91637426],8.553900829403105,5.8452856950182035,1.0000000000000002,0.2916666666666667,50.00000000000001,16,2,1.1649205895506465
best_model.pt,64221740,20260207,1000.0,86.31,[4.46735084],0.0,0.0,0.0,0.0,0.0,0,72,-1.0
best_model.pt,64223277,20260207,320.8255,6.0,[74.70335045],29.571316721221336,10.849212182994687,1.0,0.014938488576449912,320.82550048828125,17,1,0.8082020304991145
best_model.pt,64223652,20260207,62.5,2.3,[6.48428271],0.5336829753,10.018756881344194,0.0855496,0.0001463271875914545,5.34685,1,67,3.3559813430667695
best_model.pt,64223859,20260207,254.73218,17.2,[24.39700387],0.25996312130000004,78.05919485551716,0.07966245246472292,0.0018586674857314271,20.29259,9,63,3.5383250809912736
best_model.pt,64224268,20260207,84.22965,3.0,[5.89004207],2.2091356242,7.738806107653502,0.20296985101922085,0.010144927536231883,17.09608,7,69,1.5796020358845009
best_model.pt,64224566,20260207,35.714287,72.0,[0.13725183],0.0,0.0,0.0,0.0,0.0,0,72,-1.0
best_model.pt,64225909,20260207,140.0,2.18,[60.84526442],18.434248809605137,7.594559119354734,0.9999999999999998,0.28695652173913044,139.99999999999997,33,1,2.4837426086191856
best_model.pt,64226179,20260207,1000.0,9.0,[0.54941744],27.260021756700006,29.34660866353743,0.79998922,0.02222656026511989,799.9892199999999,677,72,2.2607342959486036
best_model.pt,64226642,20260207,1000.0,25.05,[2.91122511],0.1146909276,6.321804988130655,0.0007250599999999999,0.00014003602850654856,0.7250599999999999,5,72,-0.7476325277176944
best_model.pt,64227028,20260207,1000.0,8.0,[0.05390942],6.952461256099999,16.333047173376368,0.11355489399999998,0.02746365703196134,113.55489399999998,65,72,1.041630896672046
best_model.pt,64227071,20260207,1000.0,75.77,[0.17015412],0.0,0.0,0.0,0.0,0.0,0,40,-1.0
best_model.pt,64228142,20260207,1000.0,25.88,[16.33815986],0.0813663228,47.64701438597657,0.0038769099999999995,0.00014571250874354503,3.8769099999999996,6,72,0.8410748041370956
best_model.pt,64228417,20260207,80.0,141.02,[0.80620584],0.0,0.0,0.0,0.0,0.0,0,65,-1.0
best_model.pt,64228755,20260207,3.2894738,39.44,[0.0260496],0.0,0.0,0.0,0.0,0.0,0,65,-1.0
best_model.pt,64228902,20260207,5.4945054,90.0,[0.03902984],0.0,0.0,0.0,0.0,0.0,0,72,-1.0
best_model.pt,64228972,20260207,841.61334,1.0,[43.75729825],266.0730464258237,3.163091303036935,1.0000000000000009,0.18611407144266823,841.6133422851569,166,2,2.163091303036935
best_model.pt,64229089,20260207,1000.0,3.94,[8.43509239],123.2781393876,6.032033073032933,0.7436178200000002,0.010095238095238095,743.6178200000002,159,70,0.5309728389416153
best_model.pt,64229552,20260207,41.666668,1.4,[7.18596147],18.00682944349109,2.313936817975294,1.0000000000000002,0.4924962292609351,41.66666793823243,27,4,0.6528120409867172
best_model.pt,64229916,20260207,1000.0,9.5,[2.26966903],38.65464066379999,22.190416288434854,0.8577625899999997,0.03046719080853492,857.7625899999997,631,72,1.3358332935194583
best_model.pt,64230568,20260207,22.40209,280.0,[0.1572515],0.0,0.0,0.0,0.0,0.0,0,72,-1.0
best_model.pt,64230865,20260207,4.6641793,27.0,[0.07598886],0.0,0.0,0.0,0.0,0.0,0,72,-1.0
best_model.pt,64233051,20260207,1000.0,56.0,[0.0003873],0.0,0.0,0.0,0.0,0.0,0,68,-1.0
best_model.pt,64233843,20260207,223.26955,80.0,[4.27981141],11.9323512379,16.157271102644742,0.8635044636166294,0.06272401433691756,192.79424999999998,4,31,-0.7980341112169407
best_model.pt,64234222,20260207,1000.0,30.0,[2.69402092],0.0,0.0,0.0,0.0,0.0,0,72,-1.0
best_model.pt,64234606,20260207,1000.0,23.0,[0.31791199],0.0,0.0,0.0,0.0,0.0,0,71,-1.0
best_model.pt,64235463,20260207,1000.0,24.0,[0.0842021],0.0,0.0,0.0,0.0,0.0,0,69,-1.0
best_model.pt,64238374,20260207,1000.0,50.18,[0.04664409],0.0,0.0,0.0,0.0,0.0,0,72,-1.0
best_model.pt,64238409,20260207,1000.0,50.18,[5.55777465],0.0,0.0,0.0,0.0,0.0,0,72,-1.0
best_model.pt,64238938,20260207,41.666668,1.51,[3.04262653],8.701152189897712,4.788637440219834,1.0,0.618421052631579,41.66666793823242,24,2,2.1712830930222164
best_model.pt,64239841,20260207,41.666668,1.29,[12.53540546],7.498308672457857,5.556808101868456,1.0000000000000002,0.6153846153846154,41.66666793823243,8,1,3.3076033071244044
best_model.pt,64240263,20260207,41.666668,1.29,[18.52793201],3.2306977988258776,12.89710695202388,1.0,0.6288659793814433,41.66666793823242,61,1,8.99775762279695
best_model.pt,64240994,20260207,1000.0,50.18,[15.0738597],0.0,0.0,0.0,0.0,0.0,0,72,-1.0
best_model.pt,64241021,20260207,1000.0,64.69,[0.10863395],0.0,0.0,0.0,0.0,0.0,0,71,-1.0
best_model.pt,64241038,20260207,33.766235,29.2,[0.03588879],0.0,0.0,0.0,0.0,0.0,0,31,-1.0
best_model.pt,64241684,20260207,1000.0,45.34,[0.85736613],0.0,0.0,0.0,0.0,0.0,0,44,-1.0
best_model.pt,64242045,20260207,25.0,1.67,[5.94618043],0.8107066058432962,30.83725848852134,0.9999999237060605,0.10543130990415335,25.0,33,1,17.46542471914455
best_model.pt,64242210,20260207,83.333336,10.11,[1.84133422],1.0271519457,10.169585789272395,0.12534863617466319,0.012890625,10.44572,3,64,0.005893781861386545
best_model.pt,64243018,20260207,1000.0,23.0,[6.04487362],0.5214138054999999,36.7780120505228,0.019176600000000002,1.0528338504003389e-05,19.1766,5,67,0.5990440021966433
best_model.pt,64243086,20260207,1000.0,24.0,[10.58976309],0.0,0.0,0.0,0.0,0.0,0,20,-1.0
best_model.pt,64243116,20260207,463.68225,15.2,[13.35479374],0.0,0.0,0.0,0.0,0.0,0,26,-1.0
best_model.pt,64243513,20260207,2.0408163,14.0,[0.00910626],0.0,0.0,0.0,0.0,0.0,0,67,-1.0
best_model.pt,64243585,20260207,1000.0,30.39,[0.01763267],0.0,0.0,0.0,0.0,0.0,0,38,-1.0
best_model.pt,64243604,20260207,1000.0,38.5,[0.0999369],0.0,0.0,0.0,0.0,0.0,0,4,-1.0
best_model.pt,64244911,20260207,1000.0,30.0,[6.12185766],0.0,0.0,0.0,0.0,0.0,0,72,-1.0
best_model.pt,64245196,20260207,307.34167,250.0,[1.72028606],0.0,0.0,0.0,0.0,0.0,0,36,-1.0
best_model.pt,64245999,20260207,18.21862,43.2,[0.31121027],0.0,0.0,0.0,0.0,0.0,0,71,-1.0
best_model.pt,64246040,20260207,1000.0,51.84,[0.83838083],0.0,0.0,0.0,0.0,0.0,0,72,-1.0
best_model.pt,64247345,20260207,1000.0,25.0,[0.0607089],0.0,0.0,0.0,0.0,0.0,0,72,-1.0
best_model.pt,64247673,20260207,6.11573,14.0,[0.14810144],0.07886087114501412,77.54989477185423,0.999999844062083,0.01594202898550725,6.115729808807373,4,69,4.539278197989588
best_model.pt,64248486,20260207,1000.0,24.0,[4.04282521],0.0,0.0,0.0,0.0,0.0,0,72,-1.0
best_model.pt,64248889,20260207,53.68735,12.0,[7.09505986],0.0,0.0,0.0,0.0,0.0,0,58,-1.0
best_model.pt,64249042,20260207,833.3333,4.88,[0.32767758],0.1097619856,6.838917472011621,0.0009007920219919927,0.0017857142857142857,0.75066,1,70,0.4014174818918275
best_model.pt,64249960,20260207,17.857143,10.8,[0.87674383],0.19316374367057082,92.44514844051324,0.9999998931884913,0.025210084033613446,17.85714340209961,3,1,7.559735815543815
best_model.pt,64250556,20260207,111.111115,22.0,[2.88627989],0.5710090022734964,194.5869845704284,1.0,0.00591715976331361,111.11111450195312,3,39,7.8448629350194725
best_model.pt,64251345,20260207,169.62833,1.76,[95.44074051],23.6171065437,3.8572643170395673,0.5370413546177565,0.031033609388531006,91.0974262,64,57,1.191627464738952
best_model.pt,64251558,20260207,9.98865,11.0,[1.036859],0.32008021109999996,15.114789097972146,0.48434567055125805,0.00012225626036367726,4.83796,3,69,0.374071736179286
best_model.pt,64251856,20260207,1000.0,14.0,[0.60129731],4.1017107302,13.671348375636756,0.05607592999999999,0.053024537506666136,56.07592999999999,74,71,-0.023475116025946034
best_model.pt,64252001,20260207,500.0,31.59,[2.26782736],0.0,0.0,0.0,0.0,0.0,0,67,-1.0
best_model.pt,64252871,20260207,28.571428,12.78,[1.17955721],0.27185796313547383,105.09651022509186,0.9999999332428017,0.0020245722051196718,28.571428298950195,3,63,7.223514273944216
best_model.pt,64253222,20260207,217.39215,14.0,[24.12620259],0.0,0.0,0.0,0.0,0.0,0,67,-1.0
best_model.pt,64253303,20260207,1000.0,23.0,[3.34593829],0.0,0.0,0.0,0.0,0.0,0,72,-1.0
best_model.pt,64253514,20260207,16.666666,58.15,[0.2790061],0.0,0.0,0.0,0.0,0.0,0,56,-1.0
best_model.pt,64254884,20260207,1000.0,163.18,[0.00123474],0.0,0.0,0.0,0.0,0.0,0,49,-1.0
best_model.pt,64254890,20260207,1000.0,163.18,[0.03912288],0.0,0.0,0.0,0.0,0.0,0,56,-1.0
best_model.pt,64254998,20260207,1000.0,10.57,[0.4476095],0.0,0.0,0.0,0.0,0.0,0,66,-1.0
best_model.pt,64255309,20260207,25.09375,24.0,[0.54988274],0.0,0.0,0.0,0.0,0.0,0,67,-1.0
best_model.pt,64255540,20260207,1000.0,2.0,[73.34858512],215.37237031522258,4.643121092521119,1.0000000000000004,0.8,1000.0000000000003,448,1,1.3215605462605593
best_model.pt,64255680,20260207,606.9564,1.48,[329.98201287],182.17889176031358,3.3316506193557127,0.9999999999999987,0.8727272727272727,606.9564208984367,240,1,1.2511152543372275
best_model.pt,64255726,20260207,1206.6909,2.0,[945.91496486],283.54612971889253,4.255712870809939,0.9999999999999987,0.8446866485013624,1206.6909179687484,310,1,1.1278564354049694
best_model.pt,64255761,20260207,3419.8564,2.0,[2706.63781902],1061.5248936283542,3.2216450717435254,1.0000000000000009,0.5178319838542134,3419.8564453125027,1463,5,0.6108225358717627
best_model.pt,64255796,20260207,1000.0,2.0,[198.59441722],191.72810227945476,5.215719463632532,1.0000000000000007,0.6727005870841487,1000.0000000000006,286,2,1.6078597318162662
best_model.pt,64256201,20260207,1000.0,16.17,[0.65014249],0.0703272187,22.162369939280147,0.00155864,0.003277674706246135,1.55864,3,70,0.37058564222095
best_model.pt,64256247,20260207,43.15131,16.1,[2.16150144],0.0,0.0,0.0,0.0,0.0,0,72,-1.0
best_model.pt,64256707,20260207,51.54639,14.0,[2.07560502],3.245849202792593,15.88070530460676,1.0,0.005727808536988246,51.546390533447266,219,72,0.13433609318619716
best_model.pt,64256969,20260207,1000.0,61.25,[0.09872949],0.0,0.0,0.0,0.0,0.0,0,66,-1.0
best_model.pt,64257309,20260207,1000.0,86.0,[0.05459049],0.0,0.0,0.0,0.0,0.0,0,61,-1.0
best_model.pt,64257560,20260207,1000.0,146.47,[0.00332099],0.0,0.0,0.0,0.0,0.0,0,56,-1.0
best_model.pt,64257941,20260207,1000.0,49.28,[0.5970099],0.0,0.0,0.0,0.0,0.0,0,71,-1.0
best_model.pt,64258631,20260207,1000.0,35.4,[0.0152289],0.0,0.0,0.0,0.0,0.0,0,71,-1.0
best_model.pt,64259714,20260207,314.21,2.7,[23.15615653],65.46108041530002,4.368225284667633,0.9100562005549128,0.09117387431680755,285.948751,169,23,0.6178611879711111
best_model.pt,64259874,20260207,283.01886,56.1,[1.1502193],0.0,0.0,0.0,0.0,0.0,0,72,-1.0
best_model.pt,64259903,20260207,1000.0,13.2,[0.0666874],0.0,0.0,0.0,0.0,0.0,0,56,-1.0
best_model.pt,64259917,20260207,1000.0,13.2,[0.1527455],0.339377445,502.2594172119564,0.17045601999999999,0.006944444444444444,170.45602,1,48,37.049956399197704
best_model.pt,64260084,20260207,1000.0,35.0,[0.00042429],0.0,0.0,0.0,0.0,0.0,0,17,-1.0
best_model.pt,64260409,20260207,1000.0,96.5,[0.17181614],0.0,0.0,0.0,0.0,0.0,0,40,-1.0
best_model.pt,64260426,20260207,1000.0,131.27,[0.01016224],0.0,0.0,0.0,0.0,0.0,0,72,-1.0
best_model.pt,64260699,20260207,27.777779,35.4,[1.26097145],1.054900969145724,26.332094770837482,0.9999999313354561,0.02473716759431045,27.77777862548828,2,7,-0.2561555470107084
best_model.pt,64260763,20260207,1000.0,176.43,[2.94699993e-05],0.5205286616,361.93232374291273,0.18839651000000002,0.0007936507936507937,188.39651,1,60,1.051421746686926
best_model.pt,64261065,20260207,1000.0,121.55,[0.0688724],0.0,0.0,0.0,0.0,0.0,0,72,-1.0
best_model.pt,64261251,20260207,1000.0,79.04,[0.30957018],0.0,0.0,0.0,0.0,0.0,0,46,-1.0
best_model.pt,64261557,20260207,1236.219,41.08,[3.17424685],3.1786231055,131.22508549477809,0.3374120782620425,0.00020984065927886155,417.11522,7,72,2.194378764500873
best_model.pt,64261838,20260207,1000.0,39.04,[3.23005535],0.0,0.0,0.0,0.0,0.0,0,44,-1.0
best_model.pt,64264364,20260207,171.42857,20.47,[1.13009189],0.0,0.0,0.0,0.0,0.0,0,72,-1.0
best_model.pt,64264474,20260207,1000.0,42.65,[0.04366323],0.0,0.0,0.0,0.0,0.0,0,67,-1.0
best_model.pt,64264541,20260207,283.4929,40.51,[0.44214113],0.0,0.0,0.0,0.0,0.0,0,72,-1.0
best_model.pt,64265070,20260207,10.42728,14.5,[1.16956042],0.5714917749594689,18.245690729449567,0.999999908540464,0.003978028147589633,10.42728042602539,6,68,0.2583234985827288
best_model.pt,64265671,20260207,363.78366,3.0,[0.47237063],0.5474374023999999,9.836138598229988,0.01480187424263638,0.003982834903887535,5.3846799999999995,8,72,2.278712866076663
best_model.pt,64265818,20260207,103.28789,3.0,[2.21127258],6.3394882194,12.370882303893644,0.7592862710488507,0.007129069281196342,78.42507499999999,18,72,3.123627434631215
best_model.pt,64267444,20260207,72.20216,3.4,[0.00528562],13.5890999796003,5.313240648125113,1.0000000000000007,0.9545454545454546,72.2021636962891,21,1,0.5627177938508031
best_model.pt,64268049,20260207,1000.0,91.46,[0.09903829],0.0,0.0,0.0,0.0,0.0,0,71,-1.0
best_model.pt,64269101,20260207,1000.0,2.08,[48.04075789],241.98996048804173,4.132402823037832,0.9999999999999999,0.7775320303154134,999.9999999999999,1619,5,0.9867321993333987
best_model.pt,64269326,20260207,1000.0,148.86,[0.03315929],0.0,0.0,0.0,0.0,0.0,0,60,-1.0
best_model.pt,64270053,20260207,4.464286,66.55,[0.03686608],0.0,0.0,0.0,0.0,0.0,0,62,-1.0
best_model.pt,64272249,20260207,8.23428,6.0,[0.8628781],0.3940165834371162,20.898254237129805,0.9999998841824362,0.022135416666666664,8.23427963256836,5,64,2.4830423728549675
best_model.pt,64273314,20260207,2.22544,16.41,[0.08411338],0.05920957541395984,37.585178150538745,0.9999995714672618,0.0012008756271051353,2.22544002532959,8,65,1.290382602073333
best_model.pt,64273516,20260207,1.7391304,22.76,[0.03709376],0.053419362788902594,32.55557032889998,0.9999994516375508,0.00040556816295742027,1.7391303777694702,8,65,0.4303853251981882
best_model.pt,64273883,20260207,38.46154,1.32,[24.23472569],14.944707754727586,2.5735891447199397,0.9999999999999998,0.5384615384615384,38.46154022216796,17,3,0.9496886685262873
best_model.pt,64273959,20260207,3.27383,2.5,[0.26976729],0.4919860418252213,6.654301147517278,0.9999997086977463,0.16221322537112012,3.273829936981201,10,4,1.661720459006911
best_model.pt,64274214,20260207,79.67624,1.6,[40.99543965],25.234335801363777,3.157453260644672,1.0000000000000004,0.9714285714285714,79.6762390136719,34,1,0.9734082584968454
best_model.pt,64274224,20260207,20.75117,2.6,[11.85970178],2.9976764422876996,6.922415638180041,0.9999999080847719,0.5925925925925926,20.75116920471192,16,1,1.6624676508049012
best_model.pt,64274496,20260207,1.4749262,4.87,[0.63466097],0.11228484430214232,13.135460150460707,0.9999993534092226,0.5714285714285714,1.474926233291626,4,1,1.6972198068034945
best_model.pt,64274858,20260207,1000.0,30.8,[0.05641135],0.0,0.0,0.0,0.0,0.0,0,6,-1.0
best_model.pt,64274912,20260207,1000.0,69.46,[0.00258967],0.0,0.0,0.0,0.0,0.0,0,29,-1.0
best_model.pt,64275253,20260207,17.857143,36.0,[0.00472369],0.0,0.0,0.0,0.0,0.0,0,72,-1.0
best_model.pt,64275363,20260207,1659.0334,43.2,[67.53984918],0.0,0.0,0.0,0.0,0.0,0,72,-1.0
best_model.pt,64275616,20260207,1000.0,37.4,[0.04025076],0.0,0.0,0.0,0.0,0.0,0,5,-1.0
best_model.pt,64275625,20260207,1000.0,37.4,[0.03676234],0.0,0.0,0.0,0.0,0.0,0,6,-1.0
best_model.pt,64277034,20260207,21.53507,48.0,[0.01501921],0.0,0.0,0.0,0.0,0.0,0,72,-1.0
best_model.pt,64277064,20260207,1000.0,10.01,[0.28716228],0.0,0.0,0.0,0.0,0.0,0,72,-1.0
best_model.pt,64277259,20260207,6.22713,48.0,[0.00469345],0.0,0.0,0.0,0.0,0.0,0,72,-1.0
best_model.pt,64277308,20260207,1000.0,10.01,[0.02557057],3.9512956676000006,13.997217787646736,0.05530716,0.025559947299077734,55.30716,19,69,0.39832342333625415
best_model.pt,64277365,20260207,1000.0,8.4,[0.34100227],0.5665271101,62.351839865041846,0.03532407,0.016718550994766802,35.32407,73,70,6.422838416265475
best_model.pt,64277430,20260207,11.111111,29.66,[0.25847866],0.0,0.0,0.0,0.0,0.0,0,72,-1.0
best_model.pt,64277460,20260207,376.40848,52.58,[3.02272637],0.0,0.0,0.0,0.0,0.0,0,72,-1.0
best_model.pt,64277798,20260207,10.810811,46.93,[0.00688491],0.0,0.0,0.0,0.0,0.0,0,71,-1.0
best_model.pt,64277822,20260207,4.587156,41.08,[0.00774072],0.0,0.0,0.0,0.0,0.0,0,10,-1.0
best_model.pt,64278016,20260207,1000.0,8.39,[0.0772067],0.0,0.0,0.0,0.0,0.0,0,64,-1.0
best_model.pt,64278103,20260207,34.95034,1.0,[8.63609402],24.905385389541337,1.4033245549514137,1.0,0.6923076923076923,34.950340270996094,9,1,0.4033245549514137
best_model.pt,64278221,20260207,131.12874,1.0,[8.56348699],31.1755454337339,4.206140818799915,1.0,0.18332343038225388,131.1287384033203,46,3,3.2061408187999154
best_model.pt,64278923,20260207,285.5196,1.0,[9.06605846],3.4084424092999996,7.191182911566611,0.08584608784226776,0.0005211617063316698,24.51074,17,72,6.191182911566611
best_model.pt,64279071,20260207,908.5176,1.0,[153.88702649],182.56324912910006,2.6127434511748384,0.5250211417861774,0.013461646336401744,476.99093620000014,144,68,1.6127434511748384
best_model.pt,64279494,20260207,2330.6992,1.0,[4.55606586],8.1382177419,2.3891419752451424,0.008342286230493465,0.0008890973647047041,19.443360000000002,19,35,1.3891419752451424
best_model.pt,64279763,20260207,367.64413,3.0,[87.83016903],24.1504344916,4.502259215897741,0.29575208890935245,0.014674741425894712,108.73152075999998,159,72,0.5007530719659137
best_model.pt,64280314,20260207,148.10777,1.0,[3.05899225],52.69164744030992,2.810839615217726,1.0,0.18549241461140775,148.10777282714844,40,4,1.8108396152177262
best_model.pt,64280330,20260207,818.67755,1.0,[7.66141475],107.07094486410001,2.2959173799773396,0.3002721219346924,0.007892269913618695,245.82604550000005,45,72,1.2959173799773396
best_model.pt,64281525,20260207,22.68966,3.15,[3.39508344],0.6381649155000001,4.219905724501201,0.11868841922821083,0.007645875251509054,2.693,6,71,0.33965257039427815
best_model.pt,64282585,20260207,1000.0,75.77,[0.98138829],0.5897352383000001,91.54170372100737,0.053985460000000006,0.012692488611606259,53.98546,11,72,0.208152405657843
best_model.pt,64282626,20260207,24.252224,2.1,[11.26059665],4.8132049940934705,5.0386839869864275,0.999999921353667,0.6,24.25222396850586,9,1,1.3993734360992902
best_model.pt,64282700,20260207,1000.0,75.77,[1.04434566],0.0,0.0,0.0,0.0,0.0,0,37,-1.0
best_model.pt,64283544,20260207,43.87046,90.0,[0.30824911],0.0,0.0,0.0,0.0,0.0,0,72,-1.0
best_model.pt,64284543,20260207,50.53481,39.0,[1.00652141],0.0,0.0,0.0,0.0,0.0,0,72,-1.0
best_model.pt,64284846,20260207,48.1084,20.0,[0.72173971],0.2254837688,35.39369884038039,0.16589078537644886,0.0125,7.98074,4,72,0.7696849420190194
best_model.pt,64284892,20260207,39.03742,39.0,[0.31270372],0.0,0.0,0.0,0.0,0.0,0,72,-1.0
best_model.pt,64284934,20260207,1000.0,28.6,[0.16912727],0.0,0.0,0.0,0.0,0.0,0,8,-1.0
best_model.pt,64285482,20260207,1000.0,15.05,[0.30252391],0.9752914663,19.49554688157648,0.01901386,0.004210121345484262,19.01386,7,72,0.29538515843862917
best_model.pt,64285951,20260207,64.51613,9.5,[0.23088611],0.0,0.0,0.0,0.0,0.0,0,72,-1.0
best_model.pt,64286119,20260207,1000.0,86.31,[0.58500253],0.0,0.0,0.0,0.0,0.0,0,72,-1.0
best_model.pt,64287339,20260207,31.51394,9.5,[3.41815016],0.25158602880000003,38.37232804110288,0.30633996152854953,2.0275750202757502e-05,9.653979999999999,1,72,3.039192425379251
best_model.pt,64287527,20260207,500.0,14.85,[12.79967506],0.0,0.0,0.0,0.0,0.0,0,67,-1.0
best_model.pt,64287886,20260207,31.74603,2.66,[18.35447328],7.832648684610799,4.053038510054669,0.99999993991852,0.8461538461538461,31.74603080749512,11,1,0.5236986388250247
best_model.pt,64287936,20260207,83.333336,2.1,[10.67199712],19.994492439374778,4.167814309931858,1.0,0.527027027027027,83.33333587646484,39,1,0.9846735710500376
best_model.pt,64288087,20260207,1712.0155,942.48,[2.09457732],0.0,0.0,0.0,0.0,0.0,0,45,-1.0
best_model.pt,64288096,20260207,63.04892,2.59,[30.43196639],9.725505762643843,6.482841585171515,0.9999999999999989,0.6358024691358025,63.048919677734304,103,1,1.5030277220108526
best_model.pt,64288123,20260207,1000.0,96.08,[0.01975469],0.0,0.0,0.0,0.0,0.0,0,42,-1.0
best_model.pt,64288346,20260207,1000.0,96.08,[0.07399124],0.0,0.0,0.0,0.0,0.0,0,65,-1.0
best_model.pt,64288373,20260207,93.75,72.0,[0.10889776],0.0113184096,8.424467650680297,0.0010171733333333333,0.0003174603174603175,0.09536,1,30,-0.8829935048516625
best_model.pt,64288469,20260207,1000.0,48.4,[0.02223981],0.00022510679999999998,692.5930577939276,0.0001566,0.00025720164609053495,0.15660000000000002,1,72,13.30977347022616
best_model.pt,64288538,20260207,1000.0,81.44,[0.10396416],0.0,0.0,0.0,0.0,0.0,0,65,-1.0
best_model.pt,64288593,20260207,6.6666665,42.48,[0.01493185],0.0,0.0,0.0,0.0,0.0,0,47,-1.0
best_model.pt,64288685,20260207,1000.0,48.4,[0.00204126],0.0,0.0,0.0,0.0,0.0,0,72,-1.0
best_model.pt,64289306,20260207,1875.4841,48.47,[33.88685557],0.0,0.0,0.0,0.0,0.0,0,58,-1.0
best_model.pt,64290009,20260207,1000.0,81.44,[0.22693638],0.0,0.0,0.0,0.0,0.0,0,59,-1.0
best_model.pt,64290316,20260207,29.29814,46.01,[2.80792085],0.0,0.0,0.0,0.0,0.0,0,50,-1.0
best_model.pt,64290705,20260207,1000.0,80.0,[0.01000742],0.0,0.0,0.0,0.0,0.0,0,72,-1.0
best_model.pt,64290708,20260207,1000.0,80.0,[0.00280801],0.0,0.0,0.0,0.0,0.0,0,62,-1.0
best_model.pt,64291686,20260207,149.58566,14.0,[0.30315029],4.9037560970000005,19.781463910466602,0.6484812260556799,0.002660362644874319,97.00349403999999,63,72,0.4129617078904716
best_model.pt,64292377,20260207,500.0,14.85,[6.53539985],1.8095319539,15.039074304420712,0.054427401099999995,0.001370394539214825,27.21370055,9,72,0.012732250376701507
best_model.pt,64293134,20260207,37.5,7.5,[0.42062228],0.9048379732000001,8.207847163937789,0.19804746666666673,0.0004665743238317416,7.426780000000003,32,29,0.09437962185837184
best_model.pt,64294249,20260207,1000.0,16.12,[0.00754796],0.0,0.0,0.0,0.0,0.0,0,58,-1.0
best_model.pt,64294584,20260207,1000.0,16.12,[0.01080176],0.0,0.0,0.0,0.0,0.0,0,49,-1.0
best_model.pt,64295073,20260207,1000.0,46.11,[0.52059995],0.0,0.0,0.0,0.0,0.0,0,72,-1.0
best_model.pt,64295359,20260207,1000.0,16.12,[0.0141793],0.0,0.0,0.0,0.0,0.0,0,61,-1.0
best_model.pt,64296593,20260207,1000.0,150.25,[0.05492044],0.0,0.0,0.0,0.0,0.0,0,62,-1.0
best_model.pt,64296663,20260207,1000.0,142.02,[0.00066519],0.0,0.0,0.0,0.0,0.0,0,45,-1.0
best_model.pt,64297425,20260207,16.129032,30.0,[0.06589824],0.0,0.0,0.0,0.0,0.0,0,72,-1.0
best_model.pt,64297686,20260207,72.98465,13.5,[7.26547934],0.0,0.0,0.0,0.0,0.0,0,72,-1.0
best_model.pt,64297824,20260207,1000.0,33.0,[0.00205724],0.0,0.0,0.0,0.0,0.0,0,52,-1.0
best_model.pt,64297828,20260207,1000.0,33.0,[3.46199992e-05],0.0,0.0,0.0,0.0,0.0,0,57,-1.0
best_model.pt,64297900,20260207,1000.0,33.75,[0.05394811],0.0,0.0,0.0,0.0,0.0,0,71,-1.0
best_model.pt,64298103,20260207,1000.0,142.02,[0.00078863],0.0,0.0,0.0,0.0,0.0,0,45,-1.0
best_model.pt,64298522,20260207,1000.0,18.66,[0.33275902],0.0,0.0,0.0,0.0,0.0,0,51,-1.0
best_model.pt,64298582,20260207,300.0,1.65,[53.73150034],96.20096562608089,3.1184717838237117,0.9999999999999994,0.751742026568086,299.99999999999983,153,6,0.8899829265966158
best_model.pt,64300236,20260207,1000.0,69.46,[0.00261221],0.0,0.0,0.0,0.0,0.0,0,62,-1.0
best_model.pt,64300269,20260207,3.38267,15.0,[0.00491769],0.0,0.0,0.0,0.0,0.0,0,70,-1.0
best_model.pt,64300626,20260207,124.2748,33.41,[2.88096102],0.0,0.0,0.0,0.0,0.0,0,66,-1.0
best_model.pt,64301193,20260207,1000.0,3.42,[9.92824131],88.33639934169997,4.635152563792148,0.40945269252000016,0.027605669940818235,409.45269252000014,1325,8,0.35530773695624956
best_model.pt,64302336,20260207,336.3323,1.51,[504.98338231],90.30147490792265,3.7245493778102805,1.0000000000000007,0.5619846238569338,336.33230590820335,91,4,1.4665890075056334
best_model.pt,64303588,20260207,1000.0,31.0,[0.01644245],0.0,0.0,0.0,0.0,0.0,0,65,-1.0
best_model.pt,64305805,20260207,1000.0,182.33,[0.00023547],0.0,0.0,0.0,0.0,0.0,0,71,-1.0
best_model.pt,64306710,20260207,1000.0,121.55,[0.01462946],0.0,0.0,0.0,0.0,0.0,0,70,-1.0
best_model.pt,64308626,20260207,1000.0,56.21,[0.02793375],0.0,0.0,0.0,0.0,0.0,0,69,-1.0
best_model.pt,64310320,20260207,10.869565,50.4,[0.07476016],0.09098345414560441,119.46617817452636,0.9999999403953552,0.14285714285714285,10.8695650100708,1,7,1.3703606063024427
best_model.pt,64310659,20260207,11.363636,36.0,[0.44079625],0.0,0.0,0.0,0.0,0.0,0,72,-1.0
best_model.pt,64312120,20260207,22.371365,20.0,[0.02409028],0.0,0.0,0.0,0.0,0.0,0,63,-1.0
best_model.pt,64312289,20260207,16.666666,7.15,[0.03751136],0.18443627089895182,90.36495687476857,0.9999998855590908,0.15384615384615385,16.66666603088379,4,1,11.638455338387628
best_model.pt,64312520,20260207,500.0,1.87,[14.81921857],124.02051499678893,4.031591031381818,0.9999999999999991,0.75,499.99999999999955,183,2,1.1559310273270254
best_model.pt,64313364,20260207,28.82184,14.0,[0.84671076],0.0206336015,19.670358063372337,0.01408272230739227,0.0013509349446849447,0.40589,3,72,0.4050255759551669
best_model.pt,64313400,20260207,500.0,1.05,[21.48890643],188.74981166873707,2.6490092516145647,1.0000000000000009,0.6890797381071394,500.00000000000045,238,4,1.522866068489708
best_model.pt,64313710,20260207,3.56287,14.0,[0.10209127],0.0,0.0,0.0,0.0,0.0,0,72,-1.0
best_model.pt,64313873,20260207,37.76841,14.5,[0.05867233],0.0,0.0,0.0,0.0,0.0,0,69,-1.0
best_model.pt,64315646,20260207,1000.0,8.39,[5.90861679],15.513314079100002,15.158050797073233,0.23515161799999998,0.05263771898729061,235.15161799999998,134,67,0.8066805931822022
best_model.pt,64316387,20260207,1000.0,79.04,[0.73063453],0.0,0.0,0.0,0.0,0.0,0,67,-1.0
best_model.pt,64316397,20260207,8.95743,14.5,[0.19024201],0.011433881572061079,783.3426021437779,0.9999998807907104,0.022727272727272728,8.957429885864258,1,44,53.02362773405365
best_model.pt,64319351,20260207,6.45712,1.3,[3.08922341],2.018171713293269,3.199488279263597,0.9999998807907104,1.0,6.457119941711426,1,1,1.4611449204770244
best_model.pt,64319847,20260207,10000.0,268.0,[40.71448957],0.3254201765,456.32906130188496,0.014849914,4.071593260800544e-05,148.49914,10,42,0.7027203779921081
best_model.pt,64321572,20260207,4933.3057,1.0,[4041.43898994],2501.1384563863994,1.1275609875444457,0.5716625607734228,0.09299212425696854,2820.1861489959997,1331,66,0.12756098754444567
best_model.pt,64321933,20260207,50.13335,26.93,[1.1479025],0.0,0.0,0.0,0.0,0.0,0,72,-1.0
best_model.pt,64322228,20260207,70.37037,27.0,[1.58311936],0.0,0.0,0.0,0.0,0.0,0,52,-1.0
best_model.pt,64322287,20260207,72.20216,3.4,[22.97907177],13.170728054193829,5.482017236798175,1.0000000000000004,0.9354838709677419,72.20216369628909,29,1,0.6123579655975696
best_model.pt,64324670,20260207,1000.0,8.39,[4.78991067],13.132488701899998,15.339708964009665,0.20144857,0.006605966917980106,201.44857,107,68,0.8283323404411884
best_model.pt,64325123,20260207,146.2963,27.0,[0.00340678],0.0,0.0,0.0,0.0,0.0,0,29,-1.0
best_model.pt,64325724,20260207,1000.0,67.37,[0.04887855],0.32009279820000003,129.66361808130776,0.041504519999999996,0.018518518518518517,41.50452,1,18,0.9246491434629807
best_model.pt,64325857,20260207,1000.0,58.15,[0.48889004],0.0218617282,83.04544535297293,0.0018156000000000003,0.007952660937735565,1.8156000000000003,8,67,0.4281245601690076
best_model.pt,64326105,20260207,27.51538,48.47,[2.92133463],0.0014544208000000002,42.7848770609847,0.00226309771984374,0.0004761904761904762,0.06227,1,70,-0.11729160339468125
best_model.pt,64326658,20260207,1000.0,76.48,[0.09384181],0.0,0.0,0.0,0.0,0.0,0,59,-1.0
best_model.pt,64327104,20260207,4.464286,66.55,[0.39735207],0.045505736055225926,98.10164906371548,0.9999997863770053,0.01851851851851852,4.464285850524902,2,60,0.47410435109099947
best_model.pt,64328400,20260207,1000.0,300.0,[1.06468649],0.0,0.0,0.0,0.0,0.0,0,72,-1.0
best_model.pt,64329429,20260207,29.27974,2.6,[8.11159126],1.0263485915,6.4880427245729555,0.2274268728905713,0.027589264063405058,6.658999999999999,34,61,1.4954011394434434
best_model.pt,64329733,20260207,9.54238,30.63,[0.07121741],0.3864321438,10.375222892565978,0.420160322625264,0.00036536353671903543,4.00933,1,23,-0.6612725048371725
best_model.pt,64329848,20260207,3.8860104,2.17,[0.12005748],0.1942670953260892,20.00333818004761,0.9999997545878723,0.18360849056603773,3.886010408401489,8,8,8.218127869474777
best_model.pt,64330332,20260207,2.2222223,39.44,[0.020625],0.0,0.0,0.0,0.0,0.0,0,43,-1.0
best_model.pt,64330383,20260207,3.83043,48.47,[0.20456178],0.07777834905412791,49.24739120864969,0.9999997615814209,0.14285714285714285,3.830430030822754,1,7,0.01603857991269277
best_model.pt,64331321,20260207,1000.0,46.01,[0.0516835],0.0,0.0,0.0,0.0,0.0,0,57,-1.0
best_model.pt,64331689,20260207,16.34884,2.54,[5.62394288],0.9338941674000001,7.246295126293849,0.41393021860579393,0.02290214493604324,6.7672799999999995,10,59,1.852872139811923
best_model.pt,64331738,20260207,9.72648,39.44,[1.04734807],0.0,0.0,0.0,0.0,0.0,0,43,-1.0
best_model.pt,64332826,20260207,1000.0,55.94,[0.41005702],0.0,0.0,0.0,0.0,0.0,0,72,-1.0
best_model.pt,64332866,20260207,128.20512,23.0,[2.81919282],0.0,0.0,0.0,0.0,0.0,0,72,-1.0
best_model.pt,64333168,20260207,1000.0,11.98,[0.43836524],6.2317495978999995,92.35125523058285,0.5755099900000001,0.023542589989269662,575.5099900000001,2388,72,6.708786206960362
best_model.pt,64333572,20260207,45.454544,1.87,[1.19355252],1.05565023,10.879212085984122,0.25266238735064417,0.018999568016441534,11.484653620000001,22,71,4.817760458953411
best_model.pt,64333829,20260207,1000.0,32.4,[0.10152299],0.0,0.0,0.0,0.0,0.0,0,28,-1.0
best_model.pt,64333955,20260207,1000.0,3.52,[5.89101959],21.49288720199999,5.579787246966672,0.11992574348999999,0.016665101289995522,119.92574348999999,396,9,0.5851668401140141
best_model.pt,64334266,20260207,3.18025,48.0,[0.0141333],0.0,0.0,0.0,0.0,0.0,0,67,-1.0
best_model.pt,64334450,20260207,1000.0,17.05,[0.16154833],0.0,0.0,0.0,0.0,0.0,0,71,-1.0
best_model.pt,64334757,20260207,1000.0,9.5,[0.01185847],21.054456766399998,30.19203470518498,0.6356769195820002,0.010740209225689044,635.6769195820002,830,72,2.178108916335261
best_model.pt,64335030,20260207,23.05754,41.08,[1.56792407],0.0008534274,52.86581399426095,0.0019590118682650945,0.0008680555555555555,0.045169999999999995,1,72,0.28689901747513313
best_model.pt,64335100,20260207,1000.0,9.0,[0.10060933],38.38795369638838,26.04983797415188,1.0,0.023169558207965537,1000.0,1127,70,1.8944264415724312
best_model.pt,64335156,20260207,294.11765,2.39,[4.10582843],9.870435285177463,29.797836363662213,1.0000000000000002,0.3636084656084656,294.11764526367193,25,5,11.467713412446454
best_model.pt,64335303,20260207,1000.0,5.55,[0.06302217],30.446644955100002,11.293633204231563,0.343853251716,0.09561428006946329,343.853251716,184,72,1.034888795695014
best_model.pt,64337049,20260207,377.05362,1.68,[643.22806558],125.7151516125509,2.999269471889597,1.0,0.7941130604288499,377.0536193847656,107,5,0.785279503292401
best_model.pt,64337173,20260207,1000.0,50.0,[0.00919396],0.0,0.0,0.0,0.0,0.0,0,56,-1.0
best_model.pt,64337334,20260207,10.416667,41.08,[0.03923027],0.04751138839999999,32.76050841510632,0.14942686175941627,0.001724137931034483,1.55653,1,58,-0.20251930489592118
best_model.pt,64337357,20260207,53.1045,41.77,[8.36623289],1.9230926302000002,9.02059563173525,0.3266662911771015,9.460521138792507e-05,17.347450000000002,3,72,-0.7840412848245824
best_model.pt,64337490,20260207,40.0,93.96,[0.03283848],0.038276201600000004,22.43763817885788,0.021471250000000004,0.005208333333333333,0.8588500000000001,1,64,-0.7612001021978957
best_model.pt,64337926,20260207,182.01762,1.0,[25.30466673],56.241693903386114,3.2363467035273965,1.0000000000000002,0.3253065427722962,182.01762390136722,69,3,2.2363467035273965
best_model.pt,64339571,20260207,192.88928,1.0,[2.74538121],22.521070801799997,5.2968679310576,0.6184436046575355,0.03352179023926991,119.291143,55,72,4.2968679310576
best_model.pt,64340004,20260207,1000.0,46.01,[0.05094431],0.0746775554,99.40336901589289,0.007423300000000001,0.002824858757062147,7.423300000000001,1,59,1.1604732154352413
best_model.pt,64340433,20260207,6.6666665,42.48,[0.01543236],0.0,0.0,0.0,0.0,0.0,0,63,-1.0
best_model.pt,64340578,20260207,170.38144,1.0,[23.72789827],48.19911379092481,3.534949551419245,0.9999999999999998,0.3511450381679389,170.38143920898435,46,1,2.534949551419245
best_model.pt,64340747,20260207,166.66667,3.51,[123.3317479],14.361487650115672,11.605111128336066,0.9999999999999988,0.6593406593406593,166.6666717529295,540,1,2.3062994757456967
best_model.pt,64340988,20260207,299.78012,3.51,[103.91702216],53.1329214166,1.0853326031617543,0.19236396608476164,0.012396887225207515,57.666893,84,72,-0.690788431307514
best_model.pt,64341120,20260207,465.08063,1.0,[0.09031198],0.075030638,4.115997041141498,0.0006640353989780156,0.0011904761904761904,0.30883,1,56,3.1159970411414983
best_model.pt,64341465,20260207,4.30407,13.0,[0.71638827],0.0,0.0,0.0,0.0,0.0,0,67,-1.0
best_model.pt,64343041,20260207,1000.0,8.01,[0.28946864],0.0,0.0,0.0,0.0,0.0,0,72,-1.0
best_model.pt,64343632,20260207,1016.6667,1.8,[36.6308814],64.84395022209999,2.4052025988639176,0.1534060690612579,0.07489848264682579,155.96284,72,48,0.3362237014333494
best_model.pt,64344108,20260207,51.07379,1.26,[53.05406459],13.244647398692797,3.8561832648533785,1.0000000000000002,0.8378378378378378,51.07379150390626,31,1,2.060462931777958
best_model.pt,64345690,20260207,1000.0,10.57,[1.66065835],0.0,0.0,0.0,0.0,0.0,0,67,-1.0
best_model.pt,64347079,20260207,45.454544,16.0,[0.51463665],0.0004942784,19.120559265253643,0.00020834000635803246,8.520790729379687e-05,0.009470000000000001,1,72,0.1950349540783527
best_model.pt,64347573,20260207,1000.0,29.98,[0.0034015],0.0,0.0,0.0,0.0,0.0,0,69,-1.0
best_model.pt,64348023,20260207,83.333336,2.0,[3.66243132],7.7881790486,3.5324091410733853,0.3301324506771572,0.061588861588861586,27.511038396000004,48,37,0.7662045705366927
best_model.pt,64349849,20260207,82.42704,2.5,[55.39614335],21.749036254385995,3.7899167276232006,1.0,0.33770617870031727,82.42704010009766,28,8,0.5159666910492803
best_model.pt,64350561,20260207,1000.0,1.0,[150.19925797],210.89251666067372,4.741751917481499,1.0000000000000004,0.8573626459844491,1000.0000000000005,2913,2,3.7417519174814986
best_model.pt,64354510,20260207,1000.0,4.75,[0.77901916],0.0,0.0,0.0,0.0,0.0,0,65,-1.0
best_model.pt,64354560,20260207,1000.0,10.0,[2.4120215],2.9092494961999993,110.44491714264231,0.32131192999999997,0.0001490645975215931,321.31192999999996,24,72,10.04449171426423
best_model.pt,64354939,20260207,475.21124,850.0,[0.91873159],0.0,0.0,0.0,0.0,0.0,0,66,-1.0
best_model.pt,64355215,20260207,1000.0,75.47,[0.00341556],0.0,0.0,0.0,0.0,0.0,0,35,-1.0
best_model.pt,64355482,20260207,71.01867,52.0,[1.76947142],0.09227681659999999,24.960061744677216,0.03243175390734484,4.998621121091119e-06,2.30326,7,72,-0.5199988126023612
best_model.pt,64355555,20260207,26.31579,3.26,[1.0140941],0.3333867534,4.499947537665012,0.05700863554576216,0.029365079365079365,1.5002274,4,42,0.3803520094567713
best_model.pt,64355932,20260207,1000.0,59.08,[0.55500621],0.0,0.0,0.0,0.0,0.0,0,64,-1.0
best_model.pt,64356924,20260207,289.65518,1.4,[93.63447101],98.26200061965187,2.947784261569897,0.9999999999999996,0.9772727272727272,289.6551818847655,70,3,1.1055602226931174
best_model.pt,64359341,20260207,1000.0,65.73,[0.00427732],0.0,0.0,0.0,0.0,0.0,0,71,-1.0
best_model.pt,64364407,20260207,62.5,2.0,[4.5380464],1.5490850818,2.9861348922746482,0.07401247999999999,0.02907407407407407,4.62578,8,63,0.4930674461373241
best_model.pt,64365263,20260207,41.666668,2.8,[7.12728365],2.5433650435085493,16.382489671346576,1.0,0.11623376623376622,41.66666793823242,9,10,4.850889267978113
