model,ad_id,period,budget,target_CPA,target_conversion,conversion,CPA,budget_used,win_rate,spend,total_win,trajectory_length,CPA_violation
best_model.pt,39801836,20260207,10.45719,1.15,[3.74633022],4.170313868588274,2.507529980218608,0.9999999088020518,0.6206896551724138,10.457189559936522,18,1,1.180460897569432
best_model.pt,40094971,20260207,12.328767,1.53,[5.22223499],5.019870582709976,2.4559924730503293,0.9999999226464209,0.3684210526315789,12.328766822814945,14,1,0.6052238686118644
best_model.pt,43248022,20260207,6.67476,1.18,[7.75141488],3.089792997451231,2.16026048024986,0.9999998571223239,0.32,6.674759864807131,8,1,0.8307293019283333
best_model.pt,46398308,20260207,19.79101,1.49,[24.21141073],8.116112140332852,2.438483737320406,0.999999903625512,0.7777777777777778,19.791009902954105,28,1,0.6365662561831502
best_model.pt,46573939,20260207,432.71964,80.19,[3.05107332],2.5974723295,159.43651467432704,0.9570448417614648,0.004712689183941118,414.1320946149999,273,72,0.9882343162518937
best_model.pt,48623756,20260207,146.44096,1.33,[36.67160579],50.80970710386031,2.8821453460385302,1.0,0.8292682926829268,146.4409637451172,34,1,1.1670265060449938
best_model.pt,49311445,20260207,431.85236,1.8,[279.38898166],90.76037748567566,4.758159487239123,1.0,0.6703296703296703,431.85235595703125,122,1,1.643422007381837
best_model.pt,49847522,20260207,937.1593,1.84,[756.13697984],251.96363236049785,3.7194228756693986,1.0000000000000004,0.7488584474885844,937.159301757813,164,1,1.0214254392375246
best_model.pt,49902302,20260207,13.93352,5.21,[2.90565631],0.9201695554310527,15.142323599509764,0.9999999315553981,0.029197080291970802,13.933520317077637,4,1,1.906396063078609
best_model.pt,49990380,20260207,24.528301,1.48,[8.08145047],9.214054421563686,2.6620527136845737,0.9999999222388672,0.27692307692307694,24.52830123901367,54,1,0.7986842428225638
best_model.pt,50103278,20260207,969.91003,1.21,[753.35619906],373.8072579533219,2.5946795064801123,1.0000000000000013,0.8949044585987261,969.9100341796888,281,1,1.144363160891859
best_model.pt,50250900,20260207,29.411764,1.1,[1.50838678],6.9992608445329845,4.202123709355228,0.9999999351501494,1.0,29.41176414489746,7,1,2.8201123802515013
best_model.pt,51094622,20260207,377.10074,304.69,[3.04871814],0.0795649801573808,4739.472042944594,1.0,0.0028183866399348616,377.1007385253906,6,25,14.55506253887022
best_model.pt,51225207,20260207,105.26316,2.7,[3.96279239],14.495172861248314,7.261945369760552,0.9999999999999996,0.022545301306363254,105.26316070556636,38,8,1.6896093487074015
best_model.pt,51225953,20260207,54.45402,1.07,[16.52033907],22.10198739263261,2.463761200418009,1.0,0.9583333333333334,54.45402145385742,23,1,1.3025804482643535
best_model.pt,51316356,20260207,1083.6785,6.0,[160.74719048],93.27152570093301,11.618534671053416,0.9999999999999996,0.04829083016820401,1083.6784667968745,178,19,0.9364224451755693
best_model.pt,51711872,20260207,117.17214,1.34,[105.968494],39.797757702372124,2.944189468182908,1.0000000000000007,0.8863636363636364,117.17214202880868,195,1,1.1971562648096312
best_model.pt,51815043,20260207,131.59317,7.1,[23.00516249],7.3222135740393215,17.971771905261427,1.0000000000000002,0.03206151854846477,131.59317016601565,44,13,1.5312355136139235
best_model.pt,51865028,20260207,10.87915,6.1,[1.49543616],0.764479903945803,14.2307680080342,0.999999912339273,0.5714285714285714,10.879150390625,4,1,1.3329128246750992
best_model.pt,51867779,20260207,240.31079,6.1,[60.62360374],23.39059054626245,10.27382272655793,0.9999999999999999,0.04616588419405321,240.31079101562497,59,18,0.6842332601932671
best_model.pt,51981983,20260207,9.803922,7.0,[1.88451035],0.007720451882689957,1269.699254553729,0.9999998807907104,0.025,9.803921699523926,1,4,180.38560779338985
best_model.pt,52099940,20260207,736.64813,5.0,[182.11165784],60.34334589178359,12.20761144795768,1.0000000000000002,0.03798327421082013,736.6481323242189,570,18,1.441522289591536
best_model.pt,52158782,20260207,402.12405,1.34,[294.70586683],156.99335288267883,2.561408136140501,1.0000000000000009,0.5575868372943327,402.12405395507847,305,1,0.9114985614457857
best_model.pt,52697878,20260207,256.73526,1.7,[146.14289987],57.71079400327909,4.448652284120815,1.0,0.10598720554140309,256.7352600097656,121,14,1.6168542113761661
best_model.pt,52816063,20260207,1000.0,20.92,[0.02518664],1.4989157508000004,32.23600950767358,0.048319094630000003,0.012004597568672134,48.31909463,91,72,0.5409182308848397
best_model.pt,52880899,20260207,73.77049,8.0,[2.41228638],3.570480653739909,20.661215966882185,0.9999999999999998,0.03839418131330662,73.77049255371092,37,22,1.5826519958602732
best_model.pt,52881127,20260207,73.77049,8.1,[4.14286714],4.045141300379458,18.2368102468956,1.0000000000000002,0.09805825242718447,73.77049255371095,101,10,1.2514579491398214
best_model.pt,52896858,20260207,237.28813,6.1,[3.67395475],4.347055080356308,54.58593754659309,1.0,0.16538379355687047,237.2881317138672,53,13,7.948514491801628
best_model.pt,52964940,20260207,0.64461,18.58,[0.0552909],0.0071428677,24.574923189017067,0.2723503007606814,0.010582010582010581,0.17556000000000002,2,63,0.32265464423722323
best_model.pt,53225658,20260207,121.21212,5.1,[4.51230342],9.67713163927698,12.525623505890964,1.0000000000000004,0.1806492724614338,121.2121200561524,175,11,1.4560046549242784
best_model.pt,53375682,20260207,125.0,2.2,[2.06456001],5.063938089840924,24.68434113885179,1.0000000000000002,0.060623760436911124,125.00000000000001,131,18,10.220154819924144
best_model.pt,53566239,20260207,136.80566,1.01,[212.67307573],71.99543195451025,1.9001991994261578,1.0,0.9464285714285714,136.8056640625,53,1,0.8813853637311354
best_model.pt,53572696,20260207,22.93578,1.09,[42.935085],7.280386316462015,3.1503515643559323,0.9999999168396053,0.717391304347826,22.935779571533196,33,1,1.8902307044808024
best_model.pt,53577684,20260207,121.21212,5.0,[14.21841216],10.48391409509039,11.561722787407536,1.0000000000000004,0.03684448462929475,121.21212005615239,163,14,1.3123445574815071
best_model.pt,53730651,20260207,61.29961,2.47,[50.53852614],4.611381081606291,13.293110189773484,1.0,0.7142857142857143,61.29961013793945,15,1,4.381825925424376
best_model.pt,53731452,20260207,194.17476,79.32,[0.03636728],0.12305034171879661,1577.9979007044976,1.0,0.00312937675070028,194.1747589111328,2,16,18.894073459098426
best_model.pt,53763548,20260207,488.99796,2.04,[373.13468654],112.6490984000583,4.340895381556974,1.0,0.6986301369863014,488.9979553222656,102,1,1.1278899327105556
best_model.pt,53841870,20260207,200.65753,1.98,[20.96828807],66.74113271712903,3.0065046930238575,1.0,0.020203509555956935,200.65753173828125,51,45,0.5184366990211999
best_model.pt,53849804,20260207,55.555557,2.48,[0.25223668],3.235349779883414,17.171416959300622,0.9999999999999998,0.7761194029850746,55.55555725097655,52,1,5.9239583980792725
best_model.pt,53854143,20260207,571.02985,1.09,[366.8150792],287.9654083416394,1.9829806902743021,0.9999999999999996,0.3620823620823621,571.029846191406,173,3,0.819248283991137
best_model.pt,53919091,20260207,88.28999,2.0,[52.92278121],9.243329137261936,9.5517515846606,0.9999999999999996,0.3728813559322034,88.28999328613277,66,1,3.7758757923303
best_model.pt,54113091,20260207,148.76033,4.6,[7.87243864],12.79548164904252,11.626003823413958,0.9999999999999998,0.1046738681711848,148.76033020019528,35,10,1.5273921879227956
best_model.pt,54524974,20260207,38.623596,1100.0,[0.00395512],0.0,0.0,0.0,0.0,0.0,0,66,-1.0
best_model.pt,54547571,20260207,31.74728,6.5,[5.58273037],1.9855878964734364,15.988848536187577,0.9999999399208842,0.06349206349206349,31.74728012084961,16,12,1.4598228517211658
best_model.pt,54562194,20260207,194.17476,79.32,[0.32789658],0.0,0.0,0.0,0.0,0.0,0,72,-1.0
best_model.pt,54801379,20260207,897.71515,5.26,[164.47739424],132.28335465696404,6.7863046296899805,1.0,0.07399450778674808,897.7151489257812,329,15,0.2901719266906961
best_model.pt,54805715,20260207,112.676056,5.1,[1.75252787],5.8094244228852805,19.39538727260948,0.9999999999999999,0.6,112.67605590820311,33,1,2.8030171833908746
best_model.pt,54852798,20260207,100.0,5.0,[32.09324797],7.769889068221398,12.8701949605435,1.0000000000000004,0.03253448644080641,100.00000000000004,161,19,1.5740389921087001
best_model.pt,54858966,20260207,83.333336,1.76,[0.26597369],7.493975435037035,11.120042423252299,1.0000000000000002,0.6230689245395127,83.33333587646486,80,4,5.318205956538299
best_model.pt,55104462,20260207,55.91231,6.5,[8.17849854],3.8608443676571627,14.481883170546086,1.0,0.04831932773109244,55.91231155395508,23,14,1.2279820262378593
best_model.pt,55113470,20260207,420.41623,3.33,[34.42696221],42.197525831786585,9.963053780947066,0.9999999999999993,0.07717300519180065,420.4162292480466,448,13,1.9919081108743362
best_model.pt,55199224,20260207,78.07889,6.5,[6.50898521],7.263646887678381,10.749266642164947,0.9999999999999998,0.05218855218855219,78.07888793945311,31,11,0.6537333295638381
best_model.pt,55242717,20260207,498.57053,3.59,[22.04998379],61.67998416618739,8.083181680081857,0.9999999999999994,0.09885889410537299,498.5705261230466,219,18,1.2515826945227717
best_model.pt,55272899,20260207,18.072289,2.35,[6.39534194],4.229945399976573,4.272462770044483,0.9999998944600499,0.11791227640284245,18.072288513183597,28,11,0.8180693376293985
best_model.pt,55273179,20260207,148.76033,4.1,[10.45811196],10.345559326754854,14.379146754911218,0.9999999999999998,0.07654414550966275,148.76033020019528,202,13,2.5071090461890733
best_model.pt,55397530,20260207,472.23608,4.1,[128.75972989],49.79450125307312,9.483699256281458,0.9999999999999998,0.05482169782549126,472.2360839843749,119,19,1.3130974333842973
best_model.pt,55642709,20260207,64.70373,5.6,[4.89112802],5.410298585024327,11.9593613450293,1.0000000000000004,0.08113207547169812,64.703727722168,86,10,1.1356002765528597
best_model.pt,55644105,20260207,390.48068,1.47,[288.68249237],96.84834579612001,4.031877624045211,1.0000000000000002,0.6553191489361702,390.480682373047,154,1,1.7427738405264093
best_model.pt,55659771,20260207,110.68762,1.52,[65.454795],34.07447966206608,3.248402321023111,1.0000000000000007,0.7391304347826086,110.68762207031257,68,1,1.13710681696394
best_model.pt,55774064,20260207,28.10267,9.1,[2.37391606],1.0507353780603363,26.74569117082756,0.9999999321292796,0.040347709093677825,28.102670669555664,15,21,1.9390868186433972
best_model.pt,55775102,20260207,530.4762,3.15,[118.12669098],99.71649216267642,5.319844084605431,0.9999999999999991,0.21594982078853048,530.476196289062,241,1,0.6888393408079875
best_model.pt,55954706,20260207,1000.0,33.01,[0.71305768],0.4854220385,11.985978288090669,0.00581827,0.04428571428571429,5.81827,8,55,-0.6368985489989579
best_model.pt,55963763,20260207,1000.0,22.5,[21.29788474],19.526294056006606,51.212992384460776,1.0000000000000004,0.023202341137123744,1000.0000000000005,222,16,1.2761329948649234
best_model.pt,55968571,20260207,246.66495,4.1,[98.12811472],35.27127914298528,6.993365324700928,1.0,0.06715367965367966,246.66494750976562,50,14,0.7056988993583052
best_model.pt,56069198,20260207,355.1182,6.0,[32.74950256],31.78238582441986,11.173427488058401,0.9999999999999997,0.05268199233716475,355.118194580078,55,18,0.8622379146764002
best_model.pt,56094571,20260207,305.08475,6.1,[0.99213791],1.9099085576000001,12.479999330414367,0.07812802904706474,0.045737324515605055,23.83567,20,65,1.0459015615617615
best_model.pt,56096389,20260207,23.9461,3.1,[14.66979506],3.301090486116278,7.253994727409948,0.9999999203482629,0.07037037037037037,23.94610023498535,2,15,1.3399983711514782
best_model.pt,56107853,20260207,1000.0,2.71,[7.08487496],156.27257041077132,6.39907560854965,1.0000000000000002,0.12346270461100198,1000.0000000000001,611,14,1.36128247914165
best_model.pt,56227729,20260207,125.0,1.4,[142.7010595],31.468119083932287,3.972274151318791,0.9999999999999994,0.48608534322820035,124.99999999999993,262,1,1.8373387278330127
best_model.pt,56235388,20260207,53.333332,4.5,[1.47756882],0.8597538128,6.192998190565057,0.09983362738021914,0.0326797385620915,5.324459999999999,5,51,0.37622182012556826
best_model.pt,56704977,20260207,70.42254,17.31,[3.39728226],0.9238540288337063,76.22682840859468,1.0,0.0997129735935706,70.42253875732422,25,15,3.403629737746198
best_model.pt,56718065,20260207,49.68944,8.1,[2.83481153],2.9717289405741147,16.72071240474449,1.0,0.04668534080298786,49.6894416809082,50,21,1.064285384849643
best_model.pt,56771422,20260207,642.421,1.81,[106.68609125],187.21119918267013,3.4315309120446567,1.0000000000000004,0.05993297092778771,642.4210205078128,238,14,0.8958734920040928
best_model.pt,56864799,20260207,6.76347,5.22,[1.4825993],0.6803094133664214,9.941741358057405,0.9999998589963203,0.782608695652174,6.76347017288208,18,1,0.9045482294343918
best_model.pt,56938464,20260207,749.1659,1.65,[690.00034266],227.24401578182923,3.296746396953287,1.0000000000000002,0.8798449612403101,749.1658935546877,227,1,0.9980281482363577
best_model.pt,56963719,20260207,31.25,7.0,[2.4867074],0.7989221299052214,39.11515242237046,0.9999999389648478,0.05428901495899695,31.25000000000001,42,19,4.587878917481494
best_model.pt,57191417,20260207,1000.0,29.87,[3.46262764],17.538364140762294,57.01785725032154,1.0,0.09658863064894277,1000.0,42,17,0.9088669450397271
best_model.pt,57222417,20260207,5.5555553,1.52,[0.38508526],0.11365578978806566,48.8801008192058,0.9999998211860657,1.0,5.55555534362793,1,1,31.15796146879621
best_model.pt,57240198,20260207,36.39775,4.14,[14.11884913],4.220594503049972,8.623842495256822,1.0,0.03431748466257669,36.39775085449219,24,12,1.0830538099938432
best_model.pt,57326971,20260207,40.0,4.1,[0.33055519],1.576711171317365,25.36924666889546,0.9999999999999997,0.34661723818350326,39.999999999999986,36,2,5.187621282681222
best_model.pt,57339315,20260207,166.66667,6.0,[0.75598828],7.53569509359145,22.116957701448094,1.0000000000000004,0.2792368393794983,166.66667175292974,111,9,2.6861596169080157
best_model.pt,57374168,20260207,122.44898,13.0,[0.78899592],0.05935186195948926,2063.067865579017,1.0,0.018518518518518517,122.44898223876953,1,6,157.69752812146285
best_model.pt,57424010,20260207,5.58992,7.1,[0.90239374],0.4079452921435565,13.70258818770736,0.9999998293939545,1.0,5.5899200439453125,2,1,0.9299420241916864
best_model.pt,57429522,20260207,6.8627453,6.0,[4.83043373],0.9119054370278878,7.525712075683378,0.9999998807907104,0.0017857142857142857,6.86274528503418,1,16,0.2542853459472297
best_model.pt,57449176,20260207,1000.0,43.65,[0.10294381],0.0130558995,14.551693531837325,0.00019,2.9239766081871343e-05,0.19,1,72,-0.6666278803401641
best_model.pt,57521810,20260207,626.1568,4.5,[311.66269259],22.802088714255326,27.460500645471456,1.0000000000000004,0.03987352350311862,626.1567993164065,453,19,5.102333476771435
best_model.pt,57574306,20260207,21.73913,1.94,[0.15081066],0.4791816199820007,45.36710872560066,0.9999999122619693,0.7727272727272727,21.73913002014161,17,1,22.385106900770158
best_model.pt,57575512,20260207,5.524862,1.87,[3.95347499],0.07203472143857233,76.69614050166511,0.9999998273849765,0.5,5.524861812591553,2,1,40.01397877331295
best_model.pt,57579039,20260207,69.34497,5.0,[24.4980702],9.241197872798477,7.50389334302093,1.0,0.06440162271805273,69.344970703125,13,17,0.500778668604186
best_model.pt,57611618,20260207,143.08836,5.6,[37.39685107],13.21836269522803,10.824967972330594,0.9999999999999998,0.05,143.0883636474609,184,20,0.9330300279783398
best_model.pt,57654377,20260207,2386.3882,430.5,[3.73110848],2.2595980017,195.51157774792355,0.18512401667808737,0.0005505485752617526,441.7777659,73,72,-0.5458499936169023
best_model.pt,57655917,20260207,1468.0747,8.5,[19.98186521],55.64014134995994,26.385171658934635,1.000000000000001,0.0507239040194391,1468.0747070312516,501,17,2.1041378422276042
best_model.pt,57664872,20260207,118.42105,6.1,[0.38507583],1.6034011516608506,73.85611332922727,1.0,0.46774193548387094,118.42105102539062,29,1,11.107559751458057
best_model.pt,57699816,20260207,73.77049,11.1,[1.97007807],0.0,0.0,0.0,0.0,0.0,0,57,-1.0
best_model.pt,57724669,20260207,420.41623,3.33,[20.02183388],47.640656952025374,8.82473599905797,0.9999999999999969,0.10122637449378143,420.41622924804557,844,16,1.6500709313040047
best_model.pt,57795555,20260207,577.2744,290.0,[1.13314948],0.12477119349999999,1351.6967624681533,0.2921559762420723,0.0003805068020142055,168.65416999999997,51,67,3.661023318855701
best_model.pt,57813819,20260207,1.3888888,2.63,[0.74368292],0.033661225498939726,41.25956663057613,0.9999993133549375,0.5,1.3888888359069824,2,1,14.688047465863718
best_model.pt,57813830,20260207,1.3888888,2.63,[0.57066887],0.011229350462762177,123.67279547617754,0.9999993133549375,1.0,1.3888888359069824,2,1,46.02387456073086
best_model.pt,57847622,20260207,168.9004,1.57,[10.61840298],59.24390006677721,2.8509332242218757,0.9999999999999993,0.4438202247191011,168.90040588378895,79,1,0.8158809738695083
best_model.pt,57855436,20260207,247.62653,1.18,[69.28976918],65.04349828188273,3.807091079244568,0.9999999999999999,0.7619047619047619,247.62652587890622,32,1,2.226348515655324
best_model.pt,57863659,20260207,66.666664,5.0,[9.79001159],6.370402007011057,10.465062265317279,0.9999999999999998,0.05026455026455026,66.66666412353514,19,18,1.0930124530634557
best_model.pt,57922732,20260207,90.90909,6.8,[5.45156222],5.216960633855603,17.425676958175973,1.0000000000000002,0.231547742874974,90.90908813476565,46,11,1.5625994807939576
best_model.pt,57950075,20260207,3.5460992,3.69,[1.46942648],0.36964634483750103,9.593195340013839,0.9999997310639072,0.8333333333333334,3.5460991859436035,5,1,1.5997818946485436
best_model.pt,57950895,20260207,56.603775,2.13,[18.7517804],13.245577471591098,4.273409058412731,0.9999999999999998,0.09890167702667704,56.60377502441405,50,15,1.0062952247936447
best_model.pt,57951243,20260207,373.10922,2.23,[167.37513284],95.58538914989603,3.9034126640797626,0.9999999999999994,0.09800170068027211,373.10922241210915,171,14,0.7504092514319981
best_model.pt,57959122,20260207,1000.0,19.0,[2.9014034],20.74600344590673,48.202052718508135,1.0000000000000004,0.0392156862745098,1000.0000000000003,222,17,1.5369501430793755
best_model.pt,57999311,20260207,1210.1339,2.2,[396.09265346],298.7080553566288,4.051226223667795,0.9999999999999998,0.7548262548262549,1210.1339111328123,391,1,0.8414664253908334
best_model.pt,58085427,20260207,79.19066,1.9,[23.32713406],26.22756666870368,3.019367238687215,0.9999999999999997,0.12159090909090908,79.19065856933591,58,16,0.5891406718817268
best_model.pt,58112502,20260207,101.0101,2.4,[28.53483384],20.884423792187548,4.836623575869098,1.0,0.07115489874110563,101.01010131835938,54,14,1.0152597431995634
best_model.pt,58114863,20260207,203.00613,2.08,[69.8970629],42.36126640141933,4.792258270025256,0.9999999999999996,0.4601449275362319,203.00613403320304,127,1,1.3039704066366578
best_model.pt,58134130,20260207,8.695652,2.0,[4.70832875],2.1228422278433166,4.096229007401036,0.9999998903274635,0.35714285714285715,8.69565200805664,5,1,1.0481145037005182
best_model.pt,58199587,20260207,142.85715,21.02,[0.49786683],1.8530565363000002,68.79606677218746,0.8923814627666788,0.0007794679265404795,127.48306999999998,83,67,2.272886073928597
best_model.pt,58240026,20260207,50.0,2.23,[29.81980199],12.054133052828405,4.147954534176423,1.0,0.07655940325222324,50.0,144,15,0.8600692819275411
best_model.pt,58246735,20260207,46.6873,11.42,[3.30264874],1.5044432178777003,31.03292304290507,0.9999999999999999,0.06260162601626015,46.68730163574218,77,15,1.717418812222633
best_model.pt,58283047,20260207,420.41623,3.33,[11.93555116],17.066431382995443,24.634101598582436,1.0000000000000004,0.2586671760388106,420.4162292480471,272,19,6.397628277170175
best_model.pt,58416741,20260207,1.99049,35.0,[0.04714194],0.0,0.0,0.0,0.0,0.0,0,72,-1.0
best_model.pt,58417305,20260207,1.0332358,52.0,[0.00749337],0.023659175078507146,43.66982851635473,0.9999990770030937,0.0006379375357570083,1.033235788345337,2,4,-0.16019560545471678
best_model.pt,58419221,20260207,46.08295,52.0,[0.94974251],0.08019890539999999,5.835667731348721,0.010156033717181984,4.772016342492968e-06,0.46802,3,72,-0.8877756205509861
best_model.pt,58432699,20260207,116.6156,35.0,[8.01935741],1.9797501821202608,58.90417020034068,1.0,0.07081807081807082,116.6156005859375,71,13,0.6829762914383052
best_model.pt,58435300,20260207,48.31349,57.2,[1.78000805],0.059945783600000004,237.04207543171677,0.2941188778605004,0.00017189228378726925,14.209910000000002,22,60,3.1440921725528908
best_model.pt,58492787,20260207,23.529411,2.9,[9.26852865],3.1674308847979553,7.4285453236885814,0.9999999189376878,0.056390977443609026,23.52941131591796,15,14,1.5615672687581
best_model.pt,58502564,20260207,145.41257,15.28,[23.00082211],0.7548202691858789,192.64503144632943,1.0000000000000004,0.034712419558635896,145.41256713867193,34,19,11.607659346396446
best_model.pt,58511427,20260207,758.94135,2.46,[105.64210955],154.826647927585,4.901878006607337,1.0000000000000007,0.0781763826606876,758.9413452148442,231,14,0.9926333051196783
best_model.pt,58544782,20260207,11.09661,52.0,[0.71044634],0.0,0.0,0.0,0.0,0.0,0,72,-1.0
best_model.pt,58588021,20260207,11.049724,1.2,[0.68905492],2.8584424740013445,3.865643566397111,0.9999999136924808,0.875,11.049723625183105,6,2,2.2213695106585356
best_model.pt,58685108,20260207,72.20216,4.15,[2.4162877],13.447063240014964,5.369362591533861,0.9999999999999998,0.9272727272727272,72.20216369628905,51,1,0.2938222814808079
best_model.pt,58706858,20260207,4537.195,1.35,[4585.60332748],1459.006717570578,3.109783365949102,1.0000000000000036,0.7219988512349225,4537.194824218766,1257,1,1.303543193354335
best_model.pt,58729786,20260207,38.08811,4.36,[24.69978859],6.22330934042114,6.120233411799279,1.0,0.11446886446886445,38.088111877441406,19,18,0.4037232166013784
best_model.pt,58732112,20260207,510.68414,1.1,[412.91477558],197.693172797,2.5832158655654918,1.0000000000000004,0.7733333333333333,510.6841430664065,174,1,1.34837800870527
best_model.pt,58772389,20260207,376.457,2.05,[336.02838801],88.93198794344072,4.233088736740639,1.0000000000000002,0.7232142857142857,376.45700073242193,81,1,1.0649213830262259
best_model.pt,58803527,20260207,159.76765,7.1,[11.84005197],13.331071043920318,11.98460663122797,0.9999999999999997,0.09651898734177215,159.76765441894526,44,16,0.6879727876345916
best_model.pt,58804408,20260207,32.35294,13.15,[1.08304772],0.0343768152,16.9504663577341,0.01801134632900879,0.004975124378109453,0.58272,1,67,0.2890088858898835
best_model.pt,58886517,20260207,125.0,7.74,[1.43611951],1.5891415272504585,78.65877217210691,1.0,0.09293827481015124,125.0,78,2,9.16263236410192
best_model.pt,58921051,20260207,5945.7593,16.88,[258.68405894],251.19812332208357,23.669600612623103,1.0000000000000022,0.06961911597958875,5945.759277343764,1237,20,0.40222759415991305
best_model.pt,58958928,20260207,51.95611,9.9,[0.32900801],2.2133397029771187,23.47406706223614,1.0000000000000009,0.4675324675324675,51.95610809326177,72,1,1.3711179764389765
best_model.pt,58963446,20260207,1893.6837,9.9,[160.69248167],81.24859225142534,23.307280040655883,1.0000000000000007,0.17911806358021498,1893.6837158203139,589,21,1.3542708018928205
best_model.pt,59027737,20260207,156.41592,8.2,[0.77327443],8.24323627380446,18.975060267806146,1.0000000000000002,0.2876712328767123,156.41592407226565,42,1,1.3140317938015469
best_model.pt,59090324,20260207,15.0,2.14,[6.87939276],6.1950907462287566,2.421271647692902,0.9999999364217163,0.09342560553633218,15.0,8,17,0.13143529392552153
best_model.pt,59168672,20260207,114.30078,2.51,[41.7285722],26.59643615766922,4.2975974779028165,1.0,0.2037533512064343,114.30078125,76,1,0.7121902367456315
best_model.pt,59180301,20260207,127.4666,11.1,[19.23594044],6.000671090235207,21.24205365565075,1.0000000000000002,0.01885057471264368,127.46659851074222,41,15,0.9136984617687136
best_model.pt,59183637,20260207,42.81511,27.0,[3.81456357],0.26175570772872614,163.5683365077372,1.0,0.03227232537577365,42.81510925292969,8,13,5.0580865373236
best_model.pt,59191554,20260207,38.46154,2.13,[19.65786739],12.290669260181827,3.129328133289207,1.0,0.022511251946735818,38.46154022216797,13,15,0.4691680587588101
best_model.pt,59250609,20260207,59.701492,6.1,[4.1823461],2.289178680702801,26.079862936421552,0.9999999999999999,0.04682274247491639,59.701492309570305,14,13,3.2753874334679134
best_model.pt,59252106,20260207,75.31489,12.1,[1.33867442],0.7550930403,15.917328648528068,0.15958438389926408,0.000726005517641934,12.019079999999999,5,71,0.31548166501749064
best_model.pt,59252315,20260207,40.94131,1.5,[4.90639966],8.21940496002691,4.9810547236231555,0.9999999999999998,0.07617965885541209,40.94131088256835,47,9,2.3207031490821035
best_model.pt,59262247,20260207,107.01659,1.61,[75.86964478],10.396091692000924,10.293923830253338,0.9999999999999994,0.6,107.01658630371088,51,1,5.3937414526646785
best_model.pt,59265523,20260207,41.273586,3.61,[2.39599891],6.364495164993337,6.484973076142402,1.0,0.76,41.27358627319336,19,1,0.7963914860363901
best_model.pt,59284251,20260207,112.676056,19.0,[2.13421797],1.897807378351883,59.37167165741708,1.0000000000000002,0.03196022727272727,112.67605590820315,45,22,2.124824824074583
best_model.pt,59289693,20260207,12.224939,8.5,[0.45864554],0.7543642453160362,16.205597251755574,0.99999992198945,0.18333333333333335,12.224939346313477,9,3,0.9065408531477146
best_model.pt,59313228,20260207,34.48847,8.56,[2.08560915],1.6669100294522403,20.69004737553341,1.0,0.019736842105263157,34.488468170166016,9,38,1.4170614908053791
best_model.pt,59335998,20260207,1000.0,22.43,[3.71101974],18.15906221820651,55.06892001991525,0.9999999999999992,0.050540123456790126,999.9999999999992,393,12,1.45514575437647
best_model.pt,59370907,20260207,40.816326,1.39,[8.33626756],13.928889464837546,2.9303357826235508,1.0000000000000004,0.4864864864864865,40.81632614135744,54,1,1.108155260993492
best_model.pt,59397478,20260207,1428.6078,2.5,[414.76037314],239.7926407001164,5.957679843539762,0.9999999999999988,0.054274637716120476,1428.6077880859357,581,21,1.3830719374159048
best_model.pt,59437197,20260207,152.54237,5.0,[16.15108739],16.73406250898029,9.115680335225514,0.9999999999999997,0.025170068027210883,152.5423736572265,37,15,0.8231360670451029
best_model.pt,59469459,20260207,28.45757,1.45,[9.77569587],3.1383706568598395,9.06762239587272,0.9999999329757052,0.050507639900602724,28.457569122314457,63,11,5.253532481159348
best_model.pt,59469464,20260207,74.94802,1.45,[77.3941579],13.472167449458198,5.5631742741513,1.0000000000000007,0.7142857142857143,74.94802093505865,60,1,2.836671787037609
best_model.pt,59473467,20260207,1000.0,9.99,[0.24184204],8.6558191171,14.8424531473562,0.12847360454,0.018750000000000003,128.47360454,13,72,0.4857310798211268
best_model.pt,59473469,20260207,1000.0,10.59,[0.51064411],4.1921939784,17.153379165452225,0.07191030999999999,0.001965106628931122,71.91031,23,72,0.6197713803866598
best_model.pt,59474185,20260207,28.301888,20.0,[0.08119878],0.012016574699999998,27.91578237495791,0.01185362556636217,0.00019967054360305495,0.33548,4,67,0.3957891187478955
best_model.pt,59506934,20260207,32.65375,1.62,[16.70791342],10.638249222014183,3.0694663776303384,1.0,0.427536231884058,32.653751373291016,59,1,0.8947323262935497
best_model.pt,59718544,20260207,379.84543,4.15,[77.63524504],79.28685215653753,4.7907744265857195,1.000000000000001,0.45714655692334266,379.8454284667973,274,28,0.1544034497574042
best_model.pt,59764696,20260207,91.22524,4.15,[9.14023838],17.401265824314315,5.242448353661214,0.9999999999999999,0.06824475983286715,91.22524261474608,43,14,0.26324053811788145
best_model.pt,59770476,20260207,861.02747,3.68,[196.11851472],160.4338302165382,5.366869688838756,0.9999999999999993,0.24727272727272728,861.0274658203119,544,1,0.4583884759458755
best_model.pt,59789974,20260207,7.079646,270.0,[0.04869297],0.0,0.0,0.0,0.0,0.0,0,38,-1.0
best_model.pt,59790006,20260207,10.65812,1.49,[13.26618954],3.9835037303525143,2.6755635744886628,0.9999999105213472,0.05442176870748299,10.65812015533447,14,14,0.7956802398414239
best_model.pt,59818654,20260207,106.38298,1.5,[6.13386325],30.757680471348756,3.458745108787768,0.9999999999999999,0.15199404761904764,106.38298034667967,77,16,1.3058300725251788
best_model.pt,59851958,20260207,3043.8813,91.58,[15.83764677],2.1972556150000004,932.0149539793125,0.6727844449281192,0.007417242503250746,2047.8760229099655,35,67,9.177057603675076
best_model.pt,59870194,20260207,41.35039,1.2,[2.54673699],17.312174624768943,2.388515013028082,0.9999999999999997,0.7969924812030075,41.35039138793944,38,2,0.9904290984308555
best_model.pt,59873387,20260207,1000.0,5.3,[0.1523253],7.5593887095,11.907462435344366,0.09001314900000001,0.07306745398850661,90.01314900000001,32,60,1.2466909446834105
best_model.pt,59941171,20260207,6.730769,6.6,[3.20128956],0.048201639360087103,139.63486744219446,0.9999998807907104,0.3333333333333333,6.730769157409668,1,3,20.156798403009695
best_model.pt,59942526,20260207,81.56947,1.36,[71.78132874],30.179242146200203,2.70283362877746,1.0000000000000002,0.9615384615384616,81.56947326660158,25,1,0.9873776473145549
best_model.pt,59978838,20260207,57.75445,45.0,[0.23929871],0.0012857085000000002,104.44479071988722,0.002326920192710917,5.668934240362812e-05,0.13439,1,72,1.320995349330827
best_model.pt,59985139,20260207,83.23513,1.16,[22.09075142],5.9639039671,1.6967926309732426,0.12157739120854241,0.06666666666666667,10.11951,4,25,0.4627523101705763
best_model.pt,59998752,20260207,1236.131,28.8,[17.71599115],5.633376101266419,219.42983031748798,1.0000000000000002,0.0730279230306844,1236.1309814453127,840,19,6.6190915323053305
best_model.pt,59999397,20260207,869.56525,6.5,[1.29081363],22.683767999100002,11.54111109182901,0.3010652725934388,0.005656033781033781,261.7958980000001,159,72,0.7755555525890784
best_model.pt,60033250,20260207,48.95666,1.24,[42.91878264],18.441520433353656,2.654697520553882,0.9999999999999997,0.529532967032967,48.95666122436522,42,2,1.1408850807554924
best_model.pt,60078895,20260207,1000.0,25.95,[13.76798323],23.1523487066379,43.19216030644595,1.000000000000001,0.06169086661799637,1000.000000000001,605,15,0.6644377278065795
best_model.pt,60081691,20260207,71.942444,3.08,[5.71850071],6.498101948263603,11.07129948855003,1.0000000000000004,0.09204403845144249,71.94244384765628,151,11,2.5945778450631676
best_model.pt,60083626,20260207,1000.0,36.35,[1.28636283],19.836834979479388,50.41126523576992,0.9999999999999992,0.024222763763871176,999.9999999999992,436,55,0.38682991339489486
best_model.pt,60134489,20260207,1000.0,300.0,[1.66524709],0.0,0.0,0.0,0.0,0.0,0,72,-1.0
best_model.pt,60140024,20260207,353.31128,2.21,[162.60997766],81.52093833851396,4.333994212575958,1.0000000000000009,0.6842105263157895,353.3112792968753,169,1,0.9610833202563649
best_model.pt,60144222,20260207,258.7111,2.07,[162.6888179],68.42601758078618,3.7808876718794773,0.9999999999999996,0.12726817476695265,258.7110900878905,119,19,0.8265158424215288
best_model.pt,60145854,20260207,131.14754,12.1,[3.257562],4.667498086167121,28.09803168898779,1.0,0.05671608025686658,131.1475372314453,54,13,1.3221513060460632
best_model.pt,60163679,20260207,26.84824,1.81,[10.12757826],7.728009031784184,3.4741466157857874,0.999999928958155,0.08140756302521009,26.84823989868164,19,14,0.9194180804507022
best_model.pt,60190295,20260207,30.120481,3.0,[5.84173005],2.5341978369288363,11.88560307587841,0.9999999366760285,0.009250412577086772,30.120481491088867,6,8,2.9618676919594704
best_model.pt,60191018,20260207,70.42254,15.06,[0.48831325],0.3661142585145317,192.35073414600402,1.0,0.020675505050505052,70.42253875732422,5,2,11.772292748110006
best_model.pt,60222062,20260207,4.57056,2.5,[3.51266315],1.061136474897807,4.3072269961300504,0.9999997913441412,0.06592664092664093,4.570559978485107,19,16,0.7228907984520202
best_model.pt,60257685,20260207,166.66667,1.14,[50.54195872],62.28258834357488,2.6759753168502947,0.9999999999999993,0.8271604938271605,166.66667175292957,67,1,1.3473467986222456
best_model.pt,60279269,20260207,5340.282,2.29,[1368.9938361],925.2332229890999,4.681132250039073,0.8110318705779193,0.0069276839188343615,4331.139083623,1240,72,1.0441625886540118
best_model.pt,60280132,20260207,5.1546392,2.4,[1.06686944],0.5420250663492514,9.509947148479437,0.9999998149872193,0.8571428571428571,5.15463924407959,6,1,2.9624778210783766
best_model.pt,60299590,20260207,833.3333,5.11,[75.82956021],72.77585677418114,11.450683488665462,1.0000000000000009,0.1308980213089802,833.3333129882819,344,1,1.2408381975501535
best_model.pt,60300280,20260207,125.0,6.5,[24.16439599],3.4204376331771424,36.54502050922377,1.0,0.1267361111111111,125.0,18,16,4.622310847572887
best_model.pt,60319297,20260207,48.387096,10.0,[4.14991009],0.33382665586876714,144.94633849045456,1.0000000000000002,0.10088832487309644,48.387096405029304,36,10,13.494633849045456
best_model.pt,60363119,20260207,139.53488,8.1,[17.93302136],9.168299003094887,15.219275279462378,0.9999999999999998,0.05434782608695652,139.53488159179685,40,16,0.8789227855197799
best_model.pt,60371761,20260207,2164.619,2.47,[1172.70721924],510.2594058431023,4.242193024674531,0.9999999999999988,0.04818415914630667,2164.6188964843723,938,20,0.7174870346302967
best_model.pt,60374272,20260207,402.23785,1.94,[310.88510179],95.34486026863217,4.218768045302509,1.0,0.6984126984126984,402.23785400390625,132,1,1.174622639623507
best_model.pt,60394559,20260207,1.0332358,52.0,[0.00042083],0.0,0.0,0.0,0.0,0.0,0,72,-1.0
best_model.pt,60395737,20260207,17.62395,52.0,[0.86062898],0.1712135713,26.099063684073247,0.2535492756751983,3.295982401853587e-06,4.46854,5,72,-0.4980949291524376
best_model.pt,60491784,20260207,521.9422,19.24,[26.43604857],2.8666843720832014,182.0716723188005,1.0000000000000002,0.07244953683495806,521.9421997070314,356,21,8.463184744529709
best_model.pt,60503054,20260207,4002.5583,900.0,[5.13500105],1.8337028733558778,2182.7724791158644,0.9999999999999993,0.0010587227123195877,4002.5583496093723,175,39,1.4253027545731827
best_model.pt,60504423,20260207,65.78731,2.35,[8.57009342],18.120653997895836,3.630514887397668,0.9999999999999998,0.020060092564271357,65.7873077392578,72,13,0.54490001477907
best_model.pt,60505342,20260207,1287.7825,483.0,[2.49494261],6.12620773824509,210.20871565535685,0.9999999999999997,0.0016466085992376306,1287.7824707031245,130,44,-0.5647852677942923
best_model.pt,60518154,20260207,2168.2776,1.63,[1459.57807967],537.4480223331374,4.034394943800207,1.0,0.021127415992066693,2168.277587890625,725,71,1.4750889298173928
best_model.pt,60518258,20260207,19.23077,2.22,[8.53345634],6.496888545878537,2.959996468353614,0.9999999008178855,0.09371837044534413,19.230770111083984,12,13,0.3333317253183276
best_model.pt,60537191,20260207,62.5,9.0,[0.76059261],1.943381460300251,32.16042198422631,1.0,0.7333333333333333,62.5,10,5,2.57338022046959
best_model.pt,60547751,20260207,192.36432,54.68,[2.49529176],1.8285134912648526,105.20251262246782,0.9999999999999986,0.025161871977706744,192.36431884765597,307,21,0.923966935539863
best_model.pt,60547769,20260207,21.234762,54.68,[0.07174513],0.21551298929999999,34.2965671231255,0.3480796850625682,0.00015117571722754784,7.39139,25,72,-0.3727767569182122
best_model.pt,60548432,20260207,148.9186,1.73,[121.7384681],33.841122029478655,4.400521644350578,1.0000000000000002,0.062128429229477575,148.9185943603516,119,14,1.543654101638281
best_model.pt,60566933,20260207,14.03152,5.9,[0.88416029],0.08889380786329913,157.84408816551993,0.999999932033432,1.0,14.031519889831543,2,2,25.75323484985299
best_model.pt,60580455,20260207,27.137043,15.0,[0.16572463],0.0322092177,27.611424681553764,0.0327732810650715,0.0013227513227513227,0.88937,4,72,0.8407616454369176
best_model.pt,60619154,20260207,346.15384,8.8,[0.7949494],0.8002750524000001,15.71998807445509,0.03634317629495937,0.017769669943582988,12.580329999999998,17,69,0.7863622424697195
best_model.pt,60632826,20260207,103.90999,7.7,[23.06585736],5.432259506657717,19.12831468151599,1.0,0.053125,103.90998840332031,51,16,1.4841967734206394
best_model.pt,60656113,20260207,304.366,3.0,[115.27257288],61.83013597062545,4.922615608292321,0.9999999999999992,0.0649973605022742,304.3659973144529,189,16,0.6408718694307737
best_model.pt,60666367,20260207,144.92754,1.95,[23.86429361],16.737458993421843,8.658872736227696,1.0,0.14124293785310735,144.9275360107422,50,1,3.4404474484567498
best_model.pt,60679080,20260207,33.333332,26.0,[0.15494413],0.26003398549999995,92.54016321584547,0.7219104275386974,0.0025863316772723635,24.06368,23,72,2.559237046763287
best_model.pt,60679832,20260207,84.40434,1.33,[104.07477375],1.1473039281240105,73.5674889755586,1.0,0.7380952380952381,84.40434265136719,62,1,54.31389970055906
best_model.pt,60695475,20260207,34.93014,11.0,[2.37173726],0.7564906889852152,46.173860146211446,1.0000000000000002,0.03439153439153439,34.93014144897462,26,21,3.197623649655586
best_model.pt,60726038,20260207,47.8357,9.0,[11.81999238],1.9086983004233764,25.061936669730482,1.0,0.048214285714285716,47.83570098876953,27,16,1.7846596299700535
best_model.pt,60739483,20260207,14.583333,1.78,[5.45692048],2.062589828487085,7.070395550114415,0.9999999346051924,0.6153846153846154,14.583333015441893,24,1,2.972132395369682
best_model.pt,60739866,20260207,99.7291,1.09,[77.94989425],29.630807674230287,3.3657232978292853,1.0000000000000004,0.7972972972972973,99.72910308837895,59,1,2.0878194447359557
best_model.pt,60741109,20260207,612.0902,1.82,[352.99568487],135.5919158934373,4.5142086931478635,0.9999999999999997,0.5843137254901961,612.0902099609373,149,1,1.4803343753017297
best_model.pt,60745623,20260207,1000.0,22.2,[11.50810874],17.653135876894513,56.64715608186664,0.9999999999999993,0.05013550135501355,999.9999999999993,259,14,1.5516736096889268
best_model.pt,60758778,20260207,502.0863,1.73,[414.21884137],173.6079411937255,2.892069898223145,0.9999999999999997,0.038934056254201606,502.08630371093733,175,44,0.6717166857443235
best_model.pt,60762511,20260207,2000.0,33.74,[0.60701664],1.1972523891,45.034493525661304,0.026958850000000003,6.647138595749988e-05,53.9177,14,56,0.3347507790553183
best_model.pt,60762714,20260207,122.44898,18.6,[1.06525956],0.0,0.0,0.0,0.0,0.0,0,72,-1.0
best_model.pt,60765488,20260207,117.64706,8.1,[0.40429786],4.985286582799999,17.890075250163964,0.7580909594594375,0.013324186901517971,89.18717,93,62,1.208651161435853
best_model.pt,60769562,20260207,583.7024,400.0,[2.06597794],0.4070333745,700.1884861692439,0.48826385864411964,0.00324582932095663,285.00078250000007,103,60,0.7504712154231098
best_model.pt,60828716,20260207,23.92696,1.88,[28.88029248],6.061568771263413,3.9473207262065357,0.9999999202845461,0.5,23.92695999145508,9,1,1.0996386894778687
best_model.pt,60844239,20260207,194.44444,5.0,[21.13600638],10.591240876327042,18.35898424561853,0.9999999999999997,0.05518898851891895,194.44444274902338,45,18,2.671796849123706
best_model.pt,60848391,20260207,41.73038,16.0,[3.21871208],1.0273588031820795,40.619051750623136,0.9999999999999998,0.03958333333333333,41.73038101196288,19,15,1.538690734413946
best_model.pt,60858118,20260207,119.63921,2.64,[81.71889262],26.717494793504322,4.47793515105929,1.0,0.08504811445385216,119.63921356201172,82,16,0.6961874898189928
best_model.pt,60862222,20260207,166.66667,7.6,[1.2565122],7.6785226720000015,17.04680555681693,0.7853657760325385,0.010868035065557185,130.8943,78,70,1.2430007593060728
best_model.pt,60880371,20260207,33.80588,45.0,[0.70459392],0.0331847731,206.51620739249856,0.20272803713018123,0.0001489192460408619,6.853400000000001,8,72,3.589249053166635
best_model.pt,60882186,20260207,112.01828,35.0,[4.62582224],2.0894849360101295,53.61044939273228,1.0000000000000002,0.3735957792207792,112.01828002929689,103,20,0.5317271255066365
best_model.pt,60882731,20260207,92.20477,37.0,[2.94033505],1.2151660216161808,75.87827130675893,1.0,0.023876404494382022,92.20477294921875,34,16,1.050764089371863
best_model.pt,60906442,20260207,142.7203,2.47,[166.35510684],19.22741531016227,7.422750102989781,1.0000000000000002,0.19256434256489316,142.7203063964844,213,23,2.005161950207048
best_model.pt,60906649,20260207,4.0774717,52.0,[0.28731876],0.0,0.0,0.0,0.0,0.0,0,72,-1.0
best_model.pt,60908226,20260207,470.27304,2.33,[380.79162164],99.2937594282546,4.7361791792676,1.0000000000000004,0.6363636363636364,470.27304077148455,224,1,1.0326949932832277
best_model.pt,60912674,20260207,6.02155,2.3,[3.37042867],1.2750233016698402,4.72269443856222,0.9999998416231474,0.07940251572327044,6.021550178527832,6,2,1.0533454506405917
best_model.pt,60916277,20260207,262.2118,1.31,[260.54222287],121.01629507540953,2.166747789312558,1.0000000000000002,0.9130434782608695,262.21179199218756,105,1,0.6540060182866729
best_model.pt,60917464,20260207,1000.0,20.54,[0.00202457],0.254747708,47.504460748825466,0.0121017,0.21875,12.1017,7,24,1.3127779275274603
best_model.pt,60930313,20260207,64.68921,1.84,[3.29215912],21.950651073278536,2.947029034418704,0.9999999999999996,0.7317073170731707,64.68920898437497,30,1,0.6016461853032581
best_model.pt,60949070,20260207,66.13085,9.0,[4.89974264],3.251600301023728,20.337933720467188,0.9999999999999998,0.08743927827897294,66.13085174560545,126,11,1.259770413385243
best_model.pt,60961963,20260207,27.777779,2.08,[0.44879388],2.5373381804750323,10.947601660526844,0.9999999313354563,0.8571428571428571,27.77777862548829,30,1,4.263270222155046
best_model.pt,60972908,20260207,1000.0,2.2,[34.42935004],193.75372923628095,5.161190955036107,0.9999999999999991,0.12212653951945397,999.9999999999991,287,19,1.3459958378046852
best_model.pt,61011193,20260207,1128.4313,3.5,[79.66752507],171.91177943708735,6.564013655986904,1.000000000000001,0.07460702429954671,1128.4312744140636,594,16,0.8754324731391154
best_model.pt,61011487,20260207,420.41623,3.33,[1.08241531],11.8415487948,4.860588436259843,0.13690456265911952,0.0748214629102193,57.55689999999999,63,63,0.45963620048686116
best_model.pt,61012951,20260207,119.05549,2.3,[25.9643353],27.668204009078984,4.302971173856748,0.9999999999999999,0.5254237288135594,119.05548858642577,62,1,0.8708570708983325
best_model.pt,61019035,20260207,115.38461,2.33,[9.77133554],8.027674264812681,14.373353334665788,1.0000000000000002,0.0391156462585034,115.3846130371094,23,14,5.168821375669317
best_model.pt,61022895,20260207,1.325791,26.0,[0.00566924],0.022353862286500666,59.30660562022272,0.9999992806757404,0.19047619047619047,1.3257910013198853,4,1,1.2810232930854892
best_model.pt,61027483,20260207,4.0774717,52.0,[0.35631992],0.42103311709339025,9.68442120852841,0.9999997661114152,0.00102123908502916,4.077471733093262,12,4,-0.8137611306052229
best_model.pt,61030217,20260207,46.25146,20.1,[2.31497386],0.784556529681242,58.952287473226114,0.9999999999999996,0.03795233892321271,46.25146102905271,86,22,1.9329495698703802
best_model.pt,61034097,20260207,2664.8945,2.82,[1171.39858195],551.3669492956702,4.833250396711222,1.0000000000000018,0.4616966580976864,2664.8945312500045,898,1,0.7139186209672459
best_model.pt,61042371,20260207,220.99026,1.82,[197.7157543],49.83425442427436,4.434505201515129,1.0000000000000002,0.43670886075949367,220.99026489257818,69,1,1.4365412492931067
best_model.pt,61076126,20260207,40.322582,2.5,[2.20491694],5.624079445115831,7.169631131412911,1.0,0.2969959926481665,40.32258224487305,17,3,1.8678524525651643
best_model.pt,61087629,20260207,57.142857,1.67,[0.55140602],8.059278651789665,7.0903181260388575,0.9999999999999999,0.967741935483871,57.14285659790038,30,1,3.2456995857751596
best_model.pt,61095720,20260207,7.352941,1.35,[0.60121191],1.4175790510608666,5.186967064556027,0.9999998703003075,1.0,7.352941036224366,6,2,2.842197757741403
best_model.pt,61098328,20260207,175.4386,52.0,[0.29296066],0.0,0.0,0.0,0.0,0.0,0,53,-1.0
best_model.pt,61100993,20260207,118.66019,5.1,[35.57482916],15.616200750463717,7.598530594294773,1.0000000000000002,0.0480120902115787,118.66018676757814,19,17,0.48990798752617076
best_model.pt,61106509,20260207,50.0,1.11,[29.73147255],17.155595144125495,2.91450087656215,1.0,0.825,50.0,99,1,1.6256764315329255
best_model.pt,61109358,20260207,21.234762,54.68,[0.24533727],0.0,0.0,0.0,0.0,0.0,0,72,-1.0
best_model.pt,61112285,20260207,131.0145,1.96,[36.45122314],42.34348617884178,3.0940884792094967,1.0,0.09483201697512673,131.01449584960938,69,17,0.5786165403010484
best_model.pt,61136703,20260207,28.116213,52.0,[0.13475406],0.0,0.0,0.0,0.0,0.0,0,35,-1.0
best_model.pt,61145915,20260207,7.368421,8.1,[0.01351633],0.1865524045097776,39.49765000049667,0.9999998705727885,1.0,7.3684210777282715,3,1,3.8762528568338057
best_model.pt,61154489,20260207,5.952381,6.1,[0.02376262],0.2681615611889961,22.196913348534412,0.9999998397827454,0.75,5.952381134033203,6,1,2.6388383107477176
best_model.pt,61159718,20260207,3.7037036,13.8,[0.50305502],0.1386372507583028,26.71487574052265,0.9999997425079966,0.08571428571428572,3.7037036418914795,3,1,0.9358605341511997
best_model.pt,61185226,20260207,280.89886,3.0,[3.16974885],31.590674384359925,8.891828405959396,1.0000000000000004,0.08860178306717877,280.89886474609386,98,12,1.9639428019864653
best_model.pt,61185244,20260207,445.26294,1.3,[301.1073522],177.13313604994656,2.5137190413308903,0.9999999999999998,0.8214285714285714,445.2629394531249,92,1,0.933630102718122
best_model.pt,61185698,20260207,7.10406,52.0,[0.42989981],0.024381400996244314,291.36015661988847,0.9999998657564597,0.0003083517093047386,7.104060173034668,6,3,4.603079934997855
best_model.pt,61185812,20260207,498.57053,3.59,[18.21317164],69.58933763808338,7.164467084764042,1.0000000000000002,0.059645337868945186,498.57052612304693,266,17,0.995673330377175
best_model.pt,61186486,20260207,21.234762,54.68,[0.00626022],0.1503517014,17.89073275673117,0.12667529469335315,5.016904625064836e-05,2.6899200000000003,9,72,-0.6728103025442429
best_model.pt,61188825,20260207,23.364487,52.0,[0.04949184],0.0719639007,27.882481327456343,0.08588075836829263,7.713957309946601e-06,2.00656,6,72,-0.46379843601045495
best_model.pt,61190600,20260207,992.44653,6.1,[135.64135158],98.24052332682547,10.102211281990567,1.0,0.03631349115145944,992.446533203125,158,19,0.6561002360538676
best_model.pt,61191979,20260207,346.15384,6.0,[20.44772052],22.622525878375626,15.301289770693504,0.9999999999999992,0.06711731678486998,346.15383911132784,233,16,1.5502149617822507
best_model.pt,61194572,20260207,309.09613,3.13,[146.59471069],59.44108427022563,5.2000418391741885,1.0000000000000004,0.35546875,309.09613037109386,91,1,0.6613551594399932
best_model.pt,61218808,20260207,804.4937,4.0,[159.73761264],193.20564934418675,4.163924357003733,0.9999999999999996,0.11536445001960643,804.4937133789059,467,22,0.040981089250933245
best_model.pt,61218812,20260207,1560.8154,4.0,[64.79945808],159.59686366808685,9.779737421117414,1.0000000000000002,0.09619292151035673,1560.8154296875005,1026,17,1.4449343552793534
best_model.pt,61218892,20260207,119.60393,4.0,[0.659047],9.413791398316134,12.70518007532209,1.0,0.4016290726817042,119.60392761230469,59,2,2.1762950188305226
best_model.pt,61245888,20260207,128.20512,3.76,[7.24486577],8.807039645995951,14.557117317228984,1.0,0.07928238783081312,128.2051239013672,134,14,2.871573764401912
best_model.pt,61261395,20260207,4.0444894,16.0,[0.02561279],0.14443095712104936,28.002731973698847,0.9999997642040809,1.0,4.04448938369751,6,1,0.7501707483561779
best_model.pt,61275566,20260207,729.8732,1.8,[380.58487023],193.37218266020082,3.7744478867913216,0.9999999999999993,0.7621359223300971,729.8732299804683,157,1,1.096915548211137
best_model.pt,61280560,20260207,1000.0,30.15,[0.82787198],0.0,0.0,0.0,0.0,0.0,0,72,-1.0
best_model.pt,61292982,20260207,9.42855,2.24,[0.6256064],0.9040398070789382,10.429340902215772,0.9999998988525018,1.0,9.428549766540527,6,1,3.655955740095142
best_model.pt,61325277,20260207,159.26295,2.64,[114.76722372],37.283205920031776,4.271707502348576,1.0000000000000002,0.7936507936507936,159.2629547119141,50,1,0.6180709593205218
best_model.pt,61327659,20260207,1111.1111,41.78,[0.21576263],0.0,0.0,0.0,0.0,0.0,0,72,-1.0
best_model.pt,61328223,20260207,1666.6666,48.86,[9.83047035],19.086519254151767,87.32165967308931,1.0000000000000027,0.01884180756572177,1666.6666259765668,2130,14,0.7871808960761495
best_model.pt,61329740,20260207,25.423729,10.0,[2.32288295],0.9595101202229739,26.496544341208935,0.9999999249776261,0.042727272727272725,25.423728942871087,47,22,1.6496544341208934
best_model.pt,61361730,20260207,372.34042,1.5,[75.30825034],141.68111400651605,2.628017315976516,1.0,0.021776240059955983,372.3404235839844,88,44,0.7520115439843439
best_model.pt,61380657,20260207,27.35469,7.1,[9.9622359],1.8104517072949522,15.10930964478449,0.999999930273439,0.06891025641025642,27.354690551757812,43,13,1.128071809539892
best_model.pt,61390918,20260207,14.285714,1.45,[3.18052317],1.168687099269983,12.223718337166796,0.9999999332428017,0.13793103448275862,14.285714149475098,16,1,7.43015030012821
best_model.pt,61390940,20260207,58.39817,10.0,[12.34167209],3.4138184843532073,17.106402590661787,0.9999999999999998,0.07035938015166503,58.39817047119139,105,15,0.7106402590661787
best_model.pt,61400136,20260207,267.85715,2.25,[0.58971715],23.238810223224004,11.526284397418337,1.0000000000000004,0.8498534845203211,267.857147216797,366,2,4.122793065519261
best_model.pt,61404169,20260207,8.77193,1.68,[1.3943859],2.131442672424674,4.11548747658297,0.9999998912811388,0.6416666666666666,8.771929740905762,14,2,1.4496950030205873
best_model.pt,61404245,20260207,8.77193,1.51,[0.97563598],0.3125926149307889,28.061768769166793,0.9999998912811388,0.7,8.771929740905762,7,1,17.583952944633893
best_model.pt,61423925,20260207,1000.0,20.04,[2.84351546],21.953123164330965,45.55160315745768,0.9999999999999989,0.04808411670002715,999.9999999999989,708,19,1.2730339858499455
best_model.pt,61443196,20260207,27.777779,25.0,[0.57550635],0.007073939400000001,16.193778281691007,0.004124519590921367,5.201831044527674e-05,0.11457,2,72,-0.3522488687323597
best_model.pt,61444303,20260207,1000.0,1.05,[76.79421765],20.389550264400004,2.457977586171991,0.05011706,0.019848842547052267,50.117059999999995,24,69,1.340931140758368
best_model.pt,61445437,20260207,67.55288,5.6,[23.47298129],7.471013501014883,9.041995477899222,1.0,0.02976190476190476,67.5528793334961,10,16,0.6146420771220519
best_model.pt,61446523,20260207,280.89886,3.0,[5.33627008],42.40208237039684,6.624647715829085,1.0000000000000004,0.0746124031007752,280.89886474609386,77,12,1.2082159052763617
best_model.pt,61451829,20260207,72.63998,19.25,[3.41585649],1.59363161720514,45.581381629135066,0.9999999999999994,0.06530612244897958,72.6399765014648,32,14,1.3678639807342892
best_model.pt,61462330,20260207,7.4626865,5.1,[0.03346303],0.4208546855997973,17.73217469560992,0.9999998722076574,0.7692307692307693,7.462686538696289,10,1,2.476897064155424
best_model.pt,61467151,20260207,5.65243,19.25,[1.0123632],0.0,0.0,0.0,0.0,0.0,0,69,-1.0
best_model.pt,61470571,20260207,1162.7906,20.6,[3.15781578],21.954701373952666,52.9631706961152,0.9999999999999984,0.22055334098331617,1162.7906494140607,309,24,1.5710276560847565
best_model.pt,61471905,20260207,1000.0,28.73,[7.4822761],16.355105264866403,61.14298395897153,1.0000000000000013,0.04074794638996974,1000.0000000000013,377,12,1.1281930015029924
best_model.pt,61515335,20260207,4.78288,2.04,[2.04869914],0.2553556493854486,18.73019496816475,0.9999998006067139,0.30434782608695654,4.782879829406738,7,1,8.18146829333822
best_model.pt,61521770,20260207,101.2775,3.79,[31.79619869],33.1796550575,2.96741223535813,0.9721578920307917,0.2505287896592244,98.45771734999998,51,37,-0.21704161867397842
best_model.pt,61524679,20260207,2.69648,52.0,[0.10336592],0.1247409378,11.338929192103668,0.5245503326486507,9.267687530267372e-06,1.4144400000000001,5,72,-0.7819436693826217
best_model.pt,61524837,20260207,1000.0,18.9,[2.18527217],18.948094618356702,52.77575225191554,0.9999999999999998,0.0608695652173913,999.9999999999998,557,23,1.7923679003766857
best_model.pt,61547249,20260207,70.0,8.7,[1.84017278],1.3557645987,18.803449714644245,0.36418671799999996,0.00022077478545024098,25.493070259999996,11,72,1.1613161065382271
best_model.pt,61552681,20260207,1.5432099,3.88,[0.129875],0.11121802679878545,13.87541282108767,0.9999993820194382,0.45454545454545453,1.5432099103927608,5,1,2.576137219544135
best_model.pt,61583194,20260207,2182.0693,300.0,[6.36434422],0.37393063480000005,406.8318800610876,0.0697169917997314,1.590121675140329e-05,152.12731000000002,10,72,0.35610626687029195
best_model.pt,61590141,20260207,28.44717,21.41,[1.57075175],0.6051025770309384,47.01206758213211,0.9999999329512045,0.010954616588419406,28.447170257568363,14,71,1.1957995290604637
best_model.pt,61593737,20260207,118.54912,22.0,[7.48677359],3.349715902641791,35.390787188164225,1.0000000000000007,0.05555555555555555,118.54911804199226,26,12,0.6086721449165556
best_model.pt,61619011,20260207,162.85718,1.46,[52.40848591],45.467960970933966,3.5818006938266476,0.9999999999999993,0.640625,162.8571777343749,41,1,1.4532880823569412
best_model.pt,61622102,20260207,100000.0,60.0,[0.67162681],0.0,0.0,0.0,0.0,0.0,0,72,-1.0
best_model.pt,61627716,20260207,498.57053,3.59,[13.35597685],58.6691763005208,8.497997569817997,1.0000000000000002,0.04682779456193353,498.570526123047,248,16,1.3671302988831255
best_model.pt,61630077,20260207,1000.0,30.15,[0.45239703],0.0,0.0,0.0,0.0,0.0,0,72,-1.0
best_model.pt,61642024,20260207,20.98801,12.13,[2.52966783],0.9650363493415888,21.748391832516656,0.9999999091219973,0.045454545454545456,20.988010406494134,33,22,0.792942425995934
best_model.pt,61652353,20260207,1000.0,2.76,[53.63802462],275.93710628532375,3.62401421772529,1.000000000000002,0.03923630615872273,1000.000000000002,1461,15,0.3130486341476441
best_model.pt,61663854,20260207,141.18399,3.6,[47.95950821],26.592868876240797,5.309091915824227,1.0,0.05857843137254902,141.18399047851562,35,17,0.47474779346309337
best_model.pt,61697828,20260207,82.35294,1.9,[5.53978306],22.698053660010572,3.6281938982858972,0.9999999999999998,0.06684350132625995,82.35294342041014,50,13,0.9095757599019638
best_model.pt,61702785,20260207,0.86820626,52.0,[0.03723818],0.06111050693499355,14.206919549734591,0.9999988329066234,4.5353622397062915e-05,0.868206262588501,4,17,-0.7267900086589502
best_model.pt,61709401,20260207,15.873015,8.1,[1.63250317],0.0,0.0,0.0,0.0,0.0,0,72,-1.0
best_model.pt,61709841,20260207,197.8022,3.6,[0.35349137],7.65596253483185,25.836356118658976,1.0000000000000002,0.7572815533980582,197.80220031738287,78,1,6.176765778635749
best_model.pt,61736578,20260207,1000.0,23.79,[13.92317817],17.493369434668402,57.16451290702658,0.9999999999999991,0.04383916990920882,999.9999999999991,338,15,1.4028798111443634
best_model.pt,61768085,20260207,40.322582,2.3,[2.80241079],4.002726852276634,10.073775618279605,1.0,0.5666666666666667,40.32258224487305,17,1,3.3799025335346227
best_model.pt,61777401,20260207,4432.507,300.0,[11.88119253],0.42464914499999995,400.3515646980411,0.038355124152683245,1.7609817845035252e-05,170.00935,13,72,0.334505215660137
best_model.pt,61795733,20260207,47.71691,13.34,[2.91329373],2.294183140691116,20.79907644272329,1.0,0.04551775732976194,47.71691131591797,33,22,0.5591511397912824
best_model.pt,61798105,20260207,45.454544,8.0,[10.37459172],2.6920209577598575,16.884908362785946,1.0000000000000002,0.08355978260869565,45.45454406738282,36,16,1.1106135453482433
best_model.pt,61810671,20260207,83.333336,10.0,[0.00288387],2.5480459029837825,32.704788824287675,1.0,0.21,83.33333587646484,21,1,2.2704788824287676
best_model.pt,61831943,20260207,104.30993,5.6,[47.09096277],9.763572964948134,10.683580548324047,0.9999999999999999,0.03333333333333333,104.30992889404295,21,18,0.9077822732614896
best_model.pt,61834352,20260207,139.53488,8.1,[21.14228361],9.40963868756467,14.828929292181034,1.0000000000000002,0.03841536614645858,139.5348815917969,32,17,0.8307319251620033
best_model.pt,61861065,20260207,125.0,2.8,[12.37815026],6.198385859551503,20.166537331786444,0.9999999999999994,0.08302752452291617,124.99999999999993,202,14,6.202334884007334
best_model.pt,61869045,20260207,593.0689,13.49,[10.80561223],18.560199775800832,31.95379812187492,0.9999999999999998,0.05714285714285715,593.0689086914061,196,14,1.3687026437381713
best_model.pt,61879187,20260207,66.1471,54.0,[1.52916709],0.7033848372759496,94.04099265366139,1.0000000000000002,0.010640983445441725,66.14710235595705,281,40,0.7414998639566924
best_model.pt,61880373,20260207,461.19568,1.01,[559.35460365],128.00268122901738,3.6030157390435353,1.0000000000000007,0.6328767123287671,461.19567871093784,462,1,2.5673423495686762
best_model.pt,61887714,20260207,555.55554,11.1,[0.16076585],2.4138607642,201.9152037737058,0.8773117234187432,0.40454545454545454,487.39538999999996,14,22,17.19055827338365
best_model.pt,61894872,20260207,59.701492,5.1,[0.68480181],3.4119700395260706,17.497655055672144,0.9999999999999998,0.6,59.7014923095703,15,1,2.4309128201704877
best_model.pt,61914746,20260207,20.833334,11.0,[0.31862877],1.0041446355841461,20.747323128080662,0.9999999084472768,0.7125,20.83333396911621,57,1,0.8861202843709693
best_model.pt,61915131,20260207,1000.0,20.52,[0.75510794],0.0,0.0,0.0,0.0,0.0,0,72,-1.0
best_model.pt,61917856,20260207,183.66035,3.5,[39.25839503],29.37174181371045,6.2529607377784515,1.0000000000000002,0.05329889841699681,183.66035461425784,40,17,0.7865602107938433
best_model.pt,61921752,20260207,50.0,2.83,[5.91152992],6.375809966239405,7.842139653254358,1.0000000000000004,0.1947391688770999,50.00000000000002,78,13,1.7710741571273985
best_model.pt,61927008,20260207,347.65363,1.0,[307.94050248],267.14179360039407,1.3013823838696652,1.0000000000000002,0.8771929824561403,347.6536254882813,50,1,0.3013823838696652
best_model.pt,61939692,20260207,1000.0,1.29,[9.94276591],246.0537345587,2.055645726944607,0.5057993101,0.028428668838776542,505.79931009999996,118,71,0.5935238664594715
best_model.pt,61944621,20260207,147.54099,7.1,[9.7872004],12.572372997896354,11.735332176095687,0.9999999999999998,0.08095238095238094,147.54098510742185,22,15,0.6528637089753597
best_model.pt,61946302,20260207,17.54386,10.0,[0.02846645],0.765141836432909,22.92886850199224,0.9999998912811391,0.8235294117647058,17.54385948181153,70,1,1.2928868501992241
best_model.pt,61947448,20260207,142.85715,25.0,[0.00273055],0.0,0.0,0.0,0.0,0.0,0,69,-1.0
best_model.pt,61974075,20260207,127.96638,1.28,[79.44295027],36.3061409827,1.780715506230499,0.505217943847092,0.020024412927226225,64.65091,16,68,0.3911840203379633
best_model.pt,61981383,20260207,103.8961,4.0,[30.1628578],16.848304440250047,6.166560979899442,1.0,0.03977363303044795,103.89610290527344,19,17,0.5416402449748605
best_model.pt,61991620,20260207,42.08653,1.92,[10.99126112],12.857797150050201,3.2732298552930583,1.0,0.2903225806451613,42.08652877807617,9,1,0.7048072544038795
best_model.pt,61992618,20260207,83.12442,4.0,[9.78810965],11.892109269334947,6.989879700355676,0.9999999999999998,0.125,83.12442016601561,25,16,0.747469925088919
best_model.pt,62027377,20260207,2104.1538,13.5,[184.01624811],72.26126878644517,29.118694077922882,0.9999999999999993,0.034722222222222224,2104.1538085937486,430,18,1.1569403020683617
best_model.pt,62034028,20260207,313.8476,2.57,[108.55843841],63.102746876192896,4.973596329443691,0.9999999999999997,0.09904109195696316,313.84759521484364,205,14,0.935251540325163
best_model.pt,62054606,20260207,13.043478,6.2,[1.09900612],0.17523714263206533,74.43287069911142,0.9999999268849732,0.5238095238095238,13.043478012084963,11,1,11.005302094990496
best_model.pt,62086487,20260207,49.43966,8.0,[0.50637483],2.998263463751351,16.4894257048942,1.0000000000000002,0.5,49.43965911865235,6,1,1.0611782131117748
best_model.pt,62095724,20260207,12.5,10.5,[0.24413514],0.12030118336675177,103.90501360970862,0.999999923706061,0.07534246575342465,12.500000000000005,22,1,8.895715581877012
best_model.pt,62097829,20260207,17.93105,1.97,[1.81956412],0.32337637766663113,55.44930036945532,0.999999893628733,0.8648648648648649,17.93104934692382,32,1,27.146852570643357
best_model.pt,62098540,20260207,25.641026,13.15,[0.84536939],1.0743079029855664,23.867460720054545,0.9999999256134087,0.5285714285714286,25.641025543212894,37,1,0.8150160769907401
best_model.pt,62103297,20260207,2.3364487,2.96,[0.5465647],0.42012293019879277,5.561332029641924,0.9999995918275716,0.75,2.3364486694335938,3,1,0.8788283641791587
best_model.pt,62103431,20260207,2.3364487,3.01,[0.22434496],0.4740665755948561,4.928513970823331,0.9999995918275716,0.5714285714285714,2.3364486694335938,14,4,0.6373800619397355
best_model.pt,62108188,20260207,46.08295,52.0,[0.10987819],0.0086991219,44.022371686539245,0.008311099768558395,4.926885026211028e-06,0.383,1,72,-0.15341592910501453
best_model.pt,62110322,20260207,50.68065,1.96,[13.03026842],11.833901901730755,4.282665594315355,1.0000000000000002,0.04752703422997167,50.680648803710945,52,10,1.1850334239606861
best_model.pt,62110977,20260207,118.0,9.1,[6.7544558],2.081026480120562,56.70275915489775,1.0,0.00570099530584856,118.0,22,9,5.231072173399159
best_model.pt,62112393,20260207,11.67876,9.0,[0.27654225],0.7351479724328293,15.886248927535878,0.9999999403953552,1.0,11.678759574890137,1,1,0.7651387697262086
best_model.pt,62112636,20260207,118.0,8.1,[1.75843028],0.024693623400000003,11.5709397698286,0.0024215254237288136,0.0006775067750677507,0.28574,2,72,0.4285110154191227
best_model.pt,62112649,20260207,170.8441,9.0,[18.03429044],6.643614305743183,25.715531843702564,1.0000000000000009,0.06394976291170062,170.84410095214858,50,17,1.8572813159669517
best_model.pt,62123023,20260207,237.29794,2.34,[220.1115175],52.742050642274336,4.499217146968797,1.0000000000000004,0.6159420289855072,237.2979431152345,85,1,0.9227424410252583
best_model.pt,62141016,20260207,133.9019,12.42,[19.18791515],4.635338921791246,28.887180552957844,1.0000000000000002,0.01627906976744186,133.90190124511722,21,15,1.3258599336158465
best_model.pt,62141274,20260207,284.49023,3000.0,[0.7589703],0.0,0.0,0.0,0.0,0.0,0,39,-1.0
best_model.pt,62141661,20260207,4.4334974,2.7,[0.67545908],0.7495137302356636,5.915157167758472,0.9999997848935007,1.0,4.433497428894043,5,2,1.1907989123307552
best_model.pt,62141774,20260207,3.8860104,2.03,[0.03898693],0.7270375197773521,5.344985585621432,0.9999997545878724,1.0,3.8860104084014893,5,1,1.6329978625379826
best_model.pt,62145179,20260207,10.638298,10.0,[0.0263948],0.7203400992934168,14.76841741378228,0.9999999103546237,1.0,10.638298034667969,2,1,0.4768417413782281
best_model.pt,62145770,20260207,1.3192612,2.27,[0.7477691],0.09771966539657298,13.500329617298304,0.9999992771153795,0.5714285714285714,1.3192611932754517,4,1,4.947281819706477
best_model.pt,62150859,20260207,1.2315271,5.6,[0.01364581],0.000184250169279957,6647.913439752392,0.9999992251396179,1.0,1.2315270900726318,1,1,1186.1274201724439
best_model.pt,62161066,20260207,25.07478,1.94,[27.25342166],1.2331904707586157,20.33324111062245,0.9999999239335887,0.42592592592592593,25.074779510498043,23,1,9.48105180973807
best_model.pt,62164374,20260207,8.30901,2.51,[5.17059842],2.0427691344397614,4.067520575084547,0.9999998852240815,0.5476190476190477,8.309009552001957,23,1,0.6205261316888799
best_model.pt,62171512,20260207,62.5,15.0,[1.50660852],0.9489640603381879,65.86122357099904,0.9999999999999999,0.00548780487804878,62.49999999999999,9,40,3.3907482380666027
best_model.pt,62187452,20260207,3.25476,380.0,[0.0138395],0.0,0.0,0.0,0.0,0.0,0,50,-1.0
best_model.pt,62204387,20260207,89.88764,7.0,[4.12175644],6.21466665209436,14.463789045331474,1.0,0.1404532967032967,89.88764190673828,24,12,1.0662555779044962
best_model.pt,62210221,20260207,41.666668,12.0,[7.52485234],1.2477975698688886,33.39214272589725,0.9999999999999993,0.0818452380952381,41.66666793823239,55,12,1.7826785604914377
best_model.pt,62243266,20260207,1.325791,26.0,[0.0029904],0.03056901356321327,43.36900271824836,0.9999992806757407,0.072452636968766,1.3257910013198857,9,2,0.6680385660864754
best_model.pt,62243688,20260207,1032.1405,5.5,[297.12176938],145.64989520543867,7.086448599138421,0.9999999999999998,0.004942271665748444,1032.1405029296873,186,18,0.2884451998433493
best_model.pt,62254595,20260207,6.25,6.78,[0.00105222],0.16598592926037695,37.653567228753765,0.9999998474121325,0.7142857142857143,6.249999999999999,10,1,4.55362331320903
best_model.pt,62256963,20260207,29.98952,9.0,[0.21673148],1.8453444323513795,16.25143921214219,0.9999999363994967,0.75,29.989519119262695,3,1,0.8057154680157991
best_model.pt,62259395,20260207,359.21542,2.06,[279.3308606],97.84018784799181,3.6714506361192205,0.9999999999999996,0.09576155248424156,359.2154235839842,239,14,0.7822576398547674
best_model.pt,62269771,20260207,313.48004,1.5,[218.52118401],148.69976742771706,2.108140751115487,1.0000000000000004,0.9591836734693877,313.4800415039064,47,1,0.40542716741032453
best_model.pt,62285840,20260207,23.809525,1.19,[0.69471401],3.9603018614659824,6.012046393673856,0.9999999198913663,0.9285714285714286,23.809524536132812,13,1,4.052139583687487
best_model.pt,62297437,20260207,6.289308,58.0,[0.03608242],0.0,0.0,0.0,0.0,0.0,0,60,-1.0
best_model.pt,62326550,20260207,40.322582,2.3,[0.35312561],5.683169440438174,7.0950858622786885,0.9999999999999998,0.7647058823529411,40.32258224487304,26,1,2.0848200040758127
best_model.pt,62326559,20260207,40.322582,2.3,[0.83335756],5.85896367288757,6.882202657999678,1.0,0.8958333333333334,40.32258224487305,19,3,1.9922620872529797
best_model.pt,62326943,20260207,120.62792,2.1,[65.14375741],30.74196108470431,3.923884940256432,1.0000000000000002,0.5294117647058824,120.62792205810548,54,1,0.8685167230724157
best_model.pt,62336447,20260207,1.325791,26.0,[0.01377285],0.03997977496945496,33.16071292596956,0.9999992806757406,0.3055555555555556,1.3257910013198855,11,1,0.27541203561421396
best_model.pt,62338437,20260207,151.51515,52.0,[0.86979619],0.0,0.0,0.0,0.0,0.0,0,72,-1.0
best_model.pt,62367731,20260207,72.79249,15.0,[2.27697173],1.8676221484461266,38.976004425040635,1.0000000000000002,0.03787878787878788,72.79248809814455,20,22,1.598400295002709
best_model.pt,62370833,20260207,248.92276,8.02,[32.92933788],12.216436616024763,20.376051336213116,0.9999999999999997,0.03333333333333333,248.92276000976554,34,17,1.5406546350615613
best_model.pt,62371800,20260207,264.70587,1.58,[27.1001748],43.45519453582228,6.091466585711735,0.9999999999999996,0.23802750480152474,264.70587158203114,194,20,2.855358493833986
best_model.pt,62382189,20260207,100.0,13.32,[1.44001173],5.4736711385973615,18.269271061168308,1.0000000000000002,0.14166666666666666,100.00000000000003,170,1,0.37156692790820695
best_model.pt,62390621,20260207,27.777779,2.99,[6.15675128],5.639492026111793,4.925580809635286,0.999999931335456,0.06493506493506494,27.777778625488278,10,11,0.6473514360952904
best_model.pt,62408382,20260207,15.62024,6.06,[5.83438722],1.7913980075872415,8.71957623361925,0.9999999389462492,0.10439421233694075,15.62024021148682,43,10,0.4388739795300792
best_model.pt,62425774,20260207,14.70207,2.61,[0.51299161],1.0502686617659607,13.998376580244612,0.9999999351333356,0.6726190476190477,14.702070236206053,18,5,4.363362889993781
best_model.pt,62428947,20260207,32.35294,10.1,[0.14758722],0.6843418631396321,47.27592168826586,1.0,0.4437340153452685,32.35293960571289,21,3,3.6807841487810307
best_model.pt,62435576,20260207,363.63635,104.43,[0.34070406],0.0,0.0,0.0,0.0,0.0,0,70,-1.0
best_model.pt,62440154,20260207,11.111111,6.81,[0.0114356],0.06510585836865895,170.65960431296912,0.9999999141693157,0.5333333333333333,11.11111068725586,8,1,24.060147686772726
best_model.pt,62450179,20260207,139.06444,11.0,[9.14298519],5.182086753450611,26.835600723590932,1.0,0.03725490196078431,139.06443786621094,38,15,1.4396000657809938
best_model.pt,62456302,20260207,10.454783,9.0,[1.32208081],0.957512209529312,10.91868324696588,0.9999999087810633,0.6666666666666666,10.45478343963623,4,1,0.21318702744065338
best_model.pt,62462575,20260207,51.30043,10.0,[1.30229656],3.0016805488999996,14.222138259684593,0.8321631953599392,0.0014258555133079848,42.690329999999996,27,72,0.4222138259684593
best_model.pt,62463469,20260207,223.48889,10.0,[25.21536314],8.790992577783369,25.422483775481815,1.0,0.04201680672268908,223.4888916015625,55,17,1.5422483775481814
best_model.pt,62465463,20260207,469.2045,4.78,[106.12060784],37.927701158497655,12.371023594580976,0.9999999999999971,0.15351068469254253,469.20449829101426,352,1,1.5880801363138397
best_model.pt,62469263,20260207,1466.2635,7.6,[182.21347497],57.62263344692885,25.44596518153182,1.0000000000000002,0.03538586404278544,1466.2635498046877,350,18,2.348153355373238
best_model.pt,62474596,20260207,1000.0,2.77,[0.77718894],131.08110687680863,7.628864419881244,1.0000000000000004,0.8980922356885477,1000.0000000000003,1803,2,1.7541026976215104
best_model.pt,62497963,20260207,479.75705,1.0,[508.48123968],356.1840084484163,1.3469359567923749,1.0000000000000002,0.9146341463414634,479.75704956054693,75,1,0.3469359567923749
best_model.pt,62516634,20260207,17.80691,12.0,[1.00203383],0.85189251239445,20.902741131466836,0.9999998928871725,0.5421686746987951,17.806909561157223,45,1,0.741895094288903
best_model.pt,62522391,20260207,551.49756,4.91,[104.57649073],40.849780906006885,13.50062430841652,0.9999999999999996,0.2090457804743519,551.4975585937498,379,1,1.74961807087066
best_model.pt,62524259,20260207,100.0,6.5,[2.40409449],0.9193607493240626,108.77111221292647,1.0,0.052685028532527316,100.0,64,14,15.734017263527148
best_model.pt,62527634,20260207,156.86275,7.1,[7.12149866],8.445537229255685,18.573445875717418,0.9999999999999997,0.11528239202657807,156.86274719238276,74,14,1.6159783274924722
best_model.pt,62529276,20260207,107.15096,6.71,[4.97309853],3.3919783317613863,31.589509354099896,0.9999999999999999,0.07766801000727129,107.15096282958983,67,10,3.7078255103592554
best_model.pt,62537183,20260207,1000.0,19.0,[5.247884],20.391885619672916,49.03911141969857,1.0000000000000007,0.07003258618521836,1000.0000000000007,458,11,1.5810058641946616
best_model.pt,62537340,20260207,1000.0,2.56,[23.62377015],178.41877351064835,5.604791327273228,0.9999999999999996,0.11272393638551592,999.9999999999995,2133,14,1.1893716611523746
best_model.pt,62543564,20260207,1000.0,32.62,[0.41211493],0.0,0.0,0.0,0.0,0.0,0,72,-1.0
best_model.pt,62552000,20260207,28.349,1.04,[43.49290032],12.36951692389095,2.291843635719368,0.9999999327190217,0.6981481481481482,28.34900093078612,49,2,1.2036958844073986
best_model.pt,62552558,20260207,118.0,11.0,[2.24942648],5.224522786006143,22.58579055876103,0.9999999999999999,0.1761633428300095,117.99999999999999,45,27,1.0532536871600937
best_model.pt,62559786,20260207,10.454783,7.8,[0.65944658],0.953462689794517,10.96505672060712,0.9999999087810633,1.0,10.45478343963623,2,1,0.4057764682662227
best_model.pt,62621349,20260207,1.25,3.15,[0.62550347],0.031456445308396946,39.73622103592554,0.9999992370611289,0.25,1.25,4,1,11.61467296282431
best_model.pt,62626344,20260207,999.45734,4.41,[231.98193968],94.60940077087086,10.564038221553396,1.0000000000000002,0.2868965517241379,999.4573364257814,624,1,1.3954736025110341
best_model.pt,62630587,20260207,7.25892,1.96,[1.43548457],0.08530466289735165,85.09306353381449,0.999999868620378,0.5,7.258920192718506,4,1,42.41482748860727
best_model.pt,62632452,20260207,1000.0,300.0,[0.63365205],0.0,0.0,0.0,0.0,0.0,0,72,-1.0
best_model.pt,62637401,20260207,70.21919,10.5,[10.5406565],5.1570173563870325,13.616238619340079,1.0,0.03571428571428571,70.21919250488281,4,14,0.29678463041334086
best_model.pt,62640299,20260207,179.92026,5.5,[68.36117962],17.34993374655227,10.370082665821702,0.9999999999999999,0.046889952153110044,179.92025756835935,49,19,0.8854695756039458
best_model.pt,62644097,20260207,48.88049,9.4,[6.69323527],3.3376082558646365,14.645360077269537,1.0,0.07142857142857142,48.880489349365234,6,14,0.558017092724031
best_model.pt,62658588,20260207,4.5454545,2.01,[0.20176533],0.30747056748450563,14.78333277867968,0.9999997901916924,1.0,4.545454502105713,2,1,6.354891964587759
best_model.pt,62665519,20260207,354.54544,2.61,[25.2807954],46.77883116247961,7.579185376889366,0.9999999999999979,0.30417836242740326,354.5454406738274,637,21,1.903902559969681
best_model.pt,62676303,20260207,416.91595,2.04,[56.35796926],119.72945277272439,3.482150310158864,0.9999999999999996,0.09438821808215118,416.9159545898436,159,19,0.7069364584673148
best_model.pt,62681129,20260207,48.53815,48.0,[2.19345565],0.5715339787555783,84.92594957711464,1.0000000000000002,0.0032060348892032063,48.53815078735353,34,21,0.7692906161898883
best_model.pt,62693338,20260207,49.58663,1.83,[5.14698801],9.139456665755745,5.425555168409658,1.0,0.14308073562019044,49.586631774902344,49,11,1.9647841755054232
best_model.pt,62694436,20260207,89.88764,7.1,[18.69888068],6.817665883660864,13.184516556853474,1.0000000000000002,0.058823529411764705,89.8876419067383,14,17,0.8569741878800469
best_model.pt,62695450,20260207,4.347826,2.44,[0.35930569],0.22187920388737675,19.595375918417737,0.9999997806549512,1.0,4.34782600402832,5,5,7.030891581510834
best_model.pt,62699077,20260207,44.67285,60.0,[1.05807238],0.0,0.0,0.0,0.0,0.0,0,72,-1.0
best_model.pt,62708257,20260207,392.89093,1.85,[310.13680744],93.8923128880762,4.184484479146232,0.9999999999999996,0.08931121234786156,392.8909301757811,172,14,1.2618834730912043
best_model.pt,62715156,20260207,100.03554,1.47,[80.51573298],22.461471462381517,4.453650039518384,0.9999999999999997,0.6818181818181818,100.03553771972653,30,1,2.0296938454681275
best_model.pt,62719226,20260207,1000.0,1.5,[0.90980265],17.969052090126517,55.65123520890876,0.9999999999999997,0.6944514233702922,999.9999999999997,516,3,36.10082347260584
best_model.pt,62719771,20260207,19.46678,160.0,[0.1335987],0.0,0.0,0.0,0.0,0.0,0,65,-1.0
best_model.pt,62730483,20260207,83.333336,16.0,[0.24135613],0.3104033504,24.189899369400077,0.09010379725025033,0.0008367404200737533,7.50865,6,66,0.5118687105875048
best_model.pt,62733626,20260207,33.333332,36.0,[0.08459706],0.0779844517,315.0563273585553,0.7370943281179172,0.005592164861047348,24.56981,8,48,7.751564648848758
best_model.pt,62746245,20260207,272.72726,7.1,[2.05442776],7.67987939147016,35.51191561618691,0.9999999999999998,0.04576466976023216,272.7272644042968,135,19,4.00167832298368
best_model.pt,62750176,20260207,147.54099,7.1,[13.39176013],12.773332643561625,11.550703146456181,0.9999999999999998,0.02549342105263158,147.54098510742185,31,16,0.6268596199444514
best_model.pt,62753184,20260207,165.83096,21.6,[9.96630457],2.5941033616711375,63.92609548982693,1.0000000000000004,0.11297537548291459,165.83096313476568,175,19,1.9595414055949758
best_model.pt,62758884,20260207,83.333336,26.4,[0.25335121],2.3066987613228616,36.12665040927314,0.9999999999999997,0.020181634712411706,83.33333587646482,20,1,0.3684337473973177
best_model.pt,62759058,20260207,1000.0,31.5,[32.57488371],20.007050447864632,49.98237759351244,0.9999999999999999,0.04247193073008518,999.9999999999999,548,18,0.5867421458257918
best_model.pt,62759116,20260207,1000.0,30.0,[20.77571469],26.583554702532254,37.617240191263946,1.0000000000000002,0.10333287271404029,1000.0000000000001,327,32,0.25390800637546485
best_model.pt,62766768,20260207,34.31616,50.63,[0.94746069],0.0076444346,354.95300685719036,0.07908140464606997,0.001076921030225628,2.7137700000000002,3,72,6.010724854215452
best_model.pt,62781570,20260207,1.325791,26.0,[0.00870549],0.020499849199999996,50.43742285563469,0.7799187467573088,0.0013354700854700855,1.03401,5,72,0.9399008790628728
best_model.pt,62782340,20260207,292.40778,25.0,[8.83302436],4.382268466037603,66.72519299533118,0.9999999999999992,0.05308775731310943,292.407775878906,490,13,1.6690077198132474
best_model.pt,62785644,20260207,316.29636,10.0,[28.86067281],11.837089351980792,26.72078583469153,1.0000000000000007,0.043402777777777776,316.2963562011721,175,18,1.672078583469153
best_model.pt,62789285,20260207,245.01463,1.42,[284.54943744],57.063417844186496,4.293725089408529,1.0000000000000002,0.42857142857142855,245.014633178711,18,1,2.0237501543477516
best_model.pt,62789760,20260207,87.7193,10.5,[14.18595288],4.219886930520616,20.78711585726498,0.9999999999999993,0.07070369498900635,87.7192993164062,226,14,0.9797253197395218
best_model.pt,62805482,20260207,23.43981,9.5,[2.59619095],1.4408989657549465,16.26747890643002,0.9999999186278175,0.047619047619047616,23.439809799194332,3,21,0.7123662006768443
best_model.pt,62805489,20260207,153.19595,9.0,[2.05449683],9.97167474767078,15.363110197894738,0.9999999999999998,0.010638297872340425,153.1959533691406,28,56,0.7070122442105264
best_model.pt,62824285,20260207,288.62402,10.0,[43.15919169],11.333234343240003,25.46704579020827,0.9999999999999996,0.02788671023965142,288.6240234374999,64,17,1.5467045790208271
best_model.pt,62835645,20260207,40.17131,2.0,[8.48461084],3.7981279265655705,10.576605271040467,1.0,0.08783783783783784,40.17131042480469,13,1,4.288302635520234
best_model.pt,62841880,20260207,197.99367,11.0,[38.8738951],12.405403223190433,15.960275380016512,1.0000000000000002,0.023084025854108955,197.99366760253912,25,19,0.45093412545604655
best_model.pt,62854671,20260207,363.63635,57.4,[2.28416232],3.2856129158339398,110.67531421955466,1.0000000000000007,0.0057259116831990566,363.6363525390627,89,21,0.9281413114537371
best_model.pt,62859145,20260207,41.666668,1.85,[27.63385167],11.947397399097689,3.4875097110161866,1.0000000000000002,0.8333333333333334,41.66666793823243,15,1,0.8851403600383448
best_model.pt,62859279,20260207,41.48365,1.48,[13.25956638],2.9519694243801835,14.0528678285216,1.0000000000000002,0.5064935064935064,41.48365020751954,39,1,8.495180842848242
best_model.pt,62860871,20260207,55.555557,2.59,[20.89862782],4.1388685169496044,13.422882026955431,0.9999999999999999,0.15363881401617252,55.555557250976555,57,1,4.1825801049343045
best_model.pt,62863090,20260207,5.1546392,1.96,[0.87851707],0.8406712486335861,6.131568221096687,0.9999998149872193,0.7142857142857143,5.15463924407959,5,1,2.1283510723263084
best_model.pt,62863416,20260207,2.3607178,25.0,[0.09575567],0.0823783920036468,28.65665448627,0.9999995960237424,0.6538461538461539,2.3607177734375,17,1,0.1462661794508
best_model.pt,62863799,20260207,26.574802,65.54,[0.30854337],0.0,0.0,0.0,0.0,0.0,0,72,-1.0
best_model.pt,62864009,20260207,1.0332358,52.0,[0.00049049],0.0,0.0,0.0,0.0,0.0,0,72,-1.0
best_model.pt,62867831,20260207,23.83482,2.71,[5.4080505],2.282900189812333,10.440583193029275,0.9999999199763837,0.09117810003090099,23.83481979370118,24,10,2.8526136701342164
best_model.pt,62868116,20260207,1000.0,16.0,[12.59870214],26.57670015105993,37.62694227233383,1.0,0.18100320748876578,1000.0,418,17,1.3516838920208643
best_model.pt,62868895,20260207,1083.0702,81.2,[9.66944146],1.423279529165661,760.967474953509,0.9999999999999998,0.05647959315879222,1083.0701904296873,187,26,8.371520979718245
best_model.pt,62875385,20260207,15.73437,6.34,[10.74649324],1.0003499178999917,15.728850696372765,0.9999999393891053,0.07378771463278505,15.734370231628418,26,13,1.4808912173215785
best_model.pt,62885425,20260207,587.5,6.1,[12.84312122],48.45866558239687,12.123734337614142,0.9999999999999997,0.1065677013045434,587.4999999999998,125,15,0.9874974634683066
best_model.pt,62888101,20260207,70.0,8.5,[1.91086751],0.0,0.0,0.0,0.0,0.0,0,72,-1.0
best_model.pt,62896186,20260207,3.8860104,1.84,[0.09456513],0.7396968233550392,5.253510671122101,0.9999997545878724,1.0,3.8860104084014893,2,2,1.8551687912068269
best_model.pt,62896511,20260207,1000.0,1.0,[572.33676567],432.5190324739774,2.3120369801255576,0.9999999999999997,0.9152542372881356,999.9999999999997,216,1,1.3120369801255576
best_model.pt,62904543,20260207,1000.0,299.26,[0.00491375],0.0,0.0,0.0,0.0,0.0,0,67,-1.0
best_model.pt,62905440,20260207,2570.3447,5.1,[306.99450721],251.0773595932648,10.237262015536144,1.0000000000000004,0.07164021175106994,2570.344726562501,642,14,1.0073063150917239
best_model.pt,62905524,20260207,9.39662,6.92,[0.77811271],0.45318842474129195,20.73441983364261,0.9999998985088,0.2857142857142857,9.39661979675293,4,1,1.996303411133353
best_model.pt,62926061,20260207,694.69086,4.04,[113.74578877],101.4592683196488,6.846992508343037,1.0000000000000002,0.05348162942601437,694.6908569335939,250,16,0.6948001418303297
best_model.pt,62932631,20260207,405.36728,5.0,[151.14995015],25.057233976660292,16.177654056016795,0.9999999999999997,0.06096813725490196,405.36727905273426,49,17,2.235530811203359
best_model.pt,62941923,20260207,1000000.0,41.96,[1.279914],2.4996599740999996,541.3700387898535,0.00135324155851,0.15588432342634023,1353.24155851,49,70,11.90205077697888
best_model.pt,62951533,20260207,4.6296296,3.3,[0.49170268],0.23222524022601482,19.935859132297853,0.9999997940063889,0.5416666666666666,4.629629611968992,13,1,5.041169521322201
best_model.pt,62952235,20260207,114.07777,5.5,[25.50100001],5.243050782501293,21.757894285765406,0.9999999999999999,0.049738219895287955,114.07776641845702,19,1,2.955980779230074
best_model.pt,62957523,20260207,1233.7502,4.1,[419.77348782],179.0560338066588,6.890302499286336,0.9999999999999978,0.044150910817577486,1233.7502441406223,314,18,0.6805616242822394
best_model.pt,62968126,20260207,1000.0,209.58,[0.03723458],0.1278482974,161.61050878016013,0.020661790000000003,0.25484186211798154,20.661790000000003,4,8,-0.2288839232359747
best_model.pt,62972330,20260207,56.30614,10.0,[9.8484003],3.0127796996876888,18.68909373506509,1.0,0.058502906976744186,56.3061408996582,27,16,0.868909373506509
best_model.pt,62974470,20260207,256.19916,9.0,[43.75084856],11.546985055932106,22.18753503934692,1.0000000000000004,0.03830133793680052,256.19915771484386,65,19,1.4652816710385466
best_model.pt,62987009,20260207,225.48274,23.0,[4.91495511],6.761134345030493,33.34983413330166,0.9999999999999999,0.06220095693779904,225.48274230957028,52,11,0.4499927884044201
best_model.pt,62988138,20260207,24.390244,15.0,[2.41365592],0.578055606076505,42.19352096989169,0.999999921798711,0.023809523809523808,24.390243530273438,5,21,1.8129013979927795
best_model.pt,62991598,20260207,53.40617,7.91,[10.57429909],4.44893473297809,12.004257444197258,1.0,0.01688888888888889,53.40616989135742,19,15,0.5176052687440511
best_model.pt,63002552,20260207,2532.0,23.0,[7.60530545],18.34046486756006,138.05538083296506,1.0000000000000004,0.08365258404716394,2532.000000000001,1958,13,5.002407862302829
best_model.pt,63002557,20260207,2000.0,21.0,[0.91061155],1.1690583788,19.826862878250235,0.01158939,0.0004356466713164031,23.17878,21,42,-0.055863672464274504
best_model.pt,63007107,20260207,10.31706,3.0,[1.37206292],0.42383772640392964,24.341948547544046,0.9999999075633769,0.7142857142857143,10.317060470581053,25,1,7.113982849181348
best_model.pt,63008487,20260207,1052.6316,17.0,[37.05166661],6.835029816891104,154.00539075779363,1.0000000000000009,0.026669652962957452,1052.631591796876,563,17,8.05914063281139
best_model.pt,63014188,20260207,392.33176,5.5,[58.82476268],59.88877876060076,6.551006017489471,1.0000000000000009,0.07601833639507724,392.3317565917972,335,16,0.19109200317990388
best_model.pt,63014342,20260207,16.37466,3.71,[10.03253652],1.2164290820967978,13.461242641844121,0.9999998835182927,0.08469523072160279,16.37466049194336,20,12,2.628367251599163
best_model.pt,63017961,20260207,35.714287,1.45,[5.08196768],14.100516897005443,2.5328351103886715,1.0,0.05130800373715354,35.71428680419922,9,13,0.7467827773072951
best_model.pt,63018312,20260207,969.3103,280.0,[2.37302296],0.0,0.0,0.0,0.0,0.0,0,44,-1.0
best_model.pt,63024133,20260207,1000.0,77.59,[0.1270932],0.003523694400000001,406.02385273458026,0.0014311100000000002,0.00032206119162640903,1.43111,1,69,4.232940738473793
best_model.pt,63024390,20260207,1000.0,84.69,[2.79260861],4.130327706199999,113.02880061318643,0.46684609979999997,0.011742328666816435,466.8460998,127,59,0.33461798742285676
best_model.pt,63029536,20260207,1000.0,14.88,[0.01331602],4.0133564150000005,22.20476907113442,0.0891156746,0.017856347311639507,89.1156746,43,72,0.49225597448651065
best_model.pt,63031140,20260207,9.95539,12.0,[0.61510919],0.5419250336002601,18.370385180359946,0.9999999042052369,0.13385826771653545,9.955389976501465,17,1,0.5308654316966622
best_model.pt,63031379,20260207,10.454783,8.0,[0.31799325],0.5102014950703532,20.491439263139224,0.9999999087810634,0.625,10.454783439636232,5,1,1.561429907892403
best_model.pt,63038827,20260207,0.20634724,26.0,[0.00219234],0.007167911729313228,28.78362152988688,0.9999951720237732,1.0,0.2063472419977188,1,1,0.10706236653411075
best_model.pt,63038979,20260207,1000.0,2.25,[255.66614205],235.526144140181,4.245813132146402,1.0,0.04185830253303185,1000.0,322,17,0.8870280587317344
best_model.pt,63039945,20260207,13.69863,12.0,[0.06251371],0.5831351870292103,23.49130552630339,0.9999999303817806,0.8269230769230769,13.698630332946776,43,1,0.9576087938586157
best_model.pt,63041128,20260207,86.78676,10.0,[5.56073192],5.044734966541739,17.20342927726018,1.0000000000000002,0.04509345794392523,86.78675842285159,193,10,0.720342927726018
best_model.pt,63049514,20260207,6.7385445,1.35,[3.23683603],2.2189079635281157,3.0368728843191874,0.9999998584747513,0.1956521739130435,6.738544464111328,18,1,1.2495354301378396
best_model.pt,63049540,20260207,42.857143,2.7,[1.63084326],9.029544083344401,4.746323652689045,0.9999999999999999,0.5714285714285714,42.8571434020996,48,1,0.7578976180985018
best_model.pt,63049739,20260207,2000.0,2.71,[182.55048794],336.02610755507465,5.9519184643124365,1.000000000000002,0.018635580178371254,2000.000000000004,556,40,1.1962798452143946
best_model.pt,63050276,20260207,4.5454545,2.32,[0.00255852],0.1594101815590728,28.514025538549248,0.9999997901916924,0.8181818181818182,4.545454502105713,9,1,11.29052860303041
best_model.pt,63051533,20260207,1000.0,84.69,[0.00175712],0.0,0.0,0.0,0.0,0.0,0,63,-1.0
best_model.pt,63052095,20260207,14.06198,2.43,[13.19428499],0.8563119578041544,16.421543221250246,0.9999999321806577,0.6666666666666666,14.061980247497559,14,1,5.757836530911929
best_model.pt,63053963,20260207,24.875622,6.0,[3.17092648],1.7044798081163086,14.59425162031913,0.9999999233245904,0.06308777429467084,24.875621795654293,9,16,1.4323752700531882
best_model.pt,63055893,20260207,13.28341,3.03,[3.92034767],1.8958122016905101,7.0067082877583875,0.9999999282056157,0.07929292929292928,13.28341007232666,17,10,1.3124450012930593
best_model.pt,63056684,20260207,1319.2388,9.52,[45.98966378],67.19303152968115,19.633564967446617,0.999999999999999,0.09389054261215943,1319.2387695312486,329,18,1.0623491621195476
best_model.pt,63057736,20260207,312.5,46.75,[2.16635398],2.0954062190059792,149.13568931400528,0.9999999999999986,0.04008496718298416,312.49999999999955,728,24,2.1900682206204336
best_model.pt,63064394,20260207,11.111111,6.35,[0.00838576],0.22715747167745337,48.913477033041225,0.9999999141693158,0.43478260869565216,11.111110687255861,10,1,6.702909884668969
best_model.pt,63064523,20260207,1678.5256,391.72,[8.52577028],0.0,0.0,0.0,0.0,0.0,0,72,-1.0
best_model.pt,63064971,20260207,1006.7315,408.89,[0.31065263],0.0,0.0,0.0,0.0,0.0,0,2,-1.0
best_model.pt,63067488,20260207,6.04496,12.5,[0.86744673],0.24395417270689387,24.778978674231787,0.9999998211860657,0.2,6.044960021972656,1,1,0.982318293938543
best_model.pt,63075099,20260207,2516.665,16.88,[204.85770863],96.49031696038799,26.082047321013732,1.0000000000000002,0.05872919237759812,2516.6650390625005,473,19,0.54514506029331
best_model.pt,63077278,20260207,6.07397,52.0,[0.86941837],0.006214353599999999,43.91865975251996,0.044940947071920014,1.1508857216513828e-06,0.27297,1,72,-0.1554103893746162
best_model.pt,63086700,20260207,233.5168,32.0,[0.06727687],282.9569898479883,0.8252731244664988,1.0000000000000002,0.9027777777777778,233.51679992675784,23,18,-0.9742102148604219
best_model.pt,63086847,20260207,73.6165,27.63,[0.03464871],53.53662,0.13444886407754425,0.09777614796208793,0.875,7.1979378800000005,10,8,-0.9951339533781652
best_model.pt,63087865,20260207,1000.0,84.69,[0.0250147],0.0,0.0,0.0,0.0,0.0,0,66,-1.0
best_model.pt,63088304,20260207,2000.0,15.0,[0.05731252],2.3976862978000004,75.59219676656869,0.090623225,0.004824753511836321,181.24645,156,72,4.039479784437913
best_model.pt,63088516,20260207,1000.0,3.98,[0.22627417],32.5350939534,6.746179837937217,0.21948760159999997,0.247438476593649,219.48760159999998,507,65,0.6950200516601194
best_model.pt,63089129,20260207,1000.0,3.32,[25.49643442],118.02508428052504,8.472775068310042,0.9999999999999991,0.08422210131667934,999.9999999999991,1537,15,1.5520407345413076
best_model.pt,63092554,20260207,86.40656,18.32,[1.04854549],0.8610128189166513,100.35444368813337,0.9999999999999997,0.03793293018141836,86.40656280517575,69,1,4.477862737982774
best_model.pt,63092860,20260207,1000.0,264.8,[0.00020505],1.2881333494,432.369310126247,0.55694976,0.05176353700943864,556.94976,12,61,0.6328146905516123
best_model.pt,63096817,20260207,1000.0,14.61,[0.69805128],1.3304941538,39.72421083162009,0.052852869999999996,0.0008773138912213072,52.852869999999996,7,72,1.718974111232428
best_model.pt,63099873,20260207,172.39891,22.0,[5.11828394],4.986829716571167,34.57083673395645,0.9999999999999996,0.07004470938897168,172.39891052246085,47,11,0.571401669725293
best_model.pt,63099926,20260207,1000.0,55.51,[2.91970346],6.680033938358458,149.69981582846899,0.9999999999999994,0.038536213046314355,999.9999999999994,2195,32,1.6968081490717335
best_model.pt,63113659,20260207,715.3815,12.42,[102.6781202],21.84590013357759,32.746713690240355,1.0000000000000002,0.03480191350737348,715.3814697265626,145,19,1.6366113920356578
best_model.pt,63115257,20260207,1000.0,9.5,[0.00125308],13.950865092199999,22.519772120503273,0.31417032528,0.06895167127151859,314.17032528,490,72,1.3705023284740288
best_model.pt,63115262,20260207,1000.0,9.5,[0.01562451],33.208519549600005,26.953959283223217,0.89510111075,0.0625078402516159,895.10111075,1663,72,1.8372588719182332
best_model.pt,63116306,20260207,1000.0,24.5,[1.43716639],15.271751450631326,65.48036993348855,0.9999999999999994,0.018614468647990195,999.9999999999994,575,43,1.672668160550553
best_model.pt,63117307,20260207,44.70852,22.1,[2.05071799],0.0,0.0,0.0,0.0,0.0,0,40,-1.0
best_model.pt,63118770,20260207,299.3164,5.2,[17.39955424],18.67575595692192,16.027002650570605,1.0,0.07857588720847732,299.31640625,231,12,2.0821160073918423
best_model.pt,63118785,20260207,70.0,9.0,[7.83276082],2.420895982097092,28.914902417434888,1.0000000000000004,0.05032467532467533,70.00000000000003,31,14,2.212766935270543
best_model.pt,63119851,20260207,20.0,2.42,[0.57388638],1.7731430695849237,11.279399312816023,0.9999999046325773,0.8214285714285714,19.999999999999996,23,1,3.6609086600069887
best_model.pt,63120136,20260207,305.2552,25.0,[15.2970626],6.2416719952251025,48.905988542142865,1.0000000000000007,0.028965895464149075,305.2551879882814,117,16,0.9562395416857146
best_model.pt,63120878,20260207,81.95608,55.0,[2.12275236],1.2474889370756006,65.69678451098954,1.0000000000000004,0.0046500813764240876,81.95607757568364,40,22,0.19448699110890083
best_model.pt,63121462,20260207,312.5,27.0,[5.04221405],5.601369032859912,55.78992249516606,1.0000000000000009,0.07199017199017199,312.5000000000003,143,11,1.066293425746891
best_model.pt,63125663,20260207,470.4109,20.0,[5.02379553],2.1411742981511277,219.6975133601008,1.0000000000000004,0.06465453245301198,470.4108886718752,310,10,9.98487566800504
best_model.pt,63129337,20260207,1848.9863,6.1,[501.9724986],141.2322127510011,13.091817220856193,0.9999999999999993,0.05001601888279401,1848.9863281249989,486,19,1.1461995779563499
best_model.pt,63129888,20260207,2000.0,12.0,[0.38690969],5.5614175455,51.674700914667916,0.14369231999999998,0.011839367076558761,287.38464,107,72,3.306225076222326
best_model.pt,63131421,20260207,1000.0,23.0,[1.06018116],0.0,0.0,0.0,0.0,0.0,0,72,-1.0
best_model.pt,63135763,20260207,84.18721,2.1,[35.57837618],26.286047258264457,3.202733604376572,1.0000000000000004,0.4,84.18721008300784,28,1,0.5251113094392956
best_model.pt,63135951,20260207,6.385696,52.0,[0.08681836],0.0744870912,24.63199110678782,0.28732807588417875,3.383221022413683e-05,1.83479,4,72,-0.5263078633310034
best_model.pt,63136165,20260207,6.385696,52.0,[0.07321894],0.0511526595,29.69640911028076,0.23788789644272007,4.811194963366187e-05,1.5190800000000002,3,72,-0.4289152094176777
best_model.pt,63136956,20260207,1000.0,1.2,[205.14129167],365.3231623376211,2.737302477247602,1.0000000000000007,0.08711000648359447,1000.0000000000006,674,13,1.2810853070641488
best_model.pt,63138541,20260207,887.55536,1.17,[184.9532755],318.9381929130762,2.7828443749468703,0.9999999999999994,0.14400410914335401,887.5553588867183,323,16,1.3784995530093995
best_model.pt,63139989,20260207,582.36536,2.31,[317.78170929],88.48397685351347,6.581591047019009,1.0,0.29009009009009007,582.3653564453125,322,1,1.849173684004344
best_model.pt,63140913,20260207,199.83508,11.5,[8.4024508],11.332235652467011,17.63421371581652,0.9999999999999997,0.025051124744376277,199.83508300781244,98,12,0.5334098883318714
best_model.pt,63140934,20260207,114.94253,11.5,[0.09721536],4.780915618508481,24.041943615167053,0.9999999999999996,0.7058823529411765,114.94252777099604,48,1,1.090603792623222
best_model.pt,63151168,20260207,746.9214,400.0,[3.42018205],0.0,0.0,0.0,0.0,0.0,0,50,-1.0
best_model.pt,63151343,20260207,342.4094,30.0,[23.72371624],9.84614708230502,34.7759743656412,0.9999999999999992,0.0720004151914455,342.4093933105466,301,21,0.15919914552137324
best_model.pt,63152431,20260207,1000.0,43.2,[13.09409854],2.836018682282978,352.6068617390572,0.9999999999999989,0.050684025518690244,999.9999999999989,1735,19,7.162195729439723
best_model.pt,63152697,20260207,1785.3398,17.0,[48.95267063],67.35106336651451,26.507967773670877,0.9999999999999998,0.02268669461263779,1785.3398437499995,1169,19,0.5592922219806399
best_model.pt,63153776,20260207,131.89886,8.5,[21.56700081],4.863643644270846,27.119346579208795,1.0,0.05762987012987013,131.89886474609375,71,16,2.1905113622598584
best_model.pt,63154710,20260207,1000.0,23.61,[0.0218983],0.0760948189,30.946246903455034,0.00235488,0.004629629629629629,2.35488,1,72,0.3107262220860329
best_model.pt,63155109,20260207,107.97988,3.79,[18.77440435],29.662735892199997,2.1547317453976036,0.5919180506167051,0.4777777777777778,63.91524083699999,122,45,-0.4314691907426563
best_model.pt,63155864,20260207,1000.0,9.0,[0.00150998],33.29676332220627,30.03294825656921,1.0000000000000004,0.32766876705329495,1000.0000000000005,1786,6,2.336994250729912
best_model.pt,63156076,20260207,1000.0,9.0,[1.92386922],0.0251432223,15.166506064496573,0.00038135,4.664165155845228e-05,0.38135,3,72,0.6851673404996192
best_model.pt,63156284,20260207,714.2857,50.0,[0.3744654],0.9476612089999998,35.252877747708105,0.04677094857093443,0.00011528853389288705,33.40782,19,72,-0.2949424450458379
best_model.pt,63158529,20260207,1000.0,7.66,[0.00066175],3.9189450225999996,52.537059406448186,0.20588990000000001,0.06167674487162768,205.8899,344,72,5.858624080024956
best_model.pt,63161144,20260207,60.1006,32.0,[3.02640526],2.667063480810936,22.534363765369157,1.0,0.002644511029129935,60.10060119628906,28,17,-0.29580113233221383
best_model.pt,63163299,20260207,309.5489,3.72,[99.73915944],47.56948046392442,6.50730005108235,1.0,0.5901060070671378,309.54888916015625,167,1,0.7492741938266704
best_model.pt,63169453,20260207,1000.0,3.98,[0.05765783],11.340347491700001,6.6795665817007635,0.07574861280999998,0.6481746929935336,75.74861280999998,221,27,0.6782830526859434
best_model.pt,63170448,20260207,2.7777777,24.94,[0.09449389],0.0895557950462274,31.01693925491787,0.9999996423721313,0.07142857142857142,2.777777671813965,1,1,0.2436623332289706
best_model.pt,63178103,20260207,24.0051,8.5,[0.85853041],1.2518852529287214,19.175144861672123,0.9999999205440319,0.2222222222222222,24.00510025024414,6,1,1.255899395490838
best_model.pt,63183978,20260207,1000.0,31.5,[10.74647708],15.738309644349531,63.53922111449902,0.9999999999999984,0.0644281135360129,999.9999999999984,496,13,1.0171181306190165
best_model.pt,63195753,20260207,72.20216,4.15,[10.5710417],5.26211720839874,13.721121578198094,0.9999999999999998,0.35763888888888884,72.20216369628905,29,24,2.3062942802133253
best_model.pt,63196191,20260207,2000.0,25.0,[0.43260526],0.0379178763,74.72689795926259,0.00141678,0.0009874384874384876,2.8335600000000003,4,72,1.9890759183705036
best_model.pt,63196383,20260207,1000.0,8.0,[1.43074065],5.034204654500005,24.032315781905826,0.12098362000000003,0.002235600619631038,120.98362000000003,127,72,2.0040394727382282
best_model.pt,63196659,20260207,131.08508,4.15,[41.06715455],25.352892479300895,5.170419033820955,1.0000000000000002,0.9375,131.08508300781253,45,1,0.2458840759046242
best_model.pt,63201724,20260207,38.30118,1.53,[55.16257477],12.29818805880693,3.114375751589605,1.0,0.7307692307692307,38.30118179321289,19,1,1.0355397449848787
best_model.pt,63203969,20260207,10.3092785,12.13,[1.16821312],0.5332024919474717,19.334604224937816,0.9999999074936015,0.5897435897435898,10.309278488159183,23,1,0.5939492203235618
best_model.pt,63204129,20260207,11.47175,3.76,[0.40058355],1.0149021008412271,11.303296097815423,0.9999999168675908,0.9230769230769231,11.471750259399414,12,1,2.0061957783204094
best_model.pt,63204861,20260207,111.72721,3.6,[60.63759106],20.97412477158376,5.326906695196127,1.0,0.07753164556962025,111.72721099853516,35,16,0.4796963434197129
best_model.pt,63204884,20260207,184.27386,3.4,[78.66949549],15.965435438381245,11.542049943783276,0.9999999999999999,0.23443223443223443,184.27386474609372,64,1,2.3947204764816186
best_model.pt,63205388,20260207,51.54639,14.5,[0.08118717],1.8092010107,25.730465544855697,0.9031012553593588,0.004707438530967943,46.55161,14,72,0.7745148651624618
best_model.pt,63209471,20260207,17.54386,10.0,[0.20770012],0.769462620625858,22.800115576018896,0.9999998912811385,0.926829268292683,17.54385948181152,38,1,1.2800115576018896
best_model.pt,63212211,20260207,46.08295,52.0,[0.33735622],0.0865689306,14.890736206735507,0.027973252221020733,1.8631437604849392e-05,1.28909,3,72,-0.7136396883320094
best_model.pt,63212433,20260207,59.58013,95.0,[1.05898437],0.18407285460000003,88.69184619117547,0.27401500434034504,0.00015504455168162523,16.32585,6,72,-0.0664016190402582
best_model.pt,63213666,20260207,0.20634724,26.0,[0.01491928],0.004868718316921525,42.373547825280525,0.9999951616849353,0.6666666666666666,0.2063472419977188,2,1,0.6297518394338664
best_model.pt,63215668,20260207,1000.0,158.41,[0.00331338],0.0,0.0,0.0,0.0,0.0,0,72,-1.0
best_model.pt,63219307,20260207,33.47138,1.09,[8.01462572],14.360165600712694,2.3308488861650694,0.9999999999999998,0.0946969696969697,33.47137832641601,22,16,1.1383934080628337
best_model.pt,63221312,20260207,1000.0,79.06,[0.48195348],0.0,0.0,0.0,0.0,0.0,0,72,-1.0
best_model.pt,63224395,20260207,45.167118,14.0,[0.36357228],1.9387712446339813,23.2967632982784,1.0,0.22033898305084745,45.167118072509766,13,1,0.6640545213055999
best_model.pt,63224447,20260207,142.85715,1500.0,[0.00557609],0.0,0.0,0.0,0.0,0.0,0,68,-1.0
best_model.pt,63225492,20260207,135.48969,4.48,[8.77292026],10.364423629330341,13.072571792858696,1.0,0.22443977591036415,135.48968505859375,41,17,1.9179847627684272
best_model.pt,63226351,20260207,1000.0,10.01,[0.3985613],72.09929042935504,13.86976182671405,1.0,0.7668422207592714,1000.0,353,2,0.38559056039735656
best_model.pt,63231083,20260207,5.645161,7.02,[0.1406971],0.04019660135226336,140.4352737969558,0.9999998310634312,0.375,5.645161151885986,6,1,19.00502481175518
best_model.pt,63231247,20260207,1000.0,379.36,[0.03227676],0.0,0.0,0.0,0.0,0.0,0,72,-1.0
best_model.pt,63231700,20260207,1000.0,24.0,[1.53214602],0.0,0.0,0.0,0.0,0.0,0,72,-1.0
best_model.pt,63233770,20260207,1000.0,84.69,[0.00051463],0.0,0.0,0.0,0.0,0.0,0,56,-1.0
best_model.pt,63234573,20260207,229.51535,15.4,[1.81013693],0.0,0.0,0.0,0.0,0.0,0,67,-1.0
best_model.pt,63236174,20260207,23.10231,7.91,[1.85090054],2.609027878060399,8.854754493111917,0.9999999403953552,0.0030864197530864196,23.102310180664062,1,1,0.11943801060993704
best_model.pt,63245295,20260207,1000.0,84.69,[0.00049781],0.0,0.0,0.0,0.0,0.0,0,32,-1.0
best_model.pt,63246122,20260207,1000.0,84.69,[1.19784293],0.0416135937,138.48483158445447,0.00576299,0.0032824361628709456,5.76299,3,72,0.6351969251655978
best_model.pt,63246165,20260207,1000.0,84.69,[0.63296089],0.0,0.0,0.0,0.0,0.0,0,72,-1.0
best_model.pt,63252365,20260207,45.90532,2.5,[16.15391367],9.226359052809268,4.975452827671712,1.0000000000000002,0.3153153153153153,45.9053192138672,35,1,0.9901811310686849
best_model.pt,63259521,20260207,6.334727,3.86,[9.43334828],21.592134861785492,0.2933812037403275,0.9999998494529913,0.17715617715617715,6.334726810455322,11,16,-0.9239945047374039
best_model.pt,63273998,20260207,11.750881,13.0,[0.55210189],0.5266079771239829,22.314243975187257,0.9999999188423214,0.3103448275862069,11.75088119506836,9,1,0.7164803057836351
best_model.pt,63274135,20260207,5.00167,10.0,[1.41366295],0.0072388704,10.815110723528974,0.015654768685391084,0.0033333333333333335,0.07830000000000001,2,60,0.08151107235289742
best_model.pt,63276032,20260207,2662.67,1.0,[2759.05372617],3738.9508148031005,0.42872541517206914,0.6020210119338943,0.02875769376509289,1602.9832408131308,460,67,-0.5712745848279308
best_model.pt,63277194,20260207,72.20216,4.15,[6.39427636],50.77956607437921,1.4218743454533824,1.0,0.2270531400966183,72.20216369628906,22,23,-0.6573796836678162
best_model.pt,63281072,20260207,277.77777,34.1,[0.17046463],0.8158005190999998,92.67656192085657,0.2721804546450306,0.00033943965621328166,75.60567999999999,40,72,1.7177878612279103
best_model.pt,63287123,20260207,307.8781,3.79,[94.91276854],33.126783026900014,1.5162254824740462,0.16314142515150262,0.40092818590837953,50.227674093999994,113,32,-0.5999405019168589
best_model.pt,63298743,20260207,6.849315,28.08,[0.37649119],0.0,0.0,0.0,0.0,0.0,0,72,-1.0
best_model.pt,63299682,20260207,97.50139,69.3,[0.5243416],0.0,0.0,0.0,0.0,0.0,0,72,-1.0
best_model.pt,63302969,20260207,1000.0,20.0,[4.72516865],16.855172911030447,59.328963633272025,1.0000000000000009,0.06598240469208211,1000.0000000000009,225,11,1.9664481816636012
best_model.pt,63304451,20260207,884.46204,28.53,[3.32370453],13.021436855497209,67.92353086870679,0.9999999999999992,0.02402329531667071,884.4620361328118,99,13,1.3807756478779492
best_model.pt,63305006,20260207,1000.0,12.0,[8.84303314],35.75182309784173,27.970600808040086,0.9999999999999988,0.06576629477392835,999.9999999999987,336,13,1.3308834006700072
best_model.pt,63311767,20260207,1000.0,12.0,[0.9559277],0.0,0.0,0.0,0.0,0.0,0,71,-1.0
best_model.pt,63316232,20260207,126.52847,36.0,[2.61081075],2.1007355636265026,60.2305282305195,0.9999999999999999,0.02324263038548753,126.52847290039061,41,18,0.6730702286255418
best_model.pt,63317909,20260207,114.94253,11.5,[1.47361244],0.9994775070000002,13.638582425264696,0.1185937899952787,0.00028272547356516825,13.63147,8,72,0.18596368915345182
best_model.pt,63320611,20260207,1000.0,84.69,[0.00477691],0.0,0.0,0.0,0.0,0.0,0,56,-1.0
best_model.pt,63322976,20260207,94.94436,3.45,[34.85537668],8.44699111068469,11.240019829731752,0.9999999999999999,0.2357142857142857,94.94435882568358,66,1,2.257976717211396
best_model.pt,63324168,20260207,50.0,3.0,[0.93465186],2.6396846413417716,18.941649421021452,1.0000000000000002,1.0,50.000000000000014,26,1,5.313883140340484
best_model.pt,63333258,20260207,41.273586,3.44,[0.26368119],5.608571795519824,7.359017664202033,1.0,0.9444444444444444,41.27358627319336,17,1,1.139249285405002
best_model.pt,63333434,20260207,1000.0,22.2,[0.70472657],0.0,0.0,0.0,0.0,0.0,0,72,-1.0
best_model.pt,63333682,20260207,273.87567,3.79,[46.25782226],18.4963835628,6.918185635984045,0.46722449406364214,0.26303993908349627,127.96142199999998,25,29,0.8253788141468921
best_model.pt,63334016,20260207,133.70215,3.79,[45.66501717],4.4169784697,13.59895209204576,0.4492545026535486,0.2926829268292683,60.06629219999999,21,41,2.588114044570303
best_model.pt,63335323,20260207,15.898252,13.0,[0.17145281],0.8080639106967207,19.67447332888231,0.9999999400138903,0.5555555555555556,15.898251533508299,5,1,0.5134210252986393
best_model.pt,63336283,20260207,1000.0,12.0,[0.15396235],1.8001533115000001,22.85700161210874,0.041146129999999996,0.011482382060466615,41.14613,9,61,0.9047501343423949
best_model.pt,63336654,20260207,370.37036,22.0,[5.14975026],8.809671960500365,42.041329228535766,1.0000000000000004,0.07678132678132678,370.37036132812517,125,11,0.9109695103879893
best_model.pt,63338096,20260207,44.41921,1.97,[64.86024678],10.257758841367655,4.330303030441096,1.0,0.27586206896551724,44.41920852661133,8,1,1.1981233337828845
best_model.pt,63339310,20260207,12.987013,1.94,[5.34169872],0.33456140620501534,38.81790847475228,0.9999999265670824,0.10256410256410256,12.98701286315918,6,11,19.009230582378827
best_model.pt,63339821,20260207,10.85282,2.0,[2.3370996],1.7388375578061375,6.241419220721765,0.9999999121265996,0.8888888888888888,10.85282039642334,8,1,2.1207096103608825
best_model.pt,63339996,20260207,162.68001,2.0,[55.14468534],39.927507605104445,4.074384143111119,0.9999999999999998,0.375,162.68000793457028,185,18,1.0371920715555594
best_model.pt,63342003,20260207,98.41694,64.62,[1.1094299],0.9242702298439585,106.48058232684978,1.0000000000000004,0.022340798842726495,98.41693878173832,171,4,0.6477960043491626
best_model.pt,63344858,20260207,179.59184,8.8,[1.17298565],0.5028984549,13.265375285257642,0.03714617491257872,0.005250394504780469,6.67115,7,72,0.5074289770157252
best_model.pt,63346965,20260207,139.99414,12.0,[22.41877932],3.189432494774288,43.893105422756975,1.0000000000000002,0.04050925925925926,139.99414062500003,35,16,2.6577587852297477
best_model.pt,63350356,20260207,7.17026,1.0,[22.22256703],11.249457087657715,0.6373871431559872,0.9999998669958696,0.875,7.170259952545166,4,2,-0.3626128568440128
best_model.pt,63352392,20260207,72.20216,4.15,[1.33522696],13.37204548748721,5.399484945243922,1.0,1.0,72.20216369628906,28,1,0.30108067979836134
best_model.pt,63352636,20260207,507.4561,4.15,[0.10496697],95.58133950489804,5.309154302759264,0.9999999999999993,0.9936305732484076,507.4560852050778,156,1,0.2793142604227347
best_model.pt,63354033,20260207,4.67689,2.06,[2.13933016],0.6024336290770169,7.763315172566078,0.9999997960879683,0.3333333333333333,4.676889896392823,8,1,2.7685997030131473
best_model.pt,63355127,20260207,1.6891892,1.9,[0.2513405],0.014562098097283278,115.99106071722817,0.999999463558197,0.3333333333333333,1.6891891956329346,1,1,60.04792745932851
best_model.pt,63355311,20260207,1.6891892,1.9,[0.41941804],0.008318328622707875,203.0439320574786,0.999999463558197,1.0,1.6891891956329346,1,1,105.86522873965484
best_model.pt,63359739,20260207,1000.0,3.32,[7.14293803],146.01114465752852,6.8487922308719975,1.0000000000000009,0.0029434256540126,1000.0000000000009,890,11,1.062889267645998
best_model.pt,63359921,20260207,1000.0,86.31,[0.41712417],0.0,0.0,0.0,0.0,0.0,0,72,-1.0
best_model.pt,63360454,20260207,1000.0,22.01,[0.06193176],5.019747447099999,28.380830533909407,0.14246463,0.008300978409674063,142.46463,53,72,0.2894516237518106
best_model.pt,63363585,20260207,2928.898,300.0,[2.84519895],0.0,0.0,0.0,0.0,0.0,0,72,-1.0
best_model.pt,63370394,20260207,159.52762,8.3,[8.54062092],7.467422031677163,21.36314197434368,1.0000000000000002,0.04355400696864111,159.52761840820315,50,14,1.573872467881502
best_model.pt,63371100,20260207,1.325791,26.0,[0.02368018],0.03561425047447017,37.225373503135756,0.9999992806757403,0.25,1.325791001319885,8,1,0.43174513473599063
best_model.pt,63372853,20260207,209.44122,2.5,[75.19263141],47.86199096550775,4.375940376561581,1.0000000000000004,0.6111111111111112,209.44122314453134,55,1,0.7503761506246324
best_model.pt,63372872,20260207,4.0774717,52.0,[0.0248076],0.08870690388451119,45.96514577102083,0.9999997661114152,0.0006291286568103177,4.077471733093262,4,1,-0.11605488901883021
best_model.pt,63373937,20260207,40.68809,1.15,[50.05249314],11.918873208842449,3.413752890175671,1.0,0.7272727272727273,40.68809127807617,16,1,1.968480835608495
best_model.pt,63374999,20260207,500.0,10.0,[0.42459713],10.214821697414997,48.948475642805995,0.9999999999999996,0.2515444301670456,499.9999999999998,377,2,3.8948475642805995
best_model.pt,63375302,20260207,1000.0,393.19,[0.02455357],0.0,0.0,0.0,0.0,0.0,0,72,-1.0
best_model.pt,63375453,20260207,1000.0,386.54,[0.85224364],0.0,0.0,0.0,0.0,0.0,0,72,-1.0
best_model.pt,63377282,20260207,1000.0,28.0,[0.01349138],0.0,0.0,0.0,0.0,0.0,0,25,-1.0
best_model.pt,63377702,20260207,23.809525,25.93,[0.00267095],0.5291981391,37.44660286806577,0.8323017279256052,0.003968253968253968,19.816709999999997,4,72,0.44414201416693405
best_model.pt,63378800,20260207,376.11768,28.6,[27.49861712],7.148069918190334,52.618067180070895,1.0000000000000002,0.03104575163398693,376.11767578125006,57,17,0.8397925342043965
best_model.pt,63378942,20260207,12.07632,5.6,[2.83567334],0.7469894181385907,16.16663266526465,0.9999999210293975,0.018207282913165267,12.076319694519041,13,2,1.886898739389423
best_model.pt,63379069,20260207,1000.0,116.0,[0.0457643],0.0,0.0,0.0,0.0,0.0,0,72,-1.0
best_model.pt,63380156,20260207,34.70317,2.0,[19.27245353],9.160793329240274,3.7882272572803415,1.0,0.07847222222222222,34.70317077636719,18,16,0.8941136286401707
best_model.pt,63380247,20260207,6.73505,5.45,[1.33741146],0.2734363497053486,24.631054275041762,0.9999998584013253,0.75,6.735050201416015,9,1,3.5194596581761988
best_model.pt,63381071,20260207,1000.0,19.41,[20.43495715],27.91933391983467,35.81747211641404,1.000000000000003,0.05227871255211868,1000.0000000000032,3522,18,0.8453102729513673
best_model.pt,63382374,20260207,1000.0,83.45,[0.10441107],0.0021016232,728.1380705777431,0.0015310000000000002,5.503819650837681e-06,1.5310000000000001,2,72,7.725441548300509
best_model.pt,63383639,20260207,1000.0,23.0,[10.40442665],21.384898987659717,46.761967583531174,0.9999999999999999,0.054989816700611,999.9999999999999,378,14,1.0331290253709207
best_model.pt,63385982,20260207,166.66667,44.0,[5.19807291],1.5761678972215085,105.74163216057104,0.9999999999999998,0.05656565656565656,166.66667175292966,224,10,1.403218912740251
best_model.pt,63386669,20260207,1000.0,8.55,[0.0704291],15.108017955191231,66.19001491630996,1.0000000000000013,0.7144840351689032,1000.0000000000013,1544,1,6.741522039734715
best_model.pt,63387460,20260207,1000.0,20.0,[1.33588566],18.425952024979225,54.27127696702293,1.0000000000000016,0.030749455909978858,1000.0000000000015,772,51,1.7135638483511464
best_model.pt,63392724,20260207,1000.0,12.0,[0.5881268],5.693533082200002,20.830771940188725,0.11860070999999998,0.0062633547008547,118.60070999999998,36,72,0.7358976616823938
best_model.pt,63393176,20260207,10.416667,9.38,[0.00764137],0.2982587810690975,34.924812682487975,0.9999999084472765,0.5301542776998598,10.416666984558102,28,2,2.723327532663854
best_model.pt,63395435,20260207,166.66667,34.0,[0.50343341],0.06618249050000001,39.47661237359488,0.015676199521600355,5.39966944632259e-05,2.6127,2,72,0.16107683451749655
best_model.pt,63396395,20260207,35.40957,45.67,[1.54909442],0.33829521760552905,104.67030650608844,1.0000000000000007,0.0096067777041621,35.409568786621115,83,41,1.2918833085756978
best_model.pt,63400025,20260207,37.5,12.3,[0.17373209],1.3777178464613873,27.218906162398195,0.9999999999999997,0.6428571428571429,37.499999999999986,81,1,1.2129191658794602
best_model.pt,63400463,20260207,37.936268,175.0,[0.10201452],0.0,0.0,0.0,0.0,0.0,0,28,-1.0
best_model.pt,63400580,20260207,62.5,12.3,[2.78376478],2.009978643280376,31.094842283077668,1.0000000000000002,0.04602415128730918,62.50000000000001,202,21,1.5280359187717953
best_model.pt,63400626,20260207,10.53743,3.2,[3.91767969],2.3205454427042542,4.540926057610161,0.9999999094965046,0.09220805921052631,10.537429809570312,18,12,0.41903937185784085
best_model.pt,63400716,20260207,72.289154,20.0,[0.38408235],0.1456696628,82.21284759610498,0.16566800589841735,0.0006459948320413437,11.975999999999999,2,72,3.110642379805249
best_model.pt,63400779,20260207,2.2580645,3.08,[0.02336092],0.3345250653428352,6.750040557001019,0.999999577658694,0.8333333333333334,2.2580645084381104,10,1,1.1915716637028142
best_model.pt,63402273,20260207,1.693767,48.0,[0.01482089],0.009008343891951431,188.00114324352901,0.9999994369510052,0.011494252873563218,1.6937669515609741,2,1,2.916690484240188
best_model.pt,63402334,20260207,7.22587,2.4,[1.55752638],0.45134752160549085,16.00951323988647,0.9999998680194672,0.21666666666666667,7.225870132446289,16,2,5.670630251552331
best_model.pt,63403274,20260207,10.10101,9.3,[0.21543627],0.48223778952422713,20.94607597314263,0.9999999055862535,0.8780487804878049,10.101010322570799,36,1,1.2522661874792416
best_model.pt,63403381,20260207,11.363636,9.8,[2.17685475],0.4889385817079381,23.241391047030493,0.9999999160766649,0.04159181443178308,11.363636016845707,45,23,1.3715704688458494
best_model.pt,63405128,20260207,1000.0,86.31,[0.6356252],0.0,0.0,0.0,0.0,0.0,0,72,-1.0
best_model.pt,63406536,20260207,19.62989,98.0,[0.19507662],0.07124502074179576,275.52262200068185,0.9999998807907104,0.1,19.62989044189453,1,2,1.81145532653757
best_model.pt,63406884,20260207,988.05615,23.0,[31.67529457],24.35128951165807,40.575104299738165,1.0000000000000007,0.04823529411764706,988.0561523437506,164,17,0.7641349695538332
best_model.pt,63407342,20260207,402.3843,1.91,[101.78377592],142.3048012978744,2.8276228304583246,0.9999999999999994,0.10299042390687894,402.3843078613279,1313,15,0.48043082715865687
best_model.pt,63407584,20260207,8.733624,1.18,[10.17999456],3.8757157357301173,2.2534217678495345,0.9999998908043027,0.5,8.733624458312988,8,1,0.9096795491662824
best_model.pt,63411075,20260207,850.27783,260.5,[1.42007869],0.784292415063404,1084.1323103069933,0.9999999999999998,0.0024079423783388548,850.2778320312498,476,44,3.161736315957748
best_model.pt,63412723,20260207,1017.58417,1.26,[1235.29383744],350.0784655987769,2.906731674664001,0.9999999999999996,0.7669902912621359,1017.5841674804683,237,1,1.306929917987777
best_model.pt,63413074,20260207,35.0,2.4,[4.07196197],1.1340769923215055,30.86207495161203,0.9999999999999998,0.09396960289592236,34.99999999999999,42,10,11.859197385526418
best_model.pt,63414046,20260207,1912.793,303.8,[9.38228693],0.0143198724,333.9028423994617,0.0024998941747077143,7.842399146746973e-07,4.78178,1,72,0.09908774133002006
best_model.pt,63415176,20260207,391.68222,5.0,[167.08847847],45.297933360763714,8.646800918989642,0.9999999999999996,0.05270404644157086,391.6822204589842,200,18,0.7293601837979284
best_model.pt,63417058,20260207,4.03872,17.27,[0.07157957],0.1174973724604389,34.37256232872695,0.99999976386725,0.4166666666666667,4.03872013092041,4,3,0.9903046564932126
best_model.pt,63417588,20260207,250.18294,52.0,[7.08517945],0.9242875557081427,270.67622559752783,1.0000000000000004,0.03306226878202179,250.18293762207043,118,12,4.205312030721689
best_model.pt,63418375,20260207,111.04177,7.1,[8.52963425],7.541534495862474,14.72402682397764,0.9999999999999999,0.07276368491321762,111.04177093505858,25,14,1.0738066227818663
best_model.pt,63418435,20260207,1.7391304,17.27,[0.00217101],0.0002557238076900074,6774.324490658305,0.999999463558197,0.019230769230769232,1.7391303777694702,1,1,391.2596590096169
best_model.pt,63419441,20260207,37.5,7.5,[0.23269522],2.6208105688406604,14.308544897254274,1.0,0.795774647887324,37.5,113,1,0.9078059863005699
best_model.pt,63421324,20260207,1000.0,1.4,[0.86152011],100.93263427015059,9.907598244348392,1.0000000000000007,0.8784313725490196,1000.0000000000006,448,1,6.07685600933842
best_model.pt,63423264,20260207,2919.6333,6.1,[570.78607345],290.8830683379589,10.037137284841785,0.9999999999999984,0.03307945890644538,2919.6333007812455,582,19,0.64543236750204
best_model.pt,63423338,20260207,1000.0,15.5,[0.88754787],0.31176047290000003,20.095138574128796,0.0062648899999999995,0.001984126984126984,6.264889999999999,2,72,0.2964605531695998
best_model.pt,63423732,20260207,114.94253,11.5,[0.30469415],4.969749347,21.542878922404753,0.9314457588170039,0.01028344864803549,107.06273,63,72,0.8732938193395438
best_model.pt,63425723,20260207,243.00836,27.5,[14.68135859],4.845479706671874,50.15154873732165,0.9999999999999999,0.059770114942528735,243.00836181640622,26,15,0.8236926813571508
best_model.pt,63425781,20260207,21.276596,27.5,[0.75139687],0.0,0.0,0.0,0.0,0.0,0,72,-1.0
best_model.pt,63426601,20260207,7170.8057,339.26,[20.49040156],0.06393594420000001,538.4070263401798,0.004800590284090562,2.9304742392142772e-05,34.42410000000001,125,72,0.5870040996347723
best_model.pt,63426622,20260207,2070.2722,414.17,[8.96231604],0.0,0.0,0.0,0.0,0.0,0,72,-1.0
best_model.pt,63427727,20260207,1000.0,86.19,[0.00437503],0.0381840756,62.74702779428306,0.0023959999999999997,0.004779411764705883,2.396,2,68,-0.2719918085982212
best_model.pt,63428201,20260207,1000.0,3.83,[0.08209216],87.12378539612862,11.477921717649721,1.0000000000000002,0.8788143304824777,1000.0000000000001,327,5,1.9968464611725747
best_model.pt,63428371,20260207,52.63158,10.0,[3.92201246],2.8093845964125457,18.73419598220738,0.9999999999999999,0.049689440993788817,52.631580352783196,16,14,0.8734195982207378
best_model.pt,63428584,20260207,32.258064,8.0,[1.65197101],2.8362001101502154,11.373687202425158,1.0,0.07407407407407407,32.25806427001953,2,1,0.42171090030314473
best_model.pt,63430523,20260207,1000.0,321.87,[0.00623512],0.0,0.0,0.0,0.0,0.0,0,61,-1.0
best_model.pt,63437499,20260207,1000.0,23.0,[1.16521397],0.0,0.0,0.0,0.0,0.0,0,72,-1.0
best_model.pt,63449407,20260207,4.716981,3.36,[0.00020804],0.28282952979396825,16.677764375646493,0.9999997978210775,0.7272727272727273,4.716980934143067,8,1,3.963620504866371
best_model.pt,63450741,20260207,77.27273,21.92,[0.89085351],0.010880127600000001,55.447378450005495,0.007807799929919076,0.0392156862745098,0.60333,3,51,1.5295336796084575
best_model.pt,63451974,20260207,68.71583,2.5,[35.6540986],13.480710205089363,5.097344412804593,1.0,0.04696581196581196,68.71582794189453,49,15,1.0389377651218372
best_model.pt,63454972,20260207,67.95028,5.05,[7.86490391],2.1869872605039644,31.070253308164318,0.9999999999999998,0.0914030414030414,67.95027923583983,32,11,5.152525175180846
best_model.pt,63456215,20260207,279.74338,1.62,[19.50522382],77.49980167225712,3.6096011607741487,0.9999999999999996,0.05865990990990991,279.74337768554676,143,16,1.2281488581169797
best_model.pt,63456596,20260207,351.7588,550.0,[0.17648232],0.0,0.0,0.0,0.0,0.0,0,72,-1.0
best_model.pt,63458242,20260207,51.78525,52.0,[1.80177477],0.7860866431249588,65.87719838918736,0.9999999999999998,0.020960365853658538,51.785251617431626,55,32,0.2668691997920645
best_model.pt,63459526,20260207,1000.0,11.82,[7.65212004],30.548606068699257,32.73471676633735,1.0000000000000013,0.07734954871431299,1000.0000000000014,370,13,1.7694346541033616
best_model.pt,63461105,20260207,0.8063703,33.0,[0.01475805],0.0085401823,35.62621535428414,0.3773571656392433,0.005055976886962803,0.30428999999999995,4,71,0.07958228346315581
best_model.pt,63461403,20260207,7.76066,25.0,[0.11287704],0.2590026631156138,29.963515103045456,0.9999998771142948,0.6557377049180327,7.760660171508791,40,1,0.19854060412181823
best_model.pt,63461553,20260207,3.40762,2.84,[0.47569256],0.4004932198034042,8.5085371639777,0.9999997201348558,1.0,3.4076199531555176,2,1,1.995963880677233
best_model.pt,63463244,20260207,1000.0,36.49,[1.92236149],14.783565933445606,67.64267409224837,1.0000000000000009,0.02852401766578063,1000.0000000000008,188,31,0.8537317341962511
best_model.pt,63463364,20260207,117.64706,5.0,[4.04439073],13.037523753198295,9.023726420977978,0.9999999999999999,0.04050978607191625,117.64705657958983,89,13,0.8047452841955955
best_model.pt,63464061,20260207,346.15384,6.1,[49.9737921],43.16816598721155,8.018729153217816,1.0,0.03165028299076557,346.1538391113281,30,18,0.31454578337420835
best_model.pt,63465917,20260207,1000.0,310.7,[0.78940957],0.0,0.0,0.0,0.0,0.0,0,72,-1.0
best_model.pt,63466342,20260207,80.63901,2.78,[8.2972548],11.303426697019676,7.134031351359119,0.9999999999999998,0.18777124951037996,80.63900756835936,95,10,1.5661983542369218
best_model.pt,63467432,20260207,4.347826,2.19,[0.39063373],0.441336417607951,9.851478326024427,0.9999997806549512,0.7171717171717171,4.34782600402832,14,2,3.4983918121572524
best_model.pt,63468715,20260207,1000.0,86.19,[0.0005304],0.0,0.0,0.0,0.0,0.0,0,16,-1.0
best_model.pt,63471673,20260207,166.66667,5.0,[5.70884773],16.105912438011355,10.34816636724136,1.0000000000000004,0.06613756613756613,166.66667175292977,25,14,1.069633273448272
best_model.pt,63471771,20260207,33.333332,11.0,[2.05387755],0.0,0.0,0.0,0.0,0.0,0,72,-1.0
best_model.pt,63472525,20260207,1025.556,1.74,[871.85791609],380.15341921644415,2.6977424790483995,1.0000000000000004,0.09028826211300478,1025.556030273438,432,20,0.550426703599068
best_model.pt,63473865,20260207,8.695652,1.88,[1.90251813],1.1425743080202568,7.610572315905916,0.9999998903274635,1.0,8.69565200805664,4,1,3.048176774047408
best_model.pt,63474208,20260207,1000.0,82.0,[0.00130291],0.0,0.0,0.0,0.0,0.0,0,72,-1.0
best_model.pt,63474289,20260207,1000.0,73.77,[1.35e-05],2.681414260861919,372.9373866838359,1.0000000000000002,0.10983319881624966,1000.0000000000001,22,2,4.0554073966992386
best_model.pt,63480295,20260207,1000.0,5.38,[0.09065174],31.77095243543445,31.475290851192742,1.0000000000000007,0.657492822491802,1000.0000000000006,2135,4,4.850425684324286
best_model.pt,63481146,20260207,1000.0,327.97,[1.77890741],0.0585732017,430.10129491871504,0.02519284,2.8097916475736354e-05,25.19284,3,72,0.31140437636942286
best_model.pt,63483455,20260207,26154.117,96.0,[360.67545938],285.6115558240754,91.57233509150322,1.0000000000000058,0.2115201989405777,26154.11718750015,22464,72,-0.046121509463508126
best_model.pt,63488641,20260207,1884.9242,20.6,[28.05685289],43.24620653555295,43.58588421392398,1.0,0.031546209922874865,1884.9241943359375,468,18,1.115819582854508
best_model.pt,63494257,20260207,83.03227,11.0,[14.87186982],3.7887903725465018,21.9152400262831,1.0,0.04056795131845842,83.03227233886719,20,17,0.9922945478439182
best_model.pt,63494470,20260207,58.7649,10.5,[0.40920029],3.6244123551662573,16.213630855254333,0.9999999999999998,0.7272727272727273,58.76490020751952,16,1,0.5441553195480318
best_model.pt,63501118,20260207,1000.0,15.36,[0.4264735],1.2968530173000001,23.768588899601195,0.030824389999999997,0.0025367975022301515,30.824389999999998,11,72,0.5474342077389693
best_model.pt,63510498,20260207,2.93115,8.3,[0.1458486],0.03185872660514818,92.00172982936294,0.9999996746416872,0.052795031055900624,2.9311499595642094,17,1,10.08454550784984
best_model.pt,63517708,20260207,2000.0,15.0,[0.34900787],0.7485468164,33.48925673253758,0.012534155,0.006694993866046497,25.06831,9,72,1.2326171155025052
best_model.pt,63518080,20260207,1000.0,9.0,[3.24339803],42.356494504898585,23.609129794138635,1.0000000000000004,0.0995931734360907,1000.0000000000003,1134,18,1.6232366437931818
best_model.pt,63520550,20260207,1000.0,25.3,[0.86626977],0.0,0.0,0.0,0.0,0.0,0,72,-1.0
best_model.pt,63523189,20260207,1000.0,18.66,[0.56119186],0.1436682585,18.804063271475712,0.002701565827,0.0008105147609996774,2.701565827,10,51,0.007720440795372386
best_model.pt,63524267,20260207,38.46154,2.76,[0.04206534],1.5154477744140211,25.379637287337477,1.0,1.0,38.46154022216797,26,1,8.195520788055362
best_model.pt,63529958,20260207,164.5273,5.57,[50.97008599],7.858417502301121,20.936438791781764,0.9999999999999997,0.0857843137254902,164.52729797363276,35,1,2.7587860227187395
best_model.pt,63530218,20260207,83.333336,2.47,[14.20114845],15.768347564021724,5.284848666182112,0.9999999999999998,0.04201613667022472,83.33333587646483,66,15,1.139614819824794
best_model.pt,63530858,20260207,731.0965,13.27,[20.32306481],16.890386651199996,7.379561362000153,0.17048864641360598,0.4739583333333333,124.64365210000003,36,48,-0.44389140109767605
best_model.pt,63531248,20260207,34.41965,2.1,[22.04018501],13.253382728691356,2.5970462891662422,1.0,0.391304347826087,34.41965103149414,9,1,0.23668876528860644
best_model.pt,63531465,20260207,12.32902,1.45,[3.69897094],3.3768068194473586,3.651087123023344,0.9999999226480063,0.0625,12.329019546508789,15,12,1.5179910365215
best_model.pt,63532364,20260207,72.20216,4.15,[9.02839086],11.574887134229012,6.237828206976304,0.9999999999999998,0.06675062972292191,72.20216369628905,31,15,0.5030910996699678
best_model.pt,63532391,20260207,238.66006,4.15,[4.77656644],42.49319912168139,5.616429546700434,1.0000000000000009,0.06666666666666667,238.66006469726585,90,15,0.35335648617694027
best_model.pt,63533300,20260207,2094.1917,3.61,[88.02355927],330.48214634165583,6.3367769401039,0.9999999999999996,0.016220651486630853,2094.191650390624,906,37,0.7553399236139574
best_model.pt,63533681,20260207,7.47524,1.97,[11.23535403],0.09573662801556443,78.08048293556035,0.9999998724222682,0.29411764705882354,7.475240230560304,5,1,38.63476233583792
best_model.pt,63533738,20260207,74.38692,3.79,[7.22517273],5.56070148924738,13.377251751572452,1.0,0.19166666666666665,74.38691711425781,9,10,2.529617911930525
best_model.pt,63533809,20260207,2000.0,18.0,[6.48886229],24.684964502549956,81.02097609953707,0.9999999999999986,0.04992019645628193,1999.999999999997,1984,10,3.5011653388631703
best_model.pt,63533942,20260207,1000.0,1.98,[2.83604406],293.6134292461345,3.405838755950999,1.0000000000000002,0.3503207179677768,1000.0000000000001,333,21,0.7201205672435872
best_model.pt,63534270,20260207,2000.0,15.0,[0.97188761],5.4382187615,57.38476444245842,0.15603547999999995,0.003987127413672867,312.0709599999999,200,72,2.825650962830561
best_model.pt,63535088,20260207,1582.6045,2.13,[769.19870949],440.3807725281177,3.5937184076144777,0.9999999999999994,0.09358066096393713,1582.604492187499,642,14,0.6871916500144208
best_model.pt,63535386,20260207,117.61521,4.62,[53.1943537],4.375177524655952,26.882379958670402,0.9999999999999991,0.04667337715485468,117.6152114868163,129,19,4.818697104884727
best_model.pt,63535808,20260207,9.09778,3.82,[2.53080147],1.3785110368102687,6.59971040130519,0.9999998951750655,0.01819141449683322,9.097780227661133,6,14,0.7276729101151308
best_model.pt,63536636,20260207,208.86076,5.6,[1.63272923],25.258456412062994,8.268943749908356,1.0,0.575,208.8607635498047,23,1,0.4765971233442199
best_model.pt,63537092,20260207,714.2857,50.0,[3.20883585],2.547239928366597,280.4154477937181,0.999999999999999,0.01762099522835719,714.2857055664056,517,15,4.608308955874362
best_model.pt,63537243,20260207,2.6845639,2.14,[0.84322107],0.03021957262620869,88.83232983051371,0.9999996447564587,0.6,2.6845638751983643,3,1,40.510432465371984
best_model.pt,63537321,20260207,1.8461539,2.49,[0.02720118],0.05332926119788693,34.617378836257046,0.9999994834266813,1.0,1.8461538553237915,4,1,12.902561728382283
best_model.pt,63537589,20260207,4.26584,3.12,[0.46447201],0.2341288812100495,18.219972741246355,0.9999997764393198,0.7142857142857143,4.265840053558349,14,5,4.839735067163781
best_model.pt,63537852,20260207,12.03287,2.37,[6.56013708],3.089467628148329,3.8948025505199797,0.9999999207442433,0.07936507936507936,12.032870292663574,19,9,0.6433766829491628
best_model.pt,63537981,20260207,1000.0,3.26,[0.02298273],47.7246152632145,20.953547211039332,1.0000000000000007,0.4621032227835954,1000.0000000000006,1529,13,5.427468488446763
best_model.pt,63538339,20260207,1011.9877,3.6,[104.41203034],189.7751114867175,5.332562619185735,1.0000000000000002,0.29432624113475175,1011.9876708984377,166,1,0.481267433458446
best_model.pt,63539511,20260207,354.54544,2.69,[14.27960343],74.37407382635362,4.76705682056026,1.0000000000000002,0.019989339019189763,354.5454406738282,150,14,0.7721400442965031
best_model.pt,63541222,20260207,468.76926,17.6,[0.07958063],12.3507117594,8.49829589690004,0.2239054931420106,0.020122355940890985,104.96001156699998,130,55,-0.5171422890508841
best_model.pt,63541909,20260207,312.5,26.0,[23.84098276],5.005327962132116,62.43345889235709,0.9999999999999994,0.043537824368243994,312.49999999999983,610,19,1.4012868804752725
best_model.pt,63543019,20260207,7.11443,2.32,[3.09833648],1.2389816616920717,5.742154568166414,0.999999865952129,0.9,7.114429950714111,16,2,1.475066695428854
best_model.pt,63548375,20260207,1000.0,18.08,[0.18686606],0.0,0.0,0.0,0.0,0.0,0,72,-1.0
best_model.pt,63552128,20260207,86.2854,4.15,[12.18227438],19.43589052682229,4.439487649514187,1.0,0.059770114942528735,86.285400390625,26,1,0.06975603554079554
best_model.pt,63554448,20260207,316.3261,8.2,[39.77013989],8.100903649645616,39.04824516773964,1.0000000000000007,0.02925873990075097,316.326110839844,890,21,3.7619812287823753
best_model.pt,63557880,20260207,197.36842,25.75,[12.65917044],5.295690106608477,37.26962534042413,0.9999999999999997,0.03790849673202614,197.368423461914,29,15,0.44736409089025736
best_model.pt,63558513,20260207,1000.0,30.39,[0.02848007],0.0,0.0,0.0,0.0,0.0,0,48,-1.0
best_model.pt,63559263,20260207,4.53857,4.5,[0.66466299],0.33790465431385414,13.431470794507788,0.9999997898734334,0.9166666666666667,4.538569927215576,8,2,1.9847712876683974
best_model.pt,63559570,20260207,1000.0,33.45,[5.34168307],17.659974574177134,56.625219882083215,0.9999999999999991,0.06423741547708489,999.9999999999991,171,11,0.6928316469523218
best_model.pt,63559834,20260207,315.59442,15.4,[9.69270179],15.029586963327326,20.99820847762288,0.9999999999999997,0.06622073578595318,315.59442138671864,99,13,0.3635200647899031
best_model.pt,63560316,20260207,4.5454545,2.83,[0.0950479],0.16817105848416605,27.02859525581464,0.9999997901916924,0.6875,4.545454502105713,11,1,8.550740630557712
best_model.pt,63560778,20260207,65.36903,10.0,[0.0742071],4.011803064253492,16.294174083908132,1.0,0.6721311475409836,65.36903381347656,41,1,0.6294174083908132
best_model.pt,63561739,20260207,1000.0,8.37,[0.62055523],16.962811712671808,58.95248724010051,0.9999999999999996,0.46080813134682386,999.9999999999995,1243,2,6.043308010291893
best_model.pt,63563441,20260207,32.60413,2.5,[19.8699626],6.762814552295776,4.821088130991777,1.0,0.0374331550802139,32.604129791259766,14,17,0.9284352523967108
best_model.pt,63568994,20260207,1000.0,1.56,[9.9982732],144.32288316935498,6.928908092125951,1.0,0.3782426778242678,1000.0,452,1,3.4416079142799965
best_model.pt,63570480,20260207,1000.0,300.0,[0.06755916],0.0,0.0,0.0,0.0,0.0,0,72,-1.0
best_model.pt,63572499,20260207,1000.0,18.54,[5.7363358],21.864339084334688,45.736573623663965,1.0000000000000007,0.09723464353321708,1000.0000000000007,467,11,1.466913234365558
best_model.pt,63572763,20260207,16.34594,1.35,[15.40269073],7.325482757544436,2.2313802306087926,0.999999883313627,0.36363636363636365,16.34593963623047,8,1,0.6528742157045929
best_model.pt,63573065,20260207,2.75494,5.0,[0.3819591],0.0955270880979169,28.839057577862896,0.9999996538313087,0.5,2.754940032958985,4,1,4.767811515572579
best_model.pt,63574325,20260207,1000.0,300.0,[0.19291062],0.0,0.0,0.0,0.0,0.0,0,72,-1.0
best_model.pt,63574326,20260207,1000.0,11.0,[0.20760699],2.0096558938999998,81.12459917653608,0.16303260999999997,0.0006564771942108682,163.03260999999998,4,72,6.37496356150328
best_model.pt,63576343,20260207,1000.0,18.08,[0.07826478],0.5909236842000001,29.21165837465281,0.017261890000000002,0.003472222222222222,17.26189,5,72,0.6156890762123951
best_model.pt,63576544,20260207,0.8063703,33.0,[0.01235331],0.0050669345,46.206200968066966,0.2903997090858773,0.000397456279809221,0.23417,1,68,0.4001879081232414
best_model.pt,63577289,20260207,1000.0,10.01,[0.0003936],9.925992582000001,38.854381358797056,0.38566834000000005,0.09734094869221287,385.66834000000006,149,72,2.8815564905473807
best_model.pt,63577520,20260207,151.51515,52.0,[0.13484359],0.0,0.0,0.0,0.0,0.0,0,72,-1.0
best_model.pt,63578117,20260207,23.45548,52.0,[0.40151163],0.02932522,41.66817271370125,0.05209741478949907,1.7630150833628988e-06,1.22197,2,72,-0.19868898627497592
best_model.pt,63578431,20260207,57.67297,52.0,[1.76752126],0.8158982662581886,70.686385198764,1.0,0.02769185491209883,57.672969818115234,101,34,0.35935356151469233
best_model.pt,63580443,20260207,130.7283,3.79,[28.65344828],15.15175285794011,8.627932002303904,1.0,0.4759358288770054,130.72830200195312,39,21,1.2764992319645008
best_model.pt,63581835,20260207,208.86076,4.7,[0.62691936],16.50005981392239,12.658181439766128,1.0000000000000007,0.7181818181818181,208.86076354980483,79,1,1.693230202863622
best_model.pt,63583264,20260207,41.666668,2.37,[3.14652901],8.380179950247676,4.97204871656154,1.0,0.1111111111111111,41.66666793823242,22,16,1.0979109521723187
best_model.pt,63585050,20260207,67.94634,20.0,[0.33539099],0.1317786939,30.40612617480059,0.05897168051204021,0.0003968253968253968,4.0069099999999995,1,72,0.5203063087400295
best_model.pt,63585415,20260207,1000.0,229.83,[0.00054316],2.845873877790498,351.3857927500971,1.0,0.3732118758434548,1000.0,20,4,0.5288943564835222
best_model.pt,63585819,20260207,104.166664,20.0,[1.96296555],2.711900771491535,38.41092816066257,0.9999999999999977,0.02935361216730038,104.16666412353491,193,25,0.9205464080331286
best_model.pt,63585859,20260207,106.96745,20.0,[5.66869632],2.037641843765493,52.49568310276476,1.0000000000000002,0.059663865546218484,106.96745300292972,71,10,1.6247841551382378
best_model.pt,63592846,20260207,1000.0,22.0,[0.1877848],0.0,0.0,0.0,0.0,0.0,0,72,-1.0
best_model.pt,63592988,20260207,70.92199,1.65,[32.41290031],5.028655505280296,14.103566104872533,0.9999999999999998,0.9047619047619048,70.92198944091795,19,1,7.547615944644592
best_model.pt,63596498,20260207,524.1249,24.0,[1.1231734],0.3478214223,35.56087591538805,0.0235990896842323,1.270712615634848e-05,12.368870000000001,5,72,0.48170316314116884
best_model.pt,63596870,20260207,280.89886,3.0,[4.41667541],51.95020619885262,5.407078814351639,1.0000000000000009,0.08580413297394429,280.898864746094,124,13,0.8023596047838796
best_model.pt,63597112,20260207,1707.9103,7.91,[27.67185869],88.41931233186767,19.31603191612614,1.0000000000000004,0.030448001534983678,1707.9102783203134,477,18,1.4419762691203726
best_model.pt,63598203,20260207,181.81818,2.55,[70.36833089],33.491963629201926,5.4287103871775395,0.9999999999999999,0.10051040850829764,181.81817626953122,98,14,1.1289060739967418
best_model.pt,63598374,20260207,5.0761423,2.43,[0.0002938],0.006233195139216375,814.2418063182814,0.9999998211860657,1.0,5.076142311096191,1,1,334.0789234359465
best_model.pt,63599572,20260207,147.05882,2.54,[26.27044761],37.38283464293694,3.9338594866497516,1.0,0.016383586598255652,147.05882263183594,69,14,0.5487636006812576
best_model.pt,63599957,20260207,1000.0,36.05,[0.0705264],0.0,0.0,0.0,0.0,0.0,0,72,-1.0
best_model.pt,63600227,20260207,33.333332,2.5,[2.02386723],5.503541995269994,6.056704215887082,1.0000000000000004,0.6126126126126126,33.33333206176759,68,1,1.4226816863548328
best_model.pt,63601569,20260207,115.99469,2.63,[66.05690356],19.073699507965532,6.081394110857756,0.9999999999999996,0.08048544207987905,115.9946899414062,130,15,1.3123170518000267
best_model.pt,63601844,20260207,1000.0,79.04,[0.00037478],0.0005877351999999999,107.94326549525152,6.355e-05,0.001838235294117647,0.06355,1,68,0.3656789504672963
best_model.pt,63604272,20260207,70.0,8.5,[13.10762524],3.3100321441875558,21.147824493214078,1.0,0.029411764705882353,70.0,10,17,1.4879793521428326
best_model.pt,63610006,20260207,2000.0,18.0,[0.5292172],2.2190980597,25.896797958973966,0.028733780000000004,0.007670621315054289,57.467560000000006,123,72,0.43871099772077593
best_model.pt,63611224,20260207,1000.0,6.6,[1.23354341],6.8851537801,11.549251908443662,0.07951838698399992,0.006830480768034987,79.51838698399992,227,72,0.7498866780796757
best_model.pt,63612668,20260207,2000.0,15.0,[0.43736783],3.2258715884000004,122.39319724522323,0.19741243000000006,0.0072661685133569975,394.8248600000001,169,72,7.159546483014882
best_model.pt,63613810,20260207,67.22689,4.0,[9.4528637],5.805452877521906,11.579954295091403,0.9999999999999998,0.06837606837606837,67.22689056396483,72,13,1.8949885737728507
best_model.pt,63614842,20260207,1000.0,10.01,[0.07968113],14.9657666837,14.769292258942352,0.22103379680000002,0.04766849369696598,221.0337968,66,66,0.4754537383853938
best_model.pt,63615321,20260207,121.09166,2.17,[35.63907684],7.232276666530202,16.743226011121063,0.9999999999999999,0.40058479532163743,121.09165954589842,137,1,6.7157720840803545
best_model.pt,63615646,20260207,81.49904,20.0,[0.30864492],2.9937629482754016,27.22293410715889,1.0000000000000004,0.13592233009708737,81.49903869628909,14,1,0.3611467053579444
best_model.pt,63616549,20260207,743.55707,2.0,[360.41571185],199.84505958172335,3.720667729823769,1.0000000000000007,0.060217371357241686,743.5570678710942,252,18,0.8603338649118846
best_model.pt,63616775,20260207,1000.0,69.33,[0.09786664],0.391088941,28.68209796272924,0.01121728,0.00018097808822850037,11.217279999999999,3,72,-0.5862960160794083
best_model.pt,63617797,20260207,1000.0,42.0,[0.51157848],0.0,0.0,0.0,0.0,0.0,0,72,-1.0
best_model.pt,63618506,20260207,7.2016463,5.02,[0.46297299],0.2990895849403536,24.07847886421637,0.9999998675755314,0.9166666666666666,7.201646327972414,11,1,3.7965097521319784
best_model.pt,63619732,20260207,330.87964,2.2,[108.96754828],82.88488863808085,3.9920381159541836,0.9999999999999991,0.7272727272727273,330.8796386718747,128,1,0.8145627406495861
best_model.pt,63621161,20260207,1000.0,100.0,[0.71729317],0.0,0.0,0.0,0.0,0.0,0,72,-1.0
best_model.pt,63621861,20260207,1000.0,23.0,[0.81405666],0.0,0.0,0.0,0.0,0.0,0,72,-1.0
best_model.pt,63622918,20260207,1350.1515,4.28,[332.02644072],169.07377517441142,7.985576000059513,1.000000000000001,0.06766846553267913,1350.1514892578139,831,17,0.8657886935984735
best_model.pt,63623050,20260207,85.65349,25.0,[2.66045464],1.876979739464921,45.633653216706584,1.0,0.05057471264367816,85.65348815917969,22,15,0.8253461286682634
best_model.pt,63623138,20260207,37.10185,25.0,[0.38901678],1.3798111117962084,26.889058506666224,1.0,0.03164556962025317,37.10184860229492,5,1,0.07556234026664896
best_model.pt,63623552,20260207,23.47515,25.0,[0.73385913],0.9217229049461437,25.468742894364595,0.9999999187503148,0.01440922190201729,23.475149154663086,10,1,0.01874971577458382
best_model.pt,63623668,20260207,23.809525,25.0,[0.22626096],0.8260997684697389,28.82157412858645,0.9999999198913663,0.0945945945945946,23.809524536132812,7,1,0.15286296514345807
best_model.pt,63623744,20260207,91.2677,25.0,[0.84652594],0.0,0.0,0.0,0.0,0.0,0,72,-1.0
best_model.pt,63624347,20260207,166.66667,35.0,[1.52452676],1.7250788067983347,96.61389061312767,1.0000000000000002,0.10809504024014126,166.66667175292972,241,45,1.7603968746607905
best_model.pt,63624431,20260207,1000.0,38.5,[10.82098757],13.862983197310385,72.13454085838269,0.9999999999999996,0.3510147952721604,999.9999999999995,999,27,0.8736244378800699
best_model.pt,63624433,20260207,1045.5513,38.5,[37.18908498],28.20504526333161,37.069652705747686,0.9999999999999993,0.2347672336893942,1045.5512695312493,2173,27,-0.03715187777278738
best_model.pt,63624751,20260207,434.78262,42.0,[0.76373853],0.1990693348,43.21819224669329,0.01978795733573141,0.0012263090474142005,8.603459999999998,11,72,0.02900457730222123
best_model.pt,63625403,20260207,119.04762,24.0,[3.58752472],2.036319277807253,58.4621309221832,1.0000000000000002,0.05714285714285715,119.04762268066409,20,14,1.4359221217576332
best_model.pt,63626085,20260207,1000.0,96.08,[0.01306146],0.0127414998,69.44398774877753,0.00088489,0.011217948717948716,0.8848900000000001,2,52,-0.2772274518594768
best_model.pt,63627097,20260207,1000.0,30.0,[0.6938686],0.4202506833,111.85699395864859,0.047008089999999995,0.004690516866653862,47.008089999999996,7,69,2.7285664652882864
best_model.pt,63631007,20260207,10.416667,10.4,[0.03130703],0.244028039300694,42.68617790083019,0.9999999084472768,0.5806451612903226,10.416666984558105,18,1,3.1044403333221076
best_model.pt,63631199,20260207,206.74242,4.15,[0.97709283],38.256387666103,5.404127874856616,1.0,1.0,206.74241638183594,72,1,0.30219945799257797
best_model.pt,63631324,20260207,133.48969,2.35,[7.97689872],2.7348665628310695,48.81029226892745,1.0000000000000004,0.30434782608695654,133.4896850585938,77,1,19.77033797861329
best_model.pt,63631326,20260207,80.8756,2.15,[0.30823822],4.970583730193233,16.2708427905672,1.0000000000000002,0.7741935483870968,80.87560272216798,144,1,6.567833520391793
best_model.pt,63632757,20260207,1000.0,86.31,[0.01257806],0.0,0.0,0.0,0.0,0.0,0,68,-1.0
best_model.pt,63634169,20260207,1000.0,12.0,[7.82871677],31.28353955008044,31.965691300162863,0.9999999999999986,0.059957498482088645,999.9999999999985,395,12,1.6638076083469053
best_model.pt,63634530,20260207,119.04762,89.0,[0.86563096],0.31325870785095283,380.0285185010332,1.0000000000000002,0.007840306220640601,119.04762268066408,13,4,3.2699833539441934
best_model.pt,63634590,20260207,5.0761423,2.07,[0.00055329],0.4339757941420699,11.696805865233495,0.9999998121262016,1.0,5.076142311096191,12,1,4.650631035001842
best_model.pt,63634742,20260207,5.0761423,2.07,[0.02537293],0.5374528449969557,9.444796717613853,0.9999998121262016,1.0,5.076142311096191,14,1,3.5627038754624145
best_model.pt,63635613,20260207,1.2315271,6.48,[0.04878385],0.034468486403444354,35.72803712995189,0.9999992256170526,0.5555555555555556,1.2315270900726318,10,1,4.513585960615523
best_model.pt,63636525,20260207,1000.0,20.0,[3.50621724],17.25565228059286,57.95202208453522,1.0000000000000002,0.041426119519425805,1000.0000000000001,531,13,1.897601104226761
best_model.pt,63636832,20260207,27.027027,1.03,[29.27208641],8.765385041099815,3.0833812684804247,0.9999999294281058,0.9230769230769231,27.027027130126953,12,1,1.9935741302206482
best_model.pt,63636929,20260207,35.30304,2.32,[2.89677335],3.7423200194299877,9.433461043958875,1.0000000000000002,0.7647058823529411,35.30303955078126,26,1,3.066147118708397
best_model.pt,63638721,20260207,1000.0,30.2,[1.70438959],16.057811297368048,62.274983757526314,1.0000000000000016,0.018708940302770635,1000.0000000000016,262,36,1.062085502790726
best_model.pt,63638728,20260207,1000.0,30.2,[4.31150062],15.233887922714468,65.64312009056022,1.0000000000000009,0.06443556443556443,1000.0000000000008,258,11,1.1736131931200318
best_model.pt,63638938,20260207,1000.0,36.08,[0.10309322],0.0,0.0,0.0,0.0,0.0,0,67,-1.0
best_model.pt,63638951,20260207,2.47032,2.53,[7.28412858],0.5141247920107554,4.804894103215317,0.9999996139471997,0.04081632653061224,2.470319986343384,2,1,0.8991676512059049
best_model.pt,63639183,20260207,1000.0,34.1,[0.0396023],0.0,0.0,0.0,0.0,0.0,0,72,-1.0
best_model.pt,63639342,20260207,6.451613,2.04,[0.61053511],0.7749032954482116,8.325690007486237,0.9999998521805039,1.0,6.451612949371338,15,4,3.0812206682217895
best_model.pt,63639367,20260207,6.451613,2.08,[2.37608465],0.0018491005469982288,3487.1688243317485,0.9999998807907104,1.0,6.451612949371338,1,1,1675.5235347309342
best_model.pt,63639383,20260207,481.31552,2.49,[167.08888021],100.8929515813434,4.770556405832025,1.0000000000000002,0.10600238905085844,481.31552124023443,189,14,0.9158860994219724
best_model.pt,63639547,20260207,1000.0,35.0,[0.07113445],0.0,0.0,0.0,0.0,0.0,0,55,-1.0
best_model.pt,63639568,20260207,1000.0,35.0,[5.76262224],18.19627862840552,54.956288890996056,1.0000000000000002,0.07609005414648048,1000.0000000000001,267,11,0.5701796825998873
best_model.pt,63639572,20260207,1000.0,35.0,[1.87679619],0.0,0.0,0.0,0.0,0.0,0,60,-1.0
best_model.pt,63639592,20260207,10.83412,6.06,[2.02456428],1.1060825286,8.482668584601143,0.8660176691892599,0.03333333333333333,9.382539999999999,6,36,0.39978030770581097
best_model.pt,63639615,20260207,2473.591,2.49,[1856.10689493],503.3943335662612,4.913823804919139,0.9999999999999994,0.552,2473.5910644531236,1104,1,0.9734232072687184
best_model.pt,63640115,20260207,4.347826,2.41,[0.10931371],0.5717295444908531,7.60467679385613,0.9999997806549512,0.96875,4.34782600402832,19,2,2.155467436937837
best_model.pt,63645350,20260207,12.57633,2.45,[0.77748715],3.209414302561137,3.9185736339265667,0.9999999241691154,1.0,12.576330184936525,8,1,0.5994177786368914
best_model.pt,63645523,20260207,111.24086,12.3,[20.94655673],4.217261140333018,26.37750661061999,1.0000000000000002,0.04992348247462703,111.24085998535158,347,19,1.144512699315988
best_model.pt,63645554,20260207,62.5,12.3,[0.30957255],2.0865426223999997,25.26883667035669,0.84359248,0.016705189423331202,52.72453,209,63,1.0543769332126331
best_model.pt,63645608,20260207,62.5,12.3,[3.6188897],1.7883256476127711,34.948872502364694,1.0000000000000002,0.13746630727762804,62.50000000000001,186,14,1.8413717040988657
best_model.pt,63645835,20260207,62.5,12.3,[2.19038388],1.8034012304307858,34.65671659121234,0.9999999999999991,0.039108618654073196,62.49999999999994,265,22,1.817619191365376
best_model.pt,63646194,20260207,576.4706,1.72,[124.39169232],160.9587216805171,3.5814808384066845,0.9999999999999998,0.06564450042710912,576.4705810546874,237,13,1.0822562667632878
best_model.pt,63648944,20260207,26.574802,68.0,[0.04336992],0.0,0.0,0.0,0.0,0.0,0,72,-1.0
best_model.pt,63650409,20260207,3.00871,3.45,[0.04392597],0.46496426859522755,6.470827200968747,0.9999996830289247,1.0,3.008709907531738,3,3,0.8756020613139338
best_model.pt,63650940,20260207,2000.0,15.0,[3.23103988],10.724216018386915,186.49380151212475,0.9999999999999998,0.04233719343901116,1999.9999999999995,934,15,11.432920100808316
best_model.pt,63650951,20260207,2000.0,15.0,[3.22890197],13.533790563171722,147.77824755646603,1.000000000000001,0.10197615454800674,2000.000000000002,1402,16,8.85188317043107
best_model.pt,63652241,20260207,117.5,8.5,[11.38690416],7.0704829915591745,16.618381448889906,1.0000000000000004,0.03975741239892183,117.50000000000004,59,14,0.9551036998694007
best_model.pt,63652316,20260207,188.16695,10.0,[23.73906284],8.048829865296698,23.378171259932,1.0000000000000002,0.054184483165831805,188.16694641113284,70,17,1.3378171259932
best_model.pt,63653084,20260207,1000.0,1.23,[6.04002327],190.844317785797,5.239873035583501,0.9999999999999994,0.1343638685620751,999.9999999999994,443,15,3.26005931246286
best_model.pt,63654692,20260207,1000.0,1.73,[2.86550014],135.12057257853448,7.400797476771971,0.9999999999999994,0.4488471883623683,999.9999999999994,1024,24,3.2779175694665716
best_model.pt,63654752,20260207,1000.0,1.4,[0.82914955],136.1410251897438,7.3453243888897255,1.0,0.8540891773214517,1000.0,379,6,4.246660367128469
best_model.pt,63654992,20260207,500.0,1.34,[4.73557789],88.55119509213964,5.646451116027141,1.0,0.189545587149073,500.0,209,9,3.21376938461001
best_model.pt,63655156,20260207,1000.0,1.26,[14.81642974],171.23275156536772,5.840004234109664,0.9999999999999998,0.1004915327833261,999.9999999999998,295,14,3.634924030406146
best_model.pt,63656523,20260207,8.51284,48.0,[0.08668504],0.0,0.0,0.0,0.0,0.0,0,72,-1.0
best_model.pt,63657517,20260207,1000.0,22.0,[2.91431619],21.68572291766927,46.113286501134894,0.9999999999999964,0.04093013468013468,999.9999999999965,389,18,1.0960584773243134
best_model.pt,63659280,20260207,31.39251,7.5,[1.42889271],1.6526093467393237,18.995711555593303,0.9999999392419228,0.42857142857142855,31.392509460449222,81,1,1.5327615407457738
best_model.pt,63661292,20260207,1000.0,300.0,[1.08503932],0.0,0.0,0.0,0.0,0.0,0,72,-1.0
best_model.pt,63663934,20260207,2.1367521,21.0,[0.01492207],0.07604807176230716,28.097017873926642,0.9999995536806174,0.06666666666666667,2.136752128601074,2,1,0.3379532320917449
best_model.pt,63664633,20260207,12.5,7.5,[0.21438552],0.18936906167801,66.00832195563217,0.9999999237060608,0.08896797153024912,12.500000000000004,25,1,7.80110959408429
best_model.pt,63665246,20260207,1000.0,30.0,[0.47471293],0.0,0.0,0.0,0.0,0.0,0,72,-1.0
best_model.pt,63665437,20260207,1000.0,30.2,[13.40857926],16.37525268498709,61.06775621539255,1.0000000000000002,0.05709876543209877,1000.0000000000001,740,15,1.0221110818756367
best_model.pt,63665441,20260207,1000.0,30.2,[3.52990554],16.06160585817776,62.260271268615256,0.9999999999999987,0.11694714153964125,999.9999999999986,736,14,1.0615983342960447
best_model.pt,63665444,20260207,1000.0,30.2,[3.56307257],16.499516901477374,60.607831451272816,0.9999999999999993,0.0586252558083544,999.9999999999993,487,13,1.0068817854352161
best_model.pt,63666595,20260207,1000.0,20.0,[1.57358985],24.292359734659538,41.16520460579321,0.9999999999999969,0.014959319526627218,999.9999999999969,809,40,1.0582602302896604
best_model.pt,63670871,20260207,3.54614,1.3,[4.31574796],1.8004289030723153,1.9696073418184048,0.9999997310669994,0.6,3.5461399555206308,15,1,0.5150826262024417
best_model.pt,63675336,20260207,1000.0,36.05,[4.88855047],15.16565687876216,65.93845173049765,1.0,0.06313180516754167,1000.0,171,11,0.8290833044653942
best_model.pt,63675362,20260207,1000.0,34.86,[1.40075005],15.453856922159025,64.70876107681286,0.9999999999999999,0.011981920518505884,999.9999999999999,281,44,0.85624669947934
best_model.pt,63675427,20260207,1000.0,34.85,[0.10496856],0.0,0.0,0.0,0.0,0.0,0,72,-1.0
best_model.pt,63676199,20260207,1000.0,82.32,[0.00042779],0.0,0.0,0.0,0.0,0.0,0,32,-1.0
best_model.pt,63677098,20260207,1000.0,82.32,[1.32516897],0.4828631617,114.53767826811986,0.05530614,0.00022457768490550617,55.30614,5,39,0.3913712183276562
best_model.pt,63679958,20260207,22.08202,72.6,[0.61310085],0.0,0.0,0.0,0.0,0.0,0,44,-1.0
best_model.pt,63681662,20260207,29.74327,6.51,[2.48576065],2.2926680081487905,12.973207544703348,0.9999999358729399,0.03413654618473896,29.74327087402343,17,1,0.9928121487841542
best_model.pt,63681685,20260207,52.66818,6.51,[7.81831667],4.89534433665321,10.75882801648415,0.9999999999999998,0.0030094153147550403,52.668178558349595,19,10,0.6526616955790948
best_model.pt,63683340,20260207,85.97987,6.85,[0.28017244],4.618224875498057,18.617511567243117,0.9999999999999999,0.58,85.97987365722655,29,1,1.7178849381665435
best_model.pt,63683627,20260207,71.41286,1.1,[133.85937681],28.671369453819437,2.490737482210266,0.9999999999999998,0.525974025974026,71.41285705566405,12,2,1.2643067529318057
best_model.pt,63684003,20260207,1044.4733,250.0,[3.14936128],0.0,0.0,0.0,0.0,0.0,0,18,-1.0
best_model.pt,63684378,20260207,64.88098,8.26,[5.67505281],2.7281012201977077,23.782459823155193,0.9999999999999996,0.06545454545454545,64.88098144531247,72,11,1.8792323443282335
best_model.pt,63686060,20260207,1000.0,38.46,[0.03394012],0.0,0.0,0.0,0.0,0.0,0,70,-1.0
best_model.pt,63693341,20260207,1000.0,82.32,[0.02328487],0.0,0.0,0.0,0.0,0.0,0,67,-1.0
best_model.pt,63695352,20260207,244.34483,1.0,[278.00997445],98.9630718072101,2.469050590719142,1.0000000000000004,0.07028922107944655,244.34483337402352,484,16,1.4690505907191418
best_model.pt,63696056,20260207,714.2857,50.0,[0.98452403],0.9292992239,49.31666733885526,0.06416198678322739,0.0003300528676974198,45.82999000000001,43,72,-0.01366665322289478
best_model.pt,63697940,20260207,1000.0,9.0,[1.7965916],0.5057166705,19.389277005696403,0.009805500000000002,0.00038699690402476777,9.805500000000002,18,72,1.1543641117440449
best_model.pt,63698176,20260207,35.21127,8.2,[0.15586578],1.6327490789277808,21.565620993131528,1.0,0.75,35.21126937866211,9,1,1.629953840823831
best_model.pt,63698780,20260207,1000.0,9.0,[0.8727],40.87048057130339,24.467536509335723,0.9999999999999984,0.2992913552497262,999.9999999999984,1867,4,1.7186151677039692
best_model.pt,63698963,20260207,1000.0,9.5,[0.13417635],22.453907011999995,21.73646857460904,0.4880686658800001,0.04585229702254197,488.0686658800001,986,72,1.288049323643057
best_model.pt,63699826,20260207,1000.0,9.0,[0.003103],36.9877958218,25.79084160692047,0.9539464092200001,0.03180310387681747,953.9464092200001,1985,72,1.8656490674356077
best_model.pt,63699827,20260207,1000.0,9.0,[0.0366266],19.873821120299997,27.42287152823592,0.54499727078,0.0333803725889395,544.99727078,893,72,2.0469857253595465
best_model.pt,63699925,20260207,1000.0,9.0,[0.413971],36.2436014474,20.30716396423773,0.7360047775539997,0.02470383065256437,736.0047775539997,1719,72,1.25635155158197
best_model.pt,63701114,20260207,166.66667,34.0,[0.10341096],0.028616781,58.48811268770279,0.010042799693518076,0.0006611028166308695,1.6738,3,72,0.7202386084618467
best_model.pt,63701115,20260207,166.66667,34.0,[1.01708348],0.6821051587,58.585660736682634,0.2397698326828054,2.3685346635465883e-05,39.96164,10,72,0.7231076687259598
best_model.pt,63701441,20260207,1000.0,36.05,[0.28138809],0.0,0.0,0.0,0.0,0.0,0,72,-1.0
best_model.pt,63704769,20260207,1000.0,7.57,[1.55878626],45.9939944359,11.418092405820659,0.5251636899999997,0.005689424364123159,525.1636899999997,68,72,0.508334497608703
best_model.pt,63705909,20260207,162.7391,2.0,[63.65937628],49.54829997496172,3.284453796041291,1.0000000000000004,0.06262062310449407,162.73910522460943,61,18,0.6422268980206456
best_model.pt,63707085,20260207,662.2353,1.5,[429.3060518],229.19175989235518,2.8894375956139933,1.0000000000000004,0.8486842105263158,662.235290527344,129,1,0.9262917304093289
best_model.pt,63707198,20260207,1000.0,31.53,[0.22314624],0.7467653683000001,42.31530950159957,0.03159965,1.3316288484073719e-05,31.59965,1,72,0.3420649724096634
best_model.pt,63707818,20260207,5.59174,15.0,[0.06613131],0.11512570436691216,48.57031356997013,0.999999829449486,1.0,5.591740131378174,2,1,2.2380209046646753
best_model.pt,63708107,20260207,17.33141,5.0,[1.70037433],1.7779161394001148,9.748153651408906,0.9999998899484531,0.5,17.331409454345707,9,1,0.9496307302817811
best_model.pt,63708168,20260207,1000.0,10.01,[0.0865883],19.144973465,15.969701634177659,0.30573953000000004,0.04490507999211312,305.73953000000006,111,72,0.5953747521503853
best_model.pt,63711027,20260207,1000.0,29.95,[0.0015935],0.0,0.0,0.0,0.0,0.0,0,72,-1.0
best_model.pt,63711593,20260207,132.71461,3.93,[7.46426469],8.461994348422774,15.683607636690642,1.0000000000000002,0.016064388942290765,132.7146148681641,62,10,2.990739788875323
best_model.pt,63712035,20260207,59.29753,27.0,[3.0426481],1.3944182478198028,42.52489430323222,1.0,0.03703703703703704,59.29753112792969,10,15,0.5749960853048971
best_model.pt,63712496,20260207,2000.0,20.0,[16.81904021],13.32438787325752,150.10069272400654,0.9999999999999993,0.04360239564686144,1999.9999999999986,559,18,6.505034636200326
best_model.pt,63713068,20260207,7500.0,120.0,[2.62368445],8.138688664100002,382.2287270298573,0.41477879866666667,0.01258928857833547,3110.84099,1640,72,2.1852393919154776
best_model.pt,63713425,20260207,1000.0,30.45,[1.08935923],0.0,0.0,0.0,0.0,0.0,0,68,-1.0
best_model.pt,63713531,20260207,1000.0,31.5,[0.75669332],0.0,0.0,0.0,0.0,0.0,0,72,-1.0
best_model.pt,63715009,20260207,1000.0,86.31,[0.00513656],0.0,0.0,0.0,0.0,0.0,0,65,-1.0
best_model.pt,63716161,20260207,41.273586,3.72,[0.99299883],6.349697364630307,6.5000861305632105,1.0,0.9444444444444444,41.27358627319336,17,1,0.7473349678955796
best_model.pt,63719668,20260207,1000.0,84.69,[0.00010112],0.0,0.0,0.0,0.0,0.0,0,17,-1.0
best_model.pt,63721302,20260207,1000.0,50.24,[0.82556049],0.2772708552,64.2922808993417,0.01782644,0.00016937669376693767,17.826439999999998,1,72,0.27970300062505393
best_model.pt,63731046,20260207,22.96911,1.0,[27.71091902],18.37175784507971,1.250240147531827,0.9999999169602815,0.04958471760797342,22.969110488891605,15,43,0.250240147531827
best_model.pt,63735016,20260207,23.809525,3.03,[2.22599183],2.109844491505837,11.284961212557556,0.9999999198913662,0.3157894736842105,23.80952453613281,6,1,2.7244096762751724
best_model.pt,63736256,20260207,500.0,13.0,[10.69806271],4.528578219362275,110.40990469200877,1.0000000000000004,0.1363429360853588,500.0000000000002,210,16,7.493069591692982
best_model.pt,63736484,20260207,32.258064,8.5,[1.34077429],2.6798449241651525,12.037283180774217,1.0,0.3684210526315789,32.25806427001953,7,1,0.41615096244402555
best_model.pt,63740865,20260207,1000.0,32.3,[0.25952798],0.0,0.0,0.0,0.0,0.0,0,72,-1.0
best_model.pt,63741668,20260207,29.411764,4.71,[0.34192044],2.296367287712382,12.807947358564663,0.9999999351501494,0.55,29.41176414489746,11,1,1.7193093959302
best_model.pt,63751749,20260207,419.55008,1.0,[617.85063009],256.1337389216244,1.6380117647682158,1.0000000000000002,0.8121546961325967,419.5500793457032,147,1,0.6380117647682158
best_model.pt,63761622,20260207,1000.0,40.0,[17.1682844],13.628241506689317,73.37703298933508,1.0000000000000004,0.03133954154727794,1000.0000000000005,175,16,0.8344258247333769
best_model.pt,63762250,20260207,1000.0,80.06,[0.00122154],0.0,0.0,0.0,0.0,0.0,0,72,-1.0
best_model.pt,63768177,20260207,1000.0,95.0,[0.3668407],0.025941958600000002,429.9139574620452,0.01115324,1.8542477172906768e-05,11.15324,9,72,3.525410078547844
best_model.pt,63769208,20260207,72.71365,12.0,[0.19943326],3.59643746017345,20.218239341413966,0.9999999999999998,0.6818181818181818,72.71365356445311,15,1,0.6848532784511638
best_model.pt,63769423,20260207,161.29033,10.57,[3.88940005],9.49526312147687,16.986397315128634,0.9999999999999986,0.04711246200607903,161.29032897949196,62,14,0.6070385814151267
best_model.pt,63769539,20260207,9.615385,5.2,[0.58430765],1.2807299190833212,7.5077324301846105,0.9999998807907104,1.0,9.615385055541992,1,1,0.4437947510705009
best_model.pt,63774452,20260207,7.52313,2.17,[0.51419074],0.05528178747268009,136.08449001872012,0.9999998732343848,1.0,7.523129940032959,8,1,61.71174434755471
best_model.pt,63774454,20260207,44.39334,2.28,[15.6762113],5.303230064305625,8.370998835643933,1.0,0.2009132420091324,44.393341064453125,44,1,2.671490763458827
best_model.pt,63775060,20260207,2944.599,40.0,[46.15729337],15.830659309375944,186.00608335647064,1.000000000000001,0.09709677151204459,2944.599121093753,908,22,3.650152083911766
best_model.pt,63775265,20260207,1000.0,35.0,[0.25472957],0.0,0.0,0.0,0.0,0.0,0,55,-1.0
best_model.pt,63775313,20260207,10.31746,35.0,[0.0838144],0.0701334344,33.467582936692224,0.22750073849194752,6.327512022272843e-05,2.34723,2,72,-0.04378334466593645
best_model.pt,63775347,20260207,1000.0,3.0,[0.18938951],34.754544756099996,27.78295190437136,0.9655838731999998,0.05423780676385877,965.5838731999999,928,72,8.260983968123787
best_model.pt,63777240,20260207,1000.0,31.86,[1.0178925],0.9129258956999999,48.729027712443155,0.044486040000000004,6.431243988079306e-06,44.48604,2,72,0.5294735335507406
best_model.pt,63778195,20260207,172.21994,11.9,[1.63199989],2.6492703743999986,44.90273104881213,0.690741849473615,0.0002851386669927319,118.95952000000001,72,72,2.7733388645568633
best_model.pt,63778231,20260207,86.95652,11.9,[1.2184026],1.2853917853024404,67.64976517283503,1.0000000000000002,0.1911096256684492,86.95652008056643,53,4,4.6848543984399065
best_model.pt,63778991,20260207,1000.0,35.43,[0.54204758],0.0,0.0,0.0,0.0,0.0,0,72,-1.0
best_model.pt,63781958,20260207,23.10231,9.0,[0.81840731],1.6011400547862238,14.428653935020463,0.9999999174390587,0.6,23.102310180664062,3,1,0.6031837705578292
best_model.pt,63782676,20260207,1000.0,7.35,[1.20337855],63.68923476379998,13.752675463847329,0.8758973899999998,0.005864262215956001,875.8973899999997,130,69,0.8711123322844225
best_model.pt,63783298,20260207,1000.0,300.0,[0.14159838],0.0008187285,142.26661632479534,0.00011661999999999999,7.335680751173709e-06,0.11661999999999999,1,30,-0.5257779455840156
best_model.pt,63786660,20260207,72.20216,3.82,[1.05783151],13.245636696297515,5.451014541675966,1.0000000000000004,0.9696969696969697,72.20216369628909,32,1,0.4269671824440583
best_model.pt,63786819,20260207,72.20216,3.82,[1.02745693],14.197007356714925,5.085730872457984,1.0000000000000002,1.0,72.20216369628908,23,1,0.33134318359547904
best_model.pt,63786866,20260207,72.20216,3.82,[2.75334866],13.853060848652209,5.212000385554748,1.0000000000000002,0.8571428571428571,72.20216369628908,24,1,0.3643980305335453
best_model.pt,63788574,20260207,1000.0,7.7,[1.75649153],8.9152085405,11.101899461854831,0.09897576,0.0004203854611305135,98.97576,26,72,0.44180516063082353
best_model.pt,63789710,20260207,2299.1038,7.8,[86.36392457],61.10450811589186,37.625762697890316,0.999999999999999,0.030557897622594272,2299.1037597656227,1445,21,3.8238156125410905
best_model.pt,63789859,20260207,1000.0,86.31,[4.59451217],2.5814831379,137.41979460256593,0.35474701999999997,0.04376534600549235,354.74701999999996,1478,69,0.5921654326229703
best_model.pt,63791228,20260207,6.381039,4.4,[2.6715755],0.3167376611184528,20.146069696942632,0.9999998505456318,0.1058139534883721,6.381039142608643,10,2,3.5786521046109865
best_model.pt,63792158,20260207,846.33,34.0,[17.75001772],8.682571753696722,97.47456670944767,1.0000000000000002,0.017210144927536232,846.3300170898439,19,16,1.866899020866108
best_model.pt,63792540,20260207,0.8063703,33.0,[0.00187405],0.0,0.0,0.0,0.0,0.0,0,67,-1.0
best_model.pt,63792692,20260207,1000.0,113.9,[0.14884208],0.0,0.0,0.0,0.0,0.0,0,61,-1.0
best_model.pt,63793115,20260207,13.157895,19.23,[0.87290486],1.4116677258,7.463634921875238,0.8007496005799499,0.06779661016949153,10.53618,8,1,-0.6118754498416766
best_model.pt,63793364,20260207,56.666668,32.0,[0.63813364],0.5322136324,55.53949140162724,0.5216281647655675,5.186291594058585e-06,29.55893,1,72,0.7356091063008512
best_model.pt,63793392,20260207,5.12241,52.0,[0.23949079],0.23413821467445634,21.877624505056804,0.9999998138231474,0.0010888163011354799,5.1224098205566415,7,1,-0.5792764518258307
best_model.pt,63793948,20260207,1000.0,15.05,[1.00192647],16.7904238398,19.813469472876225,0.33267656999999995,0.003919121100913875,332.67656999999997,150,72,0.31650958284199
best_model.pt,63795480,20260207,1038.258,1.7,[945.85151025],257.1386233644701,4.037736684664652,0.9999999999999998,0.7408312958435208,1038.2580566406248,303,1,1.3751391596524654
best_model.pt,63795874,20260207,40.54054,17.0,[0.48567657],1.2313314271,24.083886160493044,0.7314966916249688,0.000292654375182909,29.655269999999998,4,67,0.4166991859113556
best_model.pt,63796033,20260207,72.20216,3.82,[0.01603254],13.663627957088025,5.284259688480059,1.0000000000000002,1.0,72.20216369628908,19,1,0.38331407875032375
best_model.pt,63797111,20260207,322.05246,3.93,[137.49512947],27.720353992903824,11.61790531900618,1.0,0.1145737855178735,322.0524597167969,125,1,1.9562099546203242
best_model.pt,63798182,20260207,1000.0,15.4,[2.7928969],21.960307504567506,45.53670089798656,1.000000000000001,0.12008771790850088,1000.0000000000011,370,21,1.9569287029847628
best_model.pt,63798620,20260207,1000.0,15.0,[1.36293263],0.7746686766,15.323240806454457,0.011870449999999998,5.0505050505050505e-05,11.870449999999998,1,72,0.02154938709696381
best_model.pt,63800765,20260207,199.22997,2.25,[100.40840067],28.73668579021587,6.932948348025766,1.0000000000000002,0.6413373860182371,199.22996520996097,211,1,2.0813103769003405
best_model.pt,63801044,20260207,750.0,12.0,[10.22042456],13.53881543808847,55.39627510496714,1.0000000000000002,0.0575286343115176,750.0000000000001,262,14,3.6163562587472615
best_model.pt,63801794,20260207,10.37795,4.66,[0.35778279],0.8122058113773263,12.777471906523285,0.9999999081057188,0.8545454545454545,10.377949714660645,18,2,1.7419468508393072
best_model.pt,63804346,20260207,1000.0,68.63,[2.35934068],6.946335968647037,143.96076730996444,0.9999999999999998,0.021254476321808356,999.9999999999998,145,28,1.0976362096939292
best_model.pt,63805495,20260207,896.163,18.02,[2.52704133],11.167783207186993,80.24537439804944,1.0000000000000002,0.02947368421052632,896.1630249023439,112,19,3.4531283218406807
best_model.pt,63807604,20260207,1000.0,22.0,[0.16320021],0.0,0.0,0.0,0.0,0.0,0,72,-1.0
best_model.pt,63808209,20260207,1000.0,189.69,[0.11222385],0.1157549316,79.30893797929575,0.009180480000000001,0.00211864406779661,9.180480000000001,1,59,-0.5819023830536686
best_model.pt,63809133,20260207,1000.0,57.6,[0.07028538],0.0793407756,328.7911040901888,0.02608687,0.002824858757062147,26.08687,1,59,4.708179041669771
best_model.pt,63811082,20260207,1000.0,27.67,[0.02004687],3.475462152199999,33.965680207334536,0.11804647,0.0028122130394857667,118.04647,49,72,0.2275272899776522
best_model.pt,63815076,20260207,72.20216,3.82,[5.7805575],13.307059110548701,5.425853877300317,0.9999999999999998,0.07692307692307693,72.20216369628905,21,13,0.4203806209740715
best_model.pt,63817404,20260207,2.7526882,1.93,[0.11866232],0.5013866961152609,5.49013904969573,0.9999996535481219,0.75,2.75268816947937,6,1,1.8446317092759592
best_model.pt,63818001,20260207,280.73956,5.0,[35.34906735],19.094473275499965,14.702659991456116,1.0000000000000004,0.05398319076323021,280.73956298828136,107,16,1.9405319982912232
best_model.pt,63818646,20260207,1000.0,7.5,[3.07912534],57.21990320451714,17.476436109116296,0.9999999999999987,0.07930087802880635,999.9999999999986,2561,16,1.3301914812155062
best_model.pt,63819872,20260207,126.29789,6.79,[24.18579015],16.363589138737662,7.718226174003625,0.9999999999999999,0.002325792195331171,126.29788970947264,5,17,0.1367048921009537
best_model.pt,63820079,20260207,68.49315,2.7,[26.97452155],12.526403069164328,5.467901915468091,0.9999999999999996,0.07204852119394849,68.49314880371091,48,15,1.0251488218153593
best_model.pt,63820271,20260207,68.49315,2.7,[3.14900658],6.039212899111528,11.341401372418263,1.0,0.2112676056338028,68.49314880371094,135,1,3.200518952637745
best_model.pt,63820716,20260207,371.34915,7.1,[35.57215925],23.405103328425916,15.866160919450286,0.9999999999999997,0.05321637426900585,371.349151611328,91,18,1.2346705820514197
best_model.pt,63821686,20260207,1000.0,24.0,[0.09226332],0.140593121,36.74207686109436,0.00516572,3.3445375340724764e-05,5.16572,4,62,0.5309198692122651
best_model.pt,63821754,20260207,1000.0,80.0,[0.05091256],0.0,0.0,0.0,0.0,0.0,0,72,-1.0
best_model.pt,63821933,20260207,1000.0,86.31,[0.00053179],0.0,0.0,0.0,0.0,0.0,0,45,-1.0
best_model.pt,63822517,20260207,1000.0,25.0,[0.32362781],0.0,0.0,0.0,0.0,0.0,0,72,-1.0
best_model.pt,63822518,20260207,1000.0,25.0,[0.12756325],0.0,0.0,0.0,0.0,0.0,0,72,-1.0
best_model.pt,63822723,20260207,1000.0,7.57,[1.38447979],32.8452343514,11.977162464851444,0.3933927199999998,0.005730397951142632,393.3927199999998,58,72,0.5821878722920601
best_model.pt,63823693,20260207,16.79295,1.89,[5.18916694],0.40921093853650414,41.03729166986568,0.9999998864196906,0.15306122448979592,16.79294967651367,15,1,20.71285289971986
best_model.pt,63824197,20260207,1000.0,10.01,[3.47003974],58.647226874832825,17.051104310236795,1.0000000000000013,0.04041988416988417,1000.0000000000014,335,16,0.703406985050737
best_model.pt,63824247,20260207,1.12175,18.58,[0.13433225],0.0,0.0,0.0,0.0,0.0,0,66,-1.0
best_model.pt,63825190,20260207,83.333336,16.0,[0.42548143],3.4478727083252667,24.169486160484183,0.9999999999999997,0.25510204081632654,83.33333587646482,25,1,0.5105928850302615
best_model.pt,63825455,20260207,137.20323,35.0,[1.60123457],2.556371376943808,53.671066488189986,0.9999999999999998,0.01868386243386243,137.2032318115234,44,36,0.5334590425197139
best_model.pt,63826134,20260207,1000.0,7.35,[43.93083679],68.5470008449347,14.588530104674387,1.0000000000000007,0.05879651873690975,1000.0000000000006,191,16,0.9848340536003963
best_model.pt,63827381,20260207,15.45503,10.0,[0.805704],1.0056566706181054,15.36808289025935,0.999999938293602,0.34375,15.455030441284178,11,1,0.536808289025935
best_model.pt,63827404,20260207,10.638298,10.0,[0.0206587],0.5666665943841999,18.77343638509743,0.9999999103546239,0.33898809523809526,10.63829803466797,13,8,0.877343638509743
best_model.pt,63833627,20260207,1000.0,45.0,[0.18080491],0.0,0.0,0.0,0.0,0.0,0,72,-1.0
best_model.pt,63834572,20260207,1000.0,13.88,[0.52001675],1.9075838724000003,24.868235582260745,0.04743827000000001,0.0011728395061728395,47.43827000000001,38,72,0.7916596093099117
best_model.pt,63835004,20260207,26.35564,6.0,[0.56415225],1.3265664157454922,19.867546947522346,0.9999999276303493,0.30303030303030304,26.355640411376957,20,1,2.3112578245870576
best_model.pt,63835415,20260207,1700.0532,30.2,[44.03172235],29.300760623631955,58.02078609742022,0.9999999999999993,0.04364954301922471,1700.0532226562489,554,19,0.9212180341605027
best_model.pt,63835646,20260207,8.16765,2.16,[3.41438216],2.6553788512242544,3.0758876998379914,0.999999883237629,0.14285714285714285,8.16765022277832,3,14,0.424022026672778
best_model.pt,63837148,20260207,750.0,800.0,[0.6018966],0.0,0.0,0.0,0.0,0.0,0,60,-1.0
best_model.pt,63837272,20260207,98.75586,1.18,[70.72898557],31.785260529628548,3.106970168640739,1.0000000000000002,0.5294117647058824,98.75585937500001,54,1,1.6330256836851123
best_model.pt,63837886,20260207,132.86555,2.15,[61.8911344],29.09495156627724,4.566618711850708,1.0000000000000009,0.3511450381679389,132.86555480957043,46,1,1.124008608971843
best_model.pt,63839772,20260207,21.73913,32.0,[0.00565656],0.1677155512711447,129.61827473423475,0.9999999122619689,0.15625,21.7391300201416,8,8,3.050571085444836
best_model.pt,63840064,20260207,1000.0,40.0,[0.11937473],0.0,0.0,0.0,0.0,0.0,0,64,-1.0
best_model.pt,63840552,20260207,1000.0,62.32,[0.59462255],0.7019886959,65.86418614125415,0.046235979999999996,1.343412377168504e-05,46.23598,6,65,0.056870771241744465
best_model.pt,63840776,20260207,1000.0,120.0,[2.85823943],0.6136254979,123.56482102628573,0.07582264839,0.0019311670348996378,75.82264839,35,72,0.029706841885714395
best_model.pt,63840924,20260207,8.088235,1.74,[2.04844641],1.6231732683475306,4.982973830445474,0.9999998820911836,0.8235294117647058,8.088234901428223,14,1,1.8637780477783665
best_model.pt,63843847,20260207,1000.0,300.0,[0.70275506],0.0,0.0,0.0,0.0,0.0,0,72,-1.0
best_model.pt,63847388,20260207,66.1157,566.0,[0.10638381],0.0,0.0,0.0,0.0,0.0,0,68,-1.0
best_model.pt,63848165,20260207,36.14132,1.05,[29.12192451],9.204182064396626,3.926618910341237,1.0,0.6153846153846154,36.141319274902344,16,1,2.7396372272962246
best_model.pt,63848591,20260207,354.54544,2.7,[15.07816119],46.51202747637211,7.622661326283274,0.9999999999999997,0.07173582196697774,354.545440673828,484,14,1.8232078487637902
best_model.pt,63848648,20260207,1000.0,19.0,[0.11482031],1.2445300525,28.69169871516726,0.035707710000000004,0.002696456086286595,35.707710000000006,14,44,0.5100894060614347
best_model.pt,63851682,20260207,1000.0,26.66,[0.05790964],0.0,0.0,0.0,0.0,0.0,0,72,-1.0
best_model.pt,63856317,20260207,208.33333,20.0,[0.9890388],1.3406875716000002,21.38727860250226,0.13763366736019697,0.00048366050254440156,28.67368,13,68,0.069363930125113
best_model.pt,63862766,20260207,4.5454545,2.97,[0.00097594],0.34773468719009826,13.071578988154954,0.9999997901916922,1.0,4.545454502105712,3,1,3.4012050041196864
best_model.pt,63864374,20260207,2.05838,6.0,[0.00826127],0.09836385843721993,20.92596808694926,0.9999995366871393,1.0,2.058379888534546,2,2,2.487661347824877
best_model.pt,63864918,20260207,11.45841,5.19,[0.2422438],0.4536463917024636,25.258406578862953,0.9999999167708074,0.6666666666666666,11.458410263061525,26,1,3.8667449519047348
best_model.pt,63865915,20260207,49.26318,8.5,[8.13145602],1.7059176884620448,28.877800631556184,1.0,0.04395604395604396,49.263179779052734,16,14,2.397388309594845
best_model.pt,63866050,20260207,15.1697,17.6,[0.36975309],0.4682325898687669,32.39771771422023,0.9999999371329509,0.29411764705882354,15.16969966888428,10,1,0.8407793756828763
best_model.pt,63866696,20260207,4.347826,2.54,[0.84073868],0.6495048554064848,6.694052051782182,0.9999997806549513,0.9,4.347826004028321,8,5,1.6354536032743145
best_model.pt,63867023,20260207,34.770515,1100.0,[0.05384564],0.0,0.0,0.0,0.0,0.0,0,72,-1.0
best_model.pt,63867737,20260207,1000.0,86.31,[0.05608199],0.0,0.0,0.0,0.0,0.0,0,67,-1.0
best_model.pt,63869005,20260207,1000.0,220.68,[0.16851916],0.0,0.0,0.0,0.0,0.0,0,72,-1.0
best_model.pt,63869176,20260207,9.99578,13.5,[0.54049162],0.3890935178811864,25.689850490780255,0.9999999045923154,0.2857142857142857,9.995779991149902,2,1,0.9029518882059449
best_model.pt,63871771,20260207,1000.0,34.86,[0.01564173],0.0,0.0,0.0,0.0,0.0,0,72,-1.0
best_model.pt,63872859,20260207,1000.0,1.02,[1.87255237],545.4001764765544,1.8335160883642858,0.9999999999999993,0.8819188191881919,999.9999999999993,717,1,0.7975648261275627
best_model.pt,63873690,20260207,5339.067,1.0,[2656.23472774],501.4359936836,1.381640940866544,0.12976134466279732,0.015808613602721233,692.8044994790005,253,66,0.381640940866544
best_model.pt,63874819,20260207,1000.0,33.66,[0.94488005],0.0,0.0,0.0,0.0,0.0,0,72,-1.0
best_model.pt,63874908,20260207,1000.0,53.49,[9.16800001e-05],0.0,0.0,0.0,0.0,0.0,0,59,-1.0
best_model.pt,63875138,20260207,1238.5333,53.47,[10.59281533],13.217278135621541,93.70561917372042,1.0000000000000002,0.03021705206412257,1238.5333251953127,426,14,0.7524895648859348
best_model.pt,63875140,20260207,1133.6011,53.47,[34.68160293],13.244915060905374,85.58763747584382,1.0000000000000004,0.02091508556171366,1133.6010742187505,517,19,0.6006664582364929
best_model.pt,63877699,20260207,29.96146,9.0,[0.33203642],1.648686955325639,18.172911384924618,0.9999999363399346,0.4444444444444444,29.96146011352539,4,1,1.0192123761027352
best_model.pt,63882142,20260207,1000.0,24.0,[0.16852351],0.1811437401,28.715931785424218,0.005201739999999999,4.551607629371242e-06,5.201739999999999,2,51,0.19649715772600906
best_model.pt,63882670,20260207,241.69817,26.88,[8.43129435],6.11192574278159,39.545330967686915,0.9999999999999999,0.04694451889573841,241.69816589355466,32,14,0.47118051348031015
best_model.pt,63882681,20260207,117.4279,26.88,[1.87902161],1.9918255745014302,58.95488278193739,1.0000000000000002,0.026041666666666668,117.4279022216797,5,32,1.1932620767334887
best_model.pt,63883442,20260207,21.30237,69.3,[0.24017908],0.0,0.0,0.0,0.0,0.0,0,72,-1.0
best_model.pt,63883962,20260207,83.333336,54.0,[0.23354845],0.5766052828322287,144.52380828585558,1.0,0.5714285714285714,83.33333587646484,4,1,1.6763668201084367
best_model.pt,63885852,20260207,1000.0,16.0,[0.06382227],16.4287686118,19.879521845958664,0.32659608439999993,0.02589168370278215,326.59608439999994,152,72,0.24247011537241647
best_model.pt,63886292,20260207,1000.0,18.66,[0.5595577],0.6341747140999999,24.753108091308416,0.01569782,0.0009374267635340989,15.697820000000002,12,51,0.3265331347117529
best_model.pt,63886464,20260207,1.45776,5.0,[0.04546823],0.17481444363917695,8.338851225272029,0.9999993457951186,1.0,1.457759976387024,2,1,0.6677702450544057
best_model.pt,63886585,20260207,1.2520868,5.0,[0.09330901],0.11541624933816896,10.848350361781808,0.9999992383326607,0.6,1.2520867586135864,3,1,1.1696700723563616
best_model.pt,63886628,20260207,2.4251,5.0,[0.77210164],0.09097338957570632,26.656953670476756,0.9999996067486262,0.7083333333333333,2.425100088119507,5,2,4.3313907340953515
best_model.pt,63886978,20260207,1000.0,49.88,[0.07356682],0.0,0.0,0.0,0.0,0.0,0,72,-1.0
best_model.pt,63887215,20260207,1000.0,23.0,[1.15979022],0.0,0.0,0.0,0.0,0.0,0,58,-1.0
best_model.pt,63887366,20260207,19.94432,5.05,[2.06872116],1.3512572307739366,14.759814389650584,0.9999999043663366,0.23529411764705882,19.944320678710938,4,1,1.9227354123134743
best_model.pt,63887879,20260207,62.70501,4.92,[6.102117],3.470707213845756,18.066920523684196,0.9999999999999999,0.07882882882882883,62.70500946044921,35,12,2.6721382608785125
best_model.pt,63888748,20260207,501.68524,23.75,[10.79384595],1.3185881671095212,380.4712295634603,0.9999999999999997,0.023680241327300153,501.6852416992186,471,15,15.019841244777277
best_model.pt,63889490,20260207,1000.0,43.64,[39.76532415],2.5091239167271673,398.5453228468081,0.9999999999999996,0.013094942312127789,999.9999999999995,511,20,8.132569395529012
best_model.pt,63890282,20260207,42.79496,8.01,[0.0635166],0.8177294298047966,52.33382354645698,1.0,0.5945945945945946,42.794960021972656,22,1,5.533560805373732
best_model.pt,63890317,20260207,2.10644,8.01,[0.01790272],0.023248198060560676,90.60269785668731,0.9999995231628418,1.0,2.1064400672912598,1,1,10.311197911081095
best_model.pt,63891398,20260207,62.13514,6.0,[30.61322416],5.210567117079968,11.924830089382445,1.0000000000000002,0.0625,62.13513946533204,7,16,0.9874716815637408
best_model.pt,63892216,20260207,41.666668,12.54,[0.93314638],0.1329783317,60.44668669364353,0.19291583411267596,0.01632300798967466,8.03816,13,72,3.820309958335228
best_model.pt,63893095,20260207,68.181816,3.3,[2.79443213],6.167119600633336,11.055696899144836,1.0,0.12122584541062803,68.18181610107422,169,23,2.35021122996829
best_model.pt,63893625,20260207,4.9261084,8.0,[0.54881839],0.04509860027306998,109.22731754746884,0.9999998211860657,1.0,4.926108360290527,1,1,12.653414693433605
best_model.pt,63893649,20260207,36.47676,4.76,[2.20193781],5.546977270542213,6.575969669463342,1.0000000000000002,0.12380952380952381,36.47676086425782,13,1,0.3815061666516123
best_model.pt,63893761,20260207,1000.0,8.0,[0.38915863],29.3075286342,14.708699123789755,0.4310756354509998,0.029452819148632063,431.0756354509998,370,72,0.8385873904737193
best_model.pt,63894784,20260207,164.6519,1.76,[82.57485252],65.75665373527849,2.5039579934223957,1.0,0.13085006099504132,164.6519012451172,83,17,0.42270341306270043
best_model.pt,63895029,20260207,47.59944,35.0,[0.29176351],0.0,0.0,0.0,0.0,0.0,0,72,-1.0
best_model.pt,63895426,20260207,2.45433,6.5,[1.25081534],0.2217168771545945,11.0696079134272,0.9999996114320574,0.6666666666666666,2.4543299674987793,2,1,0.7030166020657231
best_model.pt,63898532,20260207,267.88898,15.0,[9.24986377],7.713095714802277,34.73170205900218,0.9999999999999998,0.10783882783882784,267.8889770507812,38,15,1.3154468039334788
best_model.pt,63898540,20260207,3.4482758,30.55,[0.02150279],0.11858982943772191,29.077086490321907,0.9999997019767761,0.16666666666666666,3.4482758045196533,1,1,-0.04821318440335124
best_model.pt,63898679,20260207,123.2009,35.0,[0.04957214],2.3722746792462726,51.93363414489032,1.0000000000000018,0.27275985663082436,123.2008972167971,761,1,0.4838181184254377
best_model.pt,63900408,20260207,1000.0,29.65,[0.03737437],1.9338151876,54.64833249283945,0.10567983,0.006465220642503235,105.67983,36,71,0.8431141044159084
best_model.pt,63900451,20260207,1000.0,26.66,[1.91684521],17.307836962865633,57.77729154534047,0.9999999999999993,0.04882568718591122,999.9999999999993,501,63,1.1671902429117575
best_model.pt,63901210,20260207,1000.0,32.0,[0.00212758],0.0,0.0,0.0,0.0,0.0,0,33,-1.0
best_model.pt,63902267,20260207,3714.1746,37.05,[66.3876934],110.99156411723442,33.463574971879986,0.9999999999999996,0.057772021324456246,3714.174560546873,188,22,-0.09679957730182935
best_model.pt,63904068,20260207,1000.0,31.0,[10.71926197],16.41526028765895,60.91892066023972,1.0000000000000002,0.038653990492869654,1000.0000000000001,309,14,0.9651264729109588
best_model.pt,63904287,20260207,89.5,18.0,[0.85406679],0.06998181839999999,23.335013326642475,0.0182463687150838,2.712673611111111e-05,1.6330500000000001,1,72,0.2963896292579153
best_model.pt,63904455,20260207,1000.0,31.0,[0.094925],0.0,0.0,0.0,0.0,0.0,0,67,-1.0
best_model.pt,63904753,20260207,1000.0,31.0,[0.01405486],0.0,0.0,0.0,0.0,0.0,0,72,-1.0
best_model.pt,63904780,20260207,14.44116,14.49,[0.82159164],0.5276050677,20.156288282201647,0.7364075426720083,0.0006858710562414266,10.63458,4,72,0.39104821260091893
best_model.pt,63904784,20260207,1000.0,31.0,[4.66613462],24.280970694399567,41.184513230607315,1.0000000000000007,0.056435918821239925,1000.0000000000007,203,11,0.3285326848583005
best_model.pt,63905155,20260207,1000.0,30.0,[14.31115567],17.94379675739745,55.729562577562156,1.0000000000000009,0.041970802919708027,1000.0000000000008,345,15,0.8576520859187385
best_model.pt,63906670,20260207,1000.0,23.0,[17.94818202],19.533732469348237,51.193490561810464,1.0000000000000002,0.04807692307692308,1000.0000000000002,250,16,1.2258039374700203
best_model.pt,63908540,20260207,2454.465,27.5,[1.12145555],45.53434822100776,53.90359431684229,1.0000000000000004,0.015109795049241415,2454.465087890626,819,68,0.9601307024306286
best_model.pt,63909258,20260207,1000.0,8.49,[0.07855487],44.938688023900006,18.75309072660756,0.8427393124000001,0.028094805187516964,842.7393124000001,128,72,1.2088446681003513
best_model.pt,63910609,20260207,1000.0,70.33,[0.00314366],0.05481052759999998,237.83008010891504,0.013035830000000002,6.314379214161779e-05,13.035830000000002,46,72,2.3816305121138153
best_model.pt,63910919,20260207,1000.0,24.92,[0.06174905],0.07210628730000002,214.23202256563042,0.01544769,0.015873015873015872,15.44769,8,56,7.59679060633015
best_model.pt,63918879,20260207,1000.0,12.0,[0.41902235],44.510419235829026,22.46664926328962,0.9999999999999997,0.39190353143841516,999.9999999999997,455,1,0.8722207719408018
best_model.pt,63920345,20260207,23.28086,2.28,[12.20284942],4.550431246827877,5.116186691299068,0.999999918072253,0.6176470588235294,23.2808609008789,21,1,1.2439415594292766
best_model.pt,63920538,20260207,10.416667,10.85,[0.00861161],0.21949203250000002,29.22798927569603,0.6158725648202436,0.01128045503001137,6.4153400000000005,26,72,1.6938238016667095
best_model.pt,63920617,20260207,1000.0,15.88,[0.19382245],0.9202179414999998,26.616209355651485,0.024492740000000002,0.0005,24.49274,18,72,0.6760837004936352
best_model.pt,63920896,20260207,1000.0,50.18,[0.09710027],0.023900346,48.91858391573428,0.00116922,0.017857142857142856,1.16922,1,28,-0.0251378314422089
best_model.pt,63921353,20260207,1000.0,1.02,[1.68599384],422.93819133128,2.3644116755876206,1.000000000000001,0.6830962398984838,1000.000000000001,348,3,1.3180507056871853
best_model.pt,63921753,20260207,1000.0,30.0,[2.42906855],18.60195752317298,53.7577803301879,0.9999999999999997,0.045818815331010454,999.9999999999997,263,20,0.7919260110062633
best_model.pt,63924789,20260207,7.31947,2.53,[4.27436582],1.5557712099682508,4.70471826263745,0.9999998697072053,0.19090909090909092,7.319469928741455,6,11,0.8595724568538518
best_model.pt,63924884,20260207,6.451613,2.04,[0.06248721],0.5035256425045584,12.812853193389724,0.9999998521805039,0.6428571428571429,6.451612949371338,15,6,5.280810506364525
best_model.pt,63925060,20260207,1000.0,27.0,[11.43069771],18.777660204794202,53.25476847695418,0.9999999999999999,0.05233706385780119,999.9999999999999,159,14,0.9723988324797845
best_model.pt,63927660,20260207,1000.0,34.85,[0.03644495],0.0,0.0,0.0,0.0,0.0,0,71,-1.0
best_model.pt,63929252,20260207,5.68214,4.3,[4.092076],0.23682872838557048,23.99251104259105,0.999999832162851,0.09090909090909091,5.682139873504639,5,11,4.5796534833387454
best_model.pt,63929254,20260207,1000.0,13.88,[0.03393342],4.616974449199999,27.694757186147882,0.12786601400000003,0.011189390300142646,127.86601400000002,79,72,0.9952994926371741
best_model.pt,63929630,20260207,1000.0,74.77,[0.00039294],0.0,0.0,0.0,0.0,0.0,0,72,-1.0
best_model.pt,63930210,20260207,1000.0,74.77,[0.00016069],0.00028249,46.06864439662775,1.306e-05,0.00022583559168925024,0.01306,1,54,-0.38386189026397666
best_model.pt,63930260,20260207,1000.0,50.18,[0.40955223],0.035316664500000004,97.57864934698608,0.0034462499999999992,7.942628675745315e-05,3.446249999999999,22,72,0.9445725140205191
best_model.pt,63930481,20260207,154.00256,5.0,[2.6122427],12.880330485151411,11.956413051488491,0.9999999999999998,0.0751437417072092,154.00256347656247,39,15,1.3912826102976983
best_model.pt,63931270,20260207,17.857143,1.05,[9.99743162],5.626287406788916,3.173876294814967,0.9999998931884913,0.1864406779661017,17.85714340209961,11,1,2.0227394656670636
best_model.pt,63932875,20260207,77.90089,1.0,[57.15022747],33.57824519602598,2.319980801881908,0.9999999999999994,0.4444444444444444,77.90088653564449,40,1,1.3199808018819081
best_model.pt,63934713,20260207,29.411764,60.0,[0.32206601],0.0,0.0,0.0,0.0,0.0,0,72,-1.0
best_model.pt,63935338,20260207,45.15721,1.18,[43.84751496],17.571515778126702,2.5699096938474515,1.0000000000000002,0.4647887323943662,45.15721130371095,33,1,1.177889667866365
best_model.pt,63937480,20260207,27.78555,6.0,[15.92798454],2.713093236732458,10.241276837210842,0.9999999313546586,0.025806451612903226,27.785549163818352,12,15,0.7068794728684736
best_model.pt,63937984,20260207,500.0,1.36,[79.24994012],111.0350692414768,4.503081764280514,1.0000000000000004,0.1357321563819921,500.0000000000002,593,16,2.311089497731617
best_model.pt,63939449,20260207,1000.0,16.0,[0.49055694],0.34742155210000003,28.96049763949679,0.01006153,0.000744047619047619,10.061530000000001,1,64,0.8100311024685494
best_model.pt,63939968,20260207,1000.0,30.87,[0.3124398],0.0023571138,23.97679026347244,5.654e-05,1.671346436689397e-05,0.05654,1,72,-0.2232980365520501
best_model.pt,63939971,20260207,1000.0,30.87,[0.69906342],0.0,0.0,0.0,0.0,0.0,0,72,-1.0
best_model.pt,63940373,20260207,12.25487,2.1,[9.11345298],2.9343856565403454,4.17629707639907,0.9999999221799816,0.05263157894736842,12.254870414733887,8,1,0.9887129838369141
best_model.pt,63942050,20260207,5.75402,2.0,[6.88059561],1.6228039096693858,3.545725169917731,0.999999834259505,0.8888888888888888,5.7540202140808105,8,1,0.7728625849588655
best_model.pt,63942675,20260207,7.03731,2.08,[2.40745589],1.0410411087297005,6.759870772211765,0.9999998644831377,1.0,7.0373101234436035,11,3,2.2499379904626715
best_model.pt,63942969,20260207,2.16213,4.82,[0.04112297],0.09449282980055454,22.881177765573995,0.999999558919286,1.0,2.162130117416382,5,1,3.747132147442895
best_model.pt,63942976,20260207,0.7507508,4.82,[0.09498939],0.007579803232547097,99.03314425605318,0.9999986290931702,1.0,0.7507507801055908,1,1,19.546294757063887
best_model.pt,63944090,20260207,62.5,12.3,[0.47197054],3.591003162040362,17.404602495500388,0.9999999999999996,0.29950442634028246,62.49999999999997,252,6,0.4150083110251196
best_model.pt,63944100,20260207,62.5,12.3,[0.98151586],0.09717171399999999,22.531530816356536,0.0350312,0.007898276586801176,2.18945,12,61,0.8318317452814926
best_model.pt,63944555,20260207,62.5,12.3,[5.62118973],1.8262429458299487,34.2232482920547,1.0000000000000004,0.091875,62.50000000000002,147,10,1.7823778667770924
best_model.pt,63945621,20260207,1000.0,58.11,[0.20964838],0.2455461994,108.67967570067101,0.02668599,0.00016801997605625694,26.68599,131,72,0.8702404845838377
best_model.pt,63947774,20260207,1000.0,23.0,[2.05422418],22.160278636386643,45.12578434967154,1.0000000000000013,0.03620071684587813,1000.0000000000014,404,24,0.9619906238987627
best_model.pt,63948300,20260207,1000.0,10.01,[3.06237414],50.62863352208538,19.75166838765479,1.0000000000000018,0.03504531722054381,1000.0000000000017,464,20,0.9731936000026589
best_model.pt,63949306,20260207,37.5,7.5,[0.04496522],2.1395779218268216,17.52681315816182,1.0000000000000004,0.673469387755102,37.500000000000014,99,1,1.3369084210882425
best_model.pt,63950119,20260207,1127.645,1.49,[1214.67691517],422.87537326903,2.666613116170368,0.9999999999999988,0.0658171438150916,1127.6450195312486,645,15,0.7896732208743047
best_model.pt,63950135,20260207,53.81452,18.5,[3.58565441],5.614524206701944,9.584874910760663,1.0,0.012244897959183673,53.81452178955078,6,14,-0.48189865347239663
best_model.pt,63950199,20260207,1000.0,1.86,[1.08340723],78.2181334088,2.446716336901905,0.19137758729999998,0.3231216931216931,191.3775873,65,45,0.31543888069053805
best_model.pt,63950835,20260207,527.8392,20.0,[24.54137215],2.2334727135694914,236.3310430547671,1.0000000000000016,0.016439508676820713,527.839172363282,260,19,10.816552152738355
best_model.pt,63950950,20260207,1000.0,28.0,[7.0489881],26.953795390940428,37.100525116978105,0.9999999999999991,0.040442192435349245,999.9999999999991,324,12,0.32501875417778947
best_model.pt,63951234,20260207,1000.0,24.0,[0.61324884],0.1993047513,25.52364879999326,0.00508701,3.7947783849423196e-05,5.08701,1,72,0.06348536666638586
best_model.pt,63952722,20260207,1000.0,6.0,[1.3205694],2.3661248062999998,44.21525831865909,0.10461886374000001,0.1690571571495008,104.61886374000001,135,72,6.3692097197765145
best_model.pt,63953184,20260207,10.204082,8.1,[0.37245729],0.2864324966816041,35.62460973858126,0.9999999065399249,0.7692307692307693,10.204081535339355,10,1,3.3980997605974506
best_model.pt,63953504,20260207,24.7436,9.2,[9.36765972],3.229886251335747,7.6608249514294915,0.9999999229154841,0.05707671957671957,24.743600845336907,40,14,-0.16730161845064093
best_model.pt,63953718,20260207,1000.0,22.5,[1.65804886],0.0,0.0,0.0,0.0,0.0,0,70,-1.0
best_model.pt,63954015,20260207,94.20293,24.75,[2.31202135],2.633914233966609,35.7653600316799,0.9999999999999999,0.001869569998900253,94.20292663574217,34,21,0.44506505178504635
best_model.pt,63955161,20260207,1.693767,48.0,[0.00795529],0.008994040146373127,188.30009916564018,0.999999463558197,0.005,1.6937669515609741,1,1,2.9229187326175037
best_model.pt,63955360,20260207,7.352941,28.8,[0.11548562],0.0,0.0,0.0,0.0,0.0,0,72,-1.0
best_model.pt,63956425,20260207,1000.0,50.67,[3.53574827],10.48313675011725,95.39128683001579,1.0000000000000009,0.023804573804573806,1000.0000000000009,458,13,0.8825989792215803
best_model.pt,63956511,20260207,1000.0,62.32,[0.03039301],0.0,0.0,0.0,0.0,0.0,0,58,-1.0
best_model.pt,63956533,20260207,1000.0,50.98,[0.68269604],0.038765175599999986,153.85010018888735,0.005964179999999998,8.175050409032773e-05,5.964179999999998,14,64,2.0178521296655636
best_model.pt,63956557,20260207,1000.0,56.65,[0.5328231],0.12792102689999998,185.7444771303886,0.023760810000000004,0.00013114404827713286,23.760810000000003,5,72,2.278807981064866
best_model.pt,63957528,20260207,1000.0,31.75,[0.28111931],0.0,0.0,0.0,0.0,0.0,0,72,-1.0
best_model.pt,63957691,20260207,1000.0,18.0,[0.4544255],0.0039968176,10.58827696391151,4.2329999999999996e-05,0.0007716049382716049,0.04233,1,72,-0.41176239089380506
best_model.pt,63957756,20260207,1000.0,9.68,[0.4771472],3.1386979398,22.76799762278366,0.07146189,0.006737784059533628,71.46189,233,72,1.3520657959700562
best_model.pt,63958669,20260207,1000.0,30.0,[0.19859089],0.0,0.0,0.0,0.0,0.0,0,48,-1.0
best_model.pt,63958692,20260207,1000.0,30.0,[1.69160415],15.804900177611662,63.27151234684999,1.0000000000000002,0.03076789091271026,1000.0000000000001,219,34,1.1090504115616662
best_model.pt,63959180,20260207,1000.0,32.0,[0.32588064],0.0,0.0,0.0,0.0,0.0,0,72,-1.0
best_model.pt,63959271,20260207,1000.0,27.5,[0.09772121],0.0,0.0,0.0,0.0,0.0,0,72,-1.0
best_model.pt,63959420,20260207,1000.0,50.04,[6.68180809],14.250488345100438,70.17302885418583,1.0000000000000007,0.051121007955540324,1000.0000000000007,177,13,0.402338680461759
best_model.pt,63959507,20260207,1000.0,23.0,[0.05184852],2.5705640816,33.79670120856277,0.08687661999999999,0.00047951774215645977,86.87661999999999,28,72,0.4694217916766423
best_model.pt,63959710,20260207,6.7463,9.0,[1.01165201],0.16958981756842825,39.7798673136736,0.9999998586374531,0.43333333333333335,6.746300220489502,13,1,3.419985257074844
best_model.pt,63962980,20260207,1000.0,35.11,[0.20670306],0.0,0.0,0.0,0.0,0.0,0,72,-1.0
best_model.pt,63965437,20260207,4.0444894,16.0,[0.18246118],0.1367460131698893,29.57643673483961,0.9999997642040809,1.0,4.04448938369751,5,1,0.8485272959274757
best_model.pt,63965582,20260207,1000.0,2.13,[0.65737985],81.98485703885628,12.197374294727158,1.0000000000000009,0.38931030237185654,1000.0000000000008,1371,13,4.7264664973638855
best_model.pt,63965642,20260207,37.3331,22.0,[0.94398969],1.4062483660465048,26.547993738970884,1.0000000000000002,0.5977011494252874,37.33309936523438,52,1,0.2067269881350402
best_model.pt,63966360,20260207,1000.0,5.63,[29.11323833],17.14540186777126,58.3246720833681,0.9999999999999978,0.16856072569162767,999.9999999999977,566,15,9.359621829094754
best_model.pt,63967286,20260207,1000.0,30.2,[4.54477295],18.12701590388957,55.16627503036228,0.9999999999999983,0.07340025094102885,999.9999999999983,585,10,0.8266978025398164
best_model.pt,63967297,20260207,4146.955,29.2,[1.11717495],0.0,0.0,0.0,0.0,0.0,0,72,-1.0
best_model.pt,63967300,20260207,1000.0,29.2,[12.94007754],18.900924685832873,52.90746160382753,1.0000000000000002,0.057276995305164315,1000.0000000000002,610,15,0.811899322652673
best_model.pt,63967610,20260207,1000.0,22.05,[0.00520829],0.22066996149999998,93.24974097237533,0.020577510000000007,0.004070020962065452,20.577510000000007,231,72,3.229013342351767
best_model.pt,63969691,20260207,9.090909,10.0,[0.41992057],0.05094755649380726,178.43310252207863,0.9999998807907104,0.16666666666666666,9.090909004211426,1,1,16.843310252207864
best_model.pt,63972226,20260207,1000.0,29.07,[0.07104294],1.3485225703,32.39947077104493,0.04369145000000001,0.003968253968253968,43.69145,24,72,0.11453288996124449
best_model.pt,63972231,20260207,1000.0,29.07,[0.3966302],0.0,0.0,0.0,0.0,0.0,0,72,-1.0
best_model.pt,63974967,20260207,16.666666,7.15,[0.09070365],0.43936480514468396,37.93346190287937,0.9999998855590908,0.3958333333333333,16.66666603088379,7,3,4.305379216352305
best_model.pt,63978528,20260207,393.5711,27.0,[10.1111397],11.015790985168824,35.727899227483434,1.0000000000000002,0.027419593893582336,393.57110595703136,185,13,0.32325552694383086
best_model.pt,63978909,20260207,256.41025,23.0,[3.31946612],5.948104526162115,43.10788480045302,1.0000000000000002,0.05512820512820513,256.41024780273443,86,15,0.8742558608892618
best_model.pt,63979077,20260207,1037.6578,23.0,[53.55952755],22.491073627767328,46.1364276312959,1.0000000000000002,0.04455821008722033,1037.6578369140627,235,18,1.0059316361433002
best_model.pt,63981277,20260207,178.838,23.0,[2.25313358],3.970354020698759,45.04332647941621,1.0000000000000004,0.024943310657596373,178.83799743652352,77,21,0.9584054991050526
best_model.pt,63982060,20260207,144.41286,32.0,[0.24142034],0.0,0.0,0.0,0.0,0.0,0,72,-1.0
best_model.pt,63982405,20260207,33.766235,29.2,[0.03732695],1.0077013397818515,33.50814423917309,0.9999999999999998,0.07731958762886598,33.76623535156249,15,1,0.1475391562900752
best_model.pt,63984594,20260207,1000.0,86.31,[0.00284172],0.0,0.0,0.0,0.0,0.0,0,59,-1.0
best_model.pt,63985166,20260207,50.0,46.0,[0.01928978],0.3181188757,38.5092882770795,0.24501139999999996,0.008457997805163799,12.250569999999998,8,65,-0.16284155919392393
best_model.pt,63985726,20260207,4994.146,1.0,[6089.8904525],513.9360981181998,1.3269351891997705,0.13655185400134598,0.015205952978326978,681.9598949200004,242,66,0.3269351891997705
best_model.pt,63985744,20260207,1000.0,86.31,[0.08571266],0.0002420272,101.22323756353198,2.46e-05,1.8323072412782175e-05,0.0246,1,72,0.17278693577547602
best_model.pt,63986072,20260207,1000.0,89.8,[0.00662579],0.0036788522000000003,239.77593447910758,0.00088234,4.06681107213485e-06,0.88234,3,72,1.670110538202415
best_model.pt,63986203,20260207,1000.0,82.32,[0.20167387],4.479914696200001,81.5415232723815,0.3652991499999995,0.007568574365314398,365.29914999999954,4098,72,-0.009456710706130723
best_model.pt,63986210,20260207,1000.0,82.32,[0.99775229],1.2729783946,312.689696069335,0.39804754000000003,0.0009852216748768472,398.04754,2,35,2.79846570977326
best_model.pt,63986783,20260207,1000.0,30.49,[0.02951536],0.008213175199999999,89.9116444460547,0.00073855,0.03617424242424243,0.73855,6,44,1.9488896399147908
best_model.pt,63987649,20260207,5.0761423,2.07,[1.53290255],0.4799954205327169,10.575375344388007,0.9999998121262016,1.0,5.076142311096191,11,1,4.108877142725774
best_model.pt,63987864,20260207,138.914,3.0,[5.55396446],20.56560661726139,6.754675283615186,0.9999999999999998,0.3736842105263158,138.91400146484372,44,19,1.2515584278717287
best_model.pt,63990159,20260207,1000.0,82.32,[1.11192732],1.2987220556,74.37082107961618,0.09658710000000001,0.0015477548845345987,96.5871,251,72,-0.09656436643193812
best_model.pt,63992188,20260207,221.95963,49.74,[0.78058679],0.0,0.0,0.0,0.0,0.0,0,54,-1.0
best_model.pt,63993604,20260207,23.71317,4.5,[6.43865063],3.6386583050059946,6.51700725739183,0.9999999195658547,0.0034489346526485505,23.71316909790038,46,9,0.44822383497596224
best_model.pt,63993656,20260207,1000.0,69.53,[0.09976698],0.0,0.0,0.0,0.0,0.0,0,72,-1.0
best_model.pt,63993812,20260207,82.35294,2.06,[7.23096445],21.45862329765526,3.8377550339705913,0.9999999999999997,0.09487179487179488,82.35294342041013,85,15,0.8629879323163183
best_model.pt,63994945,20260207,1000.0,24.0,[41.13260952],15.511321119575252,64.46903702283396,1.0000000000000002,0.037247474747474744,1000.0000000000001,177,18,1.686209875951415
best_model.pt,63995216,20260207,200.0,188.17,[1.01752644],1.5272486021,77.70727629381257,0.5933920340000001,0.0003474611650615539,118.6784068,18,72,-0.58703684407732
best_model.pt,63995643,20260207,10.638298,10.0,[0.44644649],0.6514430102391533,16.330333639513416,0.9999999103546237,0.42857142857142855,10.638298034667969,3,1,0.6330333639513416
best_model.pt,63995756,20260207,18.64382,10.0,[3.70741591],1.5234257779344444,12.238080673780985,0.9999998976954049,0.0062320230105465,18.64381980895996,13,14,0.2238080673780985
best_model.pt,63996213,20260207,148.11337,14.0,[1.89770822],0.0,0.0,0.0,0.0,0.0,0,72,-1.0
best_model.pt,63996594,20260207,50.0,120.0,[0.17424367],0.0,0.0,0.0,0.0,0.0,0,72,-1.0
best_model.pt,63996813,20260207,2738.0024,2.3,[826.7561496],768.724983722996,3.5617450919627216,0.9999999999999997,0.7240723120837298,2738.002441406249,761,1,0.5485848546978268
best_model.pt,63996824,20260207,1000.0,27.5,[6.68570877],19.26617818458698,51.90442746426877,0.9999999999999999,0.07686815801999049,999.9999999999999,323,11,0.8874337259734099
best_model.pt,63997152,20260207,69.34492,12.0,[2.78536879],4.0441501176911325,17.146964907917035,1.0000000000000004,0.006797436395416585,69.34491729736331,35,19,0.42891374232641954
best_model.pt,63997228,20260207,3.88989,3.37,[0.4332658],0.22839373271209407,17.031434610289725,0.9999997548326318,1.0,3.8898899555206294,7,6,4.053838334912648
best_model.pt,63998445,20260207,312.5,26.0,[13.29513089],5.688303476703749,54.93728426103649,1.0000000000000009,0.05062615745875873,312.5000000000003,698,15,1.1129724715783265
best_model.pt,63999590,20260207,40.2639,45.0,[1.13178787],0.060048577299999996,139.68358108658995,0.20832407795401964,0.007862899715094025,8.38794,24,72,2.104079579701999
best_model.pt,64000136,20260207,1000.0,90.69,[1.69324417],7.815259185713561,127.95479308904116,1.0000000000000002,0.007820241856004528,1000.0000000000001,566,40,0.41090296222796174
best_model.pt,64000141,20260207,1000.0,90.69,[0.01134874],0.0,0.0,0.0,0.0,0.0,0,72,-1.0
best_model.pt,64001234,20260207,1778.9946,62.32,[59.29521533],18.81542835637458,94.54977588930373,0.999999999999996,0.02885780458293455,1778.994628906243,3456,21,0.5171658593117139
best_model.pt,64001556,20260207,1000.0,56.65,[2.04788317],8.00971086183968,124.84843615464544,0.9999999999999974,0.20275449655151828,999.9999999999975,886,31,1.2038558303941451
best_model.pt,64001859,20260207,1000.0,49.88,[0.17301147],0.0,0.0,0.0,0.0,0.0,0,60,-1.0
best_model.pt,64002001,20260207,1000.0,62.32,[0.24218348],0.0799458643,44.27578280890749,0.00353971,0.002331327326233071,3.5397100000000004,24,72,-0.28954135067839754
best_model.pt,64002534,20260207,1000.0,74.77,[0.17378205],0.15979435039999998,100.4623724020446,0.016053420000000002,0.002626436378975988,16.053420000000003,4,67,0.3436187897884666
best_model.pt,64002649,20260207,59.33854,2.0,[24.47118861],12.844339477063242,4.619819852136342,0.9999999999999996,0.09428393911152531,59.33853912353513,100,15,1.3099099260681708
best_model.pt,64003385,20260207,7.6923075,28.01,[0.05484108],0.21668400859571355,35.49995231364231,0.9999998760223509,0.0784313725490196,7.692307472229005,4,1,0.2674027855607581
best_model.pt,64003833,20260207,2.6184864,23.0,[0.0070058],0.045825710699999994,36.17060824747345,0.6330295981291357,0.010565593087195603,1.6575799999999998,14,67,0.572635141194498
best_model.pt,64003921,20260207,896.7005,2.57,[225.29016801],204.53867845454297,4.384014323743421,0.9999999999999992,0.6064638783269962,896.7005004882806,319,1,0.7058421936267211
best_model.pt,64004668,20260207,1000.0,32.0,[0.39536809],0.0,0.0,0.0,0.0,0.0,0,72,-1.0
best_model.pt,64004784,20260207,16.216217,1.18,[1.13358603],5.174957063101713,3.1335939041979626,0.9999998823801874,0.9166666666666666,16.216217041015625,11,1,1.6555881724483945
best_model.pt,64005031,20260207,1000.0,8.49,[1.23163433],3.1824827435000005,16.369937507584947,0.05209706000000001,0.0035211267605633804,52.097060000000006,5,71,0.9281434568789118
best_model.pt,64005326,20260207,1000.0,24.56,[0.02712909],0.0508991328,31.964749608668996,0.0016270100000000001,0.010416666666666668,1.62701,3,56,0.30149634787227336
best_model.pt,64005450,20260207,1000.0,23.0,[0.06355928],0.0133727748,32.60111722533267,0.00043599999999999997,0.00909090909090909,0.436,1,55,0.4174398793622901
best_model.pt,64005575,20260207,1000.0,6.38,[2.12911158],26.72637741039494,37.41621796431119,0.9999999999999979,0.17183444028174272,999.9999999999978,1531,18,4.864610860996824
best_model.pt,64005608,20260207,341.591,25.0,[3.26079876],9.3330536740547,36.600128826799946,1.0000000000000018,0.013051691567920317,341.5910034179694,1140,15,0.4640051530719978
best_model.pt,64005639,20260207,1000.0,24.0,[0.06845896],0.14665520010000002,25.523639624152512,0.0037432000000000003,1.7621609569010634e-05,3.7432000000000003,3,72,0.06348498433968801
best_model.pt,64006623,20260207,5.42627,23.0,[0.70754323],0.17794919428723083,30.493195187685906,0.9999998242486743,0.5384615384615384,5.426270008087159,14,1,0.3257910951167785
best_model.pt,64007498,20260207,151.51515,52.0,[2.58254205],1.312629963362712,115.42859814108449,1.0000000000000002,0.02348921631432842,151.5151519775391,440,21,1.219780733482394
best_model.pt,64007547,20260207,41.666668,6.5,[0.06815347],1.1866482088301675,35.11287719081582,1.0000000000000002,0.6242588932806324,41.66666793823243,45,4,4.401981106279357
best_model.pt,64008712,20260207,1000.0,30.0,[3.55227934],18.367700115189,54.44339461583792,1.0000000000000009,0.06558210472801221,1000.0000000000009,258,14,0.8147798205279305
best_model.pt,64008942,20260207,622.4808,32.4,[18.86823898],1.7395820538066604,357.8333167615259,1.0,0.05776592612156929,622.4807739257812,395,21,10.044237651523353
best_model.pt,64009066,20260207,1000.0,32.66,[0.01948715],0.0,0.0,0.0,0.0,0.0,0,60,-1.0
best_model.pt,64009550,20260207,1000.0,49.88,[1.26295174],0.0,0.0,0.0,0.0,0.0,0,57,-1.0
best_model.pt,64009920,20260207,650.6763,2.3,[108.4192968],161.3464892148425,4.032788495521877,0.9999999999999998,0.07742126398488912,650.6762695312499,228,19,0.7533863387521099
best_model.pt,64010195,20260207,1000.0,74.77,[0.85103553],0.001097208,42.496503394621065,4.6670000000000005e-05,0.00015465511908444168,0.04667,1,61,-0.4316369492767409
best_model.pt,64010536,20260207,1000.0,23.0,[0.04365347],1.9998291654,32.477832929882254,0.06495015,0.001949587369649834,64.95015,19,69,0.41207969260357624
best_model.pt,64011512,20260207,2.76675,16.0,[0.28248567],0.13256548590069978,20.87066032169882,0.9999996553089534,1.0,2.766750097274781,13,1,0.30441627010617633
best_model.pt,64011906,20260207,1000.0,49.88,[1.20940839],0.054513524,63.39998492878704,0.0034562199999999994,0.0035211267605633804,3.4562199999999996,1,71,0.2710501918837002
best_model.pt,64012844,20260207,1000.0,33.75,[0.02184388],0.140335044,35.52294804604867,0.00498515,0.0004734848484848485,4.98515,1,66,0.052531793956997586
best_model.pt,64014502,20260207,1000.0,64.61,[2.44987276],7.892883847770735,126.69638785905255,1.0,0.31908165889532353,1000.0,203,35,0.9609408243644831
best_model.pt,64014589,20260207,1000.0,43.12,[3.84171003],5.506714675420463,181.59644676473044,0.9999999999999989,0.4104651484698143,999.9999999999989,804,23,3.2114204838361045
best_model.pt,64014727,20260207,1000.0,43.12,[0.11994654],0.00043102,212.11980926808943,9.164e-05,5.5005500550055004e-05,0.09164,1,60,3.9192906892963535
best_model.pt,64014794,20260207,2172.0188,288.0,[8.33836502],0.0456925083,241.8146561970161,0.005087138290866308,0.00012308421825071088,11.04936,5,44,-0.16036577709369412
best_model.pt,64017299,20260207,1000.0,29.2,[11.78172921],16.019236486954686,62.42494380986317,1.0000000000000002,0.03812537673297167,1000.0000000000001,253,14,1.1378404855760385
best_model.pt,64017952,20260207,1000.0,45.04,[6.04706331],13.49780166430226,74.0861327484589,0.9999999999999994,0.05820734347720163,999.9999999999994,576,16,0.6448963419740523
best_model.pt,64018079,20260207,1000.0,43.12,[0.01519128],0.1988897642,42.65346374489921,0.008483379999999999,0.07975863652261311,8.483379999999999,167,70,-0.010819461932791857
best_model.pt,64018092,20260207,27.777779,35.0,[0.70589038],0.0,0.0,0.0,0.0,0.0,0,72,-1.0
best_model.pt,64018462,20260207,1000.0,64.61,[0.00239328],0.0,0.0,0.0,0.0,0.0,0,58,-1.0
best_model.pt,64018532,20260207,1000.0,43.12,[0.00754731],0.0065715093,86.14822347988157,0.00056621,0.014028933122070375,0.56621,8,60,0.9978716515268719
best_model.pt,64018637,20260207,1000.0,32.2,[0.20572946],0.0705275719,60.857321853698274,0.0042921800000000005,0.029406850459482034,4.29218,6,57,0.8899788947751183
best_model.pt,64018926,20260207,1000.0,14.0,[0.05026751],6.846206174400001,21.359169577396777,0.14622930000000006,0.023071611593624173,146.22930000000005,75,72,0.5256549698140555
best_model.pt,64019380,20260207,1000.0,39.33,[0.0255092],0.07060416070000002,88.63488076445945,0.00625808,0.0625,6.25808,4,56,1.25362005181688
best_model.pt,64019817,20260207,248.75623,600.0,[0.0269657],0.0,0.0,0.0,0.0,0.0,0,72,-1.0
best_model.pt,64020441,20260207,193.6996,2.61,[10.76953842],43.48310978214142,4.4545939040607765,1.0,0.0603030303030303,193.69960021972656,68,15,0.7067410280095922
best_model.pt,64020537,20260207,40000.0,1.56,[1525.46249437],4317.428559489408,2.942376208830878,0.3175874769927745,0.008450310974386413,12703.49907971098,2394,72,0.8861386645875627
best_model.pt,64020651,20260207,1000.0,7.0,[3.2944724],59.30073838596236,16.863196148220695,0.9999999999999998,0.6684264937502093,999.9999999999998,510,49,1.4090280211743849
best_model.pt,64020690,20260207,1000.0,28.88,[1.47738812],17.65869052550377,56.62933737506758,0.9999999999999998,0.01588152792673872,999.9999999999998,385,46,0.9608496890816526
best_model.pt,64020711,20260207,1000.0,28.88,[0.93444233],0.0,0.0,0.0,0.0,0.0,0,72,-1.0
best_model.pt,64021638,20260207,380.56766,3.0,[151.39981392],74.36749184329295,5.117392598842012,1.0000000000000013,0.039838735558408216,380.56765747070364,334,16,0.7057975329473374
best_model.pt,64021741,20260207,1000.0,23.81,[2.0033877],23.287891345858434,42.94076875436271,1.0000000000000004,0.010012210012210011,1000.0000000000003,164,63,0.8034762586107913
best_model.pt,64021769,20260207,502.20883,2.57,[116.80017469],102.49708559821897,4.899737626257915,0.9999999999999999,0.4743202416918429,502.2088317871093,157,1,0.906512744564736
best_model.pt,64023756,20260207,1000.0,166.08,[2.94529916],4.105224169781368,243.59199767189804,1.0000000000000004,0.05456343221388433,1000.0000000000003,88,24,0.4667148060348207
best_model.pt,64024405,20260207,0.4539,22.5,[0.02899705],0.0,0.0,0.0,0.0,0.0,0,16,-1.0
best_model.pt,64024543,20260207,33.333332,3.62,[12.36132078],2.0009340562595503,16.65887753702475,1.0,0.06043956043956044,33.33333206176758,11,14,3.6019000175885116
best_model.pt,64024748,20260207,106.53732,2.5,[57.40553932],29.74246458398904,3.5819936547358053,0.9999999999999994,0.01624229908793667,106.53732299804682,43,15,0.4327974618943221
best_model.pt,64025102,20260207,282.86703,11.54,[27.54282101],8.267046547039568,34.216209995478266,0.9999999999999998,0.03800172014470638,282.8670349121093,175,18,1.9650095414717854
best_model.pt,64026285,20260207,1000.0,27.12,[1.89196298],3.8247376986,63.40268868269714,0.242498717,0.12265374457649499,242.498717,105,38,1.33785717996642
best_model.pt,64026292,20260207,1000.0,27.12,[0.02422681],0.0535118073,51.76274876537827,0.00276997,0.1111111111111111,2.7699700000000003,7,36,0.9086558688632197
best_model.pt,64026424,20260207,1000.0,26.25,[0.06705199],0.16267301499999998,37.2671074725733,0.006062390000000001,0.002136752136752137,6.062390000000001,2,72,0.4196993322885067
best_model.pt,64027513,20260207,1000.0,16.17,[0.70051727],7.801462282066548,128.18108140029693,0.9999999999999999,0.029323640168699348,999.9999999999999,43,15,6.927092195145812
best_model.pt,64029184,20260207,9.71446,12.0,[0.37187877],0.4180653927185206,23.23664504519368,0.9999999018294188,0.04054054054054054,9.714460372924806,21,1,0.9363870870994733
best_model.pt,64029548,20260207,1000.0,26.3,[2.38007307],18.056955015576992,55.380319868827335,0.9999999999999999,0.0375,999.9999999999999,120,20,1.105715645450984
best_model.pt,64029570,20260207,1000.0,26.5,[0.1879625],0.0,0.0,0.0,0.0,0.0,0,72,-1.0
best_model.pt,64029589,20260207,1000.0,30.0,[3.04058014],16.631517939546367,60.12679921989591,1.0000000000000007,0.03987068965517242,1000.0000000000006,185,16,1.004226640663197
best_model.pt,64029718,20260207,1000.0,2.75,[337.58636438],210.47263139646154,4.75121154049296,1.0000000000000004,0.3333333333333333,1000.0000000000005,173,1,0.7277132874519855
best_model.pt,64030368,20260207,1000.0,20.04,[0.1709648],0.2585806087,26.817955209047323,0.006934630000000001,0.02,6.93463,1,50,0.33822125668009834
best_model.pt,64031354,20260207,1000.0,102.01,[0.00329459],0.0,0.0,0.0,0.0,0.0,0,55,-1.0
best_model.pt,64032557,20260207,67.9219,30.55,[2.61925867],1.6863743890360623,40.27685551495623,0.9999999999999998,0.03782894736842105,67.92189788818358,23,19,0.3183913754765639
best_model.pt,64033273,20260207,1172.7704,25.52,[1.06289802],0.10493340740000001,23.127495167042795,0.002069347955494422,4.365185136929648e-06,2.42687,2,30,-0.09375020563500934
best_model.pt,64035082,20260207,1857.1991,86.3,[6.38775789],14.632799048582461,126.92028118429742,0.9999999999999997,0.00845471754999252,1857.1990966796868,869,13,0.4706868678576742
best_model.pt,64036941,20260207,54.87099,26.53,[0.98095338],0.0,0.0,0.0,0.0,0.0,0,72,-1.0
best_model.pt,64037275,20260207,172.63347,27.0,[3.81691737],3.2531840585120273,53.06598472663907,1.0,0.06327160493827161,172.6334686279297,82,12,0.965406841727373
best_model.pt,64037396,20260207,1000.0,20.15,[1.83101804],0.0,0.0,0.0,0.0,0.0,0,72,-1.0
best_model.pt,64037536,20260207,15.42675,12.1,[2.67842637],0.9488829595712706,16.25778371264244,0.9999999381804822,0.03844030365769496,15.426750183105469,5,21,0.34361844628865107
best_model.pt,64040144,20260207,500.0,1.6,[21.03901784],98.12207966573602,5.0956930041394735,1.0000000000000002,0.623931623931624,500.0000000000001,129,39,2.1848080801298324
best_model.pt,64040948,20260207,208.86076,12.0,[14.6150059],9.1263004792,20.092992372423183,0.8779758480882537,0.4973262032085562,183.37470600999998,68,34,0.6744160310352653
best_model.pt,64048356,20260207,1062.3138,50.18,[47.01698996],11.665725007779185,91.06281444164236,0.9999999999999998,0.01609679774953539,1062.3138427734373,210,21,0.814723273970362
best_model.pt,64048419,20260207,793.6429,2.67,[3.1898602],0.046202889399999995,4.809551812319939,0.0002799999907713924,0.01282051282051282,0.22222,1,26,0.8013302153143634
best_model.pt,64049764,20260207,500.0,18.0,[2.67736202],3.8040523814409672,131.43874437708374,1.0000000000000007,0.07166542649125797,500.00000000000034,382,21,6.302152465393541
best_model.pt,64053215,20260207,1000.0,22.98,[2.22047377],17.133228017200846,58.36611411637891,0.9999999999999991,0.029937318738890446,999.9999999999991,320,21,1.5398657649711571
best_model.pt,64055756,20260207,145.76476,12.0,[18.89065394],4.662145277505093,31.265590260936243,0.9999999999999998,0.03177570093457944,145.7647552490234,51,15,1.6054658550780203
best_model.pt,64055857,20260207,1000.0,38.0,[0.06898852],0.0,0.0,0.0,0.0,0.0,0,72,-1.0
best_model.pt,64058792,20260207,6.1728396,12.1,[0.00192569],0.12303283687294965,50.171886031201325,0.999999845504788,0.28568376068376067,6.172839641571045,13,8,3.146436731360433
best_model.pt,64059274,20260207,4187.775,10.0,[6.10312585],113.15696565854773,37.008546853154975,1.0000000000000022,0.051858072643292036,4187.774902343759,988,11,2.7008546853154973
best_model.pt,64059312,20260207,2.48044,13.0,[0.03933872],0.013042789992054764,190.16251433538986,0.999999615522251,0.5,2.4804399013519287,2,1,13.627885718106912
best_model.pt,64059848,20260207,33.37384,14.0,[3.29243069],0.40809409526381774,81.77956735906456,1.0,0.05765765765765766,33.37384033203125,32,15,4.841397668504611
best_model.pt,64060132,20260207,1000.0,114.63,[0.00028414],0.0,0.0,0.0,0.0,0.0,0,50,-1.0
best_model.pt,64061252,20260207,1000.0,62.0,[0.13465897],0.0,0.0,0.0,0.0,0.0,0,17,-1.0
best_model.pt,64062292,20260207,1321.4402,800.0,[2.22716564],0.0,0.0,0.0,0.0,0.0,0,1,-1.0
best_model.pt,64062322,20260207,7.8125,14.49,[0.32248951],0.30729966903121275,25.422984026131356,0.9999998779297024,0.13043478260869565,7.8125,12,1,0.7545192841759111
best_model.pt,64062508,20260207,3.7593985,12.0,[0.07950598],0.0548262258593689,68.56809553032996,0.9999997615814209,1.0,3.7593984603881836,1,1,4.71400796086083
best_model.pt,64070901,20260207,16.666666,7.15,[0.18408317],0.21738360538312274,76.66902631633064,0.9999998855590908,0.35294117647058826,16.66666603088379,6,1,9.722940600519069
best_model.pt,64073068,20260207,1013.3128,12.92,[42.49666907],30.609228254828288,33.10481282425439,1.0000000000000009,0.03901295836779708,1013.312805175782,283,18,1.5622919991305746
best_model.pt,64073560,20260207,62.5,1.39,[27.03498893],16.73638709357297,3.734378030108001,1.0000000000000004,0.7076923076923077,62.50000000000003,46,1,1.6866029270073124
best_model.pt,64073567,20260207,1000.0,5.38,[0.0050812],25.030929437291213,39.95057245295981,0.9999999999999997,0.7412991137935682,999.9999999999997,1350,2,6.4257568035593655
best_model.pt,64074041,20260207,1000.0,5.38,[0.0044572],25.356213168589942,39.43806411127226,1.0000000000000002,0.7048077128746049,1000.0000000000002,1511,3,6.330495032037859
best_model.pt,64075202,20260207,16.13854,8.3,[0.23027222],0.1992498699753371,80.99608433299156,0.9999998818140692,0.03479196556671449,16.13854026794434,97,1,8.758564153216042
best_model.pt,64081848,20260207,1000.0,96.08,[0.00241195],0.0014070924000000001,50.316300265522344,7.085e-05,0.0006172839506172839,0.07085,2,72,-0.4763082919794527
best_model.pt,64082498,20260207,130.62898,2.5,[71.42236422],29.18589944013683,4.475756463703366,1.0000000000000002,0.5082644628099173,130.62898254394534,123,1,0.7903025854813464
best_model.pt,64083791,20260207,125.47337,14.0,[1.60462779],0.0,0.0,0.0,0.0,0.0,0,26,-1.0
best_model.pt,64084611,20260207,1000.0,56.65,[0.09727165],0.26246250109999997,153.54733069968947,0.04030057,0.020689655172413793,40.30057,3,58,1.710455896979029
best_model.pt,64085364,20260207,1000.0,49.13,[0.01287131],0.0670762862,611.1278843001253,0.040992799999999996,0.08333333333333333,40.992799999999995,3,16,11.438995949803465
best_model.pt,64085968,20260207,1000.0,50.24,[0.0807456],0.1370925,197.75985002935954,0.027111590000000005,0.0019305019305019305,27.111590000000003,1,14,2.936302615891845
best_model.pt,64086199,20260207,1000.0,32.2,[0.021029],0.033733794799999994,24.984293071793047,0.0008428400000000001,0.08894830659536541,0.84284,15,17,-0.22409029565773536
best_model.pt,64087348,20260207,1000.0,23.0,[7.09013879],21.236685223881867,47.08832580835717,0.9999999999999997,0.07570247933884298,999.9999999999997,458,11,1.0473185134068335
best_model.pt,64087378,20260207,1000.0,23.0,[8.41721299],22.983504312116676,43.50946413177497,1.0,0.06810035842293907,1000.0,247,13,0.891715831816303
best_model.pt,64087380,20260207,1000.0,23.0,[5.34113275],22.952473701960777,43.56828677452255,1.000000000000001,0.07381020233684811,1000.0000000000011,259,11,0.8942733380227195
best_model.pt,64089175,20260207,1000.0,73.7,[0.17912127],0.1419871671,582.5510793568092,0.08271535999999999,2.1613583705086972e-06,82.71535999999999,1,72,6.904356899307898
best_model.pt,64089368,20260207,1000.0,85.14,[0.13389581],0.0,0.0,0.0,0.0,0.0,0,35,-1.0
best_model.pt,64090050,20260207,1000.0,64.77,[20.95679163],9.174331096567181,108.99976036121215,0.9999999999999998,0.07217315833208914,999.9999999999998,305,24,0.6828742629382322
best_model.pt,64094719,20260207,72.20216,3.4,[0.29324328],13.395750806495695,5.389929937435668,1.0000000000000002,0.96,72.20216369628908,24,1,0.5852734665447674
best_model.pt,64096983,20260207,1000.0,30.2,[4.30133487],18.87460428874954,52.98124038631226,1.0000000000000002,0.0824022346368715,1000.0000000000002,590,10,0.7543456638361833
best_model.pt,64096986,20260207,1000.0,30.2,[1.76475282],16.177348503099946,61.81482323840359,0.9999999999999994,0.021927988277161397,999.9999999999994,419,34,1.0468483998934501
best_model.pt,64096993,20260207,1000.0,30.2,[0.00700428],0.1280401938,35.40391857858483,0.0045331600000000005,0.005401234567901234,4.5331600000000005,7,72,0.17231515510527634
best_model.pt,64097468,20260207,15.625,21.06,[0.01136528],0.27062862165852647,57.735734559446065,0.9999999389648474,1.0,15.624999999999998,5,1,1.7414879403399137
best_model.pt,64099890,20260207,1000.0,30.66,[10.77036376],18.991599731057278,52.65485591031216,1.0000000000000002,0.05740987983978638,1000.0000000000001,172,14,0.7173795229081369
best_model.pt,64100045,20260207,1000.0,78.48,[9.41515804],7.729152962761215,129.38026656189842,0.9999999999999996,0.02118047361676753,999.9999999999995,306,12,0.648576210852925
best_model.pt,64101329,20260207,1000.0,33.75,[4.0791793],18.33932029475544,54.52764493994518,1.0000000000000004,0.19945998736140633,1000.0000000000003,184,13,0.615633924146524
best_model.pt,64101372,20260207,416.66666,160.0,[0.74120955],0.0,0.0,0.0,0.0,0.0,0,72,-1.0
best_model.pt,64101541,20260207,72.20216,3.4,[2.87394336],14.87116113264325,4.8551796458328065,1.0000000000000004,0.6578947368421053,72.20216369628909,25,1,0.427993973426085
best_model.pt,64101656,20260207,1000.0,23.72,[0.00670113],0.1376100063,50.44342154483613,0.00694157,0.12937019837174638,6.9415700000000005,75,48,1.1266198568747934
best_model.pt,64101730,20260207,1000.0,30.0,[0.90535562],0.08288321339999999,18.49592265057317,0.00153302,3.1913807189542485e-06,1.53302,1,72,-0.3834692449808943
best_model.pt,64101770,20260207,72.20216,3.4,[4.90549062],14.076506105122423,5.1292670232102395,1.0000000000000002,0.0729237720033094,72.20216369628908,19,13,0.5086079056876994
best_model.pt,64102348,20260207,88.35518,30.0,[2.65651236],1.250826728738017,70.63736820269487,1.0000000000000002,0.043343653250773995,88.35517883300784,28,17,1.3545789400898292
best_model.pt,64102891,20260207,1000.0,1.19,[4.14786939],266.4308280825823,3.7533194016749536,0.9999999999999997,0.47093634317299243,999.9999999999997,432,23,2.154049765713259
best_model.pt,64104000,20260207,1000.0,42.0,[0.07516578],0.0,0.0,0.0,0.0,0.0,0,26,-1.0
best_model.pt,64104600,20260207,1000.0,3.32,[1.96863788],165.53002618136287,6.041199998743134,1.0000000000000004,0.5851751105066304,1000.0000000000003,1721,1,0.819638590426842
best_model.pt,64105048,20260207,11.61668,2.37,[4.91413283],3.152100526507273,3.6853762632879685,0.9999999179047523,0.0782905982905983,11.616680145263675,26,9,0.5550111566434062
best_model.pt,64105429,20260207,243.90244,23.0,[4.47563741],4.3559805420695215,55.99253186616046,1.0000000000000004,0.06493506493506494,243.9024353027345,75,11,1.434457907224368
best_model.pt,64105743,20260207,250.0,2.0,[10.78450976],50.03059356060217,4.996942414849268,1.0000000000000002,0.521978021978022,250.00000000000003,176,28,1.4984712074246338
best_model.pt,64106409,20260207,1000.0,42.0,[0.00105455],0.0021516663999999997,78.6931035853953,0.0001694,0.02142857142857143,0.1694,3,14,0.873645323461793
best_model.pt,64107218,20260207,2941.1765,1.0,[3.57835713],7.428809051,2.665062084517148,0.006731401501395487,0.18181818181818182,19.798240000000003,2,11,1.6650620845171482
best_model.pt,64107502,20260207,44.82459,33.6,[2.68979314],0.6425958746346039,69.75537937548033,1.0000000000000002,0.045454545454545456,44.82458877563477,9,18,1.0760530518835087
best_model.pt,64109107,20260207,1000.0,35.2,[4.07243598],17.819161193181202,56.119361233642465,1.0000000000000007,0.0518248874413258,1000.0000000000007,541,11,0.5943000004911391
best_model.pt,64110035,20260207,228.48798,91.53,[7.41909721],0.5437678708,160.96940207559962,0.3830842721087781,0.0008210025083340861,87.53014999999999,26,72,0.7586518542815627
best_model.pt,64110204,20260207,1000.0,36.3,[0.16962031],0.0,0.0,0.0,0.0,0.0,0,8,-1.0
best_model.pt,64110714,20260207,1000.0,36.3,[0.11313541],0.0,0.0,0.0,0.0,0.0,0,8,-1.0
best_model.pt,64111322,20260207,23.809525,8.81,[0.11075784],1.3017588515721952,18.29025876576003,0.9999999198913664,0.8888888888888888,23.809524536132816,8,3,1.0760792161864383
best_model.pt,64111471,20260207,1000.0,38.5,[2.01906826],0.0,0.0,0.0,0.0,0.0,0,6,-1.0
best_model.pt,64111607,20260207,1000.0,182.73,[0.18343676],0.0,0.0,0.0,0.0,0.0,0,72,-1.0
best_model.pt,64112092,20260207,27.03299,14.96,[1.41949859],0.3861744717523573,70.00182942558448,0.9999999294436712,0.03841066341066341,27.03298950195313,30,2,3.679266660901378
best_model.pt,64112353,20260207,13.76477,3.15,[1.38116265],1.5281070264540328,9.007720210775455,0.9999999307162938,0.4444444444444444,13.764769554138184,4,1,1.8595936311312238
best_model.pt,64113058,20260207,1000.0,18.66,[1.86626254],0.0,0.0,0.0,0.0,0.0,0,46,-1.0
best_model.pt,64113541,20260207,65.18746,15.0,[8.43378011],2.5950571976926446,25.119845832739994,1.0,0.08045977011494253,65.18746185302734,28,12,0.674656388849333
best_model.pt,64114179,20260207,200.0,270.0,[0.05229632],0.0,0.0,0.0,0.0,0.0,0,48,-1.0
best_model.pt,64114440,20260207,609.66254,1.0,[43.12131347],209.2888470433736,2.9130196965618804,0.9999999999999998,0.05017169173815269,609.6625366210936,116,14,1.9130196965618804
best_model.pt,64114731,20260207,814.72974,1.0,[1020.60950392],484.04054648879986,1.2182759818600628,0.7237921324802433,0.01816342221238288,589.694973252,259,66,0.2182759818600628
best_model.pt,64115407,20260207,17.81497,1.0,[39.86770342],11.402030891136281,1.562438185278933,0.9999998929356363,0.3888888888888889,17.814970016479492,7,1,0.5624381852789331
best_model.pt,64115681,20260207,6.81994,1.8,[8.57085682],0.8945397157041733,7.6239571552770045,0.9999998601638477,0.06832892027066784,6.819940090179445,37,11,3.235531865134946
best_model.pt,64115785,20260207,50.0,17.88,[0.37127905],0.7849331786,25.446706927229734,0.3994798,0.007515032033893927,19.97399,11,68,0.42319396653364894
best_model.pt,64116760,20260207,1000.0,9.0,[0.16845799],34.49487661272452,28.989811508451883,1.0000000000000004,0.25422488079957734,1000.0000000000003,805,3,2.2210901676057646
best_model.pt,64117220,20260207,230.2107,20.91,[0.46890149],8.512376220418144,27.04423070058291,0.9999999999999999,0.03801065719360568,230.21069335937497,107,1,0.2933635054009814
best_model.pt,64117240,20260207,46.2065,3.0,[17.64888945],5.374453087585222,8.597431525894935,1.0000000000000002,0.10196658615136875,46.206501007080085,79,16,1.865810508631645
best_model.pt,64117651,20260207,1000.0,1.0,[151.93433458],261.8510698846889,3.818964713878788,1.0000000000000002,0.7792689891490577,1000.0000000000002,2729,1,2.818964713878788
best_model.pt,64117807,20260207,1000.0,1.0,[2.98939096],335.3740229537295,2.981745539535184,0.9999999999999989,0.14032789271462429,999.9999999999989,1980,15,1.9817455395351842
best_model.pt,64118118,20260207,11.77282,260.0,[0.09289078],0.0,0.0,0.0,0.0,0.0,0,40,-1.0
best_model.pt,64119370,20260207,1000.0,9.0,[0.0704014],40.51562546624529,24.68183481830469,0.9999999999999999,0.2725709866931914,999.9999999999999,1067,6,1.7424260909227434
best_model.pt,64119491,20260207,1000.0,48.12,[0.63222069],1.4247208124,167.6439483983575,0.23884598999999998,0.013178270082967888,238.84598999999997,15,57,2.4838726541881746
best_model.pt,64119946,20260207,1000.0,9.0,[0.04198256],32.119690852007174,31.13354899566104,1.0,0.30886731478130164,1000.0,813,3,2.4592832217401157
best_model.pt,64120353,20260207,1000.0,9.0,[2.88141195],9.18253036068946,108.90243231632341,1.000000000000001,0.028985507246376812,1000.000000000001,260,15,11.100270257369267
best_model.pt,64120849,20260207,461.8884,23.0,[0.3846813],0.0,0.0,0.0,0.0,0.0,0,72,-1.0
best_model.pt,64120867,20260207,1000.0,9.0,[1.47208255],13.807895619699993,26.17920454910343,0.36147974999999993,0.00263803331051791,361.4797499999999,370,72,1.908800505455937
best_model.pt,64121070,20260207,1000.0,9.0,[0.11556819],34.437388097377784,29.038206037406752,1.000000000000001,0.24006138762176754,1000.000000000001,785,3,2.2264673374896393
best_model.pt,64121242,20260207,102.05589,25.0,[2.07706349],1.7003732095804158,60.019666476545325,1.0,0.11851851851851852,102.05589294433594,20,27,1.400786659061813
best_model.pt,64121508,20260207,41.666668,2.76,[9.17517871],8.94774353874418,4.656667136373158,1.0,0.06898148148148149,41.66666793823242,16,15,0.687198243646208
best_model.pt,64122408,20260207,1250.0,20.52,[5.31170133],23.853872237725458,52.402391324151694,0.9999999999999991,0.04564160119715676,1249.9999999999989,366,11,1.5537227171125831
best_model.pt,64123385,20260207,1000.0,9.0,[0.02230891],33.68647382141539,29.685504502960747,1.0000000000000004,0.2729475597808404,1000.0000000000003,750,3,2.298389389217861
best_model.pt,64124337,20260207,1000.0,86.31,[0.0046103],0.0,0.0,0.0,0.0,0.0,0,45,-1.0
best_model.pt,64124603,20260207,80.0,2.98,[17.45758452],16.193020004901243,4.940399939936218,1.0000000000000002,0.05231181455633101,80.00000000000001,37,16,0.6578523182265753
best_model.pt,64125620,20260207,1000.0,7.5,[6.03681066],43.956599800278454,22.74971180195679,0.999999999999998,0.08872786517445448,999.999999999998,2019,10,2.033294906927572
best_model.pt,64126239,20260207,2000.0,15.0,[3.91153717],15.264292759296536,131.02473206675043,0.9999999999999997,0.07129064648181045,1999.9999999999993,923,11,7.734982137783362
best_model.pt,64126497,20260207,333.33334,100.0,[0.00588778],0.0,0.0,0.0,0.0,0.0,0,72,-1.0
best_model.pt,64126534,20260207,333.33334,6.0,[10.33752043],10.927082502122103,30.505243548392755,0.9999999999999993,0.08354520745325343,333.33334350585915,211,12,4.084207258065459
best_model.pt,64127954,20260207,1000.0,23.0,[0.12285769],0.0,0.0,0.0,0.0,0.0,0,63,-1.0
best_model.pt,64128713,20260207,1000.0,31.0,[0.00415331],0.015030723400000001,37.624428347317775,0.00056556,0.01818181818181818,0.56556,1,55,0.21369123701025078
best_model.pt,64129362,20260207,1000.0,24.0,[0.00400027],7.100215589499999,36.505731442518275,0.2591986,0.0003744690364408674,259.1986,67,72,0.5210721434382615
best_model.pt,64129574,20260207,1000.0,52.0,[0.18751499],0.0,0.0,0.0,0.0,0.0,0,72,-1.0
best_model.pt,64129661,20260207,1143.8391,24.0,[39.60234406],20.086740882018265,56.94497983030752,0.9999999999999986,0.04564879564879565,1143.8391113281234,235,18,1.3727074929294798
best_model.pt,64131561,20260207,35.86777,16.1,[3.13113294],2.006209550471809,17.878368319938534,1.0,0.041005291005291,35.86777114868164,9,18,0.11045763331258165
best_model.pt,64131665,20260207,1.7391304,22.76,[0.24919809],0.024500302195958168,70.98114066999933,0.9999994516375508,0.6,1.7391303777694702,3,5,2.1186792599380624
best_model.pt,64131892,20260207,1000.0,17.11,[2.00475751],22.068036967716544,45.31440454574643,0.9999999999999993,0.35280006156661653,999.9999999999993,970,40,1.6484163021204792
best_model.pt,64132598,20260207,1000.0,46.2,[0.0002398],0.0,0.0,0.0,0.0,0.0,0,29,-1.0
best_model.pt,64133904,20260207,403.04092,72.0,[1.00977348],0.011312478299999998,53.18965432584956,0.0014930493755321577,0.0006526397225970819,0.60176,7,30,-0.2612548010298672
best_model.pt,64136664,20260207,185.32,8.0,[74.34889725],17.1305846621332,10.81807773413519,0.9999999999999999,0.02334784329244163,185.32000732421872,59,19,0.3522597167668988
best_model.pt,64137600,20260207,1.693767,48.0,[0.00205867],0.03952739768014945,42.84937035056085,0.999999463558197,0.004464285714285714,1.6937669515609741,1,4,-0.1073047843633157
best_model.pt,64138592,20260207,1000.0,49.74,[18.24395663],13.268812563890384,75.36468842409464,0.9999999999999996,0.020800101819015142,999.9999999999995,192,17,0.5151726152176862
best_model.pt,64139850,20260207,7.1035,25.0,[0.36112265],0.15413176668258574,46.086890167892825,0.9999998657458713,0.07614213197969544,7.103499889373779,15,1,0.843475606715713
best_model.pt,64141744,20260207,22.66524,52.0,[1.85910097],0.14857872119999999,52.49619488450084,0.344133553087179,1.393068093168394e-06,7.79987,1,72,0.009542209317323806
best_model.pt,64141830,20260207,1000.0,25.0,[11.68765614],20.924223644530237,47.791496076362755,0.9999999999999997,0.0435244161358811,999.9999999999997,287,14,0.9116598430545102
best_model.pt,64142018,20260207,1000.0,30.39,[0.03721408],0.00282016,35.65554594563939,0.00010059000000000001,0.013888888888888888,0.10059000000000001,1,36,0.17326576708601457
best_model.pt,64142306,20260207,175.4386,52.0,[2.36834848],2.6430545193477695,66.37719009251296,0.9999999999999999,0.3993855606758832,175.43859863281247,37,31,0.2764844248560185
best_model.pt,64142416,20260207,111.111115,3.54,[0.26092889],4.348402085057884,25.55216531874804,0.9999999999999994,0.8325311942959002,111.11111450195307,71,17,6.218125874038896
best_model.pt,64142620,20260207,10.989011,2.07,[1.0374107],1.2821557185304349,8.570723572269143,0.9999999132156433,1.0,10.98901081085205,5,1,3.1404463037071277
best_model.pt,64142626,20260207,161.11707,1.78,[76.34240574],40.680991894416934,3.9604998296833407,0.9999999999999997,0.8181818181818182,161.11706542968744,63,1,1.2249999400792695
best_model.pt,64143069,20260207,111.111115,3.21,[0.07414306],2.6544527752000002,21.743607117683283,0.519456584147443,0.21609506340525717,57.71739999999999,239,71,5.773709301958498
best_model.pt,64143979,20260207,1000.0,42.15,[4.2233479],4.3126753557296,231.8745756730506,0.9999999999999993,0.030359077656356752,999.9999999999993,352,10,4.501175973402662
best_model.pt,64144354,20260207,1000.0,9.5,[1.8227836],0.0,0.0,0.0,0.0,0.0,0,72,-1.0
best_model.pt,64147740,20260207,395.34744,44.2,[9.09057472],3.5599149541193835,111.0552742599088,0.9999999999999999,0.05377462518216025,395.34744262695307,233,13,1.512562722691755
best_model.pt,64149693,20260207,1000.0,10.54,[17.88805299],37.36910154354044,26.760075354628988,0.9999999999999999,0.05311244979919679,999.9999999999999,529,15,1.538906589324534
best_model.pt,64150026,20260207,34.93014,9.0,[0.85200023],1.635835813740152,21.353072113049517,1.0000000000000002,0.5294117647058824,34.93014144897462,9,1,1.372563568116613
best_model.pt,64150905,20260207,6.0798,48.47,[0.06045328],0.0132135533,41.34532493050673,0.08986478218220842,0.025362318840579712,0.54636,3,23,-0.14699146091940296
best_model.pt,64154779,20260207,1000.0,57.19,[0.12649453],0.07943618740000001,63.74696997391426,0.005063880000000001,0.0002137268385154348,5.063880000000001,23,26,0.11465241309068729
best_model.pt,64157057,20260207,319.69867,3.0,[1.47537276],3.6543205417,24.645321565792738,0.28170880304119383,0.00968901956211207,90.06192949999999,36,43,7.215107188597579
best_model.pt,64159965,20260207,26.79537,23.65,[1.7152681],0.4054694205261198,66.08464821468425,0.9999999288179827,0.016326530612244896,26.79537010192871,4,35,1.7942769251846218
best_model.pt,64160337,20260207,51.724136,27.5,[0.12391596],0.0563161212,30.326479116975886,0.03301940100767215,0.00030864197530864197,1.7079,2,72,0.10278105879912312
best_model.pt,64162199,20260207,209.54996,1.0,[0.56934478],25.614823589621718,8.18080781862131,1.0000000000000004,0.039401912488771965,209.5499572753907,64,7,7.180807818621309
best_model.pt,64162266,20260207,1000.0,2.09,[74.27437605],264.48065894330404,3.7809948002034095,0.9999999999999988,0.12443914688394576,999.9999999999987,2412,14,0.8090884954443639
best_model.pt,64162417,20260207,74.44531,33.92,[2.22981087],0.9079671161958487,81.99110868772198,1.0000000000000002,0.08586309523809524,74.44531250000001,14,28,1.4171908347208308
best_model.pt,64163843,20260207,118.75,1.9,[14.02769825],21.8081736379,3.3368015071529737,0.6127962105263156,0.02142857142857143,72.76954999999998,36,35,0.7562113415917447
best_model.pt,64163937,20260207,1042.111,153.91,[3.56731197],0.0638049104,135.26709274882472,0.008282073901369957,0.0009996752324118053,8.63084,2,48,-0.12112864966342855
best_model.pt,64164134,20260207,1000.0,130.83,[3.90341574],0.0,0.0,0.0,0.0,0.0,0,9,-1.0
best_model.pt,64164423,20260207,1000.0,1.03,[3.5592246],446.49541827345365,2.2396646344708757,1.0,0.17298704478458013,1000.0,572,12,1.174431744351327
best_model.pt,64165844,20260207,1000.0,4.75,[46.44669758],64.75295065981328,15.443311453254067,1.0000000000000013,0.045027442945013395,1000.0000000000014,313,19,2.2512234638429613
best_model.pt,64166008,20260207,1000.0,148.94,[0.01317282],0.0,0.0,0.0,0.0,0.0,0,23,-1.0
best_model.pt,64166181,20260207,35.08772,61.67,[0.04736793],0.10897347340537765,321.98108297435044,1.0,0.3333333333333333,35.08771896362305,1,1,4.221032796081515
best_model.pt,64166966,20260207,217.39131,310.89,[0.99700655],0.0,0.0,0.0,0.0,0.0,0,65,-1.0
best_model.pt,64166994,20260207,1000.0,12.96,[0.00027814],0.2057657567,47.86662412315702,0.009849360000000001,0.011261864891802817,9.84936,45,72,2.693412344310534
best_model.pt,64167055,20260207,81.25,32.44,[3.1723725],1.4392208046296493,56.45411967678453,1.0000000000000002,0.056691486721270785,81.25000000000001,18,15,0.7402627024251438
best_model.pt,64167205,20260207,1000.0,10.0,[0.77032703],62.10879132353968,16.100779979600304,1.0000000000000007,0.25056160990288046,1000.0000000000006,477,4,0.6100779979600304
best_model.pt,64167208,20260207,23.18485,11.0,[3.07648409],0.5298516014010601,43.75717063848059,0.9999999177329845,0.058333333333333334,23.184850692749027,20,18,2.977924603498235
best_model.pt,64168025,20260207,1000.0,3.32,[4.54504968],92.02925659692099,10.86610960592443,0.999999999999997,0.34560374071697075,999.999999999997,1685,13,2.27292464590835
best_model.pt,64168581,20260207,760.80664,1.0,[34.04220685],130.08594423872333,5.8484922351052475,0.9999999999999997,0.19047353886283105,760.8066406249998,91,29,4.8484922351052475
best_model.pt,64169222,20260207,159.72878,1.0,[167.88089814],49.40152267799787,3.2332762864873534,0.9999999999999997,0.7818181818181819,159.728775024414,43,1,2.2332762864873534
best_model.pt,64169441,20260207,1000.0,42.0,[1.0633209],0.0,0.0,0.0,0.0,0.0,0,72,-1.0
best_model.pt,64169699,20260207,8.33142,3.52,[0.03167758],1.0591658247139017,7.866012936171447,0.9999998855328129,0.7473684210526316,8.331419944763185,20,2,1.2346627780665502
best_model.pt,64169776,20260207,2.2580645,3.34,[0.18611519],0.14110288134030746,16.002851849214697,0.999999577658694,1.0,2.2580645084381104,2,1,3.791273131872146
best_model.pt,64170247,20260207,4.5454545,2.5,[0.04801175],0.3492377998065915,13.015319330564035,0.9999997901916924,0.8333333333333334,4.545454502105713,8,6,4.206127732225614
best_model.pt,64170496,20260207,1000.0,28.6,[0.64915828],0.0,0.0,0.0,0.0,0.0,0,8,-1.0
best_model.pt,64170856,20260207,81.96722,8.64,[0.83031726],0.8889865801000001,15.846261877376705,0.17186297891946348,0.024726549895215562,14.087130000000002,23,69,0.8340580147804232
best_model.pt,64170903,20260207,348.6739,8.64,[6.85292894],12.724149029440511,27.402528919685185,1.0000000000000013,0.06410256410256411,348.6738891601567,130,12,2.171588869306315
best_model.pt,64170958,20260207,1000.0,12.96,[0.0136183],0.009249394499999999,31.07975557150563,0.0002875,0.05257936507936507,0.2875,6,56,1.3981292808660692
best_model.pt,64171280,20260207,1000.0,300.0,[0.05140767],0.0,0.0,0.0,0.0,0.0,0,72,-1.0
best_model.pt,64171740,20260207,164.7887,1.0,[266.06601628],192.9577664324377,0.8540143186864021,1.0,0.055489006819822266,164.7886962890625,105,43,-0.1459856813135979
best_model.pt,64172255,20260207,102.14761,1.0,[2.01183042],15.895614029127119,6.426150440748305,0.9999999999999999,0.12188365650969529,102.14761352539061,44,1,5.426150440748305
best_model.pt,64172315,20260207,4.587156,41.08,[0.00782726],0.10051380977577581,45.636616426694154,0.9999997920990357,0.29353709132735945,4.587155818939209,22,13,0.11092050614746722
best_model.pt,64172392,20260207,129.05164,1.0,[14.98830036],74.91530986914853,1.7226336545221927,0.9999999999999998,0.025977269032586833,129.05163574218747,34,16,0.7226336545221927
best_model.pt,64173658,20260207,31.25,14.4,[0.00109381],0.0178699525,60.915051953722106,0.03483551787380872,0.04764752791068581,1.08861,9,57,3.2302120532930516
best_model.pt,64175878,20260207,1000.0,8.0,[1.27141677],5.8360716588,9.706547606905197,0.05664811709999999,0.0026177741826868333,56.64811709999999,32,72,0.2133184508631496
best_model.pt,64176266,20260207,1000.0,12.0,[0.15505693],50.8162610842006,19.678739816459522,1.0000000000000007,0.32352388046297614,1000.0000000000006,427,3,0.6398949847049602
best_model.pt,64176572,20260207,115.27819,57.19,[4.0179322],1.1750526661202159,98.10461763284204,1.0000000000000002,0.03009545423793445,115.278190612793,85,11,0.7154156319042999
best_model.pt,64176703,20260207,26.574802,68.0,[0.28773573],0.20225312880000001,116.84661341756501,0.8892900857462699,0.00039745627980922096,23.632710000000003,2,72,0.718332550258309
best_model.pt,64176991,20260207,7419.014,115.14,[69.784204],9.9256838704,127.72726861318428,0.1708826254059474,0.00996347728555112,1267.7806176114,1103,41,0.10932142861091147
best_model.pt,64177035,20260207,237.66125,12.0,[24.48548763],11.06723485725022,21.474310112142337,1.0000000000000007,0.04510655086813848,237.66125488281264,139,18,0.7895258426785281
best_model.pt,64177389,20260207,7.38779,3.93,[4.29372054],0.5761059288608701,12.823644071947335,0.9999998709121175,0.0036036036036036037,7.387790203094482,6,9,2.2630137033378293
best_model.pt,64177756,20260207,2484.6904,136.93,[37.0589491],0.0,0.0,0.0,0.0,0.0,0,39,-1.0
best_model.pt,64177878,20260207,1000.0,32.0,[0.0025462],0.0,0.0,0.0,0.0,0.0,0,51,-1.0
best_model.pt,64178557,20260207,1000.0,31.31,[0.08861221],0.0,0.0,0.0,0.0,0.0,0,72,-1.0
best_model.pt,64178983,20260207,4.4334974,3.12,[2.10552678],0.7698439752001432,5.758948322993767,0.9999997848935007,0.7619047619047619,4.433497428894043,8,2,0.845816837894468
best_model.pt,64179227,20260207,56.35257,15.02,[0.25655194],2.5376585597671015,22.206512833128002,0.9999999999999994,0.4647887323943662,56.3525695800781,33,1,0.4784628599428372
best_model.pt,64179291,20260207,1000.0,12.93,[0.06073669],1.6555761799999997,14.470137840387485,0.023956429999999997,0.7456140350877193,23.956429999999997,29,19,0.11911349565824825
best_model.pt,64179450,20260207,1000.0,30.0,[0.0473906],0.0,0.0,0.0,0.0,0.0,0,68,-1.0
best_model.pt,64179691,20260207,1000.0,12.7,[0.12804488],1.6234100429,18.867544442277612,0.030629779999999995,0.583948051948052,30.629779999999997,79,25,0.4856334429637562
best_model.pt,64179851,20260207,1000.0,10.01,[0.32558548],62.86190109714076,15.907886440577231,0.9999999999999989,0.580037690315758,999.9999999999989,318,2,0.5891994082755597
best_model.pt,64180437,20260207,1000.0,36.3,[0.07243699],0.0,0.0,0.0,0.0,0.0,0,4,-1.0
best_model.pt,64180551,20260207,1000.0,86.31,[0.010913],0.0,0.0,0.0,0.0,0.0,0,37,-1.0
best_model.pt,64180824,20260207,1000.0,11.0,[0.46331292],0.0921982304,37.366255499677145,0.0034451399999999997,0.004582234367494177,3.44514,14,72,2.3969323181524675
best_model.pt,64180855,20260207,1000.0,82.32,[5.14017745],13.729592562830373,72.83536802628036,0.9999999999999999,0.10692591547543558,999.9999999999999,199,12,-0.1152166144764963
best_model.pt,64181008,20260207,1000.0,30.8,[0.1026294],0.0,0.0,0.0,0.0,0.0,0,6,-1.0
best_model.pt,64182141,20260207,1000.0,30.45,[0.22106837],0.0,0.0,0.0,0.0,0.0,0,71,-1.0
best_model.pt,64182450,20260207,1000.0,30.2,[3.89321092],14.459384919322048,69.15923024529707,0.9999999999999998,0.0970176503713089,999.9999999999998,534,12,1.2900406787461816
best_model.pt,64182863,20260207,43.47826,19.85,[0.05433193],1.4150574009823653,30.72541741747168,0.9999999999999997,0.4489795918367347,43.47826004028319,22,1,0.5478799409069189
best_model.pt,64183074,20260207,250.0,12.0,[3.24779406],4.591610731211918,54.44711239423861,0.9999999999999993,0.12213622291021672,249.99999999999983,124,17,3.5372593661865506
best_model.pt,64183342,20260207,25.0,32.0,[0.13441109],0.10503566259999998,39.62901997230822,0.16649998729705906,0.002720338204209172,4.1625,2,31,0.2384068741346319
best_model.pt,64184353,20260207,0.83752096,3.05,[0.07571914],0.018547510944632268,45.153002281052224,0.9999987901464115,0.875,0.837520956993103,4,4,13.80426327441787
best_model.pt,64185135,20260207,250.0,28.0,[0.42110049],0.28276340990000004,35.68260235992309,0.04035908,8.296827293243064e-05,10.08977,5,72,0.27437865571153885
best_model.pt,64185273,20260207,1000.0,10.57,[0.24917867],0.133162071,18.071676944128154,0.0024064800000000003,0.004298518383025425,2.40648,7,71,0.709714045968919
best_model.pt,64186013,20260207,82.85865,10.0,[0.71754633],3.5306364226129503,23.468467670123314,1.0,0.21875,82.85865020751953,7,1,1.3468467670123314
best_model.pt,64188498,20260207,1000.0,26.98,[0.00055345],0.4896678287,88.12594854069789,0.04315253000000001,0.012216870104478396,43.152530000000006,238,21,2.2663435891738817
best_model.pt,64188787,20260207,125.0,1.2,[5.286193],26.193481735013766,4.772179448779754,1.0,0.12254499886078833,125.0,100,10,2.97681604929199
best_model.pt,64189196,20260207,96.95803,32.41,[4.22056064],1.4446201716032543,67.11657880043295,0.9999999999999999,0.05,96.95803070068358,18,10,1.070860201062053
best_model.pt,64190160,20260207,111.111115,2.0,[24.9558895],26.139628949905664,4.250676643658993,0.9999999999999998,0.05720844811753902,111.1111145019531,42,22,1.1253383218294966
best_model.pt,64190436,20260207,111.111115,2.0,[74.29364538],26.884276954899434,4.132940251858394,1.0000000000000002,0.7291666666666666,111.11111450195315,35,1,1.066470125929197
best_model.pt,64190638,20260207,105.33542,1.76,[48.29596847],28.029635802831457,3.758001555358408,1.0000000000000002,0.12318583943272599,105.33541870117189,89,19,1.135228168023597
best_model.pt,64191414,20260207,17.857143,12.0,[0.00072937],0.2802513071671542,63.71809596360921,0.9999998931884915,0.8,17.857143402099613,6,4,4.309841330300768
best_model.pt,64192256,20260207,3.6057692,102.0,[0.00166132],0.0025784421,954.7723517422625,0.6830108199159782,9.935419771485345e-05,2.46278,2,30,8.360513252375123
best_model.pt,64192383,20260207,89.25466,25.49,[9.17800014e-05],0.001451191,30.5056290804722,0.0004963326197835724,0.0014005602240896359,0.0443,1,34,0.19676851135311002
best_model.pt,64192413,20260207,1000.0,58.55,[0.03213252],0.0,0.0,0.0,0.0,0.0,0,72,-1.0
best_model.pt,64193332,20260207,61.98347,6.9,[3.1744757],3.0440555414644157,20.362128650517587,1.0000000000000002,0.0808080808080808,61.983470916748054,42,22,1.9510330969688607
best_model.pt,64193931,20260207,720.20166,1.8,[843.92260453],180.7170610753711,3.985244402965547,1.0,0.6256983240223464,720.20166015625,336,1,1.2140247269658182
best_model.pt,64194238,20260207,81.57953,21.79,[4.45851736],2.226641584693256,36.63790918641404,1.0,0.08088235294117647,81.57952880859375,55,10,0.6814092541091278
best_model.pt,64196351,20260207,1000.0,10.57,[3.18001135],9.105957870400001,21.28785345496348,0.193846318,0.33269476372924645,193.846318,97,29,1.013988086053346
best_model.pt,64196611,20260207,500.0,1.2,[6.22487524],102.1802174356378,4.893315043311874,0.9999999999999996,0.1342003367003367,499.9999999999998,160,9,3.07776237405751
best_model.pt,64197886,20260207,1000.0,14.01,[0.03866824],0.630011351,225.02228690434035,0.14176682,0.3888888888888889,141.76682,16,27,15.061547696512765
best_model.pt,64198178,20260207,1000.0,8.0,[0.12623137],56.0250974252,13.077887743084041,0.7326899480000001,0.08083775019347113,732.6899480000001,131,59,0.6347359678855051
best_model.pt,64199262,20260207,461.9958,1900.0,[0.08203797],0.0,0.0,0.0,0.0,0.0,0,50,-1.0
best_model.pt,64199904,20260207,1000.0,14.08,[67.29315014],0.0,0.0,0.0,0.0,0.0,0,12,-1.0
best_model.pt,64200053,20260207,1000.0,114.63,[0.27731372],0.0,0.0,0.0,0.0,0.0,0,50,-1.0
best_model.pt,64200059,20260207,1000.0,114.63,[0.05527998],0.31206346879999997,205.6352017477743,0.06417144000000001,0.048,64.17144,2,25,0.7939039228376391
best_model.pt,64200276,20260207,1000.0,16.91,[0.001609],0.14324032930000002,44.79314755982231,0.006416229999999999,0.18889836788625863,6.41623,51,26,1.648914722886731
best_model.pt,64200313,20260207,1000.0,86.47,[0.70928453],0.0,0.0,0.0,0.0,0.0,0,54,-1.0
best_model.pt,64200567,20260207,1000.0,10.57,[0.01060537],5.4743240788,37.01128213679513,0.20261179,0.004474080111561858,202.61179,50,72,2.501540511388883
best_model.pt,64200673,20260207,1000.0,10.57,[0.31031617],7.8797092616,35.39712511502479,0.27891909,0.014729372981961641,278.91909,145,72,2.348829341249423
best_model.pt,64200712,20260207,1000.0,160.82,[0.39844301],0.0,0.0,0.0,0.0,0.0,0,72,-1.0
best_model.pt,64200779,20260207,1000.0,10.57,[0.06432173],1.0562140617,37.472179137738586,0.039578680000000005,0.001789400149197145,39.578680000000006,12,72,2.5451447700691494
best_model.pt,64200992,20260207,1000.0,10.57,[0.01700329],17.7384445521,33.01877686112471,0.5857017755479998,0.01629386927198196,585.7017755479999,414,72,2.1238200392089808
best_model.pt,64201906,20260207,56.6968,11.0,[10.7264513],3.149373712585651,18.00255777928224,1.0,0.0444489456034929,56.696800231933594,11,15,0.6365961617529311
best_model.pt,64201946,20260207,160.0,75.0,[0.45647869],0.0,0.0,0.0,0.0,0.0,0,63,-1.0
best_model.pt,64202035,20260207,1000.0,100.04,[0.03962144],0.0,0.0,0.0,0.0,0.0,0,40,-1.0
best_model.pt,64202122,20260207,5.524862,84.77,[0.01404924],0.0,0.0,0.0,0.0,0.0,0,59,-1.0
best_model.pt,64203094,20260207,137.93103,26.6,[0.0356459],0.0,0.0,0.0,0.0,0.0,0,55,-1.0
best_model.pt,64203381,20260207,1000.0,46.06,[8.86759623],10.699796416592884,93.45971340067003,1.0000000000000004,0.05656884911825313,1000.0000000000003,289,15,1.0290862052571466
best_model.pt,64206422,20260207,70.27027,20.7,[0.08656669],2.41607852216823,29.084419886232812,1.0000000000000002,0.5227272727272727,70.27027130126955,23,1,0.40504438716275437
best_model.pt,64207947,20260207,43.54541,34.69,[0.40575361],0.0,0.0,0.0,0.0,0.0,0,48,-1.0
best_model.pt,64209682,20260207,91.666664,19.44,[0.06888159],3.216974974744073,28.494668546857174,0.9999999999999999,0.711864406779661,91.66666412353514,42,1,0.46577509074325213
best_model.pt,64210201,20260207,72.20216,3.4,[0.64618709],13.559837414236968,5.32470679152647,1.0000000000000007,0.9545454545454546,72.2021636962891,21,1,0.5660901888742562
best_model.pt,64210247,20260207,72.20216,3.4,[10.80544793],31.276783765121195,2.308490602167217,1.0,0.07308746832126492,72.20216369628906,32,14,-0.3210321948777055
best_model.pt,64210997,20260207,1000.0,29.6,[14.71985225],18.82813089460188,53.1120137461277,1.0000000000000007,0.03875968992248062,1000.0000000000006,175,15,0.7943247655961866
best_model.pt,64211273,20260207,1000.0,56.52,[0.04730717],0.340113173,346.39932514661785,0.11781532000000003,0.012307692307692308,117.81532000000003,6,65,5.128791973479822
best_model.pt,64211279,20260207,1000.0,29.6,[22.07498259],18.06522833246304,55.3549573933728,1.0000000000000002,0.03531746031746032,1000.0000000000001,178,16,0.8700998878373752
best_model.pt,64211664,20260207,74.95335,25.49,[0.40762028],0.0,0.0,0.0,0.0,0.0,0,36,-1.0
best_model.pt,64212391,20260207,91.666664,19.44,[1.62687806],0.0,0.0,0.0,0.0,0.0,0,65,-1.0
best_model.pt,64212826,20260207,1000.0,79.63,[0.03218035],0.0,0.0,0.0,0.0,0.0,0,59,-1.0
best_model.pt,64213114,20260207,75.757576,30.26,[0.02796684],0.0,0.0,0.0,0.0,0.0,0,64,-1.0
best_model.pt,64213169,20260207,31.25,48.29,[0.32624697],0.0,0.0,0.0,0.0,0.0,0,34,-1.0
best_model.pt,64213358,20260207,1000.0,1.03,[0.44383522],406.0304238156807,2.462869624742909,0.9999999999999994,0.9648797628972289,999.9999999999994,310,7,1.3911356244212116
best_model.pt,64213628,20260207,4.5454545,2.5,[0.00124408],0.28869389234374876,15.74483866064885,0.9999997901916924,1.0,4.545454502105713,7,4,5.29793546425954
best_model.pt,64213821,20260207,1000.0,18.5,[0.20029994],0.0,0.0,0.0,0.0,0.0,0,66,-1.0
best_model.pt,64215562,20260207,250.0,1.0,[0.12904759],51.45048761795746,4.859040345687676,0.9999999999999993,0.9302661734550279,249.99999999999983,220,5,3.859040345687676
best_model.pt,64215857,20260207,1000.0,32.86,[0.03517849],0.26665659939999997,45.51248502689402,0.012136250000000001,0.15875,12.13625,8,20,0.38504212360107715
best_model.pt,64217599,20260207,4.0444894,17.6,[0.16224127],0.14734368558364064,27.44917041070778,0.9999997642040809,0.5,4.04448938369751,5,1,0.5596119213501731
best_model.pt,64218012,20260207,833.3333,5.0,[4.91152227],71.9975020690232,11.574475189637806,0.9999999999999993,0.3812938202100763,833.3333129882807,550,21,1.314895037927561
best_model.pt,64218299,20260207,833.3333,5.0,[4.2027203],82.10940116684033,10.149060777412668,1.0000000000000007,0.2919440686355387,833.3333129882818,328,20,1.0298121554825337
best_model.pt,64218618,20260207,1000.0,72.88,[0.24709976],0.0,0.0,0.0,0.0,0.0,0,54,-1.0
best_model.pt,64218716,20260207,1000.0,86.0,[0.02298088],0.0,0.0,0.0,0.0,0.0,0,48,-1.0
best_model.pt,64218859,20260207,833.3333,5.0,[3.25121905],30.3351093539,8.73850862803668,0.3181003560381219,0.38958333333333334,265.08362356,135,25,0.7477017256073359
best_model.pt,64219175,20260207,100.0,12.0,[0.05150705],4.950793744199354,20.198777199795238,1.0,0.5428571428571428,100.0,57,1,0.6832314333162698
best_model.pt,64220364,20260207,46.8393,21.41,[1.42900325],0.19964993009999998,42.19414352730831,0.17985111466325954,0.00011384335154826958,8.4241,1,72,0.9707680442794793
best_model.pt,64221144,20260207,50.0,2.7,[5.91637426],7.594113385114635,6.5840462053094635,1.0000000000000007,0.07959890208410919,50.00000000000003,43,13,1.4385355885300095
best_model.pt,64221740,20260207,1000.0,86.31,[4.46735084],3.4951916485909535,286.10726232876993,1.0000000000000002,0.05423844692913335,1000.0000000000002,3573,11,2.3148797407222577
best_model.pt,64223277,20260207,320.8255,6.0,[74.70335045],17.26984842827051,18.577203108852487,1.0000000000000002,0.005155933181951282,320.8255004882813,24,18,2.0962005181420813
best_model.pt,64223652,20260207,62.5,2.3,[6.48428271],7.281058908844235,8.583915086879296,1.0000000000000004,0.0759831996945399,62.50000000000003,31,13,2.7321370716702
best_model.pt,64223859,20260207,254.73218,17.2,[24.39700387],0.11694266718464938,2178.2468761832397,0.9999999999999999,0.03231819468024901,254.73217773437497,13,19,125.6422546257481
best_model.pt,64224268,20260207,84.22965,3.0,[5.89004207],5.342027180710451,15.767354561874143,1.0,0.2872222222222222,84.22965240478516,46,15,4.255784853958048
best_model.pt,64224566,20260207,35.714287,72.0,[0.13725183],0.0,0.0,0.0,0.0,0.0,0,72,-1.0
best_model.pt,64225909,20260207,140.0,2.18,[60.84526442],27.645964125747618,5.0640301166267925,0.9999999999999996,0.040832315832315835,139.99999999999994,58,15,1.3229495236482485
best_model.pt,64226179,20260207,1000.0,9.0,[0.54941744],32.7074515671718,30.574071702658163,1.0000000000000013,0.2572671292696556,1000.0000000000014,753,3,2.3971190780731293
best_model.pt,64226642,20260207,1000.0,25.05,[2.91122511],4.808240791287018,207.97622985850947,1.0000000000000002,0.1057789506570197,1000.0000000000001,1459,25,7.302444558593692
best_model.pt,64227028,20260207,1000.0,8.0,[0.05390942],20.317011299700003,17.430010775020744,0.3541257433,0.023007573238658617,354.1257433,171,72,1.178751346877593
best_model.pt,64227071,20260207,1000.0,75.77,[0.17015412],0.3799921025,78.7941933761811,0.029941250000000003,0.04513888888888888,29.941250000000004,6,40,0.03991285293783146
best_model.pt,64228142,20260207,1000.0,25.88,[16.33815986],1.6521201292183394,605.2824955232701,0.9999999999999994,0.05563324997863343,999.9999999999994,930,21,22.388041543713125
best_model.pt,64228417,20260207,80.0,141.02,[0.80620584],0.0,0.0,0.0,0.0,0.0,0,65,-1.0
best_model.pt,64228755,20260207,3.2894738,39.44,[0.0260496],0.0,0.0,0.0,0.0,0.0,0,65,-1.0
best_model.pt,64228902,20260207,5.4945054,90.0,[0.03902984],0.37804637262059493,14.53390713269224,0.9999998211860657,0.011904761904761904,5.494505405426025,1,3,-0.8385121429700862
best_model.pt,64228972,20260207,841.61334,1.0,[43.75729825],308.1954028617823,2.730778368981122,0.9999999999999999,0.01805231544063801,841.6133422851561,153,16,1.730778368981122
best_model.pt,64229089,20260207,1000.0,3.94,[8.43509239],116.53948395442366,8.580782731201191,0.9999999999999997,0.23460404995331466,999.9999999999997,254,17,1.1778636057316842
best_model.pt,64229552,20260207,41.666668,1.4,[7.18596147],13.75969980025413,3.0281667125685527,1.0000000000000004,0.10815321477428182,41.666667938232436,46,17,1.162976260098518
best_model.pt,64229916,20260207,1000.0,9.5,[2.26966903],32.52286949703616,30.747593454001294,1.0000000000000009,0.03938843767159437,1000.0000000000008,715,20,2.236588784631715
best_model.pt,64230568,20260207,22.40209,280.0,[0.1572515],0.0,0.0,0.0,0.0,0.0,0,72,-1.0
best_model.pt,64230865,20260207,4.6641793,27.0,[0.07598886],0.046223177969716915,100.90345637210524,0.9999997955322778,0.11224489795918367,4.664179325103759,11,1,2.7371650508187124
best_model.pt,64233051,20260207,1000.0,56.0,[0.0003873],0.0014401579000000002,67.99393737493996,9.798999999999999e-05,0.003676470588235294,0.09799,2,68,0.21417745312392786
best_model.pt,64233843,20260207,223.26955,80.0,[4.27981141],11.368107407203548,19.639990973987498,0.9999999999999999,0.11526832955404383,223.26954650878903,6,21,-0.7545001128251563
best_model.pt,64234222,20260207,1000.0,30.0,[2.69402092],12.430816597144933,80.44523155336749,0.9999999999999994,0.04150829135860455,999.9999999999994,738,21,1.681507718445583
best_model.pt,64234606,20260207,1000.0,23.0,[0.31791199],0.3326123792,27.94117910215442,0.00929361,0.00018291567587342235,9.293610000000001,3,71,0.21483387400671383
best_model.pt,64235463,20260207,1000.0,24.0,[0.0842021],0.0,0.0,0.0,0.0,0.0,0,69,-1.0
best_model.pt,64238374,20260207,1000.0,50.18,[0.04664409],0.049131414000000005,360.98531612959215,0.01773608,0.0010355599484914416,17.73608,21,72,6.193808567840096
best_model.pt,64238409,20260207,1000.0,50.18,[5.55777465],11.20793232551533,89.22251506648925,0.9999999999999984,0.18444726119518015,999.9999999999984,1705,14,0.7780493129508104
best_model.pt,64238938,20260207,41.666668,1.51,[3.04262653],11.796402947020471,3.53214997768507,1.0000000000000002,0.13702563807826965,41.66666793823243,54,15,1.3391721854259302
best_model.pt,64239841,20260207,41.666668,1.29,[12.53540546],17.83330649197454,2.3364520550651373,1.0000000000000002,0.05473070765289786,41.66666793823243,11,15,0.8112031970209738
best_model.pt,64240263,20260207,41.666668,1.29,[18.52793201],6.952535051990935,5.993017170518763,0.9999999999999997,0.32989690721649484,41.66666793823241,32,1,3.645749881969036
best_model.pt,64240994,20260207,1000.0,50.18,[15.0738597],10.84192004210286,92.23457689063227,1.0000000000000002,0.020440548014077426,1000.0000000000001,114,16,0.8380744585431738
best_model.pt,64241021,20260207,1000.0,64.69,[0.10863395],0.0,0.0,0.0,0.0,0.0,0,71,-1.0
best_model.pt,64241038,20260207,33.766235,29.2,[0.03588879],0.0,0.0,0.0,0.0,0.0,0,31,-1.0
best_model.pt,64241684,20260207,1000.0,45.34,[0.85736613],0.22370696169999998,63.676052884978745,0.014244839999999998,0.00493006993006993,14.244839999999998,3,44,0.40441227769480453
best_model.pt,64242045,20260207,25.0,1.67,[5.94618043],1.3774453345162532,18.149527407018567,0.9999999237060605,0.0888852225424633,25.0,44,10,9.867980762527965
best_model.pt,64242210,20260207,83.333336,10.11,[1.84133422],3.1864466025961957,26.152426234333188,1.0,0.2318181818181818,83.33333587646484,23,44,1.5867880437622535
best_model.pt,64243018,20260207,1000.0,23.0,[6.04487362],21.68635375260138,46.11194511055604,1.000000000000001,0.060062893081761,1000.000000000001,191,12,1.004867178719828
best_model.pt,64243086,20260207,1000.0,24.0,[10.58976309],27.14131684131242,36.84419473832173,1.0000000000000009,0.11363421709505499,1000.0000000000009,171,15,0.5351747807634055
best_model.pt,64243116,20260207,463.68225,15.2,[13.35479374],10.07635506604549,46.0168584692081,0.9999999999999986,0.041836734693877546,463.6822509765618,123,15,2.027424937279183
best_model.pt,64243513,20260207,2.0408163,14.0,[0.00910626],0.023724910184647317,86.01635474404067,0.9999995326997989,0.8333333333333333,2.040816307067871,5,2,5.144025338860048
best_model.pt,64243585,20260207,1000.0,30.39,[0.01763267],0.0,0.0,0.0,0.0,0.0,0,38,-1.0
best_model.pt,64243604,20260207,1000.0,38.5,[0.0999369],0.0,0.0,0.0,0.0,0.0,0,4,-1.0
best_model.pt,64244911,20260207,1000.0,30.0,[6.12185766],13.551551908819333,73.79228098273538,1.000000000000001,0.06677852348993288,1000.0000000000011,398,10,1.4597426994245126
best_model.pt,64245196,20260207,307.34167,250.0,[1.72028606],0.0,0.0,0.0,0.0,0.0,0,36,-1.0
best_model.pt,64245999,20260207,18.21862,43.2,[0.31121027],0.03657556772921999,498.09540455428316,0.9999998953077457,0.04065934065934066,18.218620300292972,37,1,10.529986012907452
best_model.pt,64246040,20260207,1000.0,51.84,[0.83838083],0.0,0.0,0.0,0.0,0.0,0,72,-1.0
best_model.pt,64247345,20260207,1000.0,25.0,[0.0607089],0.3306875027,34.6094282279382,0.011444939999999999,4.748338081671415e-05,11.444939999999999,2,72,0.38437712911752814
best_model.pt,64247673,20260207,6.11573,14.0,[0.14810144],0.14871522983810526,41.12348608800162,0.999999844062083,0.39285714285714285,6.115729808807373,8,3,1.937391863428687
best_model.pt,64248486,20260207,1000.0,24.0,[4.04282521],17.141640579363663,58.33746991909298,1.0000000000000013,0.05489705237530435,1000.0000000000013,313,11,1.4307279132955408
best_model.pt,64248889,20260207,53.68735,12.0,[7.09505986],1.1695119362068547,45.90573525499749,0.9999999999999999,0.005244755244755245,53.68735122680663,3,11,2.825477937916457
best_model.pt,64249042,20260207,833.3333,4.88,[0.32767758],60.24066344210001,7.9364315055575005,0.5737151026395163,0.14473696137764225,478.09590719399995,271,70,0.6263178933279073
best_model.pt,64249960,20260207,17.857143,10.8,[0.87674383],0.5179497358515806,34.47652868518483,0.9999998931884913,0.1836734693877551,17.85714340209961,9,1,2.1922711181766146
best_model.pt,64250556,20260207,111.111115,22.0,[2.88627989],1.038240993076137,107.01851325888823,0.9999999999999998,0.0625,111.1111145019531,12,16,3.8644778754040106
best_model.pt,64251345,20260207,169.62833,1.76,[95.44074051],57.1161085452297,2.969885865242426,1.0000000000000004,0.20566936890423787,169.62832641601568,128,20,0.6874351598494668
best_model.pt,64251558,20260207,9.98865,11.0,[1.036859],0.3531927004876745,28.280941330970958,0.9999999045242155,0.09433962264150944,9.98865032196045,5,1,1.5709946664519052
best_model.pt,64251856,20260207,1000.0,14.0,[0.60129731],21.263283654800002,13.432808638129314,0.285625633786,0.019631073243353305,285.625633786,185,71,-0.04051366870504897
best_model.pt,64252001,20260207,500.0,31.59,[2.26782736],5.92278809977789,84.41968666734235,1.0000000000000002,0.14741712819581826,500.0000000000001,200,28,1.6723547407272357
best_model.pt,64252871,20260207,28.571428,12.78,[1.17955721],0.0808963273823528,353.18136239421494,0.9999999332428017,0.125,28.571428298950195,4,1,26.635474943167676
best_model.pt,64253222,20260207,217.39215,14.0,[24.12620259],8.213825496769745,26.466611020381336,1.0000000000000004,0.05080213903743316,217.39215087890634,76,17,0.890472215741524
best_model.pt,64253303,20260207,1000.0,23.0,[3.34593829],18.021018685358673,55.490755654212975,1.0000000000000002,0.04889543446244477,1000.0000000000001,332,14,1.4126415501831728
best_model.pt,64253514,20260207,16.666666,58.15,[0.2790061],0.10024605810000001,76.6620003185909,0.46110836482022366,0.012896825396825396,7.6851400000000005,3,56,0.31834906804728913
best_model.pt,64254884,20260207,1000.0,163.18,[0.00123474],0.0,0.0,0.0,0.0,0.0,0,49,-1.0
best_model.pt,64254890,20260207,1000.0,163.18,[0.03912288],0.0,0.0,0.0,0.0,0.0,0,56,-1.0
best_model.pt,64254998,20260207,1000.0,10.57,[0.4476095],0.08919528550000001,17.546246362467635,0.0015650599999999998,0.02095959595959596,1.56506,6,66,0.6600044341590147
best_model.pt,64255309,20260207,25.09375,24.0,[0.54988274],0.007307712,22.307624106682546,0.006497234873524602,0.0001658374792703151,0.16304000000000002,1,67,-0.07051566222156058
best_model.pt,64255540,20260207,1000.0,2.0,[73.34858512],250.78164102033526,3.9875327075133833,0.9999999999999996,0.5965346534653465,999.9999999999995,482,1,0.9937663537566916
best_model.pt,64255680,20260207,606.9564,1.48,[329.98201287],207.02832890733376,2.931755384251584,1.0000000000000024,0.7214076246334311,606.956420898439,246,1,0.9809157746409556
best_model.pt,64255726,20260207,1206.6909,2.0,[945.91496486],368.41946313614784,3.2753180421619166,1.0000000000000002,0.06596674112683047,1206.6909179687502,398,17,0.6376590210809583
best_model.pt,64255761,20260207,3419.8564,2.0,[2706.63781902],1232.2409015043017,2.775314825503904,1.0,0.05777966765221318,3419.8564453125,1225,21,0.3876574127519521
best_model.pt,64255796,20260207,1000.0,2.0,[198.59441722],308.93049148753755,3.236974090669736,1.0000000000000007,0.05807528490848394,1000.0000000000006,489,14,0.6184870453348681
best_model.pt,64256201,20260207,1000.0,16.17,[0.65014249],0.0011683563999999999,23.23500346002297,2.717e-05,0.0005952380952380952,0.02717,1,70,0.4369204298326927
best_model.pt,64256247,20260207,43.15131,16.1,[2.16150144],1.3186277863676485,32.7243803662951,1.0,0.03428571428571428,43.151309967041016,12,25,1.0325701609273985
best_model.pt,64256707,20260207,51.54639,14.0,[2.07560502],1.1808292418035606,43.652668020017025,0.9999999999999999,0.030925925925925926,51.54639053344726,167,24,2.1180477157155018
best_model.pt,64256969,20260207,1000.0,61.25,[0.09872949],0.0121366635,71.53848020255299,0.00086831,0.005555555555555556,0.8683099999999999,2,66,0.16797518698045696
best_model.pt,64257309,20260207,1000.0,86.0,[0.05459049],0.044416863200000004,90.68175976551703,0.00402789,8.673779165582444e-05,4.02789,1,61,0.05443906704089568
best_model.pt,64257560,20260207,1000.0,146.47,[0.00332099],0.0,0.0,0.0,0.0,0.0,0,56,-1.0
best_model.pt,64257941,20260207,1000.0,49.28,[0.5970099],0.0,0.0,0.0,0.0,0.0,0,71,-1.0
best_model.pt,64258631,20260207,1000.0,35.4,[0.0152289],0.0,0.0,0.0,0.0,0.0,0,71,-1.0
best_model.pt,64259714,20260207,314.21,2.7,[23.15615653],49.46949946718226,6.3515901411521805,0.9999999999999997,0.21077737092388976,314.209991455078,161,19,1.3524407514737276
best_model.pt,64259874,20260207,283.01886,56.1,[1.1502193],3.380351082678038,83.72466918861998,1.0000000000000002,0.024239169351951306,283.0188598632813,94,63,0.49241838620088624
best_model.pt,64259903,20260207,1000.0,13.2,[0.0666874],0.28593834009999997,470.6903567481515,0.13458889,0.031307333539476394,134.58889,9,56,34.658360874957886
best_model.pt,64259917,20260207,1000.0,13.2,[0.1527455],0.3963932294,432.1738494006442,0.17131122,0.014583333333333332,171.31122,3,48,31.74044360949911
best_model.pt,64260084,20260207,1000.0,35.0,[0.00042429],0.015543747999999998,23.200762083759738,0.00036064999999999996,0.5,0.36064999999999997,11,17,-0.33712108332115037
best_model.pt,64260409,20260207,1000.0,96.5,[0.17181614],0.0,0.0,0.0,0.0,0.0,0,40,-1.0
best_model.pt,64260426,20260207,1000.0,131.27,[0.01016224],0.0,0.0,0.0,0.0,0.0,0,72,-1.0
best_model.pt,64260699,20260207,27.777779,35.4,[1.26097145],0.6933203782424722,40.06479462079083,0.9999999313354561,0.045454545454545456,27.77777862548828,3,2,0.13177381056048146
best_model.pt,64260763,20260207,1000.0,176.43,[2.94699993e-05],2.647648405990061,377.6935109828335,0.9999999999999998,0.3503968253968253,999.9999999999998,24,6,1.140755691561506
best_model.pt,64261065,20260207,1000.0,121.55,[0.0688724],0.0,0.0,0.0,0.0,0.0,0,72,-1.0
best_model.pt,64261251,20260207,1000.0,79.04,[0.30957018],0.0,0.0,0.0,0.0,0.0,0,46,-1.0
best_model.pt,64261557,20260207,1236.219,41.08,[3.17424685],10.89934445348317,113.42139758911482,1.0000000000000004,0.014156557942054464,1236.2189941406255,181,15,1.7609881337291762
best_model.pt,64261838,20260207,1000.0,39.04,[3.23005535],9.744278328469031,102.62431589767598,0.9999999999999998,0.05090032766218941,999.9999999999998,153,17,1.6286965545858711
best_model.pt,64264364,20260207,171.42857,20.47,[1.13009189],0.0,0.0,0.0,0.0,0.0,0,72,-1.0
best_model.pt,64264474,20260207,1000.0,42.65,[0.04366323],0.0447237496,40.08228142209654,0.00179267,0.0014925373134328358,1.79267,1,67,-0.06020445514461091
best_model.pt,64264541,20260207,283.4929,40.51,[0.44214113],0.0,0.0,0.0,0.0,0.0,0,72,-1.0
best_model.pt,64265070,20260207,10.42728,14.5,[1.16956042],0.0094778923,16.936578127383086,0.015396151130298099,0.00017041581458759374,0.16053999999999996,2,72,0.16803987085400596
best_model.pt,64265671,20260207,363.78366,3.0,[0.47237063],0.8318358657999999,11.594088211905262,0.0265113336218568,0.0025169422534618616,9.64439,11,72,2.8646960706350875
best_model.pt,64265818,20260207,103.28789,3.0,[2.21127258],3.43004099556833,30.11271806779386,0.9999999999999998,0.02148664343786295,103.28788757324216,37,21,9.03757268926462
best_model.pt,64267444,20260207,72.20216,3.4,[0.00528562],12.637832109446975,5.713175911645553,1.0000000000000002,1.0,72.20216369628908,21,1,0.6803458092339086
best_model.pt,64268049,20260207,1000.0,91.46,[0.09903829],0.0,0.0,0.0,0.0,0.0,0,71,-1.0
best_model.pt,64269101,20260207,1000.0,2.08,[48.04075789],326.2026328007252,3.065579171904825,1.0000000000000002,0.14183293883835757,1000.0000000000001,2501,13,0.47383619439884767
best_model.pt,64269326,20260207,1000.0,148.86,[0.03315929],0.0,0.0,0.0,0.0,0.0,0,60,-1.0
best_model.pt,64270053,20260207,4.464286,66.55,[0.03686608],0.06409349163832573,69.65163052881525,0.9999997615814209,0.022727272727272728,4.464285850524902,1,11,0.046605970470733275
best_model.pt,64272249,20260207,8.23428,6.0,[0.8628781],0.10767534897644696,76.47250032938543,0.9999998841824362,0.2857142857142857,8.23427963256836,2,1,11.745416721564238
best_model.pt,64273314,20260207,2.22544,16.41,[0.08411338],0.05335293649366195,41.71088717313212,0.9999995714672618,0.21951219512195122,2.22544002532959,9,1,1.5417969263241653
best_model.pt,64273516,20260207,1.7391304,22.76,[0.03709376],0.023212324407794617,74.91948792933346,0.9999994516375509,0.15,1.7391303777694704,12,1,2.2917173627380993
best_model.pt,64273883,20260207,38.46154,1.32,[24.23472569],19.6180572359,1.0325303649538646,0.526662237471316,0.03277626635574556,20.25624083,9,31,-0.21778005763273042
best_model.pt,64273959,20260207,3.27383,2.5,[0.26976729],0.37718177306803746,8.679691043022947,0.9999997086977463,0.6833333333333333,3.273829936981201,14,2,2.4718764172091787
best_model.pt,64274214,20260207,79.67624,1.6,[40.99543965],25.971169832761458,3.0678724315795547,1.0000000000000004,0.8857142857142857,79.6762390136719,31,1,0.9174202411654336
best_model.pt,64274224,20260207,20.75117,2.6,[11.85970178],4.071344382864346,5.096882542083097,0.9999999080847715,0.06782586483725005,20.75116920471191,36,13,0.9603395111675546
best_model.pt,64274496,20260207,1.4749262,4.87,[0.63466097],0.01946892357059331,75.75408439298153,0.9999993534092226,1.0,1.474926233291626,2,1,14.555253834320133
best_model.pt,64274858,20260207,1000.0,30.8,[0.05641135],0.0,0.0,0.0,0.0,0.0,0,6,-1.0
best_model.pt,64274912,20260207,1000.0,69.46,[0.00258967],0.0,0.0,0.0,0.0,0.0,0,29,-1.0
best_model.pt,64275253,20260207,17.857143,36.0,[0.00472369],0.06826443121637847,261.5839830484402,0.999999893188491,0.1053639846743295,17.857143402099606,55,1,6.266221751345561
best_model.pt,64275363,20260207,1659.0334,43.2,[67.53984918],19.685209070485733,84.27816829615817,0.9999999999999996,0.010746268656716417,1659.0334472656243,378,21,0.9508834909201895
best_model.pt,64275616,20260207,1000.0,37.4,[0.04025076],0.0,0.0,0.0,0.0,0.0,0,5,-1.0
best_model.pt,64275625,20260207,1000.0,37.4,[0.03676234],0.0,0.0,0.0,0.0,0.0,0,6,-1.0
best_model.pt,64277034,20260207,21.53507,48.0,[0.01501921],0.32635600330000003,45.500540358712136,0.6895458615022435,0.0003028639353889896,14.84942,10,72,-0.052072075860163825
best_model.pt,64277064,20260207,1000.0,10.01,[0.28716228],12.089945982200001,16.089883185625208,0.19452583466400003,0.017219751906326707,194.52583466400003,104,72,0.60738090087162
best_model.pt,64277259,20260207,6.22713,48.0,[0.00469345],0.18097774106584696,34.40807411712846,0.999999846851731,0.0012080113613432005,6.227129936218262,4,9,-0.2831651225598238
best_model.pt,64277308,20260207,1000.0,10.01,[0.02557057],4.101718368700001,14.58239294877872,0.0598128836,0.06304392065261631,59.8128836,35,69,0.45678247905571145
best_model.pt,64277365,20260207,1000.0,8.4,[0.34100227],3.6077085730000005,15.771945842271377,0.0569006,0.034415172173581865,56.900600000000004,99,70,0.8776126855385445
best_model.pt,64277430,20260207,11.111111,29.66,[0.25847866],0.0,0.0,0.0,0.0,0.0,0,72,-1.0
best_model.pt,64277460,20260207,376.40848,52.58,[3.02272637],3.8681905159794328,97.30864571422237,1.0000000000000007,0.1394935533000051,376.40847778320335,140,35,0.8506778684961959
best_model.pt,64277798,20260207,10.810811,46.93,[0.00688491],0.0,0.0,0.0,0.0,0.0,0,71,-1.0
best_model.pt,64277822,20260207,4.587156,41.08,[0.00774072],0.0099052415,26.36216773031427,0.05693068995573269,0.06999999999999999,0.26115,4,10,-0.35827247918023164
best_model.pt,64278016,20260207,1000.0,8.39,[0.0772067],3.8138746089000004,16.39971944917199,0.06254649,0.021748250978971744,62.54649,26,64,0.9546744669949665
best_model.pt,64278103,20260207,34.95034,1.0,[8.63609402],34.099695638562075,1.0249457829918658,1.0,0.6666666666666666,34.950340270996094,16,1,0.024945782991865784
best_model.pt,64278221,20260207,131.12874,1.0,[8.56348699],33.736328682947565,3.886870315640794,0.9999999999999998,0.0702779451890259,131.12873840332028,46,15,2.886870315640794
best_model.pt,64278923,20260207,285.5196,1.0,[9.06605846],14.70646720801686,19.414558835377786,1.0,0.057193543267813826,285.51959228515625,87,13,18.414558835377786
best_model.pt,64279071,20260207,908.5176,1.0,[153.88702649],148.4187740575443,6.121311658668206,0.9999999999999999,0.18926946377299692,908.5175781249999,247,18,5.121311658668206
best_model.pt,64279494,20260207,2330.6992,1.0,[4.55606586],93.18528538071251,25.011450941169272,1.0,0.2824828253225434,2330.69921875,1194,16,24.011450941169272
best_model.pt,64279763,20260207,367.64413,3.0,[87.83016903],43.93449668565891,8.368005869826762,0.9999999999999991,0.13586562548572764,367.64413452148403,429,18,1.7893352899422539
best_model.pt,64280314,20260207,148.10777,1.0,[3.05899225],61.19047616664997,2.42043827218053,1.0,0.05021329491199819,148.10777282714844,31,15,1.42043827218053
best_model.pt,64280330,20260207,818.67755,1.0,[7.66141475],197.01446663572955,4.155418437509006,1.0000000000000007,0.20953354582932088,818.6775512695318,272,18,3.155418437509006
best_model.pt,64281525,20260207,22.68966,3.15,[3.39508344],2.6077354091772547,8.700902069243636,0.999999915937544,0.22796674225245653,22.689659118652344,40,21,1.7621910494668476
best_model.pt,64282585,20260207,1000.0,75.77,[0.98138829],0.30681340910000005,51.56231106096378,0.015820059999999997,0.005780629384241564,15.820059999999998,13,72,-0.31948906763371004
best_model.pt,64282626,20260207,24.252224,2.1,[11.26059665],10.938344355449884,2.217174826759563,0.9999999213536672,0.18072289156626506,24.252223968505866,15,1,0.055797584499174754
best_model.pt,64282700,20260207,1000.0,75.77,[1.04434566],0.0,0.0,0.0,0.0,0.0,0,37,-1.0
best_model.pt,64283544,20260207,43.87046,90.0,[0.30824911],0.0,0.0,0.0,0.0,0.0,0,72,-1.0
best_model.pt,64284543,20260207,50.53481,39.0,[1.00652141],0.0028245536000000003,19.967768440138595,0.0011164581600445734,0.0001851851851851852,0.056420000000000005,1,72,-0.4880059374323437
best_model.pt,64284846,20260207,48.1084,20.0,[0.72173971],0.04319012038659962,1113.8492821414748,1.0000000000000002,0.01150886326408148,48.10839843750001,4,10,54.69246410707374
best_model.pt,64284892,20260207,39.03742,39.0,[0.31270372],0.0038395604,72.12749472707159,0.007096012277414452,9.512937595129375e-05,0.27701,1,72,0.8494229417197844
best_model.pt,64284934,20260207,1000.0,28.6,[0.16912727],0.0,0.0,0.0,0.0,0.0,0,8,-1.0
best_model.pt,64285482,20260207,1000.0,15.05,[0.30252391],2.4437942569,20.001659247839424,0.04887996000000001,0.003799200633953438,48.879960000000004,21,72,0.32901388666778353
best_model.pt,64285951,20260207,64.51613,9.5,[0.23088611],0.7805666010631864,82.65283935967061,0.9999999999999991,0.11943834207207804,64.516128540039,27,4,7.700298879965327
best_model.pt,64286119,20260207,1000.0,86.31,[0.58500253],0.0018589440000000004,79.56153518600559,0.00014798,1.231284475965327e-05,0.14798,1,72,-0.0781886521084281
best_model.pt,64287339,20260207,31.51394,9.5,[3.41815016],0.3524523768743093,89.41307667594178,0.9999999394760392,0.012987012987012988,31.513940811157223,6,14,8.411902807993872
best_model.pt,64287527,20260207,500.0,14.85,[12.79967506],13.111950254814202,38.133149695505416,1.0,0.041836734693877546,500.0,123,15,1.5678888024197695
best_model.pt,64287886,20260207,31.74603,2.66,[18.35447328],8.996985816782496,3.528518097667741,0.9999999399185199,0.09092362735104235,31.746030807495117,23,17,0.3265105202302368
best_model.pt,64287936,20260207,83.333336,2.1,[10.67199712],32.0627301477638,2.599071660253025,0.9999999999999998,0.18232044198895028,83.33333587646483,33,1,0.23765322775468317
best_model.pt,64288087,20260207,1712.0155,942.48,[2.09457732],0.0,0.0,0.0,0.0,0.0,0,45,-1.0
best_model.pt,64288096,20260207,63.04892,2.59,[30.43196639],12.217793751957437,5.160417322253115,0.9999999999999996,0.07810163757975712,63.04891967773435,118,15,0.9924391865890123
best_model.pt,64288123,20260207,1000.0,96.08,[0.01975469],0.0,0.0,0.0,0.0,0.0,0,42,-1.0
best_model.pt,64288346,20260207,1000.0,96.08,[0.07399124],0.0008190410999999999,29.80338424500919,2.4440000000000003e-05,1.9825535289452816e-05,0.024440000000000003,1,65,-0.6898065812132798
best_model.pt,64288373,20260207,93.75,72.0,[0.10889776],0.0113184096,8.424467650680297,0.0010171733333333333,0.0003174603174603175,0.09536,1,30,-0.8829935048516625
best_model.pt,64288469,20260207,1000.0,48.4,[0.02223981],0.0238170193,385.82511350975346,0.00918959,0.005082315195874449,9.189589999999999,24,72,6.971593003017931
best_model.pt,64288538,20260207,1000.0,81.44,[0.10396416],0.04699301189999999,130.35682105702494,0.0061259899999999996,0.0007493131265459685,6.12599,93,65,0.600648540633492
best_model.pt,64288593,20260207,6.6666665,42.48,[0.01493185],0.0007632794000000001,64.54445847945135,0.007399499117910967,0.0018011932905549926,0.04933,2,47,0.5194081726690493
best_model.pt,64288685,20260207,1000.0,48.4,[0.00204126],0.0001859058,517.6404370543879,9.675000000000001e-05,6.400409626216078e-05,0.09675,1,72,9.695050015186709
best_model.pt,64289306,20260207,1875.4841,48.47,[33.88685557],21.787687757153336,86.07999461363775,1.0,0.044926831348834906,1875.484130859375,854,21,0.7759437269597214
best_model.pt,64290009,20260207,1000.0,81.44,[0.22693638],0.0,0.0,0.0,0.0,0.0,0,59,-1.0
best_model.pt,64290316,20260207,29.29814,46.01,[2.80792085],0.24623972573940184,118.9816976219846,0.9999999348986474,0.058823529411764705,29.298139572143548,5,17,1.5859965651487495
best_model.pt,64290705,20260207,1000.0,80.0,[0.01000742],0.0,0.0,0.0,0.0,0.0,0,72,-1.0
best_model.pt,64290708,20260207,1000.0,80.0,[0.00280801],0.0,0.0,0.0,0.0,0.0,0,62,-1.0
best_model.pt,64291686,20260207,149.58566,14.0,[0.30315029],2.9747039693,22.25969042757937,0.44266282257298034,0.0036478262054352676,66.21601172999999,46,72,0.5899778876842406
best_model.pt,64292377,20260207,500.0,14.85,[6.53539985],9.568385700478807,52.25541312779297,0.9999999999999998,0.24323580509316742,499.9999999999999,158,15,2.5188829485148587
best_model.pt,64293134,20260207,37.5,7.5,[0.42062228],1.9901593893845726,18.84270242741407,1.0000000000000007,0.6237623762376238,37.50000000000002,126,1,1.5123603236552094
best_model.pt,64294249,20260207,1000.0,16.12,[0.00754796],0.0860251517,233.05971037642036,0.02004923,0.02924071389213818,20.04923,21,58,13.45779765775147
best_model.pt,64294584,20260207,1000.0,16.12,[0.01080176],0.2165041789,33.50252422068043,0.00725347,0.034846938775510206,7.25347,9,49,1.0783202528836637
best_model.pt,64295073,20260207,1000.0,46.11,[0.52059995],0.0,0.0,0.0,0.0,0.0,0,72,-1.0
best_model.pt,64295359,20260207,1000.0,16.12,[0.0141793],0.4694102204000001,68.8520823436201,0.032319940000000005,0.034282972019877025,32.31994,39,61,3.271220766691624
best_model.pt,64296593,20260207,1000.0,150.25,[0.05492044],0.0,0.0,0.0,0.0,0.0,0,62,-1.0
best_model.pt,64296663,20260207,1000.0,142.02,[0.00066519],0.0,0.0,0.0,0.0,0.0,0,45,-1.0
best_model.pt,64297425,20260207,16.129032,30.0,[0.06589824],0.015900857700000003,115.81980135566168,0.11418848736775916,0.0018536826916038356,1.8417499999999996,21,72,2.8606600451887227
best_model.pt,64297686,20260207,72.98465,13.5,[7.26547934],3.121527419885023,23.381062044244146,1.0,0.014184397163120567,72.98464965820312,8,12,0.7319305217958627
best_model.pt,64297824,20260207,1000.0,33.0,[0.00205724],0.0,0.0,0.0,0.0,0.0,0,52,-1.0
best_model.pt,64297828,20260207,1000.0,33.0,[3.46199992e-05],0.0,0.0,0.0,0.0,0.0,0,57,-1.0
best_model.pt,64297900,20260207,1000.0,33.75,[0.05394811],0.5050389564,34.143852939711685,0.01724401,0.0004971002485501243,17.24401,3,71,0.01166971673219808
best_model.pt,64298103,20260207,1000.0,142.02,[0.00078863],0.0546975848,181.713476433489,0.00993947,0.0008547008547008547,9.93947,1,45,0.2794921205950493
best_model.pt,64298522,20260207,1000.0,18.66,[0.33275902],1.0549757255,22.49053408145543,0.02372699,0.004724715262167653,23.72699,19,51,0.2052805072543751
best_model.pt,64298582,20260207,300.0,1.65,[53.73150034],81.96153810501082,3.6602533734223006,0.9999999999999989,0.1674576495259607,299.99999999999966,176,20,1.2183354098857808
best_model.pt,64300236,20260207,1000.0,69.46,[0.00261221],0.0,0.0,0.0,0.0,0.0,0,62,-1.0
best_model.pt,64300269,20260207,3.38267,15.0,[0.00491769],0.02808680748368011,120.43196777303224,0.9999997019767761,0.5,3.3826699256896973,1,1,7.028797851535483
best_model.pt,64300626,20260207,124.2748,33.41,[2.88096102],3.1796924386497984,39.083894582740726,1.0,0.05172413793103448,124.2748031616211,27,18,0.16982624247955835
best_model.pt,64301193,20260207,1000.0,3.42,[9.92824131],19.5723750134,4.365223207519921,0.0854377899999999,0.005111777535441658,85.43778999999991,225,8,0.2763810263566598
best_model.pt,64302336,20260207,336.3323,1.51,[504.98338231],147.77787485931137,2.2759313865656092,0.9999999999999997,0.02869268325963567,336.332305908203,137,39,0.5072393383707045
best_model.pt,64303588,20260207,1000.0,31.0,[0.01644245],0.0,0.0,0.0,0.0,0.0,0,65,-1.0
best_model.pt,64305805,20260207,1000.0,182.33,[0.00023547],0.0,0.0,0.0,0.0,0.0,0,71,-1.0
best_model.pt,64306710,20260207,1000.0,121.55,[0.01462946],0.0,0.0,0.0,0.0,0.0,0,70,-1.0
best_model.pt,64308626,20260207,1000.0,56.21,[0.02793375],0.0,0.0,0.0,0.0,0.0,0,69,-1.0
best_model.pt,64310320,20260207,10.869565,50.4,[0.07476016],0.11913540374091253,91.23630283241539,0.9999999122619689,0.17142857142857143,10.8695650100708,2,7,0.810244049011948
best_model.pt,64310659,20260207,11.363636,36.0,[0.44079625],0.0024903887999999995,194.7387738116187,0.04269495771984327,6.896789250488657e-05,0.48517000000000005,2,72,4.409410383656075
best_model.pt,64312120,20260207,22.371365,20.0,[0.02409028],0.0,0.0,0.0,0.0,0.0,0,63,-1.0
best_model.pt,64312289,20260207,16.666666,7.15,[0.03751136],0.18180988648032925,91.67034138347383,0.9999998855590908,0.3684210526315789,16.66666603088379,7,1,11.82102659591125
best_model.pt,64312520,20260207,500.0,1.87,[14.81921857],176.20626960720134,2.8375834655430574,1.0000000000000004,0.05001157845985432,500.00000000000017,186,12,0.5174243092553018
best_model.pt,64313364,20260207,28.82184,14.0,[0.84671076],0.9322047332000001,17.196761861751654,0.5562073337407201,0.0011856368563685636,16.03092,4,72,0.22834013298226097
best_model.pt,64313400,20260207,500.0,1.05,[21.48890643],197.66972926003785,2.5294717574726366,1.0,0.1625976925663688,500.0,316,18,1.409020830803525
best_model.pt,64313710,20260207,3.56287,14.0,[0.10209127],0.1768323068120769,20.14818412812398,0.99999973232982,0.26041666666666663,3.5628700256347656,5,2,0.4391560091517128
best_model.pt,64313873,20260207,37.76841,14.5,[0.05867233],0.2642512186113093,142.92561071949888,1.0,0.07662538699690402,37.768409729003906,4,17,8.856938670310267
best_model.pt,64315646,20260207,1000.0,8.39,[5.90861679],42.00665490594115,23.805751218072242,1.0,0.15265105773961268,1000.0,544,12,1.837395738251457
best_model.pt,64316387,20260207,1000.0,79.04,[0.73063453],0.0,0.0,0.0,0.0,0.0,0,67,-1.0
best_model.pt,64316397,20260207,8.95743,14.5,[0.19024201],0.10758908317976597,83.25516275415283,0.9999998935326062,0.6666666666666666,8.957429885864258,2,2,4.741735362355368
best_model.pt,64319351,20260207,6.45712,1.3,[3.08922341],2.018171713293269,3.199488279263597,0.9999998807907104,1.0,6.457119941711426,1,1,1.4611449204770244
best_model.pt,64319847,20260207,10000.0,268.0,[40.71448957],5.355233392899999,187.21845214940564,0.10025986939359997,0.02139511956692208,1002.5986939359998,983,42,-0.30142368600968045
best_model.pt,64321572,20260207,4933.3057,1.0,[4041.43898994],610.3464647382999,1.0985632673024999,0.13591377734252338,0.023483817786798367,670.5042075880001,308,66,0.09856326730249987
best_model.pt,64321933,20260207,50.13335,26.93,[1.1479025],0.0,0.0,0.0,0.0,0.0,0,72,-1.0
best_model.pt,64322228,20260207,70.37037,27.0,[1.58311936],0.0,0.0,0.0,0.0,0.0,0,52,-1.0
best_model.pt,64322287,20260207,72.20216,3.4,[22.97907177],14.533062411755912,4.968131057481256,0.9999999999999998,0.6326530612244898,72.20216369628905,31,1,0.46121497592027544
best_model.pt,64324670,20260207,1000.0,8.39,[4.78991067],35.33828345413069,28.297921516196034,1.0000000000000007,0.07932789419141799,1000.0000000000006,505,11,2.3728152989549223
best_model.pt,64325123,20260207,146.2963,27.0,[0.00340678],0.006407675200000001,37.06850364331149,0.0016238278606469096,0.034482758620689655,0.23756,1,29,0.3729075423448699
best_model.pt,64325724,20260207,1000.0,67.37,[0.04887855],0.5260979938,87.00377788101369,0.0457726,0.17777777777777778,45.7726,6,18,0.2914320073324884
best_model.pt,64325857,20260207,1000.0,58.15,[0.48889004],0.13648703629999998,150.31398030304877,0.02051606,0.008042439709907328,20.51606,16,67,1.5849351050516047
best_model.pt,64326105,20260207,27.51538,48.47,[2.92133463],0.40892866717251436,67.28634058180755,0.9999999306806435,0.04035639412997903,27.515380859375007,77,18,0.3882058775989333
best_model.pt,64326658,20260207,1000.0,76.48,[0.09384181],0.0,0.0,0.0,0.0,0.0,0,59,-1.0
best_model.pt,64327104,20260207,4.464286,66.55,[0.39735207],0.035921645994226994,124.27497270781062,0.9999997615814209,0.0625,4.464285850524902,1,4,0.8673924419080563
best_model.pt,64328400,20260207,1000.0,300.0,[1.06468649],0.0,0.0,0.0,0.0,0.0,0,72,-1.0
best_model.pt,64329429,20260207,29.27974,2.6,[8.11159126],7.564418828846936,3.8707184479931223,0.9999999348577361,0.1399234420487442,29.279739379882812,78,12,0.48873791921932075
best_model.pt,64329733,20260207,9.54238,30.63,[0.07121741],0.4356936347133012,21.901532799975655,0.9999999000590851,0.11472349995367898,9.542380332946777,4,9,-0.2849646294463853
best_model.pt,64329848,20260207,3.8860104,2.17,[0.12005748],0.3712767789202832,10.466584937300683,0.9999997545878723,0.9444444444444445,3.886010408401489,11,3,3.8233108614337636
best_model.pt,64330332,20260207,2.2222223,39.44,[0.020625],0.0085873377,71.73099399666133,0.2772223678100739,0.062015503875969,0.61605,8,43,0.8187372336287229
best_model.pt,64330383,20260207,3.83043,48.47,[0.20456178],0.04842202704147021,79.10348164608371,0.9999997510268895,0.21428571428571427,3.830430030822754,2,7,0.6320090706392641
best_model.pt,64331321,20260207,1000.0,46.01,[0.0516835],0.0,0.0,0.0,0.0,0.0,0,57,-1.0
best_model.pt,64331689,20260207,16.34884,2.54,[5.62394288],1.8758700000257733,8.71533315098765,0.9999998833343328,0.18181818181818182,16.348840713500977,22,11,2.431233575542844
best_model.pt,64331738,20260207,9.72648,39.44,[1.04734807],0.0,0.0,0.0,0.0,0.0,0,43,-1.0
best_model.pt,64332826,20260207,1000.0,55.94,[0.41005702],0.0029194968000000004,86.81742092646701,0.00025355,1.6051879675109956e-05,0.25355,4,72,0.5519739552695548
best_model.pt,64332866,20260207,128.20512,23.0,[2.81919282],3.1446977814826274,40.76864997572913,0.9999999999999998,0.0320855614973262,128.20512390136716,24,17,0.772549998944745
best_model.pt,64333168,20260207,1000.0,11.98,[0.43836524],13.95159826170001,46.45219073766823,0.6480823500000001,0.015357875330326815,648.0823500000001,3366,72,2.8774785068979156
best_model.pt,64333572,20260207,45.454544,1.87,[1.19355252],2.715178059339107,16.74090108754992,1.0000000000000002,0.5656403217378827,45.45454406738282,57,7,7.9523534999260805
best_model.pt,64333829,20260207,1000.0,32.4,[0.10152299],0.0,0.0,0.0,0.0,0.0,0,28,-1.0
best_model.pt,64333955,20260207,1000.0,3.52,[5.89101959],11.646188768700004,4.9840103203538275,0.058044729999999975,0.008174263181474618,58.04472999999997,214,9,0.4159120305000586
best_model.pt,64334266,20260207,3.18025,48.0,[0.0141333],0.0,0.0,0.0,0.0,0.0,0,67,-1.0
best_model.pt,64334450,20260207,1000.0,17.05,[0.16154833],0.08373204760000001,618.3913219945907,0.05177979,0.0040198332854268475,51.77979,14,71,35.269287370431734
best_model.pt,64334757,20260207,1000.0,9.5,[0.01185847],27.70388472006376,36.09601952969997,0.9999999999999978,0.6506568144499179,999.9999999999977,1585,1,2.799581003126313
best_model.pt,64335030,20260207,23.05754,41.08,[1.56792407],0.2532876504632403,91.03266510909467,0.9999999172787556,0.015654648956356737,23.057540893554688,3,34,1.2159849330940864
best_model.pt,64335100,20260207,1000.0,9.0,[0.10060933],32.33216507776914,30.928951607964674,0.9999999999999987,0.4233926309920932,999.9999999999986,1448,3,2.4365501786627415
best_model.pt,64335156,20260207,294.11765,2.39,[4.10582843],40.25820867244324,7.305780551513088,1.0,0.36871023713128975,294.1176452636719,299,19,2.0568118120672665
best_model.pt,64335303,20260207,1000.0,5.55,[0.06302217],33.3958131909,11.576249740763734,0.3865982853699999,0.13520198515538429,386.5982853699999,314,72,1.0858106924192643
best_model.pt,64337049,20260207,377.05362,1.68,[643.22806558],24.811720931700002,2.0542641151753283,0.13517926199241084,0.046635677512870496,50.969829999999995,24,45,0.22277629720981992
best_model.pt,64337173,20260207,1000.0,50.0,[0.00919396],0.0043254478,74.60855069140092,0.00032279000000000005,0.010416666666666666,0.32279,5,56,0.4921710138280184
best_model.pt,64337334,20260207,10.416667,41.08,[0.03923027],0.15672273280000001,53.75088922078047,0.8087077412807933,0.09468390804597702,8.42404,22,58,0.3084441778224836
best_model.pt,64337357,20260207,53.1045,41.77,[8.36623289],0.6755237705297013,78.61221695135406,1.0000000000000002,0.06829822506533408,53.104499816894545,247,12,0.8820257622655263
best_model.pt,64337490,20260207,40.0,93.96,[0.03283848],0.0664433732,37.689722686706,0.06260675,0.005859375,2.50427,2,64,-0.5988748078549694
best_model.pt,64337926,20260207,182.01762,1.0,[25.30466673],86.11360911265965,2.113691711022676,1.0,0.03216757851712334,182.0176239013672,57,18,1.113691711022676
best_model.pt,64339571,20260207,192.88928,1.0,[2.74538121],21.257737306695475,9.073838403862977,1.0000000000000002,0.018556005398110663,192.88928222656253,62,19,8.073838403862977
best_model.pt,64340004,20260207,1000.0,46.01,[0.05094431],0.07853744309999999,96.69353886135288,0.007594160000000002,0.01765536723163842,7.594160000000001,7,59,1.1015766656983164
best_model.pt,64340433,20260207,6.6666665,42.48,[0.01543236],0.0020442780999999997,58.52993781139104,0.01795649785941865,0.0038498413013916886,0.11971000000000001,5,63,0.37782340965415584
best_model.pt,64340578,20260207,170.38144,1.0,[23.72789827],52.90076342308037,3.22077461577564,0.9999999999999997,0.2727272727272727,170.38143920898432,54,1,2.22077461577564
best_model.pt,64340747,20260207,166.66667,3.51,[123.3317479],24.41992267958573,6.82502836371507,1.0000000000000013,0.39853195164075994,166.66667175292991,923,1,0.9444525305580668
best_model.pt,64340988,20260207,299.78012,3.51,[103.91702216],17.62383838702982,17.009921292759334,0.9999999999999992,0.23672129622022828,299.78012084960915,632,28,3.8461314356055967
best_model.pt,64341120,20260207,465.08063,1.0,[0.09031198],16.732055592400002,8.618697031870076,0.31007209929028556,0.05344612812186798,144.20852649000003,49,56,7.6186970318700755
best_model.pt,64341465,20260207,4.30407,13.0,[0.71638827],0.06732407877753775,63.92966891434416,0.9999997615814209,1.0,4.304069995880127,1,1,3.9176668395649354
best_model.pt,64343041,20260207,1000.0,8.01,[0.28946864],86.91975680277743,11.504864087047032,1.0,0.6148616664236609,1000.0,416,5,0.43631257906381676
best_model.pt,64343632,20260207,1016.6667,1.8,[36.6308814],296.95562792716964,3.423631640473343,1.0000000000000004,0.19449544444584904,1016.6666870117192,411,21,0.9020176284270062
best_model.pt,64344108,20260207,51.07379,1.26,[53.05406459],15.996460381853275,3.192818104249321,1.0,0.5892857142857143,51.07379150390625,33,1,1.5339826415994149
best_model.pt,64345690,20260207,1000.0,10.57,[1.66065835],17.4927332801,54.940208826032986,0.961054474287,0.18650410561605182,961.054474287,821,67,4.197749329447512
best_model.pt,64347079,20260207,45.454544,16.0,[0.51463665],1.1999933552000002,19.275074003281443,0.5088595755291618,0.0059731025395818255,23.12998,59,72,0.20469212520509017
best_model.pt,64347573,20260207,1000.0,29.98,[0.0034015],0.0,0.0,0.0,0.0,0.0,0,69,-1.0
best_model.pt,64348023,20260207,83.333336,2.0,[3.66243132],26.525129376829916,3.1416748831235815,1.0000000000000004,0.12735044186024577,83.33333587646489,97,15,0.5708374415617907
best_model.pt,64349849,20260207,82.42704,2.5,[55.39614335],21.940505119483582,3.7568431489782683,1.0000000000000002,0.058823529411764705,82.42704010009767,27,17,0.5027372595913073
best_model.pt,64350561,20260207,1000.0,1.0,[150.19925797],402.1668601736801,2.4865300862473085,1.0000000000000002,0.07747888029183371,1000.0000000000002,4071,18,1.4865300862473085
best_model.pt,64354510,20260207,1000.0,4.75,[0.77901916],10.718189381599998,8.584734958147333,0.092012823657,0.05849553599790306,92.012823657,62,65,0.8073126227678596
best_model.pt,64354560,20260207,1000.0,10.0,[2.4120215],5.266357634763078,189.88452351099474,0.9999999999999998,0.008126763413480677,999.9999999999998,200,15,17.988452351099475
best_model.pt,64354939,20260207,475.21124,850.0,[0.91873159],0.0,0.0,0.0,0.0,0.0,0,66,-1.0
best_model.pt,64355215,20260207,1000.0,75.47,[0.00341556],0.0,0.0,0.0,0.0,0.0,0,35,-1.0
best_model.pt,64355482,20260207,71.01867,52.0,[1.76947142],1.2576226342610897,56.47052678852099,1.0000000000000002,0.00029170478551350667,71.01866912841798,93,32,0.08597166901001908
best_model.pt,64355555,20260207,26.31579,3.26,[1.0140941],4.897549826435055,5.373255145071554,0.9999999275207592,0.5786351789105766,26.3157901763916,69,13,0.6482377793835505
best_model.pt,64355932,20260207,1000.0,59.08,[0.55500621],0.0031184918000000004,271.4833230207561,0.0008468899999999999,0.00040064102564102563,0.8468899999999999,1,64,3.595181357595256
best_model.pt,64356924,20260207,289.65518,1.4,[93.63447101],121.16742417766847,2.3905367425283024,0.9999999999999992,0.045239751809868375,289.6551818847654,110,45,0.7075262737420723
best_model.pt,64359341,20260207,1000.0,65.73,[0.00427732],0.0,0.0,0.0,0.0,0.0,0,71,-1.0
best_model.pt,64364407,20260207,62.5,2.0,[4.5380464],13.619872098223125,4.588882697310438,1.0,0.1618923611111111,62.5,58,12,1.2944413486552189
best_model.pt,64365263,20260207,41.666668,2.8,[7.12728365],4.5201267054605925,9.21802892601829,1.0,0.0950854700854701,41.66666793823242,10,13,2.2921532439287104
