ad_id,period,budget_real,target_CPA_real,conversion_real,conversion_model,CPA_real,CPA_model,spend_real,spend_model,total_win_real,total_win_model,win_rate_real,win_rate_model,budget_used_real,budget_used_model,CPA_violation_real,CPA_violation_model
39801836,20260207,10.45719,1.15,3.74633019,3.70189303891642,1.0395319692843197,2.824821415741398,3.89443,10.457189559936523,1189,25,0.020152542372881357,1.0,0.37241649047210573,0.999999908802052,-0.09605915714406978,1.4563664993962946
40094971,20260207,12.32876712328767,1.53,5.453421629999999,2.946493700470848,1.5977326880555174,4.1842148301997,8.71311,12.328766822814943,1266,11,0.00809462915601023,0.55,0.7067300333333334,0.9999999226464208,0.0442697307552401,1.734780985910073
43248022,20260207,6.674759999999999,1.18,7.7514149399999965,2.660762474198767,0.7036341161217725,2.5085882039240994,5.45416,6.674759864807132,1234,18,0.0017424456368257553,0.782608695652174,0.8171320017498758,0.999999857122324,-0.4036999015917182,1.1259223012145438
46398308,20260207,19.791010000000004,1.49,24.211410569999995,6.565943049034198,0.5822147354547961,3.014191067599062,14.09624,19.7910099029541,17809,31,0.028636436726161764,0.96875,0.7122547055455986,0.9999999036255118,-0.6092518553994657,1.0229470122864004
46573939,20260207,432.71963,80.19,3.0510733199999986,0.0,28.255768039032258,0.0,86.21042,0.0,78283,0,0.016314056475982077,0.0,0.19922927924485423,0.0,-0.647639755093749,-1.0
48623756,20260207,146.44096,1.33,36.671605389999996,48.07163553073832,0.8267388263363945,3.046307018307539,30.317839999999997,146.44096374511722,3881,36,0.010991220617388841,0.9473684210526316,0.20703114756964172,1.0000000000000002,-0.3783918598974478,1.290456330835953
49311445,20260207,431.8523599999999,1.8,279.38898144000007,80.91683063365457,1.1955223798678374,5.336990428792533,334.01577999999995,431.8523559570313,25292,126,0.001249592395332062,0.9197080291970804,0.7734490092864145,1.0000000000000002,-0.3358209000734237,1.964994761208056
49847522,20260207,937.1593,1.84,756.1369726700001,233.02694818025185,1.1993375443575636,4.021677771839593,906.86346,937.1593017578132,43366,161,0.005254064794397732,0.92,0.9676726891575423,1.0000000000000009,-0.34818611719697634,1.1856944015674844
49902302,20260207,13.933519999999998,5.21,2.9056562999999986,1.0719337862479028,2.7783705870511954,12.998477608744455,8.07299,13.933520317077637,89933,7,0.013377313024335098,0.0972222222222222,0.5793934339635642,0.999999931555398,-0.46672349576752487,1.4949093116259535
49990380,20260207,24.52830188679245,1.48,8.081450539999999,5.445001964170394,0.6440873422706117,4.504736067255903,5.205159999999999,24.528301239013672,2063,39,0.0027495668399306946,0.8297872340425532,0.21221036923076925,0.9999999222388676,-0.5648058498171542,2.04374054675754
50103278,20260207,969.91004,1.21,753.3561821700011,357.04092820880504,0.6609873148789418,2.716523386629617,497.95888,969.9100341796884,38515,273,0.008279768686716683,0.9545454545454546,0.513407284659101,1.0000000000000009,-0.45372949183558525,1.2450605793283906
50250900,20260207,29.41176470588235,1.1,1.5846344299999995,7.720695195201891,1.1556040720382432,3.80947046759536,1.83121,29.41176414489746,5488,5,0.020882800608828005,0.7142857142857143,0.062261140000000006,0.9999999351501494,0.05054915639840284,2.463154895479375
51094622,20260207,377.10074,304.69,3.0487181499999987,0.0,143.902347942528,0.0,438.71770000000004,0.0,20559,0,0.02253535021374548,0.0,1.1633965502162633,0.0,-0.5277089896533264,-1.0
51225207,20260207,105.26315789473684,2.7,4.752202259999999,10.879029407221514,3.2378546110114437,9.675785135750022,15.38694,105.26316070556643,73031,38,0.024762986572629864,0.2733812949640288,0.14617593,1.0000000000000002,0.1992054114857198,2.583624061062782
51225953,20260207,54.45402,1.07,16.520339259999997,21.07128292251163,0.5183937124545469,2.5842763855353468,8.56404,54.45402145385742,1187,19,0.0007935552881401257,1.0,0.1572710334333443,1.0,-0.5155198949022927,1.415211456871462
51316356,20260207,1083.6785099999995,6.0,160.74719046,59.03423247080001,3.742855152107397,10.128848887243745,601.65345,597.9488300000002,22279,79,0.005450919945194754,0.0044799364117211,0.5551955164267309,0.5517769784310754,-0.37619080798210053,0.6881414812072908
51711872,20260207,117.17214,1.34,105.96849434999996,36.27983663245961,0.566520930284408,3.2296765827853267,60.033370000000005,117.17214202880864,45749,185,0.02908206725573708,0.9736842105263158,0.5123519123231854,1.0000000000000004,-0.5772231863549194,1.4102063450268736
51815043,20260207,131.59317,7.1,23.005162579999997,5.503489869318941,4.60826780212218,23.91085463585047,106.01395,131.59317016601554,898324,49,0.04486819103559192,0.1279373368146214,0.8056189390376416,0.9999999999999992,-0.3509481968842,2.367726050284768
51865028,20260207,10.87915,6.1,1.495436169999999,0.8251672162888891,4.134726793454517,13.184160727315552,6.1832199999999995,10.879150390624998,2826,32,0.00098258057786586,0.0116757246376811,0.5683550645041202,0.9999999123392728,-0.3221759354992595,1.161337857940458
51867779,20260207,240.31079,6.1,60.62360383999997,10.546147520499998,3.105365865362584,8.516160172163206,188.25847,89.81269,9295,20,0.005096781268849043,0.0075704225352112,0.7833958267125666,0.3737355680967335,-0.4909236286290845,0.3960918533286721
51981983,20260207,9.803921568627452,7.0,1.8845103699999983,0.0978026628301134,1.7240287194599002,100.24084390943004,3.24895,9.803921699523926,3036,1,0.028914285714285715,0.0212765957446808,0.33139289999999993,0.9999998807907104,-0.7537101829342999,13.320120558490006
52099940,20260207,736.6481200000002,5.0,182.11165715999994,51.525953043724265,2.6855808553227716,14.296642264966309,489.07558,736.6481323242199,527210,521,0.017040194963024256,0.0439681740824757,0.6639202174302703,1.0000000000000016,-0.46288382893544566,1.8593284529932612
52158782,20260207,402.12405,1.34,294.7058680499997,111.13096446961326,0.8504043766019618,3.61846990400737,250.61916000000002,402.1240539550778,131160,176,0.02709133721650762,0.6901960784313725,0.6232384260528561,0.9999999999999992,-0.36536986820749123,1.700350607368242
52697878,20260207,256.73525,1.7,146.14289968,57.87423415775616,1.186323867800787,4.436089035301205,173.37281000000002,256.7352600097656,17489,152,0.025940373776327498,0.6442610397345359,0.6752980356222996,0.9999999999999998,-0.30216243070541937,1.6094640652189771
52816063,20260207,1000.0,20.92,0.0251866399999995,0.0,4.235578862444618,0.0,0.10668,0.0,39534,0,0.05298043419994639,0.0,0.00010668,0.0,-0.7975344712024561,-1.0
52880899,20260207,73.77049180327869,8.0,2.412286369999999,3.8074093551,4.581989160764526,17.729814678257082,11.05307,67.50468,6712,44,0.007554305008441193,0.0169480072730846,0.14983050444444446,0.9150634306914932,-0.4272513549044342,1.2162268347821352
52881127,20260207,73.77049180327869,8.1,4.142867119999997,4.705868435500001,3.102274253005732,15.336407222766857,12.85231,72.17113,4748,144,0.002931950104977152,0.0274778636751143,0.1742202022222222,0.9783197522702392,-0.6170031786412677,0.8933835185800447
52896858,20260207,237.28813559322035,6.1,3.673954739999999,3.4665191981,2.1277970343205705,36.59826937386279,7.817430000000001,126.86864,19393,52,0.023086904761904763,0.0834639046768222,0.03294488357142857,0.5346607058838659,-0.6511808140458081,4.999716384596776
52964940,20260207,0.64461,18.58,0.0552908999999997,0.0,9.9855491590841,0.0,0.55211,0.0,6734,0,0.07866822429906542,0.0,0.8565023812848078,0.0,-0.4625646308350861,-1.0
53225658,20260207,121.21212121212122,5.1,4.512303389999997,4.3406469238,4.225841738004238,11.539221996183224,19.06828,50.0877,2791,75,0.0030085156839495526,0.0543045914078955,0.15731331,0.4132235289408066,-0.17140358078348267,1.2625925905805624
53375682,20260207,125.0,2.2,2.064560029999999,2.7451956348999995,0.611452310253241,15.020807426241824,1.26238,41.23506999999999,5055,58,0.0009694122159363314,0.0014462853876035,0.01009904,0.3298805599999999,-0.7220671317030724,5.827639591215727
53566239,20260207,136.80566000000002,1.01,212.6730757199995,63.66481692103377,0.582330553976907,2.1488424616589024,123.84603000000001,136.8056640625,43985,48,0.016136547068750458,1.0,0.9052697819666233,1.0,-0.42343509507236926,1.127566813810852
53572696,20260207,22.93577981651376,1.09,42.93508533,4.974386891946134,0.11696890693008435,4.610774243936175,5.02207,22.935779571533203,18731,12,0.007998548125373645,0.8571428571428571,0.218962252,0.9999999168396057,-0.8926890762109319,3.230067984167361
53577684,20260207,121.21212121212122,5.0,14.218412060000002,1.4510924024,4.192357047218675,7.273777127332352,59.60866000000001,10.55493,16730,11,0.006814386379373549,0.0019537346711259,0.49177144500000003,0.0870781733304421,-0.16152859055626506,0.4547554254664703
53730651,20260207,61.29961,2.47,50.53852638000001,4.666737873821194,1.183268177436716,13.135427499877752,59.80063,61.29961013793945,180208,16,0.06955152450791201,0.8888888888888888,0.9755466633474503,1.0,-0.5209440577179288,4.3179867804570575
53731452,20260207,194.1747572815534,79.32,0.0548519499999991,0.0,119.63658539031171,0.0,6.5623000000000005,0.0,4431,0,0.0072627438124897555,0.0,0.033795845,0.0,0.5082776776388265,-1.0
53763548,20260207,488.9979699999999,2.04,373.1346906,104.05471239241304,1.2708799582195698,4.699431091392733,474.2094000000001,488.9979553222656,31128,97,0.006987205387205387,0.8660714285714286,0.9697574000153828,1.0,-0.3770196283237403,1.303642734936142
53841870,20260207,200.65753,1.98,20.968288079999997,56.764797758385726,1.1407717172111649,3.5348937392055597,23.920029999999997,200.6575317382812,1423,34,0.0010842730874733313,0.9411764705882352,0.11920823504605083,0.9999999999999996,-0.42385266807516925,0.7852998510877106
53849804,20260207,55.55555555555556,2.48,0.252236679999999,4.81348940630993,2.2162121702521707,11.541636642331234,0.55901,55.55555725097655,1420,33,0.005107913669064748,0.2291666666666666,0.01006218,0.9999999999999998,-0.10636606038218925,3.653885707082826
53854143,20260207,571.02984,1.09,366.8150784600001,245.2236421767984,0.7371172721011375,2.328608444087554,270.38573,571.029846191406,23132,151,0.012759666832147389,0.9237012987012988,0.47350543011902846,0.9999999999999996,-0.32374562192556194,1.136337956678515
53919091,20260207,88.28998999999999,2.0,52.92278080999999,7.753601520257152,0.7699551946503245,11.386964066763204,40.74817,88.2899932861328,252269,76,0.03235420861602391,0.6909090909090909,0.4615264992101597,1.0,-0.6150224026748378,4.693482033381602
54113091,20260207,148.7603305785124,4.6,7.872438679999999,11.01083442802477,3.7364266900837904,13.510358153348712,29.41479,148.7603302001953,115122,37,0.031389775051124745,0.3303571428571428,0.197732755,1.0,-0.1877333282426542,1.9370344420535095
54524974,20260207,38.62359550561798,1100.0,0.0039551199999995,0.0,512.2221323247477,0.0,2.0259,0.0,2452,0,0.0009708968521084934,0.0,0.05245239272727273,0.0,-0.5343435160684112,-1.0
54547571,20260207,31.747280000000007,6.5,5.582730409999998,0.0,2.2236090744707844,0.0,12.413809999999998,0.0,1179,0,0.0020264695771742866,0.0,0.3910196401077508,0.0,-0.6579062962352639,-1.0
54562194,20260207,194.1747572815534,79.32,0.3278965799999997,0.0,45.45948603672539,0.0,14.906009999999997,0.0,2409,0,0.0014174757281553397,0.0,0.07676595149999997,0.0,-0.42688494658692144,-1.0
54801379,20260207,897.71512,5.26,164.4773952400001,125.02569703310007,3.0362670157275753,6.178132544267049,499.39729000000005,772.4253338880003,46647,202,0.03595698758960919,0.0528903075901256,0.5562981828801102,0.860434776902557,-0.42276292476662064,0.1745498622497946
54805715,20260207,112.67605633802818,5.1,1.7525278699999993,2.9203530635000003,1.720651666441117,10.06416323532203,3.01549,29.39092,24745,6,0.02838380362468456,0.0014426081774444,0.026762473749999998,0.2608444159950424,-0.6626173203056633,0.97336537716016
54852798,20260207,100.0,5.0,32.09324778,6.2753171946,2.5229902113696268,9.094405770389432,80.97095,57.07029000000003,32972,90,0.006027787934186472,0.0031218370223853,0.8097095,0.5707029000000002,-0.49540195772607465,0.8188811540778864
54858966,20260207,83.33333333333333,1.76,0.2659736899999991,4.507224319900001,0.4945225973290834,10.707665265128291,0.13153,48.26185999999999,2289,30,0.01026457399103139,0.0140415527964785,0.0015783600000000002,0.5791423023259794,-0.7190212515175662,5.083900751789142
55104462,20260207,55.912310000000005,6.5,8.178498529999999,2.4737075057,3.226703520603311,7.958967833774222,26.38959,19.688166426999995,36516,18,0.010754867022059906,0.0004237288135593,0.4719817514246862,0.3521257819577182,-0.5035840737533368,0.2244565898114187
55113470,20260207,420.4162162162162,3.33,34.42696216,52.69483508723642,2.352422488618438,7.978319328141496,80.98676,420.4162292480463,17313,436,0.001576675439634996,0.3704333050127442,0.1926347197757692,0.9999999999999988,-0.2935668202347033,1.395891745025084
55199224,20260207,78.07889,6.5,6.828174149999999,3.1333214506000004,6.8187481715005775,6.9352192743006285,46.5596,21.730278252,41439,26,0.009419024889191954,0.0004485852311939,0.5963148297830566,0.2783118308351281,0.04903818023085808,0.0669568114308659
55242717,20260207,498.5705128205128,3.59,22.04998385,9.329786339899998,2.2690588047754967,6.538702092287336,50.03271000000001,61.00470000000001,5102,18,0.0036784426820475847,0.0098757763975155,0.10035232472324725,0.122359218613224,-0.36795019365585047,0.821365528862505
55272899,20260207,18.072289156626507,2.35,6.395341979999998,3.031737543378678,1.2834419215843096,5.961031353661251,8.20805,18.07228851318359,4658,25,0.007769808173477898,0.5952380952380952,0.4541787666666666,0.9999998944600496,-0.4538545014534853,1.5366091896047465
55273179,20260207,148.7603305785124,4.1,10.458111869999998,4.540691520300002,2.030104502984247,7.011721198399149,21.23106,31.838069999999984,12559,53,0.003642507033266626,0.0057334639256475,0.14271990333333334,0.2140225822109541,-0.5048525602477446,0.7101759418278626
55397530,20260207,472.23607,4.1,128.75972898999999,58.2911625113,2.5972748826302112,7.952105294829832,334.42441,463.5374700000002,20374,101,0.005869101803307023,0.012574729496272,0.7081721012967096,0.9815799463882928,-0.3665183213097045,0.9395379219020932
55642709,20260207,64.70373000000001,5.6,4.8911279799999985,5.910368367799999,2.948667476903764,10.40694856316489,14.42231,61.50890999999999,4270,71,0.006827630316597378,0.0406145188338493,0.22289765984124868,0.9506239001269564,-0.47345223626718497,0.8583837036418164
55644105,20260207,390.48067,1.47,288.6824965200002,83.8385649338807,1.0924418134168066,4.657530553194333,315.36883,390.480682373047,48655,146,0.011736823061150646,0.8439306358381503,0.8076426164706182,1.0000000000000002,-0.25684230379809075,2.1683880697591995
55659771,20260207,110.68761999999998,1.52,65.45479549000001,30.1881696361704,1.1798455624507824,3.666589254590027,77.22655,110.68762207031256,14522,58,0.024638615541228367,0.8923076923076924,0.6976981707620059,1.0000000000000009,-0.22378581417711682,1.4122298030260916
55774064,20260207,28.10267,9.1,2.3739160499999987,0.6242130723122437,5.885098590575689,45.02088612878655,13.97073,28.102670669555657,90164,13,0.029310187894155126,0.0088013033546642,0.49713176719507435,0.9999999321292794,-0.3532858691675067,3.9473499166508055
55775102,20260207,530.4762099999999,3.15,118.12668964,73.46489055479438,2.353077707054248,7.220812350800283,277.96128,530.4761962890626,21812,211,0.004552988081073747,0.6279761904761905,0.5239844403201418,1.0000000000000002,-0.25299120410976256,1.2923213118055512
55954706,20260207,1000.0,33.01,0.7130576899999979,0.0,6.659937991833472,0.0,4.74892,0.0,4075,0,0.21335078534031413,0.0,0.00474892,0.0,-0.7982448351459112,-1.0
55963763,20260207,1000.0,22.5,21.29788494,0.0,16.441292221574,0.0,350.16475,0.0,52096,0,0.012338299031333634,0.0,0.35016475,0.0,-0.2692759012633778,-1.0
55968571,20260207,246.66494000000003,4.1,98.12811453,30.30558459899773,2.34502487999654,8.139256926878963,230.11287000000002,246.6649475097656,15626,91,0.002897244780657841,0.489247311827957,0.93289654378932,1.0,-0.4280427121959658,0.9851846624880304
56069198,20260207,355.11819,6.0,32.74950241,27.2354780826,2.545594707251004,9.481353319206915,83.36695999999999,258.2292,6120,36,0.0018228933964793137,0.0021496183962731,0.23475834904429982,0.7271640933671453,-0.575734215458166,0.5802255532011525
56094571,20260207,305.08474576271186,6.1,0.9921379099999985,0.5706153792,2.440678836675038,14.233064973330157,2.42149,8.12162,1618,8,0.007816425120772947,0.0461538461538461,0.007937106111111111,0.0266208654201548,-0.5998887152991741,1.3332893763688478
56096389,20260207,23.9461,3.1,14.66979494,3.707767244397312,1.54519746817947,6.45835949190447,22.66773,23.94610023498535,2687,11,0.00853829043533524,0.8461538461538461,0.9466146888219793,0.9999999203482628,-0.5015492038130742,1.0833418356733644
56107853,20260207,1000.0,2.71,7.084875049999999,12.054738819100002,2.0602141741370588,5.078721323706747,14.59636,61.22266417099999,2537,47,0.0008503720587249447,0.0058786607199624,0.014596360000000001,0.0612226641709999,-0.23977336747710007,0.8740668827368149
56227729,20260207,125.0,1.4,142.70105870999998,26.012763392715787,0.6140845820778705,4.805333186156985,87.63052,124.99999999999991,330480,269,0.015198256118760519,0.6513317191283293,0.70104416,0.9999999999999992,-0.5613681556586638,2.432380905708088
56235388,20260207,53.333333333333336,4.5,1.4775688199999997,0.026408499,1.2219261638182108,5.546489162857652,1.80548,0.14648,1042,1,0.05954285714285714,0.0065359477124183,0.03385275,0.0027465000654816,-0.728460852484842,0.2325531473017004
56704977,20260207,70.4225352112676,17.31,3.397282229999999,0.0,7.796738159137283,0.0,26.48772,0.0,4257,0,0.01258722649319929,0.0,0.376125624,0.0,-0.5495818510030454,-1.0
56718065,20260207,49.68944099378882,8.1,2.8348115399999987,2.0066325307,3.167385158873738,14.267577792349906,8.978940000000001,28.6298,2607,45,0.0030881307746979387,0.0337979112316169,0.18070116750000004,0.576174717032496,-0.608964795200773,0.7614292741256744
56771422,20260207,642.4210000000002,1.81,106.68609073999998,139.8634259964319,1.2758754122102722,4.593202342483726,136.11816,642.4210205078126,13297,248,0.0032126117419666585,0.7701735866760497,0.21188311091947484,1.0000000000000002,-0.29509645734239104,1.5376809324259633
56864799,20260207,6.76347,5.22,1.48259931,1.1600924871479017,3.4828560658105254,5.830107873038855,5.163679999999999,6.763470172882081,3353,14,0.011482876712328767,0.0710659898477157,0.7634660906309926,0.9999998589963204,-0.33278619428917133,0.1168789477719126
56938464,20260207,749.1658900000002,1.65,690.0003460000001,214.75077012684747,1.080412037938311,3.488536453786124,745.4846799999999,749.1658935546881,40046,237,0.006792177614952764,0.971311475409836,0.995086255195094,1.0000000000000009,-0.34520482549193265,1.1142645479964357
56963719,20260207,31.25,7.0,2.4867073999999993,0.505694454,1.7048045137920131,22.96032109475914,4.23935,11.610930000000002,77818,24,0.030130483602431563,0.0004363825401091,0.1356592,0.3715497373224037,-0.7564564980297125,2.2800458706798774
57191417,20260207,1000.0,29.87,5.052083789999999,0.0,43.581280349271495,0.0,220.17628000000002,0.0,6439,0,0.024566959175887065,0.0,0.22017628000000003,0.0,0.45903181617915945,-1.0
57222417,20260207,5.555555555555555,1.52,0.3850852599999995,0.1136557897880656,0.0,48.8801008192058,0.0,5.55555534362793,4585,1,0.07616279069767441,1.0,0.0,0.9999998211860656,-1.0,31.15796146879621
57240198,20260207,36.39775,4.14,14.118849459999996,2.9109592741345622,1.2265425769331777,12.503692055815964,17.31737,36.39775085449219,8359,26,0.003749607500112143,0.4727272727272727,0.4757813326373196,1.0,-0.7037336770692807,2.0202155698208326
57326971,20260207,40.0,4.1,0.9091355399999992,0.8419859269,11.27634939890262,7.77867184246421,10.251729999999998,6.54954,8459,2,0.0029473867595818815,0.0001611676805078,0.25629325,0.1637385,1.750329121683566,0.8972370788777652
57339315,20260207,166.66666666666666,6.0,0.7559882799999987,1.477648051,5.09047574123769,16.888516243496035,3.8483400000000003,24.9553,4267,33,0.010458333333333333,0.0414839181286549,0.023090040000000003,0.1497317954305482,-0.15158737646038492,1.8147527072493392
57374168,20260207,122.44897959183672,13.0,0.7889959199999992,0.0,2.6231187608676128,0.0,2.06963,0.0,1041,0,0.003721844833750447,0.0,0.016901978333333335,0.0,-0.7982216337794145,-1.0
57424010,20260207,5.589919999999999,7.1,0.9023937399999991,0.2672580011693526,6.194546518019957,20.91574098341847,5.58992,5.5899200439453125,43574,1,0.01645357399086206,0.0909090909090909,1.0000000000000002,0.9999998211860656,-0.1275286594338089,1.945879051318224
57429522,20260207,6.862745098039215,6.0,4.830433759999999,0.0,1.3065203485990875,0.0,6.31106,0.0,1224,0,0.0012989493791786056,0.0,0.9196116000000001,0.0,-0.7822466085668188,-1.0
57449176,20260207,1000.0,43.65,0.1794650699999996,0.0,76.09636794502703,0.0,13.65664,0.0,2056,0,0.00040588293357023,0.0,0.01365664,0.0,0.7433303080189468,-1.0
57521810,20260207,626.15678,4.5,311.66268919000015,30.3835191148,2.0498868557555228,13.318450873073358,638.8732500000002,404.66142,840623,389,0.04613256575878476,0.0090381631477325,1.0203087635655725,0.646262119075894,-0.5444695876098838,1.9596557495718572
57574306,20260207,21.73913043478261,1.94,0.1508106599999999,2.7179643013115204,1.378284532406397,7.998310357255724,0.20786,21.73913002014161,8010,26,0.1273449920508744,0.1428245227247042,0.009561559999999998,0.9999999122619692,-0.28954405546062006,3.1228402687344903
57575512,20260207,5.524861878453039,1.87,3.953474889999998,0.0720347214385723,0.8566438624832146,76.69614050166511,3.38672,5.524861812591553,18413,2,0.0026078150891554663,0.5,0.6129963199999999,0.9999998273849764,-0.5419016778164628,40.01397877331295
57579039,20260207,69.34497,5.0,24.49807011,6.831703774397097,2.8512694953667923,10.150463609464849,69.8506,69.344970703125,3000,1,0.006489292667099286,1.0,1.0072915166017087,1.0,-0.42974610092664156,1.0300927218929696
57611618,20260207,143.08837,5.6,37.39685122999999,7.5552326269,3.830063368680039,8.125386061051392,143.23231,61.38919000000001,37627,91,0.01273807508717289,0.0064439807793011,1.0010059517765142,0.4290299255308407,-0.3160601127357073,0.4509618213260525
57654377,20260207,2386.38826,430.5,4.378679559999998,0.0,505.21757751097016,0.0,2212.18588,0.0,339592,0,0.0321610743339868,0.0,0.9270016606601977,0.0,0.17355999421828144,-1.0
57655917,20260207,1468.0747299999998,8.5,19.981865049999996,0.6330224771999999,3.354199912385056,7.248609514920532,67.02317,4.58854,159610,19,0.011986332231901473,0.0002760169553652,0.045653786302826696,0.0031255493865696,-0.6053882456017581,-0.1472224100093491
57664872,20260207,118.42105263157896,6.1,0.385075829999999,1.49613927,0.773509986331785,17.226793848681044,0.29786,25.7737,29746,16,0.020181830517674196,0.0013911112856205,0.0025152622222222223,0.2176445807297713,-0.8731950842079041,1.824064609508989
57699816,20260207,73.77049180327869,11.1,1.9700780999999987,0.0,5.268613462583035,0.0,10.37958,0.0,5093,0,0.030082693443591258,0.0,0.14070097333333334,0.0,-0.5253501385060328,-1.0
57724669,20260207,420.4162162162162,3.33,20.021833800000003,7.734477269600002,1.8702108095613095,6.0101673803531215,37.445049999999995,46.48550899999999,13280,91,0.006686807653575025,0.0101310329778725,0.08906661673759594,0.110570205824698,-0.43837513226387104,0.8048551105263179
57795555,20260207,577.2744,290.0,1.133149469999998,0.0,113.5467856680904,0.0,128.66548,0.0,948240,0,0.0519637660907163,0.0,0.22288443762619647,0.0,-0.6084593597652055,-1.0
57813819,20260207,1.3888888888888888,2.63,0.7436829199999995,0.011905257256965,0.3781853696465157,116.6520096056626,0.28125,1.3888888359069824,25133,2,0.04126251846987358,0.3333333333333333,0.2025,0.9999993133549376,-0.8562032815032259,43.354374345896304
57813830,20260207,1.3888888888888888,2.63,0.5706688599999996,0.0112293504627621,1.2017477175817872,123.67279547617754,0.6858,1.3888888359069824,16591,2,0.029307542836954602,1.0,0.493776,0.9999993133549376,-0.5430617043415258,46.02387456073086
57847622,20260207,168.90041,1.57,10.618402929999998,47.09916891619972,0.9005704589513067,3.586059078839432,9.562619999999999,168.90040588378903,1758,74,0.0006158696794534945,0.9487179487179488,0.05661691407380242,0.9999999999999998,-0.4263882427061741,1.28411398664515
57855436,20260207,247.62652,1.18,72.07211233,57.7466463167846,1.227383063159903,4.288154159331278,88.46009000000001,247.62652587890625,49160,30,0.08080210387902696,0.9375,0.35723189099455105,1.0,0.04015513827110427,2.634029110121772
57863659,20260207,66.66666666666667,5.0,9.79001151,8.631933896447936,1.3871485223616453,7.723258449385279,13.5802,66.66666412353516,1997,7,0.002747660979636764,0.2916666666666667,0.20370299999999997,1.0,-0.7225702955276709,0.5446516898770557
57922732,20260207,90.9090909090909,6.8,5.4587086299999985,2.3391099288,6.808914437332774,14.98361602627385,37.16788,35.04834,45552,28,0.34640304182509507,0.0216621365620624,0.40884667999999996,0.3855317517654953,0.0013109466665844568,1.2034728832345225
57950075,20260207,3.5460992907801416,3.69,1.4694264899999996,0.895307267679387,0.6567936583203969,3.960757779144596,0.9651099999999999,3.546099185943604,1541,10,0.011215429403202328,0.2127659574468085,0.27216102,0.9999997310639072,-0.8220071386665592,0.0733760752643696
57950895,20260207,56.60377358490566,2.13,18.751780509999996,10.363036522660172,0.7874580225661997,5.462083380538027,14.76624,56.60377502441408,9230,70,0.013494152046783626,0.4301697530864197,0.26087024,1.0000000000000004,-0.6303013978562443,1.5643582568406167
57951243,20260207,373.1092299999999,2.23,167.37513349,87.58761530466131,1.463428496770306,4.259839896935897,244.94154,373.10922241210926,46360,176,0.02010058966354492,0.7619352088661552,0.6564874849115903,0.9999999999999996,-0.34375403732273274,0.9102420899107264
57959122,20260207,1000.0,19.0,2.9014034099999977,0.0,5.3684537442519975,0.0,15.57605,0.0,27317,0,0.0028583536502422334,0.0,0.015576050000000001,0.0,-0.7174498029341054,-1.0
57999311,20260207,1210.1338899999996,2.2,396.0926555,264.72738586748125,1.352627377863612,4.571245632921949,535.76577,1210.133911132813,29254,374,0.00438768317009884,0.9326683291770572,0.44273263845209737,1.0000000000000004,-0.38516937369835824,1.0778388790194864
58085427,20260207,79.19066,1.9,23.327134010000005,19.666690771916656,1.3871228238380577,4.026638515910308,32.357600000000005,79.19065856933594,5678,51,0.014334763948497854,0.7431818181818182,0.40860374190592685,1.0,-0.2699353558747064,1.1192834560199802
58112502,20260207,101.010101010101,2.4,28.534833840000005,16.5610200923723,1.327708800143481,6.099267717549299,37.88595,101.0101013183594,11011,58,0.014779865771812081,0.6904761904761905,0.37507090500000007,1.0000000000000002,-0.4467879999402163,1.541361447994244
58114863,20260207,203.00614,2.08,69.89706244000001,38.18123283194645,1.434260131977014,5.316908692022067,100.25057000000001,203.0061340332031,39102,136,0.006518412322669912,0.8242424242424242,0.49383023587365393,1.0,-0.31045185962643557,1.5562061956947706
58134130,20260207,8.695652173913043,2.0,4.70832877,1.7868313181469482,1.4064332215271367,4.8665182064059325,6.62195,8.69565200805664,305049,5,0.07139323160456844,1.0,0.76152425,0.9999998903274636,-0.29678338923643166,1.4332591032029662
58199587,20260207,142.85714285714286,21.02,0.93978854,2.021862457047814,39.67798968904217,70.65617943626474,37.28892,142.85714721679688,16606,65,0.0013222390317700454,0.0009754378227868,0.26102243999999997,1.0,0.8876303372522442,2.3613785869432795
58240026,20260207,50.0,2.23,29.819801929999997,8.938684893835267,1.1137411334240879,5.593663385630704,33.21154,49.99999999999999,26610,111,0.007303617500137235,0.8380732314255244,0.6642308,1.0,-0.5005645141596019,1.5083692097701156
58246735,20260207,46.6873,11.42,3.3026487499999977,0.345336365,8.044185746364949,18.267875530931907,26.56712,6.308579999999999,6207,14,0.006402929647204457,0.0179985909152575,0.5690438299066342,0.1351241082472491,-0.2956054512815281,0.5996388273983493
58283047,20260207,420.4162162162162,3.33,11.93555118,3.2213904013,2.88911081524096,3.796738265044179,34.48313,12.23078,5696,11,0.004605805773429288,0.0120781670077444,0.0820214079997943,0.0290920738761105,-0.13239915458229426,0.14016166727676
58416741,20260207,1.9904900000000003,35.0,0.0471419399999997,0.0,33.41461976320893,0.0,1.57523,0.0,17338,0,0.01923879272081669,0.0,0.7913780024014185,0.0,-0.0452965781940305,-1.0
58417305,20260207,1.0332357499569484,52.0,0.00749337,0.0,0.0,0.0,0.0,0.0,37048,0,0.0031913720625732205,0.0,0.0,0.0,-1.0,-1.0
58419221,20260207,46.08294930875576,52.0,0.949742499999999,0.1602765601,16.274147992745416,8.67832027847297,15.456249999999997,1.39094,1948710,2,0.047577437760475794,4.662265488045951e-06,0.33540062499999995,0.0301833971594741,-0.6870356155241267,-0.8331092254139814
58432699,20260207,116.6156,35.0,8.019357389999996,0.0,12.629938419542125,0.0,101.28399,0.0,35909,0,0.06658446133877248,0.0,0.8685286531133056,0.0,-0.6391446165845107,-1.0
58435300,20260207,48.31349,57.2,1.7800080499999984,0.022478243,25.441873703885797,214.8537653158516,45.286739999999995,4.82975,920418,8,0.08910576504187037,5.8920221923202815e-05,0.9373518659074307,0.099966899885133,-0.5552119981838147,2.756184658218708
58492787,20260207,23.529411764705884,2.9,9.26852865,1.1510108428,1.434778971093756,5.703329675592805,13.29829,6.5646,1815,6,0.003260869565217391,0.0326666666666666,0.565177325,0.2789954827053963,-0.5052486306573255,0.9666653407024076
58502564,20260207,145.41256,15.28,23.000822049999996,1.663726440110807,4.968254167246167,87.40167627997239,114.27393000000001,145.4125671386719,163693,20,0.02726716972331884,0.0022283905711535,0.7858601072699635,1.0000000000000002,-0.674852475965565,4.720005092105925
58511427,20260207,758.94134,2.46,105.6421092,135.14642981866425,1.6723872832330766,5.615696549420314,176.67452,758.941345214844,12621,189,0.003926271581894541,0.6631868131868133,0.23279074506601527,1.0000000000000002,-0.3201677710434648,1.2828034399749082
58544782,20260207,11.096610000000002,52.0,0.7104463299999981,0.1812728019,18.122790499882,13.733810257774486,12.875269999999999,2.48958,736806,8,0.029093213613049194,3.945693424351189e-05,1.160288592642257,0.2243549850356319,-0.6514847980791922,-0.7358882642735676
58588021,20260207,11.049723756906078,1.2,0.6890549199999997,2.894818947003606,0.47925062344812824,3.817067668274341,0.33022999999999997,11.049723625183104,1261,8,0.04945098039215686,0.7833333333333333,0.029885814999999996,0.9999999136924808,-0.6006244804598931,2.180889597164754
58685108,20260207,72.20216606498195,4.15,2.4162877099999993,13.447063240014964,0.893610471577493,5.369362591533861,2.15922,72.20216369628905,62729,51,0.004396943889531419,0.9272727272727272,0.029905196999999998,0.9999999999999998,-0.7846721755234957,0.2938222814808079
58706858,20260207,4537.1946,1.35,4585.603338600001,1334.9624931487065,0.8081044011825379,3.398743293617465,3705.64624,4537.194824218762,334790,1246,0.007567705637295346,0.8464673913043478,0.8167263180644709,1.0000000000000029,-0.4014041472721942,1.5175875804396295
58729786,20260207,38.08811,4.36,24.699788530000014,5.531217227907657,1.8660062592851672,6.886025882195093,46.089960000000005,38.088111877441406,9219,15,0.007764022233451238,0.6521739130434783,1.2100878725670559,1.0,-0.5720169130079892,0.5793636860842412
58732112,20260207,510.68414,1.1,412.9147775900001,179.29168674504456,0.6438584774119708,2.848342550004921,265.85868,510.6841430664063,23329,153,0.006674964234620887,0.8693181818181818,0.5205931791811667,1.0,-0.41467411144366295,1.5894022620625092
58772389,20260207,376.45701,2.05,336.02838544,81.39868716067792,1.1243684949569894,4.624853412739404,377.81973,376.4570007324218,33151,90,0.004024058653589377,0.9183673469387756,1.0036198555580091,1.0,-0.45152756343561484,1.2560261074707864
58803527,20260207,159.76764999999995,7.1,11.840051959999998,0.0,3.329771704819444,0.0,39.42467,0.0,1901,0,0.005489460005775339,0.0,0.2467625329658414,0.0,-0.5310180697437402,-1.0
58804408,20260207,32.35294117647059,13.15,1.0830477099999998,0.0551302585,3.7412940931291017,26.39573337510516,4.052,1.45523,1005,2,0.003298326222513948,0.0111940298507462,0.12524363636363636,0.0449798385474386,-0.7154909434882814,1.0072801628001349
58886517,20260207,125.0,7.74,1.4361195099999997,0.1773168133377495,2.9673435743519705,704.9489143084785,4.26146,124.99999999999996,10806,10,0.0023351701782820095,0.004860683835809,0.03409168,0.9999999999999998,-0.6166222772155078,90.07867379260112
58921051,20260207,5945.759109999998,16.88,258.68405907,3.2000497439,12.259917373346171,5.559822779034026,3171.44519,17.79171502,257387,19,0.047388702728578265,0.0002672762014642,0.5333961789111232,0.0029923369228544,-0.2737015774084021,-0.6706265962408064
58958928,20260207,51.95611,9.9,0.371641709999999,0.0,11.182867498914508,0.0,4.15602,0.0,2488,0,0.002318732525629077,0.0,0.07999097699962525,0.0,0.12958257564793005,-1.0
58963446,20260207,1893.68373,9.9,161.07246772000005,12.162679111099996,9.923410081346454,5.6686930323093465,1598.3881499999998,68.94650000000001,695806,31,0.06913262061839281,0.000479727638502,0.8440628837213486,0.0364086670989476,0.0023646546814599274,-0.4274047221477666
59027737,20260207,156.4159300000001,8.2,0.7732744199999991,0.0,5.620229879064154,0.0,4.345979999999999,0.0,5752,0,0.0014127471447869335,0.0,0.027784765912269912,0.0,-0.31460611230924945,-1.0
59090324,20260207,15.0,2.14,6.879392809999999,4.043911111103644,0.825138229023442,3.7092794274171994,5.676449999999999,15.0,1312,4,0.007908378541289934,1.0,0.37842999999999993,0.9999999364217164,-0.6144213883068028,0.7333080586850219
59168672,20260207,114.30078,2.51,41.728572589999985,20.43684044777443,1.6602583242112292,5.592878994637764,69.28021000000001,114.30078125000004,9493,59,0.005189700415482178,0.4244604316546763,0.606121935475856,1.0000000000000004,-0.33854250031425126,1.2282386517481687
59180301,20260207,127.4666,11.1,19.235940279999994,0.0,6.929982005537815,0.0,133.30472,0.0,3447,0,0.0012346872985170858,0.0,1.0458011745822042,0.0,-0.375677296798395,-1.0
59183637,20260207,42.81511,27.0,3.814563589999999,0.0,12.195476337569723,0.0,46.52042,0.0,6777,0,0.01574581784386617,0.0,1.0865421109510172,0.0,-0.5483156912011213,-1.0
59191554,20260207,38.46153846153846,2.13,19.65786732,6.96631769765027,1.1910707107163443,5.521071012031217,23.41391,38.46154022216797,5187,16,0.007145612343297975,0.7027027027027027,0.6087616600000001,1.0,-0.44081187290312474,1.592051979058408
59250609,20260207,59.70149253731344,6.1,4.1823460699999995,3.1076507382,3.2753626244037726,15.094796313042025,13.698700000000002,46.90937,21619,7,0.01802334305960817,0.0014938113529662,0.229453225,0.7857319504973295,-0.46305530747479134,1.474556811317074
59252106,20260207,75.31489,12.1,1.338674409999999,2.7319352405999995,4.548051381664945,16.98684958687319,6.088360000000001,46.40699,2315,37,0.0015699172656991726,0.0220966081695162,0.08083872923402,0.6161728607987724,-0.6241279849863681,0.4038718224246769
59252315,20260207,40.94131000000001,1.5,4.90639966,8.466391529506062,0.9706445316360552,4.835744473207993,4.762370000000001,40.94131088256837,4727,32,0.004943009515842309,0.2461538461538461,0.11632187636399519,1.0000000000000004,-0.35290364557596315,2.2238296488053284
59262247,20260207,107.01659,1.61,75.86964482,9.594071788713476,0.6698374576626889,11.154448028537564,50.82033,107.0165863037109,987523,59,0.02368569633126103,0.8082191780821918,0.47488272612685567,0.9999999999999996,-0.5839518896505038,5.928228527595317
59265523,20260207,41.27358490566038,3.61,2.889063029999999,6.364495164993337,4.352888763385685,6.484973076142402,12.575769999999999,41.27358627319336,25608,19,0.003269913425441173,0.76,0.3046929417142857,1.0,0.20578636104866635,0.7963914860363901
59284251,20260207,112.67605633802818,19.0,2.134217979999998,0.0,10.006855063605085,0.0,21.35681,0.0,14849,0,0.03147975408098368,0.0,0.18954168875,0.0,-0.4733234177049955,-1.0
59289693,20260207,12.224938875305623,8.5,0.5073364399999993,0.8010950276000001,9.40238000645096,11.500319165981594,4.77017,9.21286,3439,4,0.011097128105840594,0.0033821499614338,0.39019990600000004,0.7536118601748264,0.10616235370011291,0.3529787254095993
59313228,20260207,34.48846999999999,8.56,2.0856091599999984,1.3756161711368793,3.623718261766747,25.07126902295281,7.55766,34.488468170166016,2170,9,0.0032282058911038383,0.012651667581245,0.21913584453007054,1.0,-0.5766684273636978,1.92888642452607
59335998,20260207,1000.0,22.43,3.7110197099999986,0.0,12.892259739574387,0.0,47.84343,0.0,26442,0,0.005514034282854402,0.0,0.04784343,0.0,-0.42522248151696895,-1.0
59370907,20260207,40.81632653061224,1.39,8.33626761,13.08859993799422,1.3111851144135713,3.118463641356337,10.93039,40.81632614135742,8323,45,0.003647558944692786,0.8035714285714286,0.26779455500000005,1.0,-0.056701356536998974,1.243499045647373
59397478,20260207,1428.6078200000013,2.5,414.76037126000006,218.2227647789948,2.107125970943225,6.546557060562422,873.95235,1428.607788085938,46381,664,0.01472693211405347,0.5570469798657718,0.6117510612534651,1.0000000000000002,-0.15714961162271007,1.6186228242249687
59437197,20260207,152.54237288135593,5.0,16.1510875,7.960121895699999,2.8022422638723246,7.646104312394256,45.25926,60.86393000000001,6653,10,0.0067107121242687105,0.0028089173593634,0.29669959333333334,0.3989968724150415,-0.4395515472255351,0.5292208624788511
59469459,20260207,28.457570000000004,1.45,9.77569584,2.6730483807619083,1.0808499131863334,10.64610677495344,10.56606,28.45756912231445,28262,54,0.010530983343890897,0.627906976744186,0.37129171605305716,0.999999932975705,-0.2545862667680459,6.342142361967455
59469464,20260207,74.94802000000001,1.45,77.39415861,13.257039564290242,0.7098819986771091,5.653450373904864,54.94072,74.94802093505861,147284,65,0.038720227141279775,0.8227848101265823,0.7330509865370691,1.0000000000000002,-0.5104262078088903,2.898931164130578
59473467,20260207,1000.0,9.99,0.2418420399999997,0.0,3.8170782879601948,0.0,0.9231299999999998,0.0,1241,0,0.007703289882060832,0.0,0.0009231299999999998,0.0,-0.6179100812852658,-1.0
59473469,20260207,1000.0,10.59,0.5106441099999997,16.5568842638,4.325732847481589,18.032390467352727,2.2089100000000004,298.56022,2988,75,0.002217604274899807,0.0097320452001213,0.0022089100000000006,0.2985602199999999,-0.5915266432973003,0.7027752792757166
59474185,20260207,28.30188679245283,20.0,0.0811987799999988,0.0,0.5140471322352456,0.0,0.04174,0.0,5911,0,0.005611886452102915,0.0,0.0014748133333333333,0.0,-0.9742976433882378,-1.0
59506934,20260207,32.65375000000002,1.62,16.70791339,8.999191730276799,0.9128279303343932,3.628520063075329,15.251449999999998,32.65375137329101,4322,74,0.0026943457390437007,0.7956989247311828,0.46706580408069487,0.9999999999999998,-0.43652596892938694,1.2398271928364202
59718544,20260207,379.8454299999999,4.15,77.63524532,50.11981509259999,2.7436655751138166,1.9209963819124112,213.00515000000001,96.27998537600004,32689,154,0.3459153439153439,0.1050217983485535,0.5607679681706321,0.25347148645338,-0.33887576503281536,-0.5371093162005505
59764696,20260207,91.22524,4.15,9.140238239999999,16.957821605981533,1.7727765485465075,5.379537499264098,16.2036,91.22524261474608,219836,59,0.026650018184022305,0.9833333333333332,0.17762189499309622,1.0,-0.5728249280610826,0.2962740664197034
59770476,20260207,861.0274499999999,3.68,196.11851326999997,117.71015828109572,2.345526499921545,7.314810132608441,460.0011700000001,861.0274658203125,59736,562,0.013706576109402964,0.6730538922155689,0.534246811759602,1.0,-0.3626286684995802,0.9877201086722304
59789974,20260207,7.079646017699115,270.0,0.048692969999999405,0.0,121.2910200384177,0.0,5.90602,0.0,1389,0,0.0012187417741510924,0.0,0.8342253249999999,0.0,-0.5507739998577122,-1.0
59790006,20260207,10.658120000000002,1.49,13.266189650000001,2.6699851575,0.7818567556811612,2.9896746758695505,10.37226,7.98239,2973,9,0.0012820733968692051,0.0494306418219461,0.9731791347817438,0.7489490800824994,-0.4752639223616368,1.0064930582108331
59818654,20260207,106.38297872340424,1.5,6.133863259999998,27.248629750600003,0.5175221333512415,2.966166290694085,3.17441,80.82397,1343,51,0.005147566117286316,0.0509829396193032,0.029839454000000005,0.7597453064072066,-0.6549852444325056,0.9774441937960568
59851958,20260207,3043.8813700000005,91.58,19.084504250000002,0.0,110.35471146702697,0.0,2106.06496,0.0,4149,0,0.010308074534161491,0.0,0.6919011301678948,0.0,0.20500886074499863,-1.0
59870194,20260207,41.35039,1.2,3.6109786800000006,16.791475866624147,1.7014611673088027,2.4625821609610896,6.143940000000001,41.35039138793944,4932,37,0.030844277673545965,0.861904761904762,0.1485823954743837,0.9999999999999996,0.41788430609066896,1.0521517192557253
59873387,20260207,1000.0,5.3,0.1523252999999997,0.0,3.5814142496354906,0.0,0.5455399999999999,0.0,1390,0,0.054940711462450595,0.0,0.00054554,0.0,-0.3242614623329263,-1.0
59941171,20260207,6.730769230769231,6.6,3.2012895599999984,0.0482016393600871,2.0334399241285763,139.63486744219446,6.50963,6.730769157409668,2579,1,0.2803260869565217,0.3333333333333333,0.9671450285714285,0.9999998807907104,-0.6919030417987007,20.15679840300969
59942526,20260207,81.56946999999998,1.36,71.78132998,29.92426165025257,0.7364183697171446,2.7258640996426715,52.86108999999999,81.56947326660156,12990,25,0.010508858506593317,1.0,0.6480499382918634,1.0,-0.4585159046197467,1.0043118168902654
59978838,20260207,57.754450000000006,45.0,0.23929870999999903,0.0,1.2219037871119371,0.0,0.2924,0.0,4249,0,0.0014929201363269036,0.0,0.005062813341655923,0.0,-0.9728465825086237,-1.0
59985139,20260207,83.23513,1.16,22.090751589999996,55.136621054224925,0.5260599646261289,1.509616062953581,11.62106,83.23513031005862,1359,33,0.013782961460446247,0.9885057471264368,0.13961725055274138,1.0000000000000004,-0.5465000304947164,0.301393195165746
59998752,20260207,1236.13103,28.8,21.77063850000001,0.0,35.391437876293786,0.0,770.4942000000001,0.0,225739,0,0.01912718183358753,0.0,0.6233111064285799,0.0,0.2288693707046453,-1.0
59999397,20260207,869.5652173913044,6.5,1.2908136399999992,0.0,3.574706570345819,0.0,4.61428,0.0,1077,0,0.00042812847829543646,0.0,0.005306422,0.0,-0.4500451430237202,-1.0
60033250,20260207,48.95666000000001,1.24,42.918783,17.097780403910278,1.1454211085155888,2.863334140718913,49.16008000000001,48.95666122436525,7396,43,0.014157733537519143,0.7705128205128204,1.0041551037182683,1.0000000000000002,-0.0762732995842026,1.3091404183042208
60078895,20260207,1000.0,25.95,13.767983299999997,0.0,15.646896521148456,0.0,215.42621,0.0,1273762,0,0.09389232062036532,0.0,0.21542621,0.0,-0.3970367429229882,-1.0
60081691,20260207,71.94244604316546,3.08,5.718500619999999,10.77304113942144,1.269079166419676,6.678006352950167,7.25723,71.94244384765624,14120,69,0.004916776934326903,0.2664092664092664,0.10087549700000001,0.9999999999999998,-0.5879613096040013,1.1681839345355434
60083626,20260207,1000.0,36.35,1.2863628299999987,0.9940870094,26.165386013213734,24.878259033550712,33.65818,24.731179,487559,14,0.04779568469448774,0.0003733784791,0.03365818,0.024731179,-0.2801819528689482,-0.3155911945563777
60134489,20260207,1000.0,300.0,1.6652470899999985,0.0,299.996476799128,0.0,499.56825999999995,0.0,18160,0,0.0057459262774877395,0.0,0.49956825999999993,0.0,-1.1744002906652895e-05,-1.0
60140024,20260207,353.31129000000004,2.21,162.60997909000002,63.75005213898061,1.163488126981961,5.542133094801129,189.19477999999998,353.311279296875,27733,160,0.0016713875897979846,0.9411764705882352,0.5354903320525081,1.0,-0.4735347841710584,1.5077524882977211
60144222,20260207,258.71110000000004,2.07,162.68881801000003,69.24363523159631,1.4376479149637897,3.7362435621172505,233.88924,258.7110900878905,20308,105,0.017348368358106953,0.255666636807896,0.9040556821875828,0.9999999999999996,-0.30548409905130924,0.8049486389423052
60145854,20260207,131.14754098360655,12.1,3.257562019999999,2.8619086097999995,3.1347614987235155,26.346454039570208,10.21168,75.40117,262138,31,0.08886033898305085,0.001250473407925,0.07786406,0.5749339376989918,-0.7409288017583872,1.17739282718684
60163679,20260207,26.848240000000004,1.81,10.12757828,6.00085687009131,1.3256644015789332,4.474066955075726,13.42577,26.848239898681637,1646,13,0.005957292797683677,0.8125,0.5000614565424027,0.9999999289581548,-0.2675887284094292,1.4718602743186215
60190295,20260207,30.120481927710845,3.0,5.84173005,2.833986864627497,2.608386534396604,10.628302917961838,15.237490000000001,30.120481491088867,25493,17,0.011012570737396863,0.3541666666666667,0.505884668,0.9999999366760284,-0.1305378218677986,2.5427676393206124
60191018,20260207,70.4225352112676,15.06,0.48831324999999925,0.5526562724,12.298068913755687,73.83954222258778,6.00531,40.80796,1564,3,0.001637353433835846,0.000272078551827,0.085275402,0.5794730028212142,-0.1833951584491576,3.903023915351731
60222062,20260207,4.57056,2.5,3.512663129999998,0.8121090448198944,0.9781638240954807,5.628005721193539,3.4359599999999992,4.570559978485107,4250,10,0.004315597075548335,0.4545454545454545,0.7517590842260027,0.9999997913441412,-0.6087344703618077,1.2512022884774154
60257685,20260207,166.66666666666666,1.14,50.54195902,59.36942124685621,0.6235717928450016,2.807281348636588,31.516540000000003,166.66667175292957,3942,67,0.0007531812449845237,0.9305555555555556,0.18909924000000003,0.9999999999999992,-0.4530071992587704,1.4625275297046725
60279269,20260207,5340.28227,2.29,1368.993826169999,927.642000439296,1.5528944100117579,5.756835307453415,2125.9028599999997,5340.282226562492,162415,1514,0.004502734937053476,0.8139784946236559,0.39808810705431114,0.9999999999999984,-0.32188017030054245,1.51390192286077
60280132,20260207,5.154639175257732,2.4,1.06686943,0.5869176528582775,0.0,8.782544597921092,0.0,5.15463924407959,5581,4,0.010383255813953489,0.4444444444444444,0.0,0.9999998149872192,-1.0,2.659393437055891
60299590,20260207,833.3333333333334,5.11,75.82956043,53.19856840606239,4.817436998559692,15.664581252692782,365.30413,833.3333129882807,1012161,416,0.0235578028627953,0.4074436826640548,0.438364956,0.9999999999999992,-0.057253033549962556,2.0654757032108844
60300280,20260207,125.0,6.5,24.164395879999994,0.7360278456045344,4.042689520777707,169.83030046510166,97.68914999999998,125.0,24478,4,0.6244387755102041,0.8,0.7815131999999999,1.0,-0.3780477660341989,25.12773853309256
60319297,20260207,48.38709677419355,10.0,4.149910089999999,13.102714526594143,5.652922470905871,3.692905971042388,23.45912,48.38709640502931,721473,52,0.06832907148539606,0.0022023851023724,0.4848218133333333,1.0000000000000002,-0.4347077529094129,-0.6307094028957613
60363119,20260207,139.53488372093022,8.1,17.93302123,0.0,3.403725407846405,0.0,61.03908,0.0,2481,0,0.006539272535582499,0.0,0.43744674,0.0,-0.579786986685629,-1.0
60371761,20260207,2164.6189100000006,2.47,1172.7072273100002,426.2751474776203,1.7740084153587783,5.077985203254277,2080.39249,2164.618896484376,207642,854,0.011056549520766772,0.7147891247423255,0.9610894926534664,1.0000000000000004,-0.2817779694903732,1.0558644309455565
60374272,20260207,402.23784,1.94,310.88509954999984,86.45973407894378,1.2579067011125917,4.652314208881569,391.06444999999997,402.2378540039064,48059,135,0.00856758298570257,0.9183673469387756,0.9722219321782355,1.0000000000000004,-0.3515944839625816,1.398100036938755
60394559,20260207,1.0332357499569484,52.0,0.00042083,0.0,0.0,0.0,0.0,0.0,1745,0,0.0003385719829258828,0.0,0.0,0.0,-1.0,-1.0
60395737,20260207,17.623949999999997,52.0,0.8606289799999988,0.0069078548,16.543842156000863,18.172331541835277,14.238110000000002,0.12555,1830148,1,0.018604756129669747,1.1184481308494837e-06,0.8078841576377602,0.0071238282662841,-0.6818491893076757,-0.650532085733937
60491784,20260207,521.94218,19.24,26.77029479,0.1447443479,19.48326135709318,10.675852608869926,521.57265,1.54528,11239,2,0.009902202643171806,0.0001896769896769,0.9992920097011511,0.0029606343401,0.012643521678439818,-0.445121999175082
60503054,20260207,4002.55829,900.0,5.135001049999998,0.001807079,611.4705273526674,1521.4932533368285,3139.9017999999996,2.75098,1620181,1,0.06475336520015347,4.480286738351255e-06,0.7844737221803207,0.0006873054081194,-0.3205883029414806,0.6905480592631428
60504423,20260207,65.78731,2.35,8.57009342,12.370506395664526,1.523455971848671,5.318076747790812,13.05616,65.78730773925778,3657,56,0.005028877887788779,0.5436893203883495,0.1984601589577078,0.9999999999999996,-0.3517208630431187,1.2630114738759166
60505342,20260207,1287.7824600000004,483.0,2.494942609999998,2.6069726038000005,425.03862243147984,27.658028410759304,1060.44697,72.10374999999999,472777,5,0.04588063467417148,8.688778714040872e-05,0.8234674744676983,0.0559906285730318,-0.1200028521087374,-0.94273700121996
60518154,20260207,2168.27759,1.63,1459.57807851,488.6802576522479,1.1712830064871975,4.437006712468005,1709.5789999999997,2168.2775878906245,135999,726,0.005647001669199531,0.8559500843983603,0.7884502463542962,0.9999999999999998,-0.2814214684127622,1.722090015612234
60518258,20260207,19.23076923076923,2.22,8.53345646,3.2970943242550828,1.9034069109201268,5.832640011834906,16.24264,19.23077011108398,2394,3,0.013472144063027575,1.0,0.8446172800000001,0.9999999008178851,-0.14260949958552854,1.6273152867868526
60537191,20260207,62.5,9.0,0.7605926099999993,1.61857771187203,3.653309226867196,38.61412456593674,2.77868,62.50000000000001,2857,6,0.25508928571428574,0.0788288288288288,0.04445888,1.0000000000000002,-0.5940767525703117,3.2904582851040822
60547751,20260207,192.36432,54.68,2.4952917799999974,0.0488867651999999,40.42407417380267,39.97319149290957,100.86986,1.9542,2556841,1,0.15597626963550404,4.810837855520918e-06,0.5243688642467584,0.0101588486456661,-0.2607155418104851,-0.2689613886281221
60547769,20260207,21.234762092017306,54.68,0.0717451299999981,0.0,8.100201365584192,0.0,0.58115,0.0,569049,0,0.03380315072887336,0.0,0.027367860185185184,0.0,-0.8518617160646637,-1.0
60548432,20260207,148.91858999999997,1.73,121.73846705000003,27.696230799841068,1.2188282273922386,5.3768539863681415,148.37828,148.91859436035153,20942,101,0.003180258162490509,0.6158536585365854,0.9963717760153384,0.9999999999999998,-0.29547501306807017,2.1080080503396488
60566933,20260207,14.03152,5.9,1.1282154199999987,0.0877137265431032,7.5285799586040145,159.96766384418268,8.493860000000002,14.031519889831545,1745,1,0.27265625,0.5,0.6053414027845879,0.9999999403953552,0.2760305014583075,26.113162925164403
60580455,20260207,27.1370420624152,15.0,0.16572462999999932,0.0,6.578744511301694,0.0,1.0902599999999996,0.0,1484,0,0.005051055139550714,0.0,0.040176080999999975,0.0,-0.5614170325798872,-1.0
60619154,20260207,346.15384615384613,8.8,0.7949493999999991,0.089587448,3.9788192808246707,18.12063983963646,3.16296,1.6233999999999995,2190,11,0.0075647668393782385,0.0378824476650563,0.00913744,0.0046898223176369,-0.5478614453608329,1.0591635735093383
60632826,20260207,103.90999000000002,7.7,23.06585713,9.2792667764,3.268534942148061,10.04543054971128,75.39156,93.21424000000002,74110,39,0.021213075337760477,0.0008764832793959,0.7255467929503215,0.8970671773939056,-0.5755149425781739,0.3046014024083442
60656113,20260207,304.366,3.0,115.27257251999998,42.69503053889527,1.6945611235153861,7.128838797956501,195.33642,304.365997314453,46205,145,0.008842385271940903,0.5140195798878433,0.6417813421998515,0.9999999999999996,-0.43514629216153794,1.3762795993188337
60666367,20260207,144.92753623188406,1.95,23.86429345,8.02175428340623,1.062162181885171,18.066810927346378,25.347749999999998,144.9275360107422,143938,58,0.010040668271075302,0.3258426966292135,0.17489947499999997,1.0,-0.4553014451870918,8.265031018233472
60679080,20260207,33.333333333333336,26.0,0.1549441299999988,0.0767424898,12.11552835205835,63.98275622852898,1.8772300000000002,4.91026,7581,11,0.00962544438801422,0.001742755070974,0.0563169,0.1473078056193468,-0.534018140305448,1.4608752395588072
60679832,20260207,84.40433999999999,1.33,104.07477300999997,0.996803746187329,0.622716227243396,84.67490044986715,64.80905,84.40434265136719,56104,60,0.005226171845890156,0.8695652173913043,0.7678402556077093,1.0,-0.5317923103433113,62.665336629810014
60695475,20260207,34.930139720558884,11.0,2.3717372799999987,1.996047128020665,6.548043972222762,17.499648910576262,15.53024,34.93014144897462,9663,44,0.003470905172413793,0.004166496782864,0.4446085851428571,1.0000000000000002,-0.4047232752524762,0.5908771736887511
60726038,20260207,47.8357,9.0,11.819992299999997,2.1108144795908115,3.9694002169527645,22.66218977986775,46.918279999999996,47.83570098876953,31724,5,0.0001872077460716115,0.0001880406167732,0.980821436709403,1.0,-0.5589555314496928,1.518021086651972
60739483,20260207,14.583333333333334,1.78,5.456920499999997,1.5967814295396423,0.40989418848964376,9.132949327133014,2.23676,14.583333015441896,207241,28,0.5357833505687694,0.8235294117647058,0.15337782857142856,0.9999999346051924,-0.7697223660170541,4.1308704909710094
60739866,20260207,99.7291,1.09,77.94989387999999,25.162547950483024,0.49769112014088107,3.9633943001813634,38.794970000000006,99.72910308837896,22631,52,0.014751971840166873,0.9285714285714286,0.38900351050997156,1.0000000000000009,-0.5434026420725862,2.6361414484514207
60741109,20260207,612.09021,1.82,352.99568687,119.35830241418516,0.8441795214051535,5.128174516999659,297.99173,612.0902099609376,24102,154,0.0017224080267558529,0.8324324324324325,0.48684282991554473,1.0000000000000002,-0.5361650981290366,1.817678224838766
60745623,20260207,1000.0,22.2,11.508108750000002,0.0,11.136856001643189,0.0,128.16415,0.0,245460,0,0.027238528546856794,0.0,0.12816415,0.0,-0.4983398197458023,-1.0
60758778,20260207,502.08629,1.73,414.21884197000014,139.9092186069109,1.0995104129835436,3.588657739079668,455.43793000000005,502.0863037109376,34947,167,0.009321188520217646,0.932175622542595,0.9070909504420047,1.0000000000000002,-0.364444847986391,1.074368612435969
60762511,20260207,2000.0,33.74,0.6070166399999992,0.0,17.502535021115754,0.0,10.62433,0.0,88047,0,0.00562198298980921,0.0,0.005312165000000001,0.0,-0.4812526668311869,-1.0
60762714,20260207,122.44897959183672,18.6,1.0652595699999985,0.0,7.856141578714014,0.0,8.368829999999999,0.0,1905,0,0.005614500442086649,0.0,0.068345445,0.0,-0.5776267968433327,-1.0
60765488,20260207,117.6470588235294,8.1,0.40429785999999945,0.0,6.290189119477415,0.0,2.54311,0.0,3581,0,0.005104047890535918,0.0,0.021616435,0.0,-0.22343344203982524,-1.0
60769562,20260207,583.7024200000001,400.0,2.0659779499999984,0.0,279.36323328136217,0.0,577.15828,0.0,167281,0,0.058614877886401066,0.0,0.98878856798298,0.0,-0.3015919167965946,-1.0
60828716,20260207,23.92696,1.88,28.880292099999956,5.4335764733388645,0.8284874653328054,4.403537100346573,23.926960000000005,23.92695999145508,3371,9,0.004836441893830703,0.8181818181818182,1.0000000000000002,0.999999920284546,-0.5593151780144652,1.3423069742104057
60844239,20260207,194.44444444444449,5.0,21.136006599999998,4.092326707100001,4.264975958135819,5.841670489517282,90.14456,23.90603,35519,16,0.024398268992993542,0.0006298167604816,0.4636005942857142,0.122945298214855,-0.14700480837283614,0.1683340979034565
60848391,20260207,41.73037999999999,16.0,3.2187120799999978,2.1572349762865928,6.117872462826813,19.344374686257748,19.69167,41.73038101196289,17991,25,0.0030296039337195206,0.0010655116590981,0.4718785211157915,1.0,-0.6176329710733242,0.2090234178911092
60858118,20260207,119.63921,2.64,81.71889277,24.16625400155713,1.522887006683559,4.950672479219592,124.44864000000001,119.63921356201172,23090,75,0.01317471185667009,0.6864468864468865,1.0401994463186441,1.0,-0.42314886110471256,0.8752546524611933
60862222,20260207,166.66666666666666,7.6,1.2565122099999995,5.746320225463984,3.240740493878688,29.004064550789582,4.07203,166.66667175292972,34315,83,0.017338689303218635,0.0396112918499597,0.02443218,1.0000000000000002,-0.5735867771212253,2.816324330887189
60880371,20260207,33.805879999999995,45.0,0.7045939199999972,0.0,43.47542482342186,0.0,30.632519999999996,0.0,29736,0,0.006883333333333333,0.0,0.9061299395253134,0.0,-0.03387944836840309,-1.0
60882186,20260207,112.01828,35.0,4.6258222700000005,0.0,24.577976274043053,0.0,113.69334999999998,0.0,34696,0,0.2579628252788104,0.0,1.0149535415112603,0.0,-0.2977721064559128,-1.0
60882731,20260207,92.20477000000002,37.0,2.940335039999998,0.0,22.973970340468426,0.0,67.55117,0.0,305221,0,0.08228755526798232,0.0,0.7326212082086424,0.0,-0.3790818826900425,-1.0
60906442,20260207,142.7203,2.47,166.35510802000022,9.4910338593,0.8585150266791298,3.705450514233368,142.81836,35.16856,22295,14,0.020072926982983703,0.0473763118440779,1.000687078152162,0.2464159508059065,-0.6524230661218099,0.5001823770497189
60906649,20260207,4.077471967380224,52.0,0.2873187599999986,0.0,10.01208553176275,0.0,2.87666,0.0,684928,0,0.00945419410051486,0.0,0.7055008650000001,0.0,-0.8074598936199471,-1.0
60908226,20260207,470.27303,2.33,380.7916222499998,84.99445098245936,1.2054486579503527,5.532985151413608,459.0247499999999,470.2730407714845,134816,223,0.009801235914213013,0.902834008097166,0.9760813840419467,1.0000000000000002,-0.4826400609655139,1.374671816560811
60912674,20260207,6.021550000000003,2.3,3.3704286399999983,1.24944009815981,0.6195206079188791,4.819394997808569,2.08805,6.021550178527833,3379,8,0.0064806290755657844,0.1666666666666666,0.34676287666796735,0.9999998416231476,-0.7306432139483134,1.0953891729237004
60916277,20260207,262.21178,1.31,260.5422288999996,117.97478339400288,0.7796023733179953,2.222608783216533,203.11934000000008,262.2117919921876,22338,108,0.049662072032014226,0.9473684210526316,0.7746385002229881,1.0000000000000004,-0.40488368449007994,0.6966480002286343
60917464,20260207,1000.0,20.54,0.0020245699999999,0.198792957,0.0,42.58529850582933,0.0,8.4657,2370,4,0.6405405405405405,0.09375,0.0,0.0084657,-1.0,1.0732861055345282
60930313,20260207,64.68921,1.84,3.2921591299999995,19.902942272315517,1.1474384593310958,3.2502332996324244,3.7775499999999997,64.68920898437501,4987,26,0.010312241521918942,0.9629629629629628,0.05839536454379331,1.0000000000000002,-0.37639214166788276,0.7664311090605571
60949070,20260207,66.13085000000001,9.0,4.899742599999998,5.088289925774772,7.56743833849558,12.996672696252327,37.0785,66.13085174560547,11699,70,0.004128815952002823,0.0267047524737101,0.5606838563242419,1.0,-0.15917351794493553,0.4440747440280365
60961963,20260207,27.77777777777778,2.08,0.4487938799999991,3.1182515008236305,0.16782760050114798,8.908123578238541,0.07532,27.77777862548828,6459,21,0.031157742402315485,0.3689024390243902,0.00271152,0.999999931335456,-0.9193136536052173,3.2827518773973936
60972908,20260207,1000.0,2.2,34.42934963000001,52.83612722369999,1.5905987359192524,4.337913804539363,54.76328,229.19857,3110,67,0.009444275736410568,0.0365245432586223,0.054763280000000004,0.22919857,-0.27700057458215804,0.9717789593261886
61011193,20260207,1128.4313299999994,3.5,79.66752448,156.25411300270008,2.3493236575586893,7.221770009809557,187.1648,1128.431274414063,34621,476,0.0036072183960740595,0.6538461538461539,0.16586281772236872,1.0000000000000004,-0.32876466926894593,1.0633628599455878
61011487,20260207,420.4162162162162,3.33,1.3659385899999992,0.1780297008999999,4.202246017516793,4.133163528987714,5.74001,0.73583,4418,2,0.03440809968847352,0.0039682539682539,0.01365316031731746,0.0017502416624498,0.26193574099603395,0.2411902773822873
61012951,20260207,119.05549000000002,2.3,25.964335379999998,24.19474066978147,1.5891668088597923,4.920717493550366,41.26166,119.05548858642568,7512,76,0.002485277575597168,0.8636363636363636,0.3465750298453267,0.9999999999999992,-0.3090579091913946,1.139442432855187
61019035,20260207,115.3846153846154,2.33,9.77133559,24.993582051400004,1.4269789294996469,3.781431009937008,13.94349,94.51151000000002,2589,30,0.00909697821503865,0.0325072621641249,0.12084357999999999,0.819099769997961,-0.3875626912018683,0.6229318170630384
61022895,20260207,1.32579105532968,26.0,0.0056692399999997,0.0,0.0,0.0,0.0,0.0,10028,0,0.005366297426018087,0.0,0.0,0.0,-1.0,-1.0
61027483,20260207,4.077471967380224,52.0,0.3563199199999988,0.1271838874,8.884235268126492,11.424549171712362,3.1656299999999997,1.45303,968242,4,0.0309867187249976,1.2157136924602032e-05,0.7763707575,0.3563555446282809,-0.8291493217667983,-0.7802971313132238
61030217,20260207,46.25146000000001,20.1,2.3149738599999976,0.0,17.61766329404689,0.0,40.78443,0.0,9946,0,0.0033724399837243998,0.0,0.8817976773057541,0.0,-0.12349933860463248,-1.0
61034097,20260207,2664.894420000001,2.82,1171.39858301,444.3956336592289,1.5425399997983218,5.996671261844168,1806.9291699999999,2664.8945312499977,150689,802,0.002572639256184943,0.7467411545623837,0.6780490650732794,0.9999999999999992,-0.4530000000715171,1.1264792212063728
61042371,20260207,220.99027000000007,1.82,197.71575504,40.3397119702494,1.240848206306908,5.478230969455804,245.33524,220.99026489257815,18111,61,0.002402116823173643,0.7349397590361446,1.1101630854607305,1.0000000000000002,-0.3182152712599407,2.0100169294363366
61076126,20260207,40.32258064516129,2.5,2.2049169599999994,5.589669464665785,2.2142194416246865,7.2137673409847425,4.88217,40.32258224487305,46879,17,0.07186723900045991,0.3448750737753295,0.12107781600000002,1.0,-0.11431222335012539,1.885506936393897
61087629,20260207,57.142857142857146,1.67,0.5514060199999995,7.390101262029297,0.4873722633641182,7.732349915034754,0.26874,57.14285659790038,5071,17,0.0024530766253869967,0.5483870967741935,0.004702949999999999,1.0,-0.7081603213388513,3.6301497687061226
61095720,20260207,7.352941176470588,1.35,0.6012119099999996,1.4175790510608666,1.2261733138320572,5.186967064556027,0.73719,7.352941036224366,2877,6,0.017003546099290782,1.0,0.10025784,0.9999998703003076,-0.09172347123551325,2.842197757741403
61098328,20260207,175.43859649122808,52.0,0.2929606599999988,0.0,13.9853931241144,0.0,4.09717,0.0,12796,0,0.3797032640949555,0.0,0.023353869,0.0,-0.7310501322285692,-1.0
61100993,20260207,118.66019,5.1,35.57482887999999,14.6410601433,3.314711938538495,6.677954489981915,117.92031,97.77234,8192,42,0.005963890506697728,0.012189349112426,0.9937647158663744,0.823969207056015,-0.3500564826395108,0.3094028656580987
61106509,20260207,50.0,1.11,29.731472540000006,16.214103127072736,0.6189720329270982,3.0837349759284467,18.40295,49.99999999999998,18744,91,0.005610632183908046,0.978494623655914,0.368059,0.9999999999999996,-0.44236753790351513,1.7781395821503074
61109358,20260207,21.234762092017306,54.68,0.24533726999999983,0.0,6.697922415130817,0.0,1.64325,0.0,253967,0,0.024310506566604127,0.0,0.07738490277777776,0.0,-0.8775069053560567,-1.0
61112285,20260207,131.01449000000002,1.96,36.45122326,29.419037258742836,1.0054381368379899,4.453391531610457,36.64945,131.01449584960938,5231,66,0.000506928965985076,0.7333333333333334,0.279735852118342,1.0,-0.4870213587561276,1.272138492313904
61136703,20260207,28.116213683224,52.0,0.1347540599999996,0.0,16.376129965954323,0.0,2.20675,0.0,5691,0,0.47425,0.0,0.07848674166666665,0.0,-0.6850744237316477,-1.0
61145915,20260207,7.368421052631579,8.1,0.01351633,0.1282997326664022,0.0,57.43085736608438,0.0,7.368421077728271,26806,4,0.008582863729508197,0.0555555555555555,0.0,0.9999998705727884,-1.0,6.0902289705403305
61154489,20260207,5.9523809523809526,6.1,0.023762619999999898,0.2005825263151616,0.0,29.675324007818467,0.0,5.952381134033203,20510,5,0.006707217371398672,0.1063829787234042,0.0,0.9999998397827454,-1.0,3.864807290452892
61159718,20260207,3.703703703703704,13.8,0.5030550199999981,0.2095085158019465,7.174642646444544,17.677973373737657,3.6092399999999993,3.70370364189148,2845,5,0.008697645979822683,0.0057503607503607,0.9744947999999997,0.9999997425079966,-0.48009835895329395,0.2810125456089786
61185226,20260207,280.8988764044944,3.0,3.1697488299999996,14.456208621044304,1.8745428482420168,19.431017680954312,5.9418299999999995,280.8988647460937,2263,23,0.0033821551337617694,0.1635902224137518,0.0211529148,0.9999999999999998,-0.37515238391932776,5.477005893651437
61185244,20260207,445.2629400000001,1.3,301.10735144999995,156.57850929343016,0.7926854952248961,2.8437040218271097,238.68343000000004,445.2629394531248,13593,96,0.007295121558525197,0.9320388349514565,0.5360505188237763,0.9999999999999996,-0.39024192675007996,1.1874647124104272
61185698,20260207,7.1040600000000005,52.0,0.42989980999999794,0.0,16.52492007381914,0.0,7.1040600000000005,0.0,1136270,0,0.017067287111402173,0.0,1.0,0.0,-0.6822130755034781,-1.0
61185812,20260207,498.5705128205128,3.59,18.21317155,35.1356822365,1.8193399161169161,5.832219621877854,33.13595,204.9190212000001,67957,117,0.030691446120494986,0.0097055139009356,0.06646191290484334,0.411013107400228,-0.4932200790760679,0.6245737496702334
61186486,20260207,21.234762092017306,54.68,0.006260219999999799,0.0223621624,8.807997163039282,7.386254101521883,0.05514,0.16518,209741,1,0.01405591781207487,4.529970283394941e-06,0.002596685555555555,0.0077787537091988,-0.8389173891177892,-0.8649185431547495
61188825,20260207,23.36448598130841,52.0,0.0494918399999988,0.0,0.0,0.0,0.0,0.0,332981,0,0.005326945966007986,0.0,0.0,0.0,-1.0,-1.0
61190600,20260207,992.44652,6.1,135.64135211999996,94.05977607269996,3.1525223931835877,10.430508646025205,427.6124,981.0913180000002,19949,150,0.0025239119433198383,0.0043493389004871,0.43086694485059,0.9885583607547342,-0.4831930502977725,0.7099194769009562
61191979,20260207,346.15384615384613,6.0,20.44772062,8.252267243899999,1.9336790997294055,9.21182852438082,39.53933,76.01848000000003,6946,14,0.0035624166581187814,0.0011490075828311,0.11422473111111112,0.2196089466901777,-0.677720150045099,0.53530475406347
61194572,20260207,309.0961200000001,3.13,146.59471051999998,44.51459396368698,2.1085080007564794,6.94370308487004,309.09612,309.09613037109364,16315,87,0.008944627192982457,0.7909090909090909,0.9999999999999997,0.9999999999999996,-0.3263552713238085,1.2184354092620624
61218808,20260207,804.4937299999997,4.0,165.45907342999993,66.04882604219533,4.1432715401372615,12.180287666046736,685.54187,804.4937133789059,599199,452,0.2709346174715138,0.6099865047233468,0.8521407245771826,0.9999999999999996,0.03581788503431538,2.045071916511684
61218812,20260207,1560.8154700000005,4.0,64.79945852,243.02146148336496,3.0986670967015355,6.422541506161581,200.79194999999999,1560.815429687501,521523,1058,0.25519817968291253,0.2835749654184436,0.1286455406544631,1.0000000000000009,-0.22533322582461612,0.6056353765403952
61218892,20260207,119.60393,4.0,0.6590469999999994,3.3028513627,2.8258530878677877,7.477185562061151,1.86237,24.69604,2101,9,0.011575757575757576,0.0021337126600284,0.015571143857898316,0.2064818479879026,-0.2935367280330531,0.8692963905152877
61245888,20260207,128.2051282051282,3.76,7.244865859999999,17.3961493928,2.092156058221346,5.989981147962929,15.15739,104.20261289999992,4819,81,0.0017333908852199562,0.0024912541771094,0.118227642,0.8127804079044979,-0.44357551643049303,0.5930800965839694
61261395,20260207,4.044489383215369,16.0,0.0256127899999997,0.1805756915255149,0.0,22.397627011158505,0.0,4.04448938369751,195510,6,0.039794422959495215,0.0066694630872483,0.0,0.9999997642040808,-1.0,0.3998516881974066
61275566,20260207,729.8732500000002,1.8,380.58487383000016,177.303918229962,1.1486562132662985,4.116509286147411,437.16117999999994,729.8732299804691,33835,160,0.011720184280716339,0.9248554913294798,0.5989549281330694,1.0000000000000004,-0.3618576592965008,1.286949663998705
61280560,20260207,1000.0,30.15,0.8278719799999977,0.0,11.119980168914552,0.0,9.205919999999999,0.0,20802,0,0.01524961513085551,0.0,0.00920592,0.0,-0.6311781038502636,-1.0
61292982,20260207,9.42855,2.24,0.6256063999999997,0.9040398070789382,1.4892590612883763,10.429340902215772,0.9316899999999999,9.428549766540527,20124,6,0.1099672131147541,1.0,0.09881583064203933,0.9999998988525018,-0.33515220478197494,3.655955740095142
61325277,20260207,159.26296000000002,2.64,114.76722292000011,34.60113813218373,1.382764747306128,4.602824031413985,158.69607000000002,159.2629547119141,8885,45,0.009974180511899416,0.9574468085106383,0.9964405408514321,1.0000000000000002,-0.4762254745052546,0.7434938820129539
61327659,20260207,1111.111111111111,41.78,0.2157626299999992,0.0,19.956838679617576,0.0,4.30594,0.0,250533,0,0.002811808714448773,0.0,0.0038753459999999996,0.0,-0.5223351201623366,-1.0
61328223,20260207,1666.6666666666667,48.86,9.830470329999999,0.0,19.741280273006026,0.0,194.06607000000002,0.0,3080441,0,0.034758816248097284,0.0,0.11643964200000001,0.0,-0.595962335796029,-1.0
61329740,20260207,25.42372881355932,10.0,2.322882929999999,0.6216682095,2.7071273884646447,14.369410393004191,6.28834,8.93302,147899,2,0.01869677892394822,4.55736584254301e-05,0.24734137333333336,0.3513654251859261,-0.7292872611535355,0.4369410393004191
61361730,20260207,372.3404255319149,1.5,75.30825108,107.56669388500468,0.44157166742159853,3.4614842817476057,33.25399,372.34042358398426,6373,73,0.0029048726013036147,0.8594789356984479,0.08931071600000001,0.9999999999999996,-0.7056188883856009,1.3076561878317372
61380657,20260207,27.354690000000005,7.1,9.962235880000001,0.0,2.362850095454676,0.0,23.539270000000002,0.0,17955,0,0.01990355836381776,0.0,0.8605204445745865,0.0,-0.6672042119077921,-1.0
61390918,20260207,14.285714285714286,1.45,3.180523099999999,0.9088088146823644,0.3972837046836731,15.719145984870396,1.26357,14.2857141494751,9510,15,0.0026764606551840596,0.2830188679245283,0.0884499,0.9999999332428018,-0.726011238149191,9.840789977890516
61390940,20260207,58.39817,10.0,12.34167202,0.3415241877999999,4.677778659686015,18.64448136612664,57.731609999999996,6.36756,763272,6,0.028406209178299884,8.300621827110769e-05,0.9885859437033728,0.1090369775049922,-0.5322221340313985,0.8644481366126641
61400136,20260207,267.85714285714283,2.25,0.5897171499999989,23.1156847882,1.7456165214120056,7.206642343487743,1.02942,166.58647999999994,14208,168,0.007076754495193505,0.0083572376006098,0.0038431680000000005,0.6219228485442242,-0.2241704349279975,2.202952152661219
61404169,20260207,8.771929824561404,1.68,1.3943859299999994,2.228297751991437,0.33074774356049347,3.9366039823278896,0.46119,8.771929740905762,6830,13,0.015572275421796625,0.6,0.052575659999999996,0.9999998912811388,-0.8031263431187539,1.3432167293062496
61404245,20260207,8.771929824561404,1.51,0.9756359899999988,0.2960517625279978,0.5204400054983628,29.62961624138264,0.50776,8.771929740905763,11517,5,0.010368203096867123,0.5,0.057884639999999994,0.9999998912811388,-0.655337744703071,18.62226253544048
61423925,20260207,1000.0,20.04,2.8435154499999977,14.3436269125,13.622349053879779,29.20670088178433,38.73536,418.9300500000001,974466,334,0.019203154590295417,0.001768595102465,0.03873536,0.41893005,-0.32024206317965176,0.4574201370996179
61443196,20260207,27.77777777777778,25.0,0.5755063499999986,0.0,5.57340505452287,0.0,3.20753,0.0,148960,0,0.022692096764365365,0.0,0.11547108,0.0,-0.7770637978190852,-1.0
61444303,20260207,1000.0,1.05,76.79421796,496.0292966500001,0.6856417240608619,1.863845045806842,52.65332,924.521749,2343,243,0.004015424164524422,0.1079473100905782,0.05265332,0.924521749,-0.34700788184679826,0.7750906004283408
61445437,20260207,67.55288000000002,5.6,23.472981179999998,7.249879637849264,2.877899465857281,9.317791934507794,67.55288,67.5528793334961,3453,13,0.001667632570269487,0.2549019607843137,0.9999999999999998,1.0,-0.4860893810969141,0.6638914452122942
61446523,20260207,280.8988764044944,3.0,5.3362700499999995,15.269504994600002,1.898284739169076,15.766780541894452,10.129760000000001,240.75095,2873,44,0.002981837052413077,0.0087647660383267,0.036061945600000006,0.8570734175718947,-0.3672384202769747,4.2555935139648176
61451829,20260207,72.63998000000001,19.25,3.4158564799999995,1.0644262132,18.170526297990133,18.1612230129706,62.06791,19.3313,44344,7,0.011303882331948303,0.0005139704557297,0.8544593486947545,0.2661248107591302,-0.05607655594856453,-0.0565598434820468
61462330,20260207,7.462686567164179,5.1,0.03346303,0.485565544784291,0.0,15.369029474655273,0.0,7.462686538696287,1398,4,0.0009484396200814112,0.1176470588235294,0.0,0.9999998722076572,-1.0,2.013535247460468
61467151,20260207,5.652430000000001,19.25,1.012363219999999,0.0,5.583401182828437,0.0,5.65243,0.0,2921,0,0.007875438123483418,0.0,0.9999999999999999,0.0,-0.7099531853076136,-1.0
61470571,20260207,1162.7906976744189,20.6,3.157815789999999,0.0,10.263480251962388,0.0,32.41018,0.0,1818,0,0.004984919111598574,0.0,0.02787275479999999,0.0,-0.5017728033027967,-1.0
61471905,20260207,1000.0,28.73,7.482276129999999,0.0,15.36913206650127,0.0,114.99609000000001,0.0,207203,0,0.011154639175257731,0.0,0.11499609000000001,0.0,-0.46504935375909257,-1.0
61515335,20260207,4.7828800000000005,2.04,2.1967934799999984,0.7506827514375443,2.187465523613992,6.3713645329975765,4.80541,4.782879829406738,43633,7,0.01808546795987731,0.2,1.0047105509651089,0.999999800606714,0.0722870213794079,2.1232179667347486
61521770,20260207,101.2775,3.79,34.56488058000001,4.3681055656,4.1200177061337895,1.049174266051931,142.40792,4.582905,5436,5,0.5490909090909091,0.0486486486486486,1.406116067240996,0.0452509705088889,0.08707591190865156,-0.7231730140865323
61524679,20260207,2.69648,52.0,0.1033659199999992,0.0,6.895599632838421,0.0,0.71277,0.0,289788,0,0.010954452840601953,0.0,0.26433350145374707,0.0,-0.8673923147531073,-1.0
61524837,20260207,1000.0,18.9,2.185272169999998,0.1737378714,10.3555750677958,18.624852826113152,22.62975,3.23586091,27875,6,0.0031670737942396184,0.0001053301665755,0.02262975,0.00323586091,-0.4520859752488995,-0.0145580316386544
61547249,20260207,70.0,8.7,1.840172769999998,0.2114316248,4.046842840740442,58.22677560591869,7.44689,12.31104,14952,4,0.0038398520763245074,7.907684583585487e-05,0.10638414285714286,0.175872,-0.5348456504896043,5.692732974994965
61552681,20260207,1.5432098765432098,3.88,0.1298749999999998,0.0113124524999999,1.3054090471607336,6.554144280890385,0.16954,0.07415,3937,1,0.02909830007390983,0.002415458937198,0.10986192,0.0480491692525934,-0.6635543692884707,0.6892123937049917
61583194,20260207,2182.06944,300.0,6.364344179999998,0.8457256664999999,207.2730893695948,382.53691507550445,1319.1572800000001,323.52167,384103,2,0.008865231530527224,5.094045040392299e-06,0.6045441340308584,0.1482636984406376,-0.30908970210135067,0.2751230502516815
61590141,20260207,28.447170000000018,21.41,1.570751739999998,0.0967229686,11.944541917235135,18.023702141601333,18.76191,1.743324,11590,7,0.0017102719612790886,3.3828191448233205e-05,0.6595352015683805,0.0612828575681763,-0.4421045344588914,-0.1581643031267974
61593737,20260207,118.54912000000002,22.0,7.486773609999998,0.0074243918,9.508955887875446,17.021324046496776,71.1914,0.12639,132279,1,0.009254551051534275,3.2749089575309808e-06,0.6005223826208073,0.001066140365171,-0.5677747323692979,-0.2263034524319647
61619011,20260207,162.85718,1.46,52.408485999999996,38.65951786516965,0.7158806304765225,4.21260229084489,37.51822,162.85717773437491,4171,43,0.008682348043297252,0.8958333333333334,0.23037498254605662,0.9999999999999994,-0.5096708010434777,1.8853439594368169
61622102,20260207,100000.0,60.0,0.7477592299999991,0.0,66.80131517734668,0.0,49.9513,0.0,3065,0,0.004780845421931056,0.0,0.000499513,0.0,0.113355252955778,-1.0
61627716,20260207,498.5705128205128,3.59,13.355976779999999,20.9200517155,1.9288458211889765,7.539678783081411,25.76162,157.7304776,12170,70,0.006199378533951403,0.0071742222771971,0.051670965966802526,0.3163654274281593,-0.4627170414515386,1.1001891262791337
61630077,20260207,1000.0,30.15,0.45239702999999837,0.0,12.688986928141459,0.0,5.740459999999999,0.0,8913,0,0.0014324515444698017,0.0,0.0057404599999999984,0.0,-0.5791380786686082,-1.0
61642024,20260207,20.98801,12.13,2.5296678399999997,0.9585839098784004,7.168751451573975,21.89478489616172,18.13456,20.988010406494148,191357,41,0.02518949017336475,0.0092132094565388,0.8640438040576501,0.999999909121998,-0.40900647555037306,0.805011103841269
61652353,20260207,1000.0,2.76,53.638024000000044,176.8719798916096,0.8649744442487286,5.653806753104767,46.395520000000005,999.9999999999998,1590250,2362,0.07337606009431263,0.677099121144281,0.04639552,0.9999999999999998,-0.6866034622287215,1.0484807147248558
61663854,20260207,141.18399000000002,3.6,47.95950828,19.27731637624696,2.476000781882912,7.323840123754932,118.74778,141.18399047851565,5127,26,0.004582588487665355,0.6842105263157895,0.8410853100270079,1.0000000000000002,-0.3122220050325244,1.0344000882695676
61697828,20260207,82.3529411764706,1.9,5.539783079999999,19.219714923941577,1.4736587844880022,4.28481584984432,8.16375,82.35294342041016,4965,41,0.003538088790707618,0.5946271050521251,0.09913124999999999,1.0,-0.2243901134273672,1.2551662650587758
61702785,20260207,0.8682062858135093,52.0,0.0372381799999999,0.0,0.0,0.0,0.0,0.0,133808,0,0.004937418821584602,0.0,0.0,0.0,-1.0,-1.0
61709401,20260207,15.873015873015872,8.1,1.6325031599999984,0.4458483692999999,2.87170041373764,15.031466816970108,4.68806,6.70177,2118,17,0.005498442367601246,0.0520833333333333,0.29534778000000006,0.4222114971151276,-0.6454690847237481,0.8557365566744186
61709841,20260207,197.8021978021978,3.6,0.3534913699999999,11.08153931463648,3.192298584262468,17.849702721933525,1.12845,197.80220031738284,9560,52,0.0032396895862279304,0.0657675575904522,0.005704941666666666,1.0000000000000002,-0.11325039326042563,3.958250887441438
61736578,20260207,1000.0,23.79,13.92317826,0.0,22.28128407227618,0.0,310.22628999999995,0.0,286701,0,0.004583234086225887,0.0,0.31022628999999996,0.0,-0.06341807178326272,-1.0
61768085,20260207,40.32258064516129,2.3,2.802410779999999,4.002726852276634,1.792842090052195,10.073775618279605,5.02428,40.32258224487305,23636,17,0.02418747441670078,0.5666666666666667,0.12460214400000001,1.0,-0.2205034391077412,3.3799025335346227
61777401,20260207,4432.506930000003,300.0,11.881192509999998,0.0,227.87231228862566,0.0,2707.39481,0.0,694307,0,0.013002977751142408,0.0,0.6108044167231562,0.0,-0.24042562570458112,-1.0
61795733,20260207,47.716910000000006,13.34,2.913293729999999,1.914597679,3.5670965453936576,17.036515462883592,10.392,32.618089999999995,177887,9,0.006695107584955795,2.5892090809445327e-05,0.21778442904203138,0.6835750491905555,-0.7326014583662926,0.277100095053492
61798105,20260207,45.45454545454545,8.0,10.374591689999999,0.0054360985,2.458500610157507,21.728500964255105,25.50594,0.11814,15819,1,0.04744751049790042,0.0015432098765432,0.56113068,0.0025990800793176,-0.6926874237303116,1.716062620531888
61810671,20260207,83.33333333333333,10.0,0.0028838699999999997,0.7383502415999998,5.617451549480386,55.10195921366214,0.0162,40.6846,5158,4,0.14653409090909092,0.005,0.0001944,0.4882151851008549,-0.43825484505196144,4.510195921366214
61831943,20260207,104.30993,5.6,47.090962860000005,11.518452689804697,1.9429874532830904,9.05589688539275,91.49715,104.30992889404298,9182,22,0.0035209755349336607,0.1175473462707505,0.8771662486975115,1.0000000000000002,-0.6530379547708767,0.6171244713595996
61834352,20260207,139.53488372093022,8.1,21.142283720000002,0.5550096055,4.583750331016748,9.594213060492589,96.91095,5.32489,3701,2,0.003429709943471411,0.0007855459544383,0.694528475,0.0381617122489681,-0.4341048974053398,0.1844706924262811
61861065,20260207,125.0,2.8,12.378150309999999,4.255020490131517,1.112624233434438,29.37705491967713,13.77223,125.0,251668,42,0.031950538289660775,0.1834061135371179,0.11017784,1.0,-0.6026342023448436,9.4918055071305
61869045,20260207,593.0689100000001,13.49,11.021867570000008,0.0,13.759977520760566,0.0,151.66065,0.0,185192,0,0.012635744599555137,0.0,0.255721801367062,0.0,0.020013159433696526,-1.0
61879187,20260207,66.1471,54.0,1.5291670999999987,0.0,43.25694686996604,0.0,66.1471,0.0,840301,0,0.011986183739433828,0.0,1.0,0.0,-0.19894542833396217,-1.0
61880373,20260207,461.1956700000001,1.01,559.35460876,110.39039083450736,0.583894375562631,4.177860691013247,326.60401,461.195678710938,110215,415,0.010199048711874445,0.7685185185185185,0.7081679886543599,1.000000000000001,-0.42188675686868216,3.136495772734599
61887714,20260207,555.5555555555555,11.1,0.1607658499999996,0.2465132529999999,0.0,43.05402170802676,0.0,10.61343,1021,1,0.2430952380952381,0.0454545454545454,0.0,0.0191041744664105,-1.0,2.878740561117537
61894872,20260207,59.70149253731344,5.1,1.1046315399999997,5.296766951178256,8.226643610049376,11.271305985056385,9.087409999999998,59.70149230957031,5999,14,0.004337358108596631,0.0149739583333333,0.15221411749999994,1.0,0.6130673745194856,1.2100600383968887
61914746,20260207,20.83333333333333,11.0,0.3186287699999997,0.9034047476346156,2.3789753825431417,23.06088269159684,0.75801,20.833333969116207,17018,53,0.002918138482115299,0.015221091575362,0.036384480000000004,0.9999999084472766,-0.7837295106778961,1.096443881054258
61915131,20260207,1000.0,20.52,0.755107939999999,0.3445309687,8.749662995200406,27.395599995014337,6.60694,9.43866,3623,4,0.01010599721059972,0.0013550135501355,0.0066069399999999995,0.0094386599999999,-0.5736031678752238,0.3350681960949618
61917856,20260207,183.66036000000005,3.5,39.25839492,25.64442743108213,1.1879578901541092,7.161803395534203,46.63732,183.66035461425787,11011,43,0.005503023639362287,0.5058823529411764,0.25393242178116165,1.0000000000000002,-0.6605834599559687,1.0462295415812009
61921752,20260207,50.0,2.83,5.9115299199999995,1.8244887786,1.2549610845917871,4.14647979327408,7.41874,7.565209999999999,2278,11,0.0029458166300271563,0.0055601752460536,0.1483748,0.1513042,-0.5565508535011353,0.4651872456038852
61927008,20260207,347.65362000000005,1.0,307.94050145,234.6779742730516,0.7964333981570192,1.4814071285717405,245.2541,347.65362548828125,52743,47,0.04114760493056639,0.9591836734693876,0.7054553322355739,1.0,-0.2035666018429808,0.4814071285717405
61939692,20260207,1000.0,1.29,9.942765969999998,302.0780643236999,1.21084414903512,2.5590439479696667,12.039139999999998,773.0310448809998,3112,116,0.031182364729458917,0.0204211363275541,0.012039139999999999,0.7730310448809998,-0.061361124778976726,0.9837550570883076
61944621,20260207,147.54098360655738,7.1,9.787200359999998,0.0,2.3385574176597324,0.0,22.887929999999997,0.0,2033,0,0.002781121751025992,0.0,0.15512930333333333,0.0,-0.6706257158225729,-1.0
61946302,20260207,17.54385964912281,10.0,0.0284664499999998,0.0,0.0,0.0,0.0,0.0,2839,0,0.001992700217589668,0.0,0.0,0.0,-1.0,-1.0
61947448,20260207,142.85714285714286,25.0,0.00273055,0.0,0.0,0.0,0.0,0.0,2821,0,0.020973977695167286,0.0,0.0,0.0,-1.0,-1.0
61974075,20260207,127.96638000000002,1.28,79.44294961,62.34146602638265,0.9657286187966856,2.0526686868652924,76.72032999999999,127.96637725830078,4271,32,0.006751501738855517,0.9015151515151516,0.5995350497529115,1.0,-0.2455245165650894,0.6036474474578233
61981383,20260207,103.8961038961039,4.0,30.162857709999994,15.89792506927762,2.3545835969134377,6.535198519135794,71.02097,103.89610290527342,3839,19,0.0017016843971631205,0.6785714285714286,0.6835768362500001,1.0,-0.4113541007716406,0.6337996297839485
61991620,20260207,42.08653000000001,1.92,10.99126112,9.0392052350047,1.0846980951354197,4.6559982905461705,11.9222,42.08652877807617,3853,20,0.005161419959812458,0.8695652173913043,0.28327828404955213,1.0,-0.4350530754503022,1.4249991638624189
61992618,20260207,83.12442,4.0,9.788109599999999,0.0955262298,3.4120040911679212,7.908111661791327,33.39707,0.75544,4399,1,0.04470528455284553,0.0058479532163742,0.40177206649983244,0.0090880633932993,-0.1469989772080197,0.977027915447832
62027377,20260207,2104.15374,13.5,184.01624725,0.5197686154,10.056164700967727,12.318688531018736,1850.4976899999997,6.40288,515431,3,0.018754061498269883,5.045612335513038e-06,0.8794498495152733,0.0030429714661777,-0.2550989110394276,-0.0875045532578713
62034028,20260207,313.8476000000001,2.57,108.55843762000006,50.08261237855765,1.8011911767231996,6.266597807957331,195.53449999999998,313.84759521484386,28096,204,0.0038723726827923645,0.7282931660614065,0.6230237223416712,1.0000000000000004,-0.2991474020532297,1.438364969157881
62054606,20260207,13.043478260869565,6.2,1.0990061199999988,0.5990545678846401,1.5146321478173406,21.773402521144316,1.66459,13.04347801208496,39204,11,0.009777533918595371,0.0080444279208104,0.12761856666666668,0.9999999268849732,-0.7557044922875258,2.5118392243507235
62086487,20260207,49.43966,8.0,0.5063748299999995,4.382269803598877,1.34088418257282,11.281744404761731,0.67899,49.43965911865234,2641,6,0.0007080998471726949,0.0003458139402839,0.013733710951895704,1.0,-0.8323894771783975,0.4102180505952166
62095724,20260207,12.5,10.5,0.24413513999999892,0.0,1.9979508070816934,0.0,0.48777000000000004,0.0,2214,0,0.0005013814031432583,0.0,0.039021600000000004,0.0,-0.8097189707541245,-1.0
62097829,20260207,17.931050000000003,1.97,1.8195641399999993,0.2839815889779927,1.8374510282446,63.14136867142018,3.34336,17.93104934692382,5353,24,0.0009055384511283283,0.6486486486486487,0.1864564540280686,0.999999893628733,-0.06728374200781728,31.0514557129039
62098540,20260207,25.64102564102564,13.15,0.8453693999999992,1.103385336421865,5.758736949787874,23.238483835465374,4.86826,25.641025543212876,62481,42,0.0020591230411785063,0.0039399624765478,0.18986214000000004,0.999999925613408,-0.5620732357575762,0.7671851338093539
62103297,20260207,2.336448598130841,2.96,0.5465646999999999,0.4201229301987927,0.3559322437032616,5.561332029641924,0.19454000000000002,2.3364486694335938,8076,3,0.07833171677982541,0.75,0.08326312000000001,0.9999995918275716,-0.8797526203705197,0.8788283641791587
62103431,20260207,2.336448598130841,3.01,0.2243449599999997,0.5292859323,0.934186353016356,2.7424444312131,0.20958,1.45154,3713,7,0.20627777777777778,0.0412587412587412,0.08970024,0.621258847459841,-0.6896390853766259,-0.0888888903979626
62108188,20260207,46.08294930875576,52.0,0.10987818999999929,0.0,20.17943688369834,0.0,2.2172799999999997,0.0,155760,0,0.008314916242272829,0.0,0.048114976,0.0,-0.6119339060827242,-1.0
62110322,20260207,50.68064999999999,1.96,13.75778575,6.7449007355787804,2.069432575659931,7.513919518853013,28.47081,50.68064880371096,62855,46,0.07342016119612195,0.6865671641791045,0.5617688407705901,1.0000000000000004,0.05583294676527105,2.833632332965074
62110977,20260207,118.0,9.1,6.754455839999997,2.524997321803937,3.73756533435268,46.73270432738232,25.24522,117.99999999999996,438721,24,0.03988590286742913,0.0387722132471728,0.21394254237288135,0.9999999999999998,-0.5892785346865187,4.135461798720781
62112393,20260207,11.67876,9.0,0.2765422499999996,0.0,8.383818385798204,0.0,2.31848,0.0,1385,0,0.001233193838482771,0.0,0.19852107586764348,0.0,-0.06846462380019958,-1.0
62112636,20260207,118.0,8.1,1.758430279999998,0.8760550166,2.913416618371702,16.618549184221195,5.12304,14.55878,1379,27,0.0010908084163898117,0.0246464235662675,0.04341559322033898,0.1233794915254237,-0.6403189360034935,1.0516726421691596
62112649,20260207,170.84410000000003,9.0,18.034290420000005,0.5080517316000001,3.997236282723675,12.91029373928082,72.08732,6.55911,78439,1,0.036973367900070706,2.338196782641227e-05,0.4219479630844729,0.0383923703741877,-0.555862635252925,0.4344770821423132
62123023,20260207,237.2979400000001,2.34,220.11151707,42.15157347161148,1.07469006233223,5.629634149847746,236.55166,237.29794311523443,19017,62,0.0008044280130623848,0.9117647058823528,0.9968550928002152,1.0000000000000002,-0.5407307425930641,1.4058266480091897
62141016,20260207,133.90189999999998,12.42,19.187915150000002,0.1675201823,6.019843693127859,555.2486480988739,115.50825,93.01591,7910,1,0.0018851286939942802,1.905197378448407e-05,0.8626333905642863,0.6946571268598166,-0.5153104916966297,43.70601003929759
62141274,20260207,284.49023000000017,3000.0,0.758970299999999,0.0,374.01028735907107,0.0,283.8627,0.0,45402,0,0.007887358198843007,0.0,0.9977941949008227,0.0,-0.8753299042136429,-1.0
62141661,20260207,4.433497536945813,2.7,0.6754590699999994,0.905676955565129,0.8644491219875108,4.895225064993008,0.5839000000000001,4.433497428894043,9488,4,0.2657703081232493,0.875,0.1317018888888889,0.9999997848935008,-0.6798336585231441,0.8130462883482312
62141774,20260207,3.886010362694301,2.03,0.0389869299999996,0.741021106001579,0.0,5.244122107732652,0.0,3.886010408401489,3969,4,0.009994963485268194,0.8,0.0,0.9999997545878724,-1.0,1.5833114195279727
62145179,20260207,10.638297872340424,10.0,0.0263947999999999,0.7781058663887989,5.128282843590424,13.67202693383289,0.13536,10.638298034667969,1595,14,0.0008828739067862283,0.0088813303099017,0.012723840000000004,0.9999999103546235,-0.4871717156409576,0.3672026933832891
62145770,20260207,1.3192612137203166,2.27,0.7477690899999994,0.152279080801323,1.034811428217768,8.663386480577634,0.7738,1.3192611932754517,36887,5,0.02167273795534665,0.4166666666666667,0.5865404000000001,0.9999992771153796,-0.5441359347058291,2.8164698473000085
62150859,20260207,1.2315270935960592,5.6,0.0136458099999996,0.0140771934067235,0.0,87.47763683119125,0.0,1.2315270900726318,11370,2,0.17020958083832335,0.4,0.0,0.9999992256170526,-1.0,14.6210068430226
62161066,20260207,25.074780000000008,1.94,27.253421699999997,0.8610366392268094,0.9091779473694491,29.121583503613824,24.77821,25.074779510498043,72252,16,0.011391542900387854,0.6153846153846154,0.9881725781841354,0.9999999239335888,-0.5313515735209025,14.01112507457235
62164374,20260207,8.309009999999999,2.51,5.170598479999997,1.832797317498831,1.577384132909892,4.533510028174312,8.156020000000002,8.309009552001955,47991,29,0.09854414784394251,0.7631578947368421,0.9815874574708663,0.9999998852240812,-0.3715601064104015,0.8061793009559282
62171512,20260207,62.5,15.0,1.5066085199999992,0.0,4.675620711344446,0.0,7.0443299999999995,0.0,1122,0,0.0019428571428571429,0.0,0.11270928,0.0,-0.6882919525770369,-1.0
62187452,20260207,3.25476,380.0,0.0138394999999995,0.0,99.38364825319194,0.0,1.37542,0.0,1199,0,0.001906200317965024,0.0,0.42258722609347543,0.0,-0.7384640835442318,-1.0
62204387,20260207,89.88764044943821,7.0,4.121756329999999,0.0,5.0488938049377605,0.0,20.810309999999998,0.0,1330,0,0.011280746395250212,0.0,0.23151469874999997,0.0,-0.2787294564374628,-1.0
62210221,20260207,41.66666666666666,12.0,7.524852289999998,0.0,4.971173992307031,0.0,37.407349999999994,0.0,559609,0,0.012481771687175609,0.0,0.8977764,0.0,-0.5857355006410808,-1.0
62243266,20260207,1.32579105532968,26.0,0.0029903999999998996,0.0,0.0,0.0,0.0,0.0,1780,0,0.016808309726156753,0.0,0.0,0.0,-1.0,-1.0
62243688,20260207,1032.14053,5.5,297.12176547,77.01850307889997,3.4096952082841963,9.3323635481634,1013.0946599999999,718.7646800000002,65490,151,0.0071972569318519,0.0075332000735226,0.9815472123742685,0.6963825932223537,-0.38005541667560067,0.6967933723933455
62254595,20260207,6.25,6.78,0.00105222,0.0285191903999999,0.0,8.948748112144441,0.0,0.25522,3063,1,0.002160541722508288,5.73921028466483e-05,0.0,0.0408351937690439,-1.0,0.31987431197991
62256963,20260207,29.98952,9.0,0.21673147999999937,0.0,1.8715786003952963,0.0,0.40563,0.0,4045,0,0.002596944016435542,0.0,0.013525724986595317,0.0,-0.7920468221783004,-1.0
62259395,20260207,359.21541,2.06,279.33086143,78.4504188519924,1.201357087011651,4.578884654303883,335.57610999999997,359.21542358398466,42563,198,0.010578337806939059,0.7197115384615385,0.9341918544084731,1.0000000000000009,-0.4168169480525966,1.2227596026656349
62269771,20260207,313.4800300000003,1.5,218.52118453999998,148.35867298511684,1.281411459440188,2.11298762036222,280.01555,313.4800415039064,138696,48,0.14471619365609348,0.979591836734694,0.8932484471179863,1.0000000000000004,-0.14572569370654134,0.4086584135748132
62285840,20260207,23.80952380952381,1.19,0.6947140099999998,3.956495739766831,0.7779172324450462,6.017829939507542,0.54043,23.809524536132816,2904,12,0.0005787858253278591,0.8571428571428571,0.02269806,0.9999999198913664,-0.346288039962146,4.056999706003107
62297437,20260207,6.289308176100629,58.0,0.036082419999999296,0.0,14.352418712492403,0.0,0.51787,0.0,3843,0,0.029157814871016693,0.0,0.08234133,0.0,-0.7525445049570275,-1.0
62326550,20260207,40.32258064516129,2.3,0.6950244499999997,6.282822355680445,4.5268767163514925,6.4179079948852085,3.1462900000000005,40.32258224487305,8543,17,0.009443953128454566,0.425,0.07802799200000002,1.0,0.9682072679789099,1.7903948382354795
62326559,20260207,40.32258064516129,2.3,0.8333575799999995,5.796040083135152,0.0,6.956917949080865,0.0,40.32258224487304,6016,18,0.01201517874975035,0.7,0.0,0.9999999999999998,-1.0,2.024746997092192
62326943,20260207,120.62792,2.1,65.14375743000001,26.5415539819789,0.8276395487001923,4.544870190914173,53.91555,120.62792205810548,13051,53,0.017821930902635532,0.7361111111111112,0.44695747054247476,1.0,-0.6058859291903845,1.1642239987193606
62336447,20260207,1.32579105532968,26.0,0.013772849999999802,0.0,0.0,0.0,0.0,0.0,10092,0,0.02028135048231511,0.0,0.0,0.0,-1.0,-1.0
62338437,20260207,151.5151515151515,52.0,0.869796189999997,0.0,13.602577403793918,0.0,11.83147,0.0,841481,0,0.02165416881111683,0.0,0.07808770200000001,0.0,-0.7384119730039631,-1.0
62367731,20260207,72.79249000000002,15.0,2.2769717699999985,3.4583019291686083,11.811376124351344,21.04861534372415,26.894170000000003,72.79248809814455,33383,29,0.008282184235988786,0.0008359616734528,0.3694635257016211,1.0000000000000002,-0.2125749250432437,0.4032410229149434
62370833,20260207,248.92276000000004,8.02,32.929337829999994,0.8062564335999999,7.4122094789781565,11.22891972552227,244.07914999999997,9.0534,16934,4,0.0036212390137501872,0.0001021885875785,0.9805417150283885,0.0363703182450846,-0.07578435424212507,0.4001145990773901
62371800,20260207,264.7058823529412,1.58,27.10017516,31.056082066700004,0.8880702747457814,2.741468163166104,24.06686,85.13926300000001,9483,95,0.014819503047351149,0.0461949680665499,0.09091924888888887,0.3216372288652301,-0.4379302058571004,0.7351063852553267
62382189,20260207,100.0,13.32,1.440011719999999,1.0823617773,2.5911802995603415,13.51799073920352,3.7313300000000003,14.63137,184779,3,0.001389972107130284,1.7164299830027762e-06,0.0373133,0.1463137,-0.8054669444774518,0.0148641928615234
62390621,20260207,27.77777777777778,2.99,6.15675128,5.0725530142061706,1.2665624523977845,5.476093216098628,7.797909999999999,27.77777862548828,2863,18,0.013303903345724908,0.3237179487179487,0.28072475999999996,0.999999931335456,-0.5764005175927143,0.8314692972014636
62408382,20260207,15.62024,6.06,5.834387239999998,1.1916730736338272,2.512819152538803,13.107812410364264,14.66076,15.620240211486816,536599,64,0.3100652952733156,0.64,0.9385745673561994,0.9999999389462488,-0.5853433741685143,1.1630053686687165
62425774,20260207,14.70207,2.61,0.512991599999999,0.2486682224999999,0.9221008687081835,4.432313693344177,0.47303000000000006,1.10218,23960,5,0.02187328829651269,0.0162820512820512,0.03217438088650102,0.0749676685526216,-0.6467046480045273,0.6982045484647219
62428947,20260207,32.35294117647059,10.1,0.14758721999999969,0.6721190898891799,4.946634268197488,48.13565327447255,0.73006,32.35293960571289,23407,34,0.017271989374262102,0.0561759445562262,0.02256549090909091,1.0,-0.5102342308715359,3.765906084794422
62435576,20260207,363.6363636363636,104.43,0.34070405999999875,0.0,22.91088048671926,0.0,7.805829999999999,0.0,11706,0,0.006803045272272912,0.0,0.0214660325,0.0,-0.7806101648308028,-1.0
62440154,20260207,11.11111111111111,6.81,0.0114356,0.5048246037587016,3.1498128650879704,22.00980022512248,0.036019999999999996,11.111110687255865,134734,42,0.039243293624209946,0.0583333333333333,0.0032418,0.999999914169316,-0.537472413349784,2.231982439068722
62450179,20260207,139.06444000000005,11.0,10.378513549999996,9.649198007684182,12.486475002000653,14.412018837570493,129.59105,139.0644378662109,15568,25,0.0026618336012037068,0.0004759170018294,0.9318776964118214,0.9999999999999998,0.1351340910909684,0.3101835306882264
62456302,20260207,10.454783063251435,9.0,1.3220808099999997,0.0,4.990753931297135,0.0,6.598179999999999,0.0,4304,0,0.0013423572341951782,0.0,0.631115917,0.0,-0.4454717854114294,-1.0
62462575,20260207,51.30043,10.0,1.302296579999999,2.987469393167937,4.359214396462597,17.171862327128263,5.67699,51.30043029785156,11007,31,0.0034054204566549098,0.00689112640144,0.11066164552616811,1.0,-0.5640785603537404,0.7171862327128263
62463469,20260207,223.48889000000003,10.0,25.21536293,0.0884171232,8.189880533280114,10.062869101930904,206.51081000000002,0.88974,31814,1,0.006617439054829853,1.754139769856862e-05,0.9240316599183074,0.0039811374678354,-0.1810119466719886,0.0062869101930903
62465463,20260207,469.2045099999999,4.78,106.12060824999999,24.76809488920989,4.069732798577321,18.94390672540245,431.88252,469.204498291016,4881766,372,0.08436022610039037,0.3306666666666666,0.920456881371409,1.0000000000000009,-0.14859146473277812,2.963160228849025
62469263,20260207,1466.2635899999996,7.6,182.21347595999993,130.91957038177452,4.836374946238639,11.199727697923157,881.2526900000001,1466.263549804688,474263,427,0.007028242609618315,0.1426662211827597,0.6010192819423419,1.0000000000000002,-0.3636348754949159,0.4736483997975289
62474596,20260207,1000.0,2.77,0.7771889399999993,52.263466525600016,0.1782320782897401,5.364918654558427,0.13852,280.3892518800001,25049,585,0.0033319144973995396,0.0090005227347319,0.00013852,0.2803892518800001,-0.9356562894260867,0.9367937514439842
62497963,20260207,479.75704,1.0,508.4812406699999,259.54029259122234,0.8405779128386582,1.8484877354580151,427.4181,479.757049560547,172994,55,0.11075869133747358,0.9322033898305084,0.8909053215769381,1.0000000000000002,-0.15942208716134176,0.8484877354580151
62516634,20260207,17.806910000000002,12.0,1.0020338499999992,0.7411139044102913,10.48906681146551,24.027191269788688,10.5104,17.80690956115723,74440,25,0.0067361638976363705,0.0259009499851597,0.5902427765401184,0.999999892887173,-0.1259110990445409,1.0022659391490574
62522391,20260207,551.4975700000001,4.91,104.57649042999999,30.325720661725992,3.847171752902743,18.18580163550711,402.32372000000004,551.49755859375,4134875,410,0.08061819550162216,0.4418103448275862,0.7295113195149707,1.0,-0.21646196478559204,2.7038293687712063
62524259,20260207,100.0,6.5,2.4040944999999994,0.7688739668999999,3.2069704414697515,84.10970935981972,7.70986,64.66985,54331,24,0.006929355797314015,0.0003591514669783,0.0770986,0.6466985,-0.5066199320815767,11.93995528612611
62527634,20260207,156.86274509803923,7.1,7.121498639999998,0.0,3.71790704996891,0.0,26.477069999999998,0.0,2811,0,0.0040422778257118205,0.0,0.16879132124999996,0.0,-0.4763511197226887,-1.0
62529276,20260207,107.15096,6.71,4.973098589999998,6.460360698474927,3.0067732882005873,16.58590769846285,14.95298,107.15096282958984,141631,39,0.008479882648784577,0.1092436974789916,0.13955059292049274,1.0,-0.5518966783605682,1.4718193150775598
62537183,20260207,1000.0,19.0,5.247883999999996,0.0,16.335054280925426,0.0,85.72447,0.0,58807,0,0.001917755058781327,0.0,0.08572447,0.0,-0.14026030100392492,-1.0
62537340,20260207,1000.0,2.56,23.62376996000001,157.03561911189993,1.2114840285212456,5.354178000799237,28.619819999999997,840.7966625450008,1048631,1656,0.011972450249466245,0.018590117880679,0.028619819999999997,0.8407966625450009,-0.5267640513588885,1.0914758283103296
62543564,20260207,1000.0,32.62,0.4121149299999988,0.2864389318,32.585885689703204,60.11197493240012,13.42913,17.21847,2011,1,0.0027315946753599567,0.000204248366013,0.013429130000000001,0.01721847,-0.00104580963509483,0.8427951226461579
62552000,20260207,28.349000000000004,1.04,43.49290014,11.43877715053069,0.6384642070456329,2.478324219398459,27.768659999999997,28.34900093078612,71404,41,0.051896213387600844,0.9111111111111112,0.9795287311721752,0.9999999327190218,-0.3860921086099684,1.383004144521974
62552558,20260207,118.0,11.0,2.2494264799999995,0.0,5.807711483862323,0.0,13.06402,0.0,1704,0,0.006360582306830907,0.0,0.11071203389830508,0.0,-0.47202622873978883,-1.0
62559786,20260207,10.454783063251435,7.8,0.6594465799999987,0.0,6.573587810554736,0.0,4.33493,0.0,3243,0,0.0021246069182389938,0.0,0.4146360545000001,0.0,-0.157232331980162,-1.0
62621349,20260207,1.25,3.15,0.6255034799999991,0.1067829360620667,0.817645331085929,11.705880548114042,0.51144,1.25,21664,5,0.12818934911242605,0.1666666666666666,0.409152,0.9999992370611288,-0.7404300536235146,2.7161524424489296
62626344,20260207,999.4573299999998,4.41,231.98193855999997,69.3157399539966,3.9039427621894944,14.418908644273149,905.6442099999999,999.4573364257795,4846691,594,0.13283627782558885,0.4880854560394412,0.9061359427920751,0.9999999999999984,-0.11475220812029607,2.269593910016686
62630587,20260207,7.25892,1.96,1.5839314599999992,0.0853046628973516,2.1626882769283475,85.09306353381449,3.42555,7.258920192718506,18733,4,0.06058538163001294,0.5,0.47190904432064273,0.999999868620378,0.10341238618793243,42.41482748860727
62632452,20260207,1000.0,300.0,0.6336520499999971,0.0,106.2013292626455,0.0,67.29469,0.0,21837,0,0.0048997038233710285,0.0,0.06729469,0.0,-0.645995569124515,-1.0
62637401,20260207,70.21918999999998,10.5,10.540656519999999,0.0,6.729086548396514,0.0,70.92899,0.0,11674,0,0.004179735051915503,0.0,1.010108347874705,0.0,-0.35913461443842726,-1.0
62640299,20260207,179.92026000000004,5.5,68.36117978,18.57458335314084,2.558909172763841,9.68636789646041,174.93005,179.92025756835932,12430,33,0.006127680552132118,0.1623717948717948,0.9722643242067345,0.9999999999999996,-0.5347437867702107,0.7611577993564382
62644097,20260207,48.88049,9.4,6.693235189999998,0.0,5.857136181105869,0.0,39.20319,0.0,11134,0,0.0026967326277036355,0.0,0.8020212154174395,0.0,-0.37690040626533317,-1.0
62658588,20260207,4.545454545454546,2.01,0.2017653299999995,0.3160944969255367,0.0,14.380003974484,0.0,4.545454502105713,10142,1,0.011223992917220009,0.5,0.0,0.9999997615814208,-1.0,6.154230867020926
62665519,20260207,354.54545454545456,2.61,25.28079539,8.006623337299999,1.5743673957245692,5.630488967739222,39.80126,45.08121,15789,81,0.008859772178890073,0.0164950600602622,0.1122599641025641,0.1271521357440708,-0.3967941012549543,1.1572755532744956
62676303,20260207,416.91595,2.04,56.357969910000016,92.59879872877067,1.4724080752467967,4.502390482501113,82.98193,416.9159545898437,6661,122,0.005170780934637478,0.7186555773603714,0.19903755181350102,1.0,-0.27823133566333497,1.207054199359583
62681129,20260207,48.53814999999999,48.0,2.193455649999998,0.0,14.018943122921144,0.0,30.74993,0.0,8052,0,0.004581768521679754,0.0,0.6335208490640869,0.0,-0.7079386849391428,-1.0
62693338,20260207,49.58663000000001,1.83,5.146988039999998,9.966469461093483,1.5020648853110607,4.975345280806851,7.731109999999999,49.58663177490234,62999,52,0.07116118829775217,0.8758496732026144,0.15591118009027832,1.0,-0.1791995162234641,1.718767849251362
62694436,20260207,89.88764044943821,7.1,18.698880709999997,7.856691647,1.8978055719143634,9.485152766979558,35.48684,74.52193,1926,1,0.004319354115272483,0.0004887585532746,0.394791095,0.8290564578089525,-0.7327034405754418,0.3359370273780903
62695450,20260207,4.3478260869565215,2.44,0.3593056899999997,0.2218792038873767,1.0693401487741547,19.595375918417737,0.38422,4.34782600402832,5850,5,0.2611607142857143,1.0,0.08837060000000001,0.9999997806549512,-0.56174584066633,7.030891581510834
62699077,20260207,44.67285000000001,60.0,1.0580723799999983,0.3502692734384308,34.75645021562708,127.5382324739368,36.77484,44.6728515625,3010,1,0.0035927428980663642,3.846153846153846e-05,0.8232033550579376,1.0,-0.4207258297395486,1.1256372078989467
62708257,20260207,392.89094,1.85,310.1368070499999,82.15160514650584,1.2143733070008726,4.782510636190301,376.62185999999997,392.8909301757807,27589,159,0.001176899680489376,0.9754601226993864,0.9585913587114021,0.9999999999999986,-0.34358199621574453,1.5851408511112108
62715156,20260207,100.03554,1.47,80.51573367,20.191754905203386,0.9892120008052085,4.954276299167598,79.64713,100.03553771972652,9468,36,0.004812932086213908,0.972972972972973,0.7961883346658598,0.9999999999999996,-0.3270666661189057,2.3702559202338795
62719226,20260207,1000.0,1.5,0.9098026499999986,9.1728499808,0.6072086072732377,44.46356327533288,0.55244,407.85764,5223,163,0.0022071501014198783,0.0063122659521081,0.0005524400000000001,0.40785764,-0.5951942618178415,28.64237551688858
62719771,20260207,19.466780000000004,160.0,0.13359869999999863,0.0,88.12675572442039,0.0,11.773620000000001,0.0,3794,0,0.013492176386913229,0.0,0.6048057254461189,0.0,-0.44920777672237255,-1.0
62730483,20260207,83.33333333333333,16.0,0.2413561299999997,0.0,3.1298977158773673,0.0,0.75542,0.0,1254,0,0.003365539452495974,0.0,0.00906504,0.0,-0.8043813927576645,-1.0
62733626,20260207,33.333333333333336,36.0,0.08459705999999889,0.0,1.1628063670297915,0.0,0.09837,0.0,21399,0,0.09199914015477215,0.0,0.0029511,0.0,-0.9676998231380612,-1.0
62746245,20260207,272.72727272727275,7.1,2.0544277699999984,9.182838880000002,3.1640635387244616,15.07845196142089,6.50034,138.46301,57735,46,0.029068069680797504,0.0588519047722751,0.023834579999999998,0.5076977188270381,-0.5543572480669772,1.1237256568950915
62750176,20260207,147.54098360655738,7.1,13.391760140000002,0.0,3.9217234665913003,0.0,52.51878000000001,0.0,2316,0,0.0029860752965446104,0.0,0.35596062000000006,0.0,-0.44764458217023934,-1.0
62753184,20260207,165.83097,21.6,9.966304629999998,0.283793842,16.084771231802094,32.19730822310012,160.30572999999998,9.137429999999998,8657,3,0.019388577827547594,0.001228384801563,0.9666814950186927,0.055100867939688,-0.25533466519434755,0.4906160951145926
62758884,20260207,83.33333333333333,26.4,0.25335120999999916,0.4324749106,0.9222770240568445,55.931878301477816,0.2336599999999999,24.18919,56280,10,0.006387542702788592,0.0002681702470579,0.002803919999999999,0.2902702711416543,-0.9650652642402711,1.1186317844572615
62759058,20260207,1000.0,31.5,32.574883729999996,2.7947701711000006,15.366511025763225,34.68575209391675,500.56231,96.93874,4262135,28,0.06937102557466915,4.043716223073292e-05,0.5005623100000001,0.09693874,-0.5121742531503739,0.1011349871084681
62759116,20260207,1000.0,30.0,20.775714540000003,1.2892623716,20.264739351775862,67.56518638383072,421.01444000000004,87.10932,37958,6,0.08008016877637131,0.0013046111380108,0.42101444000000005,0.0871093199999999,-0.3245086882741379,1.252172879461024
62766768,20260207,34.31616,50.63,0.9474606899999991,0.0,23.51535027801525,0.0,22.279870000000003,0.0,8028,0,0.023577092511013215,0.0,0.6492530049982282,0.0,-0.5355451258539354,-1.0
62781570,20260207,1.32579105532968,26.0,0.0087054899999999,0.0,0.0,0.0,0.0,0.0,7729,0,0.011758709873725848,0.0,0.0,0.0,-1.0,-1.0
62782340,20260207,292.4077699999999,25.0,8.833024349999995,0.026531186,11.462082067055556,14.878532812938971,101.24485000000001,0.39476,2683616,1,0.043072863583616484,2.033512282414186e-06,0.3462454161187305,0.0013500324976428,-0.5415167173177777,-0.4048586874824411
62785644,20260207,316.29635,10.0,28.86067261,0.8710124023,6.699915231116298,9.931951996555403,193.36406,8.6508633,307704,4,0.02337749954415608,4.591648443338055e-05,0.6113382591990074,0.0273504993984118,-0.33000847688837015,-0.0068048003444596
62789285,20260207,245.01463,1.42,284.54943309000004,56.673599386257,0.8472182755104991,4.323258651450095,241.07547999999997,245.014633178711,15256,22,0.01341540626099191,0.5238095238095238,0.9839227967734007,1.0000000000000002,-0.40336741161232453,2.0445484381041825
62789760,20260207,87.71929824561404,10.5,14.185952799999999,6.468109972630409,4.288910364906895,13.561811120369988,60.842279999999995,87.71929931640622,1234298,44,0.07426582430806257,0.0023847432679502,0.693601992,0.9999999999999996,-0.5915323461993433,0.291601059082856
62805482,20260207,23.43981,9.5,2.5961909499999987,0.0,9.028538521020579,0.0,23.43981,0.0,2726,0,0.005712489522212909,0.0,1.0,0.0,-0.04962752410309696,-1.0
62805489,20260207,153.19595999999993,9.0,2.0544968399999988,0.0,3.3657973404330006,0.0,6.91502,0.0,3784,0,0.0005653330146114082,0.0,0.0451383966000148,0.0,-0.6260225177296665,-1.0
62824285,20260207,288.6240099999998,10.0,43.15919143000001,1.0656155605999995,6.145476344944583,11.03564868903559,265.23379,11.75977,76092,6,0.004326629479896969,1.414347137361394e-05,0.9189595487915234,0.0407442521933608,-0.38545236550554174,0.1035648689035589
62835645,20260207,40.17131,2.0,8.572203199999999,3.859800394055212,2.020647387360113,10.407610735276624,17.3214,40.171310424804695,43453,30,0.00723866797714438,0.3125,0.4311883281874552,1.0000000000000002,0.01032369368005659,4.203805367638312
62841880,20260207,197.99366,11.0,38.87389505,0.0,4.956325054440358,0.0,192.67166,0.0,160694,0,0.019588468336685563,0.0,0.9731203514294346,0.0,-0.5494249950508766,-1.0
62854671,20260207,363.6363636363636,57.4,2.284162339999999,0.0,17.06687362685439,0.0,38.983509999999995,0.0,6537,0,0.0011314190767952646,0.0,0.1072046525,0.0,-0.7026677068492265,-1.0
62859145,20260207,41.66666666666666,1.85,27.633851930000002,11.189543353453985,0.8610153249815143,3.723714444670017,23.79317,41.66666793823242,4616,17,0.011595076613916101,1.0,0.5710360800000002,1.0,-0.5345863108208031,1.0128185928003688
62859279,20260207,41.48365,1.48,13.259566359999997,2.50450024671189,1.0155596068829509,16.563637275877817,13.465879999999999,41.48365020751953,49848,47,0.025848068446979518,0.746031746031746,0.32460692345056424,1.0,-0.3138110764304386,10.191646663793309
62860871,20260207,55.55555555555556,2.59,20.898627779999998,2.8019119413574973,1.6524099267918542,19.827724277564634,34.533100000000005,55.55555725097658,292851,49,0.016188825685334748,0.4298245614035088,0.6215958,1.0000000000000004,-0.36200388926955435,6.655492252757068
62863090,20260207,5.154639175257732,1.96,0.878517069999999,0.9430228773724242,1.077349584112237,5.4660750037868775,0.9464699999999999,5.15463924407959,16877,3,0.13687753446877535,0.4285714285714285,0.18361517999999996,0.9999998149872192,-0.45033184484069544,1.7888137231643249
62863416,20260207,2.360717658168083,25.0,0.0957556699999993,0.0,0.0,0.0,0.0,0.0,72312,0,0.014178267518920826,0.0,0.0,0.0,-1.0,-1.0
62863799,20260207,26.5748031496063,65.54,0.30854336999999954,0.0,27.733702396522126,0.0,8.55705,0.0,6960,0,0.0034383954154727794,0.0,0.3219986222222222,0.0,-0.5768431126560555,-1.0
62864009,20260207,1.0332357499569484,52.0,0.00049049,0.0,0.0,0.0,0.0,0.0,3919,0,0.0007419257127711938,0.0,0.0,0.0,-1.0,-1.0
62867831,20260207,23.834820000000004,2.71,5.408050499999998,2.060051943609308,1.1625594102717793,11.570003512599763,6.287179999999999,23.83481979370117,12435,40,0.013547227366815557,0.4444444444444444,0.2637813081869298,0.9999999199763834,-0.5710112877225907,3.2693739297919087
62868116,20260207,1000.0,16.0,12.598702109999998,0.0,11.973630194832825,0.0,150.8522,0.0,280295,0,0.013983078327588013,0.0,0.15085220000000002,0.0,-0.2516481128229484,-1.0
62868895,20260207,1083.0701399999996,81.2,9.66944152,0.0,66.65794696279418,0.0,644.54512,0.0,84844,0,0.08475077414843672,0.0,0.5951093065865524,0.0,-0.17908932311829825,-1.0
62875385,20260207,15.734370000000002,6.34,10.746493319999997,0.3440427004885198,1.2864261474272245,45.73363851535903,13.82457,15.734370231628416,175064,14,0.032017264713413075,0.5,0.8786224043288672,0.9999999393891053,-0.7970936675982295,6.213507478653807
62885425,20260207,587.5,6.1,12.843121099999998,6.577076118300001,3.289800794605916,8.41740168227031,42.25131,55.36189999999999,2410,7,0.0036883991429445973,0.0036458333333333,0.07191712340425531,0.0942330212765957,-0.460688394326899,0.3799019366996742
62888101,20260207,70.0,8.5,1.910867519999999,0.1703188125,3.7311639479852605,33.108009674447,7.12976,5.63895,5622,1,0.001985940866862129,4.208754208754209e-05,0.10185371428571428,0.0805564285714285,-0.5610395355311458,2.895059961699647
62896186,20260207,3.886010362694301,1.84,0.1361367799999993,0.7396968233550392,2.6488800454954338,5.253510671122101,0.36061,3.886010408401489,15361,2,0.18964197530864196,1.0,0.09279697333333332,0.9999997545878724,0.43960872037795307,1.8551687912068269
62896511,20260207,1000.0,1.0,572.3367657900001,414.10228829942776,0.5633462137539886,2.414862283644423,322.4237499999999,999.9999999999995,25409,217,0.00437467718053786,0.9908675799086758,0.32242374999999995,0.9999999999999996,-0.43665378624601137,1.414862283644423
62904543,20260207,1000.0,299.26,0.0049137499999999,0.0,0.0,0.0,0.0,0.0,5909,0,0.045003808073115006,0.0,0.0,0.0,-1.0,-1.0
62905440,20260207,2570.3447100000008,5.1,306.9945056899999,227.96843387259983,2.7067632957545396,8.305839669115445,830.96146,1893.4692696710003,74420,494,0.006862781261527112,0.0095394250634509,0.32328794529664456,0.7366596589568233,-0.4692620988716589,0.6285960440059738
62905524,20260207,9.39662,6.92,0.7781126999999994,0.6612543005,5.856349600771203,7.49171113827616,4.5569,4.953933699999999,13792,8,0.008394911437092945,0.000674157089929,0.4849509717323888,0.5272037503242593,-0.15370670509086656,0.0826172045778933
62926061,20260207,694.6908400000003,4.04,113.74578940999999,90.2386075107696,3.539709839708607,7.698377317627695,402.62709,694.6908569335942,126795,325,0.021483759467290194,0.360310421286031,0.5795773699851863,1.0000000000000009,-0.123834198091929,0.9055389579995636
62932631,20260207,405.3672800000001,5.0,151.14995084000003,47.32391616572268,2.3348014209648547,8.565801466374536,352.90512,405.3672790527344,77916,197,0.007008725375550958,0.2694659280936455,0.8705811677745671,1.0,-0.533039715807029,0.7131602932749072
62941923,20260207,1000000.0,41.96,1.279913989999998,0.3664886468,7.1795996229403,13.50420139617434,9.18927,4.94915,17538,2,0.07611979166666667,0.0149350649350649,9.18927e-06,4.949150000000001e-06,-0.8288941939242064,-0.6781648786743757
62951533,20260207,4.62962962962963,3.3,0.4917026799999982,0.0449210635999999,2.1750542421286045,47.76361164316593,1.06948,2.14564,2481,2,0.001283762806581807,0.0001651670769317,0.23100768,0.4634581462985163,-0.34089265390042284,13.473821919191376
62952235,20260207,114.07776999999996,5.5,25.500999999999998,4.732584106569088,4.349893337516176,24.10474695111364,110.92662999999999,114.07776641845705,403084,31,0.03554313225814985,0.3131313131313131,0.9723772650885447,1.0000000000000002,-0.20911030226978625,3.3826812638388435
62957523,20260207,1233.7502500000005,4.1,419.77348746999985,56.80234702050001,2.471231201980418,7.122299818556668,1037.3573399999998,404.5633529999999,68128,95,0.007876160418039515,0.0174443913574348,0.8408163159440084,0.3279134937734505,-0.3972606824438004,0.7371463376155737
62968126,20260207,1000.0,209.58,0.037234579999999795,0.0,29.915739616238614,0.0,1.1139,0.0,12437,0,0.9870634920634921,0.0,0.0011139,0.0,-0.8572586142941186,-1.0
62972330,20260207,56.30614,10.0,9.848400379999998,1.7004037225,5.094553233425712,13.483295903984413,50.1732,22.92706003,14530,4,0.004479728688145522,0.0003584229390681,0.8910786638899417,0.4071857822907407,-0.4905446766574288,0.3483295903984412
62974470,20260207,256.19916000000006,9.0,43.75084866,22.68946377229971,4.557627248549926,11.291546992665197,199.40006,256.1991577148437,205148,51,0.02219039686746206,0.0345294515910629,0.7783009905262763,0.9999999999999998,-0.4935969723833416,0.2546163325183549
62987009,20260207,225.48274,23.0,5.1095899299999985,0.0,23.910811175408757,0.0,122.17444,0.0,27461,0,0.0008659306839215834,0.0,0.5418349981022937,0.0,0.03960048588733724,-1.0
62988138,20260207,24.390243902439025,15.0,2.4136559099999984,1.4331441763727306,5.712090088267806,17.018683056244715,13.787020000000002,24.390243530273438,23025,7,0.003048619018616106,0.0012741172187841,0.5652678200000001,0.9999999217987108,-0.6191939941154795,0.1345788704163143
62991598,20260207,53.40617000000002,7.91,10.574299029999999,0.0,3.636666590466187,0.0,38.455200000000005,0.0,16144,0,0.003839421613394216,0.0,0.7200516344834312,0.0,-0.5402444259840472,-1.0
63002552,20260207,2532.0,23.0,7.605305499999998,1.0649661336,9.690716566218152,33.21777628988043,73.70086,35.375840000000004,66520,5,0.015049092801230714,7.239409470384797e-05,0.02910776461295419,0.0139715007898894,-0.5786644971209499,0.4442511430382797
63002557,20260207,2000.0,21.0,0.9106115599999993,0.0,2.031250295131331,0.0,1.8496800000000002,0.0,26159,0,0.004422186158163438,0.0,0.0009248400000000001,0.0,-0.9032737954699367,-1.0
63007107,20260207,10.31706,3.0,1.3720628999999993,0.4089294475592481,1.721641187149657,25.22937710351407,2.3622,10.317060470581056,4996,16,0.004669158878504673,0.3809523809523809,0.22896057597804026,0.9999999075633772,-0.42611960428344764,7.409792367838023
63008487,20260207,1052.6315789473683,17.0,37.05166655,4.6398867141,6.546252370934176,31.066708050274457,242.54955999999999,144.14603700000004,540254,49,0.023679253139313187,0.000221884476791,0.230422082,0.1369387334783846,-0.6149263311215191,0.8274534147220268
63014188,20260207,392.33176,5.5,58.82476267000001,48.88935109990001,3.468668648009013,7.697169707445756,204.04361,376.3096399999999,23881,467,0.0037035141589901056,0.0097230110901221,0.5200792563926,0.9591618156761466,-0.3693329730892703,0.3994854013537738
63014342,20260207,16.374660000000002,3.71,10.03253646,1.270819077629893,1.6321555436440447,12.88511314873342,16.37466,16.37466049194336,50906,11,0.07819662058371736,0.7857142857142857,0.9999999999999998,0.9999998835182928,-0.5600658912010662,2.473076284702445
63017961,20260207,35.714285714285715,1.45,5.081967689999999,7.209373672166397,0.5707789141807788,4.953867488963113,2.90068,35.71428680419922,3460,7,0.008777270421106037,0.3888888888888889,0.08121903999999999,1.0,-0.6063593695304974,2.416460224864548
63018312,20260207,969.31033,280.0,2.373022949999998,0.0,132.30025019353494,0.0,313.95153000000005,0.0,9399,0,0.02289089137847053,0.0,0.32389165810293186,0.0,-0.527499106451661,-1.0
63024133,20260207,1000.0,77.59,0.12709319999999819,0.0,15.419078282709286,0.0,1.95966,0.0,54688,0,0.733083109919571,0.0,0.00195966,0.0,-0.8012749286930109,-1.0
63024390,20260207,1000.0,84.69,2.7926086299999984,0.0,34.97746477994665,0.0,97.67837,0.0,5840,0,0.008940600122473974,0.0,0.09767837,0.0,-0.5869941577524306,-1.0
63029536,20260207,1000.0,14.88,0.013316019999999897,2.6055361587,7.059917302617503,16.52437381529484,0.09401,43.05487,4213,18,0.023483835005574136,0.0186121839308113,9.401e-05,0.04305487,-0.5255431920283936,0.110508984422525
63031140,20260207,9.95539,12.0,0.6151091899999985,0.2374585092466768,4.336888544942738,41.92457909175429,2.6676599999999997,9.955389976501465,2998,14,0.0024713543813370703,0.0033421409697921,0.26796137569698425,0.9999999042052368,-0.6385926212547718,2.4937149243128576
63031379,20260207,10.454783063251435,8.0,0.3179932499999987,0.6954034502811948,3.7103617765471593,15.034104880129425,1.17987,10.45478343963623,2650,3,0.009423897581792318,0.0075757575757575,0.11285456550000002,0.9999999087810632,-0.536204777931605,0.8792631100161781
63038827,20260207,0.206347241137386,26.0,0.0021923399999999,0.0,0.0,0.0,0.0,0.0,1267,0,0.0018668041844703109,0.0,0.0,0.0,-1.0,-1.0
63038979,20260207,1000.0,2.25,255.66614177999998,207.01904382029824,1.6327005097108018,4.830473451696416,417.42624000000006,1000.0000000000013,23412,307,0.0043872273442770405,0.8434065934065934,0.41742624000000006,1.000000000000001,-0.27435532901742143,1.1468770896428515
63039945,20260207,13.6986301369863,12.0,0.06251371,0.6577016727061276,0.0,20.827998579637143,0.0,13.698630332946776,8944,18,0.004338377958866899,0.0138600288600288,0.0,0.9999999303817808,-1.0,0.7356665483030952
63041128,20260207,86.78675999999997,10.0,5.560731969999999,0.0,4.811032098711279,0.0,26.752860000000002,0.0,646006,0,0.012517385634592617,0.0,0.3082596930683898,0.0,-0.5188967901288721,-1.0
63049514,20260207,6.738544474393531,1.35,3.2368360099999984,1.2570547766685127,0.6516178124204695,5.360577143179775,2.10918,6.738544464111329,3907,11,0.0018683946248386017,0.5238095238095238,0.313002312,0.9999998584747514,-0.5173201389478005,2.9707978137100577
63049540,20260207,42.85714285714285,2.7,1.63084324,12.274163603500002,0.8899874398719032,3.476519288965066,1.4514299999999998,42.67137,1052,44,0.013715775749674055,0.0191547298094498,0.0338667,0.9956652873394612,-0.6703750222696655,0.2875997139138989
63049739,20260207,2000.0,2.71,182.5504879,314.5349256185804,2.4596120512477686,6.358594326871981,449.00338,2000.0,110322,641,0.007533751715754898,0.42904953145917,0.22450169,1.0,-0.09239407703034368,1.3463447370354364
63050276,20260207,4.545454545454546,2.32,0.0025585199999999995,0.0737357167174617,0.0,61.64438429666744,0.0,4.545454502105713,3088,7,0.013304610081861267,0.0085634571521668,0.0,0.9999997901916924,-1.0,25.570856064854937
63051533,20260207,1000.0,84.69,0.0017571199999998999,0.0,46.792478601350325,0.0,0.08222,0.0,10550,0,0.22934782608695653,0.0,8.222e-05,0.0,-0.447485197764195,-1.0
63052095,20260207,14.06198,2.43,13.194284979999995,0.9086042403117456,0.5511545347870759,15.476446341727948,7.27209,14.06198024749756,334006,18,0.04620042879867211,0.8571428571428571,0.5171455228922243,0.9999999321806576,-0.7731874342440017,5.368907784591556
63053963,20260207,24.875621890547265,6.0,3.1709264699999995,0.8212002855999999,4.788862228016281,7.011070368446097,15.18513,5.7575,10146,2,0.005146596327483007,0.0001124606387764,0.610442226,0.2314514831362788,-0.20185629533061977,0.1685117280743494
63055893,20260207,13.28341,3.03,3.9203477099999997,1.0482219781,2.5349460647713826,6.525081154391076,9.93787,6.839739999999999,13982,12,0.07720596355604638,0.0327380952380952,0.7481414787317413,0.5149084061775908,-0.1633841370391476,1.1534921504960332
63056684,20260207,1319.2388100000005,9.52,51.22440965999999,3.3635505794,10.603609170027088,2.997509852903313,543.16362,10.082279,129865,26,0.10832012678288432,0.0015365004399188,0.4117250158824541,0.0076424975014814,0.11382449264990425,-0.6851355347930883
63057736,20260207,312.5,46.75,2.166353999999998,0.0,6.752474434002944,0.0,14.62825,0.0,88197,0,0.004935008980678951,0.0,0.046810399999999995,0.0,-0.8555620441924504,-1.0
63064394,20260207,11.11111111111111,6.35,0.0083857599999998,0.3864412651,1.5216271393410146,20.037585686949235,0.01276,7.74337,63425,34,0.02161135341420199,0.0009482373940205,0.0011484000000000002,0.6969032667690627,-0.7603736788439347,2.1555253524226115
63064523,20260207,1678.5256200000006,391.72,8.525770279999996,0.0,193.0094966152432,0.0,1645.5546300000003,0.0,289770,0,0.003106586903383507,0.0,0.9803571720281515,0.0,-0.5072768900866864,-1.0
63064971,20260207,1006.7315300000002,408.89,0.31065263,0.0,385.318707908573,0.0,119.70027,0.0,22142,0,0.013032371983519718,0.0,0.11889989181127562,0.0,-0.057647025095813015,-1.0
63067488,20260207,6.0449600000000006,12.5,0.8674467099999993,0.1352238152999999,6.968681684203983,12.720520240192927,6.04496,1.72013,1498,1,0.002029810298102981,1.5145089961834374e-05,0.9999999999999999,0.2845560139974105,-0.44250546526368134,0.0176416192154341
63075099,20260207,2516.66506,16.88,204.85770876,0.1327228625,12.395182662981181,1.4151938955212366,2539.24872,0.18783,332873,2,0.06651340766494825,3.307955939050174e-05,1.0089736454639697,7.463448535446332e-05,-0.2656882308660437,-0.9161614949122446
63077278,20260207,6.073970000000001,52.0,0.8694183699999986,0.001944392,6.0839984321932485,49.91281962709829,5.289540000000001,0.0970999999999999,1598248,1,0.032657428105550085,2.4234669148296787e-06,0.8708538237758829,0.0159862474289608,-0.8830000301501298,-0.0401380840942637
63086700,20260207,233.5167930000001,32.0,0.3155038899999992,10.968337252,150.06829234340066,0.4351771335215383,47.34713,4.77317,3053,1,0.8979411764705882,0.05,0.2027568526945297,0.0204403708919319,3.6896341357312705,-0.986400714577452
63086847,20260207,73.61649750000005,27.63,0.1974057299999995,3.39736,157.41766968973027,0.0362281194138627,31.07515,0.12308,1169,1,1.0627272727272727,0.125,0.4221220929452665,0.0016719077730042,4.6973459894944005,-0.9986888121420828
63087865,20260207,1000.0,84.69,0.0250146999999996,0.0,14.25801628642381,0.0,0.35666,0.0,38105,0,0.6256978653530377,0.0,0.00035665999999999996,0.0,-0.8316446299867303,-1.0
63088304,20260207,2000.0,15.0,0.0573125199999996,0.0,4.341808735682914,0.0,0.24884,0.0,14520,0,0.013672316384180792,0.0,0.00012442,0.0,-0.7105460842878057,-1.0
63088516,20260207,1000.0,3.98,0.22627416999999958,2.5768988534000004,0.9415126790654028,4.562350370150399,0.21304,11.75672,9050,31,0.050502232142857144,0.0174448514448514,0.00021304,0.01175672,-0.7634390253604515,0.1463191829864561
63089129,20260207,1000.0,3.32,25.49643398999998,271.66127610651193,1.52297611561012,3.6810546230625385,38.83046,999.9999999999992,1039747,759,0.00801911327131405,0.1066582374377863,0.038830460000000004,0.9999999999999992,-0.5412722543343012,0.1087514147830363
63092554,20260207,86.40656,18.32,1.0485455099999998,0.0007635862,8.196992803869811,910.00857718855,8.59492,0.6957800000000001,72811,1,0.003075165455228892,4.126229616425695e-06,0.0994706883366263,0.0080523976120749,-0.5525658949852723,48.6729580975728
63092860,20260207,1000.0,264.8,0.00020505,0.3918465647999999,0.0,34.229254447059915,0.0,13.412649999999998,6524,1,0.33285714285714285,0.0081967213114754,0.0,0.0134126499999999,-1.0,-0.8707354379720676
63096817,20260207,1000.0,14.61,0.6980512899999984,4.2525685501,7.139604311883746,17.663358353829548,4.98381,75.11465988799999,9425,37,0.007543017206882753,0.00824687552059,0.00498381,0.075114659888,-0.5113207178724335,0.2089910177209906
63099873,20260207,172.3989100000001,22.0,5.9025735999999975,0.0,25.371124554889086,0.0,149.75493,0.0,19418,0,0.0008439159647796118,0.0,0.8686535779141523,0.0,0.15323293431314025,-1.0
63099926,20260207,1000.0,55.51,2.9197034499999988,0.0,16.960105999806252,0.0,49.51848,0.0,226734,0,0.03606222066705899,0.0,0.04951848,0.0,-0.6944675553989146,-1.0
63113659,20260207,715.3814399999999,12.42,102.6781206,0.5340795396,6.719723403273901,8.700712075149347,689.96857,4.646881,52530,6,0.006909387454456969,6.411825555773284e-05,0.9644764756547222,0.006495668669998,-0.4589594683354347,-0.2994595795730793
63115257,20260207,1000.0,9.5,0.0012530799999999,1.5257300699,0.0,35.753699178175204,0.0,54.5505297,2395,54,0.0025427327741798494,0.0282273353408619,0.0,0.0545505296999999,-1.0,2.7635472819131794
63115262,20260207,1000.0,9.5,0.015624509999999897,29.6954146224,0.0,27.940203987148088,0.0,829.6959699730002,8467,1495,0.0027850141438063285,0.0250177577177704,0.0,0.8296959699730002,-1.0,1.941074103910325
63116306,20260207,1000.0,24.5,1.437166389999999,0.0,8.31511930918452,0.0,11.950210000000002,0.0,7103,0,0.0011041676382346998,0.0,0.011950210000000003,0.0,-0.6606073751353256,-1.0
63117307,20260207,44.70852000000001,22.1,2.0507180199999993,0.0,14.176146947789542,0.0,29.07128,0.0,2705,0,0.01020754716981132,0.0,0.6502402674031705,0.0,-0.3585453869778488,-1.0
63118770,20260207,299.31642000000005,5.2,17.39955433,14.794403740616843,4.548526272511716,20.231730272205592,79.14233,299.3164062499997,126908,133,0.006458323791494277,0.1921965317919075,0.2644102518665698,0.999999999999999,-0.1252834091323623,2.890717502750205
63118785,20260207,70.0,9.0,7.83276084,4.886774453733589,6.856636005753496,14.324374152800225,53.70639,70.00000000000001,22254,33,0.010747090355918289,0.0052028716624989,0.7672341428571429,1.0000000000000002,-0.23815155491627818,0.5915971280889136
63119851,20260207,20.0,2.42,0.5738863799999998,2.6637985752755458,0.1583588723607625,7.508072373624873,0.09088,20.0,1674,50,0.013212312549329124,0.0954509183158366,0.004544,0.9999999046325772,-0.9345624494377014,2.1025091474885165
63120136,20260207,305.25518000000005,25.0,15.297062569999998,0.0,14.424013041086754,0.0,220.64503000000002,0.0,27467,0,0.0039039470130903817,0.0,0.7228215750507493,0.0,-0.42303947835652983,-1.0
63120878,20260207,81.95608000000001,55.0,2.1227523499999985,0.0,36.894308467023976,0.0,78.31747999999999,0.0,17744,0,0.008186012179368887,0.0,0.9556030498286396,0.0,-0.329194391508655,-1.0
63121462,20260207,312.5,27.0,5.042213929999999,0.0,14.960654396510307,0.0,75.43482,0.0,4242,0,0.0020922318125770655,0.0,0.241391424,0.0,-0.44590168901813676,-1.0
63125663,20260207,470.4109,20.0,5.02379563,2.4698864987,10.15245717708465,86.56057416077806,51.00387,213.79488,27821,86,0.008420654378159146,0.003465889521203,0.10842408201000443,0.4544853980816928,-0.4923771411457675,3.328028708038903
63129337,20260207,1848.98638,6.1,501.9724976299999,71.4094781996,3.499209634577844,10.427555982009896,1756.5069999999996,744.6263420000001,143884,160,0.008111990618586924,0.0047180309554985,0.9499837419029553,0.4027213888353099,-0.42635907629871406,0.7094354336121905
63129888,20260207,2000.0,12.0,0.38690968999999886,4.0733980508,7.344840600916479,48.98774402198817,2.84179,199.54663,56786,45,0.022986560880829017,0.0192292498128626,0.001420895,0.099773315,-0.3879299499236268,3.0823120018323475
63131421,20260207,1000.0,23.0,1.0601811499999987,0.0,10.036284836794177,0.0,10.64028,0.0,6163,0,0.0048020882032102225,0.0,0.01064028,0.0,-0.5636397897046009,-1.0
63135763,20260207,84.18721000000001,2.1,35.578376250000005,21.51094331215263,1.3908939984297342,3.91369197285524,49.485749999999996,84.18721008300783,7019,24,0.00028126177099946305,0.6,0.5878060337193737,1.0000000000000002,-0.33766952455726945,0.8636629288514222
63135951,20260207,6.385696040868455,52.0,0.08681835999999901,0.0,14.609467398370741,0.0,1.26837,0.0,56015,0,0.006448512058942036,0.0,0.198626742,0.0,-0.7190487038774858,-1.0
63136165,20260207,6.385696040868455,52.0,0.0732189399999996,0.0,3.570797392040932,0.0,0.26145,0.0,30719,0,0.005860167874856925,0.0,0.040943070000000005,0.0,-0.9313308193838282,-1.0
63136956,20260207,1000.0,1.2,205.14129334999998,267.8941929034741,0.7065947456648421,3.7328169955050017,144.95176,1000.0000000000006,25676,762,0.002855490558064014,0.5202024380221316,0.14495176,1.0000000000000009,-0.4111710452792982,2.110680705980156
63138541,20260207,887.555370000001,1.17,184.95327466999998,216.08735462078704,0.7450620717360669,4.107391459055539,137.80167,887.5553588867176,20159,222,0.005813028057325759,0.915277777777778,0.15525980086177593,0.9999999999999988,-0.3631948104819941,2.510591119413475
63139989,20260207,582.36534,2.31,317.78170979000004,72.65429060996864,1.4538725035664046,8.015567195557217,462.01409,582.3653564453126,1556932,347,0.050493836369474056,0.4596026490066225,0.7933406373394406,1.0000000000000002,-0.37061796382406725,2.469942594852349
63140913,20260207,199.83509,11.5,8.40245083,1.5862437945,6.282768095650969,14.872893567122125,52.79065,23.59205,90551,1,0.00716276825477183,1.7967514733362083e-05,0.26417107225763004,0.1180575985202642,-0.4536723395086114,0.2932950927932281
63140934,20260207,114.94252873563218,11.5,0.0972153599999998,6.5404336753,4.004614085675358,17.494453454617165,0.38931,114.42132999999998,2265,76,0.0013238646326494828,0.0168574991889748,0.003386997,0.9954655793542796,-0.6517726882021428,0.5212568221406231
63151168,20260207,746.9214000000002,400.0,3.420182069999998,0.0,184.25181966993952,0.0,630.1747700000001,0.0,7995,0,0.009324702589223233,0.0,0.8436962309554927,0.0,-0.5393704508251512,-1.0
63151343,20260207,342.40937999999994,30.0,23.723716439999997,4.3224539317,13.038796884220389,3.531140787311576,309.32872,15.263196910641945,117641,22,0.041968178088544826,0.0010446515940613,0.9033885695537898,0.0445758708984921,-0.5653734371926536,-0.8822953070896141
63152431,20260207,1000.0,43.2,13.094098639999995,0.0,35.957734315647414,0.0,470.83412,0.0,233328,0,0.015028501130383815,0.0,0.47083411999999997,0.0,-0.16764503898964325,-1.0
63152697,20260207,1785.3398499999994,17.0,48.95267046,0.0,13.594006491305928,0.0,665.4629199999999,0.0,718630,0,0.041142153775691304,0.0,0.3727373922673603,0.0,-0.20035255933494542,-1.0
63153776,20260207,131.89886999999993,8.5,21.567000660000005,0.0,4.5428148097436925,0.0,97.97489000000002,0.0,347190,0,0.005814691562927594,0.0,0.7428031036202211,0.0,-0.46555119885368323,-1.0
63154710,20260207,1000.0,23.61,0.0218982999999998,0.0,9.924971344807675,0.0,0.21733999999999992,0.0,1561,0,0.01018929503916449,0.0,0.00021733999999999992,0.0,-0.579628490266511,-1.0
63155109,20260207,107.97988,3.79,18.7744043,11.334054084200002,3.21094022674264,2.314907136508938,60.28349,26.237285,6426,5,0.401625,0.06,0.5582844692918718,0.2429830880287404,-0.1527862198568232,-0.3892065541401426
63155864,20260207,1000.0,9.0,0.0059480099999998995,6.494262026,35.45219325455128,31.391386395011097,0.21087,203.86392,5311,222,0.0005500264087241997,0.005484282289373,0.00021087,0.2038639199999999,2.939132583839031,2.4879318216679
63156076,20260207,1000.0,9.0,1.9238692299999978,30.491754163,2.616685126774446,18.9567914668422,5.03416,578.025844083,424013,1163,0.050271266820795545,0.0621865033538581,0.00503416,0.5780258440830001,-0.7092572081361728,1.1063101629824668
63156284,20260207,714.2857142857143,50.0,0.647811879999999,0.0,86.49822846719033,0.0,56.03458,0.0,190073,0,0.011765437753788254,0.0,0.078448412,0.0,0.7299645693438066,-1.0
63158529,20260207,1000.0,7.66,0.00066175,0.0,0.0,0.0,0.0,0.0,2431,0,0.003409059038003085,0.0,0.0,0.0,-1.0,-1.0
63161144,20260207,60.10060000000001,32.0,3.0264052499999985,1.9255623014,18.78458279835459,11.054276940427778,56.849759999999996,21.28571,182407,17,0.00641853280222951,0.0001459815286126,0.9459100241927699,0.354168004584192,-0.412981787551419,-0.654553845611632
63163299,20260207,309.54889000000003,3.72,99.73916304,42.82085449443064,2.0701145237923786,7.228928184314687,206.47149000000002,309.548889160156,54211,172,0.007639656144306652,0.9885057471264368,0.667007689803055,0.9999999999999992,-0.4435176011310811,0.9432602496552596
63169453,20260207,1000.0,3.98,0.05765783000000001,2.2535533506,0.0,5.1932494980136825,0.0,11.70327,2566,38,0.07481049562682215,0.0623761423761423,0.0,0.01170327,-1.0,0.3048365510366584
63170448,20260207,2.7777777777777777,24.94,0.0944938899999999,0.0,8.6806670780513,0.0,0.82027,0.0,1705,0,0.002586468446601942,0.0,0.29529720000000004,0.0,-0.6519379680011508,-1.0
63178103,20260207,24.0051,8.5,0.8585304199999988,2.2071509136067906,6.398736575927044,10.876052573570478,5.49351,24.00510025024414,6752,8,0.002830196588003521,0.002632001283903,0.22884761988077534,0.999999920544032,-0.24720746165564186,0.2795355968906444
63183978,20260207,1000.0,31.5,10.746477059999997,0.2412708623999999,19.175730692901144,47.42268694818183,206.07155,11.44176,1715965,3,0.031789256642348745,6.752236627807984e-06,0.20607155,0.01144176,-0.39124664466980497,0.5054821253391056
63195753,20260207,72.20216606498195,4.15,10.571041659999999,0.5799150506999999,2.0553631987105425,1.1294876201639164,21.727330000000002,0.655008,2174,2,0.14025806451612904,0.0106060606060606,0.30092352050000004,0.009071861097615,-0.5047317593468573,-0.7278343146486328
63196191,20260207,2000.0,25.0,0.4326052599999986,0.0,5.661211793864939,0.0,2.4490700000000003,0.0,6448,0,0.012564302416212004,0.0,0.0012245350000000001,0.0,-0.7735515282454024,-1.0
63196383,20260207,1000.0,8.0,1.4307406499999988,46.6512357252,2.846455784981019,20.3219725295704,4.07254,948.0451512,137689,911,0.013906575093424906,0.0519746798708731,0.00407254,0.9480451512,-0.6441930268773726,1.5402465661962998
63196659,20260207,131.08508,4.15,41.06715432,25.332948868190808,2.443052401883589,5.174489496480189,100.32921,131.08508300781253,705837,47,0.08316880331809398,0.9791666666666666,0.7653747474540962,1.0000000000000002,-0.4113126742449184,0.2468649102578035
63201724,20260207,38.30118,1.53,55.162574809999946,10.381880376881211,0.6882927443248557,3.6892332326685504,37.96800000000002,38.30118179321289,4717,16,0.01245576973857935,0.8,0.9913010512992032,1.0,-0.5501354612255845,1.4112635958531734
63203969,20260207,10.309278350515465,12.13,1.1682131499999997,0.5630138367344452,5.367547865729813,18.31084691826996,6.270440000000001,10.30927848815918,73691,8,0.004980568678737742,0.0048423670543486,0.6082326800000001,0.9999999074936012,-0.5574981149439561,0.5095504324415188
63204129,20260207,11.47175,3.76,0.7570996899999991,1.0628658602357934,7.1063693078516605,10.793214737031546,5.38023,11.471750259399412,228723,8,0.013768789467664357,0.5333333333333333,0.4689981912088391,0.9999999168675906,0.8899918371945906,1.8705358415976356
63204861,20260207,111.72721,3.6,60.63759065,17.38969610950156,1.8356304860869337,6.424908398058783,111.30821,111.72721099853511,9074,33,0.022839164359426126,0.8461538461538461,0.9962497944771019,0.9999999999999996,-0.4901026427536295,0.7846968245168708
63204884,20260207,184.27386,3.4,78.66949489,11.921184939602105,2.3226391659879133,15.457678932256,182.72084999999998,184.2738647460939,306129,96,0.023265617875056998,0.6,0.9915722718349742,1.0000000000000009,-0.31687083353296663,3.546376029023469
63205388,20260207,51.54639175257732,14.5,0.08118716999999921,1.2582263439999997,5.323378065770789,18.124459072318498,0.43219,22.80469,2201,3,0.008658536585365854,0.0014482546176667,0.008384486,0.4424109964635169,-0.6328704782227041,0.249962694642655
63209471,20260207,17.54385964912281,10.0,0.2077001199999994,0.0,3.0483371892129956,0.0,0.63314,0.0,9545,0,0.006773827265630544,0.0,0.03608898,0.0,-0.6951662810787005,-1.0
63212211,20260207,46.08294930875576,52.0,0.3373562199999993,0.0,18.153689296139294,0.0,6.1242600000000005,0.0,1018719,0,0.027919594602001777,0.0,0.132896442,0.0,-0.6508905904588598,-1.0
63212433,20260207,59.58013,95.0,1.0589843699999977,0.0161816088999999,49.14955449248048,100.00427063401378,52.048610000000004,1.61833,724807,3,0.08704194737663773,4.07691307388702e-05,0.8735900710522116,0.0271622428219119,-0.4826362685002054,0.0526765329896187
63213666,20260207,0.206347241137386,26.0,0.014919279999999799,0.0,0.0,0.0,0.0,0.0,8655,0,0.06772300469483568,0.0,0.0,0.0,-1.0,-1.0
63215668,20260207,1000.0,158.41,0.00331338,0.0,116.3796485763782,0.0,0.38561,0.0,1252,0,0.006352105530187722,0.0,0.00038561,0.0,-0.2653263772717745,-1.0
63219307,20260207,33.47138,1.09,8.01462566,9.150637383202064,0.7191227943140142,3.6578189329238304,5.7635,33.471378326416016,1067,27,0.0012850776827652655,0.8017543859649123,0.17219188452940987,1.0,-0.34025431714310633,2.355797083405521
63221312,20260207,1000.0,79.06,0.48195347999999893,0.0,53.42322665664756,0.0,25.74751,0.0,1633,0,0.001555386227259739,0.0,0.025747509999999998,0.0,-0.32426983738113385,-1.0
63224395,20260207,45.16711833785005,14.0,0.3635722799999984,2.222597712179822,5.830257466273307,20.32176021024144,2.11972,45.16711807250977,24101,40,0.00990221455277538,0.0025539036059593,0.0469306008,1.0000000000000002,-0.5835530381233353,0.4515543007315311
63224447,20260207,142.85714285714286,1500.0,0.0055760899999997005,0.0,698.7817628481982,0.0,3.8964700000000003,0.0,4185,0,0.012012055109070035,0.0,0.02727529,0.0,-0.5341454914345345,-1.0
63225492,20260207,135.48968000000002,4.48,8.7729203,18.3726065604,3.8448781986541016,6.787092120160934,33.73081,124.69658000000004,2541,54,0.003021043871121151,0.0094587493431424,0.24895482814632075,0.920340024010491,-0.14176825922899525,0.5149759132288084
63226351,20260207,1000.0,10.01,0.39856129999999934,41.680469241,5.879923615263208,12.170988023090718,2.34351,507.2925041,7044,207,0.004633905664101046,0.0201166520850687,0.00234351,0.5072925041,-0.41259504343024894,0.2158828915881328
63231083,20260207,5.645161290322581,7.02,0.1406970999999993,0.0911419013883423,3.9112391086952236,61.937474733583926,0.5503,5.645161151885986,3852,3,0.0014747884681649375,0.0476190476190476,0.09748171428571428,0.9999998310634312,-0.4428434318097972,7.82300212277341
63231247,20260207,1000.0,379.36,0.032276759999998496,0.0,149.06855582779136,0.0,4.811449999999999,0.0,8390,0,0.007620345140781108,0.0,0.004811449999999999,0.0,-0.6070525204876862,-1.0
63231700,20260207,1000.0,24.0,1.532146019999999,0.0,12.629044325683795,0.0,19.349539999999998,0.0,40279,0,0.009755855353985515,0.0,0.01934954,0.0,-0.4737898197631752,-1.0
63233770,20260207,1000.0,84.69,0.00178839,0.0,294.3038151633592,0.0,0.52633,0.0,2739,0,0.038523206751054855,0.0,0.00052633,0.0,2.4750716160510002,-1.0
63234573,20260207,229.51535,15.4,1.8101369199999988,14.3250875922828,11.342014945477171,16.021914898693275,20.5306,229.51535034179685,29614,91,0.006837366087920207,0.002716970620488,0.08945196911666256,1.0,-0.2635055230209629,0.0403841101018387
63236174,20260207,23.102310231023104,7.91,1.8509005299999988,0.163757295,3.41908703219184,17.367914095588258,6.32839,2.8441400000000003,2346,1,0.001385133140461711,0.0001270325203252,0.2739288814285714,0.1231106215328016,-0.5677513233638635,1.195690825616193
63245295,20260207,1000.0,84.69,0.00070822,0.0,120.48515997853775,0.0,0.08533,0.0,2241,0,0.3863793103448276,0.0,8.533e-05,0.0,0.4226609986838795,-1.0
63246122,20260207,1000.0,84.69,1.1978429299999975,0.0,28.621331846905893,0.0,34.28386,0.0,17587,0,0.010030226987567012,0.0,0.03428386,0.0,-0.6620459104155639,-1.0
63246165,20260207,1000.0,84.69,0.6329608899999981,0.0,29.164582348839996,0.0,18.46004,0.0,8752,0,0.0062778853740764655,0.0,0.01846004,0.0,-0.6556313337012635,-1.0
63252365,20260207,45.90532,2.5,16.153913609999996,5.87528441814449,1.3372103207626356,7.813291771681253,21.60118,45.9053192138672,111546,49,0.034644842687206884,0.6125,0.47055940357239634,1.0000000000000002,-0.4651158716949458,2.1253167086725013
63259521,20260207,6.334726973267452,3.86,9.433348259999999,14.721459737510475,0.6430908552081803,0.4303055874281793,6.0665,6.334726810455322,1845,12,0.05125,0.7222222222222223,0.9576576899999999,0.9999998494529913,-0.8333961515004714,-0.8885218655122537
63273998,20260207,11.750881316098708,13.0,0.5521018899999983,0.6323477464925591,4.917769797890038,18.582912135505644,2.71511,11.75088119506836,2729,5,0.002720566244641611,0.005571671423447,0.231055861,0.9999999188423214,-0.6217100155469202,0.4294547796542803
63274135,20260207,5.00167,10.0,1.413662929999999,0.0,3.538092351335833,0.0,5.00167,0.0,7991,0,0.01040630290402396,0.0,1.0,0.0,-0.6461907648664167,-1.0
63276032,20260207,2662.6699100000005,1.0,2759.05372097,4800.606353095754,0.7121862597547318,0.5546528345535515,1964.9601499999999,2662.6699218750005,272728,687,0.2127031664326938,0.4034771116031163,0.7379661078605119,1.0000000000000002,-0.2878137402452682,-0.4453471654464485
63277194,20260207,72.20216606498195,4.15,6.394276399999999,6.7083737486,1.3477177808578937,3.0416010978304757,8.61768,20.4042,1620,3,0.17608695652173914,0.0416666666666666,0.11935486799999999,0.2825981792710279,-0.675248727504122,-0.2670840896544175
63281072,20260207,277.77777777777777,34.1,0.1704646299999994,0.0,4.037025158826218,0.0,0.68817,0.0,74545,0,0.0063686458778299876,0.0,0.002477412,0.0,-0.8816121654303162,-1.0
63287123,20260207,307.8781,3.79,94.91277078999994,40.24484204680001,2.770039034912471,1.1788753664371017,262.91208,47.443654094,27674,132,0.6122566371681416,0.1136007966993882,0.8539486244718283,0.1540988206781145,-0.26911898814974383,-0.6889510875190828
63298743,20260207,6.849315068493151,28.08,0.3764911899999997,0.0,13.412026985279534,0.0,5.04951,0.0,14493,0,0.02115457597431032,0.0,0.7372284599999999,0.0,-0.5223637113504439,-1.0
63299682,20260207,97.50139,69.3,0.524341599999999,0.0,59.81119941656367,0.0,31.3615,0.0,14714,0,0.009649157321791594,0.0,0.32165182465603825,0.0,-0.1369235293425156,-1.0
63302969,20260207,1000.0,20.0,4.725168639999996,0.0,15.126380759184936,0.0,71.4747,0.0,28237,0,0.0008841939797027114,0.0,0.0714747,0.0,-0.24368096204075318,-1.0
63304451,20260207,884.4620500000002,28.53,3.3237044899999986,0.0,18.87653074717242,0.0,62.74001,0.0,19981,0,0.002316154309825196,0.0,0.07093578520412491,0.0,-0.33836204881975396,-1.0
63305006,20260207,1000.0,12.0,8.843033169999998,20.762855705800003,8.440567683633377,17.46612862278707,74.64022,362.6467258,49568,260,0.01529215770963164,0.0069259676009807,0.07464022,0.3626467257999999,-0.2966193596972186,0.4555107185655893
63311767,20260207,1000.0,12.0,0.9559277099999997,0.2899234645,6.866314190222608,1.569374287832823,6.5637,0.455,2665,1,0.009579439252336449,0.0006706908115358,0.0065637,0.000455,-0.42780715081478266,-0.8692188093472648
63316232,20260207,126.52847,36.0,2.6108107399999985,0.0,32.71654995566628,0.0,85.41672,0.0,184079,0,0.08173297220495515,0.0,0.6750790553303933,0.0,-0.09120694567593664,-1.0
63317909,20260207,114.94252873563218,11.5,1.4736124399999986,7.296497799927096,5.083527932215343,15.75310719877656,7.491149999999999,114.94252777099608,26542,107,0.006626388715516165,0.0107303150419092,0.06517300499999999,1.0,-0.5579540928508397,0.3698354085892662
63320611,20260207,1000.0,84.69,0.0047769099999996,0.0,0.0,0.0,0.0,0.0,1904,0,0.0966497461928934,0.0,0.0,0.0,-1.0,-1.0
63322976,20260207,94.94436,3.45,34.85537662,6.413653141486648,1.8235132184321237,14.8034734538517,63.559239999999996,94.9443588256836,2681385,67,0.12720284066111312,0.5234375,0.6694367100899937,1.0000000000000002,-0.4714454439327178,3.2908618113760766
63324168,20260207,50.0,3.0,0.9346518599999998,2.6938344360652637,1.7914691786950494,18.56089623389625,1.6743999999999999,50.000000000000014,18881,23,0.030409083588339506,0.8214285714285714,0.033488,1.0000000000000002,-0.4028436071016502,5.18696541129875
63333258,20260207,41.27358490566038,3.44,0.2636811899999995,5.9378734980103065,2.44753901482317,6.950902429315998,0.64537,41.27358627319335,7570,20,0.000604608442154866,0.6896551724137931,0.01563639314285714,0.9999999999999998,-0.28850610034210167,1.0206111377022389
63333434,20260207,1000.0,22.2,0.7047265799999984,0.0,11.988763074609755,0.0,8.448799999999999,0.0,17261,0,0.013412852591498952,0.0,0.0084488,0.0,-0.4599656272698308,-1.0
63333682,20260207,273.87567,3.79,46.25782208,16.6825008573,3.609786464032334,0.9733776287814015,166.98086,16.2383741,10298,35,0.635679012345679,0.0435971420544923,0.6096958521361171,0.0592910426025794,-0.04754974563790659,-0.7431721270241142
63334016,20260207,133.70215,3.79,45.665018149999995,19.4329504587,2.4448922725326896,1.1502562216298218,111.64605,22.35287332,9951,57,0.3827307692307692,0.1195175678567592,0.8350355622553565,0.1671840997412917,-0.3549096906246202,-0.6965023131379051
63335323,20260207,15.89825119236884,13.0,0.1714528099999994,0.9022912217695886,5.1501634764691415,17.619847705578596,0.8830100000000001,15.8982515335083,1585,10,0.0023960695389266817,0.0137704335465529,0.05554132900000001,0.9999999400138904,-0.6038335787331429,0.3553729004291228
63336283,20260207,1000.0,12.0,0.1539623499999997,0.0,7.6086783554550985,0.0,1.1714499999999999,0.0,11296,0,0.061026472177201516,0.0,0.0011714499999999999,0.0,-0.3659434703787418,-1.0
63336654,20260207,370.3703703703704,22.0,5.149750259999998,0.0,11.6326184718713,0.0,59.90508,0.0,94138,0,0.0008275467999349482,0.0,0.16174371599999998,0.0,-0.4712446149149409,-1.0
63338096,20260207,44.41921000000001,1.97,64.86024656000001,6.100843212431288,0.6848887007992897,7.280829829435938,44.42205,44.41920852661133,4549,6,0.0015275865542832196,0.5,1.0000639363014334,1.0,-0.652340761015589,2.695852651622713
63339310,20260207,12.987012987012989,1.94,5.341698699999999,2.015854614805351,0.8382239904321075,6.442432070916543,4.47754,12.98701286315918,1751,22,0.0032211184694628404,0.3016044061302682,0.34477058,0.9999999265670824,-0.5679257781277796,2.3208411757198384
63339821,20260207,10.85282,2.0,2.33709963,1.739039503004328,1.3221173630496872,6.240694439073873,3.0899199999999993,10.85282039642334,45365,7,0.0212233918128655,0.7777777777777778,0.2847112547706494,0.9999999121265996,-0.3389413184751564,2.1203472195369364
63339996,20260207,162.68000999999998,2.0,55.59990414000002,36.7276489838922,2.0165099514864013,4.429360658956333,112.11776,162.6800079345703,140241,167,0.7688651315789473,1.0,0.6891919910749945,1.0,0.008254975743200665,1.2146803294781665
63342003,20260207,98.41694,64.62,1.109429919999999,1.6469891905,48.36653404840573,52.46457285909377,53.65928,86.40863684769998,716237,156,0.06920498574810377,0.001054593406274,0.5452240234252356,0.8779854150852079,-0.25152376898165074,-0.1881063040984039
63344858,20260207,179.59183673469389,8.8,1.1729856499999987,0.9537330506,3.45213089350241,16.221566159105944,4.049300000000001,15.47106,1350,23,0.0032782904322486645,0.0439153439153439,0.02254723863636364,0.0861456721619211,-0.6077123984656352,0.843359750853747
63346965,20260207,139.99414000000007,12.0,22.4187794,0.0,5.402917698543392,0.0,121.12682000000001,0.0,130044,0,0.010297415431394907,0.0,0.8652277873916718,0.0,-0.5497568584547173,-1.0
63350356,20260207,7.170259999999998,1.0,22.22256703,5.652150042281863,0.2762840130805536,1.268589586319763,6.13974,7.170259952545166,1467,4,0.035264423076923075,1.0,0.8562785728829919,0.9999998669958696,-0.7237159869194464,0.2685895863197629
63352392,20260207,72.20216606498195,4.15,1.33522697,13.37204548748721,1.8795306388995427,5.399484945243922,2.5096000000000003,72.20216369628906,40758,28,0.004318362416960681,1.0,0.034757960000000004,1.0,-0.5471010508675801,0.3010806797983613
63352636,20260207,507.4560800000001,4.15,0.3064362899999994,96.07803161755854,12.11534051662095,5.281707705496238,3.71258,507.4560852050778,26494,154,0.0027641971058040417,0.9746835443037974,0.007316061717104659,0.9999999999999992,1.919359160631554,0.2727006226800117
63354033,20260207,4.67689,2.06,2.139330179999999,0.7867333009618099,1.234563988621897,5.944687921545002,2.64114,4.676889896392822,162457,8,0.045727756354322066,0.2666666666666666,0.5647214281285213,0.999999796087968,-0.40069709290199174,1.8857709158592904
63355127,20260207,1.6891891891891893,1.9,0.2513404999999994,0.3074897520754734,0.5325444964102495,5.493463410627465,0.13385,1.6891891956329346,2255,5,0.02185077519379845,0.2777777777777778,0.0792392,0.9999994354251256,-0.7197134229419739,1.8912965681901823
63355311,20260207,1.6891891891891893,1.9,0.41941804999999976,0.0083183286227078,0.8393534803759644,203.0439320574786,0.35204,1.6891891956329346,7857,1,0.0046269359872799015,1.0,0.20840768,0.999999463558197,-0.5582350103284398,105.86522873965484
63359739,20260207,1000.0,3.32,7.14293801,121.0724300027494,1.9924504426715586,8.259518634570851,14.231950000000001,1000.0000000000022,453747,1558,0.002442170631755371,0.4196067869647185,0.014231950000000002,1.0000000000000022,-0.3998643244965185,1.4878068676656255
63359921,20260207,1000.0,86.31,0.4171241699999992,0.0,50.863847088985615,0.0,21.21654,0.0,6267,0,0.005875128902221805,0.0,0.02121654,0.0,-0.4106841954699848,-1.0
63360454,20260207,1000.0,22.01,0.0619317599999995,0.4364311221999999,7.273650869925279,21.625012275505693,0.45047,9.43785,1797,7,0.004085019322573312,0.001000921201814,0.00045046999999999996,0.00943785,-0.6695297196762708,-0.0174915015616836
63363585,20260207,2928.89804,300.0,2.8451989899999983,0.0,287.7728457228225,0.0,818.77101,0.0,17123,0,0.011131842413210245,0.0,0.27954916791845713,0.0,-0.04075718092392492,-1.0
63370394,20260207,159.52762,8.3,8.540620879999997,0.6540486651,6.998756980300479,52.20465940423581,59.77373,34.14444,8011,2,0.0009915708432869997,1.465072116581712e-05,0.3746920439231777,0.2140346627167114,-0.15677626743367729,5.289717855971968
63371100,20260207,1.32579105532968,26.0,0.023680179999999697,0.0,0.0,0.0,0.0,0.0,22269,0,0.011053807207386081,0.0,0.0,0.0,-1.0,-1.0
63372853,20260207,209.44123,2.5,75.19263075000002,43.5854139655909,1.8230887605963961,4.805305245111867,137.08284,209.44122314453125,8056,57,0.019634413843529125,0.8636363636363636,0.6545169735681938,1.0,-0.27076449576144157,0.922122098044747
63372872,20260207,4.077471967380224,52.0,0.0248075999999995,0.0,27.101775262420126,0.0,0.67233,0.0,220997,0,0.0040673570838310235,0.0,0.1648889325,0.0,-0.47881201418422836,-1.0
63373937,20260207,40.68809,1.15,50.05249349,11.534146039994324,0.8240208853578935,3.5276203031738187,41.2443,40.68809127807618,3242,16,0.0014676324128564961,0.9411764705882352,1.013670093631822,1.0000000000000002,-0.28346009968878816,2.0674959793988017
63374999,20260207,500.0,10.0,0.4245971199999996,0.0114978592,2.197824610774564,33.82857318576437,0.93319,0.38899,15243,1,0.0021201752555810556,1.564064064064064e-05,0.00186638,0.00077798,-0.7802175389225436,2.382857318576437
63375302,20260207,1000.0,393.19,0.0245535699999987,0.0,63.32032368409491,0.0,1.5547399999999998,0.0,90164,0,0.03656137220712866,0.0,0.0015547399999999998,0.0,-0.8389574412266464,-1.0
63375453,20260207,1000.0,386.54,0.8522436399999993,0.0,123.31840927554482,0.0,105.09733,0.0,36666,0,0.0002457879008482518,0.0,0.10509733,0.0,-0.6809685691634894,-1.0
63377282,20260207,1000.0,28.0,0.0134913799999999,0.0,0.0,0.0,0.0,0.0,6494,0,0.06069158878504673,0.0,0.0,0.0,-1.0,-1.0
63377702,20260207,23.80952380952381,25.93,0.00267095,0.0,0.0,0.0,0.0,0.0,1387,0,0.0034086999262718113,0.0,0.0,0.0,-1.0,-1.0
63378800,20260207,376.11769,28.6,27.498617760000002,0.0,13.593646533890364,0.0,373.80649000000005,0.0,265565,0,0.02248530980644506,0.0,0.9938551148710928,0.0,-0.524697673640197,-1.0
63378942,20260207,12.07632,5.6,2.8356733399999987,0.696533489054131,4.281226553408302,17.33771964532331,12.140160000000002,12.076319694519045,29652,7,0.006126066566121934,0.0526315789473684,1.005286378631901,0.9999999210293976,-0.23549525831994608,2.096021417961236
63379069,20260207,1000.0,116.0,0.0457642999999987,0.0,22.245724287272587,0.0,1.01806,0.0,25447,0,0.019813906408160088,0.0,0.0010180599999999999,0.0,-0.8082265147648914,-1.0
63380156,20260207,34.70317,2.0,19.27245353,7.197827752729529,1.4694444563540736,4.821338763193999,28.319799999999997,34.70317077636719,2817,17,0.010479910714285714,0.75,0.8160580142966766,1.0,-0.2652777718229632,1.4106693815969993
63380247,20260207,6.73505,5.45,1.3374114599999993,0.0731981026,3.8597695282198363,30.88535131850099,5.1621,2.26078,3746,2,0.006459734436971892,0.0009920634920634,0.7664531072523588,0.3356737681630389,-0.29178540766608513,4.667037137505054
63381071,20260207,1000.0,19.41,20.43495700999999,1.1333137863999998,8.9418617279489,19.688686910085487,182.72656,22.31348,10808951,63,0.3924533802919178,0.0002180489302114,0.18272656,0.02231348,-0.5393167579624472,0.0143579116364874
63382374,20260207,1000.0,83.45,0.1044110699999986,0.0,13.333260544116811,0.0,1.39214,0.0,262873,0,0.007438103753671332,0.0,0.0013921399999999998,0.0,-0.8402245590878753,-1.0
63383639,20260207,1000.0,23.0,10.404426669999998,0.0,16.561577630879686,0.0,172.31372,0.0,64988,0,0.0025482792018100046,0.0,0.17231371999999998,0.0,-0.2799314073530571,-1.0
63385982,20260207,166.66666666666666,44.0,5.198072819999998,0.2281148419999999,13.756742638322644,63.3617545948431,71.50855,14.453820000000002,1176471,3,0.02329082875028211,9.13792471097808e-06,0.4290513,0.0867229173534266,-0.68734675821994,0.4400398771555249
63386669,20260207,1000.0,8.55,0.0704290999999995,0.0230413875999999,5.999366739032629,51.1852339468502,0.4225299999999999,1.17943,96791,1,0.008226330103688595,4.111571607131109e-06,0.0004225299999999999,0.00117943,-0.2983196796453066,4.986576936257458
63387460,20260207,1000.0,20.0,1.3358856599999989,0.0,9.48619360132963,0.0,12.672469999999999,0.0,14065,0,0.0023212252240357796,0.0,0.012672469999999998,0.0,-0.5256903199335186,-1.0
63392724,20260207,1000.0,12.0,0.5881267999999983,0.0,3.039599623754614,0.0,1.7876699999999999,0.0,5190,0,0.013175932977913175,0.0,0.0017876699999999999,0.0,-0.746700031353782,-1.0
63393176,20260207,10.416666666666666,9.38,0.007641369999999899,0.0,0.0,0.0,0.0,0.0,1698,0,0.0019171276956079938,0.0,0.0,0.0,-1.0,-1.0
63395435,20260207,166.66666666666666,34.0,0.5034334099999986,0.034234354,7.193126097848789,75.59729045010022,3.62126,2.5881000000000003,76757,1,0.020294273174342976,2.1941372652273127e-05,0.02172756,0.0155285995261047,-0.7884374677103297,1.2234497191205946
63396395,20260207,35.40957,45.67,1.5490944399999982,0.0,18.730530076655647,0.0,29.01536,0.0,224889,0,0.17834179222839017,0.0,0.8194214163007345,0.0,-0.5898723434058322,-1.0
63400025,20260207,37.5,12.3,0.173732089999999,0.0,5.323599111712783,0.0,0.9248799999999999,0.0,9486,0,0.001108656779215315,0.0,0.024663466666666665,0.0,-0.5671870640883917,-1.0
63400463,20260207,37.93626707132018,175.0,0.1020145199999998,0.0,57.58729247562025,0.0,5.87474,0.0,1272,0,0.23127272727272727,0.0,0.1548581464,0.0,-0.6709297572821701,-1.0
63400580,20260207,62.5,12.3,2.7837648,0.0,10.22704576191207,0.0,28.46969,0.0,308398,0,0.023964224382435447,0.0,0.45551504,0.0,-0.16853286488519761,-1.0
63400626,20260207,10.53743,3.2,3.917679739999998,0.8010470509432668,2.6897119466942456,13.154553958607176,10.53743,10.537429809570312,45662,4,0.013993870671161509,1.0,1.0,0.9999999094965046,-0.1594650166580483,3.1107980508090782
63400716,20260207,72.28915662650603,20.0,0.3840823499999987,0.0,8.020701810432087,0.0,3.08061,0.0,2073,0,0.007148275862068966,0.0,0.042615105,0.0,-0.5989649094783956,-1.0
63400779,20260207,2.2580645161290325,3.08,0.023360919999999702,0.312310373478922,0.0,7.230170593164479,0.0,2.2580645084381104,27613,7,0.012522334588000544,0.5833333333333334,0.0,0.999999577658694,-1.0,1.3474580429419851
63402273,20260207,1.6937669376693767,48.0,0.0148208899999999,0.0,0.0,0.0,0.0,0.0,142431,0,0.10401738114365004,0.0,0.0,0.0,-1.0,-1.0
63402334,20260207,7.225870000000001,2.4,1.5575263699999984,0.4772389310669764,0.6297678285857857,15.140958796744528,0.9808800000000001,7.225870132446288,147004,15,0.009981531274613651,0.1659420289855072,0.13574559188028568,0.999999868019467,-0.737596738089256,5.308732581290377
63403274,20260207,10.1010101010101,9.3,0.23528397999999978,0.0166392155,10.156790105301697,133.162337951693,2.38973,2.21585,16599,1,0.0008686346438645057,2.5513458349279244e-05,0.23658327000000004,0.2193691244767826,0.09212796831201037,13.318530668887098
63403381,20260207,11.363636363636363,9.8,2.176854729999999,0.5172671510527328,3.2080000120173393,21.968559235125294,6.98335,11.3636360168457,160225,28,0.004290205024808082,0.0064279155188246,0.6145348,0.9999999160766644,-0.6726530599982307,1.2416896742405026
63405128,20260207,1000.0,86.31,0.6356251999999994,0.0,20.628367157249293,0.0,13.111910000000002,0.0,23871,0,0.004416384525725703,0.0,0.013111910000000001,0.0,-0.7609967888164836,-1.0
63406536,20260207,19.62989,98.0,0.19507661999999798,0.2841146067034277,25.23746823171352,69.09120787012967,4.92324,19.62989044189453,8533,2,0.2922260273972603,0.0207792207792207,0.2508032393457121,0.9999999028344831,-0.7424748139621069,-0.2949876747945952
63406884,20260207,988.0561600000004,23.0,31.67529463999999,0.0,22.184647624796344,0.0,702.7052500000002,0.0,160685,0,0.0039596116409157,0.0,0.7111997054904247,0.0,-0.035450103269724156,-1.0
63407342,20260207,402.38432,1.91,101.78377334999979,120.66421193495708,1.4890730124420202,3.334744395823716,151.56347,402.3843078613276,223543,1306,0.009349078027828545,0.7764001884962748,0.376663459450905,0.9999999999999988,-0.22038062175810458,0.7459395047647822
63407584,20260207,8.733624454148472,1.18,10.17999462000001,3.035223183051201,0.6641172468517467,2.877423192356549,6.7607099999999996,8.733624458312988,1088,7,0.0017212466381901599,1.0,0.7741012949999999,0.9999998908043028,-0.43718877385445193,1.4384943392039555
63411075,20260207,850.2778400000001,260.5,1.4200786899999966,0.0,87.53609280623758,0.0,124.30813999999998,0.0,1511725,0,0.06434213942481624,0.0,0.1461970830616966,0.0,-0.6639689335653068,-1.0
63412723,20260207,1017.58415,1.26,1235.2938429400003,301.3451883471104,0.7762061921380209,3.376805747870578,958.8427300000001,1017.58416748047,68367,253,0.0038366396363534333,0.9035714285714286,0.9422736488181347,1.000000000000001,-0.3839633395729993,1.680004582086582
63413074,20260207,35.0,2.4,4.243047229999998,1.609300283212186,2.5008371165361747,21.748569000168544,10.61117,35.0,4758,20,0.0006743675147048402,0.0854700854700854,0.3031762857142857,1.0,0.042015465223406157,8.061903389982538
63414046,20260207,1912.7930200000008,303.8,9.382286910000001,0.0,201.46342657517386,0.0,1890.18767,0.0,401134,0,0.006066518860419886,0.0,0.9881820198193735,0.0,-0.3368550803977161,-1.0
63415176,20260207,391.68223000000006,5.0,167.08847776,34.299374405399995,2.359302839339004,7.878203212337726,394.21232,270.2174494999998,61727,141,0.006827830319119518,0.0092259284159058,1.0064595475776368,0.6898894955797363,-0.5281394321321992,0.5756406424675452
63417058,20260207,4.0387200000000005,17.27,0.07157956999999951,0.0,15.816663888872311,0.0,1.13215,0.0,12348,0,0.05119402985074627,0.0,0.2803239640282069,0.0,-0.08415379913883547,-1.0
63417588,20260207,250.18294000000003,52.0,7.085179469999998,5.8946923486,23.712244793708813,35.750739793589275,168.00551000000002,210.7396480688,524464,142,0.03980419092144109,0.0015356326004773,0.6715306407383334,0.8423422079532304,-0.5439952924286767,-0.3124857732002062
63418375,20260207,111.04177,7.1,8.529634269999999,0.0,3.6520018343060805,0.0,31.150240000000004,0.0,1367,0,0.001835145657135186,0.0,0.2805272286275696,0.0,-0.4856335444639323,-1.0
63418435,20260207,1.7391304347826086,17.27,0.0111358899999997,0.0,88.58384915799515,0.0,0.98646,0.0,2594,0,0.0029215001689379435,0.0,0.5672145000000001,0.0,4.129348532599604,-1.0
63419441,20260207,37.5,7.5,0.2326952199999996,3.634352131875404,1.0109361077550298,10.318204819202368,0.23523999999999998,37.500000000000014,35384,105,0.0060163569278900925,0.0652173913043478,0.006273066666666666,1.0000000000000004,-0.865208518965996,0.3757606425603157
63421324,20260207,1000.0,1.4,0.8615201099999998,153.57802764540355,1.1642096201329535,6.511348067300054,1.00299,1000.0000000000008,5298,414,0.0007478192135053496,0.0208233693603869,0.00100299,1.0000000000000009,-0.16842169990503317,3.650962984419752
63423264,20260207,2919.6333800000007,6.1,570.78606884,234.0480818755,3.4091879886884024,10.086274254832244,1945.9170099999997,2360.6731526999997,79940,364,0.0045280753130965265,0.0047016274864376,0.666493616400563,0.8085512492504858,-0.4411167231658356,0.6534876086100183
63423338,20260207,1000.0,15.5,0.887547869999999,0.0,14.683433356670683,0.0,13.032250000000001,0.0,6657,0,0.020295731707317074,0.0,0.01303225,0.0,-0.05268171892447206,-1.0
63423732,20260207,114.94252873563218,11.5,0.3046941499999983,3.7076695936,5.677857615579458,18.54970507863296,1.73001,68.77619604,4741,61,0.002625138427464009,0.0215193173887078,0.015051087000000001,0.5983529105695775,-0.5062732508191775,0.613017832924605
63425723,20260207,243.00836,27.5,14.681358509999999,0.0,16.26848086553538,0.0,238.84340000000003,0.0,111832,0,0.021381565110987898,0.0,0.982860836557228,0.0,-0.40841887761689527,-1.0
63425781,20260207,21.27659574468085,27.5,0.7513968699999993,0.0,11.601911517145403,0.0,8.71764,0.0,50204,0,0.012421198475926567,0.0,0.40972907999999997,0.0,-0.5781123084674399,-1.0
63426601,20260207,7170.80575,339.26,20.49040154,0.0,129.28927404513905,0.0,2649.1891399999995,0.0,5034386,0,0.02410306742356816,0.0,0.36944092928469013,0.0,-0.6189079937359575,-1.0
63426622,20260207,2070.2722899999994,414.17,8.96231607,0.0,232.0046306958688,0.0,2079.29883,0.0,466821,0,0.00901856953529796,0.0,1.0043600738142522,0.0,-0.4398323618420726,-1.0
63427727,20260207,1000.0,86.19,0.0043750299999998,0.0,10.687926711360182,0.0,0.046759999999999996,0.0,7488,0,0.17577464788732394,0.0,4.675999999999999e-05,0.0,-0.8759957453143036,-1.0
63428201,20260207,1000.0,3.83,0.0820921599999999,14.995072964399998,0.0,9.950823874176905,0.0,149.21334000000002,4074,42,0.004803678811460913,0.0109565924320063,0.0,0.14921334,-1.0,1.598126389660109
63428371,20260207,52.63157894736842,10.0,3.9220124899999997,3.756873082266949,4.672942793203599,14.009407608632069,18.32734,52.6315803527832,6159,8,0.008650280898876404,0.0027575322371301,0.34821946000000004,1.0,-0.5327057206796402,0.4009407608632067
63428584,20260207,32.25806451612903,8.0,1.651971029999999,0.0,5.9712245680240565,0.0,9.86429,0.0,1789,0,0.001184846678587986,0.0,0.30579299000000004,0.0,-0.25359692899699293,-1.0
63430523,20260207,1000.0,321.87,0.0062351199999998,0.0,128.7032166181285,0.0,0.8024799999999996,0.0,1586,0,0.010510271703114646,0.0,0.0008024799999999996,0.0,-0.6001391349982027,-1.0
63437499,20260207,1000.0,23.0,1.5970414799999997,0.0,31.52378359014195,0.0,50.34479,0.0,10556,0,0.0006314907872696817,0.0,0.05034479,0.0,0.37059928652791085,-1.0
63449407,20260207,4.716981132075472,3.36,0.00020804,0.3834873534363966,0.0,12.30019345274693,0.0,4.716980934143066,2619,4,0.004398723547195163,0.3636363636363636,0.0,0.9999997978210772,-1.0,2.6607719752313077
63450741,20260207,77.27272727272727,21.92,0.8908534999999991,0.0,2.565438649564718,0.0,2.28543,0.0,1595,0,0.11557971014492753,0.0,0.02957615294117647,0.0,-0.882963565257084,-1.0
63451974,20260207,68.71583000000001,2.5,35.654098270000006,10.528480889296311,1.3379210894288027,6.526660601634684,47.70237,68.71582794189453,10076,40,0.0029741137577850587,0.6896551724137931,0.6941976834158882,1.0,-0.46483156422847893,1.6106642406538736
63454972,20260207,67.95027999999999,5.05,7.864903899999998,3.3809657441061534,2.4337741749139497,20.09788453385224,19.1414,67.95027923583983,7264,19,0.01486088379705401,0.1072344322344322,0.2816971467961575,0.9999999999999998,-0.5180645198190199,2.97977896530092
63456215,20260207,279.7433699999999,1.62,19.505223919999995,62.36228024093416,1.1436213237791943,4.485778456448212,22.30659,279.7433776855469,3619,107,0.0016377047696624128,0.7526315789473684,0.07973947693559282,1.0,-0.29406091124741096,1.7689990390398735
63456596,20260207,351.75879396984925,550.0,0.17648230999999917,0.0,39.548326401666166,0.0,6.97958,0.0,1246,0,0.0016505497416876408,0.0,0.01984194885714286,0.0,-0.9280939519969706,-1.0
63458242,20260207,51.78524999999999,52.0,1.8017747599999996,0.0,26.885108547086105,0.0,48.44091,0.0,5749211,0,0.027824089870109002,0.0,0.9354190623778008,0.0,-0.4829786817868057,-1.0
63459526,20260207,1000.0,11.82,7.652120039999999,30.7564242669,7.4657741516558875,16.0541062790997,57.129000000000005,493.7669199999999,19060,63,0.007965563356736878,0.0038238720099114,0.057129000000000006,0.4937669199999999,-0.3683778213489097,0.3582154563108428
63461105,20260207,0.8063703255720189,33.0,0.0147580499999998,0.0,0.0,0.0,0.0,0.0,6950,0,0.03683094859565448,0.0,0.0,0.0,-1.0,-1.0
63461403,20260207,7.76066,25.0,0.1303049099999993,0.0,28.85992553926034,0.0,3.76059,0.0,108803,0,0.03164441729924672,0.0,0.48457089989768914,0.0,0.15439702157041368,-1.0
63461553,20260207,3.4076200000000005,2.84,0.47569255999999926,0.4004932198034042,0.7092185759642752,8.5085371639777,0.33737,3.4076199531555176,133743,2,0.10012952010181927,1.0,0.09900458384444273,0.9999997201348558,-0.7502751493083537,1.995963880677233
63463244,20260207,1000.0,36.49,2.4433357199999985,0.034005492,46.379062472839415,83.68755001250938,113.31962,2.84592,10343,1,0.007451192277213458,0.000514403292181,0.11331962,0.00284592,0.2710074670550675,1.2934378230487844
63463364,20260207,117.6470588235294,5.0,4.04439071,0.0,2.421155793822897,0.0,9.7921,0.0,3884,0,0.020792291220556744,0.0,0.08323285,0.0,-0.5157688412354207,-1.0
63464061,20260207,346.15384615384613,6.1,49.97379218,23.0216782224,3.0249067242189027,8.82145733324263,151.16606000000002,203.084761,5947,27,0.0024273469387755104,0.0050167224080267,0.4367019511111112,0.5866893214917804,-0.504113651767393,0.4461405690421873
63465917,20260207,1000.0,310.7,0.7894095599999976,0.0,140.38786153033203,0.0,110.82352,0.0,260708,0,0.004393639109097773,0.0,0.11082352000000001,0.0,-0.5481562229471129,-1.0
63466342,20260207,80.63901,2.78,8.29725483,8.745908401482321,2.439680402102342,9.220196993430102,20.24265,80.63900756835936,75031,79,0.15825986078886312,0.8856107660455487,0.2510280074122934,0.9999999999999998,-0.12241712154592002,2.316617657668811
63467432,20260207,4.3478260869565215,2.19,0.3906337299999991,0.7520191228451967,0.9827364370199185,5.781528807472244,0.38389,4.34782600402832,11977,20,0.009260805690868321,0.452020202020202,0.0882947,0.9999997806549512,-0.5512619009041467,1.6399674230192218
63468715,20260207,1000.0,86.19,0.0005304000000000001,0.0,0.0,0.0,0.0,0.0,2420,0,0.6914285714285714,0.0,0.0,0.0,-1.0,-1.0
63471673,20260207,166.66666666666666,5.0,5.7088477399999995,0.512193868,2.4998091821590607,7.348043167039306,14.271030000000001,3.76363,1675,1,0.0019364161849710982,0.0013020833333333,0.08562618000000001,0.0225817793108587,-0.5000381635681879,0.4696086334078613
63471771,20260207,33.333333333333336,11.0,2.1988669999999995,0.0,11.77652400076949,0.0,25.89501,0.0,1281,0,0.0014328859060402685,0.0,0.7768502999999999,0.0,0.07059309097904451,-1.0
63472525,20260207,1025.55606,1.74,871.8579168499999,380.0844147912511,1.171362145439696,2.69823225490174,1021.26136,1025.556030273438,87878,421,0.016773811796144303,0.607411737001177,0.9958123205863559,1.0000000000000004,-0.32680336468982984,0.5507081839730084
63473865,20260207,8.695652173913043,1.88,1.9025181299999996,1.1520548627957712,1.3132542395272735,7.547943019841346,2.49849,8.69565200805664,58806,4,0.010723194748358863,0.8,0.28732635,0.9999998903274636,-0.3014605108897481,3.0148633186094185
63474208,20260207,1000.0,82.0,0.00130291,0.0,8.28913739245228,0.0,0.0108,0.0,2552,0,0.0004302235409150679,0.0,1.08e-05,0.0,-0.8989129586286307,-1.0
63474289,20260207,1000.0,73.77,1.35e-05,0.8521441256999999,0.0,189.4814687432061,0.0,161.46571,180632,14,0.23122375832053252,0.0015555403748089,0.0,0.16146571,-1.0,1.5685438168040824
63480295,20260207,1000.0,5.38,0.0906517399999994,27.03069503839999,2.795533764713195,25.818508025045656,0.25342000000000003,697.89224259,239305,1529,0.045338372930165585,0.103580289787108,0.00025342,0.69789224259,-0.48038405860349537,3.7989790847297553
63481146,20260207,1000.0,327.97,1.778907409999998,0.0,173.24472778490497,0.0,308.18633,0.0,360066,0,0.019118785542475748,0.0,0.30818633,0.0,-0.471766540278364,-1.0
63483455,20260207,26154.11694,96.0,360.67545835999977,81.97372484339999,62.10609896180354,51.77377443901689,22400.145709999997,4244.089191742,35031774,1100,0.7995949502304168,0.0025593435011664,0.8564672919903217,0.1622723168714104,-0.3530614691478798,-0.460689849593574
63488641,20260207,1884.9242100000013,20.6,28.056852819999996,0.0052261528,19.022322048164778,209.63802703452632,533.70649,1.09581,92500,1,0.006170286568119964,5.494022503516175e-06,0.28314480081933885,0.0005813549442958,-0.0765863083415157,9.176603065653412
63494257,20260207,83.03227000000001,11.0,14.871869980000005,0.0,5.067624992778478,0.0,75.36506,0.0,51983,0,0.002313429846774158,0.0,0.9076598772983081,0.0,-0.5393068188383201,-1.0
63494470,20260207,58.7649,10.5,0.40920028999999974,0.0,6.277219402752627,0.0,2.5686400000000003,0.0,1300,0,0.00012331391929578268,0.0,0.04371044620172927,0.0,-0.40216958069022596,-1.0
63501118,20260207,1000.0,15.36,0.4264734999999989,2.5814274891,7.775231051870769,18.82422085491967,3.31593,48.59338,16886,17,0.04375745011661052,0.0036386852356174,0.00331593,0.04859338,-0.49380006172716345,0.2255352393016798
63510498,20260207,2.93115,8.3,0.1458485999999991,0.0,3.0990355752472274,0.0,0.45199,0.0,1655,0,0.00024791407642644217,0.0,0.1542022755573751,0.0,-0.6266222198497317,-1.0
63517708,20260207,2000.0,15.0,0.34900786999999933,0.0,0.0,0.0,0.0,0.0,2029,0,0.013954607977991747,0.0,0.0,0.0,-1.0,-1.0
63518080,20260207,1000.0,9.0,3.2433980099999986,0.0,3.1579781354062075,0.0,10.24258,0.0,9056,0,0.0022488763068365244,0.0,0.01024258,0.0,-0.6491135405104215,-1.0
63520550,20260207,1000.0,25.3,0.8662697799999988,0.0,11.146215905165263,0.0,9.65563,0.0,31832,0,0.007775470822443147,0.0,0.00965563,0.0,-0.559438106515207,-1.0
63523189,20260207,1000.0,18.66,0.5611918599999988,0.0,10.00761130070563,0.0,5.61619,0.0,27816,0,0.027983903420523138,0.0,0.005616189999999999,0.0,-0.4636864254712953,-1.0
63524267,20260207,38.46153846153846,2.76,0.0967084699999996,3.129316886960914,6.345256004980769,12.290710503534203,0.61364,38.46154022216797,30200,27,0.039989406779661014,0.2733451536643026,0.01595464,1.0,1.2990057989060757,3.4531559949285544
63529958,20260207,164.5273,5.57,50.97008587000001,7.32016647464715,3.073191801157936,22.475892599924897,156.64085,164.5272979736328,35747,76,0.0038173702252170478,0.3027888446215139,0.9520660097138894,1.0,-0.44825999979211206,3.035169103634149
63530218,20260207,83.33333333333333,2.47,14.201148289999999,14.141796291862988,1.4361697789158148,5.892697664703042,20.39526,83.33333587646483,6160,68,0.0015419660066584896,0.4809981684981684,0.24474312,0.9999999999999998,-0.4185547453782127,1.3857075289260736
63530858,20260207,731.0965000000001,13.27,20.323064679999995,0.0,11.184759955209671,0.0,227.30859999999998,0.0,13044,0,1.344742268041237,0.0,0.31091463302040145,0.0,-0.1571394155832953,-1.0
63531248,20260207,34.41965,2.1,22.040185029999993,8.308965072530896,1.5493454321513018,4.142471004338807,34.147859999999994,34.41965103149413,2961,15,0.0002115634690407122,0.7142857142857143,0.992103638473953,0.9999999999999998,-0.2622164608803325,0.9726053297433862
63531465,20260207,12.32902,1.45,3.698970939999999,0.7126018929698178,0.494091472911112,17.301388568781718,1.8276299999999999,12.329019546508787,37700,14,0.015354539160184092,0.5535714285714286,0.14823805947269125,0.9999999226480064,-0.6592472600613021,10.931991724013804
63532364,20260207,72.20216606498195,4.15,9.028390819999998,13.780936161098046,4.069692011848463,5.239278203815282,36.74276999999999,72.20216369628903,187643,32,0.025304160204976063,0.9696969696969696,0.5088873644999998,0.9999999999999996,-0.01935132244615348,0.2624766466062955
63532391,20260207,238.66007,4.15,4.7765663499999995,46.199495553572895,2.805858647812984,5.165858559097405,13.40237,238.6600646972656,67630,99,0.009047491638795986,0.9801980198019802,0.056156733717542276,0.9999999999999998,-0.3238894824547027,0.2447851663579375
63533300,20260207,2094.1917699999995,3.61,88.02355833999997,275.52948607017726,2.606760443763265,7.600608097010102,229.45632999999998,2094.191650390629,889339,999,0.07179963508364012,0.9832677165354332,0.10956796473323932,1.0000000000000022,-0.27790569424840295,1.1054316670024027
63533681,20260207,7.475240000000001,1.97,11.235353969999998,0.1108540256619538,0.43910766079762414,67.43257859463789,4.933529999999999,7.475240230560304,10962,7,0.0008309896524276996,0.4117647058823529,0.6599828232939676,0.9999998724222682,-0.7771027102550131,33.22973483011032
63533738,20260207,74.38692,3.79,7.22517268,1.0883033428000002,3.456444725415199,2.501693591514353,24.973409999999998,2.722604,2051,3,0.1289937106918239,0.0166666666666666,0.335723135196349,0.0366005758219297,-0.08800930727831165,-0.3399225285766991
63533809,20260207,2000.0,18.0,6.488862299999999,55.46125695619999,9.62495074059439,20.01655523736093,62.454980000000006,1110.1433334138,1746866,303,0.06095455100580979,0.0015741427208832,0.031227490000000004,0.5550716667069,-0.4652805144114228,0.1120308465200514
63533942,20260207,1000.0,1.98,2.8360440499999995,231.94469438500005,1.7843305360507362,2.223718765561196,5.06044,515.7797717,1437,106,0.0070268948655256725,0.155368408096504,0.00506044,0.5157797717,-0.09882296159053726,0.1230902748181561
63534270,20260207,2000.0,15.0,0.971887609999999,13.145089729400004,13.00418882796542,48.633895585837486,12.63861,639.2969700000001,620602,188,0.09342757354048113,0.0126260175115405,0.006319305,0.319648485,-0.1330540781356387,2.242259705722499
63535088,20260207,1582.6044799999995,2.13,769.19871332,421.29004603796034,1.7369839897849193,3.75656748436049,1336.08585,1582.6044921875032,78492,555,0.008242360600651056,0.5672419900977326,0.8442323188671881,1.000000000000002,-0.1845145587864228,0.7636466115150952
63535386,20260207,117.61521,4.62,53.19435337000005,2.529004734662041,2.211046897814746,46.5065024862562,117.61521,117.6152114868164,18871,24,0.01845935635332094,0.5106382978723404,1.0,1.0,-0.5214184203864186,9.06634277884366
63535808,20260207,9.097779999999998,3.82,2.5308014499999993,1.2520507449,2.793494527198095,5.554179392606028,7.069780000000001,6.95412,1234,7,0.003295060080106809,0.0047824302134646,0.7770884765294392,0.7643753857552348,-0.26871871015756676,0.4539736883950899
63536636,20260207,208.86075949367088,5.6,1.6327292399999997,32.35387882078274,5.438880974533169,6.455509036528025,8.88022,208.8607635498047,5207,20,0.0026184250226289852,0.1273885350318471,0.04251741696969697,1.0,-0.028771254547648333,0.1527694904401233
63537092,20260207,714.2857142857143,50.0,3.451404789999997,0.01952145,53.77970458226088,121.50729032472871,185.61552999999998,2.37212,392553,1,0.028821382945918562,4.944424666745778e-06,0.25986174199999995,0.0033209680405391,0.07559409164521753,1.4301458064945742
63537243,20260207,2.684563758389262,2.14,0.8432210599999994,0.0158598005942976,0.6256840881085208,169.25777858675846,0.52759,2.6845638751983643,7458,2,0.03288359788359788,0.4,0.196527275,0.9999996447564587,-0.7076242578932146,78.09241602319338
63537321,20260207,1.8461538461538465,2.49,0.08482196999999969,0.0292668693620647,7.764615700389914,63.07783571415904,0.6586099999999999,1.8461538553237915,3041,3,0.0032302953048650948,0.75,0.3567470833333332,0.9999994834266812,2.1183195583895236,24.33246404520877
63537589,20260207,4.265840000000001,3.12,0.46447200999999905,0.2702819621949572,0.8152052047226717,15.782867032814908,0.37864000000000003,4.265840053558349,22902,13,0.14198388096714198,0.061025641025641,0.08876094743356525,0.9999997764393198,-0.7387162805376053,4.058611414015077
63537852,20260207,12.032870000000004,2.37,6.560137069999999,2.775076495922968,1.4343435052645936,4.336048384357474,9.40949,12.03287029266357,151575,26,0.10128633478115603,0.4571428571428571,0.7819821871257644,0.9999999207442428,-0.3947917699305512,0.8295563686639595
63537981,20260207,1000.0,3.26,0.0229827299999998,36.3106640907,0.7888531954210904,18.124156259769396,0.01813,658.1001680000002,12517,1038,0.0040982908781350275,0.1022201642319216,1.813e-05,0.6581001680000002,-0.7580204922021195,4.559557151162411
63538339,20260207,1011.98769,3.6,104.41202985000001,146.10584555006363,1.929018526786164,6.926400926411095,201.41273999999999,1011.987670898438,18666,172,0.0026352496046984416,0.7818181818181819,0.19902686760942712,1.0000000000000004,-0.4641615203371767,0.9240003083050172
63539511,20260207,354.54545454545456,2.69,14.27960337,15.6252671666,1.5852604174957556,4.49883990792947,22.63689,70.29558,2912,27,0.0026429479034307496,0.0180359910580741,0.06384763846153846,0.1982695923727022,-0.4106838596670053,0.6724311569636399
63541222,20260207,468.76926,17.6,0.7891167299999984,3.9398588705,174.5205554062962,7.316270361753212,137.71709,28.82508,25442,23,0.041194948186528496,0.0043570700122641,0.2937843876537468,0.0614909779057904,8.915940648085012,-0.5843028293649247
63541909,20260207,312.5,26.0,23.84098275999999,0.5893533499,10.391828746911944,34.6541261695369,247.75140999999996,20.42356,6515232,11,0.08059416130628402,1.4499636010133403e-05,0.7928045119999999,0.065355392,-0.6003142789649252,0.3328510065206501
63543019,20260207,7.1144300000000005,2.32,3.098336459999999,1.1813577802251634,2.2962096246964743,6.022243259036111,7.1144300000000005,7.114429950714112,98680,16,0.49538152610441766,1.0,1.0,0.9999998659521292,-0.010254472113588608,1.5957945828983169
63548375,20260207,1000.0,18.08,0.18686605999999947,0.0,13.590536451616773,0.0,2.5396099999999997,0.0,2795,0,0.008013188073394495,0.0,0.00253961,0.0,-0.24831103696809878,-1.0
63552128,20260207,86.28540000000001,4.15,12.18227423,16.55042653791104,3.2091774706339042,5.213484678445702,39.095079999999996,86.28540039062503,92113,39,0.011114288472212167,0.951219512195122,0.45309032582569,1.0000000000000002,-0.2267042239436376,0.2562613394311528
63554448,20260207,316.32612000000006,8.2,39.77014,3.5545429073,5.836267863276317,6.694143338933794,232.10918999999998,23.79462642,228834,49,0.008870772665953389,0.0001522469688757,0.733765488603976,0.0752218220520127,-0.2882600166736198,-0.1836410372387915
63557880,20260207,197.3684210526316,25.75,12.6591705,0.0,13.65377376029496,0.0,172.84545000000003,0.0,29478,0,0.06263918402039949,0.0,0.8757502800000001,0.0,-0.4697563588234967,-1.0
63558513,20260207,1000.0,30.39,0.0284800699999999,0.0,24.025924093585534,0.0,0.6842600000000001,0.0,3497,0,0.053389312977099236,0.0,0.0006842600000000001,0.0,-0.20941348820054184,-1.0
63559263,20260207,4.53857,4.5,0.6646629899999998,0.4392246547112588,4.291573388191812,10.333116653213647,2.8524499999999997,4.538569927215576,2305,5,0.0985042735042735,0.0353957636566332,0.6284909123358238,0.9999997898734334,-0.04631702484626407,1.2962481451585883
63559570,20260207,1000.0,33.45,5.341683049999997,0.0,23.87749119633747,0.0,127.54599,0.0,187286,0,0.010673634778247638,0.0,0.12754599,0.0,-0.28617365631278124,-1.0
63559834,20260207,315.59441000000004,15.4,13.990619959999998,0.0,22.228635392080225,0.0,310.99239,0.0,138984,0,0.02254111388627591,0.0,0.98541792929729,0.0,0.44341788260261195,-1.0
63560316,20260207,4.545454545454546,2.83,0.0950478999999996,0.2864966126705455,0.0,15.865592944164266,0.0,4.545454502105713,7375,11,0.007341961174713788,0.0846153846153846,0.0,0.9999997901916924,-1.0,4.606216739181859
63560778,20260207,65.36903000000001,10.0,0.10663860999999959,4.521665651114939,14.370404865554848,14.456844977140909,1.53244,65.36903381347656,3387,53,0.0012009786539961705,0.0066525144086157,0.023442905608359186,1.0,0.4370404865554848,0.4456844977140907
63561739,20260207,1000.0,8.37,0.6205552399999996,20.70358332256576,2.245634087305428,48.30081518348759,1.39354,1000.0,152808,1479,0.010491308049323043,0.0443340386655453,0.00139354,1.0,-0.7317044101188258,4.770706791385015
63563441,20260207,32.60413000000001,2.5,19.86996271,5.6549653633,1.4766222980999242,4.862122642928506,29.340429999999998,27.49514,2810,12,0.0009405857740585774,0.0187779433681073,0.8998991845511592,0.8433023723077762,-0.40935108076003035,0.9448490571714026
63568994,20260207,1000.0,1.56,9.99827321,117.982409023936,0.7065810117025199,8.47583974422224,7.064590000000001,1000.0000000000008,75557,555,0.004441028836093902,0.6552538370720189,0.007064590000000001,1.0000000000000009,-0.5470634540368463,4.4332308045603845
63570480,20260207,1000.0,300.0,0.06755915999999869,0.0,170.27876012668338,0.0,11.50389,0.0,3633,0,0.0013534758959839058,0.0,0.011503890000000001,0.0,-0.4324041329110554,-1.0
63572499,20260207,1000.0,18.54,5.736335839999997,0.0,11.17819489453045,0.0,64.12188,0.0,29393,0,0.0075328036904151715,0.0,0.06412188,0.0,-0.3970768665301807,-1.0
63572763,20260207,16.345940000000002,1.35,15.402690830000001,5.948866927981895,1.061239245818193,2.747739542063711,16.34594,16.34593963623047,4061,5,0.010608672936259143,0.5,0.9999999999999998,0.999999883313627,-0.21389685494948676,1.0353625878051005
63573065,20260207,2.7549400000000004,5.0,0.45875361999999986,0.1624005166942647,6.005271413444107,16.9637580303231,2.75494,2.7549400329589844,78890,5,0.005231883385172462,0.238095238095238,0.9999999999999999,0.9999996538313084,0.2010542826888214,2.39275160606462
63574325,20260207,1000.0,300.0,0.21468064999999903,0.0,333.8551005877816,0.0,71.67223000000001,0.0,1650,0,0.0012172630025820731,0.0,0.07167223000000002,0.0,0.11285033529260526,-1.0
63574326,20260207,1000.0,11.0,0.2076069899999985,0.0,3.3728151446153385,0.0,0.7002200000000001,0.0,2116,0,0.0024742750233863425,0.0,0.0007002200000000001,0.0,-0.6933804413986056,-1.0
63576343,20260207,1000.0,18.08,0.0782647799999994,0.0,10.709542657629733,0.0,0.8381799999999999,0.0,1868,0,0.005077466702908399,0.0,0.0008381799999999999,0.0,-0.40765803884791296,-1.0
63576544,20260207,0.8063703255720189,33.0,0.012353309999999802,0.0,14.293335146612757,0.0,0.17657,0.0,12911,0,0.0519975835682642,0.0,0.21896887125,0.0,-0.5668686319208256,-1.0
63577289,20260207,1000.0,10.01,0.00039359999999999997,2.8322609405,0.0,38.45342425523442,0.0,108.91017,4114,38,0.04968599033816425,0.0611025031653041,0.0,0.10891017,-1.0,2.8415008367617034
63577520,20260207,151.5151515151515,52.0,0.1348435899999989,0.0,12.359949775884887,0.0,1.66666,0.0,118256,0,0.008404056483764827,0.0,0.010999956000000002,0.0,-0.7623086581560599,-1.0
63578117,20260207,23.45548,52.0,0.4015116299999989,0.0,38.00402992062781,0.0,15.25906,0.0,2123830,0,0.026811803692599022,0.0,0.6505541562142407,0.0,-0.26915327075715756,-1.0
63578431,20260207,57.67297,52.0,1.7675212699999978,0.0712930510999999,15.274260320499586,16.96985907425872,26.997580000000003,1.20985,4603726,6,0.06034064873990112,1.944047017032403e-05,0.4681149592261332,0.020977764866549,-0.7062642246057772,-0.6736565562642554
63580443,20260207,130.7283,3.79,31.344804149999995,32.952814585700004,4.145986345236106,0.9584978704431716,129.95513,31.585203564,6367,37,0.2829777777777778,0.043977355251865,0.9940856723448558,0.2416095296910389,0.09392779557680898,-0.7470981846726623
63581835,20260207,208.86075949367088,4.7,0.8883164599999998,17.809046411000008,6.65968747218756,6.260341018079171,5.91591,111.49071000000002,4506,61,0.001673848439821694,0.0015432098765432,0.02832466,0.5338039950879241,0.4169547813165021,0.3319875047097076
63583264,20260207,41.66666666666666,2.37,3.1465289999999992,11.795092343100002,1.0070239301783015,3.4409299544663985,3.1686300000000003,40.586090000000006,1618,23,0.003867112810707457,0.2518633280628737,0.07604712000000002,0.9740661302738608,-0.5750953881104214,0.4518692492066026
63585050,20260207,67.94634,20.0,0.3353909899999996,0.0,17.5320750268217,0.0,5.8801000000000005,0.0,2035,0,0.0022062012142237642,0.0,0.08654034934037654,0.0,-0.12339624865891494,-1.0
63585415,20260207,1000.0,229.83,0.00066909,1.3387444594,283.1158737987416,495.3103932820705,0.18943,663.09454,131415,6,0.6986443381180223,0.0051559794980847,0.00018942999999999998,0.66309454,0.2318490788789173,1.1551163439756975
63585819,20260207,104.16666666666669,20.0,1.9629655399999975,1.4811420793,19.71715713358883,22.034353369442236,38.704100000000004,32.63603,36527,37,0.001641928581703107,0.0001298583315896,0.37155935999999995,0.3133058956490697,-0.014142143320558454,0.1017176684721116
63585859,20260207,106.96745000000004,20.0,5.668696339999999,0.0,18.016849708340526,0.0,102.13204999999999,0.0,113001,0,0.006919883159113038,0.0,0.9547955943607139,0.0,-0.09915751458297369,-1.0
63592846,20260207,1000.0,22.0,0.1877847999999994,0.0,11.101803766865086,0.0,2.08475,0.0,5571,0,0.0018148944487881157,0.0,0.0020847500000000002,0.0,-0.49537255605158703,-1.0
63592988,20260207,70.92198581560284,1.65,32.41290016,5.045290997572675,1.3753918896469397,14.05706339197791,44.580439999999996,70.92198944091795,57186,20,0.006098929226568833,0.9523809523809524,0.6285842039999999,0.9999999999999998,-0.16642915778973347,7.519432481876976
63596498,20260207,524.1248999999999,24.0,1.3448374800000003,1.1576408738,28.736528074752943,24.89354826584193,38.64596000000001,28.81781386,10764,30,0.000396654014813723,7.745626567961294e-05,0.0737342568536622,0.0549827246778123,0.1973553364480393,0.0372311777434138
63596870,20260207,280.8988764044944,3.0,4.416675419999999,43.76949232093799,1.6782804474230533,6.417686005328295,7.41242,280.898864746094,1258,148,0.000632446835252124,0.0990545076936344,0.0263882152,1.0000000000000009,-0.44057318419231556,1.139228668442765
63597112,20260207,1707.9102600000006,7.91,27.67185854000001,53.4065386954,4.238905378561535,10.48960764346716,117.29838999999998,560.2136470000002,75380,209,0.001408377022043025,0.000214473360151,0.06867948085281714,0.328011169035739,-0.4641080431654191,0.3261198288011362
63598203,20260207,181.8181818181818,2.55,70.36833114999999,33.79115445626947,1.390405007494625,5.380643952966617,97.84047999999999,181.8181762695312,28852,90,0.006100820434745835,0.8411214953271028,0.53812264,0.9999999999999996,-0.4547431343158333,1.1100564916007651
63598374,20260207,5.076142131979696,2.43,0.0002938,0.0062331951392163,0.0,814.2418063182814,0.0,5.076142311096191,4492,1,0.03452728670253651,1.0,0.0,0.9999998211860656,-1.0,334.0789234359465
63599572,20260207,147.05882352941177,2.54,26.270447849999996,20.590694942086092,1.6296433256275835,7.1420035070916095,42.81146,147.05882263183588,4837,50,0.0017515208574739281,0.8620689655172413,0.29111792799999997,0.9999999999999996,-0.3584081395166994,1.8118124465959613
63599957,20260207,1000.0,36.05,0.07052639999999971,0.0,18.042179949635955,0.0,1.27245,0.0,1402,0,0.0015661304736371761,0.0,0.00127245,0.0,-0.49952344106418983,-1.0
63600227,20260207,33.333333333333336,2.5,2.023867249999999,8.035329645309158,1.6398358143302143,4.148346039901521,3.3188099999999996,33.33333206176758,2678,62,0.006910967741935484,0.1076339993965341,0.09956429999999998,1.0,-0.3440656742679143,0.6593384159606085
63601569,20260207,115.99468999999996,2.63,66.05690421,17.079469007813138,1.4745648644135878,6.791468932486985,97.40519,115.99468994140616,31414,101,0.005856122886490315,0.7163120567375887,0.8397383535401495,0.9999999999999992,-0.4393289488921719,1.5823074665267485
63601844,20260207,1000.0,79.04,0.0006831699999999,0.0,144.07834067657305,0.0,0.09843,0.0,11917,0,0.21433453237410072,0.0,9.843e-05,0.0,0.8228535004627155,-1.0
63604272,20260207,70.0,8.5,13.107625269999993,0.0,4.387274492170468,0.0,57.50675000000001,0.0,26513,0,0.0016779954937849674,0.0,0.8215250000000002,0.0,-0.4838500597446509,-1.0
63610006,20260207,2000.0,18.0,0.529217199999999,0.1191904901,15.002176799998214,28.57930542811461,7.9394100000000005,3.40641,64840,8,0.043287268843046935,0.0006589894907103,0.0039697050000000005,0.001703205,-0.16654573333343256,0.5877391904508118
63611224,20260207,1000.0,6.6,1.2335434099999987,0.0,5.162696301056812,0.0,6.36841,0.0,25822,0,0.012463558258519162,0.0,0.00636841,0.0,-0.21777328771866483,-1.0
63612668,20260207,2000.0,15.0,0.4373678399999993,0.0183593881999999,1.6438565761945396,19.05624195897993,0.71897,0.3498799999999999,112188,4,0.07312475557293703,0.000163486957324,0.000359485,0.0001749399999999,-0.8904095615870307,0.2704161305986621
63613810,20260207,67.22689075630252,4.0,10.665219319999999,4.453489794499999,4.513010802294501,5.270041206548632,48.13225,23.470080000000003,7724,13,0.00571682332913922,0.0015411912893927,0.7159672187499999,0.3491174409988331,0.12825270057362514,0.3175103016371579
63614842,20260207,1000.0,10.01,0.0895118499999998,6.0424646398,11.244991584913086,12.845923771371115,1.0065600000000001,77.62105300000002,1927,25,0.013135650988411724,0.0079210711768851,0.00100656,0.077621053,0.12337578270859999,0.283309038725773
63615321,20260207,121.09166,2.17,35.639077019999995,4.811066446749541,1.0431768471202683,25.169395541879297,37.17786,121.09165954589852,1087679,161,0.0806871559769143,0.6518218623481782,0.30702246546128775,1.0000000000000009,-0.5192733423408902,10.598799381088078
63615646,20260207,81.49904000000001,20.0,0.30864491999999943,0.0855919162,14.896049479771152,40.23440435132645,4.59759,3.4437800000000003,3548,2,0.0016356260372487553,0.0001080847384349,0.056412811733733303,0.0422554677342078,-0.2551975260114424,1.0117202175663222
63616549,20260207,743.5570799999998,2.0,360.4157111799999,202.08130987744985,0.9672894082741249,3.679494479932471,348.6263,743.5570678710943,24195,213,0.004942092039953429,0.2726924364608682,0.46886286120764276,1.0000000000000009,-0.5163552958629376,0.8397472399662353
63616775,20260207,1000.0,69.33,0.0978666399999997,0.2975088605,1.5294282096534677,0.90101215317534,0.14967999999999998,0.26806,77497,1,0.04828774378465948,3.9013732833957553e-05,0.00014968,0.00026806,-0.9779398787010893,-0.9870040079420312
63617797,20260207,1000.0,42.0,0.5115784799999996,0.0,33.68474373667949,0.0,17.232390000000002,0.0,7869,0,0.005602705589177644,0.0,0.017232390000000004,0.0,-0.19798229198382158,-1.0
63618506,20260207,7.20164609053498,5.02,0.4629729899999988,0.2925789305521822,0.31919788668449184,24.61428681858268,0.14778,7.201646327972413,62768,5,0.008383822193727627,0.25,0.02052030857142857,0.9999998675755312,-0.9364147636086669,3.9032444048017214
63619732,20260207,330.87964000000005,2.2,108.96754836999996,75.38413077172623,1.26041451839998,4.389247854891065,137.34428000000003,330.8796386718747,9613,144,0.004368949688678817,0.9230769230769232,0.41508833846651916,0.9999999999999992,-0.42708430981819095,0.9951126180712188
63621161,20260207,1000.0,100.0,0.7172931699999964,0.0,50.74114953583092,0.0,36.396280000000004,0.0,13786,0,0.01804214108101034,0.0,0.03639628,0.0,-0.4925885046416908,-1.0
63621861,20260207,1000.0,23.0,1.069345609999999,0.0,30.21282333594658,0.0,32.30795,0.0,5607,0,0.001464503996238834,0.0,0.032307949999999995,0.0,0.3136010146063731,-1.0
63622918,20260207,1350.15143,4.28,332.02644047,183.5983005129,3.261464534171169,7.135484076744864,1082.89246,1310.0627569627002,431052,730,0.04836325284983395,0.0070349729067427,0.8020525964261654,0.9703079746131678,-0.23797557612823153,0.6671690950838475
63623050,20260207,85.65348999999999,25.0,2.660454639999999,0.2973434469,16.851288996229613,39.673786152688365,44.83209,11.796780000000002,38445,2,0.01309033334468317,0.000245898071985,0.5234122976191631,0.1377267902747485,-0.3259484401508155,0.5869514461075346
63623138,20260207,37.101850000000006,25.0,0.3890167799999993,0.0,17.54309929767043,0.0,6.824559999999999,0.0,22824,0,0.011059211163872469,0.0,0.1839412320409898,0.0,-0.29827602809318277,-1.0
63623552,20260207,23.47515,25.0,0.7338591299999992,0.0,6.39203057949283,0.0,4.690849999999999,0.0,32235,0,0.005635982166273276,0.0,0.19982193936992945,0.0,-0.7443187768202868,-1.0
63623668,20260207,23.80952380952381,25.0,0.22626095999999962,0.0,8.588755214333059,0.0,1.9433000000000002,0.0,26480,0,0.014940194087113518,0.0,0.08161860000000001,0.0,-0.6564497914266777,-1.0
63623744,20260207,91.2677,25.0,0.8465259399999996,0.0,23.216075339640522,0.0,19.653010000000002,0.0,5636,0,0.002809431234734061,0.0,0.21533368321980284,0.0,-0.07135698641437913,-1.0
63624347,20260207,166.66666666666666,35.0,1.5245267499999986,0.0,15.194721903043039,0.0,23.164759999999998,0.0,7431,0,0.03205780845556514,0.0,0.13898855999999998,0.0,-0.5658650884844846,-1.0
63624431,20260207,1000.0,38.5,10.820987509999997,0.0335953644,20.817467887457166,84.92347463644012,225.26556000000002,2.85312,137793,3,0.20260696956329952,0.0004415143250282,0.22526556000000003,0.00285312,-0.45928654837773597,1.2058045360114316
63624433,20260207,1045.55126,38.5,37.189085069999976,2.6556448744000005,19.284177834708974,21.413442412704235,717.16093,56.86652,495721,73,0.28145176858002613,0.0029996271740119,0.6859165661566895,0.054389030607265,-0.49911226403353315,-0.4438066905791107
63624751,20260207,434.7826086956522,42.0,0.7637385299999984,0.0023671759999999,26.10380282896038,45.35980433886672,19.93648,0.10742,16639,1,0.0169889728405146,0.0001298026998961,0.045853904,0.0002470659917061,-0.37848088502475286,0.0799953414015884
63625403,20260207,119.04761904761904,24.0,3.80856712,0.0,25.47873962636111,0.0,97.03749000000002,0.0,44188,0,0.001990020175817841,0.0,0.8151149160000002,0.0,0.061614151098379644,-1.0
63626085,20260207,1000.0,96.08,0.0130614599999997,0.0,39.61272323308511,0.0,0.5174,0.0,3202,0,0.25616,0.0,0.0005174,0.0,-0.5877110404549842,-1.0
63627097,20260207,1000.0,30.0,0.6938685999999983,0.0,1.2967584928904436,0.0,0.8997799999999999,0.0,52608,0,0.688586387434555,0.0,0.0008997799999999999,0.0,-0.9567747169036519,-1.0
63631007,20260207,10.416666666666666,10.4,0.0313070299999997,0.0,2.5974996670077224,0.0,0.08132,0.0,7460,0,0.0013101510361784334,0.0,0.0078067200000000005,0.0,-0.7502404166338729,-1.0
63631199,20260207,206.74242000000004,4.15,1.1974355599999988,38.26218805095225,5.085860319698545,5.403308632094343,6.08999,206.7424163818359,29067,71,0.002988310767048083,0.9861111111111112,0.02945689617060688,1.0,0.2255085107707337,0.3020020501025907
63631324,20260207,133.48968,2.35,7.976898749999997,1.8068331356241083,0.8591459180800061,73.88043120653367,6.85332,133.48968505859366,188214,76,0.009959835532060136,0.6440677966101694,0.05133969906887184,0.9999999999999992,-0.6344059923063804,30.438482640315325
63631326,20260207,80.87560000000002,2.15,0.30823821999999973,3.743101450091363,0.4089369579152128,21.60656936338837,0.12605,80.875602722168,7201,76,0.0021875569597180873,0.4086021505376344,0.0015585664897694728,1.0000000000000004,-0.8097967637603662,9.049566699993957
63632757,20260207,1000.0,86.31,0.012578059999999,0.0,9.92601402760123,0.0,0.12485,0.0,6899,0,0.011775046936337259,0.0,0.00012485,0.0,-0.8849957823241661,-1.0
63634169,20260207,1000.0,12.0,7.828716789999996,0.0,2.8161843877354014,0.0,22.047109999999996,0.0,33681,0,0.002161490922392715,0.0,0.022047109999999995,0.0,-0.7653179676887166,-1.0
63634530,20260207,119.04761904761904,89.0,0.8656309699999982,0.2678968624,12.191003286308048,87.00972748037874,10.55291,23.30972,108408,3,0.043526860997350036,0.0001294188641153,0.08864444400000002,0.1958016420246081,-0.8630224349853028,-0.0223626125800141
63634590,20260207,5.076142131979696,2.07,0.00055329,0.4290421916039844,0.0,11.831308386735977,0.0,5.076142311096191,6458,11,0.0067453519949864215,0.9166666666666666,0.0,0.9999998121262014,-1.0,4.715608100625111
63634742,20260207,5.076142131979696,2.07,0.025372929999999898,0.5374528449969557,0.0,9.444796717613851,0.0,5.076142311096191,10968,14,0.011801162040025823,1.0,0.0,0.9999998121262016,-1.0,3.5627038754624145
63635613,20260207,1.2315270935960592,6.48,0.04878384999999941,0.0591175251530125,0.7307746313585425,20.831492106495425,0.03565,1.2315270900726318,13284,5,0.020436923076923078,0.0026410829668574,0.0289478,0.9999992256170526,-0.8872261371360274,2.2147364267251843
63636525,20260207,1000.0,20.0,3.5062172199999977,0.0,10.43995500084847,0.0,36.604749999999996,0.0,22037,0,0.004973032744341389,0.0,0.03660475,0.0,-0.47800224995757656,-1.0
63636832,20260207,27.027027027027028,1.03,29.272086110000004,8.13596950447787,0.5428858039117048,3.3219180324279494,15.8914,27.02702713012696,2199,12,0.007295952222959522,1.0,0.5879818,0.999999929428106,-0.47292640396921864,2.2251632278646696
63636929,20260207,35.30304,2.32,3.0551764899999982,3.8016044760933454,2.4468635525537197,9.286350141482806,7.4756,35.30303955078126,143036,32,0.16013882669055082,0.9411764705882352,0.2117551349685466,1.0000000000000002,0.05468256575591373,3.002737245126873
63638721,20260207,1000.0,30.2,1.7043895799999988,0.1226618085,17.99136791249335,20.58048426308452,30.664299999999997,2.52446,60229,1,0.011499131298088857,4.367575122292104e-05,0.0306643,0.00252446,-0.40425934064591557,-0.3185270283721225
63638728,20260207,1000.0,30.2,4.311500569999999,0.0,21.958619386196673,0.0,94.67459999999998,0.0,381242,0,0.023354263276220113,0.0,0.09467459999999998,0.0,-0.27289339780805716,-1.0
63638938,20260207,1000.0,36.08,0.10309321999999971,0.0,13.866188290558817,0.0,1.42951,0.0,3419,0,0.005704989154013016,0.0,0.0014295100000000002,0.0,-0.6156821427228709,-1.0
63638951,20260207,2.47032,2.53,7.284128580000001,0.1487226902936389,0.24201384978846704,16.610131052194866,1.7628599999999999,2.470319986343384,19284,4,0.008461605967529618,0.2222222222222222,0.7136160497425434,0.9999996139471996,-0.904342351862266,5.565269264833489
63639183,20260207,1000.0,34.1,0.039602299999999896,0.0,14.820856364403117,0.0,0.58694,0.0,1549,0,0.02073627844712182,0.0,0.00058694,0.0,-0.5653707811025479,-1.0
63639342,20260207,6.451612903225806,2.04,0.6874497099999993,0.8120746985,2.2969971141598142,4.916930782900407,1.5790699999999998,3.99292,10334,8,0.07397279885468862,0.0256830601092896,0.24475584999999997,0.6189025040873939,0.1259789775293207,1.410260232766931
63639367,20260207,6.451612903225806,2.08,2.3760846399999984,0.0018491005469982,1.86910008390947,3487.1688243317485,4.44114,6.451612949371338,51864,1,0.21574043261231282,1.0,0.6883767000000001,0.9999998807907104,-0.10139419042813945,1675.5235347309342
63639383,20260207,481.31553,2.49,167.08888093999997,99.22736440131597,1.471916195837801,4.850632880290616,245.94083000000003,481.31552124023455,27485,199,0.0030282830731261224,0.7707769854929925,0.5109763028007844,1.0000000000000004,-0.4088689976555016,0.948045325988999
63639547,20260207,1000.0,35.0,0.0711344499999999,0.0,16.6570487295537,0.0,1.1848899999999998,0.0,9561,0,0.03293489493627282,0.0,0.0011848899999999999,0.0,-0.5240843220127515,-1.0
63639568,20260207,1000.0,35.0,5.76262225,0.0,29.411028980773466,0.0,169.48465,0.0,439392,0,0.03191979949874687,0.0,0.16948465,0.0,-0.15968488626361527,-1.0
63639572,20260207,1000.0,35.0,1.8767961799999995,0.0,19.813589987166328,0.0,37.18607,0.0,146818,0,0.018123441550425872,0.0,0.03718607,0.0,-0.4338974289381049,-1.0
63639592,20260207,10.834120000000002,6.06,2.02456432,0.0261039773,0.9281256127244205,10.643947198529071,1.8790499999999999,0.27786,37450,1,0.10160065111231688,0.0055555555555555,0.17343817495098812,0.0256467512593527,-0.8468439582963003,0.7564269470350871
63639615,20260207,2473.59103,2.49,1856.1068889899996,429.12954941941337,1.2703519845686562,5.764205848876031,2357.90907,2473.591064453124,320781,1082,0.004372726095461392,0.8768233387358185,0.9532331906944214,0.9999999999999996,-0.48981848009290924,1.3149420991160734
63640115,20260207,4.3478260869565215,2.41,0.1585456099999995,0.9092815770396478,3.495397948893077,4.781600476920542,0.55418,4.34782600402832,8107,18,0.009292755616689592,0.5353708791208791,0.1274614,0.9999997806549512,0.4503725929016916,0.9840665172725092
63645350,20260207,12.57633,2.45,0.7774871499999998,3.210941128674468,1.7448905747188237,3.916710323934817,1.35663,12.576330184936523,2949,6,0.003492420653718617,0.75,0.10787169229815056,0.9999999241691154,-0.28779976542088836,0.5986572439611834
63645523,20260207,111.24086,12.3,20.94655676999999,0.1339332822,5.061078112457719,16.49570194956403,106.01216,2.20934,924647,2,0.07352940708696482,2.717575634242301e-05,0.9529965877646037,0.0198608676730019,-0.588530234759535,0.3411139588428327
63645554,20260207,62.5,12.3,0.309572549999999,0.0,6.603298645180287,0.0,2.0442,0.0,49582,0,0.009984293193717278,0.0,0.0327072,0.0,-0.46314645161135887,-1.0
63645608,20260207,62.5,12.3,3.618889709999998,0.0,5.432796126854059,0.0,19.66069,0.0,182073,0,0.0726925380285064,0.0,0.31457103999999997,0.0,-0.5583092579793448,-1.0
63645835,20260207,62.5,12.3,2.190383879999999,0.0,4.473608525643462,0.0,9.79892,0.0,425060,0,0.03458021477383664,0.0,0.15678272000000001,0.0,-0.6362919897850844,-1.0
63646194,20260207,576.4705882352941,1.72,124.39169135000002,135.17009503994086,1.3190589999964653,4.2647789558745925,164.07997999999998,576.4705810546874,15197,235,0.005929379633242294,0.5445795339412361,0.28462853673469385,0.9999999999999998,-0.2331052325601946,1.47952260752028
63648944,20260207,26.5748031496063,68.0,0.0985532899999986,0.0,154.52239088111838,0.0,15.22869,0.0,2386,0,0.0018899009900990099,0.0,0.5730499644444444,0.0,1.2723881011929175,-1.0
63650409,20260207,3.00871,3.45,0.0439259699999998,0.5365542949682253,0.0,5.607455439816159,0.0,3.0087099075317383,2765,2,0.09469178082191781,0.6666666666666666,0.0,0.9999996830289248,-1.0,0.6253493803807132
63650940,20260207,2000.0,15.0,3.231039879999998,0.0027245348999999,12.081098175736543,24.197085129968432,39.03451,0.06595,98586,1,0.006995983479754183,8.818342151675484e-06,0.019517254999999997,3.2974999999999995e-05,-0.19459345495089717,0.6131390086645622
63650951,20260207,2000.0,15.0,3.228901949999999,0.0,7.154506503364095,0.0,23.101200000000002,0.0,177265,0,0.0223244420935973,0.0,0.011550600000000001,0.0,-0.523032899775727,-1.0
63652241,20260207,117.5,8.5,11.386904179999998,3.1916471737000007,5.165096594322971,14.999920853588408,58.81446,47.874469998,8317,42,0.0018191561495220806,0.0018229166666666,0.5005485957446808,0.4074422978553191,-0.39234157713847395,0.7646965710104008
63652316,20260207,188.16694,10.0,23.739062800000003,0.0,4.659807378747908,0.0,110.61946,0.0,12354,0,0.0032140069722670275,0.0,0.5878793586163436,0.0,-0.5340192621252091,-1.0
63653084,20260207,1000.0,1.23,6.040023199999999,169.28328666540003,0.9943090947067886,4.761748434336181,6.00565,806.0844299999999,52051,327,0.023910606826220773,0.0208959118502694,0.00600565,0.8060844299999999,-0.19161862218960274,2.871340130484738
63654692,20260207,1000.0,1.73,2.86550017,13.7360316985,1.028455705867224,6.860742986604212,2.94704,94.23939,2084,131,0.003602420051858254,0.072862599146987,0.0029470399999999997,0.09423939,-0.4055169330247261,2.965747347377794
63654752,20260207,1000.0,1.4,0.9703912699999997,54.18682987618188,1.638483412984538,18.454668483658363,1.5899699999999999,999.9999999999995,3670,188,0.005662706372473384,0.1098070724351055,0.0015899699999999998,0.9999999999999996,0.17034529498895581,12.1819062842425
63654992,20260207,500.0,1.34,4.735577859999999,56.2096844624,1.0693457376709672,5.151792215484062,5.063969999999999,289.58061999999995,83981,102,0.04990551461849299,0.0159682652738208,0.010127939999999998,0.5791612399999999,-0.20198079278286035,2.844620960564174
63655156,20260207,1000.0,1.26,16.85680374,179.68487106707278,1.433514939885039,5.565298783899402,24.16448,999.9999999999995,202830,316,0.05356803296006761,0.7150646851277664,0.024164480000000002,0.9999999999999996,0.137710269750031,3.416903830176412
63656523,20260207,8.51284,48.0,0.08668503999999919,0.0,37.584916613063,0.0,3.25805,0.0,2767,0,0.007919290211791642,0.0,0.38272186485356235,0.0,-0.21698090389452082,-1.0
63657517,20260207,1000.0,22.0,2.9143161699999984,0.0,14.092887526338647,0.0,41.07113,0.0,12712,0,0.0003755136283206754,0.0,0.04107113,0.0,-0.3594142033482433,-1.0
63659280,20260207,31.392510000000005,7.5,1.428892689999999,1.5257687614795634,1.6754722147819245,20.57486670204252,2.39407,31.392509460449222,104913,53,0.003650277825135433,0.0096556749863363,0.07626245878395833,0.9999999392419228,-0.7766037046957434,1.7433155602723356
63661292,20260207,1000.0,300.0,1.0850393199999973,0.0,148.59921389761288,0.0,161.23599000000002,0.0,83196,0,0.008652730109204369,0.0,0.16123599000000002,0.0,-0.5046692870079571,-1.0
63663934,20260207,2.1367521367521367,21.0,0.01623013,0.0,22.84085216815885,0.0,0.37071,0.0,1186,0,0.0030201171377641964,0.0,0.17349228,0.0,0.08765962705518335,-1.0
63664633,20260207,12.5,7.5,0.2143855199999996,0.0,3.3663187700363406,0.0,0.7216899999999999,0.0,2078,0,0.0005883851969306566,0.0,0.057735199999999993,0.0,-0.551157497328488,-1.0
63665246,20260207,1000.0,30.0,0.4747129299999995,0.0,15.489656032752272,0.0,7.353139999999999,0.0,76393,0,0.03200242972644632,0.0,0.007353139999999999,0.0,-0.48367813224159095,-1.0
63665437,20260207,1000.0,30.2,13.408579269999993,0.0,15.393079001426534,0.0,206.39932000000002,0.0,574208,0,0.058646512102951694,0.0,0.20639932000000002,0.0,-0.49029539730375715,-1.0
63665441,20260207,1000.0,30.2,3.5299054999999977,0.0,13.333334277645685,0.0,47.06541,0.0,221445,0,0.039142538975501115,0.0,0.04706541,0.0,-0.5584988649786197,-1.0
63665444,20260207,1000.0,30.2,3.5630725699999983,0.0,15.767801215454904,0.0,56.18182,0.0,321322,0,0.015549920392568682,0.0,0.05618182,0.0,-0.4778873769716919,-1.0
63666595,20260207,1000.0,20.0,1.5735898499999985,0.0,7.530774299287715,0.0,11.850349999999999,0.0,27333,0,0.0013065300210800036,0.0,0.011850349999999999,0.0,-0.6234612850356143,-1.0
63670871,20260207,3.5461400000000003,1.3,4.315747939999999,1.356401155218026,0.4677497453662691,2.6143721033461707,2.01869,3.546139955520629,418402,11,0.08361016745933415,0.8461538461538461,0.569264044848765,0.9999997310669988,-0.6401925035644084,1.0110555378775166
63675336,20260207,1000.0,36.05,4.888550489999998,0.0,23.228668750028607,0.0,113.55452,0.0,171703,0,0.004073444075935073,0.0,0.11355451999999999,0.0,-0.3556541262127986,-1.0
63675362,20260207,1000.0,34.86,1.4007500399999986,0.0,28.292264050194166,0.0,39.63039,0.0,24330,0,0.00813848469643753,0.0,0.03963039,0.0,-0.18840321141152705,-1.0
63675427,20260207,1000.0,34.85,0.1049685599999992,0.0,18.840784326278413,0.0,1.97769,0.0,2304,0,0.0032089136490250697,0.0,0.00197769,0.0,-0.4593749117280226,-1.0
63676199,20260207,1000.0,82.32,0.00042779,0.0,0.0,0.0,0.0,0.0,1147,0,0.08077464788732394,0.0,0.0,0.0,-1.0,-1.0
63677098,20260207,1000.0,82.32,1.3251689699999991,0.2939177126,16.193716036076527,117.69757595216144,21.45941,34.593520000000005,23460,2,0.010019218449711723,4.494483022090384e-05,0.021459409999999998,0.03459352,-0.8032833328950859,0.4297567588494725
63679958,20260207,22.0820189274448,72.6,0.613100849999999,0.0,12.155912033069294,0.0,7.4528,0.0,5073,0,0.004921420256111758,0.0,0.33750537142857134,0.0,-0.8325631951367866,-1.0
63681662,20260207,29.743270000000003,6.51,2.485760659999999,1.7770489056232142,1.338310664229436,16.737442645760936,3.32672,29.74327087402343,224413,14,0.02954201990416513,0.0440251572327044,0.11184782305375299,0.99999993587294,-0.7944223250031589,1.57103564628227
63681685,20260207,52.66818000000001,6.51,7.81831669,3.073406298941863,3.241294898224441,17.13673894653748,25.341469999999997,52.6681785583496,450248,20,0.0474564694970277,0.106951871657754,0.48115332635378694,0.9999999999999998,-0.5021052383679814,1.6323714814186578
63683340,20260207,85.97987,6.85,0.4298652799999994,0.0,10.509874163365803,0.0,4.51783,0.0,6907,0,0.006296836539338135,0.0,0.0525452062209445,0.0,0.5342881990315042,-1.0
63683627,20260207,71.41286,1.1,133.8593769,21.93767359408014,0.5489452565948707,3.2552610236517383,73.48147,71.41285705566406,8350,14,0.008425832492431886,1.0,1.0289669115618671,1.0,-0.5009588576410267,1.959328139178052
63684003,20260207,1044.4733200000005,250.0,3.149361279999999,0.0,172.59930877158692,0.0,543.57758,0.0,9378,0,0.09934322033898305,0.0,0.5204322308587066,0.0,-0.3096027649136523,-1.0
63684378,20260207,64.88098000000002,8.26,6.50553055,0.0394910952,9.468754243264604,5.399814796354486,61.599270000000004,0.21325,65042,2,0.07503691739732349,0.0005473453749315,0.9494195371278298,0.0032867875184617,0.1463382861095162,-0.3462694132291248
63686060,20260207,1000.0,38.46,0.033940119999999796,0.0,13.901836528568634,0.0,0.47183,0.0,1848,0,0.0033363423000541616,0.0,0.00047183,0.0,-0.6385377917688863,-1.0
63693341,20260207,1000.0,82.32,0.0232848699999989,0.0,38.02168532613845,0.0,0.8853299999999996,0.0,2180,0,0.00798242402050531,0.0,0.0008853299999999996,0.0,-0.5381233560964717,-1.0
63695352,20260207,244.34484,1.0,278.00997194,62.5096368081222,0.812903107118669,3.9089145600884354,225.99517,244.34483337402335,56566,522,0.007163245406308964,0.3279684751670779,0.9249025680264007,0.9999999999999998,-0.18709689288133102,2.9089145600884354
63696056,20260207,714.2857142857143,50.0,0.9845240299999984,0.7298375953000001,41.3467713936856,34.48171987897609,40.70689,25.16609,154975,5,0.010802135682770254,4.123206166446504e-05,0.056989646,0.0352325264300845,-0.173064572126288,-0.3103656024204783
63697940,20260207,1000.0,9.0,1.7965915899999985,30.1352331472,1.928485037603901,19.297332226105578,3.4646999999999997,581.5296250499998,175194,1128,0.02677251749747853,0.0764825996771848,0.0034647,0.5815296250499998,-0.7857238847106777,1.144148025122842
63698176,20260207,35.2112676056338,8.2,0.1558657799999998,0.0,4.483344580189449,0.0,0.6988000000000001,0.0,1698,0,0.00019187091087833485,0.0,0.019845920000000003,0.0,-0.45325066095250616,-1.0
63698780,20260207,1000.0,9.0,0.8726999999999979,41.6793810748,3.309774263779084,21.94924681688411,2.8884399999999997,914.8310443350005,458486,1653,0.03698392340020489,0.0509197094703956,0.0028884399999999995,0.9148310443350004,-0.6322473040245462,1.4388052018760122
63698963,20260207,1000.0,9.5,0.1341763499999994,8.849297108,1.7842935807987108,26.14612590131086,0.23941,231.37486247,25039,528,0.0066331991098866165,0.0614262477060201,0.00023941,0.2313748624699999,-0.81217962307382,1.7522237790853536
63699826,20260207,1000.0,9.0,0.0031029999999999,10.665554073100004,0.0,32.57807189766898,0.0,347.46322,1482,516,0.00023699865668777586,0.0184303403568001,0.0,0.3474632199999999,-1.0,2.6197857664076643
63699827,20260207,1000.0,9.0,0.0366265999999998,6.614625011199999,0.0,33.531088473399976,0.0,221.79561,8919,240,0.002628414817434356,0.0186654189134848,0.0,0.2217956099999999,-1.0,2.7256764970444416
63699925,20260207,1000.0,9.0,0.413970999999999,29.2119145159,2.090943568510843,20.74520767151169,0.8655900000000001,606.00725386,127476,1114,0.016399634637403352,0.0555906115924394,0.0008655900000000001,0.60600725386,-0.7676729368321286,1.30502307461241
63701114,20260207,166.66666666666666,34.0,0.10341095999999951,0.0,16.52697160919895,0.0,1.70907,0.0,24190,0,0.0056870812272246385,0.0,0.010254420000000002,0.0,-0.5139125997294427,-1.0
63701115,20260207,166.66666666666666,34.0,1.0170834799999982,0.1208691222,21.73359457180451,44.79849859868844,22.10488,5.4148000000000005,317627,3,0.0073764160539528745,9.191759804548777e-06,0.13262928000000002,0.0324887990085205,-0.36077663024104384,0.3176028999614247
63701441,20260207,1000.0,36.05,0.2813880899999992,0.0,29.27586594016834,0.0,8.23788,0.0,5351,0,0.0011830120268836223,0.0,0.008237880000000001,0.0,-0.18790940526578798,-1.0
63704769,20260207,1000.0,7.57,1.558786249999999,2.0695597945,3.203665672570568,6.093423316441744,4.99383,12.61071,7522,2,0.006137902896776826,0.0001827485380116,0.00499383,0.01261071,-0.576794495036913,-0.1950563833204737
63705909,20260207,162.73909999999995,2.0,63.65937559000001,43.85680927877874,1.6774542478669003,3.710691776035409,106.78568999999999,162.73910522460943,9465,68,0.003376257401726475,0.8542735042735042,0.6561772186278529,1.0000000000000004,-0.16127287606654983,0.8553458880177043
63707085,20260207,662.23531,1.5,429.30605014,219.7975468888424,0.891995814815842,3.0129330235397096,382.9392,662.2352905273441,179555,128,0.049763039742808046,0.9014084507042254,0.5782524643695003,1.0000000000000004,-0.4053361234561053,1.0086220156931398
63707198,20260207,1000.0,31.53,0.28251825999999913,0.0,39.9191188562468,0.0,11.27788,0.0,8643,0,0.0017044647787331387,0.0,0.01127788,0.0,0.2660678355929843,-1.0
63707818,20260207,5.59174,15.0,0.0957549899999994,0.007632075,21.719285856538782,316.4910602869748,2.0797299999999996,2.4158000000000004,2019,1,0.06641447368421052,0.003125,0.3719289523475698,0.4320300177091127,0.44795239043591883,20.09940401913165
63708107,20260207,17.33141,5.0,1.7003743199999994,6.3920859849,4.742097022495613,2.662007541542584,8.06334,17.015783759999998,18142,19,0.015942003514938487,0.000881712031149,0.4652443165328152,0.9817886959632188,-0.05158059550087746,-0.4675984916914831
63708168,20260207,1000.0,10.01,0.08658829999999959,8.8623569199,6.560008684776147,13.379705612401851,0.5680199999999997,118.57574,1442,41,0.008593563766388557,0.0376537770850164,0.0005680199999999997,0.11857574,-0.34465447704533997,0.3366338967503128
63711027,20260207,1000.0,29.95,0.0126712699999998,0.0,238.15844820606355,0.0,3.0177699999999996,0.0,1269,0,0.003895027624309392,0.0,0.0030177699999999995,0.0,6.951868053624827,-1.0
63711593,20260207,132.71462,3.93,7.46426473,10.050941741706213,1.8850912325560027,13.204195693749906,14.07082,132.714614868164,8992,70,0.0031473573678683932,0.330188679245283,0.10602313445195412,0.9999999999999996,-0.5203330197058518,2.3598461754340905
63712035,20260207,59.29753,27.0,3.042648139999999,0.0,19.37017600727241,0.0,58.93663,0.0,50946,0,0.0514034910705277,0.0,0.9939137431188112,0.0,-0.2825860738047256,-1.0
63712496,20260207,2000.0,20.0,16.819040249999993,4.5227740641,10.369814650987594,109.44154263362586,174.41033,494.9794800000001,528273,34,0.027510493370689386,0.000207799033501,0.08720516499999999,0.24748974,-0.4815092674506203,4.472077131681293
63713068,20260207,7500.0,120.0,2.623684459999997,0.1427008568,53.54639711514706,128.31704093145336,140.48885,18.31108,682511,3,0.057855114479227594,2.298724276163642e-05,0.01873184666666667,0.0024414773333333,-0.5537800240404411,0.069308674428778
63713425,20260207,1000.0,30.45,1.0893592299999995,0.0,20.33258578990515,0.0,22.149490000000004,0.0,35785,0,0.020940370998888173,0.0,0.022149490000000004,0.0,-0.3322631924497488,-1.0
63713531,20260207,1000.0,31.5,0.7566933199999988,0.1567274394,21.502885739760497,39.64111442559288,16.27109,6.21289,33282,1,0.003938651613590372,2.428127428127428e-05,0.016271090000000002,0.0062128899999999,-0.3173687066742699,0.2584480770029486
63715009,20260207,1000.0,86.31,0.0051365599999996,0.0,21.30998177768945,0.0,0.10946,0.0,6310,0,0.13228511530398324,0.0,0.00010946,0.0,-0.753099504371574,-1.0
63716161,20260207,41.27358490566038,3.72,0.9929988299999999,6.711782205589012,1.2684506385571475,6.149421846466102,1.25957,41.27358627319335,42793,17,0.0029517095815198274,0.85,0.030517581714285716,0.9999999999999998,-0.6590186455491539,0.6530703761213384
63719668,20260207,1000.0,84.69,0.0002581,0.0,216.1565284773344,0.0,0.055790000000000006,0.0,1498,0,0.5548148148148148,0.0,5.5790000000000006e-05,0.0,1.552326466847732,-1.0
63721302,20260207,1000.0,50.24,0.8255604899999986,0.0,15.980779312730942,0.0,13.193099999999998,0.0,13876,0,0.019640481245576786,0.0,0.013193099999999998,0.0,-0.6819112397943683,-1.0
63731046,20260207,22.96911,1.0,27.71091917,11.686539814853411,0.9539611384893661,1.9654327874077355,26.43514,22.969110488891605,1050,10,0.034653465346534656,0.9375,1.150899621273963,0.9999999169602816,-0.046038861510633855,0.9654327874077352
63735016,20260207,23.80952380952381,3.03,2.225991839999999,2.0798140959238856,1.6612100428903647,11.447904471313716,3.6978400000000002,23.80952453613281,18663,5,0.00972081879264545,0.2631578947368421,0.15530928,0.9999999198913664,-0.45174586043222287,2.7781863298377862
63736256,20260207,500.0,13.0,10.698062729999997,1.9879174855,6.3182336564967985,20.23101062410237,67.59286,40.2176,29176,12,0.04695204377212745,0.0034635308790691,0.13518572,0.0804352,-0.5139820264233232,0.5562315864694134
63736484,20260207,32.25806451612903,8.5,1.3407742899999984,0.0,2.678325521889299,0.0,3.59103,0.0,2282,0,0.002973677352097993,0.0,0.11132193,0.0,-0.6849028797777296,-1.0
63740865,20260207,1000.0,32.3,0.2595279799999977,0.0,14.968135612969492,0.0,3.88465,0.0,11269,0,0.02029353502611201,0.0,0.0038846500000000003,0.0,-0.5365902287006349,-1.0
63741668,20260207,29.41176470588235,4.71,0.34192043999999966,2.565083034565463,0.0,11.466199059587517,0.0,29.41176414489746,1648,6,0.001961904761904762,0.24,0.0,0.9999999351501494,-1.0,1.434437147923802
63751749,20260207,419.55009,1.0,617.8506275100001,221.0070639002758,0.6493419964900926,1.898355962217837,401.19636,419.550079345703,23624,141,0.005607804970683884,0.94,0.956253781282707,0.9999999999999998,-0.3506580035099074,0.898355962217837
63761622,20260207,1000.0,40.0,18.74194842,0.0,43.66644447311951,0.0,818.3942499999999,0.0,48158,0,0.0031624846498860644,0.0,0.81839425,0.0,0.09166111182798779,-1.0
63762250,20260207,1000.0,80.06,0.0012215399999999,0.0,26.80223324655982,0.0,0.03274,0.0,31157,0,0.02060920756713851,0.0,3.274e-05,0.0,-0.6652231670427202,-1.0
63768177,20260207,1000.0,95.0,0.36684069999999724,0.0085708076,46.32155047136298,281.0119069868064,16.99263,2.40878,352894,3,0.007251450211958007,5.920760428720035e-06,0.016992629999999998,0.00240878,-0.5124047318803897,1.95802007354533
63769208,20260207,72.71365000000002,12.0,0.19943325999999917,4.905991386821409,3.179610061029954,14.821395516181031,0.63412,72.71365356445311,1139,36,7.967597968577304e-05,0.0001706500933813,0.008720783511761546,0.9999999999999998,-0.7350324949141704,0.2351162930150859
63769423,20260207,161.29032258064515,10.57,3.8894000799999984,13.234096777772551,6.894304892388446,12.18748203979488,26.81471,161.2903289794923,80688,83,0.01269018448327383,0.0043210754035144,0.16625120200000001,1.0000000000000009,-0.3477478815148112,0.1530257702621021
63769539,20260207,9.615384615384617,5.2,0.5843076499999994,0.0,3.459958123088072,0.0,2.02168,0.0,4073,0,0.026345407503234154,0.0,0.21025471999999995,0.0,-0.33462343786767845,-1.0
63774452,20260207,7.523130000000001,2.17,0.514190739999999,0.049636167736312,1.3174099556907644,151.56243361825457,0.6774,7.523129940032959,87780,5,0.0464321608040201,0.625,0.09004230951744818,0.9999998732343848,-0.3928986379305233,68.8444369997912
63774454,20260207,44.39334000000001,2.28,15.67621129,5.201119923495836,1.5965707234353053,8.535341076941345,25.02818,44.39334106445311,298579,56,0.04470013174441583,0.4444444444444444,0.5637823150950119,0.9999999999999996,-0.2997496827038134,2.743570694756913
63775060,20260207,2944.59903,40.0,46.15729392,7.7849647203,29.309820509512225,22.044152301467903,1352.8619999999999,171.61297,90473,15,0.03990340934150752,0.0005996029322718,0.4594384451726183,0.0582805886107361,-0.26725448726219436,-0.4488961924633024
63775265,20260207,1000.0,35.0,0.25472956999999946,0.0,22.000547482571466,0.0,5.60419,0.0,90912,0,0.11241746012118214,0.0,0.00560419,0.0,-0.37141292906938667,-1.0
63775313,20260207,10.31746,35.0,0.0838143999999999,0.0,20.138782834453295,0.0,1.68792,0.0,4648,0,0.002767819924968737,0.0,0.16359840503379708,0.0,-0.42460620472990585,-1.0
63775347,20260207,1000.0,3.0,0.1893895099999993,12.0865411177,2.7002551514072866,29.70930035267452,0.5113999999999999,359.08271,17561,331,0.004448751076658053,0.052221344210587,0.0005113999999999999,0.35908271,-0.09991494953090448,8.903100117558173
63777240,20260207,1000.0,31.86,1.0178924899999986,0.7406780367000001,17.526408903950184,53.24434477814619,17.84,39.43697,45926,1,0.003431256817536572,5.089369325353202e-06,0.017839999999999998,0.03943697,-0.44989300364249263,0.6711972303241793
63778195,20260207,172.21994,11.9,1.6319999099999987,1.9704420596634007,0.6056985628142595,87.40163251150544,0.9885,172.21994018554693,275730,40,0.014598544010589014,0.001222340225152,0.00573975348034612,1.0000000000000002,-0.9491009611080454,6.344675236409806
63778231,20260207,86.95652173913044,11.9,1.2184025999999986,1.7434939640546434,3.4808527164994603,49.87483294952671,4.24108,86.9565200805664,161388,36,0.10263800559654032,0.0233365031618708,0.048772420000000004,1.0,-0.7074913683613898,3.1911625670864154
63778991,20260207,1000.0,35.43,0.5420475799999995,0.0,23.998188498507847,0.0,13.00816,0.0,24893,0,0.005960539233292627,0.0,0.01300816,0.0,-0.3226590883853275,-1.0
63781958,20260207,23.102310231023104,9.0,0.8184073199999986,0.0,5.7609455399299305,0.0,4.714799999999999,0.0,2239,0,0.0004908365485794458,0.0,0.20408348571428567,0.0,-0.3598949400077855,-1.0
63782676,20260207,1000.0,7.35,2.1781402499999993,0.0,13.303652049035872,0.0,28.97722,0.0,6436,0,0.005100649865271834,0.0,0.028977219999999998,0.0,0.8100206869436561,-1.0
63783298,20260207,1000.0,300.0,0.1415983799999996,0.0,34.3548421952286,0.0,4.86459,0.0,267372,0,0.030204017080499763,0.0,0.004864589999999999,0.0,-0.8854838593492381,-1.0
63786660,20260207,72.20216606498195,3.82,1.0599790199999997,13.245636696297517,3.8277550059434207,5.451014541675966,4.05734,72.20216369628909,27811,32,0.0030885325278191145,0.9696969696969696,0.056194159,1.0000000000000004,0.0020301062679112104,0.4269671824440583
63786819,20260207,72.20216606498195,3.82,1.0274569299999996,14.197007356714924,0.0,5.085730872457984,0.0,72.20216369628908,10096,23,0.0014038210183820463,1.0,0.0,1.0000000000000002,-1.0,0.331343183595479
63786866,20260207,72.20216606498195,3.82,2.75334863,13.796934790351422,2.45339436001608,5.2332028497793,6.755050000000001,72.20216369628908,53379,23,0.0069606321801609135,0.9583333333333334,0.0935574425,1.0000000000000002,-0.35775016753505756,0.3699484139353987
63788574,20260207,1000.0,7.7,1.7564915299999986,80.3237163511,6.797379774441616,9.2307987303061,11.93954,741.452068138,43077,258,0.033110684089162186,0.0192045578573807,0.011939539999999998,0.7414520681379999,-0.11722340591667327,0.1988050596051973
63789710,20260207,2299.103779999999,7.8,86.36392502000001,3.1519647023,5.588769730975342,45.96280548493456,482.66809,144.87318647000004,102528,41,0.006346203840106959,0.0003390794178232,0.20993749573148898,0.0630128961577483,-0.28349106013136643,4.892667225768908
63789859,20260207,1000.0,86.31,4.594512219999999,0.0,11.325663641395215,0.0,52.0359,0.0,74167,0,0.05780297716467929,0.0,0.052035899999999996,0.0,-0.8687792417866388,-1.0
63791228,20260207,6.381039197812215,4.4,2.6715754899999995,0.2898040689332096,1.4288871919542878,22.018383481343665,3.81738,6.381039142608644,4453,9,0.00455410104315811,0.2142857142857142,0.5982379800000001,0.999999850545632,-0.6752529109194801,4.004177955479106
63792158,20260207,846.3299899999997,34.0,17.75001759,0.0,11.334654119630088,0.0,201.19031,0.0,18890,0,0.0061321214088621975,0.0,0.23772088000804517,0.0,-0.6666278200108797,-1.0
63792540,20260207,0.8063703255720189,33.0,0.0018740500000000002,0.0,0.0,0.0,0.0,0.0,1371,0,0.010976781425140112,0.0,0.0,0.0,-1.0,-1.0
63792692,20260207,1000.0,113.9,0.1488420799999985,0.0,39.639529358902124,0.0,5.900029999999999,0.0,1172,0,0.007051744885679904,0.0,0.005900029999999999,0.0,-0.6519795490877777,-1.0
63793115,20260207,13.157894736842104,19.23,0.8729048300000002,0.0,2.003803782366515,0.0,1.74913,0.0,1025,0,0.08686440677966102,0.0,0.13293388,0.0,-0.8957980352383508,-1.0
63793364,20260207,56.66666666666666,32.0,0.6381336399999991,0.0,17.258782972168678,0.0,11.01341,0.0,106341,0,0.0077744310330962185,0.0,0.1943542941176471,0.0,-0.4606630321197288,-1.0
63793392,20260207,5.12241,52.0,0.23949078999999848,0.2298419367999999,16.914178620397156,18.197122166253145,4.050789999999999,4.18248,2134035,5,0.03358003924425695,8.131023593135843e-06,0.790797690930636,0.8165061695248227,-0.6747273342231317,-0.6500553429566703
63793948,20260207,1000.0,15.05,1.001926469999999,13.866489252,7.307871604589912,18.53606857892017,7.321949999999999,257.03021426,29248,96,0.009765283296050215,0.005791547760484,0.007321949999999999,0.25703021426,-0.5144271359076471,0.2316324481066393
63795480,20260207,1038.25801,1.7,945.8515169700004,229.55449512089268,1.008024803992824,4.522926251437204,953.4417899999999,1038.2580566406252,87881,311,0.007716237455110588,0.9174041297935104,0.9183091108538617,1.0000000000000002,-0.4070442329453977,1.660544779160319
63795874,20260207,40.54054054054054,17.0,0.485676569999999,0.0,8.577560165193903,0.0,4.16592,0.0,2382,0,0.0022972321342463113,0.0,0.10275936,0.0,-0.4954376373415351,-1.0
63796033,20260207,72.20216606498195,3.82,0.016032539999999998,13.663627957088025,0.0,5.284259688480059,0.0,72.20216369628908,1094,19,0.0001674344572154456,1.0,0.0,1.0000000000000002,-1.0,0.3833140787503237
63797111,20260207,322.0524500000001,3.93,137.49512894999992,20.923526301655624,1.9699917522059982,15.391881831096136,270.86427000000003,322.0524597167972,316892,178,0.01681436871567665,0.4635416666666667,0.8410563869332464,1.000000000000001,-0.4987298340442753,2.9165093052521462
63798182,20260207,1000.0,15.4,2.7928968899999975,5.5748015753,7.1213835609949845,18.0799644623426,19.88929,100.792232446,23253,206,0.006334586466165413,0.005136484539501,0.01988929,0.100792232446,-0.5375724960392868,0.1740236954673439
63798620,20260207,1000.0,15.0,1.3629326299999986,6.8469414657,9.287869203043448,20.3094177724748,12.658739999999998,139.057415,30468,37,0.017411280644608264,0.0037804823366953,0.012658739999999998,0.139057415,-0.3808087197971035,0.3539611848316532
63800765,20260207,199.22996,2.25,100.40840010999989,24.91634098811384,1.4375852004599796,7.995955638472222,144.34563000000003,199.22996520996105,308909,204,0.047207806100617394,0.8063241106719368,0.7245176880023467,1.0000000000000009,-0.3610732442400091,2.55375806154321
63801044,20260207,750.0,12.0,10.220424519999998,6.1390690908,8.865229602028315,34.41694049342031,90.60641000000001,211.28801,520350,38,0.05984336185481645,0.0003811809840131,0.12080854666666668,0.2817173466666667,-0.26123086649764043,1.868078374451693
63801794,20260207,10.37795,4.66,0.3577827899999998,1.22075684349326,3.8538186814407727,8.501235335063358,1.37883,10.377949714660645,20449,14,0.31077507598784193,0.5656565656565656,0.13286149962179428,0.9999999081057188,-0.17300028295262393,0.8242994878603795
63804346,20260207,1000.0,68.63,2.3593407299999996,0.0,48.18304476098289,0.0,113.68022000000002,0.0,51870,0,0.009968099008378814,0.0,0.11368022000000003,0.0,-0.2979302817866401,-1.0
63805495,20260207,896.1630500000002,18.02,2.5270412799999984,13.743428200527134,9.404361609795316,65.20665343609956,23.76521,896.1630249023435,14689,124,0.007788854128002546,0.0241730835995958,0.026518846096142877,0.9999999999999998,-0.4781153379691833,2.618571130946124
63807604,20260207,1000.0,22.0,0.16320020999999948,0.0,10.508993830338854,0.0,1.7150699999999999,0.0,14590,0,0.024063994722084776,0.0,0.00171507,0.0,-0.5223184622573248,-1.0
63808209,20260207,1000.0,189.69,0.11222384999999949,0.0,17.345154349988963,0.0,1.94654,0.0,32932,0,0.008086631961496907,0.0,0.0019465399999999999,0.0,-0.9085605232221573,-1.0
63809133,20260207,1000.0,57.6,0.0702853799999989,0.0,7.162513740410991,0.0,0.50342,0.0,10175,0,0.04368827823100043,0.0,0.00050342,0.0,-0.8756508031178647,-1.0
63811082,20260207,1000.0,27.67,0.020046869999999897,0.0,20.929451829637344,0.0,0.41956999999999983,0.0,1634,0,0.003588842521414452,0.0,0.0004195699999999998,0.0,-0.24360492122741806,-1.0
63815076,20260207,72.20216606498195,3.82,5.78055757,13.58366475828679,1.496078863548106,5.315366630855278,8.64817,72.20216369628906,137529,23,0.01988102810223199,0.9583333333333334,0.1197771545,1.0,-0.6083563184429042,0.3914572575248878
63817404,20260207,2.752688172043011,1.93,0.1186623199999996,0.6768518911348128,0.0,4.066892829347612,0.0,2.75268816947937,41986,6,0.001464646640829127,0.6,0.0,0.999999653548122,-1.0,1.107198414442781
63818001,20260207,280.7395600000003,5.0,35.34906767,33.37666675467324,2.420431305253716,8.41125198751974,85.55999000000001,280.7395629882813,43338,101,0.010312678469446031,0.2234513274336283,0.3047664176719516,1.0000000000000002,-0.5159137389492569,0.6822503975039481
63818646,20260207,1000.0,7.5,3.0791252999999967,57.52001471968793,2.1578530760018135,17.38525255057819,6.644299999999999,1000.000000000002,814754,1877,0.052729084825617896,0.0608133421932878,0.0066443,1.000000000000002,-0.7122862565330915,1.3180336734104254
63819872,20260207,126.29789,6.79,24.185790499999996,12.324104118921085,4.716534280738106,10.248037361801522,114.07310999999999,126.29788970947266,9801,9,0.009385234128124103,0.0044559333880111,0.903206775663473,1.0,-0.3053705035731803,0.5092838614692389
63820079,20260207,68.4931506849315,2.7,26.974521619999997,7.863846787683624,2.0078888057033137,8.709877232235481,54.161840000000005,68.49314880371095,5876,20,0.0024855124571718625,0.5128205128205128,0.7907628640000001,1.0000000000000002,-0.2563374793691431,2.225880399412414
63820271,20260207,68.4931506849315,2.7,3.1490065699999983,5.17238185910295,1.4951318440723362,13.242087963996886,4.70818,68.49314880371098,55247,154,0.0037335108395956103,0.4425287356321839,0.06873942799999999,1.0000000000000009,-0.44624746515839403,3.9044769370863706
63820716,20260207,371.34914,7.1,35.57215952,0.834253742,4.3508932853228135,10.455223759459312,154.77067,8.72232,6115,3,0.0017293552036199095,0.0004789272030651,0.4167793952612897,0.0234881915365978,-0.3871981288277727,0.4725667464639749
63821686,20260207,1000.0,24.0,0.09226331999999911,0.0,6.854294859539047,0.0,0.6324000000000001,0.0,1604,0,0.0003157356009605921,0.0,0.0006324000000000001,0.0,-0.7144043808525398,-1.0
63821754,20260207,1000.0,80.0,0.0509125599999998,0.0,0.0,0.0,0.0,0.0,1008,0,0.0003950772125107784,0.0,0.0,0.0,-1.0,-1.0
63821933,20260207,1000.0,86.31,0.0005317900000000001,0.0,0.0,0.0,0.0,0.0,1104,0,0.06814814814814815,0.0,0.0,0.0,-1.0,-1.0
63822517,20260207,1000.0,25.0,0.32362780999999885,0.0,4.927728553365069,0.0,1.59475,0.0,2689,0,4.2486964765365774e-05,0.0,0.0015947499999999998,0.0,-0.8028908578653972,-1.0
63822518,20260207,1000.0,25.0,0.12756324999999918,0.0,9.43359470693956,0.0,1.2033800000000001,0.0,1706,0,0.002953601108033241,0.0,0.0012033800000000002,0.0,-0.6226562117224176,-1.0
63822723,20260207,1000.0,7.57,1.3844797899999994,0.0,5.685550671707532,0.0,7.87153,0.0,6464,0,0.01990760702186634,0.0,0.00787153,0.0,-0.24893650307694423,-1.0
63823693,20260207,16.79295,1.89,5.189166969999999,0.24517758114133,1.4393948090670132,68.49272721271517,7.46926,16.792949676513672,14048,12,0.010583892111805921,0.5217391304347826,0.4447854605652967,0.9999998864196908,-0.2384154449380882,35.23953848207721
63824197,20260207,1000.0,10.01,3.470039719999999,82.8971410823,8.684750732478651,10.032643101258108,30.136430000000004,831.6774406260001,32672,335,0.004807746074723723,0.0041727869513223,0.030136430000000006,0.8316774406260001,-0.13239253421791694,0.0022620251606928
63824247,20260207,1.1217500000000002,18.58,0.1343322499999995,0.0,8.75433858957923,0.0,1.17599,0.0,43501,0,0.22331108829568788,0.0,1.048353019835079,0.0,-0.5288300005608595,-1.0
63825190,20260207,83.33333333333333,16.0,0.4254814299999992,0.0,10.541541143170475,0.0,4.4852300000000005,0.0,1972,0,0.00206600314300681,0.0,0.05382276000000001,0.0,-0.3411536785518453,-1.0
63825455,20260207,137.20322999999996,35.0,1.6012345599999986,0.0800609420999999,32.92780540534926,43.65320036372188,52.725139999999996,3.49496,177198,1,0.017557916014347714,7.846829880728186e-06,0.38428497638138703,0.025472869362152,-0.05920555984716397,0.2472342961063394
63826134,20260207,1000.0,7.35,43.93083675,106.29618484274026,6.009085861538934,9.407675280836964,263.98417,999.9999999999995,306930,211,0.026005727648613843,0.0931567328918322,0.26398417,0.9999999999999996,-0.18243729774980483,0.2799558371296688
63827381,20260207,15.45503,10.0,0.8057040099999992,1.120725230985629,9.282527959616345,13.790192478757428,7.47897,15.45503044128418,13098,10,0.005142520612485277,0.0022716946842344,0.4839181806829233,0.999999938293602,-0.07174720403836546,0.3790192478757427
63827404,20260207,10.638297872340424,10.0,0.020658699999999704,0.0,6.485887301718013,0.0,0.13399,0.0,1424,0,0.04127536231884058,0.0,0.012595060000000002,0.0,-0.3514112698281987,-1.0
63833627,20260207,1000.0,45.0,0.1808049099999991,0.0,15.492886780563724,0.0,2.80119,0.0,11048,0,0.005345978902545244,0.0,0.0028011900000000003,0.0,-0.6557136270985839,-1.0
63834572,20260207,1000.0,13.88,0.520016749999998,2.7023140976000004,5.830235276075263,19.663116283956477,3.0318199999999997,53.135936,8303,44,0.003331995665957703,0.0011819532055843,0.0030318199999999997,0.053135936,-0.5799542308303125,0.4166510174231722
63835004,20260207,26.35564,6.0,0.5641522499999997,0.0754145546,3.3944560178568834,31.78893283640985,1.91499,2.39738,2386,2,0.0004980483019183,4.8477797168896646e-05,0.07265959012947514,0.0909626853714231,-0.4342573303571861,4.298155472734975
63835415,20260207,1700.05321,30.2,49.63370162,0.0,34.0422252391338,0.0,1689.64165,0.0,1559686,0,0.05997454414015335,0.0,0.9938757446303695,0.0,0.12722600129582118,-1.0
63835646,20260207,8.167650000000002,2.16,3.4143821599999997,1.0291300948219235,0.6635168220302559,7.93645266756964,2.2655000000000003,8.16765022277832,1164,3,0.18476190476190477,1.0,0.27737476507930675,0.999999883237629,-0.6928162860971038,2.674283496390444
63837148,20260207,750.0,800.0,0.6018965999999984,0.0,588.2991696580458,0.0,354.09527,0.0,46328,0,0.014694240040598832,0.0,0.4721270266666667,0.0,-0.26462603792744277,-1.0
63837272,20260207,98.75586,1.18,70.72898577000001,26.35327274443596,1.0467772044796282,3.747384872661242,74.03749,98.755859375,13400,55,0.006857727737973388,0.7236842105263158,0.74970224551738,1.0000000000000002,-0.11290067416980658,2.175750033250814
63837886,20260207,132.86555999999993,2.15,61.89113417000001,21.494167224401632,1.5391900839680477,6.181469942099565,95.26222000000001,132.86555480957028,9704,52,0.0007980853846090583,0.7761194029850746,0.7169820380842113,0.9999999999999998,-0.2840976353636987,1.875102171120212
63839772,20260207,21.73913043478261,32.0,0.00565656,0.0319087479,27.960456531885104,43.09592179510764,0.15816,1.37518,20151,1,0.34863321799307956,0.0018115942028985,0.00727536,0.0632582756563989,-0.1262357333785905,0.3467475560971136
63840064,20260207,1000.0,40.0,0.1193747299999997,0.0,19.089299720300986,0.0,2.2787800000000002,0.0,3614,0,0.014946236559139785,0.0,0.00227878,0.0,-0.5227675069924753,-1.0
63840552,20260207,1000.0,62.32,0.5946225499999989,0.6727860743999999,10.568199944653985,64.43927306222933,6.28409,43.35391,413262,2,0.011731132798528434,4.305144433168617e-06,0.00628409,0.04335391,-0.8304204116711492,0.0340063122237326
63840776,20260207,1000.0,120.0,2.8582393999999973,0.0,78.71762246367474,0.0,224.99381000000002,0.0,52475,0,0.03344700108356173,0.0,0.22499381000000002,0.0,-0.3440198128027105,-1.0
63840924,20260207,8.088235294117647,1.74,2.048446409999999,1.6832371921227791,0.3984580685222808,4.80516360624394,0.8162199999999997,8.088234901428223,1406,11,0.000976049982644915,0.55,0.10091447272727269,0.9999998820911836,-0.7710011100446662,1.7615882643145873
63843847,20260207,1000.0,300.0,0.8526294699999981,0.0,363.9800885606273,0.0,310.34015,0.0,7746,0,0.007241959611069559,0.0,0.31034015,0.0,0.2132669618687576,-1.0
63847388,20260207,66.11570247933884,566.0,0.10638380999999891,0.0,165.44359522374864,0.0,17.600520000000003,0.0,5656,0,0.08126436781609195,0.0,0.2662078650000001,0.0,-0.7076968282265925,-1.0
63848165,20260207,36.14132,1.05,31.217929419999997,9.066991720447769,1.1255720879901971,3.986031575099526,35.13803,36.14131927490234,85555,20,0.0425540910221338,0.7692307692307693,0.9722398075111811,1.0,0.07197341713352104,2.796220720111844
63848591,20260207,354.54545454545456,2.7,15.07816122,18.481244746300003,1.2602451799490706,5.698998727998965,19.00218,105.324596,6421,142,0.0018034490506684642,0.0093206420411037,0.0535958923076923,0.2970693849562028,-0.5332425259447887,1.1107402323522324
63848648,20260207,1000.0,19.0,0.1148203099999997,0.0,5.431965825558227,0.0,0.6236999999999999,0.0,1028,0,0.0030668257756563248,0.0,0.0006236999999999999,0.0,-0.714107061812725,-1.0
63851682,20260207,1000.0,26.66,0.057909639999999304,0.0,9.536408791351604,0.0,0.5522499999999999,0.0,2004,0,0.021973684210526315,0.0,0.0005522499999999999,0.0,-0.6422952441353487,-1.0
63856317,20260207,208.3333333333333,20.0,1.0764064999999994,1.4644156168,21.7667210296482,19.24436872109658,23.42984,28.181773335,20309,25,0.007146778336911004,0.0009763028998476,0.11246323200000002,0.1352725153105516,0.08833605148240994,-0.0377815639451709
63862766,20260207,4.545454545454546,2.97,0.00097594,0.3627894736234127,0.0,12.529145147355855,0.0,4.545454502105713,5024,2,0.013483628556092324,0.6666666666666666,0.0,0.9999997901916924,-1.0,3.218567349044335
63864374,20260207,2.05838,6.0,0.0151464699999999,0.0,11.000582974118794,0.0,0.16662,0.0,1236,0,0.08643356643356644,0.0,0.08094715261516337,0.0,0.8334304956864657,-1.0
63864918,20260207,11.45841,5.19,0.2422437999999994,0.2856046353410249,0.7143216874900428,40.11969248918953,0.17304,11.458410263061522,14949,10,0.021441480206540447,0.2,0.01510157168402946,0.999999916770807,-0.8623657634893945,6.7301911458313
63865915,20260207,49.263179999999984,8.5,8.131456029999999,0.0,4.07247851772495,0.0,33.11518,0.0,20478,0,0.002728072045188106,0.0,0.6722095487948608,0.0,-0.5208848802676529,-1.0
63866050,20260207,15.1697,17.6,0.36975308999999745,0.2747264566,6.154620641574668,23.03446505972567,2.27569,6.3282,281826,3,0.08785647484257124,7.884294068504595e-05,0.15001549140721307,0.4171605068190631,-0.6503056453650757,0.3087763954810849
63866696,20260207,4.3478260869565215,2.54,0.8407386899999991,0.6487010188297231,0.36164625657943766,6.702346960276032,0.30405,4.34782600402832,8583,7,0.49045714285714287,0.8333333333333333,0.06993150000000001,0.9999997806549512,-0.8576195840238434,1.638719315328813
63867023,20260207,34.770514603616135,1100.0,0.0538456399999992,0.0,218.2925117056864,0.0,11.754100000000001,0.0,1655,0,0.0034827441077441078,0.0,0.338047916,0.0,-0.8015522620857397,-1.0
63867737,20260207,1000.0,86.31,0.056081989999999304,0.0,14.151067035959489,0.0,0.7936199999999999,0.0,11505,0,0.10100965759438103,0.0,0.0007936199999999999,0.0,-0.8360437141008054,-1.0
63869005,20260207,1000.0,220.68,0.168519159999998,0.0,80.42147848351583,0.0,13.55256,0.0,33289,0,0.020847319639278557,0.0,0.01355256,0.0,-0.6355742319942186,-1.0
63869176,20260207,9.995780000000002,13.5,0.5404916199999992,0.7351983062368015,12.86043990839305,13.59601390582698,6.95096,9.995779991149902,1270,2,0.002455055093756041,0.0018529647435897,0.6953894543497355,0.9999999045923154,-0.04737482160051488,0.0071121411723689
63871771,20260207,1000.0,34.86,0.0277688099999997,0.0,61.88705961832785,0.0,1.71853,0.0,1753,0,0.0063193943763518385,0.0,0.0017185299999999998,0.0,0.7753029150409595,-1.0
63872859,20260207,1000.0,1.02,1.87255238,553.8566471646868,0.9822208551517261,1.8055213444014744,1.83926,999.9999999999995,8381,719,0.0032792080757492762,0.8283410138248848,0.00183926,0.9999999999999996,-0.03703837730222935,0.7701189981998183
63873690,20260207,5339.06705,1.0,2656.2347215300006,3168.0653871486,0.5232151619490466,1.1406331202780566,1389.78228,3613.6003089288497,72743,1402,0.05629827412738952,0.0883755681253929,0.2603043316341195,0.6768224448789398,-0.4767848380509534,0.1406331202780566
63874819,20260207,1000.0,33.66,0.9448800599999992,0.0,13.054323529697527,0.0,12.33477,0.0,4311,0,0.0022930851063829786,0.0,0.01233477,0.0,-0.6121710181313865,-1.0
63874908,20260207,1000.0,53.49,9.167999999999999e-05,0.0,0.0,0.0,0.0,0.0,9777,0,0.06255278310940499,0.0,0.0,0.0,-1.0,-1.0
63875138,20260207,1238.53337,53.47,10.592815259999995,0.0,32.13774729797375,0.0,340.42922,0.0,19238,0,0.0013424326794922788,0.0,0.2748647943171688,0.0,-0.39895740980037864,-1.0
63875140,20260207,1133.601050000001,53.47,34.681602780000006,0.0,32.250395032060275,0.0,1118.49539,0.0,79437,0,0.003742438518797701,0.0,0.9866746241986978,0.0,-0.3968506633241018,-1.0
63877699,20260207,29.96146,9.0,0.3320364199999993,0.0,2.186717951000681,0.0,0.72607,0.0,1703,0,0.0008784236859751379,0.0,0.024233465258368586,0.0,-0.7570313387777021,-1.0
63882142,20260207,1000.0,24.0,0.1685235099999997,0.0,6.389256905460858,0.0,1.07674,0.0,2222,0,0.00010528909485495503,0.0,0.00107674,0.0,-0.7337809622724643,-1.0
63882670,20260207,241.69816,26.88,8.43129418,0.0,15.586514619752005,0.0,131.41449,0.0,18967,0,0.020368341924398625,0.0,0.543713241342011,0.0,-0.4201445453961307,-1.0
63882681,20260207,117.4279,26.88,1.9953992999999992,0.0,28.544818072252518,0.0,56.958310000000004,0.0,3797,0,0.02480078380143697,0.0,0.4850492089188345,0.0,0.06193519614034669,-1.0
63883442,20260207,21.30237,69.3,0.27093459000000014,0.0,78.17403455202965,0.0,21.180049999999998,0.0,17550,0,0.058695652173913045,0.0,0.9942579159032539,0.0,0.12805244663823456,-1.0
63883962,20260207,83.33333333333333,54.0,0.2335484499999973,1.6733613752641137,4.35305821982553,49.79993401806468,1.01665,83.33333587646484,273998,8,0.17760938614118105,0.0310317529341191,0.012199800000000002,1.0,-0.9193878107439717,-0.0777789996654688
63885852,20260207,1000.0,16.0,0.0638222699999996,2.7286784109,8.720780379638699,18.395279342634183,0.5565800000000001,50.19481999999999,1762,38,0.005830575777630708,0.0145103418838232,0.0005565800000000001,0.0501948199999999,-0.45495122627258133,0.1497049589146366
63886292,20260207,1000.0,18.66,0.5595576999999992,0.0,11.649504599793746,0.0,6.518569999999999,0.0,46331,0,0.033857790119848,0.0,0.006518569999999999,0.0,-0.3756964308792205,-1.0
63886464,20260207,1.45776,5.0,0.11513623999999979,0.1855380295443414,12.661174274928577,7.856891242597765,1.45776,1.457759976387024,21711,1,0.01826602725896012,0.5,1.0,0.9999993443489076,1.5322348549857154,0.571378248519553
63886585,20260207,1.252086811352254,5.0,0.0933090099999999,0.118764121811845,0.0,10.542545989193854,0.0,1.2520867586135864,28100,3,0.0070295692199929954,0.3333333333333333,0.0,0.9999992383326608,-1.0,1.1085091978387709
63886628,20260207,2.4251000000000005,5.0,0.7721016299999993,0.2548984785012893,3.034626413105749,9.513946840449266,2.3430400000000002,2.425100088119507,76994,2,0.06573941256830601,0.0588235294117647,0.9661622201146344,0.9999996067486262,-0.3930747173788502,0.9027893680898532
63886978,20260207,1000.0,49.88,0.0735668199999987,0.0,19.847262665424783,0.0,1.4600999999999995,0.0,14148,0,0.013237275449101797,0.0,0.0014600999999999995,0.0,-0.6020997861783324,-1.0
63887215,20260207,1000.0,23.0,1.560293929999999,0.0,30.942458386670793,0.0,48.27933,0.0,37800,0,0.0019295558958652374,0.0,0.04827933,0.0,0.34532427768133883,-1.0
63887366,20260207,19.94432,5.05,2.068721169999999,1.3125364444999998,4.993128194265061,9.378132449919605,10.32939,12.30915,1654,5,0.005743055555555556,0.0014143264143264,0.5179113652408305,0.6171756371712365,-0.0112617437098888,0.857055860537487
63887879,20260207,62.70501,4.92,6.102116979999998,6.849334282246085,3.8811923923490577,9.15490436319925,23.68349,62.70500946044925,6013,15,0.003711041165216318,0.1785714285714285,0.37769693362619666,1.0000000000000009,-0.21113975765263054,0.8607528904949332
63888748,20260207,501.68523,23.75,10.793845939999999,0.0,17.44843043405528,0.0,188.33567,0.0,49571,0,0.0034248543930799577,0.0,0.375406048928329,0.0,-0.265329244881883,-1.0
63889490,20260207,1000.0,43.64,39.765324199999995,0.0496521208,10.256614983161638,846.0157050188876,407.85762000000005,42.00732,145560,9,0.004459039695133532,2.806553865290204e-05,0.40785762000000003,0.04200732,-0.764972158955966,18.38624465745445
63890282,20260207,42.79496,8.01,0.0635166,0.6868312578999999,0.0,35.788956790056446,0.0,24.581010000000003,4495,5,0.0031823008849557522,0.0005853330997839,0.0,0.5743903017406518,-1.0,3.468034427890702
63890317,20260207,2.10644,8.01,0.0179027199999998,0.0691022109,0.0,12.72647086215208,0.0,0.87944,1135,2,0.0011656567731334086,0.0002104377104377,0.0,0.4175004147976911,-1.0,0.5888227838326345
63891398,20260207,62.135140000000014,6.0,30.61322343999998,0.0,2.0021648527189546,0.0,61.29272000000001,0.0,6389,0,0.004364369150898285,0.0,0.9864421324229735,0.0,-0.6663058578801743,-1.0
63892216,20260207,41.66666666666666,12.54,0.9331463899999988,0.0627683989,1.5654885617678933,65.37357489335461,1.4608299999999996,4.10346,10184,4,0.10184,0.0118055555555555,0.03505992,0.0984830369945362,-0.8751604017728953,4.2132037553606505
63893095,20260207,68.18181818181819,3.3,2.794432129999999,1.8707209756000005,2.135432074351365,11.518996559116486,5.96732,21.54884,3366,74,0.00829064039408867,0.119426145513102,0.08752069333333333,0.3160496629784036,-0.3528993714086773,2.490605068351972
63893625,20260207,4.926108374384237,8.0,0.5488183999999994,0.0,2.9332289150655333,0.0,1.60981,0.0,3342,0,0.002368029476369305,0.0,0.32679143,0.0,-0.6333463856168083,-1.0
63893649,20260207,36.47676,4.76,2.2019377899999992,5.595028418010637,3.5351589110971218,6.519494025686009,7.7842,36.47676086425781,1170,9,0.0005691215098745014,0.0638297872340425,0.2134016288727398,1.0,-0.2573195564922013,0.3696415361764578
63893761,20260207,1000.0,8.0,0.3891586299999991,23.63894578,3.910487607585635,14.348232644229505,1.5217999999999998,339.17710786399994,7556,255,0.008974937641050005,0.0501083981765502,0.0015217999999999998,0.3391771078639999,-0.5111890490517956,0.7935290805286881
63894784,20260207,164.65190000000004,1.76,86.79048194,38.6960480486069,1.8498518087616,4.255005492635554,160.54953,164.65190124511716,6483,93,0.040493441599000625,0.3882553606237817,0.9750845875449963,0.9999999999999998,0.05105216406909093,1.4176167702794005
63895029,20260207,47.59944,35.0,0.2917635099999993,0.0,16.175771946258845,0.0,4.7195,0.0,5460,0,0.0020953258116509325,0.0,0.0991503261382907,0.0,-0.5378350872497473,-1.0
63895426,20260207,2.45433,6.5,1.2508153499999992,0.1916989716698942,1.7856352658288062,12.802975118458106,2.2335,2.4543299674987797,1785,1,0.009365162644281217,0.001201923076923,0.9100243243573601,0.9999995827674866,-0.7252868821801837,0.9696884797627856
63898532,20260207,267.88898000000006,15.0,9.249863719999997,0.1234300137,12.405392498042128,8.02148479803014,114.74819000000001,0.9901,7874,2,0.032244062244062247,0.0008140855736463,0.4283423304683902,0.0036959340802302,-0.17297383346385817,-0.4652343467979906
63898540,20260207,3.4482758620689653,30.55,0.021502789999999904,0.098885324,9.295072871938984,27.759955967217472,0.19987,2.74508,1679,1,0.009353760445682452,0.0004084967320261,0.0579623,0.7960729931195349,-0.6957422955175455,-0.0913271142232449
63898679,20260207,123.20089999999996,35.0,0.28454898999999845,0.0,200.90347184152827,0.0,57.16688,0.0,5693097,0,0.08041029313310905,0.0,0.4640134934079217,0.0,4.7400991954722365,-1.0
63900408,20260207,1000.0,29.65,0.03737436999999989,0.0611854425,9.444172570668105,42.33388793604073,0.3529699999999999,2.59026,8240,1,0.034723978086809944,0.0004694835680751,0.00035296999999999987,0.00259026,-0.6814781595052916,0.4277871325699258
63900451,20260207,1000.0,26.66,1.9168452099999986,0.0,18.320049953329317,0.0,35.1167,0.0,18849,0,0.00824937634032124,0.0,0.0351167,0.0,-0.312826333333484,-1.0
63901210,20260207,1000.0,32.0,0.0043710799999999,0.0,65.74347758448862,0.0,0.2873699999999999,0.0,1978,0,0.1345578231292517,0.0,0.0002873699999999999,0.0,1.0544836745152693,-1.0
63902267,20260207,3714.17456,37.05,76.44841712,0.5927329123,42.664741048597925,7.39449845714522,3261.6519200000002,4.38297,177994,13,0.1316815861507731,0.0009768496746558,0.8781633354356938,0.0011800656992693,0.15154496757349334,-0.8004183911089365
63904068,20260207,1000.0,31.0,10.719261939999999,0.0,24.147337890317477,0.0,258.84164,0.0,386134,0,0.010210701120671874,0.0,0.25884164,0.0,-0.22105361644137173,-1.0
63904287,20260207,89.5,18.0,0.8540667899999981,0.0,9.683083450651463,0.0,8.27,0.0,5394,0,0.0016505002906887793,0.0,0.0924022346368715,0.0,-0.46205091940825205,-1.0
63904455,20260207,1000.0,31.0,0.0949249999999998,0.0,7.0172241243086795,0.0,0.66611,0.0,6930,0,0.027326498422712935,0.0,0.00066611,0.0,-0.7736379314739136,-1.0
63904753,20260207,1000.0,31.0,0.014054859999999999,0.0,16.400021060330733,0.0,0.23049999999999998,0.0,1045,0,0.0044,0.0,0.0002305,0.0,-0.47096706256997634,-1.0
63904780,20260207,14.441160000000002,14.49,0.8215916299999995,0.0,7.424807869573847,0.0,6.100160000000001,0.0,1901,0,0.0035314880178339216,0.0,0.4224148198621163,0.0,-0.4875908992702659,-1.0
63904784,20260207,1000.0,31.0,4.666134619999999,0.0,23.000272975407643,0.0,107.32236999999999,0.0,103750,0,0.01361798755676896,0.0,0.10732236999999999,0.0,-0.2580557104707212,-1.0
63905155,20260207,1000.0,30.0,14.311155770000001,0.0,21.206393451197822,0.0,303.48799999999994,0.0,166365,0,0.02275512576766834,0.0,0.3034879999999999,0.0,-0.2931202182934059,-1.0
63906670,20260207,1000.0,23.0,17.948181940000005,0.0,12.11571794441036,0.0,217.45511,0.0,325285,0,0.03253728506696808,0.0,0.21745510999999998,0.0,-0.4732296545908539,-1.0
63908540,20260207,2454.46509,27.5,1.1214555399999993,0.0,13.619782020070105,0.0,15.27398,0.0,32502,0,0.0012139570323004751,0.0,0.006222936338442686,0.0,-0.5047351992701781,-1.0
63909258,20260207,1000.0,8.49,0.0785548699999998,20.0482880755,6.25409984129566,14.111316877694431,0.49129,282.90776000000005,1031,41,0.0007925282496733031,0.002700406154083,0.00049129,0.28290776,-0.2633569091524547,0.6621103955384346
63910609,20260207,1000.0,70.33,0.0031436599999998998,0.0,0.0,0.0,0.0,0.0,41369,0,0.0006665377705810797,0.0,0.0,0.0,-1.0,-1.0
63910919,20260207,1000.0,24.92,0.06174905,0.0,3.6930122811606005,0.0,0.22804,0.0,6068,0,0.15598971722365038,0.0,0.00022804,0.0,-0.8518052856677126,-1.0
63918879,20260207,1000.0,12.0,0.4190223499999993,41.1588092282,4.2963340738268565,19.84957847946348,1.80026,816.9850337460001,11307,329,0.0011343298555377206,0.0062616484460875,0.00180026,0.8169850337460001,-0.6419721605144286,0.6541315399552902
63920345,20260207,23.28086,2.28,12.20284938,4.17266149327712,1.6407045089660854,5.579377900414516,20.02127,23.2808609008789,278446,23,0.09462262548000136,0.8518518518518519,0.859988419671782,0.999999918072253,-0.2803927592254011,1.447095601064247
63920538,20260207,10.416666666666666,10.85,0.00861161,0.0,0.0,0.0,0.0,0.0,2611,0,0.0012296317227088632,0.0,0.0,0.0,-1.0,-1.0
63920617,20260207,1000.0,15.88,0.1938224499999986,0.1849119929,8.242079284417317,21.011341274980797,1.5974999999999997,3.88527,7700,7,0.0025787006028131277,0.0001619294631034,0.0015974999999999997,0.00388527,-0.4809773750366929,0.3231323125667706
63920896,20260207,1000.0,50.18,0.0971002699999994,0.0,7.959607115407658,0.0,0.77288,0.0,1021,0,0.25525,0.0,0.00077288,0.0,-0.8413788936746183,-1.0
63921353,20260207,1000.0,1.02,1.6859938299999995,255.8277649046,0.3282692914718438,2.1595302006273207,0.5534600000000001,552.46778663,2735,189,0.0044616639477977164,0.0136524605145531,0.0005534600000000001,0.55246778663,-0.678167361302114,1.1171865107935772
63921753,20260207,1000.0,30.0,2.4290685599999984,0.0,16.183087891105068,0.0,39.30983,0.0,143425,0,0.013452862221305094,0.0,0.03930983,0.0,-0.46056373696316444,-1.0
63924789,20260207,7.319470000000001,2.53,4.274365819999999,1.0402220392048989,1.5365250136685777,7.036442813587498,6.56767,7.319469928741456,2115,5,0.19766355140186917,0.5166666666666666,0.8972876451437056,0.9999998697072054,-0.3926778602100483,1.7812027245685162
63924884,20260207,6.451612903225806,2.04,0.0624872099999997,0.1643592003,0.30022143731493356,4.595212214522958,0.01876,0.75527,2086,4,0.008091543832428239,0.0181704260651629,0.0029078,0.1170668318579099,-0.8528326287671893,1.252555049240742
63925060,20260207,1000.0,27.0,11.430697669999997,0.0,21.086104012057213,0.0,241.02888,0.0,267126,0,0.005584881518371238,0.0,0.24102887999999997,0.0,-0.21903318473862174,-1.0
63927660,20260207,1000.0,34.85,0.036444949999999796,0.0,14.201693238706678,0.0,0.51758,0.0,1033,0,0.00500484496124031,0.0,0.00051758,0.0,-0.592490868329794,-1.0
63929252,20260207,5.68214,4.3,4.09207596,0.06673782,1.3836791045296237,5.872444253584346,5.66212,0.39192,1100,2,0.0019593872461702885,0.0196078431372549,0.9964766795608696,0.0689740032709782,-0.6782141617372968,0.3656846495582956
63929254,20260207,1000.0,13.88,0.0339334199999993,0.8676395707,12.170008210195391,19.171740651292712,0.41296999999999995,16.634179999999997,1419,24,0.0027054337464251666,0.0026117837682748,0.00041296999999999997,0.01663418,-0.12319825574961164,0.3812493150735787
63929630,20260207,1000.0,74.77,0.00039294000000000004,0.0,40.10790451468417,0.0,0.01576,0.0,6281,0,0.00520898988223586,0.0,1.5759999999999998e-05,0.0,-0.4635829274483861,-1.0
63930210,20260207,1000.0,74.77,0.00016069,0.0,0.0,0.0,0.0,0.0,3109,0,0.020360183366077277,0.0,0.0,0.0,-1.0,-1.0
63930260,20260207,1000.0,50.18,0.40955222999999735,0.0,13.81657719212037,0.0,5.6586099999999995,0.0,1565171,0,0.04548474465939571,0.0,0.00565861,0.0,-0.724659681304895,-1.0
63930481,20260207,154.00257,5.0,2.6122427199999994,2.8155949736,3.2410196553251387,7.082440160795943,8.466330000000001,19.941289999999995,2812,3,0.0011808180062148315,0.0001289989680082,0.05497525138703855,0.1294867406738644,-0.3517960689349723,0.4164880321591885
63931270,20260207,17.857142857142858,1.05,9.997431630000001,3.595907424846191,0.7097622932181032,4.965961668743948,7.0958000000000006,17.857143402099613,9372,18,0.002013535288430551,0.6428571428571429,0.3973648,0.9999998931884916,-0.32403591122085407,3.729487518346178
63932875,20260207,77.90089,1.0,57.15022754,34.15201598641264,0.5269629062967681,2.281003976035657,30.11605,77.90088653564453,2937,53,0.008738470693246058,0.5888888888888889,0.3865944278685391,1.0,-0.4730370937032319,1.2810039760356569
63934713,20260207,29.41176470588235,60.0,0.37391975999999916,0.0,69.66021266166852,0.0,26.04733,0.0,1596,0,0.0013581822823589482,0.0,0.88560922,0.0,0.16100354436114206,-1.0
63935338,20260207,45.15721,1.18,43.847514660000016,12.71019365312302,0.807353855161468,3.552833968016012,35.400459999999995,45.15721130371095,5753,27,0.004228281640452742,0.627906976744186,0.7839381573839481,1.0000000000000002,-0.3158018176597729,2.0108763779175955
63937480,20260207,27.785550000000004,6.0,15.92798474,3.731990331621035,1.7353620342556908,7.445234110913481,27.640819999999998,27.78554916381836,3633,1,0.00724571200638213,0.5,0.9947911774285553,0.9999999403953552,-0.7107729942907182,0.2408723518189135
63937984,20260207,500.0,1.36,79.24994016,149.83567060330918,1.2026851983429938,3.336989080435752,95.31272999999999,500.0,26547,722,0.004116707502403623,0.4093836423163399,0.19062545999999997,1.0,-0.1156726482772105,1.4536684156880464
63939449,20260207,1000.0,16.0,0.49055693999999916,0.0,8.767035280348917,0.0,4.30073,0.0,22070,0,0.06103429203539823,0.0,0.00430073,0.0,-0.45206029497819267,-1.0
63939968,20260207,1000.0,30.87,0.3124397999999979,0.0,14.360974498127415,0.0,4.48694,0.0,6805,0,0.0015755597230904586,0.0,0.00448694,0.0,-0.5347918853862191,-1.0
63939971,20260207,1000.0,30.87,0.6990634299999976,0.0,9.678549484415202,0.0,6.7659199999999995,0.0,27337,0,0.006456084831022837,0.0,0.00676592,0.0,-0.6864739396043018,-1.0
63940373,20260207,12.25487,2.1,9.113452929999998,1.6358559378969455,1.344701080274302,7.491407182885273,12.25487,12.254870414733883,22502,9,0.0036067255445671512,0.45,1.0,0.9999999221799812,-0.3596661522503324,2.567336915758587
63942050,20260207,5.754020000000001,2.0,6.880595539999999,1.6226014959276744,0.8362677280693642,3.5461674861969947,5.75402,5.7540202140808105,91254,9,0.4581024096385542,1.0,0.9999999999999999,0.999999834259505,-0.5818661359653179,0.7730837430984974
63942675,20260207,7.03731,2.08,2.40745589,1.0456509100064346,1.3539936551028562,6.730069592088536,3.25968,7.037310123443604,17441,10,0.28405537459283386,0.9333333333333332,0.46319971693729567,0.9999998644831376,-0.3490415119697807,2.2356104994932817
63942969,20260207,2.16213,4.82,0.041122969999999995,0.05382054,0.0,12.735421543121952,0.0,0.68544,4559,1,0.007320166987797046,0.0011299435028248,0.0,0.3170205586353404,-1.0,1.6422035455513806
63942976,20260207,0.7507507507507507,4.82,0.09498938999999951,0.0624430680006286,0.6256488224632278,12.022771804329489,0.05943,0.7507507801055908,5076,2,0.04691312384473198,0.3333333333333333,0.07916076,0.999998650314298,-0.8701973397379195,1.494350907914061
63944090,20260207,62.5,12.3,0.4719705399999988,0.0,11.561039381822463,0.0,5.4564699999999995,0.0,43158,0,0.03490053372149442,0.0,0.08730352,0.0,-0.06007809903882423,-1.0
63944100,20260207,62.5,12.3,0.9815158599999985,0.0,5.455744749758816,0.0,5.354900000000001,0.0,96004,0,0.10538309549945116,0.0,0.08567840000000002,0.0,-0.5564435162797711,-1.0
63944555,20260207,62.5,12.3,5.6211897599999965,0.0,3.901996007336357,0.0,21.93386,0.0,406986,0,0.03228177325835032,0.0,0.35094176,0.0,-0.6827645522490766,-1.0
63945621,20260207,1000.0,58.11,0.2096483799999982,0.0,6.230289020120312,0.0,1.3061699999999994,0.0,2361143,0,0.03424353349818351,0.0,0.0013061699999999993,0.0,-0.8927845634121441,-1.0
63947774,20260207,1000.0,23.0,2.054224199999999,0.0,17.894969789568258,0.0,36.76028,0.0,52648,0,0.003672996693130921,0.0,0.03676028,0.0,-0.22195783523616272,-1.0
63948300,20260207,1000.0,10.01,3.0623741299999985,42.13945873590001,8.330928527011823,14.808587578434745,25.51242,624.0258800069998,56224,315,0.011217877094972068,0.0131609167142807,0.025512419999999997,0.6240258800069999,-0.16773940789092678,0.4793793446385299
63949306,20260207,37.5,7.5,0.0449652199999997,3.1081858315,2.641597216693275,10.898308832887158,0.11878,33.87398,11375,87,0.0014147482059127148,0.0009140767824497,0.0031674666666666666,0.9033061333333332,-0.64778703777423,0.4531078443849544
63950119,20260207,1127.6450100000006,1.49,1214.6769155400002,300.8234346181533,0.9169166761557043,3.748527827341925,1113.75752,1127.6450195312495,164069,472,0.009557064884984826,0.911110560729146,0.9876845196166828,0.9999999999999996,-0.38461968043241324,1.5157904720466289
63950135,20260207,53.81452,18.5,3.5856543599999995,0.0,8.411530217876328,0.0,30.16084,0.0,7274,0,0.03225720620842572,0.0,0.5604591474568573,0.0,-0.5453226909256039,-1.0
63950199,20260207,1000.0,1.86,1.0834072399999997,58.0282091332,0.5502547684654573,2.307321680139103,0.59615,133.88974729999995,1021,51,0.0457847533632287,0.2209700176366842,0.0005961499999999999,0.1338897472999999,-0.7041641029755606,0.2404955174159529
63950835,20260207,527.83917,20.0,24.541372159999995,2.0406179499,11.635914574713011,79.34029036039972,285.56131000000005,161.9033,161162,9,0.003977383784637558,2.3117325748284387e-05,0.5410006044075889,0.3067284666939635,-0.41820427126434945,2.967014518019986
63950950,20260207,1000.0,28.0,7.32668608,0.7508882344,29.1030730226127,47.32309157207968,213.22908,35.5344,1077648,1,0.029497368183348523,3.4225946005147584e-06,0.21322908000000002,0.0355344,0.03939546509331076,0.6901104132885598
63951234,20260207,1000.0,24.0,0.6132488499999987,0.0,11.454615854558904,0.0,7.02453,0.0,14776,0,0.009395307433076875,0.0,0.00702453,0.0,-0.522724339393379,-1.0
63952722,20260207,1000.0,6.0,1.3205693899999993,0.7619432952000001,3.1496035206449866,44.52934448586445,4.15927,33.92888,1816,35,0.0033642089662838087,0.0474466346522505,0.0041592700000000005,0.03392888,-0.4750660798925022,6.421557414310741
63953184,20260207,10.20408163265306,8.1,0.3724572899999989,0.3983135983,0.9627949556310229,9.17402981360927,0.3586,3.65415,33825,6,0.017681651855723995,0.0004016386603451,0.0351428,0.3581066699464922,-0.8811364252307379,0.1325962199454443
63953504,20260207,24.7436,9.2,9.367659570000002,0.181727088,2.004393932090766,4.5218656567827855,18.77648,0.8217499999999999,74031,1,0.43598939929328623,5.52791597567717e-05,0.7588418823453337,0.0332106043009768,-0.7821310943379602,-0.5084928532032246
63953718,20260207,1000.0,22.5,1.6580488599999996,0.0,14.751356603568368,0.0,24.45847,0.0,59318,0,0.051919474835886215,0.0,0.02445847,0.0,-0.34438415095251695,-1.0
63954015,20260207,94.20293,24.75,2.3120213599999984,0.5295877591,12.572846645326848,29.09533054701878,29.068689999999997,15.40856,164558,6,0.006749103854451198,2.757055847082134e-05,0.3085752215987337,0.1635677420042461,-0.4920061961484102,0.1755689109906577
63955161,20260207,1.6937669376693767,48.0,0.0079552899999997,0.0089940401463731,0.0,188.30009916564015,0.0,1.693766951560974,54366,1,0.023151215773112466,0.005,0.0,0.999999463558197,-1.0,2.922918732617504
63955360,20260207,7.352941176470588,28.8,0.1154856199999987,0.0,11.840868153108719,0.0,1.36745,0.0,5736,0,0.02527985896870868,0.0,0.1859732,0.0,-0.588858744683725,-1.0
63956425,20260207,1000.0,50.67,3.5357482699999983,0.0,22.787402792111113,0.0,80.57052,0.0,115361,0,0.012660893805698232,0.0,0.08057052,0.0,-0.5502782160625397,-1.0
63956511,20260207,1000.0,62.32,0.0303930099999996,0.0,35.69965594062629,0.0,1.08502,0.0,2560,0,0.024334600760456272,0.0,0.0010850200000000001,0.0,-0.4271557134045845,-1.0
63956533,20260207,1000.0,50.98,0.6826960299999986,0.0,12.415393714827985,0.0,8.47594,0.0,257667,0,0.015725785779676534,0.0,0.00847594,0.0,-0.7564654037891725,-1.0
63956557,20260207,1000.0,56.65,0.5328230999999984,0.0,6.460343029421979,0.0,3.44222,0.0,125185,0,0.06415466612002255,0.0,0.0034422199999999997,0.0,-0.8859604054824011,-1.0
63957528,20260207,1000.0,31.75,0.2811193099999993,0.0,16.54905883199561,0.0,4.65226,0.0,1630,0,0.007588454376163873,0.0,0.00465226,0.0,-0.4787698005670674,-1.0
63957691,20260207,1000.0,18.0,0.45442549999999754,0.01339493,4.975799113386048,3.9071568752598735,2.2611299999999996,0.05234,4119,3,0.007485008177357805,0.0056712962962962,0.0022611299999999997,5.234e-05,-0.7235667159229973,-0.7829357291522292
63957756,20260207,1000.0,9.68,0.47714719999999844,2.1170360388,2.629062897152082,21.61336299809664,1.2544499999999998,45.75629,94937,116,0.013725169871331502,0.0113411876444248,0.0012544499999999998,0.04575629,-0.728402593269413,1.2327853632959318
63958669,20260207,1000.0,30.0,0.1985908899999999,0.0,10.174233067790777,0.0,2.02051,0.0,4651,0,0.06721098265895954,0.0,0.0020205099999999997,0.0,-0.6608588977403075,-1.0
63958692,20260207,1000.0,30.0,1.691604149999999,0.0,15.538381127759719,0.0,26.284790000000005,0.0,49548,0,0.07745505705799594,0.0,0.026284790000000006,0.0,-0.4820539624080094,-1.0
63959180,20260207,1000.0,32.0,0.32588063999999994,0.0,20.57093664723379,0.0,6.703670000000001,0.0,5152,0,0.0058658772628942275,0.0,0.006703670000000001,0.0,-0.35715822977394407,-1.0
63959271,20260207,1000.0,27.5,0.0977212099999997,0.0,17.257154306623963,0.0,1.6863899999999996,0.0,1525,0,0.0009710901681100356,0.0,0.0016863899999999996,0.0,-0.37246711612276495,-1.0
63959420,20260207,1000.0,50.04,6.681808069999999,0.0,50.039463345435486,0.0,334.35409,0.0,7356,0,0.02111366245694604,0.0,0.33435409,0.0,-1.072451168091783e-05,-1.0
63959507,20260207,1000.0,23.0,0.051848519999999496,0.0,5.004192983714917,0.0,0.25946,0.0,2454,0,0.00048314695227594896,0.0,0.00025946000000000004,0.0,-0.782426392012395,-1.0
63959710,20260207,6.746300000000001,9.0,1.0116520099999995,0.2252678809814406,5.871090000602088,29.94776815642509,5.939500000000001,6.746300220489502,53675,3,0.012660691119235758,0.0078358557548579,0.8804085202259017,0.9999998586374532,-0.347656666599768,2.327529795158344
63962980,20260207,1000.0,35.11,0.2067030599999997,0.0,6.737103940309361,0.0,1.3925800000000002,0.0,3055,0,0.01724040632054176,0.0,0.0013925800000000002,0.0,-0.8081143850666659,-1.0
63965437,20260207,4.044489383215369,16.0,0.1824611799999992,0.0765678399927317,13.728344845736562,52.82160973160138,2.50489,4.04448938369751,396776,1,0.07502618890044437,0.0001808645324651,0.6193340525,0.9999997615814208,-0.1419784471414649,2.3013506082250865
63965582,20260207,1000.0,2.13,0.6573798499999994,29.5099562213,1.6206611748139235,17.470836915611358,1.0653899999999998,515.5636499999999,1179,382,0.0005254010695187166,0.0921342522306713,0.0010653899999999998,0.5155636499999999,-0.23912620900754764,7.202270411707043
63965642,20260207,37.3331,22.0,0.9439896899999968,1.764077855376649,13.074009314656859,21.16294249060844,12.341729999999998,37.333099365234375,1575375,50,0.17698655222388243,0.0065994716310933,0.3305841197221768,1.0,-0.4057268493337791,-0.0380480686087074
63966360,20260207,1000.0,5.63,29.11323841,18.216954635000008,1.621798967708862,19.37700058520233,47.215819999999994,352.98996000000005,213733,270,0.08134152839092708,0.0077390257785014,0.04721581999999999,0.35298996,-0.7119362401938079,2.441740708938964
63967286,20260207,1000.0,30.2,4.732072439999998,0.0,31.444605273202473,0.0,148.79815000000002,0.0,323845,0,0.011683900249664468,0.0,0.14879815000000002,0.0,0.04121209513915477,-1.0
63967297,20260207,4146.95498,29.2,1.1171749499999986,0.2135361879,17.162262723488407,29.655115637120364,19.17325,6.33247,95124,1,0.001393331565864812,1.786352268667381e-06,0.004623452651998647,0.0015270167823624,-0.41225127659286276,0.0155861254208781
63967300,20260207,1000.0,29.2,14.951385440000003,0.0,33.738626565699704,0.0,504.43920999999983,0.0,891913,0,0.0644394592915303,0.0,0.5044392099999998,0.0,0.15543241663355153,-1.0
63967610,20260207,1000.0,22.05,0.0052082899999996,0.0,0.0,0.0,0.0,0.0,40457,0,0.025202142901638323,0.0,0.0,0.0,-1.0,-1.0
63969691,20260207,9.090909090909092,10.0,0.4199205699999999,0.0,5.370348968615662,0.0,2.2551200000000002,0.0,1146,0,0.019965156794425086,0.0,0.2480632,0.0,-0.46296510313843375,-1.0
63972226,20260207,1000.0,29.07,0.0710429399999995,0.0,10.738575852857515,0.0,0.7628999999999999,0.0,6577,0,0.011975600873998543,0.0,0.0007629,0.0,-0.6305959458941344,-1.0
63972231,20260207,1000.0,29.07,0.3966301899999991,0.0,10.763376333001803,0.0,4.269079999999999,0.0,20039,0,0.014682737397420868,0.0,0.004269079999999999,0.0,-0.6297428162022084,-1.0
63974967,20260207,16.666666666666668,7.15,0.1509424199999995,0.0,11.898510703618015,0.0,1.79599,0.0,35391,0,0.006478545800688291,0.0,0.10775939999999999,0.0,0.6641273711353867,-1.0
63978528,20260207,393.5711200000004,27.0,10.207987429999996,0.0,27.258615070610453,0.0,278.25559999999996,0.0,924894,0,0.02102476205197917,0.0,0.7070020788110664,0.0,0.009578335948535308,-1.0
63978909,20260207,256.4102564102564,23.0,3.3194661199999986,0.0,17.62936504982314,0.0,58.52008,0.0,12451,0,0.0015538499937601399,0.0,0.228228312,0.0,-0.23350586739899395,-1.0
63979077,20260207,1037.65783,23.0,53.559527910000014,0.0,18.315889969165337,0.0,980.9904200000001,0.0,294519,0,0.006092240289760939,0.0,0.9453891173355286,0.0,-0.20365695786237667,-1.0
63981277,20260207,178.83799999999994,23.0,2.607651879999999,0.0978521295,26.61892506909321,28.964939746766092,69.41289,2.8343100000000003,22083,3,0.0005758023764265991,6.890460760777658e-06,0.38813277938693136,0.015848477620121,0.15734456822144385,0.2593452063811345
63982060,20260207,144.41286,32.0,0.33754527999999956,0.0,44.74125663970185,0.0,15.102200000000002,0.0,12379,0,0.0036130406864748115,0.0,0.10457655917900942,0.0,0.3981642699906829,-1.0
63982405,20260207,33.76623376623377,29.2,0.037326949999999796,0.0,13.783874653568073,0.0,0.51451,0.0,2196,0,0.0017188478396994364,0.0,0.015237411538461539,0.0,-0.5279494981654769,-1.0
63984594,20260207,1000.0,86.31,0.0028417199999998003,0.0,67.3676505778238,0.0,0.19144,0.0,6994,0,0.03509282488710487,0.0,0.00019144,0.0,-0.21946876864993867,-1.0
63985166,20260207,50.0,46.0,0.0192897799999996,0.0,10.526299418656107,0.0,0.20305,0.0,4693,0,0.0284251968503937,0.0,0.004061,0.0,-0.7711674039422585,-1.0
63985726,20260207,4994.14603,1.0,6089.890448690001,3423.1068082221,0.7498611984033832,1.0738621798675303,4566.572550000001,3675.944940070631,160888,1393,0.11837833860643072,0.0902234561883625,0.914385066549606,0.7360507568152451,-0.25013880159661683,0.0738621798675305
63985744,20260207,1000.0,86.31,0.0857126599999991,0.0,6.0222142213297944,0.0,0.51618,0.0,77376,0,0.03762875066867675,0.0,0.00051618,0.0,-0.9302257650176133,-1.0
63986072,20260207,1000.0,89.8,0.006625789999999401,0.0,17.934465173211155,0.0,0.11882999999999999,0.0,54611,0,0.0010150724626905897,0.0,0.00011882999999999999,0.0,-0.8002843521914126,-1.0
63986203,20260207,1000.0,82.32,0.2016738699999988,0.0683163772,18.910630316163527,53.20388675576966,3.8137799999999995,3.63475,3668213,44,0.1538370210695833,7.938869561322276e-05,0.0038137799999999997,0.00363475,-0.7702790292011233,-0.3536942789965195
63986210,20260207,1000.0,82.32,0.997752289999999,0.0,1.8725790145768566,0.0,1.86837,0.0,14745,0,0.5102076124567474,0.0,0.00186837,0.0,-0.9772524415138866,-1.0
63986783,20260207,1000.0,30.49,0.029515359999999397,0.0,7.6346688639408296,0.0,0.22534,0.0,16219,0,1.0265189873417722,0.0,0.00022534,0.0,-0.7496008899986609,-1.0
63987649,20260207,5.076142131979696,2.07,1.5329025399999994,0.4799954205327169,0.7985439178670813,10.575375344388007,1.22409,5.076142311096191,48582,11,0.03132705700283724,1.0,0.24114572999999992,0.9999998121262016,-0.6142299913685596,4.108877142725774
63987864,20260207,138.91400000000002,3.0,7.335207660000001,5.9910886556,3.962146860338511,2.356898462836618,29.06317,14.120390000000002,1273,19,0.08056962025316455,0.0912878787878787,0.2092169975668399,0.101648428891983,0.32071562011283694,-0.2143671790544606
63990159,20260207,1000.0,82.32,1.1119273199999975,5.6440256822,5.475798544099099,93.56713030175686,6.08869,528.0953799999999,3475783,4127,0.24096718731584896,0.0210484845311114,0.00608869,0.5280953799999999,-0.9334815531572025,0.1366269515139441
63992188,20260207,221.95962,49.74,0.7805867899999986,0.0,15.255946106902503,0.0,11.90859,0.0,1284,0,0.00801498127340824,0.0,0.05365205617129819,0.0,-0.6932861659247587,-1.0
63993604,20260207,23.71317,4.5,6.438650769999999,0.7923326105366806,3.4845048755455337,29.928263527579585,22.43551,23.713169097900387,31270,15,0.007909047221589903,0.3,0.9461202361388207,0.999999919565855,-0.22566558321210362,5.6507252283510185
63993656,20260207,1000.0,69.53,0.0997669799999984,0.0,27.10325600714829,0.0,2.70401,0.0,8407,0,0.013529127775989701,0.0,0.0027040099999999997,0.0,-0.6101933552833555,-1.0
63993812,20260207,82.3529411764706,2.06,7.230964519999999,20.58717568142819,1.849822380265254,4.000205792895399,13.375999999999998,82.35294342041011,1675,31,0.0027773171944951085,0.4403108465608465,0.1624228571428571,0.9999999999999994,-0.10202797074502234,0.9418475262178666
63994945,20260207,1000.0,24.0,41.13260980999996,0.0,17.640384195208465,0.0,725.59504,0.0,466873,0,0.009917494588503198,0.0,0.7255950400000001,0.0,-0.26498399186631394,-1.0
63995216,20260207,200.0,188.17,1.0175264299999978,1.053966286064837,97.2230667266306,189.75921040844955,98.92704,200.0,929667,6,0.17165195716395865,0.000447191723077,0.49463520000000005,1.0,-0.4833232357621799,0.0084456196788469
63995643,20260207,10.638297872340424,10.0,0.44644648999999925,0.5918990592602148,3.960429837851346,17.973132234459015,1.7681199999999997,10.638298034667969,8027,7,0.005293109132871744,0.0034213098729227,0.16620328,0.9999999103546235,-0.6039570162148654,0.7973132234459015
63995756,20260207,18.64382,10.0,3.707415939999999,1.2533827798360762,7.095586366821309,14.874789437117412,26.30629,18.64381980895996,132542,15,0.1252641527265854,0.0131881902558594,1.4109924897365453,0.9999998976954048,-0.2904413633178691,0.4874789437117412
63996213,20260207,148.11337000000006,14.0,1.8977082499999993,6.610796612900001,5.1224733833559535,18.15412870389675,9.720960000000002,120.0132707,10651,59,0.0005621856146777369,0.0006373819628269,0.06563188724961155,0.8102797770991303,-0.6341090440460034,0.2967234788497678
63996594,20260207,50.0,120.0,0.17424366999999868,0.0,63.45699674484636,0.0,11.05698,0.0,1837,0,0.003122556518782934,0.0,0.2211396,0.0,-0.471191693792947,-1.0
63996813,20260207,2738.002499999999,2.3,826.7561539400001,671.6593916229276,1.3900978354052935,4.076474581430257,1149.2719399999999,2738.002441406249,49542,748,0.010018807255960686,0.8728121353558926,0.41974831651906824,1.0,-0.39560963678030714,0.7723802895408414
63996824,20260207,1000.0,27.5,6.685708749999997,0.0,19.060368132249263,0.0,127.43207000000001,0.0,247667,0,0.040129461898666494,0.0,0.12743207,0.0,-0.306895704281845,-1.0
63997152,20260207,69.34492,12.0,2.785368799999998,3.411850162117092,9.052226764369594,20.32471933926156,25.21379,69.34491729736328,33819,27,0.0018811220318053633,0.0007281954149617,0.3635996695936775,1.0,-0.24564776963586712,0.6937266116051299
63997228,20260207,3.88989,3.37,0.707181539999999,0.0809950004,5.500553648501636,9.445404664697492,3.8898900000000003,0.76504,29994,2,0.055792410714285715,0.0367647058823529,1.0000000000000002,0.1966738959675177,0.6322117651340167,1.8027907968698644
63998445,20260207,312.5,26.0,13.295130829999998,0.3338400633,11.01057461350307,29.89374614779452,146.38702999999998,9.97976,5212422,6,0.07173311167412794,1.031434604408155e-05,0.4684384959999999,0.031935232,-0.5765163610191126,0.1497594672228661
63999590,20260207,40.26390000000001,45.0,1.131787849999998,0.0,24.45908038330686,0.0,27.682489999999998,0.0,16471,0,0.014351311318288752,0.0,0.687526295266976,0.0,-0.4564648803709587,-1.0
64000136,20260207,1000.0,90.69,1.6932441799999993,0.0,77.56852883439414,0.0,131.34246000000002,0.0,15096,0,0.002574922817132038,0.0,0.13134246000000002,0.0,-0.14468487336647762,-1.0
64000141,20260207,1000.0,90.69,0.011348739999999899,0.0,26.224937746393216,0.0,0.2976199999999999,0.0,6385,0,0.005409641616538168,0.0,0.0002976199999999999,0.0,-0.7108287821546675,-1.0
64001234,20260207,1778.9946199999997,62.32,59.295215089999886,0.5599303366,28.365778038701492,73.875111636322,1681.9549100000002,41.36499,2258570,11,0.11300703989272544,0.0001278872382834,0.9454524994572499,0.0232518914491786,-0.5448366810221198,0.1854157894429106
64001556,20260207,1000.0,56.65,2.0478831699999986,0.0,18.462752443050753,0.0,37.80956,0.0,69330,0,0.0988592613717382,0.0,0.03780956,0.0,-0.6740908659655648,-1.0
64001859,20260207,1000.0,49.88,0.1730114699999995,0.0,7.538055135882052,0.0,1.3041699999999998,0.0,9581,0,0.018760524769923636,0.0,0.00130417,0.0,-0.8488762001627496,-1.0
64002001,20260207,1000.0,62.32,0.2421834799999985,0.0,25.8219099007085,0.0,6.253640000000001,0.0,62783,0,0.048771071234366505,0.0,0.00625364,0.0,-0.5856561312466544,-1.0
64002534,20260207,1000.0,74.77,0.1737820499999994,0.0,23.455126694615547,0.0,4.07608,0.0,25589,0,0.0073459838089223175,0.0,0.00407608,0.0,-0.6863029731895741,-1.0
64002649,20260207,59.33854,2.0,24.471188329999997,10.42949494385703,1.5503991669046997,5.689492516508965,37.940110000000004,59.33853912353517,2433,80,0.003844816687737042,0.7963320463320464,0.6393839484422772,1.0000000000000002,-0.22480041654765015,1.8447462582544825
64003385,20260207,7.6923076923076925,28.01,0.054841079999999195,0.0,22.938279114853657,0.0,1.2579600000000002,0.0,3262,0,0.002949367088607595,0.0,0.1635348,0.0,-0.18106822153325042,-1.0
64003833,20260207,2.6184865147944487,23.0,0.026782669999999204,0.0,87.92737990648692,0.0,2.35493,0.0,19370,0,0.02690651479372135,0.0,0.899347767,0.0,2.822929561151605,-1.0
64003921,20260207,896.7005099999998,2.57,225.29017244999997,171.460865595723,1.9243652543087217,5.229767691554701,433.54058,896.7005004882828,27229,301,0.002557818400435869,0.8931750741839762,0.483484257190843,1.0000000000000018,-0.2512197454051666,1.034929115720185
64004668,20260207,1000.0,32.0,0.5324289999999983,0.0,43.09333263214452,0.0,22.944139999999997,0.0,118155,0,0.025785648814979703,0.0,0.02294414,0.0,0.34666664475451614,-1.0
64004784,20260207,16.216216216216218,1.18,1.51071968,5.229836113455606,1.5725749994863374,3.100711683599795,2.37572,16.216217041015625,1092,9,0.006019845644983462,0.75,0.1465027333333333,0.9999998823801874,0.33269067753079445,1.6277218825671973
64005031,20260207,1000.0,8.49,1.23163432,0.0,6.591412619940631,0.0,8.118209999999998,0.0,12273,0,0.011165393013100437,0.0,0.008118209999999997,0.0,-0.2236263109610564,-1.0
64005326,20260207,1000.0,24.56,0.027129089999999703,0.0,0.0,0.0,0.0,0.0,1242,0,0.07305882352941176,0.0,0.0,0.0,-1.0,-1.0
64005450,20260207,1000.0,23.0,0.0635592799999993,0.0,6.056078671753428,0.0,0.38492,0.0,1573,0,0.011373825018076645,0.0,0.00038491999999999997,0.0,-0.7366922316628944,-1.0
64005575,20260207,1000.0,6.38,2.129111579999998,38.0530796804,2.8943386799859523,20.742692646867788,6.162369999999999,789.3233568199997,515162,1798,0.0924024250251112,0.1120380397783546,0.0061623699999999995,0.7893233568199998,-0.5463418996887222,2.2512056857048317
64005608,20260207,341.5910099999999,25.0,3.260798799999999,0.0,10.870968181170825,0.0,35.44804,0.0,2483646,0,0.03214597179707875,0.0,0.10377333993655163,0.0,-0.565161272753167,-1.0
64005639,20260207,1000.0,24.0,0.0684589599999995,0.0,1.7655833509594767,0.0,0.1208699999999999,0.0,1772,0,0.00010772560367677456,0.0,0.00012086999999999989,0.0,-0.9264340270433551,-1.0
64006623,20260207,5.426270000000001,23.0,0.7075432399999988,0.2198384602543444,7.255146696052115,24.682875411944732,5.13333,5.426270008087159,304971,16,0.005848451259550183,0.0004914091473454,0.9460144814025103,0.9999998242486744,-0.684558839302082,0.0731684961715102
64007498,20260207,151.5151515151515,52.0,2.582542039999999,0.0,20.00568013986716,0.0,51.66551,0.0,2099736,0,0.010943751426775535,0.0,0.340992366,0.0,-0.6152753819256316,-1.0
64007547,20260207,41.66666666666666,6.5,0.0681534699999993,1.4054011174,0.0,25.086592344990297,0.0,35.25675,3976,30,0.01602579604997985,0.0333660099964447,0.0,0.8461619741771857,-1.0,2.8594757453831225
64008712,20260207,1000.0,30.0,3.5522793399999983,0.0,22.84602989583585,0.0,81.15548000000001,0.0,232695,0,0.018681058428734285,0.0,0.08115548000000002,0.0,-0.23846567013880496,-1.0
64008942,20260207,622.48078,32.4,18.868238960000006,0.3465515765,26.4995583880394,20.301104297229195,500.0,7.0354,218760,12,0.02131208230228163,6.983868644392649e-05,0.8032376517713528,0.0113021964608321,-0.18211239543088267,-0.3734227363843159
64009066,20260207,1000.0,32.66,0.0194871499999997,0.0,18.601488673305514,0.0,0.36249,0.0,1287,0,0.04784386617100372,0.0,0.00036249,0.0,-0.43045043866180294,-1.0
64009550,20260207,1000.0,49.88,1.2629517299999993,0.0,8.9324395636245,0.0,11.28124,0.0,17244,0,0.0561328125,0.0,0.01128124,0.0,-0.820921420135836,-1.0
64009920,20260207,650.6762800000001,2.3,108.41929587999999,90.2189662808,1.5695649802812575,3.49757768804735,170.17113,315.547847,12907,117,0.02348435225618632,0.1308675969503129,0.2615296349822372,0.4849536732411065,-0.31758044335597496,0.5206859828518732
64010195,20260207,1000.0,74.77,0.8510355300000001,0.0,3.2668318795103652,0.0,2.78019,0.0,55563,0,0.4206131718395155,0.0,0.00278019,0.0,-0.9563082535841867,-1.0
64010536,20260207,1000.0,23.0,0.0528086599999999,0.0018846015999999,27.82365619578309,20.354246623464896,1.46933,0.03838,2753,1,0.008030921820303384,0.0001575299306868,0.00146933,3.838e-05,0.20972418242535176,-0.1150327555015262
64011512,20260207,2.76675,16.0,0.2824856699999984,0.0427406723405023,2.1968193997238985,64.73191023583284,0.6205699999999998,2.7667500972747803,1011639,3,0.16545459005936902,0.0010845986984815,0.22429565374536906,0.9999996553089532,-0.8626987875172564,3.0457443897395526
64011906,20260207,1000.0,49.88,1.2094083999999978,0.0,3.834354052774901,0.0,4.637300000000001,0.0,86260,0,0.9051416579223505,0.0,0.0046373000000000004,0.0,-0.9231284271697093,-1.0
64012844,20260207,1000.0,33.75,0.0253990099999997,0.0,39.24286812753771,0.0,0.9967299999999999,0.0,1932,0,0.01932,0.0,0.00099673,0.0,0.1627516482233396,-1.0
64014502,20260207,1000.0,64.61,2.4498727499999977,0.0,2.6086742668573324,0.0,6.39092,0.0,156560,0,0.7364063969896519,0.0,0.0063909200000000005,0.0,-0.9596242955137388,-1.0
64014589,20260207,1000.0,43.12,3.8417100199999994,0.0,1.8932532549658712,0.0,7.2733300000000005,0.0,226633,0,0.4300436432637571,0.0,0.007273330000000001,0.0,-0.9560933846250957,-1.0
64014727,20260207,1000.0,43.12,0.11994653999999959,0.0,9.042611816897793,0.0,1.08463,0.0,476200,0,0.12059665206270419,0.0,0.00108463,0.0,-0.7902919337454128,-1.0
64014794,20260207,2172.01885,288.0,8.338364969999994,0.0,231.43574033315574,0.0,1929.7956700000004,0.0,92767,0,0.02794691811773212,0.0,0.8884801667352015,0.0,-0.1964036793987648,-1.0
64017299,20260207,1000.0,29.2,11.781729349999996,0.0,23.01896452917585,0.0,271.20320999999996,0.0,695731,0,0.09208637759423972,0.0,0.27120321,0.0,-0.21167929694603252,-1.0
64017952,20260207,1000.0,45.04,6.04706318,0.0,20.935810695465563,0.0,126.60017,0.0,91636,0,0.04819142782014199,0.0,0.12660017,0.0,-0.5351729419301606,-1.0
64018079,20260207,1000.0,43.12,0.0151912799999996,0.0,22.66102658893846,0.0,0.34425,0.0,13490,0,0.06728179551122195,0.0,0.00034425,0.0,-0.47446598819716,-1.0
64018092,20260207,27.77777777777778,35.0,0.705890379999999,0.0,14.566723518742407,0.0,10.28251,0.0,44519,0,0.03589373538660002,0.0,0.37017036,0.0,-0.5838078994645026,-1.0
64018462,20260207,1000.0,64.61,0.00239328,0.0,0.0,0.0,0.0,0.0,12102,0,0.716094674556213,0.0,0.0,0.0,-1.0,-1.0
64018532,20260207,1000.0,43.12,0.0075473099999993,0.0,5.2535274157287395,0.0,0.03965,0.0,17162,0,0.3730869565217391,0.0,3.9649999999999995e-05,0.0,-0.8781649486148251,-1.0
64018637,20260207,1000.0,32.2,0.2057294599999997,0.0,2.7760730038371797,0.0,0.5711200000000001,0.0,7475,0,0.1465686274509804,0.0,0.00057112,0.0,-0.913786552675864,-1.0
64018926,20260207,1000.0,14.0,0.05026751,3.8059547771,11.246429353671983,18.796428277080413,0.56533,71.53837479,2468,45,0.009636860601327606,0.0215485985916882,0.00056533,0.07153837479,-0.19668361759485833,0.342602019791458
64019380,20260207,1000.0,39.33,0.025509199999999798,0.0,7.321672181017102,0.0,0.18677,0.0,3554,0,0.034238921001926784,0.0,0.00018677,0.0,-0.8138400157381871,-1.0
64019817,20260207,248.75621890547265,600.0,0.0269656999999989,0.0,21.850350630616823,0.0,0.58921,0.0,1030,0,0.0033594259621656884,0.0,0.0023686242,0.0,-0.9635827489489719,-1.0
64020441,20260207,193.69960000000003,2.61,10.769538549999998,38.09247169254119,1.0929456211473425,5.084983633988518,11.77052,193.69960021972645,1050,58,0.0030585493737256045,0.7733333333333333,0.06076687819696064,0.9999999999999994,-0.5812468884492941,0.9482696698736168
64020537,20260207,40000.0,1.56,1525.4624940200001,12240.733255999618,1.2181481926199602,2.755981924254819,1858.23938,33735.239595915766,845119,6565,0.04100310027121309,0.0234712591266548,0.0464559845,0.8433809898978941,-0.219135773961564,0.7666551444510495
64020651,20260207,1000.0,7.0,3.29447241,0.0,6.385538375171883,0.0,21.03698,0.0,46180,0,0.06013803880713635,0.0,0.02103698,0.0,-0.0877802321183024,-1.0
64020690,20260207,1000.0,28.88,1.5438875499999989,0.0,30.17993117439158,0.0,46.59442000000001,0.0,69804,0,0.009062629829663481,0.0,0.046594420000000004,0.0,0.045011467257326215,-1.0
64020711,20260207,1000.0,28.88,1.0800372399999991,0.0,33.37977494183444,0.0,36.0514,0.0,53771,0,0.0032712793463646707,0.0,0.036051400000000004,0.0,0.15580938164246683,-1.0
64021638,20260207,380.56766,3.0,151.39981512,48.58616009950002,1.5370415731059843,5.880685230818542,232.70781,285.7199200000001,53398,360,0.012248371410221122,0.0247714644788318,0.6114755257974364,0.7507729950015404,-0.4876528089646719,0.9602284102728472
64021741,20260207,1000.0,23.81,2.003387719999999,0.0,17.910936381301177,0.0,35.88255,0.0,26675,0,0.005235011284466687,0.0,0.03588255,0.0,-0.2477557168710131,-1.0
64021769,20260207,502.20883,2.57,116.80017328000002,84.04492008625796,1.7394896282640169,5.975481032002827,203.17269,502.20883178710886,9418,192,0.0017058503894222061,0.8135593220338984,0.40455817951269396,0.999999999999999,-0.3231557866676977,1.32508995611647
64023756,20260207,1000.0,166.08,2.9452991699999984,0.313503323,11.11577402169302,153.44553956916252,32.73928,48.10584,153461,5,0.52411543715847,0.001083186729425,0.03273928,0.04810584,-0.9330697614300757,-0.0760745551697705
64024405,20260207,0.4539,22.5,0.0289970499999996,0.0,9.141274715876394,0.0,0.2650699999999999,0.0,1239,0,0.015372208436724566,0.0,0.5839832562238376,0.0,-0.5937211237388269,-1.0
64024543,20260207,33.333333333333336,3.62,12.361320649999998,2.5923838760999995,1.168799063553133,6.18276172946695,14.4479,16.028098,11659,26,0.009005174944002471,0.0052579743296479,0.43343699999999996,0.4808429583427032,-0.6771273305101843,0.7079452831286674
64024748,20260207,106.53732000000002,2.5,57.40553908,14.525292380291411,1.522462664764858,7.334607309384995,87.39778999999999,106.53732299804686,6898,33,0.008261077844311378,0.4925373134328358,0.8203490570252749,1.0,-0.3910149340940568,1.933842923753998
64025102,20260207,282.86702,11.54,27.54282164,5.2688963944000005,4.565515895342378,11.410446152149117,125.74719000000002,60.12047,116351,9,0.13538631603444262,0.0008599771899719,0.44454524956638636,0.212539683242624,-0.6043747057762238,-0.0112265000114529
64026285,20260207,1000.0,27.12,1.8919629599999992,0.0,21.427496656699887,0.0,40.54003,0.0,3076,0,0.005333795734350616,0.0,0.040540030000000005,0.0,-0.2099005657559039,-1.0
64026292,20260207,1000.0,27.12,0.0242268099999998,0.0,0.0,0.0,0.0,0.0,1669,0,0.32725490196078433,0.0,0.0,0.0,-1.0,-1.0
64026424,20260207,1000.0,26.25,0.0670519899999999,0.0,8.490724883780496,0.0,0.56932,0.0,4038,0,0.029367272727272728,0.0,0.00056932,0.0,-0.6765438139512193,-1.0
64027513,20260207,1000.0,16.17,0.7005172699999995,2.5890806609,1.1556745774447506,63.318671046865774,0.8095699999999997,163.93721,6708,11,0.004238862559241706,0.0021451476557701,0.0008095699999999997,0.16393721,-0.9285297107331633,2.9158114253625893
64029184,20260207,9.71446,12.0,0.37187876999999925,0.8293538572455511,1.31978493959201,11.71327362232907,0.4908,9.714460372924805,21846,29,0.002001484209658357,0.000276633715229,0.05052262297647012,0.9999999018294186,-0.8900179217006658,-0.0238938648059108
64029548,20260207,1000.0,26.3,2.3800731099999988,0.2341,20.342488554899905,22.37922947787493,48.41661,5.239,91557,1,0.003833772302641772,3.1437050450178564e-06,0.04841661,0.005239,-0.2265213477224371,-0.1490787023925338
64029570,20260207,1000.0,26.5,0.18796249999999898,0.0,24.148433863137722,0.0,4.539,0.0,14283,0,0.009091082680924194,0.0,0.004539,0.0,-0.08873834478725577,-1.0
64029589,20260207,1000.0,30.0,3.040580139999999,0.0,23.005876108892835,0.0,69.95121,0.0,129753,0,0.007055052605823342,0.0,0.06995121,0.0,-0.2331374630369055,-1.0
64029718,20260207,1000.0,2.75,337.58636083,160.08405858357037,2.0149579157392052,6.246718146711914,680.22231,1000.0000000000005,1576390,147,0.033443795016495,0.7170731707317073,0.68022231,1.0000000000000004,-0.267288030640289,1.2715338715316051
64030368,20260207,1000.0,20.04,0.1709647999999997,0.0,9.089473388674174,0.0,1.5539799999999997,0.0,8809,0,0.011753168779186125,0.0,0.0015539799999999997,0.0,-0.5464334636390132,-1.0
64031354,20260207,1000.0,102.01,0.0032945899999997997,0.0,87.33104877997489,0.0,0.28772,0.0,6695,0,0.04237341772151899,0.0,0.00028772,0.0,-0.1438971789042752,-1.0
64032557,20260207,67.92190000000001,30.55,2.619258649999999,0.0,26.48915944211925,0.0,69.38195999999999,0.0,128477,0,0.06437368473794969,0.0,1.0214961595597294,0.0,-0.13292440451328158,-1.0
64033273,20260207,1172.770339999999,25.52,1.0628980399999992,0.0,17.330335842937497,0.0,18.42038,0.0,45303,0,0.0013085486181717348,0.0,0.01570672396097604,0.0,-0.32091160490056825,-1.0
64035082,20260207,1857.1991,86.3,6.387757870000003,0.0,63.26328709137495,0.0,404.11055999999996,0.0,93297,0,0.004279404074967663,0.0,0.21759140417416742,0.0,-0.26693757715672134,-1.0
64036941,20260207,54.87098999999999,26.53,0.980953379999999,0.0,19.523894193626226,0.0,19.15203,0.0,38575,0,0.012848910798747585,0.0,0.3490374421893974,0.0,-0.2640823899877035,-1.0
64037275,20260207,172.63347,27.0,4.064382159999998,0.680025864,28.75051001601681,23.28740353998721,116.85306,15.836060000000002,243669,1,0.0034903448246225953,1.2007338885526834e-06,0.676885310826458,0.0917322702594295,0.06483370429691894,-0.1375035725930663
64037396,20260207,1000.0,20.15,1.8310180599999986,0.0,10.025613838019714,0.0,18.357079999999996,0.0,40967,0,0.04860821072615092,0.0,0.018357079999999998,0.0,-0.5024509261528678,-1.0
64037536,20260207,15.426750000000004,12.1,2.6784263699999986,1.025431480304276,4.468728404880514,15.044140379216287,11.969159999999999,15.42675018310547,20875,10,0.016412453809261734,0.0043315095398428,0.7758704847100002,0.9999999381804824,-0.6306836029024369,0.2433173475147405
64040144,20260207,500.0,1.6,21.039017819999998,6.2177202009,0.6015523209438491,19.742630142733265,12.65607,122.75417,2695,11,0.012216681776971895,0.0550847457627118,0.02531214,0.24550834,-0.6240297994100943,11.339143655340722
64040948,20260207,208.86075949367088,12.0,14.615005989999997,0.0,6.131463104518373,0.0,89.61137,0.0,6534,0,0.44448979591836735,0.0,0.42904837757575753,0.0,-0.4890447412901356,-1.0
64048356,20260207,1062.3138600000002,50.18,47.016990050000004,0.0,22.246369427045014,0.0,1045.9573299999997,0.0,124130,0,0.009849867483455269,0.0,0.984602921400272,0.0,-0.5566686044829611,-1.0
64048419,20260207,793.6428571428571,2.67,3.1898601900000005,0.0930805774,1.0692443545621348,5.266240793207701,3.4107399999999997,0.49019,2208,2,0.01645305514157973,0.032051282051282,0.004297575375753758,0.0006176455560985,-0.5995339496021966,0.9723747725570968
64049764,20260207,500.0,18.0,2.6773620199999986,0.0195882764,10.952893101845083,21.00792247742239,29.32486,0.41153,531162,4,0.03510955997541097,0.0002041277932186,0.05864972,0.00082306,-0.3915059387863843,0.1671068043012439
64053215,20260207,1000.0,22.98,2.220473769999999,0.451775475,11.984730628004675,36.513986258359296,26.611779999999996,16.49616,42559,8,0.0010053599986771268,1.0565853838899254e-05,0.026611779999999995,0.01649616,-0.4784712520450533,0.5889463440261623
64055756,20260207,145.76475000000008,12.0,18.89065399,0.0,7.020497017742476,0.0,132.62178,0.0,30880,0,0.0020010238399180928,0.0,0.9098343735368114,0.0,-0.4149585818547937,-1.0
64055857,20260207,1000.0,38.0,0.07085108999999959,0.0,39.02593453396434,0.0,2.7650299999999994,0.0,2465,0,0.006653171390013495,0.0,0.0027650299999999995,0.0,0.026998277209587866,-1.0
64058792,20260207,6.172839506172839,12.1,0.0019256899999998997,0.0,0.0,0.0,0.0,0.0,1023,0,0.012598522167487684,0.0,0.0,0.0,-1.0,-1.0
64059274,20260207,4187.775039999999,10.0,6.103125859999999,0.0,5.705325565742143,0.0,34.820319999999995,0.0,26122,0,0.00385263188944442,0.0,0.00831475417552515,0.0,-0.4294674434257857,-1.0
64059312,20260207,2.48044,13.0,0.0393387199999998,0.0,0.0,0.0,0.0,0.0,6263,0,0.017158904109589042,0.0,0.0,0.0,-1.0,-1.0
64059848,20260207,33.373839999999994,14.0,3.2924306599999986,0.045250547,7.6870259736920366,12.113839997558538,25.309000000000005,0.54817,174403,1,0.03015944109153164,3.454947484798231e-05,0.7583484549575359,0.0164251400062546,-0.4509267161648545,-0.1347257144601044
64060132,20260207,1000.0,114.63,0.00028414,0.0,0.0,0.0,0.0,0.0,3555,0,0.1615909090909091,0.0,0.0,0.0,-1.0,-1.0
64061252,20260207,1000.0,62.0,0.13465896999999957,0.0,37.05568221708524,0.0,4.989879999999999,0.0,1678,0,0.0049352941176470586,0.0,0.0049898799999999995,0.0,-0.4023277061760445,-1.0
64062292,20260207,1321.44021,800.0,2.2271656199999987,0.0,543.0586702393514,0.0,1209.4815999999998,0.0,38700,0,387.0,0.0,0.9152753116238228,0.0,-0.32117666220081076,-1.0
64062322,20260207,7.8125,14.49,0.3224895099999992,0.0,2.866480835299115,0.0,0.92441,0.0,4665,0,0.009024956471271038,0.0,0.11832448,0.0,-0.8021752356591363,-1.0
64062508,20260207,3.7593984962406015,12.0,0.07950597999999971,0.0,0.0,0.0,0.0,0.0,2481,0,0.009631211180124223,0.0,0.0,0.0,-1.0,-1.0
64070901,20260207,16.666666666666668,7.15,0.18408316999999957,0.2272370892417529,2.875548047113711,73.34450877710266,0.52934,16.66666603088379,22140,3,0.014451697127937337,0.0015168850981207,0.0317604,0.9999998855590908,-0.5978254479561245,9.257973118716938
64073068,20260207,1013.3127800000002,12.92,44.13809028,0.0,13.419031413517695,0.0,592.29042,0.0,539831,0,0.024098737545087675,0.0,0.5845089805341248,0.0,0.03862472240849034,-1.0
64073560,20260207,62.5,1.39,27.034988699999996,15.692611952032696,0.7600576507731258,3.982765661209038,20.54815,62.500000000000014,4967,48,0.0009770827185993903,0.8727272727272727,0.3287704,1.0000000000000002,-0.4531959346955929,1.865299066329115
64073567,20260207,1000.0,5.38,0.0058745699999998,38.52786562438301,6.220029721324497,25.95523935309547,0.03654,999.9999999999992,13883,1822,0.00218760833254546,0.0591941338859627,3.6540000000000006e-05,0.9999999999999992,0.1561393534060404,3.824393829179817
64074041,20260207,1000.0,5.38,0.0044572,33.4835955668,0.0,25.038776027461974,0.0,838.3882750299999,5315,1691,0.0008910758294633427,0.049034036492533,0.0,0.8383882750299999,-1.0,3.654047489748794
64075202,20260207,16.138539999999995,8.3,0.23027221999999897,0.0,3.809968914183413,0.0,0.87733,0.0,1729,0,6.995128898095254e-05,0.0,0.05436241444393361,0.0,-0.5409676007007936,-1.0
64081848,20260207,1000.0,96.08,0.0024119499999999,0.0,0.0,0.0,0.0,0.0,8472,0,0.03788908765652952,0.0,0.0,0.0,-1.0,-1.0
64082498,20260207,130.62899000000007,2.5,71.42236495999998,25.40004097964812,1.823401816404933,5.142864828672813,130.23167,130.62898254394528,25097,117,0.005292381012631534,0.8125,0.9969584086962621,0.9999999999999998,-0.2706392734380268,1.0571459314691254
64083791,20260207,125.47337,14.0,1.6046278199999997,0.0,7.512720301708345,0.0,12.055120000000002,0.0,6230,0,0.0017661233167965982,0.0,0.09607711979043841,0.0,-0.4633771213065468,-1.0
64084611,20260207,1000.0,56.65,0.09727164999999979,0.0,5.814849444827976,0.0,0.56562,0.0,11884,0,0.7569426751592356,0.0,0.00056562,0.0,-0.8973548200383411,-1.0
64085364,20260207,1000.0,49.13,0.0128713099999998,0.0,0.0,0.0,0.0,0.0,1318,0,0.5990909090909091,0.0,0.0,0.0,-1.0,-1.0
64085968,20260207,1000.0,50.24,0.08074559999999971,0.0,5.200902587880968,0.0,0.41995,0.0,16865,0,0.8108173076923076,0.0,0.00041995,0.0,-0.8964788497635158,-1.0
64086199,20260207,1000.0,32.2,0.021028999999999798,0.0,31.227352703409878,0.0,0.65668,0.0,4888,0,0.9584313725490196,0.0,0.0006566800000000001,0.0,-0.03020643778230202,-1.0
64087348,20260207,1000.0,23.0,7.090138969999995,0.0,14.252329951157503,0.0,101.05099999999993,0.0,28037,0,0.004352219807513194,0.0,0.10105099999999993,0.0,-0.3803334803844564,-1.0
64087378,20260207,1000.0,23.0,8.417212959999997,0.0,11.556155281118139,0.0,97.27062000000001,0.0,132932,0,0.0016094767977547816,0.0,0.09727062,0.0,-0.4975584660383418,-1.0
64087380,20260207,1000.0,23.0,5.341132769999998,0.0,9.887792023563573,0.0,52.812009999999994,0.0,40541,0,0.0082201585595815,0.0,0.05281200999999999,0.0,-0.5700959989754968,-1.0
64089175,20260207,1000.0,73.7,0.17912126999999922,0.0,20.788318439234025,0.0,3.72363,0.0,12349,0,0.00033690086128109083,0.0,0.00372363,0.0,-0.7179332640538124,-1.0
64089368,20260207,1000.0,85.14,0.13389580999999962,0.0,22.593761522485345,0.0,3.0252099999999995,0.0,1806,0,0.03248201438848921,0.0,0.0030252099999999995,0.0,-0.7346281240018165,-1.0
64090050,20260207,1000.0,64.77,20.956791710000005,0.0,21.97250401550133,0.0,460.47319000000005,0.0,59704,0,0.009745364324889006,0.0,0.46047319000000003,0.0,-0.6607610928593279,-1.0
64094719,20260207,72.20216606498195,3.4,0.29324328,13.395750806495696,0.0,5.389929937435668,0.0,72.20216369628908,11408,24,0.00128044537230341,0.96,0.0,1.0000000000000002,-1.0,0.5852734665447674
64096983,20260207,1000.0,30.2,4.301334859999997,0.0,15.664290782513046,0.0,67.37736,0.0,366253,0,0.011189857870873917,0.0,0.06737736,0.0,-0.48131487475122364,-1.0
64096986,20260207,1000.0,30.2,1.7647528099999983,0.0,17.569310457706557,0.0,31.00549,0.0,208944,0,0.016340217875827984,0.0,0.03100549,0.0,-0.41823475305607427,-1.0
64096993,20260207,1000.0,30.2,0.007004280000000001,0.0,21.237015082206877,0.0,0.14875,0.0,1569,0,0.004303346132748217,0.0,0.00014874999999999998,0.0,-0.2967875800593749,-1.0
64097468,20260207,15.625,21.06,0.01136528,0.0,15.553510340264385,0.0,0.17677,0.0,1350,0,0.028421052631578948,0.0,0.01131328,0.0,-0.2614667454765249,-1.0
64099890,20260207,1000.0,30.66,10.770363810000001,0.0,17.179383469684296,0.0,185.02821,0.0,177015,0,0.003985738120917497,0.0,0.18502821,0.0,-0.43968090444604385,-1.0
64100045,20260207,1000.0,78.48,9.415157989999997,0.5202525548,14.21527393827621,141.09564331226744,133.83905,73.40550999999999,1045565,14,0.021621926227389378,0.0001018071403624,0.13383905,0.07340551,-0.8188675594001502,0.7978547053642786
64101329,20260207,1000.0,33.75,4.079179259999999,0.0,28.256752805710242,0.0,115.26436000000001,0.0,311871,0,0.036705820043547346,0.0,0.11526436000000001,0.0,-0.16276287983080764,-1.0
64101372,20260207,416.6666666666667,160.0,0.7412095499999974,0.0,49.9585710950434,0.0,37.02977,0.0,120200,0,0.0036913287555124254,0.0,0.08887144799999999,0.0,-0.6877589306559788,-1.0
64101541,20260207,72.20216606498195,3.4,3.3380556999999995,13.466783842082066,3.9490653196709693,5.361499759813948,13.1822,72.2021636962891,49177,23,0.006359533416097662,0.9583333333333334,0.18257347,1.0000000000000009,0.1614897999032263,0.5769116498317453
64101656,20260207,1000.0,23.72,0.0067011299999999,0.0,0.0,0.0,0.0,0.0,13262,0,0.6907291666666666,0.0,0.0,0.0,-1.0,-1.0
64101730,20260207,1000.0,30.0,0.9053556099999988,0.0,21.816410901789215,0.0,19.75161,0.0,127759,0,0.0038298210378008932,0.0,0.01975161,0.0,-0.27278630327369285,-1.0
64101770,20260207,72.20216606498195,3.4,4.905490569999999,13.505338014789272,1.4534876580141916,5.346194095329468,7.13007,72.2021636962891,40501,23,0.0052632194513391635,0.92,0.0987514695,1.0000000000000009,-0.572503629995826,0.5724099839331667
64102348,20260207,88.35518000000002,30.0,2.656512339999998,0.0,25.802266741964413,0.0,68.54404000000001,0.0,95603,0,0.06496975874957527,0.0,0.775778398052044,0.0,-0.13992444193451956,-1.0
64102891,20260207,1000.0,1.19,4.1478693699999996,138.04940160290002,0.9946311303434324,2.461882185594193,4.1256,339.8613650000001,5381,92,0.014104849279161205,0.023319728619951,0.0041256,0.3398613650000001,-0.16417552071980465,1.0688084598453975
64104000,20260207,1000.0,42.0,0.0751657799999997,0.0,0.0,0.0,0.0,0.0,5927,0,0.750253164556962,0.0,0.0,0.0,-1.0,-1.0
64104600,20260207,1000.0,3.32,1.9686378299999996,183.62076221271465,1.252144992052703,5.44600720802775,2.46502,1000.0000000000008,101155,1559,0.04687224873731523,0.4250272628135224,0.00246502,1.0000000000000009,-0.6228478939600292,0.6403636498595898
64105048,20260207,11.616680000000002,2.37,4.914132839999999,2.738255938635545,0.9571739619476793,4.242363081914506,4.70368,11.616680145263674,204118,21,0.09910565158283162,0.42,0.4049074262181621,0.999999917904752,-0.5961291299798821,0.7900267032771331
64105429,20260207,243.90243902439025,23.0,4.475637399999998,0.1742966934,22.946007645748967,40.45830935821208,102.69801,7.05179,16314,6,0.00044002103815187925,1.149553909618552e-05,0.421061841,0.0289123394411672,-0.002347493663088391,0.7590569286179164
64105743,20260207,250.0,2.0,10.7845097,58.31787655590001,1.5314947512171093,3.3847130292215204,16.51642,197.38928,1068,48,0.01706070287539936,0.1704675430778371,0.06606568,0.78955712,-0.23425262439144534,0.6923565146107602
64106409,20260207,1000.0,42.0,0.0010545499999999,0.0,0.0,0.0,0.0,0.0,4593,0,0.9772340425531915,0.0,0.0,0.0,-1.0,-1.0
64107218,20260207,2941.176470588235,1.0,3.578357160000001,5.9843418742,0.6744827003238546,2.710957634119313,2.41354,16.223300000000002,6855,1,0.0591458153580673,0.0909090909090909,0.0008206035999999999,0.0055159219192003,-0.3255172996761454,1.7109576341193131
64107502,20260207,44.82459000000001,33.6,2.6897931699999997,0.0,16.434334242881583,0.0,44.20496,0.0,108486,0,0.031283811061768266,0.0,0.986176560677967,0.0,-0.5108829094380481,-1.0
64109107,20260207,1000.0,35.2,4.07243594,0.0,26.159171456482138,0.0,106.53155000000001,0.0,262638,0,0.010757856276829307,0.0,0.10653155000000002,0.0,-0.25684171998630295,-1.0
64110035,20260207,228.48797,91.53,7.419097219999999,0.0,26.11490107956828,0.0,193.74899000000002,0.0,25890,0,0.010469912649627952,0.0,0.8479614484736331,0.0,-0.7146847910022038,-1.0
64110204,20260207,1000.0,36.3,0.1696203099999998,0.0,24.23377247689268,0.0,4.110539999999999,0.0,2833,0,0.026014692378328742,0.0,0.004110539999999999,0.0,-0.33240296206907216,-1.0
64110714,20260207,1000.0,36.3,0.1641843199999998,0.0,52.67926925055943,0.0,8.649109999999999,0.0,2834,0,0.05162112932604736,0.0,0.008649109999999998,0.0,0.4512195385829045,-1.0
64111322,20260207,23.80952380952381,8.81,0.11075783999999969,0.0,3.904915444360429,0.0,0.43250000000000005,0.0,1304,0,0.02015455950540958,0.0,0.018165,0.0,-0.5567632866787255,-1.0
64111471,20260207,1000.0,38.5,2.0190682599999996,0.0,20.884593569907345,0.0,42.16742000000001,0.0,28334,0,0.11388263665594855,0.0,0.042167420000000004,0.0,-0.45754302415825077,-1.0
64111607,20260207,1000.0,182.73,0.1834367599999988,0.0,77.35074474712752,0.0,14.18897,0.0,3688,0,0.0034078728515985956,0.0,0.014188969999999999,0.0,-0.5766937845612241,-1.0
64112092,20260207,27.03299,14.96,1.4194985899999988,0.2468636890737944,5.689149715886654,109.50529054348571,8.07574,27.03298950195312,100189,11,0.013510936699301453,0.0019709067633264,0.29873646977267404,0.999999929443671,-0.6197092435904643,6.319872343867296
64112353,20260207,13.764770000000002,3.15,1.3811626599999993,2.5526016333,3.1148177724410835,3.614123142258688,4.30207,9.22542025,1321,9,0.007314507198228129,0.0037250318500318,0.31254209115008813,0.6702196919857042,-0.011168961129814739,0.1473406453459547
64113058,20260207,1000.0,18.66,1.8662625299999995,0.0,10.210674915066747,0.0,19.055799999999998,0.0,122937,0,0.006077926315581308,0.0,0.019055799999999998,0.0,-0.45280413102536193,-1.0
64113541,20260207,65.18745999999999,15.0,8.433780029999998,3.644213362465522,7.209028428975994,17.8879328626882,60.79936,65.18746185302734,269827,31,0.04162134230051366,0.0031464253793793,0.9326849059619751,1.0,-0.5193981047349338,0.1925288575125466
64114179,20260207,200.0,270.0,0.0522963199999992,0.0,82.62799370969249,0.0,4.32114,0.0,3209,0,0.011239929947460595,0.0,0.0216057,0.0,-0.6939703936678057,-1.0
64114440,20260207,609.6625099999999,1.0,111.51835625000001,218.616106018538,2.586153882625937,2.7887356743087373,288.40362999999996,609.6625366210936,11209,95,0.005964137490688518,0.1304188058546632,0.4730545593167604,0.9999999999999998,1.5861538826259372,1.7887356743087373
64114731,20260207,814.7297199999998,1.0,1020.60950375,357.37152872042367,0.7809207410586979,2.279783554569942,797.01513,814.7297363281252,25262,268,0.018622926649465535,0.7977714556661926,0.9782570961078972,1.0000000000000002,-0.2190792589413021,1.279783554569942
64115407,20260207,17.81497,1.0,39.86770361,11.040101407759762,0.44141092680306493,1.613659851919297,17.598039999999997,17.814970016479492,10906,8,0.00822535636171657,0.4444444444444444,0.987823162205718,0.9999998929356364,-0.5585890731969351,0.6136598519192971
64115681,20260207,6.819940000000001,1.8,8.570856709999997,0.123598985169914,0.7909804386404218,55.177515440669424,6.779380000000001,6.819940090179444,20773,10,0.03970374617737003,0.75,0.9940527336017618,0.9999998601638476,-0.5605664229775434,29.65417605687469
64115785,20260207,50.0,17.88,0.3712790499999995,0.3617680458,10.885639790340997,11.682757408538905,4.0416099999999995,4.226459999999999,2740,2,0.019912790697674418,0.0035294117647058,0.08083219999999999,0.0845291999999999,-0.39118345691605155,-0.3466019039769347
64116760,20260207,1000.0,9.0,0.1684579899999996,33.14630408419999,4.504149669600128,25.353010776473468,0.75876,840.3586299999996,143384,722,0.016324244321739626,0.0229572588940817,0.00075876,0.8403586299999997,-0.49953892559998575,1.8170011973859408
64117220,20260207,230.21069000000008,20.91,0.46890148999999876,4.0692272503,7.614157933258025,29.1706074711461,3.570289999999999,118.70185999999995,41787,80,0.0005780387600116197,6.500182832343744e-05,0.015508793271068333,0.5156227031326388,-0.6358604527375407,0.3950553650891752
64117240,20260207,46.206500000000005,3.0,17.648889509999997,5.1292106284,2.516745882217266,6.283908841182724,44.41777,32.2314983,11820,39,0.03323025021085184,0.0098805566572862,0.9612883468776037,0.6975533225305518,-0.16108470592757795,1.094636280394241
64117651,20260207,1000.0,1.0,151.93433550000003,219.14651025064148,0.48836360626331227,4.563157288213834,74.1992,999.9999999999995,1331088,2316,0.02246615109892892,0.90257209664848,0.0741992,0.9999999999999996,-0.5116363937366877,3.5631572882138336
64117807,20260207,1000.0,1.0,2.9893909799999987,344.9977304192217,0.5779136993314942,2.898569784462888,1.7276099999999999,999.9999999999986,30216,2139,0.001591807061352214,0.690555158749252,0.0017276099999999999,0.9999999999999988,-0.42208630066850583,1.898569784462888
64118118,20260207,11.77282,260.0,0.09289077999999928,0.0,68.46610610870152,0.0,6.35987,0.0,1267,0,0.0006213525575008582,0.0,0.5402163627745944,0.0,-0.7366688226588403,-1.0
64119370,20260207,1000.0,9.0,0.0704013999999996,0.4092712940999999,3.5968034726582347,31.516181735107597,0.25322,12.898700000000002,26653,10,0.00498904966025869,0.0019025875190258,0.00025322,0.0128987,-0.6003551697046405,2.50179797056751
64119491,20260207,1000.0,48.12,0.6322206899999991,0.0,1.9215600172781464,0.0,1.21485,0.0,39529,0,0.7416322701688556,0.0,0.00121485,0.0,-0.9600673313117593,-1.0
64119946,20260207,1000.0,9.0,0.0419825599999997,12.7936812825,0.0,34.1355811686345,0.0,436.7197799999999,18374,371,0.002513611863525678,0.0174849591102467,0.0,0.4367197799999999,-1.0,2.7928423520705
64120353,20260207,1000.0,9.0,2.8814119499999995,37.07983307880001,4.086940779155165,23.32427184442215,11.77616,864.8601299999998,353560,705,0.034720953755806305,0.0233423616527776,0.01177616,0.8648601299999998,-0.5458954689827595,1.59158576049135
64120849,20260207,461.8883900000001,23.0,0.41029630999999944,0.0,24.531514797196238,0.0,10.065190000000001,0.0,3888,0,0.00017780948591655576,0.0,0.02179138990698597,0.0,0.06658759987809729,-1.0
64120867,20260207,1000.0,9.0,1.4720825399999993,48.51222093924166,6.463190576256685,20.613362159590046,9.51435,999.999999999998,261822,1234,0.02192281606644952,0.0348461615151462,0.00951435,0.999999999999998,-0.28186771374925723,1.290373573287783
64121070,20260207,1000.0,9.0,0.1155681899999996,26.149626503000004,2.601927052764269,30.81806576049871,0.3007,805.8809399999998,52642,591,0.004484903217011995,0.0134149909795891,0.00030070000000000004,0.8058809399999998,-0.7108969941373035,2.4242295289443008
64121242,20260207,102.05589,25.0,2.0770634899999996,0.0,10.938341610347216,0.0,22.719630000000002,0.0,1917,0,0.012171428571428571,0.0,0.22261948820396354,0.0,-0.5624663355861114,-1.0
64121508,20260207,41.66666666666666,2.76,9.175178890000002,6.056141761792881,1.8963717447475288,6.880066995959865,17.399549999999998,41.66666793823243,2646,17,0.0016637323943661973,0.4146341463414634,0.41758920000000005,1.0000000000000002,-0.31290878813495326,1.4927779057003072
64122408,20260207,1250.0,20.52,5.311701329999998,0.0,15.25805668746063,0.0,81.04624,0.0,22400,0,0.0022831515645703802,0.0,0.064836992,0.0,-0.2564299859911973,-1.0
64123385,20260207,1000.0,9.0,0.022308909999999498,7.089752292099999,8.713558842633027,36.392515983243165,0.19439,258.01396000000005,33796,172,0.004005309440849511,0.0034422030099263,0.00019439000000000001,0.25801396,-0.03182679526299697,3.0436128870270185
64124337,20260207,1000.0,86.31,0.004610299999999901,0.0,44.62399410016798,0.0,0.20573,0.0,8424,0,0.8022857142857143,0.0,0.00020573,0.0,-0.48298002432895404,-1.0
64124603,20260207,80.0,2.98,17.45758461,14.309181415380737,1.727849566469894,5.5908155810501885,30.16408,79.99999999999999,3176,43,0.009110728628800918,0.6142857142857143,0.37705099999999997,0.9999999999999998,-0.4201847092382906,0.8761125990826109
64125620,20260207,1000.0,7.5,6.036810639999998,79.13728177918003,1.7993938600664807,12.636269086851772,10.862599999999999,999.9999999999995,1887451,2194,0.07749747485115993,0.038897216010428,0.010862599999999998,0.9999999999999996,-0.7600808186578026,0.684835878246903
64126239,20260207,2000.0,15.0,3.911537169999999,14.145812837899998,13.837268482354729,58.61145491527862,54.12499,829.1067300000001,97883,144,0.012722321869557306,0.0048555447610719,0.027062495,0.414553365,-0.07751543450968476,2.9074303276852413
64126497,20260207,333.3333333333333,100.0,0.0058877799999997,0.0,14.440077584421347,0.0,0.08502,0.0,3018,0,0.005361520696393675,0.0,0.00025506,0.0,-0.8555992241557866,-1.0
64126534,20260207,333.3333333333333,6.0,10.337520489999998,12.114692026509577,1.4352861514860227,27.514798994613724,14.8373,333.33334350585955,16174,62,0.004599198111866238,0.045947946294767,0.04451190000000001,1.0000000000000004,-0.7607856414189963,3.5857998324356206
64127954,20260207,1000.0,23.0,0.1228576899999998,0.0,14.88160814353585,0.0,1.82832,0.0,1741,0,0.00762593079281647,0.0,0.00182832,0.0,-0.3529735589767022,-1.0
64128713,20260207,1000.0,31.0,0.0069835,0.0,52.124292976301284,0.0,0.36401,0.0,1099,0,0.01338611449451888,0.0,0.00036401,0.0,0.6814288056871382,-1.0
64129362,20260207,1000.0,24.0,0.004000269999999999,0.0,0.0,0.0,0.0,0.0,1641,0,8.793316864842273e-05,0.0,0.0,0.0,-1.0,-1.0
64129574,20260207,1000.0,52.0,0.187514989999999,0.0,17.762739928151973,0.0,3.33078,0.0,4361,0,0.0021086988056670374,0.0,0.0033307799999999998,0.0,-0.658408847535539,-1.0
64129661,20260207,1143.8391200000003,24.0,39.60234387999999,0.0,18.662002740025706,0.0,739.0590500000001,0.0,279466,0,0.004291428843445907,0.0,0.6461215017720323,0.0,-0.22241655249892892,-1.0
64131561,20260207,35.86777000000001,16.1,3.1311329399999996,0.0,11.277767720715175,0.0,35.31219,0.0,6708,0,0.00688211757463835,0.0,0.9845103277956783,0.0,-0.2995175328748339,-1.0
64131665,20260207,1.7391304347826086,22.76,0.2491980899999987,0.0,3.9116672202423586,0.0,0.97478,0.0,6644,0,0.5777391304347826,0.0,0.5604985,0.0,-0.8281341291633411,-1.0
64131892,20260207,1000.0,17.11,2.0047574999999993,0.3186135893,13.698769053114907,16.20173768985663,27.462709999999998,5.16211,8892,14,0.0195385629531971,0.0260714285714285,0.027462709999999998,0.00516211,-0.1993705988828225,-0.0530837456513844
64132598,20260207,1000.0,46.2,0.0002398,0.0,0.0,0.0,0.0,0.0,1629,0,0.3973170731707317,0.0,0.0,0.0,-1.0,-1.0
64133904,20260207,403.0409099999999,72.0,1.1640107599999991,0.0,82.9976004689167,0.0,96.61010000000002,0.0,113553,0,0.14058808963724154,0.0,0.23970296216331996,0.0,0.1527444509571764,-1.0
64136664,20260207,185.32,8.0,74.34889722,16.999284506990705,2.302170528414463,10.90163508625163,171.16384,185.32000732421872,235029,26,0.01282678338508893,0.3466666666666667,0.9236123462119576,1.0,-0.7122286839481922,0.3627043857814538
64137600,20260207,1.6937669376693767,48.0,0.0020586699999998,0.0,0.0,0.0,0.0,0.0,16158,0,0.02172650262202501,0.0,0.0,0.0,-1.0,-1.0
64138592,20260207,1000.0,49.74,18.243956569999998,1.1221545237,17.530388146500613,48.94713686289722,319.82363999999995,54.926300000000005,30667,1,0.01318160326670965,9.950248756218906e-06,0.31982363999999996,0.0549263,-0.6475595467128948,-0.015940184736922
64139850,20260207,7.1035,25.0,0.3611226499999981,0.0,6.717191513741972,0.0,2.4257299999999997,0.0,230642,0,0.002977047606017033,0.0,0.3414837756035756,0.0,-0.731312339450321,-1.0
64141744,20260207,22.66524,52.0,1.8591009699999965,0.1485787211999999,9.803582642420995,52.49619488450084,18.22585,7.79987,3393963,1,0.04758968383503559,1.393068093168394e-06,0.8041322306756955,0.344133553087179,-0.8114695645688271,0.0095422093173238
64141830,20260207,1000.0,25.0,11.687656009999998,0.0,9.752832381657338,0.0,113.98774999999999,0.0,66955,0,0.0002839430833110338,0.0,0.11398774999999998,0.0,-0.6098867047337064,-1.0
64142018,20260207,1000.0,30.39,0.0372140799999999,0.0,13.861420193647175,0.0,0.5158400000000001,0.0,2052,0,0.08240963855421687,0.0,0.00051584,0.0,-0.5438821917194084,-1.0
64142306,20260207,175.43859649122808,52.0,2.36834849,0.0,15.233370491012494,0.0,36.077929999999995,0.0,111536,0,1.5888319088319087,0.0,0.20564420099999994,0.0,-0.707050567480529,-1.0
64142416,20260207,111.11111111111111,3.54,0.2609288899999992,0.3382045099999999,0.30912636772417285,87.21093869818975,0.08066,29.49522,9221,10,0.10256952169076752,0.0426587301587301,0.0007259399999999999,0.2654569718988961,-0.9126761673095557,23.63585865479468
64142620,20260207,10.989010989010987,2.07,1.1625168399999988,1.14036770859117,2.319630913905731,9.63636649099926,2.6966099999999997,10.98901081085205,24136,4,0.015620995404828166,0.8,0.24539151,0.9999999132156432,0.12059464439890404,3.6552496626911615
64142626,20260207,161.11706,1.78,76.34240495000002,37.78042882060281,1.212263486598479,4.264564119432688,92.54710999999999,161.11706542968747,10826,62,0.022102899142507147,0.96875,0.5744091283691496,0.9999999999999998,-0.3189530974165849,1.395822577515574
64143069,20260207,111.11111111111111,3.21,0.0741430599999993,0.0110689136,0.710248538433678,6.40474736857928,0.05266,0.0709,12899,1,0.05717641843971631,0.001564945226917,0.00047393999999999995,0.0006380999805267,-0.7787387730736205,0.9952483777154502
64143979,20260207,1000.0,42.15,4.223347889999998,0.3332510909,15.487166035947855,83.02294495821272,65.40769,27.66757,761577,5,0.059412797228983336,6.010100629383605e-05,0.06540769,0.02766757,-0.6325702008078801,0.969702062934422
64144354,20260207,1000.0,9.5,1.822783599999998,2.2197814056,7.64773723002556,16.007059930901544,13.940170000000002,35.53219,2155,23,0.0033328178162697186,0.0370956326000185,0.013940170000000002,0.03553219,-0.19497502841836215,0.6849536769370047
64147740,20260207,395.34744,44.2,9.090574709999999,22.4052592092,27.82972673022562,9.764849118786998,252.98820999999998,218.78398541000004,374432,114,0.047910125011195986,0.0025479668268029,0.639913616235886,0.5533967387173488,-0.3703681735243073,-0.779075815605538
64149693,20260207,1000.0,10.54,17.888053,0.0,4.0528999997931585,0.0,72.49849,0.0,19056,0,0.001783217764801662,0.0,0.07249849,0.0,-0.6154743833213322,-1.0
64150026,20260207,34.930139720558884,9.0,0.8520002499999999,2.0973580685309106,5.433308264874336,16.65434496795121,4.62918,34.93014144897461,4230,5,0.00021615158204562178,0.0008973438621679,0.13252681028571428,1.0,-0.39629908168062933,0.8504827742168012
64150905,20260207,6.079800000000001,48.47,0.060453279999999894,0.0,20.284259183290008,0.0,1.22625,0.0,3003,0,0.1716,0.0,0.20169248988453564,0.0,-0.5815089914732823,-1.0
64154779,20260207,1000.0,57.19,0.1264945299999996,0.0,5.794796027938933,0.0,0.7330099999999999,0.0,80140,0,0.0199397875146177,0.0,0.00073301,0.0,-0.8986746629141645,-1.0
64157057,20260207,319.6986600000001,3.0,9.951795829999998,0.21702949,20.23582612023905,3.798636772188092,201.38281,0.82442,32315,2,0.09315364658402998,0.0005152144829352,0.6299144638266546,0.0025787407919482,5.745275373413016,0.2662122573960307
64159965,20260207,26.795370000000005,23.65,1.7152680999999992,0.0,17.50349114520349,0.0,30.02318,0.0,7744,0,0.05669106881405564,0.0,1.1204614827113786,0.0,-0.2598946661647572,-1.0
64160337,20260207,51.72413793103448,27.5,0.1239159599999997,0.0,14.69705758644814,0.0,1.8212,0.0,9791,0,0.005988012965567855,0.0,0.03520986666666667,0.0,-0.4655615423109767,-1.0
64162199,20260207,209.54995,1.0,7.434174840000001,44.00165934435449,13.057420909406536,4.762319322395213,97.07115,209.54995727539065,16762,52,0.037026728517782194,0.0035020459530698,0.4632363310036581,1.0,12.057420909406536,3.762319322395213
64162266,20260207,1000.0,2.09,74.27437595999999,209.5279385300429,0.8667137107239858,4.772633197476826,64.37462,999.9999999999995,2371583,1514,0.14983276683387878,0.7430520000265549,0.06437462,0.9999999999999996,-0.5853044446296719,1.2835566475962037
64162417,20260207,74.44531,33.92,2.2298108899999995,0.0,13.796174437016948,0.0,30.762860000000003,0.0,3387,0,0.05359177215189873,0.0,0.41322764321889455,0.0,-0.593273159286057,-1.0
64163843,20260207,118.75,1.9,14.027698139999998,33.23292908157037,0.6696565542149597,3.5732630167886974,9.39374,118.74999999999996,1759,56,0.01556637168141593,0.7916666666666666,0.07910517894736842,0.9999999999999998,-0.6475491819921264,0.8806647692774945
64163937,20260207,1042.1109400000005,153.91,3.5673118999999938,0.0,46.746834780552895,0.0,166.76053999999993,0.0,34657,0,0.030830886931767637,0.0,0.16002186868895155,0.0,-0.6962716212036067,-1.0
64164134,20260207,1000.0,130.83,3.903415790000001,0.0,101.09311721567842,0.0,394.60847000000007,0.0,23145,0,0.3094251336898396,0.0,0.39460847000000004,0.0,-0.22729406699015203,-1.0
64164423,20260207,1000.0,1.03,3.5592245899999986,252.6898806489,0.901227196792322,2.042050096453659,3.2076700000000002,516.0053971939999,7933,376,0.004614355514192647,0.0197327029141485,0.00320767,0.5160053971939998,-0.1250221390365806,0.982572964248084
64165844,20260207,1000.0,4.75,46.44669738,39.23039586600001,2.7559875560736797,8.255988108055657,128.00652,323.88568999999995,13710,97,0.006478899862955437,0.0061489671576104,0.12800651999999998,0.3238856899999999,-0.4197920934581727,0.7381027595906646
64166008,20260207,1000.0,148.94,0.013172819999999698,0.0,26.522794663557843,0.0,0.34938,0.0,1978,0,0.019819639278557115,0.0,0.00034938000000000005,0.0,-0.8219229578114822,-1.0
64166181,20260207,35.08771929824562,61.67,0.0473679299999997,0.1089734734053776,13.973589303986978,321.98108297435044,0.6618999999999997,35.08771896362305,1359,1,0.00880181347150259,0.3333333333333333,0.01886414999999999,1.0,-0.7734135024487275,4.221032796081515
64166966,20260207,217.3913043478261,310.89,0.9970065499999987,0.0,131.17459459017613,0.0,130.78193,0.0,30008,0,0.007783974475370289,0.0,0.601596878,0.0,-0.578067501076985,-1.0
64166994,20260207,1000.0,12.96,0.00038174,0.0,17.786975428301986,0.0,0.00679,0.0,3287,0,0.004676340873523972,0.0,6.79e-06,0.0,0.37245180773935066,-1.0
64167055,20260207,81.25,32.44,3.1723724999999994,0.0,17.222387976191325,0.0,54.63583,0.0,164691,0,0.03537253806997573,0.0,0.6724409846153846,0.0,-0.46910024734305406,-1.0
64167205,20260207,1000.0,10.0,0.7703270299999996,0.0,7.99997891804472,0.0,6.162599999999999,0.0,33173,0,0.0040760582416907295,0.0,0.006162599999999999,0.0,-0.20000210819552802,-1.0
64167208,20260207,23.184850000000004,11.0,3.0764840899999992,0.6585664517877607,5.404780104031029,35.20497502542974,16.62772,23.18485069274902,123190,32,0.21431802366040362,0.0504389815627743,0.7171804001319826,0.999999917732984,-0.5086563541789973,2.200452275039068
64168025,20260207,1000.0,3.32,4.545049579999997,27.7829940659,1.339050299204878,4.127908806374935,6.086050000000001,114.68567,97159,38,0.04426579798624083,0.0751700339767729,0.006086050000000001,0.11468567,-0.5966715966250367,0.2433460510172407
64168581,20260207,760.80663,1.0,160.28754673999998,14.204716032,4.7084945483893925,1.8309570645729425,754.7130399999999,26.008227,3993,2,0.11919402985074627,0.0085365853658536,0.9919906192194984,0.0341850683356737,3.7084945483893925,0.8309570645729425
64169222,20260207,159.72876999999997,1.0,167.88089781000002,45.14068372770928,0.9001820455537151,3.5384659312969124,151.12337000000002,159.72877502441412,8423,38,0.0013296604416941607,0.95,0.9461249216406039,1.0000000000000004,-0.09981795444628494,2.5384659312969124
64169441,20260207,1000.0,42.0,1.0633208999999995,0.0,37.191528916623405,0.0,39.546530000000004,0.0,4423,0,0.0005336438111554842,0.0,0.03954653,0.0,-0.11448740674706179,-1.0
64169699,20260207,8.33142,3.52,0.0316775799999998,1.3903241368854535,0.44384703629507327,5.992425601558836,0.01406,8.331419944763185,5372,26,0.010257781172426962,0.0189662483404947,0.0016875874700831312,0.9999998855328128,-0.873907091961627,0.7023936460310848
64169776,20260207,2.2580645161290325,3.34,0.1861151899999996,0.235666529808306,0.12830763571742881,9.58156819598712,0.02388,2.258064508438111,25496,8,0.9768582375478927,0.7222222222222222,0.010575428571428569,0.9999995776586942,-0.9615845402043626,1.8687330665306745
64170247,20260207,4.545454545454546,2.5,0.048011749999999805,0.2079039899329704,0.0,21.863133268572287,0.0,4.545454502105713,4025,8,0.34698275862068967,0.6666666666666666,0.0,0.9999997901916924,-1.0,7.745253307428915
64170496,20260207,1000.0,28.6,0.64915827,0.0,24.26086322523473,0.0,15.749139999999999,0.0,33079,0,0.09464663805436338,0.0,0.01574914,0.0,-0.1517180690477368,-1.0
64170856,20260207,81.9672131147541,8.64,0.8303172599999996,0.5480564836,3.7580093180286305,15.199719462420273,3.1203399999999997,8.33032,16098,16,0.04203133159268929,0.0596618357487922,0.038068147999999996,0.1016298998129771,-0.5650452178207603,0.7592267197265868
64170903,20260207,348.6739,8.64,6.852928969999999,1.7663391968,7.300951201891708,14.956546902947096,50.0329,26.418350000000004,7766,14,0.002764192916889126,0.012059052059052,0.14349482424695395,0.0757680767654651,-0.15498249978105236,0.7310817486837202
64170958,20260207,1000.0,12.96,0.0136183,0.0,10.197308034042427,0.0,0.13887,0.0,1341,0,0.05881578947368421,0.0,0.00013887,0.0,-0.21317067638561524,-1.0
64171280,20260207,1000.0,300.0,0.051407669999999406,0.0,148.17574887171676,0.0,7.617369999999999,0.0,3070,0,0.0016820996109802202,0.0,0.007617369999999999,0.0,-0.5060808370942774,-1.0
64171740,20260207,164.78868999999997,1.0,266.06601492,143.63161070346342,0.6179224732983423,1.1473010316787309,164.40817,164.7886962890624,10036,103,0.015017207840790064,0.4677808160864427,0.9976908609444012,0.9999999999999994,-0.38207752670165773,0.1473010316787306
64172255,20260207,102.14761,1.0,17.230847659999995,19.603791768673208,8.564760881879913,5.210604638130136,147.57809,102.14761352539064,9059,32,0.0030282466989804448,0.0561403508771929,1.444753235048769,1.0000000000000002,7.564760881879913,4.210604638130136
64172315,20260207,4.587155963302752,41.08,0.0078272599999998,0.0279510176,31.71224668658079,44.9212653615387,0.24822,1.25564,116261,3,0.34642729439809294,0.0555555555555555,0.05411196,0.2737294717059781,-0.22803683820397294,0.0935068977426429
64172392,20260207,129.05163000000002,1.0,40.188840209999995,36.42254821850739,2.6813473451066776,3.543179665101873,107.76023999999998,129.0516357421875,1255,26,0.005158240854911632,0.3808139534883721,0.8350164968857811,1.0,1.6813473451066776,2.543179665101873
64173658,20260207,31.25,14.4,0.0010938100000000002,0.0,11.821065815818102,0.0,0.01293,0.0,1071,0,0.013819354838709677,0.0,0.00041376,0.0,-0.1790926516792985,-1.0
64175878,20260207,1000.0,8.0,1.2714167699999979,20.6336000542,2.969553406158081,12.844611701264457,3.775539999999999,265.03059354,53765,162,0.04790181753385602,0.0237310439131928,0.003775539999999999,0.2650305935399999,-0.6288058242302399,0.6055764626580571
64176266,20260207,1000.0,12.0,0.1550569299999994,28.971496982800005,4.834804868121682,16.355934728722758,0.74967,473.85593,8914,230,0.003950540684275838,0.0227283642708073,0.0007496699999999999,0.4738559299999999,-0.5970995943231932,0.3629945607268965
64176572,20260207,115.27819,57.19,4.017932179999998,0.0,19.016809288204573,0.0,76.40825000000001,0.0,59357,0,0.019336417239469654,0.0,0.6628161840500794,0.0,-0.6674801663192067,-1.0
64176703,20260207,26.5748031496063,68.0,0.28773572999999897,0.0,45.826634043676286,0.0,13.185960000000001,0.0,22304,0,0.03959524232203089,0.0,0.49618279111111113,0.0,-0.32607891112240756,-1.0
64176991,20260207,7419.014340000004,115.14,69.78420315999998,0.7139682169999999,60.470247117743284,290.11518293512086,4219.86801,207.13331,815514,4,0.039633463579634924,9.886947560273762e-06,0.5687909224340437,0.0279192498529531,-0.4748111245636331,1.5196733061751555
64177035,20260207,237.66124999999988,12.0,24.485487429999996,4.8098624068,4.2817244418646245,16.694931479025886,104.84011000000001,80.30034,980620,49,0.018343952380774225,0.0001248886975944,0.44113253633059685,0.3378772868955648,-0.6431896298446146,0.3912442899188238
64177389,20260207,7.387790000000001,3.93,4.293720529999998,0.685831543667359,0.8169255487152075,10.77200297843797,3.50765,7.387790203094481,24634,11,0.005196279030522918,0.2037037037037037,0.4747901605216174,0.9999998709121172,-0.7921309036348073,1.7409676324322236
64177756,20260207,2484.690520000001,136.93,37.05894947999999,0.0,60.52643859239802,0.0,2243.04623,0.0,147512,0,0.042254941277570894,0.0,0.9027467251736442,0.0,-0.5579753261345357,-1.0
64177878,20260207,1000.0,32.0,0.00361909,0.0,45.48380946591546,0.0,0.16461,0.0,1510,0,0.028761904761904763,0.0,0.00016461,0.0,0.42136904580985823,-1.0
64178557,20260207,1000.0,31.31,0.0886122099999985,0.0,10.052790693291762,0.0,0.8908,0.0,3427,0,0.0014999781152886594,0.0,0.0008908000000000001,0.0,-0.6789271576719335,-1.0
64178983,20260207,4.433497536945813,3.12,2.1055268100000006,0.72198791044944,0.5951052221462807,6.140672473950022,1.2530100000000002,4.433497428894044,66908,7,0.17050968399592253,0.6458333333333333,0.2826233666666667,0.9999997848935008,-0.809261146747987,0.968164326662998
64179227,20260207,56.35257,15.02,0.2565519399999994,4.230899171450493,9.946562867542555,13.31928603759956,2.5518099999999997,56.35256958007813,15383,36,0.00022105791076347823,0.0003025820333512,0.045282939180945954,1.0000000000000002,-0.3377787704698698,-0.1132299845760013
64179291,20260207,1000.0,12.93,0.060736689999999496,0.078897831,0.0,6.062320492429096,0.0,0.47831,2521,2,0.7002777777777778,0.0631578947368421,0.0,0.00047831,-1.0,-0.5311430510947169
64179450,20260207,1000.0,30.0,0.0473905999999994,0.0,5.531476706351119,0.0,0.26214000000000004,0.0,1223,0,0.01828101644245142,0.0,0.00026214000000000006,0.0,-0.8156174431216293,-1.0
64179691,20260207,1000.0,12.7,0.12804487999999942,0.047490738,0.0,6.480916743876588,0.0,0.30779,9051,6,0.5728481012658228,0.0252727272727272,0.0,0.00030779,-1.0,-0.489691587306284
64179851,20260207,1000.0,10.01,0.3255854799999997,0.0,5.419129870287833,0.0,1.7643900000000001,0.0,5984,0,0.00380831158913002,0.0,0.0017643900000000002,0.0,-0.4586283845866301,-1.0
64180437,20260207,1000.0,36.3,0.07243698999999988,0.0,9.931251974992351,0.0,0.7193900000000001,0.0,6046,0,1.7782352941176471,0.0,0.0007193900000000001,0.0,-0.7264117913225248,-1.0
64180551,20260207,1000.0,86.31,0.0109129999999997,0.0,40.275817831944664,0.0,0.43953000000000003,0.0,5354,0,0.36924137931034484,0.0,0.00043953000000000004,0.0,-0.5333586162444136,-1.0
64180824,20260207,1000.0,11.0,0.4633129199999991,2.241340714000001,6.137903514540466,66.2227178804918,2.84377,148.42774,1778,29,0.007061159650516282,0.0231479365912573,0.0028437700000000002,0.14842774,-0.44200877140541217,5.020247080044709
64180855,20260207,1000.0,82.32,5.140177499999998,3.3303254247,5.405344465244636,26.309424010258343,27.78443,87.61897,277447,41,0.49385368458526163,0.0046728871136029,0.02778443,0.08761897,-0.9343374093143265,-0.6804005817809482
64181008,20260207,1000.0,30.8,0.1026293999999999,0.0,14.458040288650244,0.0,1.48382,0.0,1024,0,0.014566145092460882,0.0,0.0014838199999999998,0.0,-0.5305831075113558,-1.0
64182141,20260207,1000.0,30.45,0.22106836999999901,0.0,19.310134688196317,0.0,4.268859999999999,0.0,7010,0,0.008311595921271045,0.0,0.004268859999999999,0.0,-0.3658412253465905,-1.0
64182450,20260207,1000.0,30.2,3.893210929999998,0.0,20.506184081837056,0.0,79.8349,0.0,237555,0,0.022238188405118747,0.0,0.0798349,0.0,-0.3209872820583756,-1.0
64182863,20260207,43.47826086956522,19.85,0.05433192999999931,0.0,12.836466512417445,0.0,0.6974299999999999,0.0,5513,0,0.025992456388495993,0.0,0.016040889999999995,0.0,-0.3533266240595746,-1.0
64183074,20260207,250.0,12.0,3.24779411,0.0,9.685964976394395,0.0,31.458020000000005,0.0,1405,0,0.0030683555361432626,0.0,0.12583208,0.0,-0.19283625196713375,-1.0
64183342,20260207,25.0,32.0,0.13441108999999982,0.1025870449999999,16.096811654455024,40.47615879608584,2.16359,4.15237,5578,1,0.042353834472285495,0.0024813895781637,0.0865436,0.1660947873279733,-0.4969746357982805,0.2648799623776825
64184353,20260207,0.8375209380234506,3.05,0.0757191399999994,0.0185475109446322,0.5608885679367244,45.153002281052224,0.04247,0.837520956993103,3052,4,0.872,0.875,0.05070918,0.9999987901464116,-0.816102108873205,13.80426327441787
64185135,20260207,250.0,28.0,0.7614459199999998,0.0,50.63039801959937,0.0,38.552310000000006,0.0,26135,0,0.0095701050935589,0.0,0.15420924000000003,0.0,0.8082285006999774,-1.0
64185273,20260207,1000.0,10.57,0.2491786699999995,0.7033592809,2.0164246000670967,14.18196374017059,0.5024500000000001,9.97503,1365,10,0.003414207103551776,0.0107315082045819,0.0005024500000000001,0.00997503,-0.8092313528791772,0.3417184625951343
64186013,20260207,82.85864999999998,10.0,0.7175463199999993,0.3395934344,6.5986262740501616,18.96892100537912,4.73482,6.44174,1590,1,0.0001596561869282752,7.574036203893055e-06,0.05714333989269679,0.0777437236047975,-0.34013737259498383,0.8968921005379116
64188498,20260207,1000.0,26.98,0.00055345,0.0,0.0,0.0,0.0,0.0,20762,0,0.020013495276653172,0.0,0.0,0.0,-1.0,-1.0
64188787,20260207,125.0,1.2,5.286193009999999,11.669830631,1.1586466836177822,5.020715109921365,6.12483,58.59089999999999,1668,112,0.004547437295528899,0.0166950448652518,0.04899864,0.4687271999999999,-0.03446109698518145,3.1839290920134
64189196,20260207,96.95803,32.41,4.22056063,0.0,14.630236457472718,0.0,61.74780000000001,0.0,9290,0,0.004811227924801906,0.0,0.6368508106033096,0.0,-0.5485888164926652,-1.0
64190160,20260207,111.11111111111111,2.0,24.95588943,23.529791605872926,1.1133123537003906,4.7221459348613335,27.783699999999996,111.11111450195312,4183,41,0.008793357157872609,0.611111111111111,0.2500533,1.0,-0.4433438231498047,1.3610729674306667
64190436,20260207,111.11111111111111,2.0,74.29364426,23.41451113015629,0.9990722724576709,4.745395243954265,74.22471999999999,111.11111450195312,9285,27,0.010572762468685949,0.9,0.6680224799999999,1.0,-0.5004638637711645,1.3726976219771323
64190638,20260207,105.33542000000004,1.76,53.76335006000001,26.92594866714243,1.9592421209326698,3.912040986606762,105.33542,105.33541870117188,10150,67,0.0603807257584771,0.3999644043663977,0.9999999999999996,1.0,0.11320575052992603,1.222750572616229
64191414,20260207,17.857142857142858,12.0,0.0007293699999999,0.0309296847134704,0.0,577.3277755575432,0.0,17.85714340209961,1305,1,0.09525547445255475,0.125,0.0,0.9999998807907104,-1.0,47.1106479631286
64192256,20260207,3.605769230769231,102.0,0.0016613199999999,0.0,0.0,0.0,0.0,0.0,9450,0,0.010175514159577905,0.0,0.0,0.0,-1.0,-1.0
64192383,20260207,89.25466,25.49,9.178e-05,0.0,0.0,0.0,0.0,0.0,1309,0,0.010123743232791957,0.0,0.0,0.0,-1.0,-1.0
64192413,20260207,1000.0,58.55,0.032132519999999,0.0,23.139174891979312,0.0,0.74352,0.0,11300,0,0.022893030794165315,0.0,0.00074352,0.0,-0.6047963297697813,-1.0
64193332,20260207,61.98347107438016,6.9,3.1744756999999995,0.0,4.3376296753508,0.0,13.7697,0.0,2731,0,0.01029788838612368,0.0,0.22215116000000001,0.0,-0.3713580180651015,-1.0
64193931,20260207,720.20164,1.8,843.9225962099988,158.63934737217653,0.7151252409999752,4.53986774117741,603.5103500000001,720.2016601562493,54048,372,0.005119781749978686,0.8285077951002228,0.8379741401310891,0.999999999999999,-0.6027081994444582,1.5221488119126874
64194238,20260207,81.57952999999999,21.79,4.458517339999998,0.9429642368,15.61224611049736,19.35640269405953,69.60747,18.25241485,403900,42,0.030068638982773253,0.0006702171981623,0.8532467642311743,0.2237376841538861,-0.2835132578936503,-0.1116841725203258
64196351,20260207,1000.0,10.57,3.1800113399999996,0.0,3.4789813045132094,0.0,11.063199999999998,0.0,3105,0,0.0174732695554305,0.0,0.011063199999999999,0.0,-0.6708626958833293,-1.0
64196611,20260207,500.0,1.2,8.82136257,113.71909077582568,1.7005377435699256,4.396799096722032,15.001059999999999,500.0000000000002,31102,167,0.016978927830549186,0.5521690214547358,0.030002119999999997,1.0000000000000004,0.41711478630827137,2.6639991016741167
64197886,20260207,1000.0,14.01,0.038668239999999895,0.0018223299,0.0,9.197457903805558,0.0,0.0167699999999999,1783,1,0.3793617021276596,0.0185185185185185,0.0,1.6769999999999997e-05,-1.0,-0.3435076549931202
64198178,20260207,1000.0,8.0,0.1262313699999998,0.0,5.840465804973845,0.0,0.7372500000000001,0.0,1104,0,0.010855457227138644,0.0,0.0007372500000000001,0.0,-0.2699417743782694,-1.0
64199262,20260207,461.9958,1900.0,0.0820379699999994,0.0,339.63797495233246,0.0,27.86321,0.0,3331,0,0.0009554816132178304,0.0,0.06031052663249319,0.0,-0.8212431710777197,-1.0
64199904,20260207,1000.0,14.08,67.29315,0.0,5.938134267752364,0.0,399.59576,0.0,13269,0,0.00487651598676957,0.0,0.39959575999999997,0.0,-0.5782575093925878,-1.0
64200053,20260207,1000.0,114.63,0.2773137199999996,0.0,16.58396129841685,0.0,4.59896,0.0,4266,0,0.1807627118644068,0.0,0.00459896,0.0,-0.8553261685560773,-1.0
64200059,20260207,1000.0,114.63,0.0552799799999998,0.0,26.932715966974037,0.0,1.48884,0.0,2877,0,0.35518518518518516,0.0,0.00148884,0.0,-0.7650465326094912,-1.0
64200276,20260207,1000.0,16.91,0.0016089999999997998,0.0,0.0,0.0,0.0,0.0,5823,0,0.09331730769230769,0.0,0.0,0.0,-1.0,-1.0
64200313,20260207,1000.0,86.47,0.7092845299999994,0.0,36.23528910182212,0.0,25.701130000000003,0.0,3816,0,0.01737704918032787,0.0,0.025701130000000003,0.0,-0.5809495882754467,-1.0
64200567,20260207,1000.0,10.57,0.0177245,0.0,17.66537843098536,0.0,0.31311,0.0,1558,0,0.0010981110797857344,0.0,0.00031311,0.0,0.6712751590336197,-1.0
64200673,20260207,1000.0,10.57,0.3103161699999992,0.4579353889999999,1.7392261576314292,25.05843666422412,0.53971,11.47517,109142,4,0.055119438412201405,0.0030756775451172,0.00053971,0.0114751699999999,-0.8354563710850115,1.370713092498424
64200712,20260207,1000.0,160.82,0.3984430099999988,0.0,56.78746880262768,0.0,22.62657,0.0,41762,0,0.027455131155085136,0.0,0.022626570000000002,0.0,-0.6468880188867823,-1.0
64200779,20260207,1000.0,10.57,0.0643217299999998,0.0,0.0,0.0,0.0,0.0,6309,0,0.006850906721685308,0.0,0.0,0.0,-1.0,-1.0
64200992,20260207,1000.0,10.57,0.017003289999999997,0.0,0.0,0.0,0.0,0.0,4000,0,0.0020105554159336515,0.0,0.0,0.0,-1.0,-1.0
64201906,20260207,56.696800000000025,11.0,10.726451249999997,2.3734412018000004,3.8076889595708563,11.255979176463295,40.84299,26.715416,197235,3,0.004238677732838765,2.773219921465437e-06,0.7203755767521268,0.4711979492795601,-0.6538464582208312,0.0232708342239359
64201946,20260207,160.0,75.0,0.4564786899999994,0.0,29.87920421871176,0.0,13.63922,0.0,15305,0,0.028538131642737274,0.0,0.085245125,0.0,-0.6016106104171765,-1.0
64202035,20260207,1000.0,100.04,0.0396214399999994,0.0,48.46694113086322,0.0,1.92033,0.0,3133,0,0.011039464411557435,0.0,0.00192033,0.0,-0.515524378939792,-1.0
64202122,20260207,5.524861878453039,84.77,0.0140492399999998,0.0,32.09212740333331,0.0,0.45087,0.0,1844,0,0.0045307125307125305,0.0,0.08160747,0.0,-0.6214211701859937,-1.0
64203094,20260207,137.93103448275863,26.6,0.0356458999999998,0.0,10.486760048140233,0.0,0.37380999999999986,0.0,3258,0,0.043790322580645163,0.0,0.0027101224999999986,0.0,-0.605760900445856,-1.0
64203381,20260207,1000.0,46.06,8.86759621,0.0,23.37587268196101,0.0,207.2878,0.0,7833,0,0.0031326987681970886,0.0,0.2072878,0.0,-0.49249082323141535,-1.0
64206422,20260207,70.27027027027027,20.7,0.0865666899999999,0.2600633049,8.043625094132638,23.106169846379405,0.6963100000000001,6.00909,7980,2,0.014169034090909092,0.0002963422894558,0.009909026923076924,0.0855139718222695,-0.6114190775781334,0.1162400480558373
64207947,20260207,43.54540999999999,34.69,0.4057536099999998,0.0,16.098858615207398,0.0,6.53217,0.0,32508,0,0.011378368918445922,0.0,0.15000823278503983,0.0,-0.5359222076907639,-1.0
64209682,20260207,91.66666666666669,19.44,0.0688815899999996,0.5626193805999999,11.315214994311315,20.69608638702769,0.7794099999999998,11.64404,4702,11,0.00446067735508965,0.000827587157678,0.008502654545454541,0.1270258944332024,-0.4179416155189653,0.0646134680279198
64210201,20260207,72.20216606498195,3.4,0.9287681399999996,13.559837414236968,4.886838603227714,5.32470679152647,4.53874,72.2021636962891,1569,21,0.0002135972554998911,0.9545454545454546,0.06286154899999999,1.0000000000000009,0.437305471537563,0.5660901888742562
64210247,20260207,72.20216606498195,3.4,10.805448110000002,13.000402112674092,1.5694453230778593,5.553840374834162,16.95856,72.20216369628908,114966,28,0.015569399114313187,1.0,0.23487605599999997,1.0000000000000002,-0.5383984343888649,0.6334824173685704
64210997,20260207,1000.0,29.6,14.719852320000005,0.0,21.984303440348636,0.0,323.60569999999996,0.0,567575,0,0.02156194202788436,0.0,0.32360569999999994,0.0,-0.25728704593416774,-1.0
64211273,20260207,1000.0,56.52,0.04730716999999959,0.0,9.283159402686818,0.0,0.43916,0.0,4029,0,0.09615751789976133,0.0,0.00043916,0.0,-0.8357544337811957,-1.0
64211279,20260207,1000.0,29.6,22.07498266,0.0,12.382329092166996,0.0,273.3397,0.0,227820,0,0.04386552680221811,0.0,0.2733397,0.0,-0.5816780712105745,-1.0
64211664,20260207,74.95335,25.49,0.4076202799999996,0.0,14.515322937318047,0.0,5.916739999999999,0.0,20267,0,0.01857653528872594,0.0,0.07893896670395652,0.0,-0.4305483351385623,-1.0
64212391,20260207,91.66666666666669,19.44,1.6268780499999997,0.0,9.714870761210406,0.0,15.80491,0.0,36594,0,0.03395879732739421,0.0,0.17241719999999996,0.0,-0.500263849731975,-1.0
64212826,20260207,1000.0,79.63,0.0321803499999998,0.0,36.03783053944432,0.0,1.15971,0.0,1279,0,0.004777736271946208,0.0,0.00115971,0.0,-0.5474340005093015,-1.0
64213114,20260207,75.75757575757575,30.26,0.0279668399999995,0.0,14.767131359853577,0.0,0.41299,0.0,1800,0,0.04774535809018567,0.0,0.005451468000000001,0.0,-0.5119916933293597,-1.0
64213169,20260207,31.25,48.29,0.32624695999999975,0.0,20.86312160579214,0.0,6.8065299999999995,0.0,14638,0,0.065818345323741,0.0,0.21780896,0.0,-0.5679618636199598,-1.0
64213358,20260207,1000.0,1.03,0.4438352199999998,3.3186678240000003,0.49869859359065755,3.390883693672231,0.22133999999999998,11.25322,3813,1,0.031101141924959216,0.0149253731343283,0.00022134,0.01125322,-0.5158266081644101,2.2921201823888784
64213628,20260207,4.545454545454546,2.5,0.00124408,0.1755310234796321,0.0,25.89530053832682,0.0,4.545454502105713,3523,6,0.2429655172413793,0.6428571428571429,0.0,0.9999997901916924,-1.0,9.358120215330729
64213821,20260207,1000.0,18.5,0.2002999399999995,0.0,12.075839862957553,0.0,2.41879,0.0,9066,0,0.0199779638607316,0.0,0.00241879,0.0,-0.34725189929959177,-1.0
64215562,20260207,250.0,1.0,0.1290475899999997,22.240946898899995,0.7006717444316488,2.867335524092212,0.09042,63.77226,3186,115,0.009409332545776727,0.0280713888699541,0.00036168,0.25508904,-0.2993282555683512,1.867335524092212
64215857,20260207,1000.0,32.86,0.0351784899999996,0.0,0.0,0.0,0.0,0.0,1101,0,0.15728571428571428,0.0,0.0,0.0,-1.0,-1.0
64217599,20260207,4.044489383215369,17.6,0.1622412699999998,0.1407656567093365,0.0,28.731870730217125,0.0,4.04448938369751,32190,1,0.014040214594146639,0.0095238095238095,0.0,0.9999997615814208,-1.0,0.6324926197426484
64218012,20260207,833.3333333333334,5.0,4.91152224,65.11645611560002,4.351946088306829,6.046027703888731,21.374679999999998,393.69590370000014,22309,112,0.0484767492394611,0.0107692307692307,0.025649615999999997,0.4724350959740601,-0.12961078233863416,0.2092055407777461
64218299,20260207,833.3333333333334,5.0,4.2027202599999995,23.1828153093,4.71227414027314,6.319691190462778,19.804370000000002,146.50824,25249,50,0.0408229587712207,0.0086206896551724,0.023765244,0.1758098922922337,-0.05754517194537208,0.2639382380925555
64218618,20260207,1000.0,72.88,0.2470997599999992,0.0,24.602452062276466,0.0,6.07926,0.0,1453,0,0.001372697213037317,0.0,0.0060792599999999995,0.0,-0.6624251912420901,-1.0
64218716,20260207,1000.0,86.0,0.022980879999999898,0.0,0.0,0.0,0.0,0.0,1256,0,0.031321695760598504,0.0,0.0,0.0,-1.0,-1.0
64218859,20260207,833.3333333333334,5.0,3.2512190699999994,21.968357561700007,3.7780197936646585,6.314338859246367,12.28317,138.71566013999998,7956,60,0.02911086717892426,0.0065753424657534,0.014739803999999999,0.1664587962319354,-0.24439604126706832,0.2628677718492733
64219175,20260207,100.0,12.0,0.0515070499999997,5.5470027569919065,0.0,18.02775054441809,0.0,100.00000000000004,1005,51,0.0017197125256673512,0.0137518832080081,0.0,1.0000000000000002,-1.0,0.5023125453681742
64220364,20260207,46.8393,21.41,1.4290032399999988,0.0,14.2031378459296,0.0,20.29633,0.0,8950,0,0.0033808030823858273,0.0,0.4333183886181049,0.0,-0.3366119642256142,-1.0
64221144,20260207,50.0,2.7,5.916374259999998,8.553900829403105,1.839430624525772,5.845285695018204,10.88276,50.00000000000001,1484,16,0.002312607137291569,0.2916666666666667,0.2176552,1.0000000000000002,-0.31872939832378816,1.1649205895506465
64221740,20260207,1000.0,86.31,4.467350830000002,0.0,40.48765518601545,0.0,180.87256,0.0,2108109,0,0.04235642657226039,0.0,0.18087256,0.0,-0.5309042383731265,-1.0
64223277,20260207,320.82551,6.0,74.70335081,29.571316721221336,4.2342341617915435,10.849212182994687,316.31147999999996,320.82550048828125,8811,17,0.00046424751437107133,0.0149384885764499,0.985929953014023,1.0,-0.2942943063680761,0.8082020304991145
64223652,20260207,62.5,2.3,6.484282639999999,0.5336829753,1.1662091891787125,10.018756881344194,7.56203,5.34685,1612,1,0.002448359659781288,0.0001463271875914,0.12099248,0.0855496,-0.492952526444038,3.355981343066769
64223859,20260207,254.73218000000003,17.2,24.39700391,0.2599631213,9.584076834293546,78.05919485551716,233.82276000000005,20.29259,61947,9,0.11044214655018719,0.0018586674857314,0.9179160638439949,0.0796624524647229,-0.4427862305643287,3.5383250809912736
64224268,20260207,84.22965000000002,3.0,7.046226269999998,2.2091356242,3.588884181546445,7.738806107653502,25.288090000000004,17.09608,1008,7,0.011300448430493274,0.0101449275362318,0.3002278888728612,0.2029698510192208,0.19629472718214838,1.5796020358845009
64224566,20260207,35.714285714285715,72.0,0.13725182999999908,0.0,33.85193479751804,0.0,4.64624,0.0,24605,0,0.018258385277530424,0.0,0.13009472,0.0,-0.5298342389233606,-1.0
64225909,20260207,140.0,2.18,60.84526391,18.434248809605137,1.1273534798281395,7.594559119354734,68.59412,139.99999999999997,7047,33,0.006342934293429343,0.2869565217391304,0.489958,0.9999999999999998,-0.48286537622562414,2.4837426086191856
64226179,20260207,1000.0,9.0,0.5494174299999994,27.26002175670001,2.266236802862263,29.34660866353743,1.24511,799.9892199999999,138148,677,0.013889525647986166,0.0222265602651198,0.00124511,0.79998922,-0.7481959107930819,2.260734295948604
64226642,20260207,1000.0,25.05,2.911225099999997,0.1146909276,20.00017793196412,6.321804988130655,58.22501999999999,0.7250599999999999,145572,5,0.04301137538779731,0.0001400360285065,0.05822501999999999,0.0007250599999999,-0.20158970331480558,-0.7476325277176944
64227028,20260207,1000.0,8.0,0.0792921999999998,6.952461256099999,11.766731153884017,16.333047173376368,0.9330099999999999,113.55489399999998,1988,65,0.003682845498332716,0.0274636570319613,0.0009330099999999999,0.1135548939999999,0.4708413942355021,1.041630896672046
64227071,20260207,1000.0,75.77,0.17015411999999952,0.0,2.604286043734946,0.0,0.44313,0.0,7745,0,0.6245967741935484,0.0,0.00044313,0.0,-0.9656290610566854,-1.0
64228142,20260207,1000.0,25.88,16.338159759999996,0.0813663228,11.14501159707108,47.64701438597657,182.08898000000002,3.87691,160994,6,0.039788937768770696,0.0001457125087435,0.18208898,0.0038769099999999,-0.5693581299431576,0.8410748041370956
64228417,20260207,80.0,141.02,0.8062058399999976,0.0,41.363617509890645,0.0,33.34759,0.0,3599302,0,0.05674527937492413,0.0,0.41684487499999995,0.0,-0.7066826158708648,-1.0
64228755,20260207,3.289473684210526,39.44,0.026049599999999902,0.0,0.0,0.0,0.0,0.0,4488,0,0.0024147207575594535,0.0,0.0,0.0,-1.0,-1.0
64228902,20260207,5.494505494505495,90.0,0.0390298399999999,0.0,29.566352308900136,0.0,1.15397,0.0,2742,0,0.011942508710801394,0.0,0.21002253999999995,0.0,-0.6714849743455541,-1.0
64228972,20260207,841.6133500000001,1.0,183.48983352,266.0730464258237,4.193353850943098,3.163091303036935,769.4378,841.6133422851569,30279,166,0.011038643820634342,0.1861140714426682,0.9142414387794585,1.0000000000000009,3.1933538509430983,2.163091303036935
64229089,20260207,1000.0,3.94,10.034370079999999,123.2781393876,4.687016686153558,6.032033073032933,47.03126,743.6178200000002,29921,159,0.0248616535105941,0.010095238095238,0.047031260000000005,0.7436178200000002,0.1895981436937964,0.5309728389416153
64229552,20260207,41.66666666666666,1.4,7.185961429999999,18.00682944349109,0.5687116525477927,2.313936817975294,4.086739999999999,41.66666793823243,3698,27,0.02213046080191502,0.4924962292609351,0.09808175999999999,1.0000000000000002,-0.5937773910372909,0.6528120409867172
64229916,20260207,1000.0,9.5,2.2696690199999994,38.65464066379999,2.840193853463269,22.190416288434854,6.4463,857.7625899999997,351420,631,0.04074009668556325,0.0304671908085349,0.0064463,0.8577625899999997,-0.7010322259512348,1.3358332935194583
64230568,20260207,22.402090000000005,280.0,0.15725149999999888,0.0,142.46026270019783,0.0,22.40209,0.0,4281,0,0.006787696210559696,0.0,0.9999999999999999,0.0,-0.49121334749929346,-1.0
64230865,20260207,4.664179104477612,27.0,0.07598885999999959,0.0,4.362086758506468,0.0,0.33147,0.0,1113,0,0.0009238814642649622,0.0,0.071067168,0.0,-0.8384412311664271,-1.0
64233051,20260207,1000.0,56.0,0.0003873,0.0,0.0,0.0,0.0,0.0,20814,0,0.06580461587100854,0.0,0.0,0.0,-1.0,-1.0
64233843,20260207,223.26955,80.0,4.2798114699999985,11.9323512379,30.495995189246045,16.157271102644742,130.51711,192.79425,4698,4,0.47454545454545455,0.0627240143369175,0.5845719221452276,0.8635044636166294,-0.6188000601344245,-0.7980341112169407
64234222,20260207,1000.0,30.0,2.6940209299999993,0.0,17.866490740292804,0.0,48.1327,0.0,242210,0,0.07102099460473844,0.0,0.0481327,0.0,-0.40445030865690657,-1.0
64234606,20260207,1000.0,23.0,0.31791198999999937,0.0,10.626966287116149,0.0,3.3784399999999994,0.0,12826,0,0.01890625,0.0,0.0033784399999999995,0.0,-0.5379579875166892,-1.0
64235463,20260207,1000.0,24.0,0.0842020999999997,0.0,16.040336286149692,0.0,1.35063,0.0,1323,0,0.017005141388174806,0.0,0.00135063,0.0,-0.3316526547437628,-1.0
64238374,20260207,1000.0,50.18,0.0466440899999994,0.0,4.46101531833942,0.0,0.2080799999999999,0.0,111605,0,0.033993786360452014,0.0,0.0002080799999999999,0.0,-0.9110997345886923,-1.0
64238409,20260207,1000.0,50.18,5.557774629999997,0.0,17.388929280855,0.0,96.64375000000001,0.0,111708,0,0.022497281185805774,0.0,0.09664375000000001,0.0,-0.6534689262484057,-1.0
64238938,20260207,41.66666666666666,1.51,3.0426265499999996,8.701152189897712,0.6378469286676015,4.788637440219834,1.9407300000000003,41.66666793823242,12280,24,0.029676172063798936,0.618421052631579,0.04657752000000002,1.0,-0.5775848154519195,2.1712830930222164
64239841,20260207,41.66666666666666,1.29,12.535405400000002,7.498308672457857,0.41321758927716845,5.556808101868456,5.17985,41.66666793823243,2911,8,0.0015077433055368519,0.6153846153846154,0.12431640000000004,1.0000000000000002,-0.67967628738204,3.3076033071244044
64240263,20260207,41.66666666666666,1.29,18.52793197,3.2306977988258776,0.7015828869108266,12.89710695202388,12.99888,41.66666793823242,13181,61,0.017579354494531876,0.6288659793814433,0.31197312000000005,1.0,-0.4561372969683515,8.99775762279695
64240994,20260207,1000.0,50.18,15.073859659999997,0.0,16.101787164973516,0.0,242.71608,0.0,27151,0,0.0081188326057054,0.0,0.24271608,0.0,-0.6791194267641787,-1.0
64241021,20260207,1000.0,64.69,0.10863394999999901,0.0,23.93772849095539,0.0,2.6004499999999995,0.0,2381,0,0.0038218298555377206,0.0,0.0026004499999999994,0.0,-0.6299624595616726,-1.0
64241038,20260207,33.76623376623377,29.2,0.0358887899999995,0.0,12.741861734541802,0.0,0.45729000000000003,0.0,1137,0,0.03404191616766467,0.0,0.013542819230769231,0.0,-0.5636348721047327,-1.0
64241684,20260207,1000.0,45.34,0.8573661299999993,0.0,3.215709022701891,0.0,2.75704,0.0,33414,0,0.8149756097560975,0.0,0.00275704,0.0,-0.9290756721944885,-1.0
64242045,20260207,25.0,1.67,5.946180449999998,0.8107066058432962,0.9144222994443435,30.83725848852134,5.43732,25.0,32066,33,0.010450057031122699,0.1054313099041533,0.2174928,0.9999999237060604,-0.45244173685967454,17.46542471914455
64242210,20260207,83.33333333333333,10.11,1.8413342199999982,1.0271519457,2.6173955535350912,10.169585789272396,4.819500000000001,10.44572,13308,3,0.6247887323943662,0.012890625,0.05783400000000001,0.1253486361746631,-0.7411082538540957,0.0058937818613865
64243018,20260207,1000.0,23.0,6.0448736499999995,0.5214138054999999,20.18627965863274,36.7780120505228,122.02351000000002,19.1766,51905,5,0.0026836494116187206,1.0528338504003389e-05,0.12202351000000002,0.0191766,-0.12233566701596789,0.5990440021966433
64243086,20260207,1000.0,24.0,12.515210269999994,0.0,28.36371761574887,0.0,354.97789,0.0,187263,0,0.08778090282660667,0.0,0.35497789,0.0,0.18182156732286966,-1.0
64243116,20260207,463.68224000000015,15.2,14.17871752,0.0,16.137763494987805,0.0,228.81279,0.0,86142,0,0.026415013339057374,0.0,0.49346895408372754,0.0,0.06169496677551354,-1.0
64243513,20260207,2.0408163265306123,14.0,0.0091062599999999,0.0,10.682761089624178,0.0,0.09728,0.0,1934,0,0.035682656826568265,0.0,0.0476672,0.0,-0.2369456364554159,-1.0
64243585,20260207,1000.0,30.39,0.026553789999999897,0.0,45.76559504311832,0.0,1.21525,0.0,2688,0,0.1452972972972973,0.0,0.00121525,0.0,0.5059425812148179,-1.0
64243604,20260207,1000.0,38.5,0.0999368999999999,0.0,15.235413545947509,0.0,1.52258,0.0,7150,0,0.7222222222222222,0.0,0.00152258,0.0,-0.6042749728325323,-1.0
64244911,20260207,1000.0,30.0,6.121857509999996,0.0,22.903491264042835,0.0,140.21190999999993,0.0,757362,0,0.03837425644247626,0.0,0.14021190999999994,0.0,-0.23655029119857218,-1.0
64245196,20260207,307.34167,250.0,1.720286059999999,0.0,178.65730423927297,0.0,307.34167,0.0,21473,0,0.01194869511991542,0.0,1.0,0.0,-0.2853707830429081,-1.0
64245999,20260207,18.21862,43.2,0.311210269999999,0.0,3.5169469182363535,0.0,1.09451,0.0,84199,0,0.0032244586904406304,0.0,0.06007644925905475,0.0,-0.9185891917074918,-1.0
64246040,20260207,1000.0,51.84,0.8383808299999977,0.0,19.414983522464418,0.0,16.27715,0.0,21442,0,0.006571656246168935,0.0,0.016277149999999997,0.0,-0.6254825709401154,-1.0
64247345,20260207,1000.0,25.0,0.0607088999999998,0.0,6.714995659615004,0.0,0.40766,0.0,2410,0,0.0017018572134736248,0.0,0.00040766,0.0,-0.7314001736153998,-1.0
64247673,20260207,6.11573,14.0,0.1481014399999997,0.0788608711450141,0.0,77.54989477185423,0.0,6.115729808807373,2012,4,0.004583143507972665,0.0159420289855072,0.0,0.999999844062083,-1.0,4.539278197989588
64248486,20260207,1000.0,24.0,4.042825229999998,0.0,14.888192433685793,0.0,60.19036,0.0,44498,0,0.002013274636576284,0.0,0.06019036,0.0,-0.3796586485964253,-1.0
64248889,20260207,53.68735000000001,12.0,7.095059879999999,0.0,7.56686355126294,0.0,53.68735,0.0,2244,0,0.0008677494199535963,0.0,0.9999999999999999,0.0,-0.369428037394755,-1.0
64249042,20260207,833.3333333333334,4.88,0.3276775799999993,0.1097619856,3.3559512982243156,6.838917472011621,1.0996699999999997,0.75066,4519,1,0.024519804666304938,0.0017857142857142,0.0013196039999999996,0.0009007920219919,-0.3123050618392796,0.4014174818918275
64249960,20260207,17.857142857142858,10.8,0.8767438299999986,0.1931637436705708,2.560508466880233,92.44514844051324,2.24491,17.85714340209961,23464,3,0.008315849163595124,0.0252100840336134,0.12571496,0.9999998931884913,-0.7629158826962747,7.559735815543815
64250556,20260207,111.11111111111111,22.0,2.886279929999999,0.5710090022734964,13.171684979287514,194.5869845704284,38.01717,111.11111450195312,1899,3,0.02944186046511628,0.0059171597633136,0.34215453,1.0,-0.4012870463960221,7.844862935019472
64251345,20260207,169.62831999999997,1.76,95.44074008000001,23.6171065437,1.6484152351304773,3.8572643170395673,157.32596999999998,91.0974262,9311,64,0.06575564971751413,0.031033609388531,0.9274746693240846,0.5370413546177565,-0.0634004345849561,1.191627464738952
64251558,20260207,9.98865,11.0,1.0368590099999995,0.3200802110999999,8.441610590816977,15.114789097972146,8.75276,4.83796,110634,3,0.027351479641029443,0.0001222562603636,0.8762705670936514,0.484345670551258,-0.23258085538027487,0.374071736179286
64251856,20260207,1000.0,14.0,0.6012973099999992,4.1017107302,11.061649352796888,13.671348375636756,6.65134,56.07592999999999,36349,74,0.08878602833414753,0.0530245375066661,0.00665134,0.0560759299999999,-0.2098821890859366,-0.023475116025946
64252001,20260207,500.0,31.59,2.267827349999999,0.0,22.71967484650012,0.0,51.5243,0.0,5454,0,0.003928545703378233,0.0,0.10304859999999999,0.0,-0.2807953514878088,-1.0
64252871,20260207,28.571428571428573,12.78,1.1795572099999987,0.2718579631354738,4.254927151858963,105.09651022509186,5.018929999999999,28.571428298950195,2991,3,0.005420442189198985,0.0020245722051196,0.17566254999999997,0.9999999332428016,-0.6670636031409262,7.223514273944216
64253222,20260207,217.39215,14.0,24.126202079999977,0.0,8.728238257382623,0.0,210.57924,0.0,73926,0,0.014431625183016106,0.0,0.9686607359097373,0.0,-0.3765544101869555,-1.0
64253303,20260207,1000.0,23.0,3.345938229999995,0.0,18.80376614125363,0.0,62.91624,0.0,8295,0,0.0009206846030900373,0.0,0.06291624,0.0,-0.182444950380277,-1.0
64253514,20260207,16.666666666666668,58.15,0.2790060999999992,0.0,10.790767657051259,0.0,3.0106900000000003,0.0,9019,0,0.16221223021582734,0.0,0.1806414,0.0,-0.8144321985029879,-1.0
64254884,20260207,1000.0,163.18,0.0012347400000000002,0.0,96.26318091258076,0.0,0.11886,0.0,5561,0,0.09930357142857144,0.0,0.00011886,0.0,-0.41007978359737246,-1.0
64254890,20260207,1000.0,163.18,0.039122879999999804,0.0,46.19803041084933,0.0,1.8074,0.0,18356,0,0.02192022928110819,0.0,0.0018073999999999998,0.0,-0.716889138308314,-1.0
64254998,20260207,1000.0,10.57,0.4476094999999991,0.0,1.3856497683807003,0.0,0.6202299999999998,0.0,1193,0,0.013634285714285715,0.0,0.0006202299999999998,0.0,-0.8689073066811068,-1.0
64255309,20260207,25.09375,24.0,0.5498827399999997,0.0,12.541201056792588,0.0,6.89619,0.0,11700,0,0.0070202808112324495,0.0,0.27481703611457037,0.0,-0.47744995596697554,-1.0
64255540,20260207,1000.0,2.0,73.34858521999999,215.37237031522255,1.3878901644069095,4.643121092521119,101.79978,1000.0000000000005,188516,448,0.028558703226783822,0.8,0.10179977999999999,1.0000000000000004,-0.30605491779654526,1.3215605462605593
64255680,20260207,606.9564399999999,1.48,329.98200748000005,182.1788917603136,0.9332794607556459,3.3316506193557127,307.96542999999997,606.9564208984367,77651,240,0.022702315518652788,0.8727272727272727,0.5073929687606576,0.9999999999999988,-0.3694057697596987,1.2511152543372277
64255726,20260207,1206.6908999999998,2.0,945.9149886999992,283.54612971889253,1.240916249369504,4.255712870809939,1173.80128,1206.6909179687484,1746530,310,0.046620131863438594,0.8446866485013624,0.9727439562194429,0.9999999999999988,-0.37954187531524797,1.1278564354049694
64255761,20260207,3419.8565500000004,2.0,2706.637810390003,1061.5248936283542,1.2560370238492091,3.221645071743525,3399.6372999999994,3419.8564453125027,3919395,1463,0.07816762363659209,0.5178319838542134,0.9940876906079581,1.0000000000000009,-0.37198148807539544,0.6108225358717627
64255796,20260207,1000.0,2.0,198.59441599,191.7281022794548,1.4178653946351583,5.215719463632532,281.5801500000001,1000.0000000000006,558633,286,0.03837529452981706,0.6727005870841487,0.28158015000000014,1.0000000000000009,-0.29106730268242087,1.6078597318162662
64256201,20260207,1000.0,16.17,0.6501424899999995,0.0703272187,5.747047851002637,22.162369939280147,3.7364,1.55864,1898,3,0.005142237875914386,0.0032776747062461,0.0037364,0.00155864,-0.6445857853430651,0.37058564222095
64256247,20260207,43.15131,16.1,2.242744929999999,0.0,16.70514533277755,0.0,37.465379999999996,0.0,3918,0,0.014048045894585873,0.0,0.8682327373143479,0.0,0.037586666632145944,-1.0
64256707,20260207,51.54639175257732,14.0,2.1488356899999976,3.245849202792593,14.493942065900827,15.88070530460676,31.145099999999996,51.54639053344727,148163,219,0.04547667280540209,0.0057278085369882,0.6042149399999999,1.0,0.03528157613577333,0.1343360931861971
64256969,20260207,1000.0,61.25,0.09872948999999959,0.0,10.862711840200983,0.0,1.07247,0.0,40833,0,0.22036157582298974,0.0,0.00107247,0.0,-0.8226496026089635,-1.0
64257309,20260207,1000.0,86.0,0.05459048999999929,0.0,16.58493997764101,0.0,0.90538,0.0,34985,0,0.009163414442494565,0.0,0.00090538,0.0,-0.8071518607251045,-1.0
64257560,20260207,1000.0,146.47,0.0033209900000000002,0.0,45.25156655093812,0.0,0.15028,0.0,3354,0,0.02130876747141042,0.0,0.00015028,0.0,-0.6910523209466913,-1.0
64257941,20260207,1000.0,49.28,0.5970098999999986,0.0,16.712419676792667,0.0,9.97748,0.0,6446,0,0.03401583113456464,0.0,0.00997748,0.0,-0.6608681072079411,-1.0
64258631,20260207,1000.0,35.4,0.0152288999999999,0.0,20.43942766713302,0.0,0.31127,0.0,3645,0,0.018446356275303645,0.0,0.00031127,0.0,-0.42261503765160957,-1.0
64259714,20260207,314.20998000000014,2.7,23.736493330000002,65.46108041530002,2.7676670301156063,4.368225284667633,65.69471,285.948751,6372,169,0.016973894512519978,0.0911738743168075,0.2090790050653387,0.9100562005549128,0.025061863005780054,0.6178611879711111
64259874,20260207,283.0188679245283,56.1,1.1502192899999983,0.0,35.86409162030317,0.0,41.25157,0.0,88153,0,0.016921585564833478,0.0,0.14575554733333335,0.0,-0.36071137931723407,-1.0
64259903,20260207,1000.0,13.2,0.06668739999999959,0.0,0.7598136979399454,0.0,0.05067,0.0,2795,0,0.07615803814713897,0.0,5.067e-05,0.0,-0.9424383562166708,-1.0
64259917,20260207,1000.0,13.2,0.1527454999999998,0.339377445,4.68256020635633,502.2594172119564,0.7152399999999999,170.45602,1895,1,0.09869791666666666,0.0069444444444444,0.0007152399999999999,0.1704560199999999,-0.6452605904275508,37.0499563991977
64260084,20260207,1000.0,35.0,0.00042429,0.0,0.0,0.0,0.0,0.0,1274,0,0.5790909090909091,0.0,0.0,0.0,-1.0,-1.0
64260409,20260207,1000.0,96.5,0.1718161399999999,0.0,12.445803985585993,0.0,2.13839,0.0,2748,0,0.1501639344262295,0.0,0.00213839,0.0,-0.8710279379732021,-1.0
64260426,20260207,1000.0,131.27,0.010162239999999899,0.0,0.0,0.0,0.0,0.0,1972,0,0.003095275466959661,0.0,0.0,0.0,-1.0,-1.0
64260699,20260207,27.77777777777778,35.4,1.2609714499999978,1.054900969145724,2.2823910882359826,26.33209477083748,2.87803,27.77777862548828,35568,2,0.13281553398058252,0.0247371675943104,0.10360907999999999,0.999999931335456,-0.9355256754735598,-0.2561555470107084
64260763,20260207,1000.0,176.43,2.947e-05,0.5205286616,0.0,361.93232374291273,0.0,188.39651,17980,1,0.25539772727272725,0.0007936507936507,0.0,0.18839651,-1.0,1.051421746686926
64261065,20260207,1000.0,121.55,0.0688723999999997,0.0,45.72397651308817,0.0,3.1491199999999995,0.0,21310,0,0.025153446647780926,0.0,0.0031491199999999996,0.0,-0.6238257794069257,-1.0
64261251,20260207,1000.0,79.04,0.30957017999999936,0.0,23.35761151154809,0.0,7.23082,0.0,1966,0,0.01323905723905724,0.0,0.00723082,0.0,-0.7044836600259605,-1.0
64261557,20260207,1236.2189999999996,41.08,3.174246849999999,3.1786231055,18.125855586814243,131.22508549477809,57.53594,417.11522,245674,7,0.0055992032199395575,0.0002098406592788,0.046541866772796744,0.3374120782620425,-0.5587669039237039,2.194378764500873
64261838,20260207,1000.0,39.04,3.2300553899999986,0.0,32.512925420761924,0.0,105.01855000000002,0.0,3175,0,0.005731046931407942,0.0,0.10501855000000002,0.0,-0.16718941032884413,-1.0
64264364,20260207,171.42857142857142,20.47,1.1300918799999988,0.0,16.27196896592162,0.0,18.38882,0.0,71396,0,0.02991536076426716,0.0,0.10726811666666666,0.0,-0.2050821218406634,-1.0
64264474,20260207,1000.0,42.65,0.04366322999999919,0.0,14.829411383445795,0.0,0.6475,0.0,1731,0,0.017735655737704917,0.0,0.0006475,0.0,-0.6522998503295242,-1.0
64264541,20260207,283.49287999999984,40.51,0.44214112999999877,0.0,14.859757562025543,0.0,6.570110000000001,0.0,53294,0,0.03396036449372332,0.0,0.023175573227800304,0.0,-0.6331829779801149,-1.0
64265070,20260207,10.42728,14.5,1.1695604099999977,0.5714917749594689,4.689582473127669,18.245690729449567,5.48475,10.42728042602539,5985,6,0.009328241895261845,0.0039780281475896,0.5260000690496467,0.999999908540464,-0.6765805190946436,0.2583234985827288
64265671,20260207,363.78365,3.0,3.2387437199999987,0.5474374023999999,20.569083496362605,9.836138598229988,66.61799,5.38468,4342,8,0.013788504287075261,0.0039828349038875,0.1831252998863473,0.0148018742426363,5.856361165454202,2.278712866076663
64265818,20260207,103.28789000000005,3.0,8.711936509999997,6.3394882194,11.81935266422184,12.370882303893644,102.96945,78.42507499999999,12071,18,0.023955149831315737,0.0071290692811963,0.99691696674218,0.7592862710488507,2.93978422140728,3.123627434631215
64267444,20260207,72.20216606498195,3.4,0.0052856199999999996,13.5890999796003,0.0,5.313240648125113,0.0,72.2021636962891,1372,21,0.00017793225086891112,0.9545454545454546,0.0,1.0000000000000009,-1.0,0.5627177938508031
64268049,20260207,1000.0,91.46,0.0990382899999995,0.0,34.011794832079765,0.0,3.36847,0.0,11358,0,0.031169045005488474,0.0,0.0033684699999999997,0.0,-0.6281238264587823,-1.0
64269101,20260207,1000.0,2.08,48.0407577,241.98996048804173,0.7118522195997753,4.132402823037832,34.197919999999996,1000.0,1547805,1619,0.1394695345023338,0.7775320303154134,0.03419792,1.0,-0.6577633559616466,0.9867321993333988
64269326,20260207,1000.0,148.86,0.0331592899999998,0.0,48.72993360231807,0.0,1.6158499999999998,0.0,1214,0,0.002946601941747573,0.0,0.0016158499999999998,0.0,-0.6726458847083295,-1.0
64270053,20260207,4.464285714285714,66.55,0.0368660799999991,0.0,1.7273330931848885,0.0,0.06368,0.0,29681,0,0.9189164086687307,0.0,0.01426432,0.0,-0.9740445816200619,-1.0
64272249,20260207,8.23428,6.0,0.8628780999999992,0.3940165834371162,4.745583414389592,20.898254237129805,4.09486,8.23427963256836,2611,5,0.006648841354723708,0.0221354166666666,0.4972942382333367,0.9999998841824362,-0.20906943093506802,2.4830423728549675
64273314,20260207,2.22544,16.41,0.084113379999999,0.0592095754139598,0.19533158696036462,37.585178150538745,0.01643,2.22544002532959,51074,8,0.021018106995884772,0.0012008756271051,0.007382809691566612,0.9999995714672618,-0.9880967954320314,1.290382602073333
64273516,20260207,1.7391304347826086,22.76,0.0370937599999997,0.0534193627889025,15.461630204109927,32.55557032889998,0.57353,1.7391303777694702,20375,8,0.0023010898413236207,0.0004055681629574,0.32977975,0.9999994516375508,-0.3206665112429734,0.4303853251981882
64273883,20260207,38.46153846153846,1.32,24.234725759999996,14.944707754727586,0.6362085609175056,2.57358914471994,15.418339999999999,38.46154022216796,2637,17,0.03642265193370166,0.5384615384615384,0.40087684,0.9999999999999998,-0.5180238174867382,0.9496886685262872
64273959,20260207,3.27383,2.5,0.2697672899999996,0.4919860418252213,0.05805003267816503,6.654301147517278,0.01566,3.273829936981201,4144,10,0.017209302325581394,0.1622132253711201,0.004783388263898859,0.9999997086977463,-0.9767799869287339,1.661720459006911
64274214,20260207,79.67623999999999,1.6,40.99543987,25.234335801363777,0.9381767855635404,3.157453260644672,38.46097,79.6762390136719,3973,34,0.009967385850476669,0.9714285714285714,0.48271567533809334,1.0000000000000004,-0.41363950902278723,0.9734082584968454
64274224,20260207,20.75117,2.6,11.859701890000004,2.9976764422877,1.5895610340674418,6.922415638180041,18.85172,20.75116920471192,47499,16,0.0851236559139785,0.5925925925925926,0.9084654021917801,0.999999908084772,-0.38863037151252244,1.6624676508049012
64274496,20260207,1.4749262536873156,4.87,0.6346609699999999,0.1122848443021423,0.19281160459575766,13.135460150460707,0.12236999999999999,1.474926233291626,11921,4,0.06405695862439549,0.5714285714285714,0.08296686,0.9999993534092226,-0.9604082947441976,1.6972198068034945
64274858,20260207,1000.0,30.8,0.0925168099999999,0.0,50.51319862844391,0.0,4.67332,0.0,1243,0,0.06718918918918919,0.0,0.004673320000000001,0.0,0.6400389165079191,-1.0
64274912,20260207,1000.0,69.46,0.0025896699999999996,0.0,0.0,0.0,0.0,0.0,1941,0,0.3235,0.0,0.0,0.0,-1.0,-1.0
64275253,20260207,17.857142857142858,36.0,0.0047236899999999,0.0,0.0,0.0,0.0,0.0,29358,0,0.006165056698866023,0.0,0.0,0.0,-1.0,-1.0
64275363,20260207,1659.0334900000007,43.2,67.53984965,0.0,24.175472827692328,0.0,1632.8078,0.0,126053,0,0.019687783088120452,0.0,0.9841921877056258,0.0,-0.440382573433048,-1.0
64275616,20260207,1000.0,37.4,0.040250760000000003,0.0,30.24588852483779,0.0,1.21742,0.0,2249,0,0.28833333333333333,0.0,0.0012174199999999999,0.0,-0.1912864030792035,-1.0
64275625,20260207,1000.0,37.4,0.0367623399999999,0.0,15.191633612006237,0.0,0.5584799999999999,0.0,1157,0,0.2966666666666667,0.0,0.0005584799999999999,0.0,-0.5938065879142718,-1.0
64277034,20260207,21.53507,48.0,0.0150192099999998,0.0,0.0,0.0,0.0,0.0,93407,0,0.03147454257505813,0.0,0.0,0.0,-1.0,-1.0
64277064,20260207,1000.0,10.01,0.2871622799999993,0.0,3.543153369586014,0.0,1.01746,0.0,5193,0,0.012181562280084447,0.0,0.00101746,0.0,-0.6460386244169817,-1.0
64277259,20260207,6.227130000000001,48.0,0.004693449999999999,0.0,0.0,0.0,0.0,0.0,18015,0,0.006248699271592092,0.0,0.0,0.0,-1.0,-1.0
64277308,20260207,1000.0,10.01,0.0255705699999998,3.9512956676000006,3.227538533556375,13.997217787646736,0.08252999999999999,55.30716,1079,19,0.020093109869646183,0.0255599472990777,8.253e-05,0.05530716,-0.6775685780662962,0.3983234233362541
64277365,20260207,1000.0,8.4,0.3410022699999993,0.5665271101,2.546053432430235,62.351839865041846,0.8682099999999999,35.32407,3623,73,0.012219224283305227,0.0167185509947668,0.0008682099999999999,0.03532407,-0.6968984009011626,6.422838416265475
64277430,20260207,11.11111111111111,29.66,0.2584786599999994,0.0,13.298660709553381,0.0,3.4374199999999995,0.0,12110,0,0.007286840363439437,0.0,0.30936779999999997,0.0,-0.5516297805275326,-1.0
64277460,20260207,376.40849,52.58,3.022726399999999,0.0,19.713292608950656,0.0,59.58789000000001,0.0,12033,0,0.005504574565416286,0.0,0.15830644521328416,0.0,-0.625080018848409,-1.0
64277798,20260207,10.81081081081081,46.93,0.006884909999999999,0.0,1.2621806240023472,0.0,0.00869,0.0,1940,0,0.011672683513838749,0.0,0.000803825,0.0,-0.9731050367781302,-1.0
64277822,20260207,4.587155963302752,41.08,0.0077407199999999995,0.0,0.0,0.0,0.0,0.0,1250,0,0.5681818181818182,0.0,0.0,0.0,-1.0,-1.0
64278016,20260207,1000.0,8.39,0.0772066999999996,0.0,2.689921988635715,0.0,0.20768,0.0,1631,0,0.016954261954261956,0.0,0.00020768,0.0,-0.6793895126775071,-1.0
64278103,20260207,34.95034,1.0,8.63609402,24.905385389541337,0.4151228543479891,1.4033245549514135,3.58504,34.950340270996094,1317,9,0.004391463821273758,0.6923076923076923,0.1025752539174154,1.0,-0.5848771456520109,0.4033245549514137
64278221,20260207,131.12874,1.0,29.110290070000005,31.1755454337339,3.399350187237759,4.206140818799915,98.95607,131.1287384033203,22930,46,0.03133798004646713,0.1833234303822538,0.7546482182319452,1.0,2.399350187237759,3.2061408187999154
64278923,20260207,285.51958,1.0,41.16057128000001,3.4084424093,4.540073040502268,7.191182911566611,186.87199999999999,24.51074,14070,17,0.006094602789569436,0.0005211617063316,0.6544980207662114,0.0858460878422677,3.540073040502268,6.191182911566611
64279071,20260207,908.5176,1.0,363.02720205,182.5632491291001,2.3590500248024044,2.6127434511748384,856.3993300000001,476.99093620000014,34428,144,0.03479684657368102,0.0134616463364017,0.94263372553267,0.5250211417861774,1.3590500248024044,1.6127434511748384
64279494,20260207,2330.69918,1.0,45.67883813999999,8.1382177419,10.02593867638158,2.3891419752451424,457.97322999999994,19.44336,19741,19,0.0148943715104874,0.0008890973647047,0.1964960703337099,0.0083422862304934,9.02593867638158,1.3891419752451424
64279763,20260207,367.6441400000002,3.0,100.87297744000001,24.1504344916,3.445501152245952,4.502259215897741,347.55796,108.73152075999998,18790,159,0.0223610615256456,0.0146747414258947,0.945365156643051,0.2957520889093524,0.148500384081984,0.5007530719659137
64280314,20260207,148.10778000000005,1.0,8.279366869999999,52.69164744030992,2.70656686095129,2.810839615217726,22.40866,148.10777282714844,1579,40,0.004259509036957108,0.1854924146114077,0.1512996818938208,1.0,1.7065668609512898,1.8108396152177264
64280330,20260207,818.6775700000001,1.0,26.509144259999996,107.0709448641,3.460084908829117,2.29591737997734,91.72389,245.82604550000005,1318,45,0.002494794624266515,0.0078922699136186,0.11203909006570192,0.3002721219346924,2.460084908829117,1.2959173799773396
64281525,20260207,22.689660000000003,3.15,3.3950834399999987,0.6381649155000001,1.4608683667580202,4.219905724501201,4.959769999999999,2.693,3435,6,0.05252293577981652,0.007645875251509,0.21859164042123144,0.1186884192282108,-0.5362322645212634,0.3396525703942781
64282585,20260207,1000.0,75.77,0.9813882999999991,0.5897352383000001,13.241506954994279,91.54170372100737,12.99506,53.98546,69049,11,0.46781165311653117,0.0126924886116062,0.012995060000000001,0.05398546,-0.8252407687080074,0.208152405657843
64282626,20260207,24.252223120452708,2.1,11.260596589999999,4.813204994093471,1.0874530405320206,5.038683986986428,12.245370000000001,24.25222396850586,4456,9,0.0002377585811319144,0.6,0.5049174230000001,0.999999921353667,-0.48216521879427593,1.3993734360992902
64282700,20260207,1000.0,75.77,1.0443456899999999,0.0,41.684396667544064,0.0,43.532920000000004,0.0,5778,0,0.04410687022900763,0.0,0.04353292,0.0,-0.44985618757365625,-1.0
64283544,20260207,43.87046,90.0,0.38279185999999876,0.0,111.76436719422439,0.0,42.782489999999996,0.0,24992,0,0.05808040901696491,0.0,0.9752003968045923,0.0,0.2418263021580488,-1.0
64284543,20260207,50.53480999999999,39.0,1.0065213999999978,0.0,35.35973502401447,0.0,35.59033,0.0,22256,0,0.04059832178037213,0.0,0.7042735492623798,0.0,-0.09334012758937259,-1.0
64284846,20260207,48.1084,20.0,0.7217396999999988,0.2254837688,13.20391548365708,35.39369884038039,9.529789999999998,7.98074,17441,4,0.0561345349211458,0.0125,0.19808993855542895,0.1658907853764488,-0.33980422581714603,0.7696849420190194
64284892,20260207,39.037420000000026,39.0,0.3397447199999992,0.0,42.37252016749527,0.0,14.39584,0.0,56968,0,0.05185508829419261,0.0,0.36877027221573533,0.0,0.08647487608962223,-1.0
64284934,20260207,1000.0,28.6,0.1691272599999999,0.0,11.384149426887191,0.0,1.9253699999999998,0.0,29263,0,0.16895496535796767,0.0,0.0019253699999999998,0.0,-0.6019528172417066,-1.0
64285482,20260207,1000.0,15.05,0.3025239099999994,0.9752914663,4.0481758945929345,19.49554688157648,1.22467,19.01386,2872,7,0.005589723627870767,0.0042101213454842,0.00122467,0.01901386,-0.7310182129838583,0.2953851584386291
64285951,20260207,64.51612903225806,9.5,0.2308861099999996,0.0,2.757593343315459,0.0,0.6366899999999998,0.0,7739,0,0.018027020731423246,0.0,0.009868694999999997,0.0,-0.7097270164931095,-1.0
64286119,20260207,1000.0,86.31,0.5850025299999988,0.0,20.02481937984101,0.0,11.714569999999998,0.0,161608,0,0.03876979176662508,0.0,0.011714569999999999,0.0,-0.7679895796565751,-1.0
64287339,20260207,31.51393999999999,9.5,3.4181501899999986,0.2515860288,8.02072421516388,38.37232804110288,27.416040000000002,9.65398,1032,1,0.00018701072774717308,2.0275750202757505e-05,0.8699654819422773,0.3063399615285495,-0.15571324050906535,3.039192425379251
64287527,20260207,500.0,14.85,12.79967503,0.0,13.407891184562363,0.0,171.61665,0.0,84430,0,0.020606252898250067,0.0,0.34323329999999996,0.0,-0.0971117047432752,-1.0
64287886,20260207,31.746031746031747,2.66,18.354473369999997,7.832648684610799,1.2150552919950108,4.053038510054669,22.301699999999997,31.74603080749512,4361,11,0.0076055109870945235,0.8461538461538461,0.7025035499999999,0.99999993991852,-0.5432122962424771,0.5236986388250247
64287936,20260207,83.33333333333333,2.1,10.671996870000001,19.994492439374778,0.578496234135421,4.167814309931858,6.17371,83.33333587646484,2186,39,0.000713469760762427,0.527027027027027,0.07408452,1.0,-0.7245256027926567,0.9846735710500376
64288087,20260207,1712.0154800000005,942.48,2.094577309999999,0.0,567.8516874605122,0.0,1189.40926,0.0,118965,0,0.08652,0.0,0.6947421176355248,0.0,-0.3974920555762328,-1.0
64288096,20260207,63.048920000000045,2.59,30.43196622,9.725505762643843,0.9891733508897146,6.482841585171515,30.10249,63.048919677734304,14465,103,0.004192389067617309,0.6358024691358025,0.4774465605437806,0.9999999999999988,-0.6180797873012684,1.5030277220108526
64288123,20260207,1000.0,96.08,0.0197546899999999,0.0,0.0,0.0,0.0,0.0,3280,0,0.13279352226720648,0.0,0.0,0.0,-1.0,-1.0
64288346,20260207,1000.0,96.08,0.0739912399999992,0.0,34.341632874378476,0.0,2.5409800000000002,0.0,71858,0,0.013404592683791296,0.0,0.0025409800000000004,0.0,-0.6425725137970599,-1.0
64288373,20260207,93.75,72.0,0.10889775999999961,0.0113184096,35.616159597773304,8.424467650680297,3.8785199999999995,0.09536,7912,1,0.03192897497982244,0.0003174603174603,0.04137087999999999,0.0010171733333333,-0.505331116697593,-0.8829935048516625
64288469,20260207,1000.0,48.4,0.0222398099999995,0.0002251067999999,11.540566218866338,692.5930577939276,0.25666,0.1566,36100,1,0.10284900284900285,0.0002572016460905,0.00025666,0.0001566,-0.7615585491969765,13.30977347022616
64288538,20260207,1000.0,81.44,0.103964159999999,0.0,24.59693802171849,0.0,2.5572,0.0,1402072,0,0.15079934606780243,0.0,0.0025572,0.0,-0.6979747295957947,-1.0
64288593,20260207,6.666666666666667,42.48,0.0149318499999999,0.0,11.833764737792114,0.0,0.1767,0.0,1538,0,0.04090425531914894,0.0,0.026504999999999997,0.0,-0.7214273837619558,-1.0
64288685,20260207,1000.0,48.4,0.0020412599999999,0.0,5.839530486072614,0.0,0.01192,0.0,8469,0,0.0071197982345523325,0.0,1.192e-05,0.0,-0.8793485436761858,-1.0
64289306,20260207,1875.4841000000013,48.47,33.886855819999965,0.0,39.37990107693624,0.0,1334.46103,0.0,127531,0,0.014373577079999098,0.0,0.7115288420733608,0.0,-0.18754072463510948,-1.0
64290009,20260207,1000.0,81.44,0.22693637999999983,0.0,73.24299435815453,0.0,16.6215,0.0,3351,0,0.009110929853181076,0.0,0.0166215,0.0,-0.10065085513071544,-1.0
64290316,20260207,29.29814,46.01,2.8079208299999987,0.0,10.03276150061539,0.0,28.1712,0.0,168312,0,0.3561404993652137,0.0,0.9615354421816538,0.0,-0.7819438926186615,-1.0
64290705,20260207,1000.0,80.0,0.010007419999999899,0.0,60.744927263970744,0.0,0.6079,0.0,10077,0,0.007677714285714286,0.0,0.0006079,0.0,-0.2406884092003657,-1.0
64290708,20260207,1000.0,80.0,0.0028080099999999,0.0,21.381690236146643,0.0,0.060039999999999996,0.0,13154,0,0.013032795006440107,0.0,6.0039999999999994e-05,0.0,-0.7327288720481671,-1.0
64291686,20260207,149.58566000000005,14.0,0.3031502899999988,4.9037560970000005,1.991487456601154,19.7814639104666,0.6037199999999999,97.00349404,2018,63,0.001978043520878259,0.0026603626448743,0.00403594836563879,0.6484812260556799,-0.8577508959570604,0.4129617078904716
64292377,20260207,500.0,14.85,6.535399799999999,1.8095319539,11.858767997636505,15.039074304420712,77.50179,27.21370055,82898,9,0.0449921302578019,0.0013703945392148,0.15500358,0.0544274010999999,-0.2014297644689222,0.0127322503767015
64293134,20260207,37.5,7.5,0.42062227999999935,0.9048379732,2.63264703904891,8.207847163937789,1.1073499999999998,7.426780000000003,59369,32,0.010632365056055016,0.0004665743238317,0.029529333333333328,0.1980474666666667,-0.6489803947934786,0.0943796218583718
64294249,20260207,1000.0,16.12,0.0075479599999997,0.0,8.69241490415988,0.0,0.06561,0.0,10597,0,0.04617429193899782,0.0,6.561e-05,0.0,-0.46076830619355585,-1.0
64294584,20260207,1000.0,16.12,0.010801759999999801,0.0,16.105708699323372,0.0,0.17397,0.0,1943,0,0.018845780795344325,0.0,0.00017397000000000002,0.0,-0.0008865571139347728,-1.0
64295073,20260207,1000.0,46.11,0.5205999499999986,0.0,8.156877464164204,0.0,4.2464699999999995,0.0,42468,0,0.010845016471309277,0.0,0.00424647,0.0,-0.8230995995626935,-1.0
64295359,20260207,1000.0,16.12,0.0141792999999997,0.0,8.638649298625644,0.0,0.12249,0.0,13127,0,0.03294102885821832,0.0,0.00012249,0.0,-0.4641036415244638,-1.0
64296593,20260207,1000.0,150.25,0.0549204399999998,0.0,31.35608527535479,0.0,1.72209,0.0,11352,0,0.02329093147312269,0.0,0.00172209,0.0,-0.791307252743063,-1.0
64296663,20260207,1000.0,142.02,0.00066519,0.0,37.50808039808175,0.0,0.02495,0.0,5388,0,0.029883527454242928,0.0,2.495e-05,0.0,-0.7358957865224494,-1.0
64297425,20260207,16.129032258064516,30.0,0.06589823999999969,0.0,0.5097252976710783,0.0,0.03359,0.0,20530,0,0.01651117902525334,0.0,0.00208258,0.0,-0.9830091567442973,-1.0
64297686,20260207,72.98465,13.5,7.2654793999999985,0.0,5.7479813376113915,0.0,41.76184,0.0,7319,0,0.011315708101422387,0.0,0.5722003188341658,0.0,-0.5742236046213784,-1.0
64297824,20260207,1000.0,33.0,0.00205724,0.0,14.995819641850245,0.0,0.03085,0.0,1078,0,0.006382474837181764,0.0,3.085e-05,0.0,-0.545581222974235,-1.0
64297828,20260207,1000.0,33.0,3.462e-05,0.0,0.0,0.0,0.0,0.0,1020,0,0.007981220657276996,0.0,0.0,0.0,-1.0,-1.0
64297900,20260207,1000.0,33.75,0.0617128899999995,0.0,38.60765554813621,0.0,2.38259,0.0,11004,0,0.03144,0.0,0.00238259,0.0,0.14393053475959133,-1.0
64298103,20260207,1000.0,142.02,0.0007886299999999,0.0,0.0,0.0,0.0,0.0,1761,0,0.012696467195385724,0.0,0.0,0.0,-1.0,-1.0
64298522,20260207,1000.0,18.66,0.3327590199999992,0.0,16.21981576938174,0.0,5.39729,0.0,28618,0,0.026962502355379687,0.0,0.00539729,0.0,-0.13077085908993896,-1.0
64298582,20260207,300.0,1.65,53.73150039,96.20096562608089,0.9656210904852419,3.118471783823712,51.88427,299.99999999999983,6656,153,0.010524984187223276,0.751742026568086,0.17294756666666666,0.9999999999999994,-0.4147750966756109,0.8899829265966158
64300236,20260207,1000.0,69.46,0.0026122100000000002,0.0,22.080919987290454,0.0,0.05768,0.0,8585,0,0.01765734265734266,0.0,5.7680000000000003e-05,0.0,-0.6821059604478771,-1.0
64300269,20260207,3.38267,15.0,0.0333015799999996,0.0,101.57686211885564,0.0,3.38267,0.0,3055,0,0.006665939341042985,0.0,1.0,0.0,5.7717908079237095,-1.0
64300626,20260207,124.2748,33.41,3.2618417499999994,0.0,37.82700678228796,0.0,123.38571,0.0,96612,0,0.05384683981718872,0.0,0.992845774042686,0.0,0.13220612937108542,-1.0
64301193,20260207,1000.0,3.42,9.928241279999998,88.33639934169997,1.860995263805676,4.635152563792148,18.476409999999998,409.45269252000014,115018,1325,0.030119674234687196,0.0276056699408182,0.01847641,0.4094526925200001,-0.4558493380685158,0.3553077369562495
64302336,20260207,336.33232000000004,1.51,504.9833824899996,90.30147490792264,0.6660265103013773,3.724549377810281,336.33232000000004,336.3323059082033,26034,91,0.010646111065674327,0.5619846238569338,1.0,1.0000000000000009,-0.5589228408600151,1.4665890075056334
64303588,20260207,1000.0,31.0,0.016442449999999803,0.0,20.38017448737894,0.0,0.33509999999999984,0.0,1900,0,0.014492753623188406,0.0,0.00033509999999999985,0.0,-0.3425750165361632,-1.0
64305805,20260207,1000.0,182.33,0.00023547,0.0,97.12489913789443,0.0,0.02287,0.0,2240,0,0.0010689572894297303,0.0,2.2870000000000003e-05,0.0,-0.46731256985743197,-1.0
64306710,20260207,1000.0,121.55,0.0146294599999999,0.0,29.9888034144803,0.0,0.43872,0.0,2496,0,0.003601211946328091,0.0,0.00043872,0.0,-0.7532801035419144,-1.0
64308626,20260207,1000.0,56.21,0.027933749999999702,0.0,4.5801226115362725,0.0,0.12794,0.0,1425,0,0.008352872215709262,0.0,0.00012794,0.0,-0.9185176550162556,-1.0
64310320,20260207,10.869565217391305,50.4,0.07476015999999999,0.0909834541456044,0.8957979758202765,119.46617817452636,0.06697,10.8695650100708,2982,1,0.041359223300970874,0.1428571428571428,0.00616124,0.9999999403953552,-0.9822262306384865,1.3703606063024427
64310659,20260207,11.363636363636363,36.0,0.44079624999999767,0.0,5.492061241446614,0.0,2.4208799999999995,0.0,55028,0,0.03378023327194598,0.0,0.21303743999999997,0.0,-0.8474427432931496,-1.0
64312120,20260207,22.371364653243848,20.0,0.0240902799999997,0.0,7.66035097973134,0.0,0.18454,0.0,1194,0,0.02417004048582996,0.0,0.008248938,0.0,-0.616982451013433,-1.0
64312289,20260207,16.666666666666668,7.15,0.03751136,0.1844362708989518,0.0,90.36495687476857,0.0,16.66666603088379,2427,4,0.006325254104769351,0.1538461538461538,0.0,0.9999998855590908,-1.0,11.638455338387628
64312520,20260207,500.0,1.87,14.819218549999997,124.02051499678892,0.8621905370307129,4.031591031381818,12.77699,499.9999999999996,2305,183,0.0003892529046203729,0.75,0.02555398,0.9999999999999992,-0.5389355416948061,1.1559310273270254
64313364,20260207,28.82184,14.0,0.8467107599999993,0.0206336015,6.343606640832111,19.670358063372337,5.3712,0.40589,2769,3,0.006105843439911797,0.0013509349446849,0.18635867800251474,0.0140827223073922,-0.5468852399405635,0.4050255759551669
64313400,20260207,500.0,1.05,21.488906529999998,188.74981166873707,0.4705595413095223,2.6490092516145647,10.111809999999998,500.00000000000045,2270,238,0.0035810064678971445,0.6890797381071394,0.020223619999999998,1.0000000000000009,-0.5518480558956931,1.522866068489708
64313710,20260207,3.56287,14.0,0.10209126999999911,0.0,0.2856267729846073,0.0,0.02916,0.0,6444,0,0.07128318584070796,0.0,0.008184413127619024,0.0,-0.9795980876439566,-1.0
64313873,20260207,37.76841,14.5,0.058672329999999696,0.0,2.781208791264994,0.0,0.16318,0.0,2457,0,0.03540345821325649,0.0,0.00432054195556551,0.0,-0.8081924971541383,-1.0
64315646,20260207,1000.0,8.39,5.908616819999999,15.513314079100002,2.321692270442408,15.158050797073232,13.717989999999999,235.151618,5380,134,0.0016883198393271826,0.0526377189872906,0.01371799,0.2351516179999999,-0.7232786328435746,0.8066805931822022
64316387,20260207,1000.0,79.04,0.7306345299999994,0.0,6.388488099515367,0.0,4.66765,0.0,11747,0,0.022097441685477802,0.0,0.00466765,0.0,-0.9191739865952002,-1.0
64316397,20260207,8.95743,14.5,0.2817284699999998,0.011433881572061,21.47298070372513,783.3426021437779,6.04955,8.957429885864258,1110,1,0.008460365853658537,0.0227272727272727,0.6753667067451267,0.9999998807907104,0.4808952209465608,53.02362773405365
64319351,20260207,6.45712,1.3,3.6792115499999998,2.018171713293269,1.5482773748087413,3.199488279263597,5.69644,6.457119941711426,2480,1,0.005968712394705174,1.0,0.8821951582129495,0.9999998807907104,0.19098259600672401,1.4611449204770244
64319847,20260207,10000.0,268.0,40.71449001999993,0.3254201765,65.25707969557921,456.32906130188496,2656.9087199999994,148.49914,2577175,10,0.22335635790057548,4.071593260800544e-05,0.26569087199999997,0.014849914,-0.7565034339717194,0.7027203779921081
64321572,20260207,4933.305690000001,1.0,4041.43899848,2501.1384563863994,0.7567647541260137,1.1275609875444457,3058.41859,2820.186148996,107475,1331,0.10128640090472152,0.0929921242569685,0.6199531880214785,0.5716625607734228,-0.24323524587398626,0.1275609875444456
64321933,20260207,50.13335000000003,26.93,1.425379699999999,0.0,33.43966523446351,0.0,47.66422,0.0,66805,0,0.04123001913225946,0.0,0.950748753075547,0.0,0.24172540788947314,-1.0
64322228,20260207,70.37037037037037,27.0,1.58311936,0.0,12.335380700543007,0.0,19.52838,0.0,80365,0,0.0852588584765542,0.0,0.27750855789473683,0.0,-0.5431340481280368,-1.0
64322287,20260207,72.20216606498195,3.4,22.97907131,13.170728054193829,1.7013389911448082,5.482017236798175,39.09519,72.20216369628909,29656,29,0.0036958201440642057,0.935483870967742,0.5414683815,1.0000000000000004,-0.4996061790750564,0.6123579655975696
64324670,20260207,1000.0,8.39,4.789910639999999,13.132488701899998,2.115461176954233,15.339708964009665,10.13287,201.44857,5060,107,0.0012384052473139334,0.0066059669179801,0.01013287,0.20144857,-0.7478592160960391,0.8283323404411884
64325123,20260207,146.2962962962963,27.0,0.00340678,0.0,19.85746071070043,0.0,0.06765,0.0,1045,0,0.06741935483870967,0.0,0.0004624177215189873,0.0,-0.2645384921962804,-1.0
64325724,20260207,1000.0,67.37,0.04887855,0.3200927982,38.91686639640497,129.66361808130776,1.9022000000000001,41.50452,3509,1,0.816046511627907,0.0185185185185185,0.0019022000000000002,0.0415045199999999,-0.42234130330406755,0.9246491434629808
64325857,20260207,1000.0,58.15,0.4888900399999988,0.0218617282,9.944240222198045,83.04544535297293,4.8616399999999995,1.8156000000000003,32356,8,0.03378863826232247,0.0079526609377355,0.0048616399999999995,0.0018156,-0.8289898500051927,0.4281245601690076
64326105,20260207,27.51538,48.47,2.9213346499999995,0.0014544208,8.051806046938172,42.7848770609847,23.52202,0.06227,121481,1,0.09831741663968922,0.0004761904761904,0.8548680774170664,0.0022630977198437,-0.8338806262236813,-0.1172916033946812
64326658,20260207,1000.0,76.48,0.09384180999999919,0.0,2.29631120712614,0.0,0.21549000000000001,0.0,3056,0,0.020373333333333334,0.0,0.00021549,0.0,-0.9699750103670746,-1.0
64327104,20260207,4.464285714285714,66.55,0.39735206999999895,0.0455057360552259,0.05284985680331313,98.10164906371548,0.021,4.464285850524902,41588,2,0.7534057971014493,0.0185185185185185,0.004704,0.9999997863770052,-0.9992058624071627,0.4741043510909994
64328400,20260207,1000.0,300.0,1.0646864999999983,0.0,289.89371988843715,0.0,308.64593,0.0,8998,0,0.007311880383552739,0.0,0.30864593,0.0,-0.033687600371876174,-1.0
64329429,20260207,29.27974,2.6,9.278404769999998,1.0263485915,2.9739972208606296,6.488042724572956,27.593950000000003,6.658999999999999,45730,34,0.1421510724277277,0.027589264063405,0.9424246936618974,0.2274268728905713,0.14384508494639595,1.4954011394434434
64329733,20260207,9.54238,30.63,0.07121741000000001,0.3864321438,6.223759049928942,10.375222892565978,0.44324,4.00933,2133,1,0.02669586983729662,0.000365363536719,0.046449627870615094,0.420160322625264,-0.7968083888367959,-0.6612725048371725
64329848,20260207,3.886010362694301,2.17,0.1599893299999996,0.1942670953260892,2.891755343934506,20.00333818004761,0.46265,3.886010408401489,7868,8,0.03297569153394803,0.1836084905660377,0.11905526666666666,0.9999997545878724,0.3326061492785743,8.218127869474777
64330332,20260207,2.2222222222222223,39.44,0.0206249999999999,0.0,0.0,0.0,0.0,0.0,8855,0,0.7767543859649123,0.0,0.0,0.0,-1.0,-1.0
64330383,20260207,3.83043,48.47,0.20456177999999892,0.0777783490541279,14.937003383525585,49.24739120864969,3.05554,3.830430030822754,405234,1,0.36259305654974944,0.1428571428571428,0.7977015635320317,0.9999997615814208,-0.6918299281302747,0.0160385799126927
64331321,20260207,1000.0,46.01,0.0516835,0.0,1.4453355519653275,0.0,0.0747,0.0,1305,0,0.03625,0.0,7.47e-05,0.0,-0.9685864909375065,-1.0
64331689,20260207,16.34884,2.54,5.623942929999998,0.9338941674,1.6838079827385455,7.246295126293849,9.469640000000002,6.76728,67274,10,0.38245594087549745,0.0229021449360432,0.5792239694070039,0.4139302186057939,-0.3370834713627774,1.852872139811923
64331738,20260207,9.726480000000002,39.44,1.047348069999999,0.0,9.28676939271966,0.0,9.72648,0.0,1593,0,0.008144171779141104,0.0,0.9999999999999998,0.0,-0.7645342446064994,-1.0
64332826,20260207,1000.0,55.94,0.4100570199999973,0.0,10.292446645590967,0.0,4.22049,0.0,97061,0,0.01457131704973653,0.0,0.0042204899999999995,0.0,-0.8160091768753849,-1.0
64332866,20260207,128.2051282051282,23.0,2.8191928399999986,0.0,16.53453404769573,0.0,46.614039999999996,0.0,29765,0,0.007353195484078164,0.0,0.36358951199999995,0.0,-0.281107215317577,-1.0
64333168,20260207,1000.0,11.98,0.4383652399999971,6.2317495979,0.9315747754087498,92.35125523058284,0.40837,575.5099900000001,22439,2388,0.001033774227283826,0.0235425899892696,0.00040837,0.5755099900000001,-0.922239167328151,6.708786206960362
64333572,20260207,45.45454545454545,1.87,1.1935525299999994,1.05565023,1.2449473003086013,10.879212085984122,1.48591,11.48465362,43109,22,0.092767376802238,0.0189995680164415,0.03269002,0.2526623873506441,-0.33425278058363567,4.817760458953411
64333829,20260207,1000.0,32.4,0.1015229899999997,0.0,13.938714767955553,0.0,1.4150999999999998,0.0,1273,0,0.09571428571428571,0.0,0.0014150999999999999,0.0,-0.5697927540754459,-1.0
64333955,20260207,1000.0,3.52,5.891019679999999,21.49288720199999,2.1134218991439533,5.579787246966672,12.450210000000002,119.92574349,49397,396,0.01920642326684552,0.0166651012899955,0.012450210000000001,0.1199257434899999,-0.3995960513795587,0.5851668401140141
64334266,20260207,3.18025,48.0,0.014133299999999701,0.0,14.89673324701269,0.0,0.21054,0.0,1242,0,0.011930835734870316,0.0,0.06620234258313026,0.0,-0.6896513906872356,-1.0
64334450,20260207,1000.0,17.05,0.16154832999999869,0.0,8.248058026969456,0.0,1.3324599999999998,0.0,15108,0,0.026720905553590378,0.0,0.0013324599999999997,0.0,-0.5162429309695333,-1.0
64334757,20260207,1000.0,9.5,0.01185847,21.0544567664,0.0,30.19203470518498,0.0,635.6769195820002,11534,830,0.0010162025004184984,0.010740209225689,0.0,0.6356769195820002,-1.0,2.178108916335261
64335030,20260207,23.05754,41.08,1.5679240899999989,0.0008534274,13.845581006412125,52.86581399426095,21.70882,0.0451699999999999,80306,1,0.13417878028404345,0.0008680555555555,0.9415063358883905,0.001959011868265,-0.6629605402528694,0.2868990174751331
64335100,20260207,1000.0,9.0,0.10060932999999989,38.38795369638838,4.072584520739781,26.04983797415188,0.40974,1000.0,26057,1127,0.0017954371627999918,0.0231695582079655,0.00040974,1.0,-0.547490608806691,1.8944264415724312
64335156,20260207,294.11764705882354,2.39,4.105828419999999,9.870435285177464,0.6907448899191946,29.797836363662213,2.83608,294.11764526367193,6434,25,0.0027916865535644554,0.3636084656084656,0.009642672,1.0000000000000002,-0.71098540170745,11.467713412446454
64335303,20260207,1000.0,5.55,0.0630221699999996,30.4466449551,0.2705397164204296,11.293633204231565,0.01705,343.853251716,4310,184,0.03489878542510121,0.0956142800694632,1.7049999999999998e-05,0.343853251716,-0.9512541051494721,1.034888795695014
64337049,20260207,377.0536200000001,1.68,643.2280633900001,125.7151516125509,0.5572734313096401,2.999269471889597,358.45391000000006,377.0536193847656,29053,107,0.01457971596326592,0.7941130604288499,0.950670915187076,1.0,-0.6682896242204522,0.785279503292401
64337173,20260207,1000.0,50.0,0.0091939599999998,0.0,21.06274119095626,0.0,0.19365,0.0,4589,0,0.09911447084233262,0.0,0.00019365,0.0,-0.5787451761808748,-1.0
64337334,20260207,10.416666666666666,41.08,0.0392302699999997,0.0475113883999999,4.800884623022005,32.76050841510632,0.18834,1.55653,7363,1,0.44896341463414635,0.0017241379310344,0.018080640000000002,0.1494268617594162,-0.8831332857102725,-0.2025193048959211
64337357,20260207,53.10449999999998,41.77,8.366232929999999,1.9230926302,3.2647465386790278,9.02059563173525,27.313629999999996,17.347450000000002,188396,3,0.05297230423168846,9.460521138792507e-05,0.5143373913698464,0.3266662911771015,-0.9218399200699299,-0.7840412848245824
64337490,20260207,40.0,93.96,0.032838479999999406,0.0382762016,12.221333021504261,22.43763817885788,0.40132999999999996,0.8588500000000001,12989,1,0.13544316996871741,0.0052083333333333,0.010033249999999999,0.02147125,-0.8699304701840755,-0.7612001021978957
64337926,20260207,182.01762,1.0,58.044686819999995,56.241693903386114,2.293833204973437,3.2363467035273965,133.14483,182.0176239013672,9463,69,0.00877097043284827,0.3253065427722962,0.7314941817171328,1.0000000000000002,1.2938332049734371,2.2363467035273965
64339571,20260207,192.88928000000004,1.0,22.06659899,22.5210708018,8.037718004499794,5.2968679310576,177.36509999999998,119.291143,28596,55,0.025937414965986394,0.0335217902392699,0.9195176631899914,0.6184436046575355,7.037718004499794,4.2968679310576
64340004,20260207,1000.0,46.01,0.0509443099999997,0.0746775554,16.1197590074339,99.40336901589288,0.82121,7.423300000000001,9731,1,0.2756657223796034,0.0028248587570621,0.00082121,0.0074233,-0.6496466201383634,1.1604732154352413
64340433,20260207,6.666666666666667,42.48,0.0154323599999996,0.0,0.0,0.0,0.0,0.0,1610,0,0.006948640483383686,0.0,0.0,0.0,-1.0,-1.0
64340578,20260207,170.38144000000003,1.0,62.611087510000004,48.19911379092481,2.638711873094568,3.534949551419245,165.21262000000002,170.38143920898435,18598,46,0.016979822879576372,0.3511450381679389,0.9696632450107241,0.9999999999999998,1.638711873094568,2.534949551419245
64340747,20260207,166.66666666666666,3.51,123.33174859,14.361487650115672,0.5481618542906285,11.605111128336066,67.60576,166.6666717529295,8121770,540,0.12690245796490943,0.6593406593406593,0.40563456000000003,0.9999999999999988,-0.8438285315411315,2.3062994757456967
64340988,20260207,299.78013000000004,3.51,103.91702236,53.1329214166,0.8185853296037418,1.0853326031617545,85.06495000000001,57.666893,66715,84,0.1213,0.0123968872252075,0.28375779942453155,0.1923639660847616,-0.7667848063807003,-0.690788431307514
64341120,20260207,465.08062,1.0,6.480922269999999,0.075030638,71.76148711933249,4.115997041141498,465.08061999999995,0.30883,2575,1,0.009272596326971552,0.0011904761904761,0.9999999999999999,0.000664035398978,70.76148711933249,3.1159970411414983
64341465,20260207,4.30407,13.0,0.716388269999999,0.0,6.008012945270595,0.0,4.30407,0.0,1314,0,0.009977220956719818,0.0,1.0,0.0,-0.5378451580561081,-1.0
64343041,20260207,1000.0,8.01,0.38945017999999954,0.0,10.776628733359438,0.0,4.19696,0.0,8214,0,0.01154949381327334,0.0,0.00419696,0.0,0.3453968456129136,-1.0
64343632,20260207,1016.6666666666666,1.8,36.63088083999999,64.84395022209999,0.6298278793996921,2.4052025988639176,23.071150000000003,155.96284,3502,72,0.005900589721988206,0.0748984826468257,0.02269293442622951,0.1534060690612579,-0.6500956225557266,0.3362237014333494
64344108,20260207,51.07379,1.26,53.05406530999997,13.244647398692797,0.9595707643237722,3.8561832648533785,50.90913,51.07379150390626,9039,31,0.009559010152284265,0.8378378378378378,0.9967760371807143,1.0000000000000002,-0.23843590133033954,2.060462931777958
64345690,20260207,1000.0,10.57,1.6606583499999985,0.0,2.7788798340128205,0.0,4.61477,0.0,2239,0,0.003711254765456655,0.0,0.00461477,0.0,-0.7370974613043689,-1.0
64347079,20260207,45.45454545454545,16.0,0.5146366499999981,0.0004942784,3.5692366643533964,19.120559265253643,1.8368599999999997,0.00947,24720,1,0.022186322024771138,8.520790729379687e-05,0.040410919999999996,0.000208340006358,-0.7769227084779127,0.1950349540783527
64347573,20260207,1000.0,29.98,0.0034014999999999003,0.0,13.305894458327598,0.0,0.04526,0.0,1230,0,0.008161911081619112,0.0,4.5260000000000004e-05,0.0,-0.5561743009230288,-1.0
64348023,20260207,83.33333333333333,2.0,3.6624313799999992,7.7881790486,1.3603504019780435,3.5324091410733853,4.982189999999999,27.511038396000004,5329,48,0.053611670020120725,0.0615888615888615,0.05978628,0.3301324506771572,-0.31982479901097827,0.7662045705366927
64349849,20260207,82.42704000000005,2.5,55.3961432,21.749036254385995,1.3588158967716728,3.7899167276232006,75.27316,82.42704010009766,5391,28,0.013948253557567918,0.3377061787003172,0.9132095487111992,1.0,-0.4564736412913309,0.5159666910492803
64350561,20260207,1000.0,1.0,150.19925780000005,210.8925166606737,0.5822726508838978,4.741751917481499,87.45692,1000.0000000000005,2474552,2913,0.0637802366610736,0.8573626459844491,0.08745692,1.0000000000000004,-0.4177273491161022,3.7417519174814986
64354510,20260207,1000.0,4.75,0.7790191499999997,0.0,0.8858447189648679,0.0,0.69009,0.0,2625,0,0.0030544565976262507,0.0,0.00069009,0.0,-0.8135063749547647,-1.0
64354560,20260207,1000.0,10.0,2.4120214999999985,2.9092494961999997,5.05597897862851,110.44491714264232,12.195129999999999,321.31193,29162,24,0.001261534069033539,0.0001490645975215,0.012195129999999998,0.3213119299999999,-0.49440210213714897,10.04449171426423
64354939,20260207,475.21125,850.0,0.9187315999999973,0.0,515.0582716432104,0.0,473.20030999999994,0.0,30699,0,0.056588018433179725,0.0,0.9957683240874452,0.0,-0.39404909218445827,-1.0
64355215,20260207,1000.0,75.47,0.0034155599999999,0.0,42.1804916324129,0.0,0.14407,0.0,6490,0,0.4702898550724638,0.0,0.00014407,0.0,-0.44109591052851593,-1.0
64355482,20260207,71.01867,52.0,1.769471429999998,0.0922768165999999,25.128085848778046,24.960061744677216,44.46343,2.30326,5344558,7,0.031197839261510298,4.998621121091119e-06,0.626080860145649,0.0324317539073448,-0.5167675798311915,-0.5199988126023612
64355555,20260207,26.31578947368421,3.26,1.0140940999999992,0.3333867534,1.1852055938398622,4.499947537665012,1.2019099999999998,1.5002274,1608,4,0.028817204301075268,0.0293650793650793,0.04567258,0.0570086355457621,-0.6364400018896127,0.3803520094567713
64355932,20260207,1000.0,59.08,0.5550062099999994,0.0,5.675954508689197,0.0,3.1501900000000003,0.0,17561,0,0.1356061776061776,0.0,0.00315019,0.0,-0.9039276488035004,-1.0
64356924,20260207,289.6551724137931,1.4,93.63447074000001,98.26200061965189,0.6825761868988377,2.947784261569897,63.91266,289.6551818847655,8551,70,0.006604618830617131,0.9772727272727272,0.22065085000000004,0.9999999999999996,-0.5124455807865445,1.1055602226931174
64359341,20260207,1000.0,65.73,0.0042773199999998,0.0,0.0,0.0,0.0,0.0,27012,0,0.04992053224912216,0.0,0.0,0.0,-1.0,-1.0
64364407,20260207,62.5,2.0,4.538046429999998,1.5490850818,0.8006550959858737,2.986134892274648,3.6334099999999996,4.62578,1243,8,0.002587965854674162,0.029074074074074,0.058134559999999995,0.0740124799999999,-0.5996724520070631,0.4930674461373241
64365263,20260207,41.66666666666666,2.8,7.127283669999999,2.5433650435085493,0.5786566370803649,16.382489671346576,4.12425,41.66666793823242,2368,9,0.032438356164383564,0.1162337662337662,0.09898200000000003,1.0,-0.7933369153284411,4.850889267978113
